"GC_percentage","GA","GT","CpG","TA","phyloP_max_241w","phyloP_max_100w","RPKM_tissue","RPKM_primary.cell","copy_number","repeat_distance","Interaction_ave","MFE","SNP_density","MAF_avg","fickett","GERP_91_mammals_max","GERP_63_amniotes_max","lowComplexity_density","Max_covariance","coding_potential","methylome","H3K9ac_MaxScaledSignal","H3K79me2_MaxScaledSignal","chrm_acc_MaxScaledSignal","H3K79me1_MaxScaledSignal","Random","T","C","G","MaxEnt_splicing","Dataset"
1.77053824362606,-0.233477570588052,0.578134936694224,0.839931889159534,-1.15626987338845,3.11705451857532,2.20437874040861,2.12997081939977,12.5837828260559,-0.674490759476595,4.50983037218665,0.217866484255715,-0.686643746133831,0.246368363799332,0.690891750588488,-1.95215792592352,1.45769065234869,1.47004396296181,0,0.442504717972838,0,-0.208940434593318,1.24437645709176,0,26.4365077605604,0,-0.0755387751773155,-1.72649207216053,1.09737409693589,1.89893395192513,0.689406345585586,"protein-coding-exon3"
0.75880210441117,2.07535618300491,-0.9876471835193,1.65441129682938,0.192711645564741,3.18657439948628,5.8187856248003,41.2386016978234,142.226947013214,-0.674490759476595,2.05139237522729,-1.02068955637609,1.06338633250815,-0.0836787066400923,-0.672440635587609,0.257427418803102,1.79123003890305,2.26559716644702,0,3.08039375856444,240.49498269186,0.517146141442451,0.801617462657427,9.75390000803652,-0.674490759476595,16.045442401214,0.993203959704725,-0.254490760198556,1.74035270037787,-0.461813492974975,-1.05958291986155,"protein-coding-exon3"
1.26467017401862,0.752316616339279,-0.0240889556955927,1.39988648193256,-3.81569058218188,3.13135293379814,4.71920190322532,5.71542169872273,14.2549091853561,0.674490759476595,0.271853574080981,0.543173974445754,0.0789944132720337,1.0249920421314,18.6930296197799,-0.381696060162257,0.790611879239965,-0.957690405282473,0,0.898859348871274,0,0.283045017919181,0,0,16.5045345786946,0,-1.17079058422825,-0.761306401785459,0.26955838817883,1.82273098096651,-0.270268537718277,"protein-coding-exon3"
0.421556724672872,2.12724008758003,-3.80605499990364,0.699943240966278,-0.905744734154285,3.09733256654384,4.56807428272449,24.5183307655352,24.2514662623749,0,-0.274792531638613,-0.714283724637456,-0.0911473999292696,1.31241305878095,-0.61708729058497,0.342076975436554,1.24768437192557,NA,0,1.30673928453012,183.781441090315,0.359771912843732,0.517441583892505,3.34443830824169,4.76963523527674,3.02693097279698,0.308319064763731,-1.08461982831504,-0.334804693720601,1.18617340459677,0.00162416601762799,"protein-coding-exon3"
1.26467017401862,1.08956199607758,0,0.559954592773022,-3.79641941762541,3.19939366830674,3.71639941645382,36.8248288331783,55.9928000628182,-0.674490759476595,0.972794951576266,0.21488201186865,-0.255212719801955,0.109259583583812,46.6854212000031,0.316952677805621,2.28536246342802,0.501544410892853,0,0.297946251811915,160.32998846124,0.625452111274046,0.130484260183419,0,1.77121836154663,5.54724653667609,-0.192049782010807,-0.500859474858857,0.893584602884079,1.19659656958996,1.27986593374841,"protein-coding-exon3"
1.68622689869149,-0.181593666012929,0.337245379738298,1.51442264863613,1.50315083540498,3.16537330105244,5.31775661693302,31.1212403056745,40.6707860938126,-0.674490759476595,3.17113520468517,-1.37783141869481,-0.844632572677899,3.34082843849612,6.24672748974221,0.029182838017469,3.39098376330266,-0.0518839045751226,0,1.76811450886408,0,0.368825639067925,0.427506444426615,0,8.36206633903005,0,-0.634565998836211,-1.29403875231714,0.920971333310014,1.91105715185036,-0.692053031691535,"protein-coding-exon3"
1.77053824362606,0.155651713725368,0.216800601260334,0.649038277986912,0.0963558227823708,2.79706584686456,2.86025772396146,33.7837038299242,4.58049694868434,-0.674490759476595,5.93522478763827,-0.921207143473934,-2.4670562914189,0.235262775500341,-0.24806499056738,-1.00265273930217,1.24150771661901,1.38357078866994,0,0.76001397179216,0,-0.369188072378313,1.04281597393944,1.56023940156969,12.2852336665675,0,-0.5186995895509,-1.64823377456255,1.8869087172518,1.08222346182686,-0.292752952144291,"protein-coding-exon3"
-0.505868069607446,0.57072295032635,0.240889556955927,0.814479407669851,-0.404694455685957,3.26299696360826,5.69818131681441,10.2238599331189,24.3320024724617,-0.674490759476595,-0.861114564386241,-0.44966050631773,-0.346360119731225,-0.910540235446758,-0.215263008343594,-0.729570950436719,1.33415754621744,2.80173084705663,0,0.999617465404995,500.208061234481,0.799848861235155,0,0,-0.674490759476595,0,0.309849983940658,0.464590340472519,-0.607491535461603,-0.142780132034796,1.87713405923634,"protein-coding-exon3"
-0.252934034803723,1.68622689869149,-2.07165018982097,0.80175316692501,-1.05991405060608,3.24968464598702,5.01996820215307,22.8261872812342,-0.241608630260273,-0.674490759476595,2.68767668645467,-1.5389929275963,0.376742586374314,-0.692007956604637,-0.676540883365582,0.276947065424058,2.14329939137709,1.18468248779864,6.045445373943,1.94816337689685,335.846304412941,0.218918010432226,0,0,-0.383248945249767,0,0.899173292364002,-1.54264718256527,-1.59176118326958,1.27216451579058,1.08328388899219,"protein-coding-exon3"
0.337245379738298,-0.285361475163175,1.58987107590912,0.419965944579767,-0.905744734154285,3.25954562200276,4.96338840334488,142.471381475407,416.271535885929,0.674490759476595,-0.395289791501534,1.13310468295552,-0.0789944132720337,-0.781993378677804,-0.180410902230822,1.04420446230718,1.70475686461117,NA,1.04935319810952,0.306083075655704,219.26100266095,0.595156950446936,0.41124479187101,7.28526400873403,-0.340974135760302,9.99658840329974,0.533444758465512,-0.462558456193182,-0.231687820793346,0.832092358504619,1.02344365993378,"protein-coding-exon3"
0.674490759476595,0.466955141176104,-0.409512246825075,0.279977296386511,1.1177275442755,3.23982366997128,6.05776082766121,581.789696147829,2061.83771550987,1.34898151895319,0.218952338043601,0.175089046707789,-0.139759346558213,-0.500800407414341,-0.668340387809635,0.623469108903008,1.62446034562587,1.4095127409575,0,0.252414663069013,210.256719989614,0.649346652462806,7.07836932411936,16.3089617065195,10.8653201230425,11.7224633547726,-0.777022056983938,-0.1753008162006,0.0839643846673579,1.07379865701395,2.56863212096585,"protein-coding-exon3"
1.01173613921489,-2.20506594444271,0.289067468347112,0.0127262407448417,-0.0578134936694225,3.22552525474845,5.48228471609895,14.7204649962962,42.7244594510249,-0.674490759476595,0.392350833943902,0.188021760385069,-0.109376879915124,-0.314549071183926,-0.574034688916251,0.824076962294614,1.32798089091088,1.21927175751538,0,1.32214731265985,213.011761702486,0.168364485746062,0.706319778234393,7.42841460140867,8.05765791586981,0,-0.47728419708035,-0.0273196077195703,1.2222253679953,0.53709449365729,1.12238994248417,"protein-coding-exon3"
0.505868069607446,1.11550394836514,-0.144533734173556,-0.699943240966278,-1.38752384806614,3.24179586517442,3.72979989511892,24.0805034304363,70.4691838259129,0.674490759476595,-0.504031221133926,0.135296081546928,-1.11199827913709,-0.528492263952084,-0.666290263920649,1.39652442062403,1.81593666012929,0.328598062309111,0,1.30864364755739,174.306785443611,0.722015715618114,0.229397312010421,8.81743192822801,3.12925344774112,4.72357093145519,-0.725615402516602,-0.728522872521967,-0.273511447575025,1.15009321808189,-1.57022200051343,"protein-coding-exon3"
1.60191555375691,0.38912928431342,-1.95120541134301,1.53987513012581,-0.0770846582258967,2.78769791964961,5.81059644339385,59.8521800251337,-0.422815102955478,-0.674490759476595,0.348266470579418,-2.03441534384902,-2.19361409163109,0.734555340347523,2.79431886068875,0.271728942069941,1.32798089091088,0.864731742918712,0,1.59499059729412,263.072885509537,0.599300060642152,1.88115116795766,0,24.4189910635732,0,0.804336878088055,-1.13002901743435,1.31838664055829,1.39697898872868,1.11724626272397,"protein-coding-exon3"
0.843113449345744,0.233477570588052,1.18035882908404,-0.139988648193255,-2.48598022778517,3.2541220851941,5.78528442813755,137.690780302977,643.826597486062,-0.674490759476595,0.00881687267289667,-0.292478293932328,-0.443584012989112,-1.01979981903057,0.440776636132121,0.626947857805753,2.20506594444271,2.02347227842979,0,0.65181152706093,210.928681382998,0.74802089784972,0.193112624656797,0,5.59293427217377,0,1.22678999622636,-0.761306401785459,0.931241357219743,0.592052999985012,2.47215579924424,"protein-coding-exon3"
1.01173613921489,1.21927175751538,-2.24027287969012,1.50169640789129,-0.597406101250699,3.11113793296587,5.75103876043786,15.3831225845539,24.31186841994,-0.674490759476595,-0.63481483244856,-0.0378033169028183,-0.625878812847651,0.445285577593885,-0.664240140031662,0.515048101434134,1.39592409928306,2.47313278474752,0,0.509330547838846,231.356307741848,0.660233864845431,0,1.23385605027151,0.700662814366357,8.38277726350254,-1.11688611426172,-1.56546005207709,0.638508193953465,1.13481839459383,1.42020506102225,"protein-coding-exon3"
1.01173613921489,1.21927175751538,-2.24027287969012,1.50169640789129,-0.597406101250699,3.11113793296587,5.75103876043786,15.3831225845539,24.31186841994,-0.674490759476595,-0.63481483244856,-0.0378033169028183,-0.625878812847651,0.445285577593885,-0.664240140031662,0.515048101434134,1.39592409928306,2.47313278474752,0,0.509330547838846,231.356307741848,0.660233864845431,0,1.23385605027151,0.700662814366357,8.38277726350254,-0.779842171257225,-1.56546005207709,0.638508193953465,1.13481839459383,1.57318748936184,"protein-coding-exon3"
0.927424794280318,0.0518839045751228,0.433601202520668,1.67986377831907,-0.250525139234164,3.23933062117049,5.7845399571006,-0.40232782144218,0,-0.674490759476595,-0.489336433345765,-0.207918242965499,0.176218306529921,1.18554449634762,8.04263601649448,-1.22567919673369,2.56331195222332,-0.341569038452891,0,2.1219797841131,280.275097180148,0.488115943933949,0.394654105878086,0,2.96857802253432,0,0.0256630398869067,-0.474283257825532,1.40387204939182,0.157151758585523,1.7988562694352,"protein-coding-exon3"
1.77053824362606,-2.2828918013054,-0.0481779113911854,-0.0254524814896829,-1.7922183037521,3.14910269062647,5.57459912468074,4.33094066611287,0.130871341390981,-0.674490759476595,0.38941187638627,-0.411857189414912,-2.93494627772248,0.332066268311968,-0.557633697804358,0.455716106259545,0.840025121692463,1.6775795812623,0,1.31124050623094,259.847470821297,0.452448242270505,3.03140806035028,9.84876077601529,1.63720931464666,0,1.29737342775205,-0.807267624184271,0.875863777314351,2.03228915110268,1.22964140528892,"protein-coding-exon3"
1.68622689869149,1.6084010418288,-0.867202405041337,-0.190893611172621,-2.02347227842979,2.96667463433529,2.13663187604617,6.17691537625934,79.2979658566737,0.674490759476595,-0.692124504822389,-0.861517695732642,-1.76218306529921,4.01796775622112,1.95581819009323,0.102236564975106,0.80296518985309,1.17603517036945,1.42332492096192,1.16893265092042,304.264118923929,0.0925567027458937,0,1.76204682246223,0.0800147094938914,2.95888438546433,-0.0844825661583097,-0.798711013631299,2.9623024687283,-0.0687645721097612,0.917441927864228,"protein-coding-exon3"
0.927424794280318,1.06362004379002,-0.0722668670867781,0.687217000221437,-1.44533734173556,3.20728244911934,6.05627188558731,11.6320073081665,-0.845630205910955,0,24.7386752413692,-0.363110807092858,-0.704873226119685,-0.372620677531304,-0.164009911118929,1.27882674941451,2.03211959585897,2.76714157733988,0,0.0824069819073049,226.585381848827,-1.0404808908809,0,0,-0.258380141477922,0,0.6126496821981,-1.30223463463302,-0.207151293081411,1.77788846344087,-0.0646828700163413,"protein-coding-exon3"
1.43329286388776,0.985794186927332,1.46942629743115,1.57805385236034,-1.54169316451793,3.24623330438151,5.4681397663969,169.214348430093,63.0799865504529,-0.674490759476595,-0.658326492909618,-1.39374860475916,-0.0850709066006518,-0.5580722016174,0.420275397242255,0.637963895997777,2.09388614892459,1.77270007298336,0,0.81004678223588,159.12045795315,0.635455744409778,0.23374475380988,0,2.14496749416901,0,0.628281172741459,-1.08896543888667,-0.253124303337362,2.66895268266007,2.5897040050918,"protein-coding-exon3"
0.421556724672872,0.415071236600982,1.25262569617082,0.26725105564167,-1.56096432907441,3.24721940198308,5.97363560048587,92.6537306438902,195.199639197779,-0.674490759476595,-0.625997959775664,0,0.109376879915124,-1.96115248954537,-0.682691255032542,0.612646334538913,1.92093980034085,2.22236057930109,0,-0.0682108211585674,146.890760593575,0.708835461114866,0.0693884514527357,19.8532951800818,9.48102495176065,12.9107966239369,1.14919656636423,0.275472711172364,0.496740345654418,0.365349161383151,-0.797642429538011,"protein-coding-exon3"
1.60191555375691,-0.518839045751227,0.891291360736929,0.17816737042778,-0.963558227823707,3.24475415797915,4.57030769583534,38.0318122975049,289.849820102241,-0.674490759476595,-0.116088823526473,0.213887187739628,-1.93232487850052,0.320606664801557,-0.670390511698622,0.491663178254573,1.11797461048776,1.1414459006527,0,0.37792949895724,142.388619257908,0.357405436522965,1.92517564185051,3.81450940265606,38.3311480547802,14.9114277926286,1.08288359359523,-0.959392796912732,0.509591784024653,2.13747071665118,2.41086196904132,"protein-coding-exon3"
1.68622689869149,-1.478691280391,1.46942629743115,1.24717159299446,-0.404694455685957,3.25708037799882,6.08381731395446,50.0424810846758,46.6606667190152,-0.674490759476595,-0.235116604610578,-1.68523207456247,-2.53997421136231,0.12591141019505,43.942355436539,-0.133738568927737,1.40210075458963,1.96294105642548,0,0.792215019344174,344.380214108908,0.598878406202616,0.558005706134532,0,3.64328208595116,8.18059235827431,0.619015082986375,-1.56497120487327,1.62520154426265,1.23977825313316,2.00534708259801,"protein-coding-exon3"
1.09604748414947,0.57072295032635,-0.192711645564742,1.08173046331152,-1.54169316451793,3.24721940198308,6.03691563862661,24.7313278474752,2.20467875112499,2.69796303790638,0.612772650766319,-1.50218443482251,-2.71011602456362,-0.592673910615082,-0.678591007254568,0.448372080798195,1.50710389480118,1.36627615381156,0,0.845017812373014,295.663013088624,0.713376537297959,7.06568803541056,11.2594252656293,15.3753102906179,0,0.976847296919663,-1.08094581210447,0.859351189851653,0.983632357570026,1.4891029299365,"protein-coding-exon3"
-0.168622689869149,1.66028494640393,-0.867202405041337,1.7816737042778,-1.38752384806614,3.2654622076122,5.78528442813755,64.3724514307487,95.8380900032416,3.37245379738298,7.88522312712726,0.819735082313738,0.121529866572359,-1.20471376446229,1.82461026119808,0.673137912681084,2.13712273607053,1.22791907494457,0,0.167583946399729,157.373358330354,0.701823679423706,4.40682783443842,27.5097301439309,-0.453002719485067,0,-1.29197492328604,0.0500859474858819,-1.32816390291996,1.15009321808189,1.20291749655637,"protein-coding-exon3"
0.843113449345744,0.882026377777086,1.08400300630167,1.50169640789129,-0.211982810121216,3.26053171960433,2.05548453301863,3.81028113248182,10.5099754163219,-0.674490759476595,-0.29095679820559,-0.968958701666967,-1.66495917204133,-0.119106451131087,5.43077818192553,1.45682273493827,1.80976000482273,-0.561210901154244,0,2.00875674594634,200.782064342911,0.739452784884542,0,6.06754395772686,5.64179780337287,0,0.302195388056023,-0.571250536190372,0.421348548512537,1.00869789255058,2.76100286914668,"protein-coding-exon3"
0.337245379738298,0.0518839045751228,1.58987107590912,0.610859555752388,-2.35108207588985,3.22651135235003,2.96969496639309,4.14160992661067,4.78183747390124,-0.674490759476595,0.484927997009317,-0.161161508901487,0.41927803967464,-1.24475681837624,-0.465378122799961,-0.338404962705879,1.29092095907151,NA,0,0.743220952369873,91.7227301968117,0.117782534917908,0.295747054660884,0,15.1128448708178,0,0.0130933876974014,0.893297604571787,0.0075433243979243,0.645395079656037,2.89647876498462,"protein-coding-exon3"
0.75880210441117,-0.518839045751227,0.843113449345744,1.01809925958731,-0.520321443024802,3.2654622076122,5.43240515662331,28.1629475009526,44.1942452851083,-0.674490759476595,0.559871414728939,-0.795859303217221,0.212677266501629,-0.223737613617445,0.512530972246653,-0.6553576405115,1.4885739288815,1.53057518496612,0,0.963088320063732,174.172393164935,0.654802102879948,0.428021496767706,5.81239749798782,-0.310037615716482,9.9237535151154,-1.02527268772667,-0.872926513325437,0.721439440206765,0.592052999985012,2.43025160771828,"protein-coding-exon3"
0.168622689869149,1.45274932810344,-1.54169316451793,0.330882259365877,-2.65942070879343,3.26349001240905,6.08381731395446,734.342939501729,231.541603999428,1.34898151895319,-0.546646105719593,-0.370074575996008,-0.917550492621314,-1.88317736131149,-0.686791502810515,1.3503343657487,1.66152027746524,0.83878979063115,0,1.29029251293097,107.043449965949,0.609362914907033,8.51593541369367,15.7426439959871,-0.283964425510133,7.91042675976186,-0.608701522215499,-0.666461567124325,0.190078071017842,0.188441541664937,0.587857885847261,"protein-coding-exon3"
0.927424794280318,-0.207535618300491,1.22853674047523,0.559954592773022,-2.8328611898017,3.2654622076122,6.08381731395446,56.870220877974,47.1237499270141,-0.674490759476595,-0.174867974679117,-0.492437943865656,-1.59811774542653,0.550624770503084,-0.596586051695104,1.4007762248385,1.84681993666211,2.24830253158865,0,0.872890762135779,300.097958284953,0.508303242438025,1.94321747531319,0,10.1834652989623,0,0.940910983608642,-0.886135993981044,0.586982863441052,0.989120078246241,0.94950396018317,"protein-coding-exon3"
0.927424794280318,-0.933910282352208,-1.08400300630167,1.08173046331152,-0.443236784798905,3.25954562200276,6.05478294351341,9.99902967996005,29.5567891018401,-0.674490759476595,-0.592199947862893,1.1828458894066,-0.814250106034809,-1.63895931212967,-0.262415857790286,1.23495586047434,1.55651713725368,1.40086542352831,0,1.09570123632633,212.608584866456,0.886944191450991,0.417596437343375,2.50170298048467,1.92470239676819,10.633739922133,1.22380873256603,-1.4024065296048,0.569157180915301,1.0338348393117,1.83257160223884,"protein-coding-exon3"
-0.0843113449345744,-0.337245379738298,-1.10809196199726,0.0127262407448417,-0.55886377213775,3.2654622076122,5.67584718570592,125.159451982175,197.978138445772,-0.674490759476595,0.220421816822417,-1.01372578747294,0.923626985949932,-0.997942657644009,-0.680641131143555,0.814220507070171,2.50772205446426,1.0722673612192,0,1.185206298608,123.237719546485,0.521822241800001,0,2.15568140904321,6.17913412927516,11.3932786535607,-0.835277560400684,-0.526904167551515,0.77308298900996,-0.858851567066873,-1.10558143354399,"protein-coding-exon3"
0.168622689869149,1.19332980522782,-0.0240889556955927,-0.241798574151987,-1.0406428860496,3.24475415797915,5.44655010632535,36.6828307785517,49.529769203356,1.34898151895319,-0.298304192099671,-1.20572684437409,0.139759346558213,-1.42472766252257,-0.680641131143555,1.44116836487592,1.64916696685211,0.466955141176104,0,0.172950787658398,127.941449300168,0.538742902820256,0,7.44587199075924,13.8105396712321,0,0.520633382195439,0.456665991783072,0.0341245627525021,0.298671561794366,2.33470425580585,"protein-coding-exon3"
-0.168622689869149,1.50463323267856,-1.01173613921489,0.865384370649217,-0.0192711645564742,3.22256696194373,6.03914905173746,41.5462641495145,75.7241715340739,-0.674490759476595,-0.0940466418442311,0.0756066338056357,0.382819079702932,-1.82694138939369,-0.608886795029024,0.950084978105142,1.9950596640196,0.00864731742918712,0,1.73210473525753,88.1613348118805,0.788404970238535,0,5.54532629844624,-0.595056913855522,7.75072155108023,0.419270417744172,0.549329746619384,-0.544660465936032,0.328784026124784,0.870422562834506,"protein-coding-exon3"
1.43329286388776,-0.0518839045751228,-1.27671465186641,2.04892475991947,-0.635948430363647,3.26299696360826,3.2280264162147,0.496993191193281,2.2751479349509,0.674490759476595,3.83533961271005,-0.737164679604951,-4.74574128965064,0.403918244555733,-0.528931963358546,0.368167592207139,1.87770321319492,1.01173613921489,0,0.837227236352365,162.480264920066,0.149816428096812,3.36271172837583,0,13.1772639730974,5.39334000425521,0.469871325276283,-1.07854250826748,1.5640447101536,0.851143101244276,-0.51907203866917,"protein-coding-exon3"
1.43329286388776,0.907968330064647,-4.74552427203176,0.585407074262705,0.385423291129483,3.18706744828707,5.80612961717215,20.5068857223323,65.0933918026219,-0.674490759476595,0.624528480996847,-1.07441005934325,1.11199827913709,-1.45685126504032,-0.662190016142675,-0.169105849438974,1.26621433784526,1.90240983442117,0,-0.139191624902254,0,0.600368409811988,1.43487581618104,4.87864202790916,3.17395924499395,13.3846187614256,0.772429299453157,-0.907807798181673,3.12004020298007,-0.69732508206305,2.69800534135449,"protein-coding-exon3"
-0.505868069607446,0.907968330064647,1.39715943034438,-0.99264677809763,-0.809388911371914,3.10670049375879,3.54368213588145,16.8977685005715,24.5836781289828,-0.674490759476595,-0.646570662679089,0.948067394957515,0.881091532649606,0.496421108132331,-0.684741378921528,0.478134710299454,1.32798089091088,0.319950744879923,0,1.48124818739265,0,-1.33139876570906,0.942098738766174,1.97213710316357,-0.674490759476595,0,-0.100758654249849,-0.21543818507628,-1.16567242873183,0.505098102987039,-1.65564370695424,"protein-coding-exon3"
0.421556724672872,2.25694984901784,-0.794935537954559,1.03082550033215,-1.96565878476036,3.21270598592799,5.95725723767297,7.98739057274915,1.76172959564782,-0.674490759476595,1.11680387190024,-0.483484526704462,-0.212677266501629,0.234135171493596,-0.62938803391889,1.06237126213262,1.1612111976337,2.02347227842979,0,0.774210132540897,176.860238738468,0.57639095904242,1.01023266273024,2.22156291070004,0.784575907301396,0,-1.13372622520791,-0.686892994092147,-0.440540407865082,1.17500572781836,-0.956901619802103,"protein-coding-exon3"
-0.168622689869149,0.752316616339279,-0.746757626563373,0.839931889159534,0.616677265807173,3.26250391480748,5.78528442813755,35.3101829171607,50.17405888405,1.34898151895319,-0.770006880099642,-0.0198964825804301,0.182294799858539,-1.25047350845695,-0.223463503899541,0.963999973716121,1.61210703501274,0.319950744879923,0,2.50094802653976,152.266451740641,0.736115082045743,0,13.8615431496585,10.5003198377467,10.6938792236555,0.634324274755644,-0.587675117167721,-0.0101775011718036,-0.113247831220765,1.88102140180267,"protein-coding-exon3"
0.0843113449345744,-0.466955141176104,-0.144533734173556,-0.381787222345242,-0.539592607581276,3.2654622076122,5.93045628034278,34.8013565547485,45.3016181738012,-0.674490759476595,-0.270384095302165,0.0109430654192369,-0.303824666430899,-0.739813121820835,-0.680641131143555,0.863889310848247,1.36504082275025,0.155651713725368,0,2.58976059317515,0,0.534734816799499,0.290907562857896,9.67364973206807,-0.528505542776359,13.0232777645859,0.239669425882587,-0.0837374434529653,0.0486611774776707,0.152814312693911,-0.584966698501304,"protein-coding-exon3"
0.927424794280318,0.778258568626841,0.144533734173556,0.279977296386511,-0.134898151895319,1.58071445532307,3.89432799428485,6.99340419036259,6.45296383320146,49.2378254417915,1.30048871925226,0.0427774375479258,-0.89932101263546,-0.205053477459167,-0.676540883365582,0.420735353404169,2.09388614892459,0.44966050631773,0,0.787540673731785,0,0.773846047848715,0,0,-0.674490759476595,0,-0.797407454445123,-0.521367106900318,0.0728452642926452,1.57027113820404,1.0888988558508,"protein-coding-exon3"
-0.168622689869149,1.76405275555417,-0.409512246825075,1.22171911150478,-0.520321443024802,3.2654622076122,5.78528442813755,33.9730345694264,37.5298739004291,0.674490759476595,1.51650209973823,-0.583961763735636,1.04515685252229,-1.27475632962546,-0.694991998366461,0.026090616770585,2.64360847120863,1.8159366601293,0,0.351268416575465,0,0.719656345832845,0.586167568023419,2.76169990871096,0.0835846725826061,1.23486984262513,0.512978786310804,-0.500859474858857,-0.763312587885028,0.5542690268847,1.4849507752887,"protein-coding-exon3"
0.0843113449345744,0.856084425489525,0.216800601260334,0.458144666814291,0.173440481008267,3.2615178172059,5.72200438999681,6.6029095401393,30.140676624969,-0.674490759476595,0.911076842865989,-0.725226790056693,-0.92970347927855,-1.33226413396947,-0.621187538362943,0.66231513831699,2.78567154325956,3.10438695707818,0,2.33976966486812,242.040493896641,0.709311598993219,2.90755547409652,14.9974551884167,0.172904173958521,10.9514151295546,-0.883783525901211,-0.295243479916799,-0.565119144013134,0.78296149564973,2.23857292047055,"protein-coding-exon3"
0,0.259419522875614,-2.14391705690775,-0.0127262407448411,-2.58233605056754,3.2654622076122,5.57608806675463,19.2289032306924,33.7245379738298,-0.674490759476595,-0.739147825744504,0.263628394190704,0.783867639391719,-0.835187442112284,-0.651939396697742,0.392132306870491,1.32180423560432,NA,0,0.697169991892261,36.1515229640181,0.837785916567562,0,5.78135020246589,9.5903042847001,10.5345254498988,1.10399416329812,-1.21933375603569,0.405345305290674,-0.220953869483717,2.5338514986097,"protein-coding-exon3"
1.26467017401862,1.76405275555417,0.216800601260334,0.71266948171112,-1.42606617717909,3.22108781554137,2.9175819938066,34.3161965347741,10.1274284184098,-0.674490759476595,1.29314132535818,-1.35694011198536,-1.58596475876929,-0.490297956142214,3.70457386739881,0.863502783192386,0.654725462495596,2.63743181590207,0,0.693707513660862,0,0.099094715403867,2.28441214849095,0.979671089822853,5.90384338684609,0,-0.654467948136262,-1.00171894971771,0.974691458376273,1.23728700215952,1.95339919971216,"protein-coding-exon3"
0.0843113449345744,1.16738785294026,-2.77022990499316,1.17081414852541,-0.404694455685957,3.14663744662254,6.08381731395446,76.5132851013274,21.2514924366432,-0.674490759476595,0.840541861482816,1.18980965830975,0.236983239816101,-1.63895931212967,-0.682691255032542,0.725512410050184,1.49475058418806,3.28598062309111,0,0.91876859870182,151.796078765273,0.777764117753167,0.429429639867232,12.0913101544669,7.52989656684051,0,-0.378580197515325,-0.26408954128922,-0.694845761820189,0.949283291115207,-0.77037035666064,"protein-coding-exon3"
1.26467017401862,-0.415071236600981,-0.746757626563373,1.52714888938097,-0.23125397467769,3.25362903639331,2.08451890345968,88.985447566035,52.5498770816094,-0.674490759476595,14.1158131493076,-1.90906750359231,-1.46443489219693,0.518304492867887,-0.555583573915372,1.59230067831738,2.7300816455005,1.05497272636083,0,1.13292287731387,0,-0.793135554034902,6.65375617371755,15.0861387263175,10.2246092589909,0,0.347558940509174,-1.00171894971771,1.4091924699416,0.714124297693705,1.95458685351199,"protein-coding-exon3"
-1.09604748414947,0.907968330064647,-1.92711645564741,1.08173046331152,-1.1948122025014,3.18657439948628,1.96019224028905,0.721823444352146,-0.473150234259701,-0.674490759476595,-0.15870370811214,0.602863422187045,0.382819079702932,-1.16763394898467,1.11936764338669,-2.17808334077399,1.15503454232714,1.00308882178571,0,0.850730901454823,0,0.48241413361955,0,0,-0.674490759476595,0,1.21655701014901,0.600294811779358,-0.929445327601191,-0.734831231831733,1.40315071057507,"protein-coding-exon3"
1.09604748414947,1.76405275555417,1.37307047464878,1.42533896342224,-3.91204640496425,3.24919159718623,5.55896523290479,27.9972831038881,38.9191235244256,-0.674490759476595,-0.186623804909646,0.477515581930333,-0.680567252805213,-1.39023084692087,-0.672440635587609,0.240420201945239,2.81655481979238,-0.242124888017239,0,0.724350446008746,199.908514531513,0.742117735696216,0.411522820125036,0,0.139655845495719,0,-1.16958196382541,-1.10433406164001,0.614373546346486,1.27769387770769,0.504677933205641,"protein-coding-exon3"
-0.0843113449345744,1.06362004379002,0.62631284808541,-1.36170775969803,-2.67869187334991,3.26299696360826,2.5505577725903,14.1998054626652,1.00670262608447,-0.674490759476595,1.57675072966969,1.00178789792468,0.729179199434157,-0.615225990749986,-0.377222795573536,-0.0699615057107531,1.85299659196867,2.57690059389776,0,1.0105242718339,0,-1.33139876570906,0.353578931701501,0,17.4930459817496,0,0.389538355834381,-0.0961108722026429,0.274792531638608,-0.277999569784275,-0.962261252159135,"protein-coding-exon3"
-0.421556724672872,2.07535618300491,0.26497851265152,-1.06900422256668,-1.54169316451793,3.24426110917836,4.77578170203351,12.3301644100809,12.7951903775336,-0.674490759476595,-0.446721548760098,0.904295133280568,0.947932959264404,-1.24909678263476,-0.697042122255448,0.507704075972784,2.30389242934771,0.700432711764157,0,0.830129155977997,0,-1.33139876570906,0.506464468366655,17.7970295747617,-0.674490759476595,0,-0.462700177552783,-0.299104813155146,-1.1133612901602,0.604825047230184,-1.19697173138995,"protein-coding-exon3"
-0.590179414542021,0.441013188888543,0.457690158216261,0.139988648193255,0.655219594920121,3.2654622076122,5.62373421311943,43.9720642493864,34.4795649433931,-0.674490759476595,0.762659486205562,1.43055709753296,0.164065319872685,-0.820240133185662,-0.555583573915372,1.00767759882836,2.53242867569051,2.02347227842979,0,1.56330892147681,131.301256267084,0.582111720118147,3.15841096674858,16.3974840992879,-0.584825096277662,0,-0.752849648927197,0.575367495912242,-0.44587548522078,-0.449660506317739,1.6030447704136,"protein-coding-exon3"
-0.252934034803723,0.907968330064647,1.05991405060608,0.890836852138899,0.770846582258966,3.1860813506855,4.501071889399,7.36023249814811,8.05362100867576,-0.674490759476595,2.12633579294691,1.13509433121356,0.638031799504887,-0.530485238475634,12.9301313678386,1.32714270639707,1.22297775069932,2.10129813529247,0,1.04255219547435,159.52363478918,0.6549584466609,1.87345038538213,0,16.493564661768,0,-1.0992402563803,0.461661776826427,-0.223020025677711,-0.0782018271856993,-0.741379313505482,"protein-coding-exon3"
-0.843113449345744,-0.57072295032635,1.37307047464878,-0.776300685435326,-0.481779113911854,3.2654622076122,1.74801799475833,8.95771061269794,11.3556056222328,-0.674490759476595,8.16736305265995,0.939113977796321,0.96008594592164,-0.615225990749986,-0.660139892253689,-0.492436233566294,2.41507222486583,0.994441504356519,0,0.931406644246428,0,-1.33139876570906,5.16020439471748,8.8240925937033,-0.674490759476595,0,-1.13227588072451,1.48768800775643,-0.824377594915837,-0.461813492974975,0.210575599111902,"protein-coding-exon3"
0.337245379738298,1.24521370980294,0.289067468347112,1.32352903746351,-2.00420111387331,3.2654622076122,5.51057461550305,74.347814768271,116.43522573293,-0.674490759476595,-0.427618324635488,-0.07162733728955,0,-0.0539020938573202,22.9347359460932,0.646080976770848,2.01358962993929,3.45892697167485,0,0.462587091714954,246.475439092971,0.50267486632377,0,0,21.5397264480165,9.84687712529479,-0.934545582820367,-0.573784614398304,0.447728631549844,0.229326858222038,0.873952488016708,"protein-coding-exon3"
-0.337245379738298,0.492897093463666,-1.44533734173556,-1.17081414852541,0.809388911371914,0.919536013467726,1.18147553563947,64.6801138824398,56.7075589273382,-0.674490759476595,1.54442219653573,1.04754980785967,0.875015039320988,-0.806472874963773,-0.680641131143555,0.562784266932908,1.04385474680902,1.16738785294026,0,0.808142419208611,0,-1.33139876570906,0.512912123595806,17.0677404202613,6.1080057296472,0,1.02551441180724,0.615341640540872,-0.225358954518443,-0.228398987336001,1.02249617117794,"protein-coding-exon3"
-1.09604748414947,0.285361475163175,0.578134936694224,0.432692185324608,-2.00420111387331,3.19939366830674,4.74079156329686,63.709793842491,54.8250250165603,-0.674490759476595,1.11092595678498,0.764024931088532,0.492195959618056,-0.811206189457203,-0.584285308361184,0.152485160236973,2.14947604668365,1.1414459006527,0,1.10730053840152,0,0.752294294529062,0.472893056743865,9.83694346630106,-0.557095584046466,0,-0.0669172829704112,0.446220259419705,-0.866012826982292,-0.768170031626126,1.09384413055828,"protein-coding-exon3"
1.01173613921489,0.0518839045751228,0.578134936694224,-0.941741815118265,-2.46670906322869,-0.838182961337874,4.16605992277155,27.0151298927205,0,3.37245379738298,-0.216013380485968,-0.495422416252721,-0.917550492621314,-0.534943207804626,0.297267963903059,1.50513869192084,1.28474430376494,-0.831871936687801,0,-0.661506466108848,0,0.320202723191997,0,3.74407286525484,13.8767654660114,0,0.133874853287584,-0.816244425434039,1.0018477715991,0.684151434417012,2.52138802986986,"protein-coding-exon3"
0.590179414542021,1.42680737581587,0.409512246825076,0.789026926180168,-0.616677265807173,3.26102476840512,2.41655298593932,94.8428673193844,834.022924632201,-0.674490759476595,1.18146093816815,-0.307400655867652,-2.23614954493141,-0.932384285158822,0.506380600579693,0.463060131720895,0.994441504356519,0.0259419522875614,0,1.46237768103152,257.294017526441,0.376545705463699,3.49978565822031,7.6334986399947,8.7181552597113,12.8655713420396,0.332974920981607,-0.702705843226973,0.230825726576434,0.773416070866493,1.68440638106184,"protein-coding-exon3"
-0.337245379738298,0.155651713725368,1.08400300630167,0.547228352028181,0.713033088589544,3.24475415797915,5.59321090060448,4.73326848755505,0.15100539391267,2.69796303790638,3.96171478768824,0.282530052642113,-1.20314567906636,0.215215025194371,0.832350298928564,0.598538075100005,0.469425803298729,0.371834649455046,0,5.56593375697447,382.883601949768,-0.681212357634928,0,0,-0.674490759476595,0,-1.21744333177776,0.268642809242477,-0.900246240014705,0.53709449365729,0.848066363169749,"protein-coding-exon3"
-0.505868069607446,0.544780998038789,-0.168622689869149,-1.05627798182184,-0.520321443024802,3.14515830022018,5.67510271466897,12.2473322115487,0.785228048345887,2.02347227842979,3.6296125836758,0.312374776512759,-0.151912333215449,NA,NA,1.21099114581099,1.0623847127287,NA,0,3.64044961249329,290.892087195603,-1.33139876570906,0,0,-0.674490759476595,0,1.04364371784979,-0.155368653425603,-0.440540407865082,-0.259243047009721,1.28361830797752,"protein-coding-exon3"
-0.252934034803723,-0.181593666012929,1.51760420882234,1.37443400044287,0.578134936694224,3.22306001074452,3.8370037244397,22.1871960354143,5.19458555059587,-0.674490759476595,-0.167520580785037,-0.129327136772798,0.255212719801955,0.359967911641663,1.28542767839461,1.57954526567399,1.42680737581587,2.60284254618532,0,1.96270578546873,152.132059461965,0.463958460931771,0.629661988050681,3.85129346489381,0.651174945919952,0,-1.1006906008637,-0.107160631830268,-0.605679662759005,0.338988249917819,1.4571619364384,"protein-coding-exon3"
0.0843113449345744,2.04941423071735,0.289067468347112,0.839931889159534,-1.42606617717909,3.20826854672091,5.53216427557459,116.852565786515,371.221593368649,-0.674490759476595,-0.348266470579418,-0.804812720378415,0.753485172748629,-0.99147860211697,-0.676540883365582,1.26742418356662,1.63681365623899,1.64299031154555,0,0.530451665050382,112.419141113015,0.641955855545097,0.566419561174527,5.51481615336586,17.139977174,0,-0.882333181417806,-0.211474000495956,-0.512267558980624,0.827153277053604,1.42263758616946,"protein-coding-exon3"
1.60191555375691,1.45274932810344,-0.0481779113911854,1.4762439264016,-0.809388911371914,3.14614439782175,5.63862363385842,25.4768176342651,54.7444888064735,-0.674490759476595,2.4716633059687,-0.261638745932661,-1.36113450561043,-0.393415793283605,-0.637588529474836,0.029182838017469,1.07473802334183,2.17047667472597,0,1.61957419273705,217.984276013522,0.386459322483126,4.63256077406484,15.2486804499324,4.02760838538798,8.50452750029559,-0.540293607414922,-1.31599871180471,0.909682146722228,1.74114726587533,0.844015548868029,"protein-coding-exon3"
0.421556724672872,1.19332980522782,-1.87893854425623,0.419965944579767,-2.15837043032511,3.2654622076122,6.08381731395446,55.9472335229007,58.0968085513348,0,1.99261322407465,1.80859026656114,-0.875015039320989,-2.00317540630837,-0.678591007254568,1.78111943820525,2.29771577404115,1.49598591524937,0,0.453411524401746,100.18944375344,0.700821657918517,0.980169607636668,5.76840487682439,20.1309724249205,9.48046228672692,-0.514106832020119,-0.907807798181673,0.0839643846673579,0.648728959635467,-0.467631681530839,"protein-coding-exon3"
-0.927424794280318,1.24521370980294,0.529957025303039,0.916289333628582,-1.05991405060608,3.21763647393586,5.78528442813755,56.3968940292185,63.9256167563639,4.04694455685957,0.119027781084105,1.85733664888319,0.887168025978224,-1.19557492733785,-0.637588529474836,0.478714501783246,1.35268751213713,-0.498085483921178,0,0.105605586057681,23.24986421106,0.680160590381254,0,1.27246642401054,-0.674490759476595,0,1.10423588737869,0.291805085352548,-1.0580176218163,-0.27533559988296,2.34979359617445,"protein-coding-exon3"
-0.0843113449345744,0.363187332025859,-0.457690158216261,0.279977296386511,-0.520321443024802,3.242781962776,5.59693325578923,29.6657602457513,29.2648453402756,-0.674490759476595,-0.693593983601205,-0.804812720378415,-0.115453373243742,-0.161732504920955,-0.340320565571777,1.46493981571135,1.74181679645055,2.06670886557572,0,1.09206563418336,143.127776790629,0.760087795124979,2.59938415684657,8.46049545981413,0.0912974721995371,9.81781784994259,1.2050348289753,-0.154811110410916,-0.273511447575025,0.198888300871302,0.835870752703891,"protein-coding-exon3"
0.843113449345744,0.311303427450736,0.385423291129483,0.674490759476595,-0.616677265807173,3.26053171960433,4.8368283270634,118.947037092258,193.890925783869,2.69796303790638,-0.302712628436119,-1.17190282398736,-3.14154705089549,-0.271765677300093,-0.301368211681032,0.964579765199911,2.25447918689521,0.890673695206273,0,2.03593720006282,656.707869753436,0.573294878410546,0,2.084766807749,-0.444941862010094,0,-0.558584062844522,-0.44576493262438,0.470670284960497,0.940828136295552,2.3193136329565,"protein-coding-exon3"
0.843113449345744,0.311303427450736,0.505868069607446,0.80175316692501,-0.55886377213775,3.26053171960433,5.08027035614601,28.9202704589614,27.100434694194,2.69796303790638,-0.408515100510879,-1.35694011198536,-3.23877094415338,1.24112488454056,-0.424375645020229,0.528769833217182,NA,NA,0,2.02468414581078,670.348686039116,0.111400866040886,0,0,-0.466830232055544,0,0.680654723531064,-0.44576493262438,0.470670284960497,1.04546067718872,2.3193136329565,"protein-coding-exon3"
0.927424794280318,0.18159366601293,0.891291360736929,0.35633474085556,-1.15626987338845,0.200177813119516,-0.970045761145699,23.4296790133975,28.1071373202784,9.44287063267233,-0.922832673096518,-1.29625584011505,-3.60943703719908,2.21709237572754,-0.137358300562103,0.797213290212309,NA,NA,0,2.25944016989965,0,0.493578500886589,0,1.59280146133681,2.55327863666393,0,0.0813401531109333,-0.404039055927028,1.16012162985471,0.50440541926162,2.15910849155791,"protein-coding-exon3"
1.01173613921489,0.337245379738298,-0.337245379738297,-0.44541842606945,-2.54379372145459,1.25283700279973,1.37354906317254,6.24791440357267,5.88921036259415,-0.674490759476595,-0.590730469084077,0.235773318578102,-1.58596475876929,0.249921627588029,-0.666290263920649,-0.249890129513822,1.63681365623899,0.812847838343589,0,1.21844608962943,0,0.489762291324272,0.398333479786578,0,21.5183283384559,0,0.0427448749136703,-0.599649688520668,0.623494778683466,1.18617340459677,0.809999354998699,"protein-coding-exon3"
0.674490759476595,0.804200520914402,-1.95120541134301,1.31080279671867,0.809388911371914,3.16093586184536,5.97363560048587,12.7324922315231,19.1273498956049,-0.674490759476595,-0.28360940431151,-0.30640583173863,-0.808173612706191,0.182108047089352,-0.612987042806997,0.618637513204752,1.71093351991774,1.10685663093595,0,1.78438815655166,121.557816063027,0.875604529641673,0,0,-0.674490759476595,0,0.363996177987758,-0.796821891820904,0.366390042184815,0.880585158205554,-0.887944787405041,"protein-coding-exon3"
0.252934034803723,0.103767809150246,-1.44533734173556,0.763574444690485,0.481779113911854,3.26398306120984,5.66095776496692,19.7140632506668,80.7375506119745,-0.674490759476595,0.487866954566949,0.745123272637123,-0.473966479632202,-1.90384136031882,-0.670390511698622,0.388846821795677,2.68066840304801,-0.0432365871459354,0,1.91180735546716,0,0.558134269348579,0.890377482704323,11.4468370546882,5.72225740394211,9.68840193885029,0.935915352610249,-1.12660858500719,0.410404430369352,0.144533734173554,-0.587053934143731,"protein-coding-exon3"
1.09604748414947,-0.622606854901472,0.216800601260334,0.241798574151987,-0.944287063267233,3.24228891397521,5.93120075137973,11.904170246201,45.6338300404091,0,13.2738018090459,-0.0964979405150885,-1.80471851859954,0.285178920310562,-0.633488281696863,-1.10894784466381,1.8962331791146,1.22791907494457,0,0.0148886563950172,330.000240290507,0.519616846950518,5.42755156330078,6.33923465106582,0.288508138014927,12.6934341228898,-0.915288231068496,-0.230584362010486,1.32557152054601,0.557833552648873,0.276225837250659,"protein-coding-exon3"
1.34898151895319,0.95985223463977,-0.505868069607446,1.60350633385002,-1.94638762020389,3.24130281637364,5.26713258642043,10.31852530287,17.6575640615216,-0.674490759476595,1.81039785550145,-0.648625332122036,-0.51042543960391,-0.966566420572598,-0.686791502810515,0.386720919688444,1.19209447416651,1.52192786753693,0,1.58079443654538,132.376394496497,0.778342115973655,4.7345311365845,18.4664801700728,-0.131676246664647,15.3653938568608,-1.24733654307459,-0.901547054745938,1.84369348150692,0.452542945460783,1.67314676539822,"protein-coding-exon3"
0.421556724672872,1.32303956666563,-1.03582509491049,-0.432692185324608,-0.23125397467769,3.25757342679961,5.90514426508648,24.3763327109085,70.7711946137383,-0.674490759476595,5.52377072956976,-0.479505230188376,0.44966050631773,-1.47246726936629,-0.686791502810515,0.584816343316957,1.32798089091088,NA,0,0.646098437979121,132.107609939144,0.697258914788955,3.08018301700077,13.6976585499398,-0.430366769915728,11.2978201420863,0.43715799970616,-0.426446067165534,0.850548312214754,-0.0556722531631536,1.90339732078866,"protein-coding-exon3"
1.18035882908404,1.55651713725368,-3.34836484168738,-1.06900422256668,-2.02347227842979,3.23242793795947,2.10983091871597,82.5363692517412,114.673496137282,-0.674490759476595,0.842011340261632,1.19279413069681,-1.04515685252229,-1.44394937733523,-0.0840550794484511,1.25911383896562,1.24150771661901,-0.937628628846759,0,1.56001956715698,0,0.342822825681485,2.20789437253588,7.41187036780875,4.40505478630785,15.0342323341964,-0.460846959601766,-1.62877923713942,0.820050153472708,1.24895861105181,0.972888525518748,"protein-coding-exon3"
1.43329286388776,0.0259419522875614,1.27671465186641,0.649038277986912,-0.905744734154285,3.24869854838544,5.78528442813755,68.2300652481061,577.847307372486,0.674490759476595,2.71265782569454,-1.6912010193366,0.747408679420011,-1.0471114370079,0.453077379466041,-0.23384923179561,1.82828997074242,3.02656110021549,0,1.14885027717831,0,0.419900309690594,12.7692976525197,12.4391687804185,0.524129764802293,10.56584708758,-1.22396988195308,-1.27406128917221,-0.904525416643763,3.34083704303252,1.55418520936876,"protein-coding-exon3"
-0.168622689869149,1.55651713725368,-1.05991405060608,-0.127262407448414,-1.09845637971903,3.1555123250367,2.68679597235213,50.2909776802724,12.835458482577,-0.674490759476595,14.6448255096814,-0.731195734830823,0.139759346558213,-1.39023084692087,-0.612987042806997,-0.600084185723446,0.302656110021549,1.38357078866994,0,0.631729153318813,180.35443798406,0.185285146766317,1.77240011636501,0,4.43612267449264,0,-0.923184551033698,0.896660620844871,0.614373546346486,-0.823463650797317,1.5485546571246,"protein-coding-exon3"
1.18035882908404,-0.285361475163175,0.457690158216261,1.08173046331152,0.713033088589544,3.25067074358859,4.69910118522767,6.16508220504046,67.9725613132235,2.69796303790638,-0.446721548760098,-1.59669272707955,-2.0963901983732,-0.364216094178703,-0.653989520586729,0.351353639177207,1.12415126579433,1.98888300871304,0,2.1744363293188,250.775992010623,0.702849389380555,1.34856704523709,4.92328997261129,0.107630459623626,10.1903827996961,-1.20761321916802,-0.541554307191137,1.35487984349594,0.648728959635467,2.03479052741632,"protein-coding-exon3"
0.75880210441117,1.40086542352831,-1.80667167716945,-0.0890836852138897,-1.50315083540498,3.24179586517442,6.03914905173746,253.324529453946,1609.62689587272,-0.674490759476595,0.346796991800602,-0.783921413668963,-0.425354533003258,-1.11866184473823,0.073804460003518,0.19616278534921,2.37801229302646,0.804200520914402,0,-0.257262132592972,140.103950520405,0.848474145956249,0.482058988212016,14.9644741513051,0.562307784328419,7.51886235938125,0.102128424039731,-1.24499355179201,-0.225358954518443,1.60682256325046,-0.302569631751666,"protein-coding-exon3"
0.75880210441117,0.752316616339279,-1.56578212021352,0.0763574444690486,-0.0192711645564742,2.35036363335156,4.159359683439,5.76275438359828,7.80194535215465,-0.674490759476595,0.439374154866017,-0.344209148641448,-1.53127631881173,-0.408336878861234,-0.682691255032542,0.708505193192321,2.06917952769835,-0.424583285773087,0,1.1292872751709,252.590287772758,0.40679348938749,3.8203982397871,9.48092015363783,0.718390741844079,0,0.296796883590018,-0.411886922182068,0.345339682618295,0.93562900382881,0.244308951712727,"protein-coding-exon3"
1.51760420882234,-0.882026377777086,-2.89067468347112,0.279977296386511,-3.50735194927829,3.18410915548235,2.16492177545026,2.36663424377753,1.30871341390981,0,3.54585229328328,-0.513329250575108,-0.133682853229595,-0.208842751388811,-0.584285308361184,-0.524324765174786,1.26621433784526,0.925262964923022,0,0.828051669039157,0,-0.00529081567810992,0.413260996763513,1.74106572621506,7.47912345750974,0,0.600563478169729,-0.847325570311672,2.82271594426329,-0.289804133658912,2.39864132893433,"protein-coding-exon3"
1.09604748414947,-0.0259419522875614,0.529957025303039,1.53987513012581,-0.520321443024802,3.11064488416509,2.90343704410455,1.47914640236095,-0.17113944643436,-0.674490759476595,1.49886835439243,0.211897539481585,-1.23960463903807,-0.961361085797275,-0.576084812805238,0.33879149036174,0.772081913320279,1.8764678821336,0,0.990788145914927,140.036754381066,-1.05074509698488,1.2241744041014,0,1.64331725604655,0,-0.117357041115477,-1.10655000259514,0.760472354999872,1.18253741680845,1.34364772836472,"protein-coding-exon3"
0.75880210441117,-2.64607913333126,1.37307047464878,1.43806520416708,-2.25472625310748,3.25609428039725,3.5086919971448,27.7369533370726,62.8585119727143,-0.674490759476595,1.16529667160118,-0.387981410318395,0.0303824666430899,-0.579431119373074,-0.36902230001759,-0.243319159364193,1.63063700093243,-0.0345892697167483,0,0.468992676443043,164.630541378893,0.784922767844615,0.357329312825949,0,2.23482601121614,0,0.0653863637934843,0.209450325850068,0.400623455217241,0.949283291115207,0.0494727259979961,"protein-coding-exon3"
0.927424794280318,0.752316616339279,-2.21618392399453,0.827205648414692,-1.6380489873003,3.25264293879174,4.06332291967247,5.40775924703165,0.140938367651826,-0.674490759476595,0.498153306018662,-1.41762438385568,-0.522578426261146,0.296717193867955,-0.379272919462523,0.681061729626224,2.21124259974928,1.16738785294026,0,0.940235963736496,168.259132903162,0.635436793648451,1.62098472910064,7.98973681283456,18.4229157301227,12.7194842366976,1.30607549465248,-0.974399341998132,1.62249296652822,0.00864731742918491,1.30991851434981,"protein-coding-exon3"
0,1.63434299411637,0.554045980998632,1.18354038927025,-0.520321443024802,3.25214988999095,5.7770952467311,354.048482869118,3.4227889286872,-0.674490759476595,7.86318094544501,1.26840076450245,0.0364589599717077,-0.499449904941146,1.32848028006332,0.470983948666035,1.83446662604898,1.33168688409482,0,0.246528450075635,185.864521409803,0.2038379421059,2.09867327317563,0,30.1203683818096,0,1.01922958571248,0.375892556379218,-0.740942238774742,0.870382465199166,-0.519996792235718,"protein-coding-exon3"
0.252934034803723,1.08956199607758,0.0722668670867781,0.839931889159534,0.423965620242431,3.15058183702883,5.63490127867368,170.397665551982,321.560952823902,-0.674490759476595,-0.248341913619923,0.589930708509765,0.565113879561472,-2.20989406642866,-0.492029733356787,1.04536404527476,2.57566526283645,3.26003867080354,0,1.08687191683626,63.7019400927307,0.607536535284099,5.98024772986473,22.3109195953324,4.12213927445941,12.4172941306541,1.10262439350824,-0.254490760198556,-0.0915975105462069,0.641070046169189,0.816659711202918,"protein-coding-exon3"
0.421556724672872,0.778258568626841,0.313156424042705,-0.559954592773022,0.944287063267233,3.2654622076122,5.08994847962636,56.3968940292185,146.978583408333,-0.674490759476595,1.43568076690334,-0.931155384764149,-0.151912333215449,-0.663817856436006,2.76766725013193,1.17601039295561,2.24212587628209,3.41569038452891,0,0.572867023385024,214.893253603959,0.633316677224941,0.241347526425361,17.8347912508031,-0.579579715382783,8.85974035063245,0.496622123525743,-0.458851905999728,0.038411859261308,0.69443537870843,0.736550585715232,"protein-coding-exon3"
-0.0843113449345744,0.622606854901472,-0.457690158216261,0.687217000221437,-0.578134936694225,2.22562228675245,1.77109659690377,15.1109596465195,75.5026969563353,-0.674490759476595,-0.564279851065387,0.212892363610607,0.486119466289438,-0.579431119373074,0.72574385670126,-0.536886913990252,0.840025121692463,-0.62433631838731,0,1.80689426505576,63.2987632567008,0.331068615968129,0,0,3.88327949071259,0,1.32114296234118,0.0910653590652485,0.126756150957874,-0.149886835439251,2.12917017722932,"protein-coding-exon3"
-0.843113449345744,-0.311303427450736,-1.95120541134301,-0.789026926180168,0.597406101250698,3.26349001240905,5.56119864601564,69.0228877197716,33.774873105134,0,1.65022466861049,0.58595141199368,0.978315425907494,-1.5449748293349,-0.666290263920649,-0.757207677830745,1.13650457640745,2.05806154814653,0,0.360097736065533,105.43074262183,-1.33139876570906,0.395922234748966,1.31244653137555,5.74742049733677,0,0.665909554616452,0.92739786635155,-0.253124303337362,-0.987560843176316,0.93295690660645,"protein-coding-exon3"
-0.674490759476595,1.53057518496612,-1.56578212021352,0.636312037242071,0.539592607581276,3.13726951940758,2.72178611108878,29.2397660818713,55.6505211699495,-0.674490759476595,0.382064482492189,1.35694011198536,1.19706918573774,-1.3475916814565,26.2067336729159,0.553121075536395,NA,0.873379060347899,0,0.958933346186053,130.562098734363,0.528054673431569,0,2.85361172076559,-0.674490759476595,0,0.251594480523912,0.488838847462245,-0.492183956668264,-0.496125425303898,1.32949907310291,"protein-coding-exon3"
0.505868069607446,0.233477570588052,-1.9752943670386,0.496323389048816,-0.616677265807173,3.20136586350989,5.89025484434749,70.7978634026047,89.002579172128,-0.674490759476595,-0.0911076842865989,-0.565060105284227,-0.613725826190415,0.93854677217243,33.9685027166192,-0.575539679576304,0.957381572517145,2.26559716644702,0,0.857482734006052,162.211480362713,0.863374182049964,0,6.70014603274721,2.87066135663369,9.12867592690777,1.25337964508878,-0.0400687579887036,-0.102871050305742,1.04546067718872,1.42517430579268,"protein-coding-exon3"
0.505868069607446,-0.155651713725368,1.15626987338845,1.43806520416708,-1.21408336705787,3.2654622076122,2.30786021454464,0.496993191193281,-0.966434521041092,-0.674490759476595,0.25715878629282,-1.09928066256879,-2.32122045153207,0.710796986158892,-0.223463503899541,0.6700456914342,1.17356450824682,1.96294105642548,0,1.57767820613712,396.658810514124,0.569995077094402,0,0,-0.29853274605084,0,-0.425232945064835,-0.35083244321911,0.725604242529612,0.224312211100891,3.05444489721643,"protein-coding-exon3"
-0.927424794280318,1.58245908954124,-0.89129136073693,0.699943240966278,-0.539592607581276,3.07268012650449,1.58721225077715,2.09447130574311,0.221474577738584,-0.674490759476595,1.80305046160737,-0.310385128254717,1.10592178580847,-1.22271609354672,-0.672440635587609,0.296466712045014,1.20444778477963,0.812847838343589,0,0.54343595841813,0,0.550051769642418,0.714760636018483,0,-0.654095381581752,0,0.544966939639225,1.4024065296048,-0.192254115542029,-1.24150771661901,1.27514510900808,"protein-coding-exon3"
-0.337245379738298,0.0518839045751228,-0.240889556955927,0.254524814896829,0.385423291129483,3.26496915881141,5.98033583981842,89.304943188945,207.551880419835,0,-0.549585063277226,-0.303421359351565,-0.771714652734483,0.830283675850393,2.38224395900244,1.20384038417757,1.42680737581587,2.17047667472597,0,0.910804898769602,221.075298423084,0.492076653051388,4.47246450462442,17.8250151127668,0.305896133498997,9.60421130965531,0.843657328527021,0.139221955723473,-0.801607592294187,0.346136971671131,0.608050183418312,"protein-coding-exon3"
-0.843113449345744,1.40086542352831,0.409512246825076,-0.827205648414692,-0.520321443024802,2.96963292714001,1.46288558760652,9.60853502973676,7.16772269772143,-0.674490759476595,-0.166051102006221,0.933145033022192,1.02692737253644,-1.1533422237829,62.9654550024458,-0.911238948691159,0.982088193743394,1.79864202527092,0,0.522834212941303,0,-1.33139876570906,0.356688247679077,0.109407339086542,-0.674490759476595,0,-0.495655227203473,-0.645552212040296,-0.512267558980624,-0.684205646958783,-0.876508824087669,"protein-coding-exon3"
0.590179414542021,-2.02347227842979,2.38480661386368,0.521775870538498,0.481779113911854,3.2654622076122,3.68662057497583,22.329194090041,101.294418236619,-0.674490759476595,1.23289269542672,0.0835652268378079,0.121529866572359,-0.857241278616301,-0.676540883365582,1.04748994738199,1.63063700093243,3.00926646535712,0,1.08773753639411,121.625012202366,0.700002037491104,0,0,-0.368942006680274,0,-0.171422660469055,-0.389693103609691,-0.0469157980846443,1.11181302019414,2.17240704282279,"protein-coding-exon3"
0.0843113449345744,1.08956199607758,-0.120444778477964,-1.4762439264016,-2.21618392399453,3.23292098676026,3.50943646818176,13.2058190802786,-0.503351313042235,-0.674490759476595,2.99920618756368,0.458613923478924,0.887168025978224,-1.40398499346826,-0.627337910029903,0.00773055311721049,2.57566526283645,NA,0,0.568192677772635,0,-1.33139876570906,3.43747932647282,12.9937228962808,11.7298985510412,0,0.301711939894888,-0.269817846133638,-0.180240262687688,0.47504456715824,1.14866102220334,"protein-coding-exon3"
-0.252934034803723,0.0518839045751228,0.529957025303039,-0.44541842606945,-1.90784529109094,3.08845768812967,1.04895969106239,313.295041191269,1.77179662190867,2.02347227842979,-0.677429717034227,-0.124353016127691,-0.820326599363427,0.459891982983585,-0.666290263920649,1.05831272174609,1.1612111976337,NA,0,4.69477423395439,NA,0.0303318779271814,0,0,2.15318816031032,0,-1.30994307994155,0.0730066353184072,-0.0357075041112382,-0.191804340265477,2.36961714246964,"protein-coding-exon3"
-0.421556724672872,-0.0778258568626838,0.529957025303039,0.292703537131353,-0.366152126573009,3.08895073693046,1.39364978117018,83.2463595248745,-0.593954549389838,2.02347227842979,1.55176959042981,0.2218457807718,-0.729179199434157,0.459891982983585,0.239864495011433,1.5681426998261,1.20444778477963,-0.532674753637926,0,4.69165800354613,NA,0.240900893572078,0,0,-0.674490759476595,0,0.828267562064229,0.337867916938681,-0.18888752174782,-0.422350616809739,0.732080265707855,"protein-coding-exon3"
1.43329286388776,-0.0778258568626838,-0.746757626563373,0.839931889159534,-0.886473569597811,3.24130281637364,5.27234388367908,2.22463618915088,-0.34227889286872,-0.674490759476595,-0.130783611314634,-1.52804986217706,-1.97486033180084,-0.316712497475937,-0.649889272808756,0.925540471957999,1.20444778477963,1.66028494640393,0,1.34482654507551,372.468200352327,0.670552554388233,5.36398510349547,12.6931335091861,0.0393203806282999,0,1.27835780008075,-0.87595966853032,1.83991521184114,0.587124655667576,1.54066766822069,"protein-coding-exon3"
-0.674490759476595,0.518839045751227,0.240889556955927,-0.878110611394058,0.713033088589544,3.26496915881141,4.71399060596667,35.8900083068862,238.920734248627,-0.674490759476595,-0.674490759476595,1.84738840759298,0.887168025978224,-1.4100294754114,-0.625287786140917,0.132965513616016,NA,1.45274932810344,0,0.781481336826836,87.6909618365122,-1.33139876570906,0,2.98892528849793,-0.674490759476595,0,-0.848894683605981,0.243274602074303,-1.08608476790499,0.0738727974664849,1.4694661810583,"protein-coding-exon3"
1.60191555375691,-1.45274932810344,0.240889556955927,0.152714888938097,-3.39172496193945,3.25067074358859,5.45697270084265,51.5571270006934,113.606391353633,-0.674490759476595,1.38424900964478,-1.0584928732789,0.717026212776921,0.316804279197416,-0.684741378921528,1.10295666599797,1.41445406520275,-0.129709761437807,0,0.393164403175397,0,0.627974931375764,6.88737991522982,5.49913136047243,18.4946941989019,15.6579195024696,-1.12832772074191,-1.01818556258978,2.36271386792469,0.318766180848517,1.66649710116528,"protein-coding-exon3"
0.252934034803723,1.19332980522782,-0.770846582258966,-0.71266948171112,-3.39172496193945,3.24623330438151,5.62373421311943,55.0952451951408,120.230494633268,9.44287063267233,2.37320822778802,0.662552869928337,-1.64065319872685,-1.30076989182758,8.98364288153933,1.56079867436475,1.06856136803527,-0.382211430370071,0,0.747375926247552,125.589584423327,0.530281387887546,7.89639245396757,12.2981130744659,1.39916211733885,9.72763086234161,-1.29213607267309,-0.73340137390047,-0.198461272850113,0.770177444600755,1.75346614963121,"protein-coding-exon3"
0.252934034803723,-0.0259419522875614,-1.73440481008267,1.45079144491192,-0.173440481008267,3.26496915881141,5.09888213206976,70.5966994918836,78.6838772547622,-0.674490759476595,3.28575454943283,0.15618738825638,0.461813492974966,-1.6034266742427,-0.676540883365582,0.664054512768362,1.90240983442117,3.06979768736143,0,1.2342003655823,170.476605501327,0.580062669049615,0.34530109048362,0,0.0127027575078147,0,-0.435224207061621,-0.723192217357177,1.05523310930057,-0.49170193577021,1.82966650778065,"protein-coding-exon3"
0,-0.259419522875613,0.62631284808541,1.59078009310518,-1.38752384806614,3.26398306120984,4.98274465030558,63.7216270137099,23.2950987675946,-0.674490759476595,-0.89932101263546,0.459608747607945,0.753485172748629,-1.5224096375255,-0.649889272808756,0.729570950436719,2.0444729064721,0.683138076905782,0,1.18468692687329,0,0.851174629445412,0,15.2586177331011,-0.674490759476595,0,-0.774685390871787,-0.136233777161613,-0.492183956668264,0.592052999985012,1.88888155885113,"protein-coding-exon3"
1.01173613921489,0.778258568626841,0.216800601260334,1.15808790778057,-1.09845637971903,3.25905257320197,5.63266786556283,5.06459728168391,25.932659647936,0.674490759476595,-0.781762710330171,0.157182212385402,-3.53651911725566,0.121400994168069,-0.170160282785889,0.258007210286893,1.38357078866994,0.259419522875614,0,2.36244889728378,414.129806742088,0.712407679625092,0.185126813115806,0,7.62062184275591,4.86671476930118,-1.02938199709631,-0.283820369086681,0.491912556637017,1.24697520039037,1.94669210811843,"protein-coding-exon3"
0.421556724672872,-0.181593666012929,1.18035882908404,-0.305429777876194,-0.867202405041337,3.05838171128167,1.82172062741637,272.293102917823,13.3186757430975,-0.674490759476595,0.357083343252315,-0.399919299866654,-1.24568113236668,-0.651269983942342,-0.524831715580573,-0.436389723466519,NA,0.0259419522875614,0,1.92634976403903,193.054508319004,0.372878733146836,2.47746176674485,6.25694320341946,13.5201754503594,0,0.951143969685996,-0.258069966706931,0.500422557616838,0.346136971671131,1.61171451653191,"protein-coding-exon3"
-0.421556724672872,-0.441013188888543,1.44533734173556,0.190893611172621,-0.404694455685957,2.55202059287343,1.19413154326761,19.1934037170357,-0.120804315130136,2.02347227842979,0.373247609819292,1.71308715017507,0.783867639391719,1.09992526188197,33.5769290538227,1.36366956987589,0.858555087612149,0,0,1.41961607487374,0,0.643914890497323,0,0,-0.674490759476595,0,-0.815939633955291,0.176302535150316,-0.0403029046403298,-0.586806960744645,2.9598220992789,"protein-coding-exon3"
0.252934034803723,1.42680737581587,-0.505868069607446,-0.470870907559133,-4.81779113911854,3.2048172051154,5.81208538546775,2.55596498327973,6.20128817668034,-0.674490759476595,-0.392350833943902,0.477515581930333,-0.710949719448303,-0.453152582292107,-0.61093691891801,1.36463588901554,1.42680737581587,2.57690059389776,0,0.528893549846252,177.868180828542,0.333650657198995,0,0,-0.674490759476595,0,0.464633970197322,-0.19801421099071,-0.290413812506959,0.760762833363127,1.69741118333902,"protein-coding-exon3"
0.0843113449345744,0.622606854901472,-1.08400300630167,-1.4126127226774,-0.308338632903587,3.16290805704851,3.33448577449853,5.7390880411605,0.785228048345887,-0.674490759476595,0.0411454058068511,-0.522282667736302,0.206600773173011,-0.678057134939789,14.246310904568,0.683574159389318,1.93946976626054,0.700432711764157,0,1.21775359398315,147.159545150929,-1.33139876570906,0.420444726794688,2.47402898973571,10.221196395947,0,-0.729644137192726,-1.60914427029121,-0.522950326168048,0.727110605960581,0.470679349868142,"protein-coding-exon3"
-0.0843113449345744,1.03767809150245,0.192711645564741,-1.22171911150478,-2.27399741766395,3.2654622076122,5.47632894780335,70.135205814347,51.8854533483936,0,-0.599547341756974,0.408872717027847,-0.0121529866572359,-2.32454254823076,-0.680641131143555,0.395417791945306,2.56948860752989,3.45892697167485,0,0.660467722639428,175.381923673024,-1.33139876570906,0,0,-0.283819514261843,6.83044527087902,0.770173208034528,-0.544632067619631,-1.20000436085321,1.194056470558,1.46202399860713,"protein-coding-exon3"
1.01173613921489,0.441013188888543,0.602223892389817,1.90893611172621,-1.25262569617082,2.88827987501016,6.08381731395446,14.3891362021674,24.825286759243,-0.674490759476595,11.2047756884729,-0.732190558959844,-2.02347227842979,-0.756976303737457,-0.676540883365582,0.946799493030328,1.16738785294026,0.198888300871304,0,0.583773829813932,370.183531614824,-0.0428843884614571,8.63431744401391,8.6010677303693,3.12059940216567,15.0382079417842,-0.821096414340729,-1.204770088174,0.567904565386465,1.22927460037942,2.43904745915494,"protein-coding-exon3"
-0.337245379738298,1.86782056470442,-1.61396003160471,0.0636312037242074,-1.59950665818735,3.25905257320197,5.59842219786313,58.1008706847383,45.9056397494519,-0.674490759476595,1.33575620994385,0.793869654959178,0.425354533003258,-0.399958518857627,0.383373167240496,0.412618272631099,0.938851606597458,1.79864202527092,0,1.22294731133025,148.033094962327,0.817837871425245,0,4.62748122444647,-0.674490759476595,0,0.904330072749441,0.399751393952771,-0.235414162618749,-0.238488165733943,1.00651725057929,"protein-coding-exon3"
0.927424794280318,1.58245908954124,-2.19209496829893,-0.152714888938097,-1.36825268350966,3.23440013316262,6.03691563862661,31.9495622909966,0,0.674490759476595,-0.708288771389366,-0.481494878446419,-0.473966479632202,0.20964256353313,5.3446729785881,0.951244561072723,1.85917324727523,2.78443621219825,0,0.97624573734305,230.953130905818,0.50392087888105,0,0,35.660718154049,0,-0.89909271767048,-0.15067873277267,0.850548312214754,0.736838644806363,1.78833011099087,"protein-coding-exon3"
1.34898151895319,0.0778258568626841,0.0722668670867781,1.46351768565676,-1.0406428860496,3.15847061784142,5.98331372396622,6.2242480611349,7.97308479858901,0.674490759476595,14.1231605432016,-1.80859026656114,-4.30215727666153,0.0948629649860654,-0.35672155668367,-0.303617473678433,1.40210075458963,-0.800741593942727,0.406973897434037,0.883797568564687,560.012625245589,0.570629927598872,1.22733472526227,6.95024327833563,3.29865063405995,7.76772221557199,-0.944617419510675,-1.09998643603983,0.89473005548744,1.46438868312218,-0.391243922873625,"protein-coding-exon3"
1.68622689869149,-0.38912928431342,0.433601202520668,1.4762439264016,-1.7151336455262,1.34553017734768,6.02202621788761,-0.283996109253303,-0.624155628172372,1.34898151895319,-0.183684847352014,0.312374776512759,-5.79089814217293,-0.13830194259475,-0.391573662796443,-0.481226931546338,2.76096492203332,NA,0,1.02627854778677,727.398208337352,0.602590386577632,0.717435907887256,0,2.97360251534886,9.86690891601376,0.380594564853386,-1.21072421930166,1.10536845433577,1.7204585725747,2.75019578526458,"protein-coding-exon3"
-1.01173613921489,-0.337245379738298,0.746757626563373,0.610859555752388,0.55886377213775,3.25609428039725,5.87313201049764,44.2087276737642,65.798083640881,0.674490759476595,2.5084002754391,0.517308547091194,0.941856465935786,-1.49960843557515,-0.664240140031662,0.875291876696132,2.0444729064721,0.51019172832204,0,0.713789887402978,126.328741956048,0.50329787260241,0,6.86021686433086,4.92466318473242,0,0.128073475353966,-0.149822312479522,-1.60813368515465,0.0400784364326601,1.46298239265375,"protein-coding-exon3"
-0.168622689869149,1.1414459006527,-0.602223892389817,-0.0127262407448411,0.154169316451793,3.22059476674058,4.81226078284405,42.0077578270511,49.3284286781391,-0.674490759476595,1.11386491434261,-2.33684187907157,0.285595186445045,-1.07863190249878,-0.567884317249291,0.868914170374434,2.14947604668365,1.8159366601293,0,2.31016547598965,179.615280451339,0.606245514668666,0.233482727181986,1.98797766968505,-0.674490759476595,7.9500949769093,0.52393694462986,0.275472711172364,-0.676412385571968,0.496139837499612,1.33409379855443,"protein-coding-exon3"
0.674490759476595,-0.518839045751227,-2.38480661386368,0.890836852138899,0.655219594920121,2.90602963183849,5.81655221168945,18.7082436970613,0,-0.674490759476595,0.596608384199341,0.0795859303217222,-0.455736999646348,0.540187877603442,9.0656478370988,1.70478022617279,1.69858020930461,1.16738785294026,0,0.354384646983724,309.774202349672,0.525384984929563,0.513668200430494,0,19.6393576293198,0,0.989255799722124,-0.347655400196144,1.30622668400763,-0.0632925502590167,2.10326765356171,"protein-coding-exon3"
0.843113449345744,-0.415071236600981,-0.337245379738297,0.763574444690485,-0.0770846582258967,3.10324915215328,6.07711707462191,13.3478171349053,10.3489029961484,0,2.35557448244223,-1.09132206953662,-1.03908035919367,-0.191889356264141,2.09317649065533,1.09155410015009,1.47622061826837,NA,0,0.859906468768031,420.580636118567,0.612106037609183,0,3.03398683904005,7.70607884992507,0,1.17441644543676,-0.273623901030269,0.889540924566159,0.616397036344936,0.626441708543083,"protein-coding-exon3"
-0.421556724672872,0.700432711764157,0.0481779113911854,1.67986377831907,-2.08128577209921,3.12790159219263,2.29669314899039,16.1996113986572,56.0632692466442,-0.674490759476595,0.465824772884707,0.271586987222876,0.565113879561472,0.445285577593885,-0.621187538362943,1.19630309488829,1.01914812558277,0.0605312220043099,1.56254058065654,1.80100805206238,0,-0.885700547738877,8.07014011070099,8.48144432703481,14.4866115884879,5.2672627249494,0.823916528614016,-1.90765309475438,-0.351012357932532,-0.155904190146669,0.247021995464214,"protein-coding-exon3"
-0.505868069607446,0.285361475163175,0.409512246825076,0.509049629793657,0.366152126573009,3.23045574275632,1.65495911513959,88.6541187719062,141.441718964868,-0.674490759476595,-0.556932457171306,0.309390304125695,0.164065319872685,-1.23538197111086,-0.143508672229063,0.799145928491611,1.49475058418806,1.68622689869149,0,1.24095219813353,0,0.586742812417544,3.44760035500067,5.71173550524025,-0.674490759476595,0,-0.231128508369205,-0.333680704196513,0.0915975105462074,-0.737534377761013,1.19070965139244,"protein-coding-exon3"
-0.337245379738298,0.415071236600982,-0.313156424042705,2.18891340811272,-0.23125397467769,3.20925464432248,5.39294819166496,14.0578074080385,1.00670262608447,-0.674490759476595,0.498153306018662,0.897331364377417,0.644108292833505,-1.06823434462263,-0.615037166695984,1.18702643114764,2.52625202038395,2.77578889476906,1.10344465419947,0.016100523776007,131.032471709731,0.460694192293116,0,0,-0.674490759476595,0,-0.915852253923154,0.0361444981856891,-0.227577320016861,-0.230624847312454,2.07284215345841,"protein-coding-exon3"
0.421556724672872,1.34898151895319,0.216800601260334,-0.330882259365877,-1.29116802528377,-0.623213684194749,-0.0416903780691936,2.88729377740858,12.0804315130136,14.8387967084851,0.62746743855448,0.392955530963503,0.346360119731225,0.00587403017467278,77.4024274286895,1.79831991889104,1.32180423560432,-0.800741593942727,0,-0.7603602196153,0,0.654868430544594,0,7.60261248960524,-0.674490759476595,9.11879181964513,0.479862587273069,-1.08896543888667,0.184179940560643,0.621305108191695,1.8163190672698,"protein-coding-exon3"
1.26467017401862,0.233477570588052,-1.49351525312675,-0.114536166703573,-0.520321443024802,0.651317465839607,1.60210167151615,23.6663424377753,33.2211866607875,-0.674490759476595,7.28273682781265,-0.634697794315734,0.0911473999292696,0.14830615023599,1.377683253399,0.7307305334043,0.290302799408425,0.873379060347899,0,0.458085870014135,0,0.789653351640982,0.286957161406811,3.25384788627329,-0.402774043068432,0,-1.11608036732649,-1.41376622903459,1.30974997038747,0.891208580820447,0.744122784718153,"protein-coding-exon3"
-0.843113449345744,0.285361475163175,-1.54169316451793,1.17081414852541,0.32760979746006,3.26398306120984,5.89844402575393,20.7080496330534,76.6100698450282,-0.674490759476595,2.04551446011203,0.776957644765812,0.38889557303155,-0.826494401920749,-0.688841626699501,1.36656852729484,1.20444778477963,NA,0,1.15213963149814,214.624469046605,0.623298831018213,0,21.0149904400347,6.45767521746027,15.3928936397337,-0.660672199537492,0.613552856702092,-0.806762689041571,-0.419394895315586,-0.636413093318607,"protein-coding-exon3"
-0.843113449345744,-0.985794186927331,0.240889556955927,0.903563092883741,0.32760979746006,3.26349001240905,4.32835460882663,85.7904913369353,169.961604361841,0,-0.148417356660427,1.17289764811638,1.1484572391088,-1.55326140761703,-0.645789025030783,-0.300331988603619,1.72946348583742,0.441013188888543,0,1.06869390612141,0,0.694499210170643,0,0,3.07338813005922,0,1.25982562057058,-0.347655400196144,-1.02912497143088,-0.234749234915887,0.557873923220202,"protein-coding-exon3"
-1.01173613921489,-0.830142473201963,0.409512246825076,-0.598133315007546,0.250525139234164,3.24327501157679,5.481540245062,34.754023869873,53.9793948106493,-0.674490759476595,0.567218808623019,0.584956587864658,1.20314567906636,-0.410290518361292,-0.701142370033421,-0.530702471496484,1.27239099315182,0.760963933768466,0,1.04151345200493,0,-1.33139876570906,5.61459057073924,20.1514673901895,-0.674490759476595,0,-0.365849395938774,-0.56361777050382,-1.55274334142782,0.0785551486940503,0.400755533877147,"protein-coding-exon3"
-0.0843113449345744,-0.933910282352208,0.9876471835193,0.827205648414692,0.250525139234164,-0.711469419535619,3.70969917712127,-0.141998054626652,-0.895965337215179,21.583704303251,0.152825792996876,-1.0306377976663,-1.00869789255058,0.671907759600679,2.4806499056738,0.933464288903139,1.28474430376494,-0.6978385165354,0,0.615801753454376,0,0.21260266921985,0,0,-0.674490759476595,0,-1.2678025152293,0.329876412751864,-0.295849430614755,0.326262292658691,0.542108743769789,"protein-coding-exon3"
-0.0843113449345744,1.73811080326661,-0.144533734173556,-0.369060981600401,-1.92711645564741,0.519673436029482,1.18743130393507,-0.686323930695483,1.00670262608447,0,1.27403810123357,1.11022372798802,-0.516501932932528,0.782281835516739,-0.537132458914492,0.763971911808304,1.29709761437807,NA,0,0.966031426560421,0,0.215919052452155,0,0,5.64919233996785,0,0.110427617472545,0.113575176693349,-0.158683011227928,0.125873275536119,0.348519914897272,"protein-coding-exon3"
0.927424794280318,-0.544780998038788,-0.192711645564742,1.66713753757423,-1.90784529109094,2.70683791632055,3.64567466794358,37.073325428775,558.488415872882,0,-0.402637185395615,-0.239752615094188,0.382819079702932,-0.611502275192827,-0.547383078359425,1.69724293688351,1.27856764845838,NA,0,0.611646779576697,111.008022186911,-0.714489894525947,0,0,9.0964277901775,0,0.887570536496767,-1.50152398357686,0.972861980432837,0.687507247817371,1.36341967251449,"protein-coding-exon3"
0.674490759476595,0.752316616339279,0.481779113911854,0.26725105564167,-1.17554103794492,2.86855792297868,5.4770734188403,75.8979601979453,-0.795295074606732,-0.674490759476595,-0.68771606848594,-0.989850008376419,-0.486119466289438,-0.253422444678738,-0.416175149464282,0.721067342007788,1.28474430376494,-0.875973255576655,0,0.721926711246767,304.936080317312,0.581756393343257,0,0,-0.206841846583749,0,-0.26327781108467,0.00910653590652731,1.33809230441273,-0.0864731742918738,1.96428764567223,"protein-coding-exon3"
0.590179414542021,-0.596664902613911,-0.722668670867781,-0.534502111283339,-0.597406101250699,3.2654622076122,5.53588663075934,-0.0591658560944382,0.0402681050433789,-0.674490759476595,-0.298304192099671,-0.988855184247397,-1.20314567906636,1.12468010333237,6.27132897641004,1.05618681963885,1.24768437192557,0.0605312220043099,1.301559384065,0.740624093696323,0,0.202651150677768,0,0,-0.0597853700947519,0,0.872100195340453,-0.539982403796325,1.69003303793189,-0.64168291137616,1.02669762293661,"protein-coding-exon3"
0,0.337245379738298,-1.22853674047523,0.330882259365877,1.05991405060608,3.2615178172059,4.71547954804057,34.3161965347741,0.332211866607875,-0.674490759476595,4.09690683533932,0.878429705926008,0.911473999292696,-0.910540235446758,-0.662190016142675,0.448565344626126,1.69858020930461,0.475602458605291,0,0.478168243756252,0,0.0801131590892508,0,0,-0.674490759476595,0,1.14887426759014,-0.619244441643676,-0.557912109690512,0.674490759476595,2.72078872865914,"protein-coding-exon3"
0.337245379738298,0.38912928431342,-0.144533734173556,-0.318156018621035,-1.61877782274383,3.2654622076122,6.08381731395446,74.4069806243654,134.445135713581,-0.674490759476595,0.884626224847299,-1.38877448411405,0.224830253158865,-1.50651828803509,-0.684741378921528,0.893458676521576,3.26127400186486,0.639901489759847,0,-0.0174855150685667,200.916456621587,0.773756031732409,0,6.83996629268421,-0.674490759476595,0,0.847202615042009,-0.382474508074038,-0.147111153301481,0.811887025295901,1.38966091603454,"protein-coding-exon3"
0.421556724672872,1.99753032614222,-1.34898151895319,1.13263542629089,-3.02557283536644,3.2654622076122,5.1532285177671,31.8548969212455,9.36233442258558,0,-0.614242129545135,-0.407877892898826,-0.559037386232854,0.93133535119906,4.05104480463754,0.898870063703623,1.68005024338493,1.98888300871304,0,0.967416417852981,106.304292433228,0.768125286772988,0,0,3.32285216683511,0,0.58589888394864,-0.928736569095415,-0.214599881851108,1.04546067718872,1.43668126286338,"protein-coding-exon3"
0.75880210441117,0.415071236600982,-0.529957025303039,0.509049629793657,-1.7922183037521,3.24919159718623,5.70488155614696,38.8719674540459,132.733741249237,-0.674490759476595,-0.102863514517128,-0.556106688123034,0.601572839533179,0.225809258187977,-0.526881839469559,-0.116344824414014,1.44533734173556,1.53922250239531,0,0.661852713931988,100.391032171455,0.703448707207536,0.349681535636975,3.58568868605768,-0.014197916555592,0,-1.24298550962438,0.332570691306275,0.592330568198789,0.773416070866493,2.52188295921864,"protein-coding-exon3"
1.34898151895319,1.01173613921489,-0.0963558227823708,0.941741815118265,-0.963558227823707,3.26250391480748,2.86100219499841,9.82153211167674,6.57376814833159,-0.674490759476595,-0.298304192099671,-0.839631564894169,-0.99046841256473,0.407301056575968,13.0859407834015,-0.385561336720861,1.03767809150245,0.0345892697167485,0,3.01737665475297,87.7581579758506,0.616990596341335,0,3.66769544397001,1.8907362836176,13.9653430101305,-0.375034911000336,-1.49493171503673,1.0131663571103,1.32581198904751,1.00765332399534,"protein-coding-exon3"
0.590179414542021,0.155651713725368,-0.313156424042705,1.00537301884247,-0.289067468347112,3.2654622076122,5.4726065926186,25.169155182574,21.5937713295119,-0.674490759476595,0.129314132535818,-0.898326188506438,-0.0972238932578877,0.634224807096194,-0.633488281696863,0.676423397755899,1.15503454232714,0.735021981480905,0,1.91059548808617,219.126610382273,0.705050046539706,0.343814939456706,2.58219497415182,8.4611206259453,0,-0.262874937617058,-0.478407153572076,-0.217938904403036,1.30343401077014,2.59986638133054,"protein-coding-exon3"
0.927424794280318,0.933910282352209,-1.44533734173556,0.967194296607948,-0.578134936694225,3.25757342679961,3.32555212205513,33.6298726040787,21.9964523799457,-0.674490759476595,-0.671551801918963,-0.363110807092858,0.668414266147977,-0.406239010941708,-0.670390511698622,0.413004800286958,2.67449174774144,2.95738256078199,0,0.452719028755466,95.8216946964494,0.486408006569312,0.490866883295485,0,-0.0738444698003465,0,-0.395581457848566,-0.400687579887081,1.49609267225466,0.103767809150244,1.83474690547887,"protein-coding-exon3"
-0.0843113449345744,0.415071236600982,-0.843113449345744,1.06900422256668,-0.616677265807173,3.2654622076122,5.78528442813755,95.1623629422944,183.934636811894,-0.674490759476595,2.58187421437991,0.896336540248395,0.595496346204562,-0.648306745506011,-0.682691255032542,0.024351242319212,1.52563386072087,NA,0,0.212769287319491,144.942072552764,0.702913348200035,0.724158591065532,5.76824373169193,11.4239055843248,0,0.135647496545078,0.332570691306275,-0.130679115045922,0.0479637873405571,2.20513258022147,"protein-coding-exon3"
-0.590179414542021,1.58245908954124,-0.554045980998632,0.814479407669851,0.385423291129483,3.25708037799882,6.07562813254801,75.4364665204087,18.281719689694,-0.674490759476595,1.33281725238621,0.37803316902818,0.35851310638846,-1.5224096375255,-0.697042122255448,0.796826762556448,2.91538130469737,3.00061914792793,0,2.21598606809559,0,0.551565461703448,0,9.92573443429025,23.0622425725738,0,-0.440139263366492,1.11391147208609,-1.07059170326403,0.229326858222038,1.23475039649185,"protein-coding-exon3"
0.843113449345744,-0.103767809150245,0.0963558227823708,0.674490759476595,-0.385423291129483,3.2654622076122,6.08381731395446,-0.366828307785517,3.32211866607875,-0.674490759476595,3.7941942069032,-0.372064224254051,-0.413201546346022,0.231027704637798,-0.576084812805238,-0.799532456147471,1.85917324727523,1.69487421612068,0,0.884143816387827,161.53951896933,0.631715337892771,0,0,0.0485960548295924,0,0.477445346467395,-0.306496096555416,1.52981513882391,-0.0914421552026813,1.18120323678298,"protein-coding-exon3"
1.51760420882234,-0.337245379738298,0.0481779113911854,0.941741815118265,-2.42816673411574,3.22158086434216,6.07562813254801,34.1031994528342,101.626630103227,0,3.72072026796239,-0.924191615860999,-4.00440910355924,0.763899267871893,16.0237683163194,0.076532475860382,1.36504082275025,0.285361475163175,0,1.51241049147524,192.852919900989,-0.429335419986502,1.99356259152778,1.19272644096158,16.8164323402011,0,0.514751429568299,-1.532499899698,0.791862461302025,1.73440481008268,1.58540476054913,"protein-coding-exon3"
-0.590179414542021,1.11550394836514,-1.51760420882234,0.649038277986912,0.0192711645564742,3.26349001240905,4.56360745650279,5.32492704849944,10.6408467577129,-0.674490759476595,-0.330632725233625,-0.339235027996341,0.121529866572359,-0.0700425651631733,-0.348521061127724,0.768996771334491,1.23533106131245,-0.112415126579432,0,0.905611181422503,152.938413134024,0.517636492391799,0,3.607137103189,-0.674490759476595,0,-0.517329819761018,0.664777121176301,-0.937112992511161,0.103767809150244,0.816225003144017,"protein-coding-exon3"
-0.75880210441117,1.19332980522782,0.843113449345744,1.31080279671867,-0.79011774681544,3.25708037799882,4.43183608296266,24.849659559664,54.7344217802127,-0.674490759476595,1.0580247207476,0.0487463823220552,1.05730983917953,-0.835187442112284,24.6014866678393,0.79025579240682,1.46386730765525,2.68931572047719,0,0.296561260519355,0,0.818238206258288,0.494467249174955,12.3381307823618,-0.331609077050719,0,-0.00882292894071045,0.127805521170877,-0.529581009249898,-0.533648819279389,1.43081089404886,"protein-coding-exon3"
0.505868069607446,1.78999470784173,-1.54169316451793,1.32352903746351,-4.5479948353279,-0.837689912537087,5.38550348129546,92.2040701375724,21.2112243315998,2.69796303790638,-0.220421816822417,-1.755864587723,-0.57119037289009,0.575458282000472,-0.0451027255577054,-0.313280665074946,1.43298403112244,0.198888300871304,0,-0.43402164630591,0,0.546102904750808,0,0,2.45612038477303,0,-0.106479457489944,-0.6050382456295,-0.582560167073856,1.49886835439243,1.14268273115899,"protein-coding-exon3"
0.927424794280318,1.34898151895319,-1.6621379429959,0.254524814896829,-0.732304253146018,0.226802448362013,1.98624872658229,3.26595525641299,-0.533552391824769,-0.674490759476595,-0.86552300072269,-1.1460373966328,-1.95055435848637,0.0112104816949672,-0.309568707236978,0.689758601883086,1.17974116355339,-0.893267890435029,0,-0.227311695891368,135.198632348707,0.595256441943906,0,6.41846434119531,38.2711520893667,0,0.404122375361948,-0.827961065548663,0.96068858217417,0.639327734101038,0.84321417506611,"protein-coding-exon3"
0.252934034803723,1.06362004379002,0.0963558227823708,0.674490759476595,-0.55886377213775,3.2501776947878,5.50983014446609,25.8791454557073,168.87436552567,2.69796303790638,0.0808213328348861,0.844605685539277,0.401048559688786,-1.0904979679186,-0.688841626699501,1.23282995836711,1.23533106131245,-0.35540474633959,0,0.480072606783521,139.49918526636,0.41455619499625,2.23102672331148,2.86928039914577,12.3591654894101,8.95102557237373,-0.768158840696466,-0.485539067392582,0.167030754525433,0.325342601629886,2.2990919775564,"protein-coding-exon3"
-1.01173613921489,-0.103767809150245,-0.313156424042705,-0.559954592773022,0.173440481008267,3.26349001240905,5.1413169811759,56.3968940292185,37.2479971651254,-0.674490759476595,1.16088823526473,0.258654273545597,1.2517576256953,-2.30116443260254,-0.524831715580573,1.11435923184586,2.71772833488738,1.08956199607758,0,0.981785702513289,0,-1.33139876570906,0,11.6944096932013,7.51743690810903,0,1.30752583913588,1.33410751030586,-1.5849145006631,0.0562075632897075,1.97334821800218,"protein-coding-exon3"
1.01173613921489,2.04941423071735,-0.481779113911854,0.839931889159534,-1.81148946830857,3.20777549792012,5.67956954089067,8.12938862737581,31.831937036791,-0.674490759476595,-0.505500699912742,-0.00795859303217222,0.157988826544067,-0.910540235446758,55.1667837287407,-0.33144746490039,2.21124259974928,1.40086542352831,0,0.587236308045331,136.609751274812,0.364493021259435,0.335255069578266,3.19743097539667,8.69063566564351,12.1427136308977,0.640286802076307,-0.0357756767756319,0.0436178621648561,1.66079966767947,2.4991021107297,"protein-coding-exon3"
0.590179414542021,-0.674490759476595,1.25262569617082,1.11990918554605,1.02137172149313,3.26102476840512,6.08381731395446,19.2052368882546,56.0632692466442,0,0.251280871177555,-0.400914123995675,-0.51042543960391,-2.30116443260254,-0.690891750588488,0.129680028541202,1.27856764845838,NA,0,0.508984300015706,144.740484134749,0.874263763277755,0.176279914068642,3.30329795592292,2.67144224800321,10.4075036892323,0.553024408991472,-0.885610616909524,0.263689803087551,0.777537958841068,2.36794144184727,"protein-coding-exon3"
0.0843113449345744,0.57072295032635,0.144533734173556,0.954468055863106,0.385423291129483,3.25757342679961,2.72774187938438,24.3171668548141,61.2377207447183,-0.674490759476595,-0.170459538342669,-0.166135629546595,-0.86893854599237,-0.58812415956461,0.0635538405585849,0.485092208104944,2.01358962993929,1.46139664553262,0,1.71704295495094,120.012304858246,-0.0330584187131696,4.79898768684334,4.57631227338385,11.9412116545056,0,0.746645397525967,0.737330833480734,0.755304062372796,-0.433688958279128,1.91211985739415,"protein-coding-exon3"
-0.337245379738298,0.95985223463977,-1.51760420882234,-0.0636312037242069,-0.269796303790638,3.17967171627526,5.45101693254705,24.9443249294151,39.1707991809467,-0.674490759476595,0.487866954566949,0.0457619099349905,0.243059733144719,-1.28363293325996,-0.651939396697742,1.33120124678361,1.09326798926151,2.00617764357141,0,0.0992000013295917,89.2364730412937,0.745971846781188,0,0,-0.674490759476595,0,0.429503403821526,-0.53262129521576,-0.597990251777252,0.171821494284002,1.47944274733111,"protein-coding-exon3"
0,0.57072295032635,0.120444778477964,-1.34898151895319,-0.616677265807173,3.2654622076122,5.11898285006741,24.1633356289686,29.6171912594051,-0.674490759476595,-0.0411454058068511,0.647630507993014,0.48004297296082,-1.6020761717695,-0.686791502810515,-0.0258973529426545,1.30945092499119,1.49598591524937,0,1.34967401459947,0,-1.33139876570906,0,3.04799035105141,-0.674490759476595,0,0.827461815129004,0.0101439893642343,-0.791912654469085,0.924934585780137,1.09434243549397,"protein-coding-exon3"
1.01173613921489,0.0518839045751228,0.26497851265152,-0.241798574151987,-1.23335453161435,3.2654622076122,4.99316724482288,13.1111537105275,34.227889286872,-0.674490759476595,-0.157234229333324,-0.995818953150549,-0.838556079349281,-0.473475677762515,-0.471528494466921,-0.0560465100997747,2.69919836896769,3.19086013137005,0,1.9997543025447,0,0.698995278295583,0.265261956678106,3.20634230122209,2.35151342385789,0,-0.819243196389712,-1.4176326576405,0.122374274089728,1.64395881109762,1.30085449817693,"protein-coding-exon3"
1.18035882908404,0.207535618300491,0.192711645564741,1.27262407448414,-3.89277524040778,3.26349001240905,5.78528442813755,161.428121768065,227.51479349509,0,0.50256174235511,0.423795078963171,0.224830253158865,-1.54311297155632,-0.578134936694224,0.457648744538848,1.75417010706367,3.14762354422411,0,0.0583427581990793,131.838825381791,0.692338823379313,0.425070196848174,9.40550423164338,-0.407641435838098,8.98236917473774,0.272785624920322,-0.792148801026762,0.901512340638949,1.08125602012585,1.88701359931341,"protein-coding-exon3"
1.18035882908404,0.778258568626841,-1.08400300630167,1.08173046331152,-1.42606617717909,3.2654622076122,5.73689381073581,45.9837033565973,214.246452883297,-0.674490759476595,-0.0161642665669772,-0.461598395865989,-4.11378598347437,-1.47086764507765,-0.563784069471318,-0.0481226931546337,1.80976000482273,2.0840035004341,0,0.155984644324541,308.766260259597,0.624606433549808,0,19.0230217425689,0.7820839755551,13.5644655842402,-0.713287474407664,-1.4024065296048,0.395356776289168,1.6732559225477,1.69423545840269,"protein-coding-exon3"
-0.927424794280318,0.518839045751227,0.192711645564741,0.44541842606945,-0.346880962016535,3.26102476840512,6.08381731395446,50.8826362412168,54.6337515176042,-0.674490759476595,0.354144385694683,1.95582423765632,0.522578426261146,-1.75102479405585,-0.643738901141796,0.0713143525062652,2.14329939137709,1.22791907494457,0,2.14621713173289,121.020246948321,0.743477452821461,0,0,-0.674490759476595,0,-1.04243509744695,0.20034378994354,-1.168846865346,-0.24500732716031,2.17042400884108,"protein-coding-exon3"
-1.09604748414947,-1.78999470784173,1.18035882908404,0.699943240966278,1.17554103794492,3.24919159718623,6.03393775447881,16.5664397064427,16.8824030394366,0.674490759476595,-0.592199947862893,1.34898151895319,0.978315425907494,-1.20341570868708,-0.647839148919769,-0.580371275274561,2.86596806224487,3.40704306709972,0,1.92254103798449,108.185784334701,0.656382122605625,3.86768304500414,9.91568972103315,-0.572110285404336,0,1.30551147179782,0.156970392120718,-0.367334346417248,-1.21222909692874,2.1214345473744,"protein-coding-exon3"
0,0.907968330064647,0.602223892389817,-0.216346092662304,-0.520321443024802,3.01104902640612,5.78528442813755,123.431808984217,252.954168856245,1.34898151895319,-0.75972052864793,-0.661558045799315,-1.27606359900977,-1.33191011875805,-0.682691255032542,1.18006893334215,1.55034048194712,0.665843442047408,0,0.993558128500046,285.247611491184,0.566171760996588,1.19907185310843,16.8303199250936,8.49432832508615,8.70491130153373,1.1437174872047,-0.109605122749385,-0.226323893771108,0.319601750006089,1.80228226015046,"protein-coding-exon3"
-0.337245379738298,0.38912928431342,0.26497851265152,-1.17081414852541,-0.597406101250699,3.26349001240905,3.12603388415256,65.2481061009464,87.2911847077844,-0.674490759476595,1.54442219653573,0.438717440898493,1.08769230582262,-1.17277372538751,-0.625287786140917,0.985258994788449,1.27239099315182,1.86782056470442,0,1.03199163686858,116.114928776623,-1.33139876570906,0.41110677784563,1.6544931895495,10.6867542530701,0,-0.29035090810822,-0.917574557941417,-0.492183956668264,0.0479637873405571,2.60196126555874,"protein-coding-exon3"
0.505868069607446,0.0778258568626841,0.36133433543389,0.674490759476595,-0.925015898710759,3.22158086434216,5.75997241288126,26.3524723044628,53.0733624471733,-0.674490759476595,-0.486397475788133,0.282530052642113,-0.51042543960391,-0.31103514241872,-0.62938803391889,-0.115571769102293,1.36504082275025,0.605312220043098,0,0.258300876062392,167.788759927794,0.609005219286977,0.0419872668660506,3.77236457901159,-0.259886135011552,12.0710868002677,0.314765040245529,0.109923141384955,-0.0235073257154024,0.937124329538269,2.48063918134644,"protein-coding-exon3"
0,0.155651713725368,-0.602223892389817,-0.381787222345242,-0.751575417702492,3.26349001240905,5.54258687009189,19.8323949628557,27.875595716279,-0.674490759476595,-0.800865934454781,0.241742263352231,-0.437507519660494,-1.18170277571999,-0.682691255032542,0.597185228304492,1.32798089091088,NA,0,0.0140230368371674,127.672664742815,0.593332939669169,0,3.82936161236508,2.66039107243268,0,-0.0117236179075194,0.145505161309364,-0.153108247555338,0.241241220542717,2.61454300026999,"protein-coding-exon3"
-0.421556724672872,1.9456464215671,-0.722668670867781,-1.01809925958731,-1.42606617717909,3.2654622076122,5.5038743761705,25.4413181206084,17.9495078230861,-0.674490759476595,0.799396455675965,0.774967996507769,1.11807477246571,-1.33454556533195,-0.692941874477475,0.236748189214564,2.73625830080707,1.22791907494457,0,0.421210476849732,134.929847791354,-1.33139876570906,2.75346981547154,9.70550275325234,3.61776687176626,6.01874041778734,-1.13759381049699,1.26784726770241,-1.20170465328527,0.61912211504194,1.88023382141975,"protein-coding-exon3"
0.168622689869149,0.95985223463977,-0.963558227823707,0.687217000221437,-1.52242199996146,3.13085988499735,2.34285035328129,8.46071742150466,8.58717340050053,-0.674490759476595,0.584852553968812,-2.03739981623609,0.115453373243741,0.00694918748342983,0.299318087792045,1.46609939867893,0.679432083721845,1.95429373899629,0,0.958760222274483,384.093132457857,0.525264173826101,1.77567044870553,2.17964369024102,8.28893355951921,0,-0.483246724401013,0.383864818899456,0.392261094781836,-0.0240276606429337,1.30624057621029,"protein-coding-exon3"
1.01173613921489,0.259419522875614,0.770846582258966,1.09445670405636,-0.308338632903587,1.11872772898567,5.99448078952047,15.9984474879361,83.4355136498809,2.02347227842979,6.31288083379402,-1.32411091572765,-1.89586591852881,-0.458829937349325,-0.666290263920649,0.735175601446696,1.32180423560432,NA,0,NA,0,0.673549143523137,5.15784415486316,8.16742617890124,0.889697506294581,6.99761847171466,-0.674611621516879,-0.748211304900883,0.53679211487692,1.22023793823372,1.68363023938184,"protein-coding-exon3"
-0.505868069607446,0.804200520914402,0.457690158216261,1.39988648193256,0.250525139234164,3.24968464598702,5.08101482718296,161.996113986572,344.996989959148,-0.674490759476595,-0.712697207725814,0.0477515581930333,0.710949719448303,-0.303522152931917,-0.690891750588488,0.675263814788317,1.21680109539276,-0.585423389955968,0,0.467953932973624,178.808926779279,0.81703720175916,0.0451617894701098,14.9179032080222,-0.494925408184294,0,-0.0155106285030754,-0.283820369086681,-0.888835102337243,0.239402584382124,2.7568966498484,"protein-coding-exon3"
0.421556724672872,0.363187332025859,0.722668670867781,0.458144666814291,-0.55886377213775,3.09831866414541,5.37582535781512,106.628705853396,851.217405485724,-0.674490759476595,2.84050247945154,0.334260907351233,0.546884399575618,0.07404162588477,-0.643738901141796,0.846109038678663,1.41445406520275,2.97467719564037,0,0.417228626883623,171.014174616033,0.353376030895715,0.245733972188515,7.73614808937603,-0.39485132528809,10.1590831266977,0.869441230454211,-0.143102707102528,0.403632986033275,0.402717925987856,0.391086847072605,"protein-coding-exon3"
1.18035882908404,0.57072295032635,-0.674490759476595,1.95984107470558,0.211982810121215,3.11311012816902,5.55598734875699,83.1516941551234,74.1033803060779,0,3.53556594183156,-1.45443287662947,-1.4887408655114,0.414958274482238,-0.578134936694224,1.2921619535417,1.97035304279335,-0.664113978561571,0,1.72656477008729,465.198872639214,0.769617659227526,0.380090625895631,4.84383467929634,2.66682404840817,10.1946878775261,-0.401382835782184,-0.991865976441797,1.34793495027828,0.681247952877541,-0.863706233968615,"protein-coding-exon3"
0.590179414542021,-0.830142473201963,1.20444778477963,1.36170775969803,-0.308338632903587,3.11705451857532,5.26192128916178,28.1037816448581,86.1938788453524,0,0.130783611314634,-0.602863422187045,0.522578426261146,-0.738659294465096,-0.289067468347112,-0.174517236621021,1.79740669420961,-0.112415126579432,0,0.970705772172811,260.721020632695,0.727693837480854,0.45450018760794,6.87165816873601,-0.224661867191226,9.7846731435885,0.488403504786451,-0.603282423650213,0.0236712667703601,1.09131089173741,1.93812955368378,"protein-coding-exon3"
0.252934034803723,0.18159366601293,0.602223892389817,0.203619851917463,-0.69376192403307,0.492062703185411,0.539741501788666,-0.40232782144218,-0.593954549389838,-0.674490759476595,-0.443782591202466,-1.13012021056845,-2.30299097154621,-0.559816054325506,-0.440776636132121,-0.481420195374269,0.33353938655436,-0.858678620718281,0,0.3810457293655,0,0.471150274855541,0,0,5.15599300081109,0,0.915852253923154,-0.0667812633145177,-0.121753069573762,0.7152007641638,0.760892671612629,"protein-coding-exon3"
1.18035882908404,0.103767809150246,-1.87893854425623,0.292703537131353,-1.46460850629204,3.2654622076122,5.59916666890008,6.59107636892041,4.30868723964153,-0.674490759476595,-0.217482859264785,-0.545163622703797,-1.64065319872685,0.00491687793638919,11.5544982383285,0.450884510561289,0.963558227823707,1.65163762897474,0,0.900936835810114,338.332561568459,0.65206371786813,0.391811817036571,0,24.2622973119175,5.8679528703249,0.287369644447889,-0.967200256180144,1.37396265819305,0.641070046169189,0.607243028145298,"protein-coding-exon3"
-0.843113449345744,0.856084425489525,0.385423291129483,-0.776300685435326,-0.655219594920121,3.26349001240905,5.78528442813755,14.3299703460729,67.5598132365288,-0.674490759476595,0.595138905420525,0.0616790959993349,-0.200524279844393,-0.985893028781232,-0.682691255032542,1.17890935037457,1.48239727357493,3.38110111481216,0.717661720649503,1.01883421958926,93.0666529835781,-1.33139876570906,0,12.5235013997428,-0.674490759476595,0,0.626105656016352,0.397233376612198,-0.685402061673322,-0.611822556728296,3.15651098541457,"protein-coding-exon3"
0.0843113449345744,1.45274932810344,-0.602223892389817,-0.114536166703573,-0.501050278468328,3.20629635151776,6.03691563862661,58.8108609578715,164.998560415245,1.34898151895319,1.87211596421173,-0.0348188445157536,0.291671679773663,-1.69553618758438,-0.692941874477475,0.954336782319608,1.42063072050931,NA,0,1.51119862409425,162.614657198743,0.746504836943523,0,12.1719901507886,-0.674490759476595,8.27631444594238,-1.18126529438617,-0.260641435460527,-0.91686440168093,1.19072721454524,-1.65788301181645,"protein-coding-exon3"
-0.421556724672872,1.01173613921489,0.120444778477964,-0.17816737042778,0.443236784798905,3.2654622076122,4.74004709225991,80.9625574796292,81.3919073189294,-0.674490759476595,0.455538421432995,-0.355152214060685,-0.0546884399575619,-0.819479656064834,-0.674490759476595,1.57877221036227,1.29709761437807,1.37492347124075,0,2.11315046462303,145.748426224824,0.80786503327667,0,7.14050196473472,4.74865696204298,0,-0.35134595110473,0.150257842457658,-0.198461272850113,-0.295870367872261,2.05570170666475,"protein-coding-exon3"
1.51760420882234,-0.933910282352208,0.457690158216261,0.674490759476595,-3.50735194927829,3.23637232836577,2.95182766150629,0.840155156541022,-0.432882129216322,-0.674490759476595,2.6083248323986,-0.620770256509432,0.41927803967464,0.527141761478889,8.42395905984599,1.3503343657487,0.592958909429974,1.04632540893164,0,0.310757421268093,0,0.40468521718981,0,0,3.21713467111998,0,-1.05250693413726,-0.946360797233315,1.61500873857781,0.902279305440175,0.955427016925601,"protein-coding-exon3"
0.843113449345744,0.57072295032635,-2.3125397467769,0.229072333407146,-0.404694455685957,3.04999988166829,4.21221712706245,12165.2218364608,138.763889979483,2.02347227842979,0.461416336548259,-0.576997994832486,-0.856785559335134,0.582997494836269,37.2015480895511,0.829101821820801,1.62446034562587,-0.86559647466163,0,3.93960773168619,NA,0.257122745268383,0,0,5.19414393412258,0,1.22807919132272,-0.913077632584417,0.000658974896016193,1.46624909703965,2.69133772755549,"protein-coding-exon3"
0.843113449345744,0.622606854901472,-2.26436183538571,0.216346092662304,-0.404694455685957,3.00759768480061,4.43928079333216,9317.07218944434,144.109480923992,2.02347227842979,0.668612844361331,-0.617785784122369,-0.856785559335134,1.62061607950831,90.2690049559695,1.09715875116007,1.28474430376494,-0.593205975642236,0,3.81045729365499,NA,-0.402586420372794,0,0,4.0516203146607,0,-1.22848206479034,-0.913077632584417,0.0981872595063689,1.3683913249813,2.34500708096972,"protein-coding-exon3"
-0.927424794280318,-0.441013188888543,0.746757626563373,-0.776300685435326,-0.308338632903587,3.18410915548235,4.60529783457199,19.3709012853191,42.653990267199,-0.674490759476595,0.426148845856672,1.71109750191703,1.04515685252229,-1.35812035607762,-0.690891750588488,0.978301496982959,1.72946348583742,2.87955670391931,0,1.2272754091195,117.593243842066,-1.33139876570906,5.66915611584587,9.27927387787775,-0.674490759476595,0,-0.105754285248242,0.707237716306718,-0.572760337029878,-0.740856316131927,2.07475007710502,"protein-coding-exon3"
0.590179414542021,0.674490759476595,-0.216800601260334,0.903563092883741,-0.366152126573009,3.26102476840512,5.78528442813755,42.4574183333688,0.271809709042807,-0.674490759476595,5.14905364097165,-0.582966939606615,-1.09984529247985,-1.51088447564261,-0.684741378921528,1.55074895531238,2.58184191814301,3.17356549651167,0,0.638827233693182,0,0.173040586103613,0,2.65368969792291,4.03910648349996,0,-0.262874937617058,-0.593876234475502,0.99952008760858,0.103767809150244,2.18710515429306,"protein-coding-exon3"
-0.0843113449345744,1.81593666012929,-0.722668670867781,0.44541842606945,-2.33181091133337,3.26349001240905,6.08381731395446,113.172449537441,405.519951839346,0.674490759476595,0.0205727029034256,-1.08734277302053,-1.1484572391088,-0.751836527334618,-0.205012388898661,1.13716436354163,1.71093351991774,3.06115036993224,0,1.81797419539623,312.730832480558,0.675321039707254,0,9.07451212955665,16.6954923918619,15.8207217314269,-0.818920897615622,-0.0279809762490942,-0.144816175891486,0.156376349264123,1.26796082954735,"protein-coding-exon3"
0,-2.30883375359296,1.37307047464878,-0.0127262407448411,0.635948430363647,3.2654622076122,5.89844402575393,14.0578074080385,44.7378647031939,-0.674490759476595,-0.564279851065387,-0.0218861308384738,0.236983239816101,-0.245450546584539,8.49571339596052,1.75715472354189,1.12415126579433,3.37245379738298,0,0.259512743443382,140.372735077758,0.744190475216407,0.373787985403292,14.3202696267472,-0.674490759476595,11.0105879850337,0.277700681225192,0.206876739615614,-0.665077576574609,0.808900149952002,0.786005422471879,"protein-coding-exon3"
0.505868069607446,1.84187861241686,-1.22853674047523,0.407239703834925,-0.847931240484862,3.2654622076122,6.08381731395446,40.9901051022268,18.47299318865,-0.674490759476595,0.86552300072269,-2.04535840926826,-0.407125053017404,-1.44539166152991,-0.674490759476595,1.33738568927738,1.33415754621744,3.11303427450736,0,-0.00848307166692834,246.609831371647,0.509414230820847,1.66716942252117,3.0375588894764,14.3695991412706,8.53169781292648,-0.0226012015330528,-0.564605226204524,-0.273511447575025,1.15009321808189,2.32502226445079,"protein-coding-exon3"
0.252934034803723,-0.57072295032635,-0.674490759476595,1.34898151895319,-0.423965620242431,3.17967171627526,5.39294819166496,29.7604256155024,39.5634132051197,-0.674490759476595,-0.702410856274101,-0.992834480763484,-0.133682853229595,-0.69367313926576,-0.678591007254568,0.995695241496682,1.65534362215868,2.51636937189345,0,1.69609496165098,204.00747903115,0.523335933861032,0,0,10.6873366066848,0,0.942361328092046,0.0259988124354211,0.495745305169906,-0.0240276606429337,2.61333735879455,"protein-coding-exon3"
-0.252934034803723,0.985794186927332,0.457690158216261,0.381787222345243,0.0578134936694225,3.24376806037757,4.77875958618131,16.7321041035071,11.214667254581,0,0.492275390903397,-0.307400655867652,-1.34898151895319,-0.983034683740877,-0.670390511698622,1.78575777007557,0.920321640677772,1.55651713725368,0,0.620822346889905,304.398511202606,0.524939642038368,0,4.18767318590935,-0.674490759476595,8.16271310647032,-0.370200429388988,0.227404444035445,-0.324281234019022,0.0591378154043437,0.687150210155936,"protein-coding-exon3"
-0.0843113449345744,-0.363187332025859,0.698579715172188,-1.34898151895319,-0.770846582258966,3.03225012483996,3.21685935066045,84.7255059272355,0.704691838259129,-0.674490759476595,-0.603955778093422,1.7469111705618,-0.0364589599717079,0.182108047089352,-0.688841626699501,1.03260863263136,1.32180423560432,-0.0518839045751226,0,2.57746879545368,184.78938318039,-1.33139876570906,0,0,-0.674490759476595,0,-0.611843935262875,0.367296948229822,-0.386745044528422,0.365349161383151,-0.116736471363199,"protein-coding-exon3"
-0.674490759476595,0.596664902613911,-0.843113449345744,-0.903563092883741,-0.154169316451793,3.2615178172059,1.49638678426927,1.18331712188876,-0.543619418085614,-0.674490759476595,0.339449597906522,-0.418820958318063,0.315977653088135,-1.3475916814565,-0.688841626699501,0.728991158952928,1.97035304279335,0.319950744879923,0,1.16114207489978,129.822941201641,-1.33139876570906,0,0,-0.674490759476595,0,0.386959965641662,1.32226901362738,-0.612685570542383,-0.415519616023237,-1.24345319336532,"protein-coding-exon3"
0.168622689869149,0.0778258568626841,-0.313156424042705,0.0381787222345246,-1.25262569617082,2.68859511069143,1.72419492157593,76.0281250813531,8.86905013580419,0,0.373247609819292,-1.340028101792,0.0972238932578875,0.731815000377642,-0.0307518583347991,1.03280189645929,1.17356450824682,-0.277578889476906,0,0.766938928254958,0,0.305776456131469,1.66661936662292,12.7314323356691,-0.674490759476595,0,1.00158372783106,-0.99425272152106,1.0189511887469,-0.669603145277495,0.360341857270452,"protein-coding-exon3"
-0.252934034803723,-0.544780998038788,0.650401803781003,0.509049629793657,1.29116802528377,2.73099730755911,1.2730454731843,43.3804056884421,9.56367494780247,0,0.0176337453457933,0.61878060825139,-0.394972066360169,0.0550559212130599,-0.571984565027265,0.966319139651283,1.11797461048776,-0.78517642257019,0,0.671028281245196,95.5529101390961,0.179185370464041,0,0,-0.674490759476595,0,-0.71739678377731,0.528814422292836,-0.710768279509687,0.444431895779147,-1.40244644186209,"protein-coding-exon3"
0.75880210441117,0.492897093463666,-0.385423291129483,-1.87075738949169,-0.134898151895319,3.24524720677993,2.10387515042037,16.9924338703226,0.271809709042807,-0.674490759476595,2.79347915852943,0.569039401800313,-0.826403092692044,-0.364216094178703,4.01619269852477,0.0372999187905393,1.16738785294026,0.562075632897163,0,1.89587995560272,186.805267360539,-1.33139876570906,1.98179139530518,11.0926937685704,-0.674490759476595,0,-0.736573560835658,0.313037171786787,0.366390042184815,0.932108757887797,2.89844477743396,"protein-coding-exon3"
0,0.622606854901472,-0.120444778477964,-0.318156018621035,-2.27399741766395,3.24130281637364,6.07265024840021,900.989489777323,5521.00887710376,11.4663429111021,1.66785841395629,-0.829683323603953,0.0121529866572359,-2.05520253071262,-0.686791502810515,1.62090372485106,2.14947604668365,-0.219641862701353,0.849475973731197,0.263494593409491,182.840695139578,0.511046365140175,11.4395625210355,16.3374843949661,0.474561992022718,11.5652840846136,0.804336878088055,-0.779909753708792,-0.225358954518443,0.311372056954138,-1.41110746020961,"protein-coding-exon3"
1.93916093349521,0.700432711764157,-0.722668670867781,-0.101809925958731,-2.00420111387331,3.26349001240905,3.00021827890803,11.7385058491365,38.7379170517304,-0.674490759476595,3.23432279217426,-0.927176088248063,-4.71535882300755,-0.0465857794879737,19.1543074948019,0.176643138728255,1.40827740989619,0.795553203485215,0.414860525208383,3.84161959773759,345.052175502291,0.236478259647282,7.97464040574805,3.7168178518503,0.380251855600554,9.06864644879928,1.16144391977964,-1.60624468797758,2.1791686811341,1.07709377094712,0.360938205697882,"protein-coding-exon3"
1.93916093349521,0.129709761437807,-0.216800601260334,2.26527085258177,-1.02137172149313,3.23785147476813,3.62706289201984,15.8564494333094,80.2341992989323,-0.674490759476595,0.296834713320855,0.328291962577104,-0.796020626048955,-0.645041938556249,-0.676540883365582,-0.545003994763324,1.55651713725368,0.856084425489525,0,1.27194137830456,218.992218103596,-1.31954769391687,7.21515322449022,14.7431681693841,13.5624299451879,12.0920630723473,1.03349130646596,-1.9004574466607,0.778150813892517,2.43110843836269,2.22619256388526,"protein-coding-exon3"
1.60191555375691,-1.45274932810344,-0.529957025303039,0.852658129904375,-2.04274344298626,3.2654622076122,4.91127543075839,13.6791459290341,59.8283370682001,-0.674490759476595,1.82215368573198,0.355152214060685,-2.51566823804784,0.297792351176713,-0.651939396697742,0.0645501185287059,0.895615019451523,NA,0,2.36850823418873,130.427706455686,0.739625710581655,7.07952944201386,5.5881909036824,1.5024824830589,9.4487013553896,-0.080776130256276,-0.761306401785459,1.68216134073676,1.04546067718872,1.05721962306629,"protein-coding-exon3"
1.51760420882234,0.103767809150246,0.746757626563373,1.22171911150478,-0.79011774681544,3.24179586517442,5.53886451490714,22.2818614051654,241.769702680446,-0.674490759476595,2.88605632159484,1.64444428527258,0.133682853229595,-0.0554230480989766,-0.467428246688947,-0.462093812581243,1.26003768253869,2.17912399215515,0,0.37741012722253,114.972594407872,0.721883060288822,0.884491884593023,6.52122122066495,0.0466499103081648,14.7038395754302,-0.420559612840531,-1.74647521233392,1.49609267225466,1.10460080899791,-0.27029170895308,"protein-coding-exon3"
1.43329286388776,1.478691280391,-0.168622689869149,0.929015574373424,-3.50735194927829,3.19988671710753,1.70111631943049,28.541608979957,126.341179573601,-0.674490759476595,12.2040212580678,-0.548148095090861,0.0243059733144718,-0.199048330539524,0.832350298928564,1.43363107558664,1.17356450824682,1.33168688409482,0,0.436272257156319,0,-0.98726952191856,10.0103172770493,11.3189415345537,1.1845851250111,13.5769195593911,-0.486227988061344,-1.33368395049626,1.70626990575604,0.760762833363127,2.33418511820203,"protein-coding-exon3"
1.43329286388776,1.68622689869149,0.289067468347112,1.89620987098137,-1.50315083540498,3.17671342347054,4.99465618689677,60.7396678665502,430.526445071285,0,2.98304192099671,-0.271586987222876,0.328130639745371,-0.306105152807834,-0.612987042806997,0.512728935498971,1.09944464456808,0.501544410892853,0,0.302101225689594,131.570040824438,-1.31042647929389,3.84082031513676,11.1252450853287,32.3301972026957,0.611922884162429,0.47825109340262,-1.2350981518328,1.73645493397165,0.727110605960581,0.0936213795911857,"protein-coding-exon3"
0.252934034803723,1.24521370980294,-1.3248925632576,1.42533896342224,-0.655219594920121,3.2048172051154,6.03468222551576,102.54626178288,296.302783935442,0,0.700941377495285,-0.102466885289217,0.625878812847651,-0.910540235446758,-0.697042122255448,0.37667120063607,1.38357078866994,0.735021981480905,0,-0.454277143959596,99.8534630567488,0.76288303242078,0.388642494961005,7.53922873750165,-0.674490759476595,15.2854863408129,1.01093039227967,-1.02989229517852,0.507602870943551,0.0819693631308355,1.83461083716406,"protein-coding-exon3"
0.505868069607446,-1.66028494640393,1.08400300630167,0.241798574151987,-0.134898151895319,3.25461513399489,5.60288902408483,63.18913430886,176.072289302174,0,0.490805912124581,0.2218457807718,0.0546884399575617,-0.598351265672299,-0.631438157807876,1.41527101193327,1.2106244400862,NA,1.01937295237876,1.89328309692917,79.8962096732667,-0.0749301258661905,6.72690360716878,10.287451541634,1.08538186391537,16.4517890331229,0.818437449454488,0.131654490534324,0.721439440206765,0.20341784809611,-0.269972366074513,"protein-coding-exon3"
1.51760420882234,-0.778258568626841,0.963558227823707,1.33625527820835,-0.655219594920121,3.21073379072484,2.5431130622208,4.08244407051623,84.9254335364859,-0.674490759476595,6.98002419937653,-0.179068343223875,-0.686643746133831,0.552643968375627,-0.656039644475716,-1.20422691183343,0.827671811079339,0.925262964923022,0,0.814548003936699,226.04781273412,-1.04710891965518,8.6515791982027,6.30979880686856,22.4904525816575,11.5406616751882,0.373423417129887,-0.761306401785459,2.04620873559302,0.513199490906097,1.38744740935487,"protein-coding-exon3"
1.43329286388776,0.337245379738298,1.05991405060608,1.95984107470558,-0.847931240484862,3.25757342679961,6.03840458070051,42.3982524772744,183.30041415746,0,3.21375008927084,0.178073519094854,-1.06338633250815,0.7417405379719,0.588385556139157,0.614385708990285,1.46386730765525,1.53922250239531,0,0.246874697898774,256.353271575704,0.545704938762931,5.06246446210621,6.21112427075475,1.21144110682036,18.3764223993063,0.110347042779022,-1.19961952271072,1.05523310930057,1.38828111605006,2.02445813639145,"protein-coding-exon3"
1.18035882908404,2.38665961045564,-1.9752943670386,0.407239703834925,-0.79011774681544,3.14910269062647,5.72721568725546,-0.473326848755505,0.402681050433788,-0.674490759476595,0.787640625445436,-0.44269673741458,-0.0789944132720337,1.27474321795096,14.6337843195864,0.446052914863032,1.45769065234869,1.27980297951969,1.04935319810952,0.714136135226118,129.822941201641,0.460284382079409,1.09603138184127,0,6.89639063588145,0,-0.438608344189565,-0.807267624184271,1.62899886402759,0.432026760971936,2.1778263798374,"protein-coding-exon3"
1.26467017401862,1.53057518496612,-0.529957025303039,1.64168505608454,-3.73860592395598,3.2048172051154,5.31254531967438,96.5823434885609,458.673850496606,0,3.74423192842345,-0.669516638831488,0.0243059733144718,0.370483474588288,14.7875436112604,-0.455136314775755,1.69858020930461,NA,0,0.294137525757376,171.014174616033,0.701191197764402,0.44148586505529,15.7473172048287,0.177117434644785,18.3153386164231,-0.167393925792931,-0.815191972873718,0.561166357714099,1.65521582929027,-1.43248225864585,"protein-coding-exon3"
1.09604748414947,-5.73317145555106,1.68622689869149,-1.79439994502264,1.96565878476036,3.22897659635396,3.18186921192381,37.8661479004404,55.8719957476881,-0.674490759476595,0.293895755763222,-0.877434881796986,1.28214009233839,-0.829601868776547,-0.506380600579693,0.435423404326868,1.45769065234869,0.069178539433497,0,-0.0763476450023558,134.190690258632,-1.33139876570906,0,1.340979962831,-0.674490759476595,4.87963000279104,0.887973409964379,-0.790244949221746,2.83499949307819,-1.02006318562819,3.29455894582937,"protein-coding-exon3"
-0.421556724672872,0.103767809150246,0.144533734173556,-0.216346092662304,-1.00210055693666,3.18312305788077,5.12121626317826,8.75654670197685,15.5636225992659,-0.674490759476595,-0.770006880099642,-0.796854127346243,-0.467889986303584,-1.35312480809425,-0.61708729058497,0.567036071147373,1.35268751213713,1.06362004379002,0,0.839824095025915,0,0.695745222727924,0,3.70871762319163,-0.674490759476595,2.32067856185637,-0.717316209083788,0.455211522719814,-0.10551105645195,-0.452506458889368,0.971994512900207,"protein-coding-exon3"
-0.0843113449345744,0.0259419522875614,-1.54169316451793,0,-0.597406101250699,3.2654622076122,6.08381731395446,15.7736172347772,10.0670262608447,-0.674490759476595,2.01465540575689,0.588935884380744,0.0121529866572359,-1.78464312746625,-0.686791502810515,0.68550679766862,1.36504082275025,3.19086013137005,0,0.183857594087306,0,0.63082465211038,0,6.57590313561534,-0.674490759476595,8.20438010975309,-0.38986065460847,-0.292501933317571,-0.718124482682238,0.637393767705379,1.06478854295505,"protein-coding-exon3"
0.421556724672872,-0.544780998038788,0,0.292703537131353,-0.346880962016535,3.24475415797915,3.95388567724084,5.67992218506606,12.8857936138812,-0.674490759476595,-0.50256174235511,-0.916233022828826,0.182294799858539,0.0606939412467861,-0.590435680028144,0.607814738840658,2.13712273607053,NA,0,1.46393579623565,135.803397602752,0.756612699266557,0,0,27.3769411326406,0,-0.949774199896114,-0.1753008162006,-0.0101775011718036,0.743188892386248,0.952736701019924,"protein-coding-exon3"
-0.421556724672872,0.856084425489525,-1.49351525312675,1.31080279671867,-0.732304253146018,3.16093586184536,5.88281013397799,20.4477198662378,33.5030633960912,-0.674490759476595,-0.506970178691558,-0.634697794315734,-0.941856465935786,-0.77147781573118,2.06857500398749,0.729764214264649,1.53798717133399,3.16491817908248,0,0.696131248422841,372.065023516298,0.822440537582652,0,12.9693362662341,-0.623103199366859,6.69856931531246,0.667440473793379,-0.548213461572785,-0.496291966232164,-0.0674490759476678,1.36555515278832,"protein-coding-exon3"
0.421556724672872,1.99753032614222,0.216800601260334,1.15808790778057,-0.79011774681544,3.1821369602792,5.30137825412013,31.1922393329878,72.2913155791258,-0.674490759476595,0.161642665669772,-1.1599649344391,0.328130639745371,-0.0789716154956559,-0.674490759476595,0.831227723928033,1.9950596640196,-0.150463323267856,6.31468960148925,1.30864364755739,87.9597463938655,0.509911688305693,4.42550973294633,11.1193364304716,2.48174394381646,9.52836725992657,-0.00189350529777804,-1.3421260972324,-0.383412588392513,1.17787176876148,0.810581686612784,"protein-coding-exon3"
-0.590179414542021,0.95985223463977,-0.409512246825075,1.08173046331152,-2.08128577209921,3.13825561700916,3.75957873659692,11.1468472881922,8.12409019250168,-0.674490759476595,-0.273323052859797,-0.0775962820636794,0.467889986303584,-1.29969473451883,-0.643738901141796,0.607234947356866,1.72946348583742,2.56825327646857,8.55295059865536,1.15369774670227,164.160168403524,0.326316712565269,0.0490791875672996,0,5.72576506873717,0,0.888215134044947,-1.09846030034113,-0.701411073908599,-0.147063624497752,1.11607419573713,"protein-coding-exon3"
0.0843113449345744,1.24521370980294,-1.44533734173556,-0.509049629793657,-0.443236784798905,3.20678940031855,5.12717203147385,1.85780788136536,14.5971880782248,-0.674490759476595,-0.195440677582543,-0.799838599733308,-0.650184786162123,0.248099104832941,0.262415857790286,1.4199093438036,1.35268751213713,2.82767279934419,0,0.48474695239591,189.157132237381,-0.0346787088066673,0,0,7.17071981769103,0,0.514348556100686,-0.273623901030269,0.161678827339938,0.0686562182464904,2.05814487631108,"protein-coding-exon3"
-0.505868069607446,1.21927175751538,0.963558227823707,-0.839931889159534,-2.96775934169702,3.24228891397521,5.57162124053293,40.232782144218,136.911557147488,0,3.29016298576927,0.370074575996008,0.893244519306842,-2.54180299464666,-0.688841626699501,0.354639124252021,1.51328055010775,2.99197183049874,0,0.609915540460997,0,-1.33139876570906,0,14.1274863332728,-0.674490759476595,0,0.716993910309698,0.0310391787236477,-1.68616825751956,0.987986464585433,0.950911509003292,"protein-coding-exon3"
-0.75880210441117,0.233477570588052,-2.07165018982097,-0.801753166925009,-0.0770846582258967,1.63248457940571,0.0640245091776901,19.9152271613879,43.4492853418057,-0.674490759476595,2.83462456433628,1.25347840256712,1.07553931916538,-0.390229656380825,-0.686791502810515,0.748704069401814,0.247066212262489,0.752316616339279,0,0.998405598024006,0,-1.33139876570906,2.39833372552717,14.5996952864445,-0.674490759476595,0,0.554313604087831,0.615341640540872,0.205003952174836,-1.30794107591626,2.49493297932102,"protein-coding-exon3"
-0.252934034803723,-0.0259419522875614,1.44533734173556,-0.203619851917463,0.886473569597811,3.26496915881141,5.62968998141503,22.2818614051654,64.5095042794929,-0.674490759476595,2.0425755025544,-0.31933854541591,0.206600773173011,-1.35442286386946,-0.608886795029024,1.1095276361476,1.84681993666211,1.43545469324506,0,1.35140525371517,203.60430219512,0.666444976870506,0,1.7516099893828,-0.595405513437857,0,-0.908600531506131,-0.1753008162006,-0.374977308798522,0.152814312693911,2.13170387150413,"protein-coding-exon3"
-1.09604748414947,1.11550394836514,0.216800601260334,1.53987513012581,0.46250794935538,3.23292098676026,2.20959003766726,1.18331712188876,2.01340525216894,-0.674490759476595,-0.483458518230501,0.763030106959511,0.978315425907494,-0.417082365750758,-0.0471528494466921,-0.285450673852989,1.340334201524,2.4817801021767,0,0.306256199567273,173.500431771551,0.229679674021057,0,0,-0.674490759476595,0,1.03357188115948,0.0452389203098281,-0.981964709834037,-0.695039761109405,1.88103276826512,"protein-coding-exon3"
-0.337245379738298,-0.233477570588052,-1.27671465186641,0.26725105564167,-0.346880962016535,3.24426110917836,5.74359405006836,65.6741002648264,104.697073112785,2.02347227842979,-0.304182107214935,2.27516278307223,0.486119466289438,-0.598351265672299,-0.686791502810515,0.422861255511402,2.61890184998238,1.76405275555417,0,0.628612922910554,92.7978684262248,0.743032109930266,0,10.2450166567511,-0.674490759476595,12.4608500966582,-0.819082047002667,-0.314825955625567,0.0436178621648561,-0.444307405052056,1.6802727005612,"protein-coding-exon3"
-0.0843113449345744,1.71216885097905,-0.794935537954559,-0.305429777876194,-0.674490759476595,3.26349001240905,5.78528442813755,37.073325428775,52.7612846330871,1.34898151895319,1.39012692476004,0.688418297282897,-0.176218306529921,-0.776053790130646,-0.448977131688068,1.60872810369146,2.2235959103624,0.847437108060338,0,1.3443071733408,213.146153981162,0.671879107681155,0,1.71282235599805,-0.568306432852259,9.46611934885467,0.971448792453658,-0.130223463463301,-0.311431535857093,0.313032890936567,2.23153776272069,"protein-coding-exon3"
0.0843113449345744,0.259419522875614,1.15626987338845,0.814479407669851,0.423965620242431,3.2654622076122,5.26415470227263,13.9986415519441,9.56367494780247,-0.674490759476595,-0.545176626940777,0.507360305800978,-0.0972238932578877,-1.32678345402971,-0.674490759476595,0.46673214445157,1.92711645564741,2.96602987821118,0,0.374813268548981,117.391655424051,0.671462190931951,0,1.34424046601124,27.7581796036092,0,0.695319317752154,-0.779909753708792,-0.655721861211708,0.959097310102303,2.05011783918835,"protein-coding-exon3"
0,0.933910282352209,0.457690158216261,0.407239703834925,-0.0963558227823708,3.2654622076122,5.69669237474052,71.188358052828,58.1370766563782,-0.674490759476595,-0.280670446753877,-0.233783670320059,-0.236983239816101,-0.788155865691412,-0.656039644475716,0.345555724339299,1.75417010706367,1.71216885097905,0,1.38014382303579,172.089312845447,0.686037695237933,0.645459593448488,3.32982781623137,-0.674490759476595,9.66437257586064,0.240716896898379,0.0825416414567384,-0.745237345803914,0.882233913395384,1.50686015944575,"protein-coding-exon3"
0.590179414542021,0.778258568626841,0.770846582258966,1.20899287075993,-1.1177275442755,3.24771245078387,5.63266786556283,284.67060001278,20.939414622557,-0.674490759476595,2.81552134021167,-1.04655498373065,-2.06600773173011,-0.521372624700193,-0.672440635587609,0.630426606708498,1.92093980034085,2.74119962505232,0,2.35015709956232,410.43401907848,0.498891820593776,0,0,24.3233767259164,0,1.25684435691025,-0.750603103418617,0.753274504537501,0.318766180848517,0.983349065170416,"protein-coding-exon3"
1.01173613921489,0.752316616339279,0.289067468347112,0.610859555752388,-1.0406428860496,3.25313598759253,3.26748338117304,3016.81966957053,47.4458947673611,-0.674490759476595,0.927241109432966,-0.598884125670959,-1.11807477246571,1.41393675441151,-0.615037166695984,0.569935028566327,1.64299031154555,2.87090938649012,0.681746435198044,0.618398612127926,183.714244950977,0.447817149971107,4.22216906888694,7.69838641333465,19.0903200586958,0,-0.984179594030208,-1.01511773821712,0.603843461244083,1.1234352458798,1.61001139344892,"protein-coding-exon3"
0.674490759476595,-0.0259419522875614,2.14391705690775,1.24717159299446,-0.963558227823707,3.2654622076122,5.41528232277346,12.3419975812998,27.2413730618458,-0.674490759476595,1.83831795229896,-0.790885182572114,-0.559037386232854,-0.155622464605336,-0.0287017344458126,0.652072155436686,1.27856764845838,1.32303956666563,0,0.672759520360896,301.240292653705,0.687932771370679,1.31610374622387,2.85909065526946,0.0583335489903884,4.45733701116499,1.08296416828876,-0.548213461572785,1.16745190714343,0.0149886835439157,0.756875146610601,"protein-coding-exon3"
1.26467017401862,0.0259419522875614,-0.578134936694224,-0.547228352028181,-3.70006359484304,3.08500634652416,4.19732770632345,0.591658560944382,1.79193067443036,-0.674490759476595,0.889034661183748,-1.37982106695286,-1.3854404789249,-0.292626351424879,-0.506380600579693,1.12286284027479,1.1612111976337,-0.234342302330971,0,1.61818920144449,0,0.123659639774586,0.328361369020715,1.96472979857451,0.74584262037528,0,-0.465923165293682,-1.488761611477,1.37143583031592,0.71713097990327,1.6248659684206,"protein-coding-exon3"
-0.168622689869149,0.285361475163175,-1.08400300630167,1.17081414852541,0.23125397467769,3.20185891231068,3.76181214970777,9.96353016630339,40.9828639078988,0,-0.23070816827413,0.0109430654192369,0.753485172748629,-0.879754023727714,-0.658089768364702,1.11049395528725,2.32859905057396,1.27115566209051,0,0.321144855962291,0,0.626461239314733,0,0,-0.674490759476595,0,0.926326964081075,-0.629248805033939,-0.349618667014388,0.221663629874934,1.39848583426826,"protein-coding-exon3"
0.674490759476595,-0.726374664051718,1.05991405060608,-0.559954592773022,-0.539592607581276,3.2654622076122,4.76535910751621,15.3831225845539,33.6238677112213,-0.674490759476595,-0.567218808623019,-1.29128171946994,-2.19361409163109,-1.01872466172181,0.293167716125085,0.649366461845662,NA,1.16738785294026,0,0.439042239741439,224.099124693309,0.704116721544329,0.318170333378549,7.14297285676588,-0.572669751167593,10.6654569241047,-0.847847212590189,-0.55243312375521,0.265723471188498,0.937720239041302,1.8885440553095,"protein-coding-exon3"
0.337245379738298,-0.492897093463666,-0.843113449345744,-0.407239703834925,-1.00210055693666,3.2654622076122,5.63043445245198,18.9330739502202,17.3857543524788,-0.674490759476595,0.173398495900301,-1.00974649095685,0.0850709066006516,-1.20584136846903,-0.63553840558585,0.0776920588279636,2.34712901649365,1.16738785294026,0,0.43454101804062,161.472322829991,0.79147736241875,0,0,-0.572086314104385,0,0.44497374497784,0.379028791785075,1.00757261600824,-0.339270877514513,1.33445325036961,"protein-coding-exon3"
0.505868069607446,0.804200520914402,0.650401803781003,1.4762439264016,-1.15626987338845,3.23834452356892,4.66262210441713,18.3414153892758,93.6233442258558,-0.674490759476595,1.91326137001858,-1.15101151727791,-0.583343359547325,-0.637371608975482,3.25354661182175,0.855965493903106,1.58740041378649,1.16738785294026,0,1.61282236018582,182.437518303548,0.738372591488877,1.41070335970694,9.58244158709189,4.87179089376754,0,-0.190921736301492,-0.633117679938771,0.0486611774776707,0.896686283106252,2.10829720465499,"protein-coding-exon3"
1.09604748414947,0.804200520914402,1.3248925632576,1.14536166703573,-3.91204640496425,3.2541220851941,6.08381731395446,61.5324903382157,49.2579594943131,-0.674490759476595,1.2769770587912,-1.53998775172532,-1.00869789255058,-0.364216094178703,-0.643738901141796,0.564910169040141,1.45769065234869,3.12168159193655,0,0.157715883440241,289.615360548175,0.551432806374156,0.127826990144044,0,4.14525735864922,0,-0.294137918703776,-0.872926513325437,1.49609267225466,0.446314818026672,2.61032297063812,"protein-coding-exon3"
-0.0843113449345744,1.01173613921489,0.168622689869149,0.53450211128334,-0.79011774681544,3.25708037799882,6.08381731395446,27.8079523643859,41.3352098270284,-0.674490759476595,-0.221891295601233,-2.06227041946163,-0.346360119731225,-1.50651828803509,3.25764685959973,0.487991165523898,1.33415754621744,1.28845029694888,0,1.608321138485,274.96660217242,0.797652941766335,0,0,-0.480358441954319,4.77780173330294,-0.357066754344825,0.0200343789943574,0.263689803087551,-0.232324594930834,1.77456392725317,"protein-coding-exon3"
1.51760420882234,0.466955141176104,-0.481779113911854,1.33625527820835,-0.809388911371914,3.26349001240905,6.08381731395446,7.05257004645703,54.2411374934313,0.674490759476595,-0.304182107214935,-0.464582868253053,-4.33861623663323,-0.216395075899104,-0.592485803917131,-0.814413770898102,1.69240355399805,-0.732427786252149,0,1.18607191816585,368.570824270705,0.689939183226223,0,3.70724583098177,2.49842905203079,7.9500949769093,0.481715805224086,-1.31284107057121,1.33660524212715,1.2321579560373,2.79737044241935,"protein-coding-exon3"
1.51760420882234,0.596664902613911,-1.01173613921489,0.738121963200802,-0.269796303790638,3.19594232670124,5.58502171919803,144.494853753837,1155.0201239855,-0.674490759476595,1.54883063287218,-0.536210205542603,-0.875015039320989,-1.08892456697895,-0.147608920007036,-1.41179226303052,1.96417638748679,-0.453984165032324,0,0.441465974503418,209.450366317555,0.588100160697624,3.3339488054054,5.02144347279679,-0.0783042150397766,3.98821531579678,-0.57220118604982,-0.235097304525591,0.435555509331955,2.10032751803001,3.09555373606509,"protein-coding-exon3"
0.252934034803723,0.363187332025859,0.36133433543389,-0.687217000221437,-0.346880962016535,0.724288688356081,2.64585006531989,15.3002903860217,-0.604021575650682,0.674490759476595,3.04329055092817,-0.397929651608611,-0.753485172748629,-0.965163471401416,-0.592485803917131,0.825623072918057,1.17974116355339,-0.323409671851598,0,0.172258292012118,224.569497668677,0.613994007206431,0,0,-0.674490759476595,0,-0.125092211693634,-0.761306401785459,0.535845436695292,0.0252934034803669,-0.115149610286122,"protein-coding-exon3"
-0.927424794280318,1.1414459006527,-1.27671465186641,0.750848203945644,0.32760979746006,1.23952468517848,1.31399138021655,38.0791449823804,66.8752554507914,-0.674490759476595,-0.154295271775692,-0.604853070445088,0.291671679773663,-0.777286287533368,-0.4899796094678,1.01656773491315,1.68622689869149,-0.433230603202274,0,0.348325310078776,101.130189704177,0.119563906482689,2.26273994609981,8.72907068059207,-0.285123715496453,0,-0.575424173790719,0.253483758617596,-0.542882806407984,-0.878757269968494,2.13794084592897,"protein-coding-exon3"
-0.337245379738298,-0.207535618300491,0.698579715172188,0.190893611172621,-0.23125397467769,3.24968464598702,1.9296689277741,6.67390856745263,17.9394407968253,0,-0.778823752772539,0.666532166444423,-0.86893854599237,-0.57718902303408,-0.373122547795563,1.82904886753195,1.04385474680902,0.0778258568626841,0,1.46376267232408,184.78938318039,0.401108260989252,0.279383391738693,0,6.74939374906465,0,0.392197320720622,-0.1256393258968,-0.18888752174782,-0.191804340265477,1.2005153890149,"protein-coding-exon3"
-0.0843113449345744,1.06362004379002,-0.867202405041337,0.101809925958731,-1.65732015185678,3.2388375723697,1.74801799475833,6.40174562941821,68.0732315758319,-0.674490759476595,-0.486397475788133,-1.01074131508587,-1.11807477246571,-0.803942321785844,-0.658089768364702,0.64743382356636,1.08091467864839,0.207535618300491,0,1.55690333674872,198.363003326731,0.284760061819317,0.719224089607392,0,-0.380922239412737,0,-0.605881407942212,-1.34254771431678,0.173513983392399,-0.159940220743104,0.231923900330685,"protein-coding-exon3"
-0.337245379738298,1.11550394836514,-1.78258272147386,-1.13263542629089,0.867202405041337,2.69155340349615,1.32962527199249,13.0164883407764,4.02681050433788,-0.674490759476595,0.417331973183776,0.165140805417574,1.3185990523101,-0.390229656380825,-0.537132458914492,0.330674409588669,1.11797461048776,0.0864731742918712,0,1.57560071919828,0,-1.33139876570906,0.550014894085376,0,-0.674490759476595,0,-1.13566001785245,-0.314825955625567,0.420185405521475,-0.876124240484153,0.393520490806317,"protein-coding-exon3"
-1.01173613921489,0.882026377777086,0.554045980998632,0.636312037242071,-0.925015898710759,2.1516649666344,1.20232072467406,11.2415126579433,0.604021575650682,-0.674490759476595,-0.0969855994018634,1.3261005639857,0.96008594592164,-0.182108047089351,-0.662190016142675,-0.353672805112369,0.988264849049956,-0.200617764357141,0,0.995808739350456,0,-0.122932404308645,1.35037722919315,3.91059487364158,4.12155692084478,0,0.191566333849672,-0.1753008162006,-1.51644767459827,-0.0124905696199455,-1.15637095757844,"protein-coding-exon3"
-0.337245379738298,0.363187332025859,0.0722668670867781,0.127262407448414,0.713033088589544,2.86116219096687,0.981957297736897,4.86343337096282,-0.563753470607304,-0.674490759476595,1.98379635140175,-0.228809549674952,0.492195959618056,-1.18369575024354,-0.682691255032542,0.642602227868103,1.1117979551812,-0.779988032112678,0,3.93406776651595,NA,0.227853294398123,0,0,-0.034736038801555,0,-0.966694885535832,1.1676286507647,-0.198461272850113,-0.201410435121494,2.45862111370203,"protein-coding-exon3"
-0.168622689869149,0.804200520914402,1.27671465186641,1.38716024118771,-0.501050278468328,3.11705451857532,3.22579300310385,303.840337387378,526.948422597655,-0.674490759476595,-0.254219828735187,0.511339602317065,0.613725826190415,0.354618348446872,-0.62938803391889,0.307676014064968,1.9950596640196,-0.0951204917210582,0,0.991826889384347,166.915210116396,0.764169315345881,0.479654743885836,11.540677236828,1.61891257666163,7.33493010556472,0.859530543150947,-0.514567207854996,-0.739529374620403,0.544325876068826,1.4158488445597,"protein-coding-exon3"
-0.337245379738298,1.03767809150245,0.289067468347112,-1.14536166703573,-0.616677265807173,3.2501776947878,5.75997241288126,7.00523736158148,0.422815102955478,-0.674490759476595,0.665673886803699,0.552127391606947,-0.644108292833505,-0.879754023727714,-0.690891750588488,0.0900609438154995,1.52563386072087,2.86226206906094,0,0.787194425908645,119.945108718908,-1.33139876570906,0.248512254525506,0,12.2511456654511,0,-1.21204482731175,1.10400715232973,-0.826957806480509,0.413244338552553,2.10335964107747,"protein-coding-exon3"
-1.01173613921489,0.726374664051718,-0.385423291129483,-0.649038277986912,0.539592607581276,0.201656959521877,-0.0677468643624395,39.1914630769558,44.667395519368,-0.674490759476595,-0.553993499613674,0.634697794315734,-0.0972238932578877,-0.442269892459566,3.5364637085019,-0.0135284679551175,-0.432365871459356,0.717727346622531,0,0.727120428593866,0,-1.33139876570906,0,10.0582494482221,4.55146931951003,0,-0.587671527206134,0.661850020349195,-0.440540407865082,-1.09203265820021,1.59968988690299,"protein-coding-exon3"
-0.927424794280318,1.08956199607758,-1.58987107590912,0.343608500110718,-0.423965620242431,3.2654622076122,4.73855815018601,49.1076605583837,88.418691648999,-0.674490759476595,4.30998125826766,0.164145981288552,0.783867639391719,-0.758077684395208,-0.36902230001759,0.690918184850667,2.50772205446426,0.466955141176104,0,0.904918685776223,164.361756821539,0.729674192039573,0,1.80027581938776,2.44665375275857,0,1.25773067853899,-0.379721369311594,-1.23621136326311,-0.0827863335275012,2.46035813017751,"protein-coding-exon3"
0.674490759476595,0.311303427450736,-1.85484958856064,0.878110611394058,-0.713033088589544,0.225323301959652,5.89769955471698,794.171453184425,5405.48975076056,14.1643059490085,1.8515432613083,-1.12216161753628,-0.765638159405865,-2.39183166174955,-0.682691255032542,0.87335923841683,1.58740041378649,1.78134739041255,0,NA,0,0.5579589748063,12.6584863915627,12.2119541436404,-0.566489218712488,11.8978733116604,0.66550668114884,-0.745574708212706,0.980523686719433,0.251236490945981,0.900525218857232,"protein-coding-exon3"
1.26467017401862,0.492897093463666,-3.90241082268602,-0.0509049629793657,-1.27189686072729,3.2654622076122,4.57551899309399,21.6547033305644,69.7644919876538,-0.674490759476595,2.5715878629282,-0.678470055992682,-1.34898151895319,-1.11491190583208,-0.670390511698622,0.366621481583697,1.51328055010775,2.50772205446426,0,0.930714148600148,74.0501455508326,0.773014583195473,3.49516518867499,7.34150365996493,1.00698081565827,18.5173478041889,1.28569009719129,-1.08171233347215,1.26852667483052,0.879102464689518,1.09785325774035,"protein-coding-exon3"
1.18035882908404,-1.24521370980294,-0.9876471835193,1.14536166703573,-1.56096432907441,3.26349001240905,5.32892368248727,25.4413181206084,4.53016181738012,0,2.11751892027402,-0.682449352508767,0.461813492974966,0.0260135622021223,-0.584285308361184,-2.14909376658445,1.24150771661901,2.52501668932264,0,0.32443421028212,148.436271798357,0.675306826636259,3.26744204679853,2.2836575017439,0.404349106449378,0,-1.0218079759052,-0.0357756767756319,1.81886485227462,0.20341784809611,-0.147844554764713,"protein-coding-exon3"
-0.75880210441117,1.1414459006527,-1.61396003160471,0.738121963200802,-0.481779113911854,3.23390708436183,6.03691563862661,17.2409304659193,15.2414777589189,-0.674490759476595,0.232177647052946,0.523277491865323,1.15453373243742,-1.56327872693277,-0.639638653363823,-1.1580368569581,1.95182307687366,NA,0,0.566115190833795,0,0.380046858618947,0,0,8.87150386385969,0,-0.681218746385721,-0.21335312695286,-1.26214232064314,0.144533734173554,-1.04091991883828,"protein-coding-exon3"
0.75880210441117,1.08956199607758,0.698579715172188,0.661764518731754,0.173440481008267,3.24327501157679,5.66616906222557,0.473326848755505,2.71809709042807,-0.674490759476595,-0.780293231551355,-1.19975789959996,-0.151912333215449,-0.499449904941146,39.1471156601993,-1.3464690891901,1.50710389480118,0.345892697167485,0,2.73379968760137,0,0.403408409645373,1.28131021040532,0,-0.674490759476595,0,-0.106560032183466,-0.204310993704795,0.601278707842898,0.735706917514894,0.881031119408481,"protein-coding-exon3"
1.09604748414947,0.259419522875614,-0.289067468347112,-0.139988648193255,-0.982829392380182,3.2654622076122,5.43761645388196,12.6141605193342,60.804838615502,0.674490759476595,-0.808213328348861,-0.100477237031174,-1.78041254528507,-0.883215505794932,-0.625287786140917,1.04903605800543,1.51945720541431,0.916615647493835,0,0.941274707205916,0,0.708539355469125,0.561651076587495,5.18813199782041,2.20294553659233,7.04611649135006,-0.219686901889014,-0.834557099983566,0.874756225716247,1.04546067718872,1.48727605790354,"protein-coding-exon3"
-0.421556724672872,0.674490759476595,0.602223892389817,1.51442264863613,0.269796303790638,3.11902671377847,5.76369476806601,31.6773993529622,-0.231541603999428,-0.674490759476595,-0.768537401320826,0.357141862318728,0.796020626048955,-0.417082365750758,-0.414125025575296,1.19862226082345,2.73625830080707,1.98023569128385,0,0.406494944366285,80.366582648635,0.356716102579679,2.07179054127559,11.9765211051064,-0.583472139856711,0,-0.405733869232397,0.0452389203098281,-0.107356222038027,-0.402518679042494,1.37035425929443,"protein-coding-exon3"
1.60191555375691,-0.259419522875613,0.144533734173556,0.547228352028181,-0.366152126573009,3.2654622076122,5.86940965531289,3.66828307785517,4.42949155477167,-0.674490759476595,0.746495219638585,-1.16891835160029,-0.698796732791067,-0.473475677762515,-0.656039644475716,-1.74323972793091,1.38357078866994,2.27424448387621,0,2.24160840700795,112.217552695,0.697014923736863,0.472122978486312,3.59105481896882,-0.207684227858856,0,0.743905857946203,-0.984546624865405,1.75431041627062,0.980688151873901,2.19657091450937,"protein-coding-exon3"
0.421556724672872,1.45274932810344,0.433601202520668,0.279977296386511,0.0963558227823708,3.19249098509573,5.90216638093868,35.381181944474,127.116340595686,-0.674490759476595,-0.261567222629268,-0.394945179221546,-0.206600773173011,-2.05151815017895,-0.60478654725105,0.915684016733556,1.19209447416651,1.85917324727523,0,1.17066389003612,107.984195916686,0.513050408150553,0.302121702470812,5.59904134260182,18.3715873533919,11.6938433730765,-1.28754331514231,0.109923141384955,-0.623349430177262,1.41861920798469,3.37711576552384,"protein-coding-exon3"
0.674490759476595,0.933910282352209,-0.529957025303039,-0.649038277986912,-2.62087837968048,3.25708037799882,5.91482238856683,67.0112486125607,218.635676333025,-0.674490759476595,1.93971198803727,-0.334260907351233,-0.182294799858539,-1.51337569379704,-0.674490759476595,1.03937286660892,1.18591781885995,1.21927175751538,0,1.24718465895005,126.597526513402,0.548983420472582,10.3887557350469,10.4011662901114,-0.486826630008834,13.3368675410055,0.0847242902388771,-0.781513490943551,-0.101073115085471,1.30343401077014,1.41862941807772,"protein-coding-exon3"
-0.168622689869149,0.466955141176104,-0.650401803781003,-1.2598978337393,0.578134936694224,3.25708037799882,4.91425331490619,6.55557685526375,2.55702467025456,-0.674490759476595,3.89705772142033,0.473536285414247,0.115453373243741,-0.156999190427525,-0.680641131143555,0.826589392057708,1.17974116355339,1.72081616840824,0,0.590698786276731,247.550577322384,-1.33139876570906,1.2690289623498,0,25.8611965617417,0,0.90529696907171,0.228840966961376,0.366390042184815,-0.572735688003836,0.687513335554778,"protein-coding-exon3"
0.252934034803723,0.0259419522875614,-1.71031585438708,0.139988648193255,-0.886473569597811,3.26299696360826,5.59618878475228,146.731323114207,319.960295648427,-0.674490759476595,-0.842011340261632,0.116394423095519,0.826403092692045,-0.910540235446758,-0.680641131143555,0.913944642282183,2.18035932321647,1.76405275555417,0,0.656485872673319,0,0.673570463129631,4.92530052311474,19.2247754484173,-0.674490759476595,6.97589540041963,-0.0533001597651138,0.0910653590652485,0.0582893248930352,0.468396360747637,1.55113655322543,"protein-coding-exon3"
0,0.700432711764157,0.36133433543389,0.699943240966278,-2.96775934169702,3.19840757070517,3.56303838284215,16.0339470015927,-0.674490759476595,2.69796303790638,-0.814091243464126,0.0318343721286889,0.407125053017404,-0.445587146107317,-0.678591007254568,1.18528705669626,2.61890184998238,1.45274932810344,0,1.35729146670855,0,0.334005983973885,0,0,-0.298229380446943,0,-0.67235553009825,0.0117222430286153,-0.426805421481243,0.582406028129615,1.87459764394132,"protein-coding-exon3"
-0.927424794280318,-0.337245379738298,-1.68622689869149,1.01809925958731,-0.925015898710759,3.2654622076122,3.83774819547665,49.2969912978859,129.522359872028,0,0.709758250168182,0.121368543740626,1.17276321242327,-0.910540235446758,-0.676540883365582,0.111899756371619,2.76714157733988,3.40704306709972,0,-0.0988537535064516,0,0.44309841040057,0,0,-0.674490759476595,0,0.237091035689868,0.0910653590652485,0.0582893248930352,-1.38645322781301,2.0162633498134,"protein-coding-exon3"
-0.0843113449345744,1.16738785294026,-0.409512246825075,0.44541842606945,-0.597406101250699,3.24820549958466,4.48692693969695,21.1932096530278,64.761179936014,-0.674490759476595,-0.119027781084105,0.020891306709452,0.328130639745371,-0.473475677762515,-0.668340387809635,1.13078665721993,1.56269379256024,3.27733330566192,0,1.06505830397844,157.306162191015,0.765206869528559,0,1.32494065064614,-0.674490759476595,0,-1.07144198711504,-0.386262827011149,-0.311431535857093,0.229326858222038,1.4491506547362,"protein-coding-exon3"
0.75880210441117,0.207535618300491,0.746757626563373,0.878110611394058,1.15626987338845,3.24080976757285,2.98681780024294,51.2021318641268,36.6037074844313,-0.674490759476595,0.44231311242365,0.370074575996008,-0.285595186445045,0.747260552935152,1.58269564229766,1.62109698867899,2.79184819856613,2.99197183049874,0,0.985767552479398,282.96294275368,0.707032769943592,0.434750180555782,0,-0.384658782721448,0,-1.13759381049699,0.0267700753803886,0.950718988772666,0.365349161383151,1.5375427813984,"protein-coding-exon3"
0.168622689869149,0.259419522875614,-1.85484958856064,-0.44541842606945,0.481779113911854,3.2654622076122,5.43166068558636,86.5714806373819,930.273762712138,-0.674490759476595,0.590730469084077,-0.464582868253053,-0.376742586374314,-0.750643364955388,-0.664240140031662,0.984679203304657,NA,1.478691280391,0,1.02021921088182,209.786347014246,0.182435426031701,0.886730112048093,15.2216080676779,8.4051740496195,9.7846731435885,1.22437275542069,-0.342050373074343,0.0632990926538774,0.39299597096874,0.557403135163995,"protein-coding-exon3"
-0.674490759476595,1.40086542352831,-1.30080360756201,0.71266948171112,0.46250794935538,3.2654622076122,6.08381731395446,14.8742962221418,15.9562366234389,-0.674490759476595,-0.668612844361331,-0.15021844348225,0.486119466289438,-0.895252022983212,-0.557633697804358,0.95665594825477,1.80358334951617,3.20815476622842,0,2.37249008415484,133.989101840617,0.694096506492435,0,0,-0.674490759476595,0,0.825286298403898,-0.0728522872521943,-0.842312771805998,-0.181593666012932,2.56283326725053,"protein-coding-exon3"
-0.252934034803723,1.1414459006527,-0.554045980998632,-0.470870907559133,-0.404694455685957,3.26250391480748,6.07711707462191,45.5222096790607,61.8820104254124,2.69796303790638,0.686246589707124,0.232788846191037,-0.850709066006517,-2.2889443519713,2.89887517902707,1.63868399702065,1.42063072050931,2.22236057930109,0,2.11955604935112,249.364873084519,0.676775510639137,0,4.00700800639644,-0.497336081286689,11.6961057354055,-0.606445430796869,-0.160275031954837,-0.519992021408445,0.243277863674459,1.21654730366103,"protein-coding-exon3"
1.09604748414947,0.0778258568626841,-0.216800601260334,0.763574444690485,-1.69586248096972,3.22256696194373,5.78528442813755,119.657027365392,159.81404189091,0,-0.365900215925212,-1.84141946281885,-3.50613665061257,-0.687549987275644,-0.50843072446868,0.080977543902778,1.32180423560432,0.856084425489525,0,1.32266668439456,339.340503658534,0.746249001665602,0.216866038546599,3.94723927676452,2.54148259019097,9.45225963400416,-0.0258241892739516,-1.14400392706537,0.739883564779333,1.12873963830777,1.50131703896247,"protein-coding-exon3"
0.590179414542021,-0.518839045751227,0.0722668670867781,0.483597148303974,0.385423291129483,3.25214988999095,5.27457729678993,0.485160019974393,0.251675656521118,-0.674490759476595,-0.673021280697779,-1.14106327598769,-0.0303824666430899,-0.330073293788418,20.8702611898837,0.379570158055024,1.56269379256024,2.41260156274321,0,1.5016768089579,353.92206589495,0.0213657989741272,0.347060269256395,0,12.4668196494715,0,-1.24145459044745,-0.633117679938771,1.2136670147372,-0.165987960339949,1.42874743689021,"protein-coding-exon3"
1.43329286388776,0.830142473201963,-0.481779113911854,1.48897016714645,-1.1948122025014,3.23094879155711,5.91333344649293,103.871576959396,18.1206472695205,-0.674490759476595,4.68616782564458,-0.490448295607613,-1.76218306529921,0.92509419413847,23.4390664227839,0.0452237357356802,1.69858020930461,0.864731742918712,0,0.238045378408706,252.590287772758,0.66686189361971,0.652017259857289,0,3.53144310572883,0,0.892324443414592,-0.839440479863444,0.77308298900996,1.68023142527392,1.44464140656487,"protein-coding-exon3"
0.168622689869149,1.06362004379002,-0.36133433543389,0.954468055863106,0.346880962016535,2.89666170462354,6.07413919047411,421.024231968022,853.381816131806,0,-0.645101183900273,-0.469556988898161,0.777791146063101,-1.63895931212967,-0.658089768364702,0.820598213391869,1.35886416744369,2.99197183049874,0,0.936254113770387,132.040413799806,0.77773332276601,0.361624749340483,10.3599131361999,-0.115638498980064,10.1043471371454,0.46552029182607,-1.5860550037197,-0.261222530076207,0.617242315385221,1.46934212875174,"protein-coding-exon3"
0.75880210441117,-0.38912928431342,0.481779113911854,-1.87075738949169,-0.828660075928389,1.43526505909091,0.944733745889403,77.826767106624,95.4052078740253,-0.674490759476595,2.35704396122104,-0.620770256509432,0.0850709066006516,-1.32028006347917,-0.678591007254568,-0.29434080993778,1.2106244400862,NA,0,0.603683079644479,0,-1.33139876570906,0.0940144540174928,5.45653533045705,-0.472227160321298,8.88633958151039,0.700476098137592,0.923459656771011,0.648815699702273,0.648728959635467,1.70516197684248,"protein-coding-exon3"
0.337245379738298,0.415071236600982,0.867202405041337,1.37443400044287,-1.90784529109094,3.09683951774305,5.06091410918531,15.9747811454983,55.8719957476881,-0.674490759476595,-0.421740409520224,0.631713321928669,0.00607649332861785,-0.170071529901071,15.5686408129643,1.39072650578613,1.17974116355339,3.29462794052029,0,0.560055853928847,290.892087195603,0.850182083320886,0,0.768936228591652,10.1854425926306,0,-0.234915518964761,-0.780678487259333,0.22634426159764,0.449660506317726,2.56073254762946,"protein-coding-exon3"
-0.168622689869149,-0.233477570588052,0.891291360736929,0.776300685435327,0.134898151895319,3.24919159718623,5.78528442813755,19.7732291067612,25.3789732035895,-0.674490759476595,-0.270384095302165,0.839631564894169,-0.528654919589764,-1.89544988864071,-0.680641131143555,1.43904246276869,0.574428943510287,3.14762354422411,0,2.05359583904296,208.778404924171,0.854915035962419,0.393076945602552,8.43857972179865,-0.674490759476595,0,-0.191324609769105,0.0310391787236477,0.0322526445585178,-0.161497787480315,2.11669147680868,"protein-coding-exon3"
-0.505868069607446,1.11550394836514,-0.385423291129483,-1.06900422256668,-0.192711645564742,3.22996269395554,5.71009285340561,26.2459737634928,40.5197806998999,-0.674490759476595,-0.0984550781806795,-0.00895341716119408,-0.176218306529921,-1.24570085894003,0.666290263920649,0.205825976745723,1.1612111976337,0.804200520914402,0,1.12911415125933,261.124197468725,-1.33139876570906,0,4.17087112009748,31.612412514904,15.1248805801363,0.091573139188287,0.34599249612949,0.137677239778033,-0.782078242583301,1.04071511127114,"protein-coding-exon3"
-0.674490759476595,1.16738785294026,-0.722668670867781,-0.954468055863106,-3.33391146827003,3.23292098676026,5.43538304077111,26.328805962025,36.2412945390409,-0.674490759476595,0.329163246454809,0.906284781538611,0.850709066006517,-1.17703501959904,-0.446927007799081,1.09213389163388,1.52563386072087,2.81037816448581,0,0.358193373038264,61.5516636339044,-1.33139876570906,0,3.3895643168368,1.80649815610695,13.9246204882084,-0.47236914077548,0.753732429238813,-0.212238134192419,-0.712876412454948,2.31689097889331,"protein-coding-exon3"
-1.09604748414947,-1.63434299411636,0.409512246825076,-0.496323389048816,0.578134936694224,3.25362903639331,5.58204383505023,61.7218210777179,149.656412393717,0,-0.545176626940777,-0.228809549674952,1.46443489219693,-0.589173093524373,-0.690891750588488,0.268443456995127,1.38357078866994,-0.229153911873459,2.36104692562307,0.0798101232337552,126.26154581671,-1.33139876570906,1.52903538494551,10.4388205360644,-0.674490759476595,0,0.443845699268525,-0.1753008162006,-0.0323285331339496,-1.63497882628029,2.66874738300996,"protein-coding-exon3"
-1.77053824362606,-1.37492347124075,-0.433601202520668,0.0254524814896829,-0.79011774681544,3.2654622076122,2.15301023885907,2.16547033305644,3.18118029842693,-0.674490759476595,0.531951317931432,2.79545580255049,1.34898151895319,-1.40398499346826,-0.686791502810515,-0.31637288632183,1.26003768253869,1.25386102723213,0,0.32408796245898,0,-1.33139876570906,2.17960149733305,0,-0.674490759476595,0,0.688551043496266,1.05342057292894,-1.27350087243271,-1.4994727367934,2.57250387735807,"protein-coding-exon3"
-0.421556724672872,1.478691280391,-0.168622689869149,-1.14536166703573,-1.61877782274383,3.2654622076122,1.86564441859641,39.3807938164581,14.5971880782248,-0.674490759476595,1.34898151895319,0.828688499474932,-0.279518693116427,-0.728432188357407,59.3162344800496,0.239647146633519,2.13094608076397,0.164299031154555,0,1.61455359930152,0,-1.33139876570906,0,0,1.48874977223964,0,0.482843850933401,0.638595830445033,-0.104319387010952,-0.390330300623042,1.19560542782885,"protein-coding-exon3"
-1.26467017401862,0.233477570588052,1.58987107590912,0.852658129904375,-1.48387967084851,3.2654622076122,3.90921741502384,36.2805029571095,8.9395193196301,0,0.815560722242942,1.2892920712119,0.759561666077247,0.0827740010997969,-0.656039644475716,0.0999173990399428,1.11797461048776,1.80728934270011,1.08115302319558,1.05536336493053,83.1216243615062,0.786313279957017,0,4.6853538130197,-0.674490759476595,0,0.00261867753948027,0.327835292634887,-1.10564671820923,-0.836868164535778,1.96287198609008,"protein-coding-exon3"
-0.843113449345744,0.95985223463977,0.26497851265152,-0.814479407669851,-0.481779113911854,0.0626171976999472,0.404992244100737,4.73326848755505,191.696314059005,-0.674490759476595,-0.217482859264785,1.11718749689117,1.13022775912294,-0.76085735938858,-0.606836671140037,-0.32391017561111,1.02532478088933,-0.20148249610006,0,0.0254492150007854,0,-1.33139876570906,0,0,-0.674490759476595,0,0.124044740677842,0.587309192437232,-0.794263344873242,-0.426561507705528,2.46645715471533,"protein-coding-exon3"
-0.252934034803723,0.129709761437807,0,0.890836852138899,-0.578134936694225,3.19939366830674,4.76089228129451,34.6711916713408,90.6032363476023,0,-0.213074422928336,1.28829724708288,-0.473966479632202,-0.548946476167462,0.395673910574416,1.64274253740718,1.95799973218023,-0.324274403594517,0,0.743394076281443,144.471699577396,0.853602695740493,0,2.03666498570767,-0.674490759476595,0,-0.849297557073594,0.435999974517419,-0.48698244815572,0.194098060281029,1.42545573979804,"protein-coding-exon3"
0.0843113449345744,0.856084425489525,0.0240889556955927,0.0509049629793657,-1.07918521516255,3.15058183702883,6.05403847247646,10.42502384384,23.274964715073,0,-0.255689307514003,-1.19776825134192,-0.522578426261146,-0.818942077410455,-0.678591007254568,1.20152121824241,2.00741297463272,0.544780998038789,0,1.09552811241476,264.618396714318,0.33293763480405,2.2876624787988,1.27444313763547,22.6827647055564,0,0.157644387876712,-0.368296667740518,-0.587430741287335,0.792964186290845,1.99311660356951,"protein-coding-exon3"
1.26467017401862,-0.648548807189034,-0.36133433543389,0.623585796497229,-0.905744734154285,-0.0419091480668937,-0.174950693683223,23.1220165617064,19.0266796329965,232484.823957912,-0.486397475788133,0.373059048383073,-1.06946282583676,1.04471200057494,-0.586335432250171,-0.822144324015311,-0.2779494887953,0.527486363180414,0,-0.606799310052738,0,0.582578382615835,0.518434684814259,8.88710034049781,-0.532665985344087,0,-0.792331248753207,-1.15197679217536,0.42584807534639,1.73750397397333,0.826625720754283,"protein-coding-exon3"
-0.421556724672872,0.492897093463666,0.746757626563373,-1.1071829448012,-1.15626987338845,3.21665037633429,3.30024010679884,110.640150896599,98.8179297764516,-0.674490759476595,1.81186733428027,0.317348897157867,1.20922217239498,-0.981028597542831,-0.592485803917131,-1.24345946890327,2.66213843712832,-0.64422514847444,0,0.32772356460195,0,-1.33139876570906,0,0,-0.674490759476595,0,0.792814696914342,-0.836920025731895,-0.617544506585693,0.0362629440578729,1.10992448814956,"protein-coding-exon3"
0.252934034803723,1.78999470784173,-1.78258272147386,0.521775870538498,-1.17554103794492,3.25264293879174,5.67882506985372,32.1862257153744,11.8790909877968,-0.674490759476595,4.22034305275987,-0.92518643999002,-0.103300386586506,-0.766770724586743,-0.633488281696863,0.00946992756858239,2.26065584220178,3.29462794052029,0,1.00602305013308,191.912173950252,0.556405012377448,0,0,-0.25078787551611,0,0.0765056714995851,0.133123176212482,1.34744758935074,-0.797999484073747,1.76310983728597,"protein-coding-exon3"
-0.674490759476595,-2.04941423071735,1.51760420882234,0.496323389048816,-0.828660075928389,3.20037976590832,4.54648462265294,35.6415117112896,-0.382546997912099,-0.674490759476595,1.05508576318997,-0.0378033169028183,1.03300386586506,2.20778308683464,51.1710922691058,0.778853226558934,1.00061815966308,NA,0,0.886567551149806,153.879159084761,-0.278063336535226,0,0,-0.674490759476595,0,0.110105318698455,0.976957357702213,-0.128648188969384,-0.895531738705823,2.97241403241938,"protein-coding-exon3"
-1.18035882908404,0.648548807189034,-1.87893854425623,-0.496323389048816,0.404694455685957,2.81284340848975,5.36168040811307,81.7908794649513,56.8786983737726,0,2.50399183910265,0.582966939606615,1.14238074578018,-2.36739150048707,-0.63553840558585,-0.62520848335438,2.63125516059551,0.665843442047408,0,0.453238400490176,160.262792321902,-1.33139876570906,0.0439420655182761,0,3.5739278333817,0,-0.396306630090268,1.32226901362738,-0.612685570542383,-1.22157770882985,2.51587226530261,"protein-coding-exon3"
1.93916093349521,1.32303956666563,-1.01173613921489,1.98529355619526,-1.52242199996146,2.80988511568503,4.4742709320688,37.6413176472816,0.120804315130137,0,10.7683404911645,0.0825704027087869,-3.20838847751029,0.324618837197651,-0.100456070560344,-0.0844562928055218,1.32798089091088,2.03211959585897,0,1.0976055993536,232.565838249938,-0.988141256939623,2.58271246262136,0,23.2158214095466,0,0.977894767935455,-1.64941424577742,1.0189511887469,2.2874034451815,0.313753506096624,"protein-coding-exon3"
2.10778362336436,1.27115566209051,-1.25262569617082,2.37980701928535,-2.73650536701933,3.25560123159646,3.09029927437897,25.0153239567285,98.5058519623654,0,4.97271618751372,-0.406883068769804,-0.261289213130573,-1.12905940261438,-0.690891750588488,0.596412172992772,0.920321640677772,1.41816005838669,0,0.375159516372121,79.7618173945901,-1.32168375266834,5.75042437455857,6.65980603458637,45.7092974899126,7.87100015412529,-0.268354016776586,-1.78681617655896,1.38312240924768,2.06562795089707,0.0445155253741541,"protein-coding-exon3"
0.590179414542021,0.778258568626841,-1.56578212021352,0.687217000221437,-0.69376192403307,2.96716768313607,5.92152262789938,25.0508234703851,55.0062314892555,0.674490759476595,-0.357083343252315,-1.21269061327724,-0.856785559335134,-0.444013745167672,-0.62938803391889,0.839924596184895,1.26003768253869,1.21927175751538,0,1.02402793693636,113.292690924414,0.715409006450328,0.412827952756343,5.6977695937598,-0.231205896646715,11.3835922284433,-0.429906277289138,-0.932499044765309,0.556789361859512,0.479974697754879,0.435923580496041,"protein-coding-exon3"
0.927424794280318,1.29709761437807,0.794935537954559,-0.26725105564167,-0.173440481008267,3.26349001240905,5.32892368248727,69.2240516304927,57.3820496868148,-0.674490759476595,2.26740575571326,-1.74790599469082,0.941856465935786,-0.815519930366728,-0.672440635587609,0.62462869187059,1.24768437192557,0.12106244400862,0,0.881373833802707,0,0.120987582427414,9.44656998743864,17.29651279332,-0.674490759476595,10.3062904308628,1.11736956242285,-1.40676182938617,-0.0756675087120829,1.6960021270897,-0.0989549384307241,"protein-coding-exon3"
0.0843113449345744,-1.03767809150245,0.578134936694224,-0.305429777876194,0.404694455685957,3.24475415797915,5.71604862170121,81.1045555342559,170.676363226361,0,2.45549903940172,0.483484526704462,-0.0850709066006518,-0.891200515563628,-0.682691255032542,-0.224765831882888,2.80420150917925,0.942557599781396,0,0.638827233693182,130.562098734363,0.781682187657619,0,11.7776142965983,-0.674490759476595,18.223921606585,-0.199462653814874,1.04338336621039,0.576334778746471,-0.266612866577769,-1.05052514847956,"protein-coding-exon3"
-1.01173613921489,1.03767809150245,-1.51760420882234,-0.661764518731754,0.308338632903586,3.24919159718623,5.60512243719568,19.1224046897224,39.1707991809467,-0.674490759476595,-0.242463998504658,-0.575008346574443,0.808173612706191,-0.111042771315409,-0.606836671140037,0.427886115037588,1.12415126579433,2.05806154814653,0,0.59416126450813,176.524258041776,-1.33139876570906,0,10.7247994311488,1.73272885055222,2.71134241024194,-1.2233252844049,0.515518776562036,-0.708205142515774,-0.823463650797317,1.89129860923082,"protein-coding-exon3"
1.09604748414947,0.207535618300491,-0.385423291129483,0.419965944579767,-1.77294713919562,3.15058183702883,6.08381731395446,159.179819236476,0.704691838259129,1.34898151895319,-0.0499622784797478,-1.74989564294887,-1.37936398559628,-1.58872848713152,5.82030172083299,0.915684016733556,2.79802485387269,NA,0,0.500328104437208,228.601266028977,0.623076159572615,0,3.12834268560376,1.93162292460709,0,0.399449043137644,-1.01726286445471,1.41818214604295,0.48260976755652,2.24875297011742,"protein-coding-exon3"
-0.0843113449345744,0,0.481779113911854,0.0763574444690486,-1.54169316451793,3.20185891231068,1.40481684672443,18.637244669748,76.881879554071,6.74490759476595,-0.346796991800602,1.17787176876149,0.57119037289009,-1.55326140761703,-0.498180105023747,-0.333186839351762,2.48919208854458,0.830142473201963,0,2.33561469099044,0,0.727002134692402,0,4.59479024857338,-0.674490759476595,10.5345254498988,0.148217148734583,-0.899190068981897,-0.311431535857093,0.325342601629886,1.85219018530302,"protein-coding-exon3"
-0.927424794280318,0.933910282352209,0.0722668670867781,0.407239703834925,0.481779113911854,3.25708037799882,4.37972311037617,16.1286123713438,9.78514952554105,-0.674490759476595,-0.402637185395615,1.57978071688618,0.467889986303584,-0.671815977879199,-0.668340387809635,0.188432232232001,2.22977256566896,NA,0,1.438832829058,91.0507688034284,0.592352237770472,0,0,-0.674490759476595,0,1.09593669394587,0.341762935786047,-1.08608476790499,-0.29190146313483,-0.154267240903162,"protein-coding-exon3"
-0.337245379738298,0.830142473201963,0.602223892389817,0.419965944579767,0.828660075928388,3.2654622076122,3.15357931251971,2.18913667549421,2.72816411668892,-0.674490759476595,0.304182107214935,1.64543910940161,0.771714652734483,-1.3475916814565,-0.633488281696863,0.765904550087607,1.31562758029775,NA,0,0.512793026070245,0,0.492612012058889,0,0,1.360483002842,0,0.691532307156598,0.332570691306275,0.230825726576434,-0.677488496185392,0.774486536308333,"protein-coding-exon3"
-0.168622689869149,0.674490759476595,-0.313156424042705,1.20899287075993,-0.79011774681544,3.13233903139971,4.63879903123473,16.6847714186316,25.5702467025455,-0.674490759476595,0.404106664174431,0.0905289957409591,0.492195959618056,-0.329129253224631,-0.680641131143555,-0.00289895741895353,2.49536874385114,NA,0,2.32765099105822,215.766803415357,0.835798455473345,2.51832591947684,15.1394240501199,0.156447944257849,1.94874399849938,0.524017519323383,-0.632277648996127,0.584039172748736,-0.788968548929054,-0.679525728368257,"protein-coding-exon3"
0,1.76405275555417,0.0481779113911854,1.59078009310518,-1.42606617717909,3.09782561534463,5.55822076186784,25.9146449693639,18.3924569785633,-0.674490759476595,-0.352674906915867,1.1460373966328,-0.467889986303584,-0.0364242317527694,-0.680641131143555,0.539206079925417,0.957381572517145,3.43298501938729,0,0.784597567235095,321.735115151893,0.779384407846665,0,0,-0.674490759476595,0,-1.04936452108989,-0.565971206590502,0.140449516170841,0.0252934034803669,0.735955248635912,"protein-coding-exon3"
1.26467017401862,1.16738785294026,0.216800601260334,0.979920537352789,-1.96565878476036,3.00513244079667,5.40932655447786,108.214350796727,-0.463083207998856,-0.674490759476595,5.22987497380654,-0.733185383088865,-0.194447786515775,1.35278390455733,51.6323701441278,0.674297495648666,0.469425803298729,3.18221281394086,0,1.25082026109302,0,0.0445804816002648,0.0517070546186593,0,15.8987513884131,0,1.13686863825529,-0.803163943612954,1.81886485227462,0.365349161383151,-1.25993449370324,"protein-coding-exon3"
1.93916093349521,1.478691280391,1.34898151895319,1.4762439264016,-2.79431886068875,2.86116219096687,1.2968685463667,21.0038789135256,-0.422815102955478,0,2.68914616523348,-0.356147038189706,-1.08769230582262,2.04799110973924,-0.149659043896023,0.980040871434332,0.481779113911854,0.596664902613911,0.823338251462545,0.48561257195376,0,-0.254652039760316,0.636833716862258,0,9.11076994082601,0,0.718766553567192,-2.02347227842977,2.19129429075919,1.04546067718872,-0.151202177933995,"protein-coding-exon3"
0.337245379738298,0.466955141176104,-0.0722668670867781,0.26725105564167,-4.58653716444085,3.08697854172731,5.74806087629006,63.496796760551,10.9025894404948,-0.674490759476595,7.78089013383131,1.70413373301388,0.704873226119685,-1.01459448425525,-0.668340387809635,-0.326229341546273,1.16738785294026,2.49907473703508,0,0.401301227019186,175.986688927069,0.63875080803559,0.97376995728591,0,-0.674490759476595,0,1.13090611093463,-1.05896003255872,-0.870903314558347,1.49886835439243,2.53431785486012,"protein-coding-exon3"
-0.421556724672872,0.830142473201963,-2.33662870247249,1.90893611172621,-0.327609797460061,3.24426110917836,4.27921952038793,16.956934356666,36.9057182722567,4.04694455685957,-0.288017840647958,0.659568397541272,0.650184786162123,0.418655766690402,-0.621187538362943,1.58321727840466,NA,NA,0,2.6096698430057,151.460098068581,0.8563766134298,0,4.40410184182104,-0.674490759476595,0,0.625138759694083,0.519448073925781,-0.227577320016861,-0.37085402582906,1.86106597590983,"protein-coding-exon3"
0.337245379738298,1.19332980522782,0.0240889556955927,1.00537301884247,0.0192711645564742,3.19890061950596,1.05491545935799,9.06420915366793,4.91270881529222,2.69796303790638,-0.465824772884707,0.133306433288885,0.504348946275292,0.216604862691057,9.22760762432874,1.11010742763139,2.43360219078552,0.605312220043098,0,0.587928803691611,0,-0.0259518832153723,0,2.51242987480254,10.3196547861403,0,-1.01286418492421,-1.00804559571592,-0.0260329766815577,0.687507247817371,1.63741840604831,"protein-coding-exon3"
0.337245379738298,1.63434299411637,0.578134936694224,-0.649038277986912,-3.14119982270529,2.28922558205397,1.5939124901097,72.4308410308112,97.8615622816714,-0.674490759476595,-0.655387535351986,-0.0397929651608611,-0.44966050631773,-1.00158770315419,0.641688777252809,1.04613710058648,2.6497851265152,1.54786981982449,0,1.32093544527886,0,0.621830147015335,0.817859113180368,3.39196537931055,22.7103926444827,9.45865135670067,0.991109017673141,-0.989197462846232,0.178106270506506,0.459809094133919,1.42542097677928,"protein-coding-exon3"
0.843113449345744,1.9456464215671,-2.93885259486231,-1.9343885932159,-1.83076063286504,3.2654622076122,5.85526470561084,6.33074660210488,24.1608630260273,-0.674490759476595,-0.245402956062291,0.20194929819137,-1.40366995891075,-0.719870264910841,-0.682691255032542,1.19185802684589,1.12415126579433,1.39221810609913,0,0.86613892958455,193.659273573048,-1.33139876570906,0.0692028325896164,0,4.50515189248649,6.96508877647913,0.669938289292576,-0.588257772485231,1.16248921102598,0.34252662729572,1.40660556093769,"protein-coding-exon3"
0.590179414542021,-0.129709761437807,-3.22792006320942,-1.7816737042778,0.0578134936694225,3.19199793629494,2.42548663838272,17.2764299795759,21.4427659355992,-0.674490759476595,-0.76706792254201,0.272581811351898,-0.206600773173011,-0.767570536731063,-0.608886795029024,-0.107647952157152,1.19209447416651,2.19641862701353,0,1.60676302328087,0,-1.33139876570906,0,0,7.00561579639164,0,-1.18650264946513,0.728352656897551,0.778150813892517,0.270006425522551,2.70967990998873,"protein-coding-exon3"
-1.01173613921489,-2.10129813529247,-0.192711645564742,-0.636312037242071,0.404694455685957,3.26349001240905,5.56938782742208,48.1728400320916,40.2681050433788,-0.674490759476595,-0.345327513021786,1.83843499043178,0.911473999292696,-0.546324141268055,-0.662190016142675,0.108421007468874,1.39592409928306,2.72390499019394,0,1.65160211637749,0,-1.33139876570906,0,6.06136672764897,-0.674490759476595,0,0.830362504095813,1.28971314776155,-1.13988013124165,-0.390330300623042,1.94401378928432,"protein-coding-exon3"
-0.252934034803723,1.1414459006527,-0.698579715172188,0.649038277986912,0.346880962016535,3.20728244911934,6.08381731395446,93.411053601899,177.350801637301,0.674490759476595,0.712697207725814,-0.844605685539277,-0.285595186445045,-1.41874873895193,-0.680641131143555,0.929792276172464,2.11241611484428,1.47004396296181,0,1.3287260212995,275.033798311758,0.645459377545511,0.813059625442708,2.93887361035375,27.3099027514224,0,-0.132505083497702,0.437960843132394,0.366390042184815,-0.662726385764799,1.73973913286777,"protein-coding-exon3"
-0.252934034803723,-0.830142473201963,-0.337245379738297,0.674490759476595,-0.346880962016535,3.21566427873271,4.04694455685957,33.0145477006965,5.63753470607304,-0.674490759476595,-0.345327513021786,0.694387242057026,0.103300386586506,-0.890112246580374,-0.649889272808756,1.02526460717001,2.46448546731833,2.72390499019394,0,1.17152950959397,228.4668737503,0.445770467747741,0,0,15.6444118330032,0,-0.294782516251956,0.290217639637836,-0.235414162618749,0.0157591298943108,1.89616402032934,"protein-coding-exon3"
-0.674490759476595,0.752316616339279,-1.20444778477963,0.17816737042778,-1.50315083540498,3.23785147476813,4.58073029035264,2.95829280472191,3.27178353477453,-0.674490759476595,-0.424679367077856,0.95801563624773,1.03300386586506,-1.25198135102411,-0.690891750588488,0.185919802468907,1.51945720541431,1.63434299411637,0,0.64904154447581,170.946978476695,0.522445248078641,0,3.13232297037569,8.53195107721229,0,-1.17723655971005,-1.73187815291038,-1.11634465978186,0.152814312693911,0.447868288491077,"protein-coding-exon3"
-0.337245379738298,-1.73811080326661,2.36071765816808,-1.08173046331152,-2.19691275943805,3.12001281138004,3.25780525769269,30.8727437100778,202.981450497412,0,3.56936395374434,0.665537342315401,0.729179199434157,-0.105430974630677,0.161959787229942,0.134704888067389,0.975911538436832,0.233477570588052,0,0.983343817717418,0,-1.33139876570906,2.00491374506444,11.3619672849223,-0.674490759476595,8.5038246304458,-1.22396988195308,-1.15197679217536,0.663680207992676,-1.12612346099749,-0.482269359969179,"protein-coding-exon3"
-0.674490759476595,-0.207535618300491,-0.915380316432522,0.432692185324608,0.539592607581276,3.2654622076122,6.08009495876971,48.0663414911216,193.156032866827,-0.674490759476595,-0.186623804909646,-0.342219500383406,1.02692737253644,-1.05622405078334,-0.38747341501847,1.09522611288076,1.63063700093243,NA,0,0.00363560214296934,86.8846081644524,0.855952590145098,0,2.64615347722788,-0.236579801630031,0,-0.0719934886623268,0.0200343789943574,-0.763312587885028,-0.163626462021182,1.94880452843436,"protein-coding-exon3"
0.843113449345744,1.29709761437807,0.144533734173556,0.80175316692501,-1.40679501262261,3.2541220851941,3.5369818965489,27.8552850492615,108.905090089818,-0.674490759476595,3.78684681300912,-1.44050533882317,0.018229479985854,-0.966566420572598,-0.475628742244894,0.705026444289576,2.00123631932616,1.16738785294026,0,0.153734033474132,163.421010870803,0.741608433985541,1.03507518729858,15.1836852465041,-0.510054413367918,11.5186969923823,-0.750754706895613,-0.801375159774162,0.453290244497875,1.0338348393117,2.82217956517381,"protein-coding-exon3"
-0.421556724672872,1.53057518496612,-0.602223892389817,0.71266948171112,-1.34898151895319,3.18115086267763,4.74898074470331,9.51386965998566,17.8488375604777,-0.674490759476595,-0.148417356660427,-0.142259850450078,-1.40974645223937,-0.71690702647451,-0.674490759476595,0.67758298072348,1.40210075458963,2.90549865620687,7.0001180090298,0.779750097711136,104.22121211374,0.780635158094277,0,0,-0.674490759476595,0,0.468662704873446,-0.781087181045705,-0.849112787637173,0.351000817167845,1.77320016486326,"protein-coding-exon3"
-0.252934034803723,1.50463323267856,-1.13218091769286,-0.165441129682938,-0.867202405041337,3.21960866913901,5.47186212158165,14.6139664553262,25.3085040197636,-0.674490759476595,0.180745889794382,-1.65638217482084,0.473966479632202,-0.654338115774648,5.22781591691586,0.511182824875529,NA,0.864731742918712,0,1.37754696436224,0,0.740360052583095,0,1.54812128760819,-0.674490759476595,0,0.976847296919663,-1.00379147168264,-1.05937258748954,0.71713097990327,0.113113831961136,"protein-coding-exon3"
1.09604748414947,-0.57072295032635,-0.313156424042705,0.292703537131353,-1.09845637971903,3.2388375723697,3.11337787652442,0.425994163879955,1.36911557147488,-0.674490759476595,-0.243933477283475,-0.157182212385402,-0.613725826190415,-0.565493409382724,-0.656039644475716,1.46609939867893,NA,-0.850031303289093,0,1.04116720418179,0,0.489686488278962,0,4.15314515552613,2.38875696897915,0,1.16893736627723,-0.535128807349198,1.25826053960839,0.663643685859285,0.40772723147006,"protein-coding-exon3"
0.590179414542021,1.24521370980294,-1.10809196199726,1.06900422256668,-1.29116802528377,3.15649842263828,5.13312779976945,5.38409290459387,0.161072420173515,-0.674490759476595,0.0940466418442311,-0.854553926829491,-1.58596475876929,-0.945220614491422,-0.500230228912733,1.12305610410272,2.4521321567052,2.63743181590207,0,1.77071136753763,190.165074327456,0.685286771320332,0,3.90162983277201,-0.377689499696211,0,0.272946774307367,-0.562870647936617,0.491912556637017,0.563265210956206,0.0252604867132748,"protein-coding-exon3"
0.168622689869149,-0.907968330064647,-2.50525139234164,0.190893611172621,1.05991405060608,3.12050586018083,5.18970759857764,25.2401542098873,49.3284286781391,0.674490759476595,0.946344333557576,0.476520757801311,0.881091532649606,-0.589173093524373,-0.627337910029903,1.39787726741955,1.14268123171401,0.942557599781396,0,1.39866808157377,74.5877146655391,0.649526684695417,0,6.07758867098396,-0.674490759476595,0,-0.423621451194385,-0.347655400196144,0.565749329844198,-0.234749234915887,-0.83763469979747,"protein-coding-exon3"
0.927424794280318,0.985794186927332,-1.03582509491049,0.127262407448414,-2.92921701258407,3.2654622076122,5.67882506985372,2.16547033305644,14.9797350761369,0,4.66118668640471,-0.971943174054032,-1.41582294556799,-0.737099005199948,-0.627337910029903,0.181281470598581,1.10562129987464,0.579370267755537,0,2.09912742778586,125.387996005312,-0.518489276651534,2.40601450607004,0.910931947816947,30.7870955550168,4.80492811656821,-1.02640073343598,-0.810915340247666,1.49609267225466,0.131448375524096,-0.403842319521394,"protein-coding-exon3"
-0.590179414542021,-0.0518839045751228,0.457690158216261,0.687217000221437,0.423965620242431,3.1214919577824,6.01160362337032,110.770315780007,80.9187570846697,0,0.609833693208686,0.366095279479922,-0.0303824666430899,-2.15253049050412,-0.684741378921528,-0.176256611072394,1.92093980034085,2.04941423071735,0,1.36785202531432,189.694701352087,0.546356371183563,0,2.17037247361976,-0.674490759476595,0,0.750593557508568,-0.407173529921222,-0.877095586597103,-0.0016174838356803,1.91995876160868,"protein-coding-exon3"
-1.18035882908404,-0.907968330064647,0.746757626563373,-0.496323389048816,-0.674490759476595,3.1441722026186,5.72721568725546,200.820748755742,2.43622035512442,0,1.22554530153264,1.00377754618272,1.19706918573774,-1.29969473451883,-0.688841626699501,-0.223219721259446,1.37121747805681,NA,0,0.944564061525745,0,-1.33139876570906,0.243216716377786,0,-0.023028022526161,0,0.931242020385946,0.105660765929127,-0.42285426101467,-1.35822111839808,-0.421458296975301,"protein-coding-exon3"
0.75880210441117,-0.38912928431342,0.939469272128115,2.21436588960241,0.520321443024802,3.2654622076122,4.48692693969695,33.1328794128854,48.8552784438794,-0.674490759476595,-0.116088823526473,-0.0129327136772797,-0.322054146416753,1.93196590211496,-0.436676388354148,0.281005605810593,1.12415126579433,2.02347227842979,0,0.259512743443382,152.602432437333,0.66183046648727,0.719938162173487,0,12.1221475682583,0,0.0585375148440744,-0.902300226888584,1.25826053960839,0.135236242501564,1.84181189840251,"protein-coding-exon3"
1.43329286388776,0.700432711764157,1.15626987338845,1.38716024118771,-1.96565878476036,3.08648549292652,3.69257634327143,26.4234713317761,61.066581298284,0,11.4325448991893,0.44269673741458,-1.24568113236668,1.4113275311866,-0.612987042806997,1.20036163527482,0.895615019451523,1.91105715185035,0,0.924654811695199,145.345249388794,0.555284548613962,4.93303130873927,4.47117044595371,7.33059619956614,10.7038731543322,-0.580419804789112,-0.907807798181673,1.31957663630625,1.10922113179549,1.15895421356579,"protein-coding-exon3"
1.60191555375691,-2.6201371810437,-0.0481779113911854,1.70531625980875,0.0578134936694225,3.18558830188471,5.87685436568239,10.0581955360545,47.8989109490991,-0.674490759476595,16.5360446980177,0.040787789289883,-1.49481735884002,2.1911443718979,-0.637588529474836,0.0303424209850506,1.71093351991774,-0.833601400173638,0,0.675529502946015,330.201828708522,0.60231796938355,7.89180198747125,10.5203599730926,3.23398229662211,14.4803489278802,-1.19923345104168,-1.02595408559797,1.24099852998083,1.46230321913407,1.68169919856756,"protein-coding-exon3"
1.51760420882234,0.259419522875614,1.39715943034438,1.94711483396074,-0.154169316451793,2.76698987001656,5.76890606532465,9.88069796777117,15.624024756831,0,0.953691727451656,-0.54118432618771,-2.27260850490312,0.31174317284156,-0.619137414473957,-0.447985553142334,0.833848466385901,1.37492347124075,0,0.385027579331609,560.818978917648,0.754146731448821,0.531667029522944,7.03436103748328,1.53168142243397,8.59387982994995,0.409440305134431,-1.3837304135931,1.57268268107296,0.960927042455821,2.79948595718552,"protein-coding-exon3"
1.01173613921489,-0.492897093463666,1.30080360756201,1.34898151895319,-1.23335453161435,3.26349001240905,5.72498227414461,25.382152264514,26.1742682781962,1.34898151895319,3.48119522701537,-0.0945082922570448,-0.504348946275292,0.0965937060196743,-0.660139892253689,-1.36869442940208,1.20444778477963,0.44966050631773,0,0.609049920903148,221.545671398453,0.382808932082424,4.46938419159421,13.9366904964321,15.8673313794381,0,-1.02196912529225,-0.45556435713249,0.513742559150443,1.22288107261627,0.723071722849779,"protein-coding-exon3"
0.505868069607446,-0.103767809150245,0.529957025303039,0.381787222345243,-0.0963558227823708,3.25806647560039,5.80761855924605,33.0382140431343,113.676860537458,0.674490759476595,2.20568764700298,-0.923196791731977,-0.51042543960391,1.21230542399607,-0.639638653363823,0.629267023740916,1.14268123171401,1.21927175751538,0,1.53785970647603,220.134552472348,-0.347913473943074,6.37301764426589,29.7049028534373,9.55345348969103,10.7035217194073,-0.740360571431214,-1.34731198737032,0.366390042184815,0.559666737327596,0.288408314879721,"protein-coding-exon3"
1.26467017401862,1.1414459006527,-5.08276965177006,-0.547228352028181,-1.13699870883197,3.12297110418476,2.27212560477105,7.59689592252586,42.7043253985032,-0.674490759476595,4.99916680553241,0.300436886964501,0.425354533003258,0.0435963177026495,-0.637588529474836,0.925540471957999,NA,0.89932101263546,0,1.372006999192,0,-1.17724569276697,5.37906663612392,6.23400687956503,20.9607586102223,15.4840031440126,-1.26546584911715,-1.61968078067032,1.36880223506369,0.796405755907802,-1.68892962204898,"protein-coding-exon3"
1.43329286388776,1.478691280391,-2.79431886068875,0.839931889159534,-3.37245379738298,3.26201086600669,2.32498304839449,29.8550909852535,707.168326719297,-0.674490759476595,5.44882731185014,-1.94488117223709,-1.081615812494,-0.182108047089351,-0.627337910029903,-0.424600629962774,0.537369011670914,0.069178539433497,0,1.17914696170305,223.292771021249,-1.22474127522843,11.6093797783505,9.02428856327118,12.7088214341158,10.2736509122132,1.09714531434871,-0.153596905623381,1.29525664913114,1.19659656958996,1.02757523943549,"protein-coding-exon3"
1.68622689869149,0.311303427450736,-0.144533734173556,0.789026926180168,-3.23755564548766,3.25461513399489,3.81243618022036,27.701453823416,32.5064277962676,0,-0.636284311227376,-0.796854127346243,-2.12069617168767,0.617887660672885,0.106606442227304,0.473882906084989,2.02594294055241,2.91414597363606,0,0.980054463397589,287.263495671333,0.409891938864529,0.518148655747168,6.98714551367052,1.55688514515058,12.7168924041265,0.227986095321828,-1.00519311948551,2.14909997287307,0.738820803010488,-0.727548198386792,"protein-coding-exon3"
1.26467017401862,1.03767809150245,0.481779113911854,0.496323389048816,-2.29326858222042,3.09979781054777,2.53045705459266,29.5829280472191,1.67112635930022,-0.674490759476595,-0.205727029034256,-0.669516638831488,-1.26391061235254,0.811638874715605,-0.63553840558585,0.94911865896549,1.17356450824682,0.795553203485215,0,2.30150928041115,206.292147768653,0.106810044109309,1.00048167180668,0,4.20001214153114,0,0.617000715648313,-0.621596460851314,1.28661138985761,0.928355383076501,0.881838592307174,"protein-coding-exon3"
0.421556724672872,-1.1414459006527,2.36071765816808,1.61623257459486,-2.37035324044632,3.2201017179398,4.55467380405939,7.98739057274915,23.9091873695062,11.4663429111021,-0.276262010417429,0.75606633805636,0.625878812847651,1.11286648461054,0.463327998910974,0.329901354276949,0.951204917210583,-0.937628628846759,0,0.286520073648297,215.968391833372,0.806372660822133,0.161434405425628,0,-0.523233211097919,0,-0.583401068449443,-0.211474000495956,0.826639261842906,-0.0124905696199455,-0.599394286450038,"protein-coding-exon3"
0.590179414542021,0.985794186927332,0.602223892389817,0.852658129904375,-1.25262569617082,3.15600537383749,1.9058458545917,16.956934356666,24.7145494703738,-0.674490759476595,0.214543901707152,0.0139275378063016,0.401048559688786,-1.32028006347917,4.1494507513089,-0.021259021072328,1.78505338359648,NA,0,0.773344512983047,121.759404481042,-0.022003018323763,1.86200922269848,13.4273107327047,24.0258346581658,0,0.946873510929305,-1.02989229517852,0.22517721342608,0.790418858761632,1.44680703409366,"protein-coding-exon3"
-1.09604748414947,1.16738785294026,-0.481779113911854,0.699943240966278,0.847931240484862,-0.458535384731896,-0.614933076520605,14.5903001128885,16.1072420173515,12.8153244300553,0.0881687267289667,1.23457674411571,0.802097119377573,NA,NA,0.269409776134778,0.426189216152794,NA,0,3.61292291055366,NA,-1.31358789267544,0,0,-0.674490759476595,0,-0.394453412139251,0.602053532024215,-1.08608476790499,-0.536839584073217,1.81107803569438,"protein-coding-exon3"
0.421556724672872,1.50463323267856,-1.49351525312675,0.992646778097631,0.173440481008267,0.133123176212486,NA,39.2269625906125,51.8753863221328,23.6071765816808,1.42980285178808,-0.50835512993,-0.51042543960391,-2.99648964285493,-0.709342865589368,1.62071046102313,-0.610253544288348,NA,0,4.19669674036759,NA,-1.3024562154717,0,0,-0.674490759476595,0,0.247726895234834,0.446220259419705,-0.660612348787776,1.39582115502796,-0.18299455161881,"protein-coding-exon3"
1.26467017401862,0.129709761437807,0.794935537954559,0.572680833517864,-2.67869187334991,2.33655826692952,4.4936271790295,501.217633318424,8.28516261267519,0.674490759476595,-0.696532941158837,-0.889372771345245,-3.21446497083891,1.68900657368486,11.2100774249788,-0.411265425835585,1.32180423560432,NA,0,1.55049775202063,229.407619701037,-0.120603829510533,0,0,5.19173326102018,0,0.366655142873999,-0.883506618684669,0.125458201648595,2.05756975758185,1.68353422703519,"protein-coding-exon3"
-0.252934034803723,-0.0778258568626838,1.90302749995182,1.13263542629089,-0.597406101250699,3.2654622076122,5.78528442813755,59.5918502583181,116.958711098494,0,-0.414393015626144,0.357141862318728,0.279518693116427,-1.22271609354672,-0.682691255032542,0.909499574239787,1.38357078866994,3.04385573507387,0,1.75772707416989,127.06789948877,0.741044648836049,0,4.87864202790916,6.38107540247632,13.5457516744896,0.781292515740629,0.046297934650817,-0.972165174956764,0.736838644806363,1.62568815461044,"protein-coding-exon3"
1.18035882908404,1.6084010418288,-3.08338632903586,1.81985242651232,0.46250794935538,3.14515830022018,5.58129936401328,5.62075632897163,0.372479971651254,-0.674490759476595,1.99996061796873,-0.0218861308384738,0.51042543960391,2.56971774965086,-0.557633697804358,0.566842807319443,2.01358962993929,1.03767809150245,0,0.186627576672426,173.903608607581,0.407669962098885,2.31308506231439,0,19.6335340931736,0,-0.959926611279945,-0.934937686403197,1.16136596704878,0.827153277053604,0.656321815213763,"protein-coding-exon3"
-0.168622689869149,0.0259419522875614,0.0481779113911854,0.509049629793657,-0.211982810121216,3.25954562200276,5.55896523290479,18.3414153892758,45.9660419070169,-0.674490759476595,-0.201318592697807,1.14305292424573,-0.0789944132720337,-1.05383772602488,-0.682691255032542,0.61032716860375,1.30945092499119,NA,0,1.75893894155088,130.091725758994,0.434594256254872,0,1.87785645766168,0.0983006129930667,9.66938052354038,1.08554255848148,0.25699838628003,-0.466997143932291,0.309602315825314,2.80561485952617,"protein-coding-exon3"
0.927424794280318,0.830142473201963,0.26497851265152,-0.229072333407146,-0.732304253146018,3.21911562033822,4.08267916663317,71.188358052828,61.9927477142817,1.34898151895319,-0.355613864473499,-0.859528047474599,-0.60157283953318,0.858499999368017,36.1764861450578,1.02951641138448,1.26003768253869,-0.839654522374069,0,0.839824095025915,249.969638338564,0.7194786824454,1.55949848069236,5.44654433224411,0.515146621719044,0,0.359322845763454,-0.407842715242212,0.958139038888073,0.63523468352822,1.52314576315766,"protein-coding-exon3"
0.421556724672872,1.42680737581587,-1.25262569617082,-0.509049629793657,-0.982829392380182,3.20777549792012,1.69441608009794,16.9924338703226,19.1273498956049,-0.674490759476595,-0.454068942654179,-0.804812720378415,0.243059733144719,-0.873499754992628,-0.682691255032542,0.865435421471689,NA,0.553428315467976,0,1.11110926445605,0,0.788985337304189,2.45964995665781,10.6594282224114,-0.546841149479386,17.8768356888863,0.929066503660839,-1.11886913197283,-0.0357075041112382,0.768805145335614,2.15582517354467,"protein-coding-exon3"
1.26467017401862,1.19332980522782,0.867202405041337,1.60350633385002,-1.61877782274383,3.2654622076122,5.78528442813755,11.478176082321,28.5400194494947,-0.674490759476595,-0.0146947877881611,-1.18185106527757,-2.17538461164523,-0.413883117173481,-0.440776636132121,0.536886913990253,2.55713529691676,0.294008792592362,0,0.645752190155981,224.905478365369,0.751455723340322,0.424556144608716,9.16206765153026,0.102299892583725,15.1144253911207,1.01802096530965,-0.974399341998132,0.674490759476595,1.52463015423356,1.24074148737301,"protein-coding-exon3"
0.927424794280318,1.03767809150245,-0.0722668670867781,1.043551741077,-2.06201460754273,3.25905257320197,6.03840458070051,34.4463614181819,2.5670916965154,-0.674490759476595,0.113149865968841,-1.55789458604771,0.382819079702932,-1.12905940261438,-0.680641131143555,0.519879697132391,2.57566526283645,2.00617764357141,0,0.0742701580635164,167.452779231102,0.668226348435287,0.338494398768156,0,-0.382940162402943,3.33114182965856,1.03083234157972,-1.46451310448729,0.0952614109680519,1.45352758667206,1.3215538735124,"protein-coding-exon3"
1.34898151895319,-2.43854351503077,1.49351525312675,-0.241798574151987,0.134898151895319,2.51849327441992,2.02645016257759,12.1881663554543,2.81876735303652,0,0.249811392398739,-0.628728849541605,-0.735255692762775,0.0560261851258406,-0.633488281696863,1.23630870726985,1.19827112947307,0.164299031154555,0,0.261243982559082,145.278053249456,0.0408400750832576,3.87565385502063,3.88604172695806,11.2661283840839,0,-0.324111704694135,-1.07684787094654,1.0181415595328,1.28088389419834,2.65311835014679,"protein-coding-exon3"
1.93916093349521,-0.700432711764157,0.794935537954559,1.2598978337393,-1.09845637971903,3.08451329772338,2.17236648581976,7.57322958008809,0.906032363476023,-0.674490759476595,1.21085051374448,0.427774375479256,-1.11807477246571,1.06461552246144,-0.567884317249291,-0.0668692844638681,2.02594294055241,0.648548807189034,0,1.59273998644371,209.920739292923,0.433379038684749,0.388772508173319,3.31643665572338,19.596019685906,0,-0.43715799970616,-1.41492801647627,1.5395427734112,1.6732559225477,0.795159935655509,"protein-coding-exon3"
0.674490759476595,0.466955141176104,0.216800601260334,-0.636312037242071,-1.58023549363088,3.20728244911934,5.08994847962636,8.92221109904128,33.1205163981791,0,-0.354144385694683,-0.383007289673288,-0.650184786162123,0.069072301250393,-0.684741378921528,0.992216492593937,0.852378432305587,0.441013188888543,0,1.82282166492019,0,0.711152191687148,0.380185635550783,16.0640748202142,-0.168965838350789,9.23573179090369,0.635291171077914,-0.1753008162006,-0.217938904403036,1.42069461694352,1.7313443166794,"protein-coding-exon3"
1.09604748414947,-2.15318203986759,-1.10809196199726,1.043551741077,-0.520321443024802,3.26349001240905,6.08381731395446,135.193981175791,106.710478364954,0,0.239525040947026,0.0964979405150885,0.285595186445045,-0.764856420110176,-0.639638653363823,1.17716997592319,1.30945092499119,0.968499552068957,0,0.556420251785877,204.209067449165,0.562696665138165,1.51570403017514,10.2367982549953,14.5819550639984,8.4803224198435,-0.0395218871727715,-1.41242371910197,1.34546565491201,0.592052999985012,1.96393415105388,"protein-coding-exon3"
-0.421556724672872,0.985794186927332,0.240889556955927,0.598133315007547,-0.616677265807173,3.2654622076122,5.67063588844727,131.703195666219,59.6269965429832,-0.674490759476595,-0.224830253158865,1.09629619018172,-0.0303824666430899,-1.90384136031882,-0.697042122255448,1.91853001986366,1.68005024338493,1.27980297951969,0,0.65008028794523,223.359967160588,0.542615964666556,0,5.56804776212405,15.7499126390012,0,0.944536844817153,0.268642809242477,-0.352511631495996,-0.252934034803723,2.28102376806956,"protein-coding-exon3"
0.75880210441117,0.441013188888543,-2.11982810121216,0.369060981600401,-0.115626987338845,3.20235196111147,1.39737213635493,-0.993986382386561,-0.926166415997713,-0.674490759476595,-0.457007900211811,-0.0417826134189039,-0.127606359900978,0.393586245052067,0.313668955014952,0.0701547695386836,1.69858020930461,1.03767809150245,0,1.06713579091728,81.6433092960631,0.294377573193002,0,0,4.07985769341628,0,-0.0956018738644105,-1.3095051753971,0.585042164133811,0.804130784483518,1.62042765345702,"protein-coding-exon3"
-0.0843113449345744,1.01173613921489,0.505868069607446,0.127262407448414,-0.944287063267233,3.23489318196341,5.25596552086618,20.7080496330534,39.6338823889456,-0.674490759476595,-0.191032241246095,1.96975177546262,0.437507519660494,-0.562884186157813,-0.690891750588488,0.393871681321863,2.03829625116553,2.4817801021767,0,0.126380455446077,156.499808518956,0.563945046540611,2.34035783385138,10.1300664622581,8.65100853363449,0,1.22292241093729,0.490614621964015,-0.866012826982292,0.829061558523311,1.16782126420338,"protein-coding-exon3"
0.0843113449345744,0.622606854901472,-1.61396003160471,0.598133315007547,-0.327609797460061,3.26250391480748,5.41528232277346,543.391055542539,18.3320548209982,1.34898151895319,-0.0808213328348861,-0.773973172378748,0.0546884399575617,1.06375015194464,-0.62938803391889,0.931531650623837,1.13032792110089,-0.575046609040943,0,2.4471064900415,NA,0.0482308720009667,0,0,-0.303416390549287,0,-0.503390397781631,-0.357164618623483,0.716987410137523,-0.408570839361118,0.976481840496052,"protein-coding-exon3"
0.0843113449345744,0.415071236600982,-1.13218091769286,0.318156018621035,-2.21618392399453,3.22256696194373,5.96246853493162,34.8013565547485,40.8519925665078,-0.674490759476595,1.21525895008092,0.955031163860666,-0.145835839886832,-0.910540235446758,19.5786831398221,0.867174795923062,1.17974116355339,1.13279858322351,0,0.441465974503418,219.059414242935,0.733533040814877,0.448910619580063,1.79018813409534,-0.28154698085408,9.67357577795631,-0.456173627377463,0.522324880924238,-0.655721861211708,0.959097310102303,-0.218624716008306,"protein-coding-exon3"
1.93916093349521,-0.466955141176104,1.03582509491049,2.09982972289883,0.751575417702492,1.55754116168608,4.32016542742018,9.12337500976237,4.16774887198971,-0.674490759476595,1.10798699922735,-0.07162733728955,-1.83510098524263,0.505271488417831,-0.688841626699501,0.0792381694514051,2.21741925505584,-0.6978385165354,0,0.578406988555263,210.659896825644,-1.12153116511779,2.6134555868255,0,31.5170690393936,0,1.12816657135486,-1.20700079082182,1.36880223506369,1.85009965363475,1.68041472136523,"protein-coding-exon3"
2.19209496829893,0.363187332025859,0.819024493650151,1.75622122278812,-1.25262569617082,3.23834452356892,5.61480056067603,28.3996109253303,57.0397707939461,-0.674490759476595,1.71047329854195,0.920212319344912,-2.71011602456362,0.589159981849876,-0.637588529474836,0.167753002643463,2.43360219078552,1.89376251699198,0,2.16041329248163,301.173096514366,-0.433933348453577,5.40007877143716,4.41517251242151,8.98460235306248,17.2796818574426,1.26538527442363,-1.2668798481724,2.20492569504359,1.40996488827406,0.347244420238969,"protein-coding-exon3"
0.590179414542021,0.778258568626841,-1.37307047464878,0.458144666814291,-0.289067468347112,2.31535716849568,1.36312646865524,61.8283196186879,902.760579941249,-0.674490759476595,0.361491779588763,-0.0169120101933663,0.285595186445045,-0.656435983694175,-0.668340387809635,0.918969501808371,1.72946348583742,0.371834649455046,0,0.91911484652496,0,0.638615783861132,0.392603897530055,10.1999497347045,13.8934234880111,7.62352407295132,-0.197931734637947,-0.243441000570931,0.129940654495781,0.918928302155131,2.20973950747104,"protein-coding-exon3"
0.252934034803723,1.01173613921489,-0.192711645564742,0.636312037242071,-0.0192711645564742,3.12346415298555,5.33041262456117,81.5542160405736,645.135310899972,-0.674490759476595,-0.31740741622428,0.00298447238706469,-0.443584012989112,-0.993943596922413,-0.653989520586729,1.07454688329223,2.61272519467582,1.53057518496612,0,0.985248180744688,149.780194585123,0.7663652348147,0,16.5989155148714,2.58992628506325,15.7505226051793,0.0360571753513053,-0.331867194028613,0.0818084636175984,0.391307616184892,0.0185812551325855,"protein-coding-exon3"
-1.18035882908404,1.84187861241686,-0.385423291129483,0.941741815118265,-0.809388911371914,3.26250391480748,6.08381731395446,67.709405714475,153.793960186925,1.34898151895319,0.0690655026043572,1.84639358346395,0.686643746133831,-1.5449748293349,-0.301368211681032,0.742133099252185,2.5015453991577,-0.475602458605291,0,0.842247829787894,123.976877079207,0.573294878410546,0,12.494226700678,-0.674490759476595,6.10903722880235,-0.220089775356626,1.05342057292894,-1.71080511633071,-0.109997596975583,2.04648619392628,"protein-coding-exon3"
0.252934034803723,1.06362004379002,-0.62631284808541,-0.305429777876194,-1.58023549363088,3.13579037300522,2.99575145268634,17.8562553693014,27.029965510368,-0.674490759476595,0.0337980119127706,-1.94388634810806,-1.28214009233839,-0.413883117173481,-0.641688777252809,0.7601066352497,1.55651713725368,0.198888300871304,0,1.90938362070518,206.0233632113,0.306532117739401,0.458249568630755,5.21322229494549,4.03765737101706,15.2545381027394,0.841723535882481,-1.45385845747665,-0.742772540065583,1.29277395566347,0.996156772436054,"protein-coding-exon3"
0.75880210441117,0.363187332025859,0.698579715172188,0.80175316692501,-1.86930296197799,3.2654622076122,6.08381731395446,53.2966031698699,45.1002776485843,-0.674490759476595,-0.549585063277226,-0.693392417928004,-2.98963471768004,0,-0.366972176128604,0.430591808628612,2.52007536507739,2.26559716644702,0,0.923789192137349,375.290438204537,0.488629983334957,0,0,2.98331292329503,0,0.404122375361948,-0.0125214868714707,0.240867527732614,1.05805533488882,2.37890473290929,"protein-coding-exon3"
-0.252934034803723,1.01173613921489,-0.481779113911854,0.699943240966278,-1.36825268350966,3.24919159718623,6.03691563862661,4.14160992661067,0.372479971651254,-0.674490759476595,-0.167520580785037,0.52128784360728,-0.322054146416753,0.338189420302085,9.82829392380181,0.109000798952665,2.31006908465427,0.951204917210583,0,1.11803422091885,342.834702904127,0.216127510826757,0,0,-0.674490759476595,0,-0.597904513283488,-0.245063385913083,0.447083087189805,-0.768170031626126,1.01779490198561,"protein-coding-exon3"
-0.927424794280318,1.78999470784173,-0.457690158216261,1.00537301884247,-2.04274344298626,3.22799049875239,2.83122335352041,39.3807938164581,439.204221708133,4.04694455685957,-0.409984579289695,1.61957368204705,0.96008594592164,-0.728432188357407,-0.660139892253689,-0.829101821820801,1.40210075458963,0.691785394334969,0,0.298638747458195,0,0.510511006132674,0.593161278744289,7.13658076651136,-0.674490759476595,0,-0.0740078560003886,0.801375159774162,-1.70473144627657,0.365349161383151,0.857428942673009,"protein-coding-exon3"
-0.927424794280318,0.95985223463977,0.192711645564741,0.35633474085556,-0.944287063267233,3.23094879155711,2.5862923823639,0.934820526292123,1.00670262608447,0,-0.656857014130802,-1.26541629211538,-1.00869789255058,-0.187982077264024,-0.62938803391889,0.612646334538913,2.77331823264644,0.847437108060338,0.431588167967948,2.86918258644908,161.94269580536,0.712620875690026,0.287255191693501,0,-0.674490759476595,0,0.431840069933677,-0.269817846133638,-1.0548487504837,-0.292823273267405,0.482701846724054,"protein-coding-exon3"
-0.75880210441117,-1.50463323267856,-1.18035882908404,0.496323389048816,0.751575417702492,3.26053171960433,5.11823837903045,4.46110554952064,-0.231541603999428,-0.674490759476595,-0.383533961271005,1.15399598966497,1.05730983917953,-0.10293975647624,-0.50843072446868,0.0363335996508881,0.753551947400592,2.02347227842979,0,0.414978016033213,143.396561347982,0.637237115974559,0,0.984586016363089,-0.674490759476595,0,0.29196240197867,0.0794842210102135,0.0716850082535453,-1.11315413384635,2.16118690979478,"protein-coding-exon3"
1.51760420882234,0.285361475163175,-0.843113449345744,1.17081414852541,-0.982829392380182,3.20728244911934,2.46047677711937,-0.260329766815528,0.926166415997713,-0.674490759476595,4.40255842133307,-0.791880006701136,-1.36113450561043,2.5766144904363,-0.62938803391889,0.954143518491677,1.0623847127287,0.285361475163175,0,1.26813265225002,177.330611713836,0.273526998042465,0.837008059150982,0,27.1097356252797,0,-0.827622964516049,-1.02729475268923,1.30380286288107,1.30592891728447,2.35780843162522,"protein-coding-exon3"
1.93916093349521,-0.622606854901472,2.11982810121216,1.2598978337393,-1.86930296197799,3.19298403389651,5.60512243719568,6.53191051282597,9.21132902867291,-0.674490759476595,0.277731489196245,-1.28630759882483,-2.2300730516028,1.16548363436715,-0.225513627788527,-1.12730790831719,1.45151399704212,2.34342302330971,0.624365465057895,-0.0491671908858708,453.506744394346,0.601306472497697,0.778353098466252,11.6376328915288,3.07330687141532,9.1220425927004,-0.714173796036412,-1.46451310448729,2.60320124972311,0.569382616124822,2.88895866597824,"protein-coding-exon3"
0.843113449345744,1.37492347124075,0.240889556955927,0.878110611394058,-2.02347227842979,3.11705451857532,5.37731429988902,179.272543966148,391.667723704424,0.674490759476595,2.51868662689082,-1.22263885456746,-1.59204125209791,1.11864873306373,36.8222751700885,0.622696053591287,1.29709761437807,-0.544780998038788,0,2.22845098972863,310.177379185702,0.819427366531586,0,2.70563751712578,3.21555012756392,6.80391193404951,-0.475430979129333,-0.803163943612954,0.366390042184815,1.09404007117484,-0.0782200597811196,"protein-coding-exon3"
1.01173613921489,0.311303427450736,-0.409512246825075,2.03619851917463,-0.327609797460061,3.21812952273665,2.87216926055265,2.18913667549421,2.86910248434074,-0.674490759476595,-0.117558302305289,0.729206086572779,0,0.575458282000472,5.72394589805062,-2.2151899957366,1.85299659196867,-0.626065781873147,0,0.465357074300074,0,0.629711294882392,2.54601873369976,2.3980705457953,1.11632786413431,0,1.31582503256869,0.0200343789943574,0.77308298900996,0.954779141747973,1.89481756159763,"protein-coding-exon3"
0.927424794280318,1.76405275555417,-1.18035882908404,1.56532761161549,-3.85423291129483,3.189532692291,5.62745656830418,45.806205788314,48.0297822904901,-0.674490759476595,-0.0822908116137022,-2.24432323507256,0.601572839533179,-0.546324141268055,-0.653989520586729,0.357924609326836,0.827671811079339,0.00864731742918712,0,0.178663876740207,106.23709629389,0.719590018168199,0.306306127704062,5.04067345860449,0.145567411839513,10.0695770442637,1.2351697643527,-1.64031478016275,-0.386745044528422,2.06562795089707,1.94430890401082,"protein-coding-exon3"
-0.590179414542021,-0.363187332025859,1.61396003160471,-0.979920537352789,0.443236784798905,2.09299215934075,1.47107476901297,9.32453892048346,26.2850055670655,-0.674490759476595,0.121966738641737,-0.141265026321057,0.723102706105539,0.112353938765113,-0.578134936694224,1.65511142239472,0.704138704948094,1.70352153354986,0,1.22762165694264,0,-1.33139876570906,6.48278879952439,16.0383990291078,0.0773778664993058,6.95180014338157,-0.540696480882534,0.75981447994545,-0.715240135541632,-0.141116861025244,2.19708005557123,"protein-coding-exon3"
0.590179414542021,0.544780998038789,0,0.738121963200802,-0.79011774681544,3.242781962776,5.70562602718391,21.6310369881266,74.0631122010345,0.674490759476595,0.824377594915839,0.116394423095519,0.492195959618056,-0.0424162669979156,2.02552240231877,-0.246218116783146,1.57504710317337,1.32303956666563,0,-0.123264225037817,0,0.473419628524505,0.61461045847123,4.91565169333236,0.247280210721053,20.3494000323454,-1.28899365962571,-0.697086611584373,-0.42285426101467,1.43675771367959,1.18377211867094,"protein-coding-exon3"
0.421556724672872,0.596664902613911,-0.578134936694224,0.878110611394058,-2.35108207588985,3.21763647393586,5.56715441431124,57.0122189326006,134.394800582277,0,-0.543707148161961,-0.347193621028513,-0.89932101263546,-1.46655390416812,-0.674490759476595,1.00323253078596,1.93946976626054,3.24274403594517,0,0.81021990614745,211.802231194396,0.391874502532448,7.14904650653662,17.3829402993663,5.53372380698461,13.9334283260135,-0.192452655478419,-1.02483554086504,-0.134957278852098,0.90863350832843,-0.000362657053502965,"protein-coding-exon3"
0.75880210441117,1.53057518496612,-0.770846582258966,-0.407239703834925,-2.04274344298626,3.21369208352957,2.94884977735849,17.8917548829581,47.4358277411002,0,1.91326137001858,-0.582966939606615,0.394972066360168,-0.0943516096806805,-0.674490759476595,0.11228628402748,2.59419522875614,3.25139135337436,0,0.856443990536632,141.851050143201,-0.860389437140889,5.26130466881626,0,10.2240946209128,6.36145536360765,0.250144136040508,0.142413055502038,0.407222667368062,0.897966613520041,0.867156587329071,"protein-coding-exon3"
1.34898151895319,-0.285361475163175,0.240889556955927,0.636312037242071,-2.27399741766395,3.25560123159646,6.08381731395446,23.3705131573031,32.5869640063543,-0.674490759476595,5.78974638853548,-1.56286870669282,-2.05385474507288,-0.602179874625434,0.147608920007036,0.586169190112469,2.24212587628209,1.79864202527092,0,0.0103874346941981,196.615903703935,0.738268362301576,0.292064680447493,2.01510913848804,3.81239486701633,7.50429977468094,-0.896353178090716,-1.16396054648181,0.470350406915173,1.88829826119317,0.292428134070642,"protein-coding-exon3"
1.01173613921489,0.985794186927332,0.36133433543389,-0.610859555752388,-1.96565878476036,3.16438720345087,1.74578458164748,0.911154183854348,0.110737288869292,-0.674490759476595,-0.0646570662679089,-0.626739201283562,0.212677266501629,-0.815519930366728,-0.682691255032542,-0.713336788890577,1.9950596640196,1.08956199607758,0,1.55222899113633,113.42708320309,0.333292961578939,1.56345888315978,0,20.2863118658445,0,1.27449021479167,-0.684870890622213,1.83991521184114,-0.0782018271856993,-0.45100387072013,"protein-coding-exon3"
1.26467017401862,0.466955141176104,-0.481779113911854,1.87075738949169,-0.46250794935538,3.14022781221231,3.98440898975578,17.8325890268637,1.620791227996,-0.674490759476595,0.141069962766347,-1.28829724708288,-1.20922217239498,-0.224642319157741,-0.0861052033374377,-0.971343999177469,1.86534990258179,-0.152192786753693,0,0.964646435267862,133.787513422602,0.510686300674953,0.0105505721792964,0,10.1591147920067,0,0.359242271069932,-0.282236142037254,0.935364359519263,1.23410474726618,1.26561924364942,"protein-coding-exon3"
-0.927424794280318,0.259419522875614,0.457690158216261,-0.725395722455961,0.481779113911854,3.23637232836577,4.71920190322532,30.4230832037601,784.07034032589,0.674490759476595,9.70002941896515,0.932150208893171,1.12415126579433,-1.02555584413477,-0.682691255032542,0.988931007519123,1.29709761437807,NA,0,0.603683079644479,87.8925502545272,-1.33139876570906,4.53958132522754,8.22549214163343,-0.674490759476595,9.99658840329974,-0.457785121247913,-0.483724808613681,-0.703854554723466,-0.70851112673091,1.3151969045873,"protein-coding-exon3"
0.421556724672872,1.53057518496612,-0.457690158216261,1.95984107470558,-1.52242199996146,3.25954562200276,4.40131277044772,17.2764299795759,138.924962399657,-0.674490759476595,15.2032274456315,-0.804812720378415,0.437507519660494,-0.139259094833034,67.7545444071185,0.281971924950244,1.340334201524,1.05497272636083,0,1.34742340374906,0,-0.213723132983336,8.84253860404325,3.03988475088834,19.4378361924455,10.1269927251183,0.599113133686325,-0.692364568187246,-0.763312587885028,1.63222355357,0.909271653293789,"protein-coding-exon3"
0.168622689869149,0.337245379738298,0.698579715172188,0.789026926180168,-2.02347227842979,3.19890061950596,5.71009285340561,101.765272482434,527.783985777305,0.674490759476595,14.2701084210833,-0.769993875862662,0.273442199787809,-1.99399723416044,-0.678591007254568,1.23476259664641,1.37121747805681,1.9456464215671,0,0.876699488190318,0,-0.308905700595665,9.27399244961605,10.8391050451119,0.463374031068291,12.4011940181574,-0.160464502149999,0.538739603209521,0.622709126318309,-0.17759700669693,0.66345147248396,"protein-coding-exon3"
1.09604748414947,1.06362004379002,1.18035882908404,0.687217000221437,-3.79641941762541,3.20185891231068,1.16807505697437,5.32492704849944,2.34561711877682,-0.674490759476595,-0.0293895755763222,-0.479505230188376,0.881091532649606,-1.82694138939369,-0.647839148919769,-0.607428211184797,1.79123003890305,1.15874053551107,0,0.724177322097176,0,-0.0784928689957529,0,0,2.73495942131911,0,-1.12574933054919,-1.59305626519623,-0.180240262687688,2.01078024800953,-0.10957170589851,"protein-coding-exon3"
-0.168622689869149,1.63434299411637,-0.36133433543389,0.814479407669851,-1.1948122025014,3.21418513233035,2.81558946174446,29.0504353423691,39.7043515727715,-0.674490759476595,0.168990059563853,1.4972103141774,0.461813492974966,-1.16356932989058,-0.680641131143555,0.829295085648731,1.32798089091088,0.856084425489525,0,2.75457455698976,0,0.348299595705121,0,1.90323681602519,23.4929133852488,5.75226488598627,0.425796967919492,-0.0210888199940587,-0.168732256269319,-0.0283996109253408,2.12793689625686,"protein-coding-exon3"
0.75880210441117,0.95985223463977,-2.60160721512401,1.45079144491192,-0.55886377213775,3.24919159718623,6.03691563862661,51.8884557948223,40.2681050433788,-0.674490759476595,-0.640692747563825,1.20373719611605,0.291671679773663,0.223593385197978,-0.539182582803479,0.872199655449248,1.45151399704212,1.76405275555417,0,0.421037352938162,117.794832260081,0.855597263370208,1.62863550659451,0,0.796724074564587,10.4783837206469,-0.541743951898326,-1.4734144551544,0.237689742556604,1.09711471636382,-1.52716334959558,"protein-coding-exon3"
0.674490759476595,0.259419522875614,0.120444778477964,0.0509049629793657,-1.48387967084851,3.21960866913901,4.48618246866,18.9330739502202,30.2916820188817,-0.674490759476595,0.0499622784797478,-0.691402769669961,-0.0425354533003258,-1.10565506363717,0.817999431705658,0.981780245885704,0.864731742918712,1.59975372439962,0,0.0233717280619457,167.452779231102,0.467232204951089,0.527472603273362,0,1.06827691937422,0,-1.09416405068838,-0.803163943612954,0.729508744707262,0.486797646348426,0.886024354059527,"protein-coding-exon3"
0.674490759476595,-1.06362004379002,0.144533734173556,0.585407074262705,-0.69376192403307,3.22503220594767,4.54574015161599,26.0329766815528,51.8451852433502,-0.674490759476595,0.596608384199341,-0.312374776512759,-0.243059733144719,0.00330414197325344,-0.168110158896902,1.16460782710773,1.51945720541431,-0.262878449847288,0,0.437830372360449,182.168733746195,0.821132935051057,0,0,3.64276744787312,10.4739907840858,0.930113974676631,-0.441666991466448,0.428010185643177,0.798147398713971,1.65510447706023,"protein-coding-exon3"
-1.01173613921489,0.207535618300491,0.289067468347112,-0.534502111283339,-2.40889556955927,3.24130281637364,5.83590845865014,37.8661479004404,70.7208594824341,0.674490759476595,-0.609833693208686,0.205928594707456,0.935779972607168,-0.961361085797275,-0.526881839469559,0.16601362819209,1.30327426968463,-0.16084010418288,0,1.64917838161552,0,-1.33139876570906,0,6.31764120331528,-0.558011504394303,0,-0.038232692076412,0.0291197369103947,-1.76165444701652,0.286266426987156,-0.334194989830366,"protein-coding-exon3"
0.75880210441117,0.207535618300491,0.9876471835193,0.789026926180168,-0.23125397467769,3.25560123159646,5.78528442813755,27.4056245429438,25.3286380722853,0,3.58699769909013,-1.41364508733959,-0.44966050631773,-0.857241278616301,-0.660139892253689,1.02410502420243,1.9950596640196,2.2137132618719,0,0.300716234397034,199.639729974159,0.62993396632799,4.58598604100737,2.57758622336327,6.24533283783979,6.02355068332183,-1.18956448781898,-0.818477678427886,1.05523310930057,0.282408732626371,0.805186667656805,"protein-coding-exon3"
-0.674490759476595,0.985794186927332,0.0722668670867781,1.22171911150478,0.578134936694224,3.24475415797915,5.73168251347716,99.4814704371883,139.619587211655,0,-0.916954757981254,0.296457590448415,0.589419852875944,-1.96387971784075,-0.694991998366461,0.189398551371652,1.52563386072087,1.06362004379002,0,1.78438815655166,0,0.471981739508783,0.138277052109205,20.6101938672782,-0.674490759476595,9.03029611262019,0.178029785337897,-0.997394983028276,-0.974623871207456,-0.0016174838356803,2.09510978201204,"protein-coding-exon3"
-0.590179414542021,0.155651713725368,0.168622689869149,0.0254524814896829,0.192711645564741,3.25165684119016,5.60288902408483,3.18312305788077,2.62749385408047,2.69796303790638,-0.308590543551383,0.453639802833817,0.224830253158865,-1.1533422237829,-0.615037166695984,0.304004001334294,1.31562758029775,2.90549865620687,0,2.03784156309009,207.568874416081,0.263208308499663,0,6.7470929813392,-0.674490759476595,0,0.521277979743619,0.0200343789943574,-0.311431535857093,-0.51627687762407,0.915194429092612,"protein-coding-exon3"
0.590179414542021,0.700432711764157,-1.68622689869149,-0.521775870538498,-0.0192711645564742,3.25560123159646,5.86717624220204,15.1464591601762,13.5904854521404,0,-0.518726008922087,-1.15698046205204,0.315977653088135,0.335278628563742,-0.682691255032542,-1.02990293904034,1.45151399704212,2.8882040213485,0,0.452545904843896,105.094761925138,0.017239270695073,0,2.52488102203781,5.25495248597512,12.1427136308977,0.496541548832221,0.509285148267694,1.28493330214814,-0.238488165733943,2.51769031637675,"protein-coding-exon3"
0.674490759476595,0.285361475163175,-1.78258272147386,1.36170775969803,-0.134898151895319,-1.06399931209831,-0.276943225745357,29.2870987667469,26.1742682781962,16.8622689869149,7.48111646295282,-0.562075632897163,0.534731412918382,NA,NA,0.510603033391738,-0.11117979551812,NA,0,-0.957548354893493,0,-1.33139876570906,0,1.63376992551427,-0.674490759476595,0,0.454239834732924,-0.924842844274256,0.287573579621804,0.918928302155131,0.372922353002003,"protein-coding-exon3"
0.674490759476595,0.285361475163175,-1.78258272147386,1.36170775969803,-0.134898151895319,-1.05956187289123,-0.241953087008712,27.6541211385404,27.9359978738441,16.8622689869149,7.48111646295282,-0.562075632897163,0.534731412918382,NA,NA,0.510603033391738,-0.129709761437807,NA,0,-0.906303677068782,0,-1.33139876570906,0,4.52384878975709,-0.674490759476595,0,-0.402913754959111,-0.924842844274256,0.287573579621804,0.918928302155131,1.24761626448877,"protein-coding-exon3"
0.505868069607446,0.466955141176104,0.457690158216261,1.09445670405636,-0.192711645564742,3.25264293879174,5.80017384887655,128.389907724931,366.641096419964,1.34898151895319,-0.18515432613083,-0.82072990644276,0.145835839886831,-0.546324141268055,-0.481779113911854,0.983519620337076,2.11859277015084,2.0840035004341,0,-0.0417228626883622,149.10823319174,0.788895321187883,0.335121055959419,4.95433726813322,-0.375441343881618,13.4247702015947,0.488967527641108,-0.500859474858857,0.491912556637017,0.491295738384179,2.06540301200005,"protein-coding-exon3"
-1.09604748414947,1.11550394836514,-0.698579715172188,-0.547228352028181,0.0192711645564742,3.2654622076122,3.2324932424364,0.591658560944382,0.372479971651254,-0.674490759476595,2.83021612799983,0.270592163093856,0.236983239816101,-1.23428059045311,1.76310654452849,0.628300704601264,2.5509586416102,2.24830253158865,0,1.40039932068947,188.619563122674,-1.33139876570906,0.909012376435479,0,0.191519174965495,0,-0.724084483339675,0.367296948229822,-1.26540264569385,-0.432312492956714,-0.553124140223796,"protein-coding-exon3"
0.337245379738298,0.363187332025859,0.36133433543389,-0.101809925958731,0.732304253146017,3.24574025558072,6.00564785507472,87.2696377392963,74.9993456432931,-0.674490759476595,-0.274792531638613,0.533225733155538,0.814250106034809,-0.410290518361292,-0.692941874477475,0.28583720150885,2.52625202038395,-0.195429373899629,0,2.07056198237682,146.487583757545,0.75728071360335,3.6270985961249,6.76820299369234,-0.582872721926869,12.9552311772532,-0.910856622924761,0.142413055502038,1.22387517103302,-0.576974023166734,2.95713874400405,"protein-coding-exon3"
0.75880210441117,0.311303427450736,-1.6380489873003,-1.87075738949169,-0.211982810121216,3.07021488250055,5.80166279095045,27.1334616049093,36.7748469308657,0,0.296834713320855,0.516313722962173,-1.74395358531336,-1.59257020775915,-0.233714123344474,0.457068953055057,1.57504710317337,NA,0,0.342785344908537,0,-1.33139876570906,0,2.32568952379564,2.80937879602506,8.56958689076664,0.55882578692509,-1.08976813128525,0.0857632742056834,1.29671206519333,2.3503457881491,"protein-coding-exon3"
1.18035882908404,0.933910282352209,-1.78258272147386,0.699943240966278,-0.423965620242431,3.15206098343119,6.04212693588526,9.7623662555823,19.2481542107351,0.674490759476595,1.36367630674135,-2.36668660294221,-1.1484572391088,-1.30076989182758,-0.664240140031662,0.430978336284472,1.30945092499119,0.691785394334969,0,0.857482734006052,232.767426667953,-0.40866250822341,0.646459695081674,3.37657601915997,21.9638965691794,1.35107180054142,-0.90626386539398,-1.15197679217536,1.65747876226464,0.365349161383151,-0.0955610313079656,"protein-coding-exon3"
-0.0843113449345744,1.34898151895319,0.963558227823707,0.381787222345243,-1.17554103794492,3.20580330271697,3.38734321812197,37.8661479004404,13.419346005706,-0.674490759476595,0.583383075189996,0.582966939606615,0.935779972607168,-0.747457228052607,-0.641688777252809,-0.571867666845629,1.22297775069932,1.89376251699198,0,1.24199094160295,71.9670652313445,0.549073436588887,5.47917680960584,3.55679536380639,10.7863773504927,6.66351368155426,1.05822773737736,-0.306496096555416,-0.79703505445428,0.822140477968984,1.54958903058433,"protein-coding-exon3"
-0.252934034803723,-0.233477570588052,0.313156424042705,1.50169640789129,-2.33181091133337,3.25560123159646,2.18800037759571,-0.331328794128854,0.271809709042807,-0.674490759476595,-0.44966050631773,1.37882624282384,0.38889557303155,-0.561625465406097,-0.586335432250171,0.88089652770611,1.56887044786681,0.596664902613911,0,1.0416865759165,197.355061236656,0.609739561288416,0,0,-0.15034677441162,0,1.09037704009282,-0.840097068754849,-0.402567210215666,0.0510119061788965,1.24643524009381,"protein-coding-exon3"
1.60191555375691,-0.466955141176104,-1.73440481008267,0.763574444690485,-1.27189686072729,3.23686537716656,4.66113316234323,29.7130929306268,75.7241715340739,-0.674490759476595,6.8316068427161,0.900315836764482,-0.230906746487483,-0.35821094725906,13.8506369939935,-0.416483549189703,2.5015453991577,0.786905886056028,0,1.56677139970821,0,0.592285910105826,0.660692141423545,6.31812463871268,0.496803837169138,12.6885140339413,-0.149989791992078,-1.04464976184847,1.89335073997154,0.851143101244276,1.87012164957249,"protein-coding-exon3"
1.01173613921489,0.155651713725368,1.10809196199726,1.85803114874685,-0.944287063267233,3.21763647393586,3.44020066174542,25.7608137435184,1.33891449269235,-0.674490759476595,0.99777609081614,-0.0984875887731314,0.0911473999292696,-2.02547836462783,-0.676540883365582,0.774987950000329,1.21680109539276,-0.0864731742918711,0,0.963607691798442,0,-1.19742280523684,2.54066818996221,0.743668671820863,36.9381040361718,3.6739665988929,1.16482805690759,-0.833062187775443,0.573886443626221,1.12873963830777,1.87987599714437,"protein-coding-exon3"
0.590179414542021,1.19332980522782,-0.770846582258966,-0.0890836852138897,-1.13699870883197,3.24574025558072,4.29261999905303,3.45528599591519,6.42276275441892,-0.674490759476595,5.01827002965702,-0.730200910701801,-0.631955306176269,-1.61706281571962,-0.557633697804358,1.65607774153437,1.03767809150245,3.45892697167485,0,0.826666677746597,100.391032171455,0.249492694988915,0.516768515493371,0,10.7045905254064,0,0.630053815998953,-0.726057945509683,0.137051914275895,0.953415509636088,2.37029896349662,"protein-coding-exon3"
1.01173613921489,1.86782056470442,-5.15503651885683,0.738121963200802,-1.7922183037521,3.2541220851941,3.2324932424364,110.190490390282,6.79524272607018,0.674490759476595,1.06390263586286,-0.782926589539942,0.48004297296082,-0.985893028781232,-0.658089768364702,0.82021168573601,2.3224223952674,-0.882891109520005,0,0.925174183429909,165.302502772276,-0.140267613232938,0.0245340932246673,0,16.8863147739559,0,-0.0131739623909238,-1.35404768375635,1.34027161983123,0.404436030107612,1.12655699867806,"protein-coding-exon3"
-0.75880210441117,1.50463323267856,-2.6256961708196,-0.827205648414692,-0.423965620242431,2.06686057289904,1.89691220214831,195.578653905775,72.4825890780819,10.1173613921489,-0.299773670878487,-0.222840604900822,1.24568113236668,-2.73160759466578,-0.682691255032542,0.515241365262064,NA,NA,0,2.98067438550014,NA,-1.33139876570906,0,0,-0.674490759476595,0,0.725373678436035,0.475816501115916,-0.198461272850113,-0.957089897127674,0.118407976834347,"protein-coding-exon3"
-0.0843113449345744,0.311303427450736,0.337245379738298,1.05627798182184,0.385423291129483,3.26299696360826,6.01979280477677,278.434518780426,92.1132902867291,1.34898151895319,4.43047851813058,-0.458613923478924,0.364589599717078,0.633188984810928,21.2372333660123,-0.736721712070138,1.64299031154555,0.224830253158865,0,2.0101417372389,95.4857139997578,0.561005309689689,0.295941074377722,4.56625144561351,-0.157123745312958,11.4305307555995,-0.800872166266589,-1.06237349162722,0.210926377496302,-0.16501302984137,1.44971169275808,"protein-coding-exon3"
1.18035882908404,0.622606854901472,-0.337245379738297,1.05627798182184,-1.15626987338845,3.24869854838544,6.04212693588526,17.9390875678337,23.1541603999428,-0.674490759476595,-0.648040141457905,-0.205928594707456,-2.4002148648041,0.146077165571493,2.86197294902531,0.788709681783377,1.53181051602743,2.84496743420256,0,0.613551142603967,361.582425779519,0.384410271414595,3.92528889907566,4.96387168847083,0.338136854777428,18.8020100933532,-0.00423017140992967,-0.722668670867779,-0.0432823401482034,2.04694356859473,1.59107650422174,"protein-coding-exon3"
0.421556724672872,1.16738785294026,-2.52934034803723,1.65441129682938,-2.71723420246286,3.21073379072484,5.80910750131995,108.72317715914,78.0697886528507,-0.674490759476595,-0.743556262080952,0.903300309151547,0.297748173102281,-0.866825912673635,5.30777074858634,-0.832580570723546,1.74799345175711,1.61704835925799,0,0.700978717946801,201.050848900264,0.813545523984576,0.336757222231312,0,-0.29207674679291,0,0.277378382451103,-0.409703050434543,-0.0403029046403298,0.773416070866493,-0.128383504103159,"protein-coding-exon3"
0.843113449345744,0.726374664051718,-0.168622689869149,1.85803114874685,1.31043918984024,3.13726951940758,5.00582325245102,17.7497568283315,20.7582081498618,-0.674490759476595,10.8476923452205,-2.27516278307223,0.0425354533003258,-0.413883117173481,-0.684741378921528,-0.711404150611275,1.79740669420961,-0.945670634055903,0,1.321281693102,0,-1.11054398746917,4.63841136861898,11.7773994364217,20.3672996475991,0,-0.674369897436312,0.490614621964015,0.366390042184815,1.13820315661675,-0.677985827341081,"protein-coding-exon3"
1.77053824362606,-0.259419522875613,-0.794935537954559,1.56532761161549,-1.52242199996146,3.2654622076122,6.06743895114156,31.9495622909966,47.4760958461436,-0.674490759476595,0.426148845856672,-1.17986141701953,-1.36721099893904,-1.14531787899071,-0.571984565027265,-0.315020039526318,2.1741826679099,3.11303427450736,0,0.00536684125866905,235.858449077516,0.76251586142006,0.717863951386259,17.2276501067125,0.905244993494294,0,0.457623971860868,-1.26498062410633,0.450417510537118,2.47313278474751,1.41916326738203,"protein-coding-exon3"
-0.75880210441117,1.68622689869149,-5.13094756316124,-0.839931889159534,0.0192711645564742,3.2654622076122,5.41379338069956,43.6052359416009,96.9253288394128,-0.674490759476595,1.25640435588778,0.519298195349237,1.56165878545482,-2.17246023573962,-0.697042122255448,0.691884503990319,1.51945720541431,1.53922250239531,0,0.059554625580069,49.9267315283744,-1.33139876570906,2.01728500226695,5.2721262123665,9.55822066346655,6.144268580023,0.337567678512388,-1.12446479285213,-1.1133612901602,0.030082921197303,0.819747247657919,"protein-coding-exon3"
0.168622689869149,0.596664902613911,1.20444778477963,0.292703537131353,-0.23125397467769,3.2615178172059,5.74806087629006,32.8015506187565,55.3686444346459,0,0.496683827239846,-0.887383123087202,0.486119466289438,-1.45685126504032,-0.627337910029903,0.872586183105109,2.64360847120863,2.42124888017239,0,-0.127246075003926,154.013551363438,0.659276851398395,0,9.47791211116511,0.900613250791941,0,-0.259087927021502,-0.565971206590502,0.592330568198789,-0.201410435121494,0.832224540260041,"protein-coding-exon3"
0,1.68622689869149,-0.457690158216261,1.31080279671867,-1.42606617717909,3.23834452356892,2.2237349873693,2.03530544964867,5.21471960311756,-0.674490759476595,-0.458477378990627,0.489453471478591,-0.157988826544067,-0.692007956604637,-0.530982087247532,1.05753966643436,0.741198636787467,0.380481966884233,0,1.78040630658555,0,0.663372584690292,0.268743310463227,0,-0.0472065320188862,0,0.00100718366903087,-0.565971206590502,-0.537372061871067,0.705404919285936,-0.840154850223133,"protein-coding-exon3"
1.09604748414947,0.830142473201963,0.240889556955927,1.76894746353296,-1.31043918984024,3.23045574275632,3.35533096353313,63.5559626166455,97.2172726009773,-0.674490759476595,-0.066126545046725,-0.750097393282231,0.595496346204562,1.45685126504032,-0.643738901141796,0.773248575548956,1.32798089091088,1.73811080326661,0,0.132959164085736,36.2187191033564,0.798067489670374,0,4.61771582941898,-0.674490759476595,11.341420037456,1.02059935550236,-1.64031478016275,0.366390042184815,1.49886835439243,-1.89703302409597,"protein-coding-exon3"
0.0843113449345744,1.40086542352831,-2.77022990499316,0.483597148303974,-0.732304253146018,3.26003867080354,1.87904489726151,3.11212403056745,0.0906032363476024,1.34898151895319,3.35188109447955,-0.204933770578435,0.303824666430899,1.53848455045887,1.31207928895143,0.60974737711996,1.03150143619589,-0.957690405282473,0,1.74405028515586,151.863274904611,0.59132889665879,0.327394270741424,0,2.27500841062515,0,-0.819968368631415,-0.478407153572076,1.18445056740781,-0.924517506523968,0.163747805445908,"protein-coding-exon3"
0.421556724672872,1.45274932810344,1.05991405060608,0.521775870538498,-2.56306488601106,3.26201086600669,6.04957164625476,19.6667305657913,0.503351313042235,0,1.30783611314634,0.680459704250725,0.340283626402606,-0.182108047089351,-0.166060035007916,0.477361654987734,1.42680737581587,1.96294105642548,0,-0.16187085731792,97.7703827372608,0.676384651186758,0.503742191721123,0,0.177518310621363,1.10882331387525,1.18666379885217,0.0200343789943574,0.893584602884079,-0.163626462021182,1.06034034520898,"protein-coding-exon3"
1.85484958856064,0.856084425489525,-2.43298452525486,1.01809925958731,-3.08338632903586,3.23637232836577,2.68456255924128,3.19495622909966,2.61742682781962,-0.674490759476595,1.14766292625538,-1.28730242295386,-0.595496346204562,1.07051577598511,-0.653989520586729,-0.131999194476365,1.50092723949462,0.830142473201963,0,0.870640151285369,131.637236963776,-0.726824471304957,2.43130707637332,0,25.4511112721883,0,0.262713788230013,-1.02418741214128,1.79171579040378,1.28699560803555,1.46188026365316,"protein-coding-exon3"
1.43329286388776,-1.99753032614222,0.505868069607446,1.2598978337393,-2.06201460754273,3.24524720677993,5.68180295400152,52.65761192405,4.02681050433788,1.34898151895319,-0.424679367077856,-0.568044577671292,-1.08769230582262,-0.0271280545343701,0.0512530972246653,0.0896744161596397,2.47066212262489,1.79864202527092,0,1.39607122290022,264.282416017627,0.597750835903632,0.588359790803363,0,22.822529573066,0,1.2050348289753,-0.528566594744661,1.88067229100185,0.534171168852612,2.05911804314835,"protein-coding-exon3"
0.590179414542021,1.1414459006527,-0.0481779113911854,1.11990918554605,-0.79011774681544,3.2654622076122,6.08381731395446,274.659737161601,425.160720074254,0,5.28571516740155,-0.695382066186047,-2.0295487717584,-0.0149341972521255,0.161959787229942,1.1433488060354,1.77270007298336,2.63743181590207,0,1.05155463887599,358.760187927309,0.0872623338000348,5.83652312415956,13.1042147421088,11.131997449218,11.005799684182,-0.580822678256724,-0.607600018681229,0.236752035455483,0.829906207698432,2.25369842793614,"protein-coding-exon3"
1.60191555375691,1.32303956666563,-0.770846582258966,1.03082550033215,-2.06201460754273,3.26003867080354,5.88355460501494,11.478176082321,28.6004216070598,-0.674490759476595,2.37026927023039,-0.872460761151879,-2.58858615799126,0.124600242745346,-0.651939396697742,-0.612839598366844,0.586782254123412,3.12168159193655,0,0.318721121200311,231.490700020525,-0.0324022486022062,0.959598517143664,0,6.31402347815072,0,-0.731013906982608,-1.11770745968502,0.703318896767055,2.0556848000812,0.489113366827894,"protein-coding-exon3"
0.505868069607446,0.674490759476595,-1.80667167716945,-0.407239703834925,0.0192711645564742,3.2654622076122,6.08009495876971,129.89272046973,266.323179730647,2.02347227842979,0.0146947877881611,-0.554117039864991,-0.00607649332861806,-1.20341570868708,-0.62938803391889,0.187465913092349,1.4885739288815,-0.727239395794637,0,1.31349111708135,108.118588195363,0.4440767434541,0,3.33646162418458,2.06712171331191,13.9025459819885,-0.00132948244312075,-0.205507289684357,-0.0878202936164601,1.03143775933705,1.87345243113727,"protein-coding-exon3"
1.51760420882234,-0.933910282352208,-0.0963558227823708,0.330882259365877,-2.48598022778517,3.26349001240905,6.01011468129642,22.0806974944443,58.8417684946373,-0.674490759476595,1.1858693745046,-0.309390304125695,-4.90373011619471,-0.282386133642693,38.1056527245941,1.36811463791829,2.27918580812146,-0.937628628846759,0,2.51098921341082,292.303206121707,0.500827167094342,9.73773957692443,11.9173808414911,6.51069648260563,15.8516480048176,-1.29729285305853,-0.875186029753362,1.36802921621435,1.26023273481154,1.37524039714198,"protein-coding-exon3"
0.843113449345744,1.66028494640393,0.144533734173556,1.64168505608454,-0.905744734154285,3.25855952440118,6.07265024840021,35.9373409917618,16.6105933303938,-0.674490759476595,-0.382064482492189,-0.60584789457411,0.650184786162123,1.02920088964495,-0.649889272808756,1.07087487056155,0.957381572517145,2.24830253158865,0,0.219347995959149,215.833999554695,0.644414716827335,1.26238828750544,0,5.50012335773157,0,-0.315973660648366,-0.998342368988328,1.69918527990767,-0.28419554472329,-0.476461860683503,"protein-coding-exon3"
1.26467017401862,1.24521370980294,-0.120444778477964,1.32352903746351,-0.655219594920121,3.18854659468943,3.8831609287306,82.4772033956468,54.7646228589952,-0.674490759476595,-0.678899195813044,1.1599649344391,-0.546884399575618,0.275751626347192,6.09911856973517,0.484125888965293,0.907968330064647,1.28845029694888,0,0.607491805699018,161.405126690653,0.729941871543324,0,0,-0.178031594388671,0,-0.648505420815599,-1.4310270710253,0.979657184222729,1.23977825313316,0.758525787708773,"protein-coding-exon3"
1.93916093349521,0.466955141176104,-0.963558227823707,0.979920537352789,-0.69376192403307,3.20777549792012,5.37731429988902,6.6975749098904,11.2348013071027,-0.674490759476595,2.42317050626777,-0.735175031346908,-5.18932530263975,0.460796688523881,-0.463327998910974,0.708311929364391,1.36504082275025,2.20506594444271,0,2.05480770642395,212.205408030426,0.432767876631938,4.0348200299422,8.4107016138819,14.0441582724473,11.5365542795035,0.0879472779797759,-0.780286339780115,2.02664127585021,1.20516297644671,1.68187764890524,"protein-coding-exon3"
1.51760420882234,0.155651713725368,0.0963558227823708,0.0127262407448417,-0.616677265807173,1.28389907724931,1.21497673230221,-0.627158074601045,0.211407551477739,-0.674490759476595,7.77795117627368,-1.20771649263213,-4.22923935671811,-0.0271280545343701,10.7487995499568,-0.500553314339364,0.197652969809991,0.916615647493835,0,1.17880071387991,0,0.354235921690948,0.614672464772488,0,7.77619151650427,0,0.182541968175155,-1.45952582290784,1.18842897725691,1.42169257954925,1.3875200942559,"protein-coding-exon3"
1.43329286388776,1.1414459006527,-0.313156424042705,1.05627798182184,-1.25262569617082,2.83453755572438,5.66616906222557,1445.75319318125,7664.94319177081,35.7480102522595,8.64053521943874,-2.17767001842812,-2.99571121100866,2.36737838881258,-0.342370689460764,0.543651147967812,1.28474430376494,1.77270007298336,0,2.92492848597461,394.911710891328,-1.30312399292397,8.6368577021622,17.2244272040632,3.29128318367959,12.2927983085103,0.640609100850397,-1.54264718256527,1.2136670147372,1.15881259648964,0.358522821627745,"protein-coding-exon3"
0.0843113449345744,0.363187332025859,1.25262569617082,1.51442264863613,-1.21408336705787,3.22552525474845,5.30733402241573,40.7297753354112,142.086008645562,-0.674490759476595,7.08729615023011,0.216871660126693,1.16061022576603,-0.3354621920067,-0.61708729058497,0.327002396857994,1.9456464215671,1.27980297951969,0,-0.241680980551675,162.34587264139,0.829059090976267,6.7138822839047,16.8366045852598,-0.120833634946798,11.6365375156359,0.253205974394362,-0.946360797233315,0.366390042184815,-0.171580982673873,2.59516190394382,"protein-coding-exon3"
0.75880210441117,0.95985223463977,-1.27671465186641,1.53987513012581,-1.17554103794492,3.19051878989258,5.5083412023922,62.4554776932889,336.591023031343,0,3.42241607586272,-0.267607690706791,-0.777791146063101,-0.615225990749986,-0.47767886613388,0.72261345263123,1.47004396296181,2.83632011677337,0,1.84827087992098,293.176755933106,0.822269980730705,7.86613937956369,16.3564995205972,0.00602194266842564,14.8576802138026,-0.295265964413091,-0.650440480188328,0.183195021092401,1.19251181574128,1.47422213021922,"protein-coding-exon3"
1.85484958856064,0.0778258568626841,0.722668670867781,2.31617581556114,-0.0192711645564742,3.15994976424379,5.00358983934017,5.32492704849944,24.6642143390695,-0.674490759476595,11.1562828887719,-1.57779106862814,-0.808173612706191,-0.97297802940165,-0.686791502810515,0.372419396421605,1.13650457640745,1.478691280391,0,0.285827578002017,164.966522075584,-1.31453543074182,5.9139109885355,9.47640808992876,37.5310212745023,17.3193281099072,-0.6381112853512,-1.65426729410524,0.850548312214754,2.27613865817023,1.23600320541974,"protein-coding-exon3"
0.75880210441117,0.233477570588052,-0.0481779113911854,1.27262407448414,0.520321443024802,3.24327501157679,4.54276226746819,11.9515029310765,25.3689061773287,-0.674490759476595,1.27991601634883,0.0487463823220552,-0.243059733144719,0.480097073383519,-0.678591007254568,0.70058137624718,1.30327426968463,0.069178539433497,0,0.407879935658845,196.279923007243,0.497100973648331,0.902128676894259,0,20.2856347104786,0,1.11922278037387,-0.0154811110410884,0.797731046393305,0.55083412023922,2.13091686432046,"protein-coding-exon3"
0.927424794280318,0.337245379738298,-0.602223892389817,0.330882259365877,-0.674490759476595,0.17503232427938,0.666301578070147,2.26013570280754,0.755026969563353,217379.603399433,-0.374717088598108,1.37982106695286,-0.753485172748629,2.02092861357736,10.9517618149665,0.665407359563874,-0.591105912838005,-0.78517642257019,0,-0.556074003962737,0,0.433540120156032,0,0,-0.498781130837394,0,-0.424830071597222,-0.0561939898622165,1.38587778151614,0.171821494284002,0.420741159290986,"protein-coding-exon3"
-0.168622689869149,1.6084010418288,-0.819024493650152,-1.32352903746351,-2.21618392399453,3.2654622076122,6.08381731395446,187.851593099841,1144.117534545,8.09388911371914,2.65534815332071,0.464582868253053,-1.06946282583676,-1.80083604547009,0.838500670595524,0.799725719975402,NA,0.683138076905782,0,1.60053056246435,291.362460170971,-1.33139876570906,5.67642685471913,17.5000928106697,-0.674490759476595,9.23524856788196,-1.08860439683533,0.0055651052762079,-0.177540853774735,0.0714738150474108,1.60244424035237,"protein-coding-exon3"
-1.01173613921489,0.882026377777086,0.867202405041337,-0.572680833517863,-0.192711645564742,3.25362903639331,5.54333134112884,73.6023249814811,67.8517569980933,0,0.308590543551383,0.525267140123366,0.911473999292696,1.80573981173198,0.137358300562103,0.764165175636235,1.73564014114399,2.2828918013054,0,0.924308563872059,0,-1.33139876570906,0.417753453299785,10.8161150062133,1.02348986347748,0,0.712965175633575,0.399751393952771,-1.62906600532174,0.142882777708431,1.82492545905422,"protein-coding-exon3"
1.68622689869149,1.37492347124075,0,1.56532761161549,0.366152126573009,3.23735842596734,4.06108950656162,74.880307473121,-0.724825890780819,0.674490759476595,2.42904842138303,-0.600873773929002,0.309901159759517,-1.436108595986,0.453077379466041,1.00709780734457,2.19271263382959,0.596664902613911,0,0.70357557662035,39.3097415129193,0.306830592230309,0.299542440358825,0,16.3022005553813,0,-0.531188667046883,-1.62177029960626,1.43889253908657,1.44147497753121,2.13412555129303,"protein-coding-exon3"
0.252934034803723,0.415071236600982,0.313156424042705,0.572680833517864,-0.0578134936694225,3.22799049875239,3.46253479285391,15.0162942767684,58.4592214967252,1.34898151895319,-0.44966050631773,-0.766014579346575,-0.382819079702932,-0.685583236101089,-0.0779047077814912,0.980234135262261,1.27856764845838,1.16738785294026,0,0.637961614135332,160.397184600578,0.884035249587226,0,2.94987445139682,-0.461128583875161,0,-0.682427366788559,0.255585643788268,0.466069686014513,0.0652999632336326,0.345882187264855,"protein-coding-exon3"
0.421556724672872,0,1.46942629743115,1.19626663001509,-1.1177275442755,3.2654622076122,5.75550558665956,-0.591658560944382,-0.755026969563353,-0.674490759476595,-0.650979099015537,2.3845934372646,0.0850709066006516,-1.1533422237829,0.391573662796443,0.88166958301783,2.40889556955927,1.36627615381156,0,0.645405942332841,148.637860216372,0.519505511227719,0,0,8.85762217885995,0,-0.159900479295341,-0.500859474858857,-0.177540853774735,0.995082046388304,-0.602538925140856,"protein-coding-exon3"
0.252934034803723,1.32303956666563,-5.17912547455243,-1.51442264863613,-1.75367597463915,3.25855952440118,2.03315040191013,3.66828307785517,3.82546997912099,-0.674490759476595,-0.808213328348861,-0.471546637156204,0.644108292833505,0.468519464802635,3.92803737129835,0.814027243242241,1.80976000482273,0.0518839045751227,0,0.987671915506667,0,-1.33139876570906,0.606139597638145,0,10.6888263484896,0,1.22453390480774,-0.488216420153684,1.18898904466285,-0.658119624537851,0.740246188602943,"protein-coding-exon3"
-0.674490759476595,1.40086542352831,-3.51698753155653,0.763574444690485,-0.115626987338845,2.76304547961026,5.87908777879324,29.7604256155024,49.2478924680523,0,-0.543707148161961,0.699361362702134,0.534731412918382,-1.33454556533195,-0.676540883365582,-0.960134697157515,1.98888300871304,-0.137492347124075,0,1.48332567433149,155.895043264911,0.74810854512086,0,2.12353832662051,-0.674490759476595,0,0.535217401723006,-0.131569056082327,-0.291198055915541,-0.700497243983786,0.453183247246663,"protein-coding-exon3"
0,0.207535618300491,0.650401803781003,0.509049629793657,-0.0578134936694225,3.23538623076419,5.81208538546775,51.0246342958435,15.4730193629183,-0.674490759476595,0.293895755763222,-0.290488645674286,-0.0607649332861797,-0.870811861720735,-0.619137414473957,0.296273448217084,2.00123631932616,1.26250834466132,0,0.987498791595098,315.015501218061,0.761407241882404,0,4.84983464972852,4.34392119987971,9.14066864371979,0.582595321514218,-0.477182481501893,0.428010185643177,-0.314762354422418,1.28472578214436,"protein-coding-exon3"
1.43329286388776,0.492897093463666,2.04756123412538,1.9343885932159,-1.52242199996146,3.23292098676026,5.34157969011542,13.6673127578152,40.4895796211174,0,2.27916158594379,0.376043520770137,-0.309901159759517,-0.0271280545343701,-0.666290263920649,0.080977543902778,1.37739413336338,3.02656110021549,0,1.02835603472561,180.892007098767,0.742508595148595,0.757293958376253,4.74291485433682,8.83686059534326,10.3944347029628,-0.629650942531341,-1.11041611234665,0.294281363669722,2.1741563842703,2.49146124175138,"protein-coding-exon3"
1.51760420882234,1.73811080326661,-1.30080360756201,0.585407074262705,-3.37245379738298,3.24376806037757,5.36019146603917,53.4859339093721,92.8179821249882,-0.674490759476595,1.37396265819306,-1.28431795056679,-0.00607649332861806,0.546311029593558,15.5173877157397,0.382275851646048,0.327362731247798,2.29153911873459,0,0.861983955706871,0,0.617066399386645,0.601454121486668,3.01156617960951,1.79976723177049,9.57376825928634,0.27077125758226,-1.47753545083362,2.2492277589679,0.365349161383151,2.79503662183652,"protein-coding-exon3"
1.34898151895319,1.19332980522782,0.674490759476595,2.04892475991947,-3.62297893661714,3.19051878989258,5.46888423743385,32.9790481870398,158.424792266913,-0.674490759476595,3.42682451219917,0.0656583925154206,-0.188371293187157,1.47116921359108,-0.535082335025506,-0.587908564563841,1.09326798926151,-0.184187861241685,0,0.48474695239591,231.28911160251,0.36712243939362,5.73914322813623,16.5489605238067,1.44101031894784,12.0835627401014,-1.00408154333026,-0.603282423650213,0.328310178249876,2.00831518271122,-0.167253558792868,"protein-coding-exon3"
1.34898151895319,1.01173613921489,0.843113449345744,1.64168505608454,-0.0963558227823708,2.76896206521971,5.94534570108178,33.1328794128854,69.4624811998285,0,3.03594315703409,-1.47731383159697,-1.22745165238083,-0.896445185362443,-0.680641131143555,0.43619645963859,1.27856764845838,0.155651713725368,0,0.385200703243179,348.143197911854,0.718298997552766,1.79359226997222,8.3208363450096,3.41782997844799,8.07645779709159,1.31848399745494,-1.21498814546406,1.08794204461653,1.17709516411883,2.09820504238265,"protein-coding-exon3"
1.93916093349521,-0.441013188888543,0.0240889556955927,1.17081414852541,0.539592607581276,3.18657439948628,3.40967734923047,7.98739057274915,156.290582699614,-0.674490759476595,2.13662214439863,-0.815755785797652,-0.984391919236112,4.39656735732307,2.69591291401739,0.267283874027545,1.22915440600588,1.9456464215671,0,1.00030996105128,185.19256001642,0.542137457943037,1.29390148996714,0,10.8844294474665,0,-0.30437090478113,-1.89611086910852,2.03404630562126,1.17500572781836,1.01830090678795,"protein-coding-exon3"
1.34898151895319,-0.207535618300491,0.505868069607446,1.24717159299446,-1.58023549363088,3.23440013316262,5.59321090060448,-0.20116391072109,2.73823114294976,0,1.55911698432389,-0.634697794315734,-2.15715513165938,-0.560406079677873,-0.670390511698622,0.455329578603685,1.79123003890305,2.51636937189345,0,1.73591346131207,303.457765251869,0.180895676673845,1.23558556373606,0,14.9087502435533,0,-1.08352819114341,-1.22752079031706,1.24643463246022,1.02291554406809,1.21661552809439,"protein-coding-exon3"
1.60191555375691,0.95985223463977,0.337245379738298,1.64168505608454,-2.98703050625349,3.24080976757285,3.28311727294899,90.9142544747137,168.954901735757,-0.674490759476595,0.407045621732063,0.205928594707456,0.650184786162123,0.93854677217243,-0.551483326137399,0.703287069838204,0.599135564736536,NA,0,0.131574172793176,99.8534630567488,0.306648191152532,2.15177866989781,4.08425023989218,2.26437707138144,10.7818917076587,-0.780889642273017,-2.20378168937896,1.35705234855376,1.35935829986821,-0.869934961911282,"protein-coding-exon3"
1.09604748414947,-0.129709761437807,1.46942629743115,1.14536166703573,-2.42816673411574,3.10472829855564,5.88653248916274,166.256055625371,168.834097420627,0,-0.163112144448588,-1.63748051636943,-1.26998710568116,-0.311834954563039,-0.680641131143555,0.807069745436752,2.09388614892459,-0.103767809150245,0,1.22398605479967,280.275097180148,0.726533103349547,0.220918450364269,4.0112729809024,8.3154915929675,5.74407205929967,0.874436861452604,-1.09846030034113,0.691372990561072,1.25042579154108,1.31865099441567,"protein-coding-exon3"
0.843113449345744,0.518839045751227,-0.915380316432522,0.929015574373424,-1.23335453161435,3.2654622076122,4.93658744601468,47.9243434364949,64.0866891765374,-0.674490759476595,0.506970178691558,-0.385991762060352,0.978315425907494,-1.68378812723504,-0.688841626699501,0.321397745848017,1.11797461048776,0.665843442047408,0,0.493922519709119,121.154639226997,0.621875155073488,0,21.7992837997504,15.9492671787049,18.5315369892815,1.13501542030427,-1.84316286748058,-1.14567347806253,2.61494879058618,1.6670055822293,"protein-coding-exon3"
1.68622689869149,-0.804200520914402,-0.9876471835193,1.08173046331152,0.250525139234164,3.21073379072484,5.32966815352422,51.178465521689,88.9220429620413,-0.674490759476595,5.47380845109002,-0.628728849541605,-1.2152986657236,0.680351677976771,0.342370689460764,0.340530864813113,2.21124259974928,1.55651713725368,0,1.30310368238715,265.626338804393,0.29165340125218,1.30960308560816,2.32091425637021,1.52943326661938,22.1551166058177,-0.0285637288537156,-0.480023720704726,1.6406946089036,1.20868744098206,0.76816683214965,"protein-coding-exon3"
0.252934034803723,1.478691280391,-1.3248925632576,0.585407074262705,-4.75997764544911,3.20333805871304,5.39592607581276,38.5998045160115,103.942046143222,-0.674490759476595,0.155764750554508,0.381017641415245,0.413201546346022,-1.15886223874615,0.227563751677514,1.2832718174569,2.24212587628209,0.821495155772776,0,0.0998924969758715,140.843108053126,0.753852994648245,2.02755604603977,4.18680300219403,-0.261174084517382,12.1353774268405,0.275686313887131,0.0910653590652485,0.212339683538932,0.365349161383151,2.64594172068893,"protein-coding-exon3"
-0.843113449345744,0.0259419522875614,-0.89129136073693,-0.789026926180168,0.32760979746006,-0.699143199515944,0.0670023933254897,5.7390880411605,0.8556972321718,-0.674490759476595,-0.787640625445436,-0.294467942190372,-0.139759346558213,-0.34511238443652,38.2614621401571,-0.765711286259676,-0.838172125100494,-0.741939835424255,0,-0.482496341545501,0,-1.33139876570906,0,0,-0.674490759476595,0,0.638594733512335,0.828694767493744,-1.03191321321632,-0.181593666012932,2.54126297887972,"protein-coding-exon3"
-0.0843113449345744,0.363187332025859,-0.0722668670867781,-1.29807655597382,-0.925015898710759,2.2882394844524,0.253864623599911,27.062462577596,65.8081506671418,2.02347227842979,-0.05290123603738,0.601868598058024,0.297748173102281,0.881878114996234,-0.219363256121567,-0.372419396421605,NA,-0.802471057428564,1.20262956807724,1.39624434681179,0,-1.33139876570906,0.401545806232371,4.52674403063708,-0.674490759476595,10.4723434328753,1.21470379219799,-0.208222478312109,-0.890245467668159,0.938476843241775,1.31002798622484,"protein-coding-exon3"
-0.843113449345744,-0.0518839045751228,-2.21618392399453,0.407239703834925,-0.867202405041337,-0.763732592419039,0.346179032181696,52.65761192405,34.9325811251311,1.34898151895319,-0.906668406529541,-0.0855548750958516,0.546884399575618,-1.01265395642969,-0.535082335025506,0.607234947356866,NA,-0.78517642257019,0,-0.277690754158229,0,0.868599854486011,0.0539052780084023,9.79569031238957,-0.53538137836111,0,1.31606675664926,0.509285148267694,-0.488805406746568,-0.746982756990436,1.89935904755628,"protein-coding-exon3"
1.26467017401862,-0.181593666012929,0.819024493650151,1.34898151895319,-3.79641941762541,3.21122683952563,6.04287140692221,131.442865899404,388.496610432258,-0.674490759476595,-0.28360940431151,-0.00795859303217222,-0.802097119377573,-0.217640684976323,-0.670390511698622,0.616898138753379,1.95182307687366,1.08956199607758,0,1.57698571049084,247.752165740399,0.803340539009739,0.264266855553086,14.410672046061,7.41155689510611,13.2720058326798,-0.386718241561094,-0.627906756286469,0.724588437085007,1.38828111605006,1.55389253882701,"protein-coding-exon3"
1.18035882908404,2.10129813529247,-0.843113449345744,1.67986377831907,-3.70006359484304,3.08845768812967,2.54087964910996,37.7478161882516,155.132874679617,-0.674490759476595,-0.618650565881583,-0.713288900508434,-0.164065319872685,0.400627214256976,-0.475628742244894,0.430012017144821,1.07473802334183,0.172946348583742,0,1.28734940643428,231.087523184495,0.650760853026867,0.513512184575717,3.65429891195761,4.31416699310465,0,-1.02196912529225,-1.65426729410524,0.334112824182825,1.62841340502207,0.397816610699585,"protein-coding-exon3"
-0.252934034803723,-2.46448546731833,1.08400300630167,-1.22171911150478,-1.38752384806614,1.45893140152869,0.880709236711713,1.00581955360545,8.62744150554391,-0.674490759476595,-0.783232189108988,-0.106446181805304,1.16668671909465,0.0509913021189783,-0.645789025030783,0.418609451296936,0.327362731247798,1.20197712265701,0,0.509849919573556,173.298843353536,-1.33139876570906,0,0,2.31745250895608,0,1.26449895279488,1.42644778439802,0.411578147387605,-0.677488496185392,-1.77491804625089,"protein-coding-exon3"
1.43329286388776,-0.311303427450736,1.3248925632576,2.09982972289883,-0.250525139234164,3.17227598426346,2.75379836567762,63.6151284727399,12.1307666443179,-0.674490759476595,0.70681929261055,0.030839547999667,-2.5338977180337,-1.23336277323831,-0.61093691891801,-0.0400056123815634,1.51945720541431,1.23656639237376,0,1.38031694694735,405.931877742813,-1.04403178978463,8.92400688308258,2.9387500657522,23.6915907695866,0,-1.05041199210568,-0.641441622915825,1.44474255270604,0.983632357570026,0.370800929369118,"protein-coding-exon3"
0.843113449345744,0.596664902613911,-1.51760420882234,1.56532761161549,-1.52242199996146,3.25560123159646,5.4830291871359,22.1871960354143,138.079332193746,-0.674490759476595,1.16676615037999,-1.12216161753628,-0.546884399575618,-0.0293832625478606,-0.653989520586729,0.616898138753379,0.741198636787467,1.50463323267856,0,0.970013276526531,0,-0.0426925120030167,7.05240668572185,7.81978241312628,14.0758491435687,16.7964149063474,-0.537876366609248,-0.553368935932766,0.257063981210317,1.24291240758388,0.300868676148802,"protein-coding-exon3"
1.01173613921489,0.0259419522875614,-0.0963558227823708,0.865384370649217,-1.92711645564741,3.05986085768403,3.27865044672729,0.911154183854348,10.3992381274526,0,3.47825626945774,-1.1370839794716,0.789944132720337,-0.166610047833853,-0.574034688916251,-1.74092056199575,1.95182307687366,2.47313278474752,0,1.4457577855208,166.579229419704,-0.0271078796563473,0.620393046114312,0,6.58420846912135,0,0.359403420456977,-1.2350981518328,2.745976433183,-1.00934432801108,0.569628903575606,"protein-coding-exon3"
0.590179414542021,1.27115566209051,0.216800601260334,1.17081414852541,-0.770846582258966,3.17424817946661,2.32051622217279,18.7555763819369,10.7817851253647,-0.674490759476595,-0.429087803414305,0.11738924722454,-0.875015039320989,0.138393724316229,0.371072423906577,1.3880208121951,0.827671811079339,-0.460037287232755,0,0.610434912195707,271.942775902195,0.292210079866174,0,1.1277258660289,-0.674490759476595,0,0.286161024045052,-0.917574557941417,0.411578147387605,0.682734535425746,-0.254460072882823,"protein-coding-exon3"
1.51760420882234,-0.311303427450736,0.891291360736929,1.61623257459486,-2.27399741766395,3.2654622076122,5.66616906222557,27.6896206521971,44.5465912042378,-0.674490759476595,1.26375174978186,-0.272581811351898,-4.02871507687372,0.539099608620188,-0.295217840014072,0.0427113059725865,1.07473802334183,-0.323409671851598,0,1.07994696037346,448.601426222648,0.761186939281972,4.2561825254316,6.56516012678422,0.523925263881809,20.9825100495424,-1.14822967004196,-0.55243312375521,0.735500802504663,1.8804490728312,-0.753842114864407,"protein-coding-exon3"
1.18035882908404,0.0518839045751228,0.915380316432522,-0.496323389048816,-1.44533734173556,3.00365329439431,3.48486892396241,0.165664397064427,0.070469183825913,2.69796303790638,-0.664204408024882,-0.705330307476262,-0.917550492621314,0.521202172931732,-0.436676388354148,0.302264626882921,0.858555087612149,-0.295738256078199,0,3.9228147122639,NA,0.351149316439738,0,0,4.88736546718189,0,-0.819404345776757,-0.518821331888273,1.6519137246781,0.341897040148483,1.44875926618625,"protein-coding-exon3"
1.51760420882234,1.40086542352831,0.505868069607446,1.56532761161549,-1.44533734173556,3.18756049708786,2.2490470026256,25.1099893264796,100.549458293317,-0.674490759476595,0.562810372286571,0.425784727221213,-0.534731412918382,-0.257211718608381,-0.688841626699501,0.60259661548654,1.340334201524,1.41816005838669,0,0.730929154648405,173.298843353536,-1.21660784535121,4.55693308856331,8.27845517517084,32.7364904222004,11.8558548734528,0.215658167212891,-1.05128854722951,1.72902104958866,0.891208580820447,-0.664295757963952,"protein-coding-exon3"
1.26467017401862,-1.84187861241686,0.409512246825076,0.330882259365877,-1.92711645564741,3.22848354755318,5.31477873278522,59.5208512310048,6.34222654433216,-0.674490759476595,0.596608384199341,-1.11917714514922,-0.139759346558213,-1.48778170517883,9.41211877433753,0.891719302070204,1.7665234176768,0.466955141176104,0,1.34188343857882,176.725846459791,0.672359983249839,0.489503744769453,0,6.59081750549196,0,0.132182784723612,-0.893986911729199,1.70924411189048,0.429510625138387,2.1684722487866,"protein-coding-exon3"
0.927424794280318,0.882026377777086,-0.794935537954559,0.674490759476595,-0.308338632903587,2.62104742498361,5.11972732110436,2.66246352424972,2.05367335721232,-0.674490759476595,0.703880335052917,-1.97373107197871,-2.66150407793467,0.1292286638428,-0.658089768364702,1.29332153650928,1.30327426968463,1.33168688409482,0,2.95539829441092,287.532280228686,0.430718825563407,0,6.12668422134216,5.81443179234042,0,1.04984796925102,-1.21498814546406,0.475716103159313,1.1332170018088,0.65342773162465,"protein-coding-exon3"
0.421556724672872,1.53057518496612,0.120444778477964,-0.343608500110718,0,-0.623213684194749,-0.532296791419167,40.8836065612568,14.4260486317905,24.2816673411574,-0.42320988829904,0.269597338964834,0.346360119731225,-0.637371608975482,24.2837174650464,0.887080970199878,2.86596806224487,0.00864731742918712,0,0.179183248474917,0,0.732701576161635,0,0,-0.275722090397114,0,0.590169342705331,-0.907807798181673,0.366390042184815,0.365349161383151,1.21673625201779,"protein-coding-exon3"
0.252934034803723,1.16738785294026,0.0722668670867781,-1.55260137087065,-0.23125397467769,-0.837689912537087,-0.135493728724879,22.3410272612599,19.6810363399514,55.3082422770808,-0.270384095302165,0.86649181637775,0.0729179199434156,-0.976754191656797,3.1551406651504,1.53161583634728,1.27239099315182,-0.883755841262923,0,-0.408572431305124,0,-1.33139876570906,0,7.98764192611249,6.16472426309006,0,0.167796799260543,-0.619244441643676,-0.284044805431158,0.811887025295901,0.892243543769473,"protein-coding-exon3"
1.34898151895319,-1.08956199607758,0.794935537954559,0.610859555752388,-1.1948122025014,3.19643537550202,6.04957164625476,0.780989300446584,0.332211866607875,0,0.573096723738284,-1.94786564462415,-0.151912333215449,0.182108047089352,-0.582235184472198,-0.071700880162125,2.14329939137709,1.06362004379002,0.704171858801595,-0.0141961607487374,242.309278453995,0.199178423664511,0.334584001382398,0,15.9615914063632,0,1.04493291294615,-0.25240681430387,2.77444038522843,-0.440046054702384,1.02072622211848,"protein-coding-exon3"
1.26467017401862,-2.38665961045564,-1.92711645564741,1.00537301884247,-1.05991405060608,3.2654622076122,1.76216294446038,37.073325428775,49.9928524113548,-0.674490759476595,0.63481483244856,-1.03859639069847,0.862862052663752,1.07607512597185,-0.662190016142675,0.698262210312017,0.154416382664056,0.95985223463977,0,1.07094451697182,0,-0.489153498116627,0.731447331768193,0,10.8604987768377,0,0.0240515460164573,-1.50713169252983,1.49609267225466,0.674490759476595,1.39465508662369,"protein-coding-exon3"
1.51760420882234,-0.804200520914402,0.746757626563373,-0.865384370649217,-0.0385423291129483,3.24130281637364,4.23082890298619,17.3000963220137,107.837985306168,-0.674490759476595,-0.385003440049821,0.841621213152212,-0.170141813201303,-2.01603795898996,-0.672440635587609,0.317145941633552,0.957381572517145,1.13279858322351,0,0.258647123885532,180.690418680752,0.568576138840009,0.486965486824426,10.1561719737177,-0.138942123740123,10.0937162306674,0.932450640788782,-0.485539067392582,1.44293019554549,1.12547379669525,1.04810731167065,"protein-coding-exon3"
1.77053824362606,-0.441013188888543,-1.83076063286504,-0.814479407669851,-0.732304253146018,3.23637232836577,1.35717070035964,4.22444212514289,7.04691838259129,-0.674490759476595,0.76706792254201,-0.280540404384071,-2.47920927807613,-0.182108047089351,0.0492029733356786,-0.525097820486507,1.24768437192557,0.294008792592362,0,1.58668064953876,0,0.463892133267124,3.04140907668215,9.09003577731762,3.07273806090801,9.87411333197409,-1.12228461872772,-1.15197679217536,0.837099471380582,2.16008788364784,1.85782226001697,"protein-coding-exon3"
1.68622689869149,-0.985794186927331,-1.34898151895319,0.903563092883741,-2.17764159488158,3.25905257320197,6.06818342217851,0,0.0503351313042236,0,4.06604778098418,-2.10604268113857,-3.11724107758102,0.677781789775352,21.0506720921145,0.50499838238176,2.08153283831147,0.778258568626841,0,2.40642237082256,423.604462388792,0.778958015716797,3.68645462805449,6.13914611158626,2.23049221687475,11.2249632892192,-0.328140439370259,-1.04716278499758,2.20146797298121,0.614170447653478,0.25104723841791,"protein-coding-exon3"
-0.0843113449345744,1.63434299411637,0.36133433543389,-1.33625527820835,-0.192711645564742,2.97505646394867,3.03297500453383,11.2415126579433,7.20799080276481,30.3520841764468,-0.0117558302305289,-0.889372771345245,-0.224830253158865,-1.13422540236622,-0.639638653363823,1.30762305977612,2.32859905057396,-0.757505006796791,0,0.440427231033999,174.911550697656,-1.33139876570906,0,2.01993812095762,-0.674490759476595,9.19333995308832,0.396870652944925,0.309191990779004,-0.674359624887405,0.713437732464737,1.79622801408951,"protein-coding-exon3"
1.60191555375691,3.11303427450736,-4.48054575938024,-0.330882259365877,-0.867202405041337,3.25362903639331,3.29800669368799,2.53229864084195,6.7549746210268,-0.674490759476595,-0.36296125836758,-0.82769367534591,1.16061022576603,0.139534439997472,-0.522781591691586,-0.849974315237268,0.815318500466214,0.639901489759847,6.4869074357655,-0.145250961807203,0,-0.502035278128968,0.463252076999952,1.95332072319586,0.917379617650168,11.462840804007,1.10826462205481,-0.365562369961915,4.19564181423975,-1.44533734173557,2.95498465055737,"protein-coding-exon3"
2.52934034803723,0.804200520914402,-4.6009905378582,2.11255596364368,-2.08128577209921,3.09634646894226,1.86489994755946,7.18273492986479,26.6373514861951,-0.674490759476595,0.333571682791257,-0.265618042448748,-2.81949290447874,0.400627214256976,1.33463065173028,-1.75328944698329,1.17974116355339,0.311303427450736,0,0.856790238359772,302.382627022456,-1.27400448995271,5.51226017163164,5.77447467681397,37.7295632277669,20.5130149545665,-0.594198077381454,-1.28220025563866,1.59651068381643,2.60719823200151,1.6602994429172,"protein-coding-exon3"
0.252934034803723,0.804200520914402,0.529957025303039,0.0763574444690486,-1.40679501262261,-0.981660162366886,-0.148894207389977,10.0226960223978,-0.201340525216894,2.69796303790638,-0.119027781084105,-0.0766014579346575,-2.15715513165938,0.135496044252384,26.2190344162498,1.09445305756904,0.191476314503429,-0.522297972722902,0,-0.706691807028609,0,0.475395245392892,0,0,2.24881604107441,0,-0.333136070368652,-0.216959981052601,-0.260032743209363,0.768258827144748,0.788103873290307,"protein-coding-exon3"
1.18035882908404,-0.181593666012929,0.36133433543389,1.56532761161549,-0.154169316451793,3.03077097843759,2.67562890679788,0.946653697511011,0.332211866607875,-0.674490759476595,-0.377656046155741,-0.995818953150549,-1.49481735884002,0.266153880615361,-0.598636175584091,-0.199448270424025,1.52563386072087,0.873379060347899,0,0.726427932947586,341.154799420669,0.516613151280116,1.64664733700819,0,8.33911077212804,0,1.08272244420819,0.0500859474858819,0.627090649124007,1.4116745703148,1.35543340575034,"protein-coding-exon3"
2.10778362336436,-0.415071236600981,-2.19209496829893,2.04892475991947,-1.36825268350966,2.79657279806378,4.70729036663412,498.768166876114,1.21811017756221,1.34898151895319,6.19826148904636,-0.469556988898161,-2.28476149156036,2.4110927115857,2.94192778069579,-1.16615393773117,1.27239099315182,0.518839045751227,0,1.55898082368756,234.514526290749,-1.12435553920913,0.903175783304205,1.77760807075411,14.9797161258935,0,0.905699842539323,-1.46451310448729,1.40571646184908,2.04295756703688,1.62299318630573,"protein-coding-exon3"
0.590179414542021,0.752316616339279,-0.216800601260334,1.08173046331152,-1.50315083540498,2.95434841431561,4.91723119905399,68.1117335359172,1.57045609669177,1.34898151895319,5.31216578542024,-1.28630759882483,-0.644108292833505,1.62764393703872,21.891222886599,0.560851628653604,1.26003768253869,0.311303427450736,0,2.04944086516528,191.643389392899,-0.40230926548838,0,0,6.88597598635482,0,-1.02833452608052,-0.120704022512566,1.10315262701298,0.00628407539884886,1.77778352526301,"protein-coding-exon3"
1.09604748414947,-0.363187332025859,0.794935537954559,0.216346092662304,0.385423291129483,2.80248938367322,5.92301156997328,0.591658560944382,0.936233442258558,-0.674490759476595,0.20425755025544,-0.445681209801644,-2.163231624988,0.20220824409331,-0.0410024777797322,0.333573367007623,1.28474430376494,-0.239530692788483,0,0.959279594009193,204.00747903115,0.508464323909309,0,0,2.06441309184854,0,0.874678585533172,-0.732545391450009,0.304013823346603,1.63795046396412,1.13524120537312,"protein-coding-exon3"
1.43329286388776,-1.03767809150245,-0.0963558227823708,1.19626663001509,-0.867202405041337,3.14910269062647,5.24628739738584,3.54995136566629,9.14085984484699,-0.674490759476595,-0.170459538342669,0.80779719276548,-1.00262139922197,-0.0780537982808631,-0.393623786685429,1.53953965329242,1.16738785294026,1.59975372439962,0,1.42654103133654,268.246988238588,0.723657325318105,0.571630090683426,0,0.588203559828917,0,0.634727148223256,-1.33801031140865,1.28091121890802,1.17500572781836,0.539516497961353,"protein-coding-exon3"
1.01173613921489,-0.466955141176104,-1.44533734173556,1.043551741077,-1.27189686072729,3.22946964515475,6.07637260358496,94.1210438750323,124.18683595378,-0.674490759476595,-0.0896382055077828,0.74213880025006,-0.747408679420011,0.378219362541539,-0.682691255032542,-0.618637513204751,1.32180423560432,0.18159366601293,0,1.49700246334551,188.081994007968,0.761466463011552,0.539953871655524,3.7137453513246,1.69456437413341,10.9968820229628,1.09553382047826,-0.400687579887081,0.569157180915301,1.15009321808189,2.37478322186158,"protein-coding-exon3"
-0.421556724672872,1.84187861241686,0.337245379738298,0.661764518731754,-0.501050278468328,0.648852221835672,0.294066059595204,21.0985442832766,10.9025894404948,-0.674490759476595,-0.511378615028007,1.66135629546595,0.917550492621314,-0.637371608975482,-0.366972176128604,0.667146734015246,0.271772833488738,0.311303427450736,0,0.0734045385056666,0,0.802075575691131,0,0,-0.674490759476595,0,-0.482521552159311,0.190952674789937,-0.904525416643763,0.365349161383151,-1.92968322683312,"protein-coding-exon3"
1.09604748414947,1.71216885097905,-0.337245379738297,-0.941741815118265,-2.35108207588985,1.38891847181694,3.34490836901583,6.21241488991601,7.37913024919917,84.985835694051,0.0411454058068511,-1.40867096669448,-0.607649332861798,-1.85691467729392,-0.619137414473957,0.420735353404169,1.33415754621744,-0.215318203986759,0,-0.307468066948263,110.336060793527,0.680428269885005,0,0,-0.674490759476595,0,-1.2441135553337,-0.613651451086916,-0.0338982913044993,1.89158366535628,1.27106725960177,"protein-coding-exon3"
0.927424794280318,1.55651713725368,-0.0963558227823708,-0.827205648414692,-2.48598022778517,1.48950042717748,3.32108529583343,7.69156129227696,8.13415721876252,60.7041683528936,-0.0778823752772539,-1.72900433623941,-0.704873226119685,-0.824501427397199,-0.674490759476595,0.552927811708465,1.30327426968463,0.250772205446426,0,-0.237352882762426,157.709339027045,0.531975112181187,0,0,-0.674490759476595,0,-0.787577341835382,-0.521367106900318,-0.354128958095959,1.99868784107369,0.58989086204537,"protein-coding-exon3"
-0.168622689869149,1.78999470784173,-1.87893854425623,-1.29807655597382,-1.02137172149313,2.41791131905937,0.762338341836682,21.0985442832766,22.4796696404662,0,0.0984550781806795,-0.276561107867984,1.37328749226766,-0.346594003654685,-0.592485803917131,0.759333579937978,0.568252288203725,0.0259419522875614,0,0.664968944340247,0,-1.33139876570906,0,3.57121785316216,-0.674490759476595,12.3271730371016,-0.948404430106232,-0.647885965865805,0.257063981210317,-0.402518679042494,2.03497281018496,"protein-coding-exon3"
0.75880210441117,1.27115566209051,0.313156424042705,-1.7816737042778,-2.69796303790638,1.39286286222323,3.40744393611962,5.12376313777835,1.59059014921346,61.3786591123702,-0.523134445258536,0.18901658451409,-0.443584012989112,-1.13422540236622,0.600686299473077,0.39928306850391,1.30327426968463,-0.133168688409482,0,-0.278902621539218,157.642142887707,-1.33139876570906,0,0,-0.674490759476595,0,-0.087463829818641,-0.429082762713732,-0.460872513693103,1.78447948963886,1.149941043189,"protein-coding-exon3"
1.34898151895319,-3.16491817908248,-0.0722668670867781,0.623585796497229,0.635948430363647,3.19446318029887,3.8801830445828,14.9097957357984,35.9392837512156,-0.674490759476595,-0.921363194317702,-1.80958509069016,-0.595496346204562,-1.05087448758855,-0.565834193360305,0.558725726546372,1.77270007298336,0.769611251197653,0,0.803468073596221,234.380134012073,0.330244257850385,6.18374841018543,7.58902258343388,4.29878202319274,18.3961906138316,1.21736275708424,-0.847325570311672,1.33026476325359,0.958106904516443,2.00188873837271,"protein-coding-exon3"
1.34898151895319,-0.544780998038788,-1.73440481008267,1.38716024118771,-3.60370777206067,3.25954562200276,6.08381731395446,112.734622202342,128.576059403509,-0.674490759476595,1.75749661946407,0.222840604900822,-0.662337772819359,-0.406239010941708,-0.63553840558585,0.487218110212177,1.60593037970618,1.340334201524,0,0.963953939621582,200.647672064234,0.55319522717761,1.04933663658782,8.66853382582872,10.5563747589311,10.6870701719857,0.507660856538321,-1.4024065296048,1.7278265450895,0.568801324230972,0.411272721993104,"protein-coding-exon3"
1.51760420882234,0.804200520914402,0.216800601260334,0.878110611394058,-1.13699870883197,2.74036523477406,5.53514215972239,109.646164514213,1.94293606834303,1.34898151895319,-0.481989039451685,-0.124353016127691,-1.53735281214035,-0.680509018070735,-0.453077379466041,1.07976500664634,1.27239099315182,-0.669302369019083,0,0.255357769565703,345.656940756336,0.212166801709318,0.25600301575807,0,2.51512770335243,0,-0.744711604881428,-1.33189078774967,1.16907348986602,1.34972109215438,-0.451821606560655,"protein-coding-exon3"
0.75880210441117,-0.0518839045751228,-0.216800601260334,1.55260137087065,-1.38752384806614,-0.124741346599107,-0.426581904172284,26.8849650093127,78.9758210163267,0,-0.226299731937681,0.624749553025519,-0.370666093045696,0.684127840231917,2.32074024233284,-1.32250437452675,-0.308832765328111,-0.957690405282473,0,-0.370658294671301,0,0.335415446847615,4.58022545560022,4.14973962172667,36.7730135579797,9.46381305716005,-0.969353850422074,-0.571250536190372,-0.0915975105462069,1.49886835439243,1.43422445568946,"protein-coding-exon3"
1.43329286388776,1.78999470784173,-2.57751825942842,1.74349498204327,-1.6380489873003,0.54777721767434,-0.375213402622742,5.67992218506606,3.92614024172944,-0.674490759476595,0.320346373781912,-1.71806127082018,-0.583343359547325,-0.524899665139896,-0.666290263920649,0.767064133055189,-0.413835905539669,-0.454848896775242,0,-0.783905071588815,0,-1.26238175114607,5.18532694774311,2.94374556485867,25.8640406142783,21.1281358965455,-0.41725605040611,-0.807267624184271,1.09737409693589,1.36551315521487,-0.643165806698301,"protein-coding-exon3"
1.34898151895319,0.700432711764157,-1.51760420882234,1.01809925958731,-2.67869187334991,3.15008878822805,6.00564785507472,-0.627158074601045,-0.221474577738584,-0.674490759476595,-0.129314132535818,-2.23437499378235,-2.63112161129158,1.25637376198062,-0.321869450570898,0.152291896409042,1.47622061826837,0.760963933768466,0,1.04601467370575,277.856036163968,0.597243903038123,0.876866109639979,0,5.47118173739552,0,0.812394347440302,-0.446143733907888,2.10366383464517,0.16531636261681,0.960094741693222,"protein-coding-exon3"
0.421556724672872,0.103767809150246,1.03582509491049,0.916289333628582,-0.211982810121216,3.24623330438151,6.07711707462191,44.3270593859531,217.779979100854,-0.674490759476595,-0.709758250168182,-0.848584982055362,-0.717026212776921,-1.19915441447554,-0.678591007254568,1.00187968399045,1.54416382664056,1.08956199607758,0,1.13898221421882,348.479178608546,0.376787327670624,6.51740231704896,10.2821337522626,-0.259137201176932,13.7621257648104,0.894661109526744,0.211684004468644,0.728747489565714,0.130090460947259,1.00173073445083,"protein-coding-exon3"
1.18035882908404,0.285361475163175,0.289067468347112,1.56532761161549,0.0770846582258967,3.17276903306425,3.96430827175813,2.26013570280754,4.69123423755363,-0.674490759476595,-0.477580603115236,-0.349183269286556,-0.704873226119685,0.00142917252017741,-0.549433202248412,0.866981532095131,0.957381572517145,0.890673695206273,0,0.992346261119057,251.783934100698,0.40572750906282,0.247791181247979,0,-0.349632244267947,0,0.766869645600107,-0.890504483646686,1.35376793145846,0.606333556747331,0.0557322049491449,"protein-coding-exon3"
1.09604748414947,-0.233477570588052,-1.71031585438708,1.11990918554605,-0.925015898710759,3.22207391314295,3.26227208391439,3.66828307785517,27.5836519547145,-0.674490759476595,-0.690655026043572,-0.00497412064510753,-0.437507519660494,0.546311029593558,28.9026465869332,0.232109857344239,NA,1.08091467864839,0,0.525950443349563,232.364249831923,0.645909458127038,0.417477425249025,2.74394171511313,-0.337967565935967,13.3115422617304,-0.513220510391372,-1.36901589794754,1.11952512889805,0.743188892386248,0.627063397802001,"protein-coding-exon3"
1.85484958856064,0.233477570588052,-0.0722668670867781,2.02347227842979,-0.886473569597811,3.20629635151776,5.22618667938819,2.28380204524531,4.14761481946802,-0.674490759476595,-0.470233209221156,-0.118384071353561,-2.36375590483239,2.5805742161344,-0.00410024777797321,0.328935035137297,NA,0.138357078866994,0,0.940235963736496,281.955000663606,0.802201124484926,0.677578857499892,0,2.83612643297579,0,0.168924844969858,-1.24726225324607,1.11034055466984,1.9412173077619,0.471683461505951,"protein-coding-exon3"
1.18035882908404,0.804200520914402,-0.770846582258966,1.69259001906391,-0.0385423291129483,3.25264293879174,5.88727696019969,30.7662451691079,11.929426119101,-0.674490759476595,-0.943405375999944,0.0348188445157536,0.48004297296082,-0.546324141268055,-0.631438157807876,1.31206812781851,NA,2.16182935729678,0,0.599528105766799,171.686136009417,0.140189441342462,3.1766228174889,3.0483663563605,3.28801929481624,22.3951905888861,0.700314948750547,-1.31475612150449,1.30780890057635,0.743188892386248,1.50091868026693,"protein-coding-exon3"
0.252934034803723,-0.337245379738298,-1.01173613921489,0.229072333407146,-1.25262569617082,3.26349001240905,5.78528442813755,39.0494650223292,1.27851233512728,-0.674490759476595,0.501092263576294,1.86330559365732,-0.546884399575618,-2.21436514743215,-0.625287786140917,0.382275851646048,1.31562758029775,2.79308352962744,0,0.9753801177852,225.174262922722,0.751671288250422,0,2.92436517692733,4.17139555577069,0,0.175612544532223,-0.0521903990609266,0.508789533370086,0.0510119061788965,-0.895959518743563,"protein-coding-exon3"
0.75880210441117,1.68622689869149,-1.25262569617082,-0.318156018621035,-1.90784529109094,3.19988671710753,3.04414207008808,20.4477198662378,45.5834949091048,-0.674490759476595,4.00873810861035,-0.132311609159863,0.431431026331876,0.225809258187977,-0.471528494466921,1.52601118533731,2.42124888017239,1.6775795812623,0,0.179875744121197,70.6903385839164,-1.29631143111127,12.6942900300307,4.6836617891288,14.9023849831144,12.642036765124,0.209695639892228,-0.6050382456295,1.13458783063232,0.229326858222038,0.8488397141843,"protein-coding-exon3"
0.75880210441117,-0.38912928431342,0,-0.0890836852138897,-2.62087837968048,3.20087281470911,5.4994075499488,286.552074236583,5.78854009998571,0.674490759476595,3.13880667155121,-0.309390304125695,-0.346360119731225,-0.240861460510576,-0.672440635587609,-1.3943985185168,2.13094608076397,-0.302656110021549,0,0.859906468768031,206.292147768653,0.320380386579442,0,0,2.37839649188178,0,-0.181736221239931,0.202767303531567,0.913020347057318,0.365349161383151,-0.608009761880879,"protein-coding-exon3"
1.26467017401862,0.622606854901472,0.289067468347112,0.878110611394058,-1.0406428860496,3.17276903306425,2.21703474803676,-0.496993191193281,0,-0.674490759476595,-0.590730469084077,-0.185037287998004,-0.698796732791067,-0.495149275706118,74.8541234346792,1.06179147064883,0.574428943510287,1.88511519956279,0,0.530971036785092,298.014877965465,0.588043308413641,0.440531768097231,0,-0.217753528148914,0,0.689920813286148,-1.07125976936754,1.79485700417396,0.337245379738298,0.589053826689305,"protein-coding-exon3"
1.26467017401862,-0.882026377777086,0.481779113911854,0,0.173440481008267,3.19890061950596,2.35327294779858,4.73326848755505,0.463083207998856,-0.674490759476595,0.584852553968812,0.402903772253719,-1.33075203896734,-0.0849898740897959,1.29977854561751,-0.071700880162125,0.975911538436832,0.709080029193344,0,2.16647262938658,128.949391390243,0.563082786900212,5.7216814536208,6.9797865526212,-0.11085371916503,0,-0.385993069319392,-0.240412547932256,1.79734670693996,0.39053847678336,-0.438421292920366,"protein-coding-exon3"
0.843113449345744,1.58245908954124,0.746757626563373,-0.839931889159534,-1.54169316451793,-0.734642713172607,2.35550636090943,13.1111537105275,9.47307171145487,129.502225819506,0.0999245569594956,-0.300436886964501,-1.03300386586506,-1.75367335230425,-0.668340387809635,0.276947065424058,1.28474430376494,-0.202347227842978,0,-0.619091107774206,0,0.743922795712657,0.232536631036992,15.2794591702335,-0.674490759476595,0,0.0841602673842198,-0.429082762713732,-0.0338982913044993,1.57027113820404,0.0849966669842488,"protein-coding-exon3"
2.44502900310266,1.08956199607758,-0.0481779113911854,1.98529355619526,-1.34898151895319,2.97505646394867,2.69498515375858,13.8329771548796,57.2209772666413,5.39592607581276,3.00508410267895,-1.5479463447575,-6.16156423521863,1.25806516799073,-0.102506194449331,-0.0954723309975468,1.06856136803527,-0.487708703006153,0,0.97399512649264,315.015501218061,-1.19392662665644,3.29925527975018,0,26.2409452909055,9.38276337760632,-0.687825871254564,-1.89753097230877,1.89278214540896,2.15648254270316,1.84880483466509,"protein-coding-exon3"
1.34898151895319,-0.103767809150245,-0.0240889556955927,0,-0.886473569597811,3.2274974499516,5.70562602718391,29.0859348560258,2.12414254103823,-0.674490759476595,-0.443782591202466,-0.614801311735304,-2.55212719801955,-0.215791938872241,-0.506380600579693,0.590614258154865,1.55034048194712,-0.78517642257019,0,0.771786397778917,0,0.417628587176465,4.12705940357095,0,-0.149456992260904,0,-0.670663461534278,-0.937446809013277,1.20876945998256,1.05332323806509,0.644005993518958,"protein-coding-exon3"
0.674490759476595,3.29462794052029,-3.32427588599179,1.42533896342224,-1.40679501262261,3.16192195944693,4.27400822312929,11.5965077945099,27.482981692106,-0.674490759476595,2.7817233282989,-0.849579806184384,0.236983239816101,-0.0988620257076614,-0.268566229457246,1.654338367083,0.38912928431342,1.58245908954124,0,0.930541024688578,0,0.194547331365113,6.59147984501906,7.06895352591948,1.77100167182956,16.8180061895455,0.553669006539652,-0.538066178705513,1.23787492823869,-0.0556722531631536,1.07607487298351,"protein-coding-exon3"
0.927424794280318,-0.129709761437807,-0.819024493650152,0.572680833517864,-1.52242199996146,0.88946003661972,-0.226319195232765,0,-0.0805362100867576,-0.674490759476595,-0.411454058068511,-0.184042463868982,-0.796020626048955,1.57273224424513,5.65834193360305,-0.77634079679584,-0.0741198636787467,-0.875973255576655,0,0.873929505605199,0,0.223065858317773,1.73543636000245,2.99628962105166,12.183389499545,0,-0.601933247959611,-0.441666991466448,0.982591476768362,0.674490759476595,1.64892692561707,"protein-coding-exon3"
0.252934034803723,1.27115566209051,-1.15626987338845,0.165441129682938,0.115626987338845,2.76698987001656,2.15449918093296,13.1111537105275,9.81535060432359,8.09388911371914,-0.652448577794354,0.711299252250392,-1.11807477246571,-1.5471907023249,1.60114675729854,1.06449716423985,1.33415754621744,-0.172946348583742,0,1.04670716935203,234.984899266117,0.717429631376869,0,0,-0.550554398643513,0,-1.31743652643914,0.032338958219234,-0.140641846901657,0.713437732464737,1.76519205358757,"protein-coding-exon3"
0.505868069607446,1.55651713725368,-1.37307047464878,-1.74349498204327,-1.46460850629204,1.94655666550702,0.501773478904222,15.2411245299273,21.9159161698589,0,1.36073734918372,-0.437722616769472,0.115453373243741,-0.711872143467648,0.941006865044855,0.335699269114856,0.988264849049956,NA,0,1.33028413650363,0,-1.33139876570906,0,0,2.42797780776867,4.00297558264234,0.0988248616053093,-0.382474508074038,0.400623455217241,0.53709449365729,2.55807670522654,"protein-coding-exon3"
0.505868069607446,1.71216885097905,-0.481779113911854,0.101809925958731,-0.46250794935538,-0.760774299614317,1.07129382217088,12.8153244300553,6.79524272607018,-0.674490759476595,3.59434509298421,-0.753081865669295,-0.115453373243742,0.102153056006418,-0.530982087247532,1.06720285783088,1.01297147027621,-0.546510461524626,0,-0.468473304708333,0,0.76511922225742,0,2.89560614228643,-0.436329800067325,9.93761322996592,0.851956521959835,-0.913763139498595,-0.267345579561687,1.16710663936532,2.50003848146719,"protein-coding-exon3"
0.590179414542021,1.40086542352831,1.01173613921489,0.827205648414692,0.269796303790638,0.00788878081259176,-0.0357346097735945,57.5802111511072,39.5936142839022,17.5367597463915,2.78466228585653,1.1042547832139,0.352436613059843,0.514646335683213,-0.590435680028144,-1.14991977618503,-0.420012560846231,-0.560346169411325,0,0.385373827154749,0,0.763292842634486,2.71040543914655,8.58608123304989,-0.456863859381093,19.9863457902468,1.20463195550769,-0.897191754964559,-0.468607553953771,1.49886835439243,1.62137532186865,"protein-coding-exon3"
0.927424794280318,1.6084010418288,0.819024493650151,-0.152714888938097,-2.48598022778517,-0.835224668533152,1.27081206007345,7.39573201180477,12.9159946926638,-0.674490759476595,-0.152825792996876,-0.859528047474599,-0.905397505964078,-0.324238598637236,-0.645789025030783,0.382082587818117,0.907968330064647,-0.408153382657632,0,-0.667565803013797,0,0.680115582323102,0,3.59319267772621,2.21490410035309,18.0073059047533,0.414597085519869,-0.342050373074343,0.0632990926538774,1.49886835439243,2.55335418666152,"protein-coding-exon3"
1.51760420882234,0.985794186927332,1.18035882908404,1.05627798182184,-1.75367597463915,3.06183305288718,3.00542957616668,12.5786610056776,11.345538595972,0,0.282139925532693,-0.626739201283562,-0.802097119377573,1.16267773602479,-0.465378122799961,-1.30375778321751,1.52563386072087,-0.522297972722902,0,2.4228691424217,168.057544485147,0.698862622966291,0.457162458155482,6.39058623327856,0.0860319120747561,16.8180061895455,1.29672883020387,-1.20206273966125,1.7278265450895,0.801318081771336,1.7841428249863,"protein-coding-exon3"
-0.252934034803723,1.01173613921489,-2.38480661386368,0.101809925958731,-0.154169316451793,3.24919159718623,5.55226499357224,314.229861717561,89.4757294063877,-0.674490759476595,2.60685535361978,-0.0318343721286889,0.461813492974966,-1.24163623984594,-0.643738901141796,0.169299113266905,0.907968330064647,3.40704306709972,0,1.69990368770552,191.374604835545,0.625212857912287,0,0,-0.674490759476595,0,-0.914079610665659,-0.382474508074038,-0.831779413949866,0.53709449365729,-0.0706672598680042,"protein-coding-exon3"
-0.843113449345744,-1.91970446927954,-1.78258272147386,0.649038277986912,0.944287063267233,3.2654622076122,2.74114235804947,26.328805962025,24.4125386825484,-0.674490759476595,-0.0235116604610578,1.71209232604605,0.625878812847651,0.331096004399187,-0.588385556139158,0.000966319139651177,1.3897474439765,0.639901489759847,2.0271541139234,0.893319383701035,0,0.347363901864578,0,6.61280537095023,-0.285317381931084,0,0.554958201636011,-0.708033166732284,-0.0957610337528483,-1.18035882908406,3.13985234845068,"protein-coding-exon3"
-0.843113449345744,-0.544780998038788,0.915380316432522,-0.801753166925009,-1.07918521516255,3.2654622076122,5.7741173625833,30.541414915949,36.8755171934742,-0.674490759476595,-0.265975658965716,1.10624443147194,0.303824666430899,-1.54018906814349,-0.688841626699501,0.58771530073591,1.72328683053086,3.09573963964899,0,0.768843291282228,143.127776790629,-1.33139876570906,0,8.13326341081829,-0.460364752622492,0,-1.04412716601093,0.867590480179239,-0.954787609930768,-0.26865309911356,1.50967994316074,"protein-coding-exon3"
0.75880210441117,1.03767809150245,0.939469272128115,0.598133315007547,-0.501050278468328,3.24672635318229,4.79067112277251,10.1765272482434,34.8822459938269,-0.674490759476595,2.1704201563114,-0.217866484255715,-2.35767941150377,0.560327409630891,-0.37517267168455,1.49837445794328,0.469425803298729,2.0840035004341,0,1.12997977081718,309.707006210333,0.422615006250752,1.08426018561867,0.610278102669292,15.1471089323294,3.39771678324322,-0.850506177476431,-0.569727652651945,0.366390042184815,1.01930254196543,1.29573891072267,"protein-coding-exon3"
-1.51760420882234,-0.466955141176104,-0.9876471835193,-0.229072333407146,1.21408336705787,3.24228891397521,2.5580024829598,99.7891328888794,12.5837828260559,-0.674490759476595,-0.424679367077856,0.985870711860333,1.37328749226766,0.324618837197651,12.5857105544888,0.0139149956109784,2.56948860752989,1.03767809150245,0,0.75568587400291,0,-1.33139876570906,0,2.84753117776718,-0.674490759476595,0,0.700798396911682,0.461661776826427,-1.45095766705799,-0.86673691797477,2.55225108596298,"protein-coding-exon3"
-0.674490759476595,0.285361475163175,-0.529957025303039,-0.941741815118265,1.29116802528377,1.43822335189563,1.29463513325585,183.851981227857,14.2146410803127,-0.674490759476595,-0.446721548760098,0.711299252250392,0.735255692762775,-1.24475681837624,-0.684741378921528,-0.486251791072526,0.895615019451523,0.812847838343589,0,1.35313649283087,0,-1.33139876570906,0.783704642305431,2.43360304750422,-0.674490759476595,0,-0.122513821500915,0.0659956013931702,-0.470918965984602,-0.474788593435493,1.32777460377884,"protein-coding-exon3"
-0.421556724672872,1.71216885097905,-1.15626987338845,-0.229072333407146,-0.0385423291129483,3.10127695695013,1.64900334684399,74.9394733292154,11.4059407535371,-0.674490759476595,0.576035681295916,-0.4297640237373,-0.407125053017404,-0.590405590927094,-0.621187538362943,1.62225657164657,1.2106244400862,1.01173613921489,0,1.30725865626483,0,0.626371223198428,0,2.71781471763585,11.8234137070638,0,1.18464943151411,0.253938943941176,-0.259623517153258,-0.262779308628367,2.14636939254757,"protein-coding-exon3"
2.27640631323351,0.544780998038789,-0.578134936694224,1.53987513012581,-1.86930296197799,3.25264293879174,2.72774187938438,40.232782144218,14.194507027791,-0.674490759476595,-0.486397475788133,-2.38359861313558,-0.267365706459191,-0.223737613617445,-0.330069946126844,0.978301496982959,1.01914812558277,NA,0,0.939370344178647,157.574946748369,0.672376565166001,0.672214312339481,0,0.959715371122559,0,1.17570564053312,-2.77046840950498,0.850548312214754,2.92386391131839,2.48748351956665,"protein-coding-exon3"
0.927424794280318,0.907968330064647,-0.481779113911854,1.29807655597382,-1.13699870883197,3.24721940198308,5.97735795567062,55.710570098523,39.3419386273811,-0.674490759476595,2.18658442287837,-0.108435830063346,-0.60157283953318,-1.81663561323902,-0.62323766225193,0.0639703270449156,1.59975372439962,NA,0,0.503271210933897,172.290901263462,0.676420183864247,0.541584037317617,2.06641237716104,14.087360784788,8.59098049181957,0.222909889629913,-1.67604682806426,0.0632990926538774,1.6094555927348,1.06934101316354,"protein-coding-exon3"
-0.0843113449345744,0.907968330064647,0.216800601260334,1.11990918554605,0.115626987338845,3.10423524975486,4.40801300978027,4.4019396934262,-0.100670262608447,-0.674490759476595,-0.520195487700904,0.361121158834815,0.121529866572359,-0.891200515563628,-0.637588529474836,0.778659962731004,2.47683877793145,1.34898151895319,0,0.32270297116642,170.006232525959,0.653354738483564,0,0,-0.674490759476595,0,-0.110024744004933,-0.616101477923729,-0.863286271962011,0.816750609926676,2.70079246402904,"protein-coding-exon3"
0.927424794280318,0.18159366601293,-1.46942629743115,-1.14536166703573,0.55886377213775,3.21122683952563,4.68570070656257,0.520659533631056,1.27851233512728,-0.674490759476595,7.02998647785628,-0.522282667736302,-1.81079501192816,0.128363293325996,0.036902230001759,1.17601039295561,2.06917952769835,2.2828918013054,0,1.86454452760856,295.864601506639,0.152602190011948,0.305808077090736,0,2.95006459483222,0,-1.20664632284575,-0.863777323854941,1.42201381126647,0.160944061004423,0.0787754708926702,"protein-coding-exon3"
-0.252934034803723,0.518839045751227,-0.0481779113911854,0.992646778097631,0.674490759476595,3.0988117129462,3.91442871228249,75.8742938555075,41.5264833259844,-0.674490759476595,-0.556932457171306,-0.0815755785797651,0.96008594592164,-2.00317540630837,-0.688841626699501,-0.384981545237071,1.12415126579433,2.10994545272166,0,0.92205795302165,0,0.68122893955109,0,0,-0.674490759476595,0,0.446504664154767,-0.1753008162006,-0.440540407865082,0.20341784809611,-1.10064598337036,"protein-coding-exon3"
-0.0843113449345744,0.415071236600982,0.674490759476595,-0.318156018621035,-1.65732015185678,3.22108781554137,4.05066691204432,28.5889416648325,32.3755564548766,-0.674490759476595,-0.380595003713373,0.60584789457411,-0.303824666430899,-1.2803550146357,-0.278816848902179,0.186886121608558,1.16738785294026,2.30018643616377,0,1.99334871781661,224.300713111324,0.685860031850488,0.290948567024857,1.74106572621506,-0.0657551718000078,0,0.496380399445176,0.95163300223182,0.00140919246994036,-0.000864731742925305,-0.374111616193853,"protein-coding-exon3"
-0.337245379738298,1.01173613921489,-2.57751825942842,0.381787222345243,0.0578134936694225,3.18509525308392,5.78528442813755,103.788744760863,68.0228964445277,0.674490759476595,1.46066190614321,0.422800254834149,0.984391919236112,-1.50115561316581,-0.670390511698622,1.55190853827996,1.29092095907151,2.69796303790638,0,0.389528801032428,0,0.565458738601642,0,2.71227669658341,31.497296102711,0,-0.267306545760794,-0.729630424186274,-0.457987552731022,0.0896282765971136,-1.14085778140219,"protein-coding-exon3"
0.421556724672872,0.752316616339279,-0.819024493650152,1.22171911150478,-0.828660075928389,3.08944378573125,3.16772426222176,-0.236663424377753,0.503351313042235,-0.674490759476595,1.56940333577561,-0.808792016894501,0.431431026331876,0.24394270401738,1.05786392671709,0.795667179588866,0.525015701057789,0.63125417233066,0,1.30137244327145,233.909761036704,0.842850507532326,0,2.45681868958826,4.40229199241522,0,1.15773748387761,-0.451718545250057,1.19768065676451,-0.340426939924512,0.753843942772429,"protein-coding-exon3"
-0.252934034803723,0.0778258568626841,-0.36133433543389,1.15808790778057,0.192711645564741,3.14860964182568,3.72979989511892,10.9693497199088,26.9896974053247,0,0.87287039461677,1.16394423095519,0.103300386586506,0.973318932938573,-0.674490759476595,1.54804326172136,1.09944464456808,0.683138076905782,0,1.36923701660688,0,0.79720759887514,0.333239864787396,8.5539059216007,-0.674490759476595,6.04577894232139,-0.705230005055418,0.329876412751864,-0.685402061673322,0.365349161383151,1.54659917174322,"protein-coding-exon3"
1.26467017401862,-0.830142473201963,0.0722668670867781,1.33625527820835,-0.828660075928389,3.22256696194373,6.03468222551576,16.4007753093783,10.3287689436267,0,-0.15135631421806,-1.26342664385734,-1.79864202527092,-0.801267540188449,-0.674490759476595,-0.138763428453924,2.0444729064721,2.86226206906094,0,0.871505770843219,321.667919012555,0.738718442883104,0,0.961681921535146,1.21584261669833,0,0.267145396373749,-1.127559892776,1.12893931748196,0.960446737713024,1.74753598790613,"protein-coding-exon3"
-0.421556724672872,0.985794186927332,-0.794935537954559,0.458144666814291,-0.982829392380182,3.2654622076122,5.8024072619874,19.7732291067612,12.0804315130136,-0.674490759476595,-0.480519560672868,0.81476096166863,0.0972238932578875,0.828762721608737,3.77222795573537,0.861570144913084,1.66152027746524,2.70661035533557,0,0.240642237082256,192.651331482974,0.432812884690091,0.499722783257348,2.55794263171557,14.5250740132677,6.72914415377826,-0.997716142541983,-0.952655164425414,-0.624981653590761,0.110885669074949,0.638172412782707,"protein-coding-exon3"
0.421556724672872,-1.81593666012929,0.192711645564741,0.470870907559133,1.42606617717909,-0.842620400544957,-0.0119115365911982,22.743355082702,9.94622194571457,2854.44489410495,0.337980119127706,-0.499401712768806,0.625878812847651,-0.417082365750758,-0.672440635587609,1.37024054002552,-0.308832765328111,-0.937628628846759,0,-0.614936133896526,0,0.84214932936321,0,0,-0.573358959898947,0,-0.354327214765061,0.423307040041995,1.05878842835665,-0.256258138009038,-0.0557593293495874,"protein-coding-exon3"
0.252934034803723,-0.233477570588052,1.46942629743115,-0.0509049629793657,-0.713033088589544,3.2654622076122,2.68084020405653,0.544325876068831,0.332211866607875,-0.674490759476595,0.111680387190024,0.121368543740626,-0.92970347927855,0.0543872258137111,0.258315610012313,-1.57954526567399,1.64916696685211,3.27733330566192,0,1.85329147335651,129.419764365611,0.588834502699063,0.243731768718877,0,-0.674490759476595,0,-0.580903252950246,-0.441666991466448,0.498433206738437,0.0562075632897075,1.02353892345092,"protein-coding-exon3"
-0.927424794280318,1.08956199607758,-0.26497851265152,-0.101809925958731,-0.539592607581276,3.24820549958466,3.82434771681156,5.53792413043941,3.26171650851368,-0.674490759476595,0.936057982105863,-0.0706325131605281,-1.29429307899563,-0.473475677762515,-0.656039644475716,1.00342579461389,NA,1.86782056470442,0,1.62130543185275,116.585301751991,-0.00698217112658575,0,0,-0.674490759476595,0,0.487275459077137,0.157918046190796,-1.10886868649464,-0.261420274751392,1.11936464464029,"protein-coding-exon3"
-0.674490759476595,1.53057518496612,-1.9752943670386,1.09445670405636,-1.07918521516255,3.2654622076122,6.08381731395446,335.470404055464,188.756742390838,-0.674490759476595,1.40335223376939,0.815755785797652,0.698796732791067,-2.58163626176866,-0.690891750588488,0.107647952157153,2.76714157733988,2.6201371810437,0,0.535818506309051,0,0.689645446425648,0,22.8335132599221,-0.674490759476595,0,-0.0963270461061127,-0.232752344199118,-0.763312587885028,-0.234749234915887,-1.94944096327889,"protein-coding-exon3"
1.93916093349521,-0.363187332025859,-0.867202405041337,1.13263542629089,0.0578134936694225,3.26201086600669,5.99150290537267,1.12415126579433,4.37915642346745,-0.674490759476595,26.578462672447,-0.509349954059021,-3.47575418396948,-0.259152246433943,-0.615037166695984,0.309608652344272,1.58740041378649,3.32056989280785,0,2.36573825160361,202.327575547692,-0.243511360944936,0.657690836422353,6.91151473149945,1.79000265139506,0,0.0454038397999118,-1.30223463463302,2.32164459422878,0.953907203907205,2.12340759891963,"protein-coding-exon3"
0.505868069607446,0.856084425489525,0.819024493650151,-0.419965944579767,0.0770846582258967,3.25165684119016,6.02425963099846,923.377849723459,218.112190967461,0.674490759476595,2.95071338786275,-0.291483469803308,0.370666093045696,-0.79789783984271,-0.692941874477475,0.538046496957835,1.70475686461117,3.38110111481216,0,1.23558535687486,119.743520300893,0.808755719059061,0,10.6168859074402,-0.674490759476595,15.3961004834234,-0.120902327630466,0.277796286055735,0.750721864785904,0.190062688237391,1.91310191018412,"protein-coding-exon3"
0.75880210441117,0.492897093463666,0.240889556955927,1.79439994502264,0.289067468347112,3.25214988999095,6.05776082766121,110.462653328316,61.0464472457623,0.674490759476595,28.488785084908,-0.328291962577104,-0.723102706105539,-1.89544988864071,-0.688841626699501,1.34782193598561,2.20506594444271,NA,0,0.255357769565703,36.353111382033,-0.861479105917218,4.89243718344824,13.9065563566608,1.67988364580197,18.1447389250698,0.822224460050044,-0.216568815185444,0.795995267704329,0.509034692891368,-0.153110267486099,"protein-coding-exon3"
-0.421556724672872,0.492897093463666,-0.843113449345744,-0.99264677809763,-0.905744734154285,3.26496915881141,5.34455757426322,68.2773979329817,152.414777589189,-0.674490759476595,0.52166496647972,0.763030106959511,0.334207133073989,-1.5175583179616,1.88816410175667,0.408173204588702,1.31562758029775,2.8882040213485,0,0.420864229026592,112.62072953103,-1.33139876570906,0,3.5807952455351,-0.674490759476595,7.85505379440821,-0.213885523955396,-0.609379027744939,-1.39092516014606,0.869135469387276,0.212612496367183,"protein-coding-exon3"
0.252934034803723,0.363187332025859,0.722668670867781,0.547228352028181,-0.751575417702492,3.2654622076122,1.49638678426927,-0.378661479004404,-0.694624811998285,0,1.07565846609339,-0.427774375479256,-2.07816071838735,-0.123839765624517,53.3401233436537,0.830454668616313,1.08091467864839,0.44966050631773,0,3.35237142364086,0,-1.17890222619151,0,0,22.8186020719441,0,-1.05669681820043,-0.761306401785459,0.291076533513486,0.289781215182527,0.932932696550398,"protein-coding-exon3"
1.26467017401862,0.492897093463666,-0.505868069607446,0.776300685435327,-0.173440481008267,3.21517122993193,2.96299472706054,37.179823969745,23.0031550060302,-0.674490759476595,-0.486397475788133,-0.0547153270961837,0.218753759830247,-0.910540235446758,-0.660139892253689,0.362369677369231,1.56269379256024,1.83323129498767,0,0.681242592027824,121.557816063027,0.742172219135033,0,1.38382308204949,-0.312070436124737,0,-0.503229248394586,-1.30223463463302,0.453290244497875,1.6732559225477,-0.101916067986086,"protein-coding-exon3"
1.01173613921489,0.830142473201963,-0.794935537954559,0.407239703834925,-2.25472625310748,3.25214988999095,4.23231784506009,24.3763327109085,60.9055088781105,0,-0.673021280697779,0.61878060825139,-0.710949719448303,0.837691771941219,-0.662190016142675,1.20268080120999,1.31562758029775,1.02038345664408,0,0.687994424579053,139.364792987683,0.6540961870205,0,0,-0.341541591956877,0,-0.118485086824792,-0.761306401785459,0.797731046393305,0.921804037951345,1.46646096691075,"protein-coding-exon3"
-0.252934034803723,-0.830142473201963,1.34898151895319,-0.0509049629793657,-0.55886377213775,3.2654622076122,5.75625005769651,20.329388154049,23.6071765816808,-0.674490759476595,1.34604256139556,1.34102292592102,-0.115453373243742,-0.496093316269905,-0.473578618355907,0.447212497830614,1.40827740989619,0.224830253158865,0,0.711885524375709,172.3580974028,0.582111720118147,0.333435884707501,1.40895097970548,-0.674490759476595,0,0.335714460561371,-0.276336261991088,-0.685402061673322,0.365349161383151,1.8841794478214,"protein-coding-exon3"
-0.337245379738298,1.01173613921489,0.433601202520668,0.71266948171112,0.269796303790638,3.22207391314295,4.71175719285582,6.66207539623374,13.6307535571837,4.04694455685957,1.38718796720241,-0.120373719611605,0.315977653088135,NA,NA,1.21756211596062,NA,NA,0,2.6782269119874,197.086276679303,-1.30468245615864,0,0,-0.674490759476595,0,0.781131366353584,0.0339868929368517,-0.722966065382539,0.365349161383151,1.19273795926305,"protein-coding-exon3"
1.51760420882234,0.466955141176104,0.120444778477964,1.57805385236034,-1.67659131641325,3.25806647560039,5.69967025888832,123.005814820337,-0.34227889286872,-0.674490759476595,0.401167706616798,-1.74591634643278,-2.85595186445045,1.56066950370786,14.6809371690331,-0.161761823977625,1.33415754621744,0.544780998038789,0,1.16910577483199,309.03504481695,0.51757727126265,0.362831872011739,0,3.01374428543593,0,-0.666876450938722,-1.13372116645621,0.398063947700795,2.11329931882737,0.65193973151189,"protein-coding-exon3"
1.26467017401862,0.103767809150246,0.337245379738298,0.216346092662304,-0.867202405041337,3.23538623076419,2.73593106079083,2.24830253158865,24.6138792077653,0,2.16895067753258,0.4297640237373,-0.832479586020663,0.92969639188693,1.96401868564917,0.168719321783114,0.648548807189034,-0.626065781873147,0,0.741489713254173,222.217632791836,0.157974730848283,0,0,2.02183356244445,0,0.783790331239826,-0.226704814936117,0.782596274315813,1.37955054460198,1.50141682891097,"protein-coding-exon3"
1.68622689869149,1.24521370980294,-1.6380489873003,1.14536166703573,-1.6380489873003,3.23735842596734,5.53141980453764,17.3829285205459,18.734735871432,-0.674490759476595,1.49152096049835,-1.97572072023675,-1.64065319872685,-0.643271862499149,-0.567884317249291,-0.0543071356484017,1.55651713725368,-0.391723479542176,6.16023942444721,0.43315602674806,0,0.588690003143941,0.557023606330744,3.05498942130489,1.70871692127949,0,1.15838208142579,-1.75625113702306,0.780885251778784,2.05339572938977,-0.118721001471894,"protein-coding-exon3"
0.927424794280318,0.933910282352209,-0.794935537954559,1.60350633385002,-2.56306488601106,3.12691549459106,6.08381731395446,9.00504329757349,7.34892917041664,-0.674490759476595,0.379125524934557,-0.140270202192035,-0.546884399575618,0.0121414105842567,-0.678591007254568,1.52330549174628,1.71093351991774,2.17047667472597,0,0.383123216304339,314.612324382031,0.829170426699066,0.477920567653892,0,-0.156823088330525,0,0.529899471950523,-0.934937686403197,1.19483863756937,0.39053847678336,-0.739714395018561,"protein-coding-exon3"
0.75880210441117,1.53057518496612,0.0240889556955927,0.839931889159534,-1.27189686072729,3.2654622076122,5.62596762623028,13.7738112987852,9.84555168310612,-0.674490759476595,-0.183684847352014,-1.09729101431074,-0.893244519306842,-0.386073255565265,-0.50228035280172,0.809002383716054,1.71093351991774,2.2828918013054,0,1.354694608035,158.381300420429,0.72910566919975,0.560579967738353,1.92687680695807,3.6301994442831,4.98336919968327,1.11052071347344,-0.292501933317571,0.592330568198789,0.682734535425746,1.80149473741961,"protein-coding-exon3"
1.01173613921489,-0.804200520914402,1.39715943034438,-0.0890836852138897,-0.751575417702492,3.26349001240905,3.5474044910662,3.14762354422411,18.019977006912,2.69796303790638,-0.493744869682213,-1.17289764811638,-2.88633433109354,-0.5580722016174,-0.47767886613388,1.01502162428971,2.00741297463272,NA,0,1.63273161001637,347.202451961118,-0.2202895717833,0,0,-0.674490759476595,0,0.671549783163025,-0.620881100170648,0.913020347057318,0.788460012229932,1.92540988207606,"protein-coding-exon3"
1.26467017401862,-0.518839045751227,-0.433601202520668,1.19626663001509,-0.751575417702492,3.2654622076122,3.45881243766916,41.0611041295401,27.9359978738441,0,2.14103058073507,-1.30520925727624,-2.78911043783565,0.354618348446872,-0.639638653363823,0.962067335436817,1.36504082275025,3.0179137827863,0,1.99040561131992,0,0.701728925617069,0.039340297873497,6.54050492151681,4.1143249015376,0.763705431755974,0.45770454655439,-1.03047643152778,1.19339723070484,0.999902967995999,2.09100929139758,"protein-coding-exon3"
0.674490759476595,0.933910282352209,0.62631284808541,1.27262407448414,0.154169316451793,3.2654622076122,4.01344336019683,154.742380029394,5.91941144137669,-0.674490759476595,0.268914616523348,-0.939113977796321,0.309901159759517,-0.182108047089351,0.0615037166695983,0.794700860449215,2.2235959103624,NA,0,0.130189181500616,213.885311513884,0.667425678769202,1.3609383024396,2.81638182366135,6.31586534074581,0,-0.134761174916331,-0.619244441643676,1.9068936286437,-0.699471898716473,1.07907739521064,"protein-coding-exon3"
0.0843113449345744,0.18159366601293,-1.37307047464878,-0.114536166703573,-1.7922183037521,1.55408982008058,4.55988510131804,36.4106678405172,70.9121329813901,-0.674490759476595,0.188093283688462,-1.54297222411239,1.12415126579433,0.382795336941005,-0.62323766225193,0.222253402119795,NA,-0.488573434749072,0,0.390394420590278,108.723353449408,0.13149577958349,0,0,4.59421136620193,0,0.846074569332695,-0.235097304525591,1.12721018080329,-0.814436121136713,0.11608353042109,"protein-coding-exon3"
0,0.804200520914402,-0.505868069607446,0.114536166703573,-1.42606617717909,3.22404610834609,5.90961109130818,34.5173604454952,59.1739803612452,-0.674490759476595,0.0543707148161961,-0.846595333797319,-1.80471851859954,-1.01370289038945,-0.233714123344474,1.25408897943943,NA,2.40395424531402,0,1.14919652500145,487.037617924169,0.365888271062169,0.830984447014302,1.69941508097682,40.7020044216634,10.198312050189,0.233304025094312,-0.489681495162434,0.177298185649522,-0.057896202530183,2.04104488982291,"protein-coding-exon3"
1.09604748414947,-0.0778258568626838,-1.25262569617082,-0.203619851917463,-3.8735040758513,0.905730647045691,0.594087887486008,2.16547033305644,0.664423733215751,-0.674490759476595,1.18293041694697,-0.16315115715953,0.941856465935786,1.27474321795096,116.875512787238,-0.0904474714713594,1.05620805742214,0.268066840304801,0,1.20892427449309,0,0.346385568811048,0,0,3.39862585227274,0,0.326770669580377,-1.24499355179201,2.35681848564121,-0.444307405052056,1.05988947140797,"protein-coding-exon3"
1.01173613921489,0.337245379738298,-0.240889556955927,1.73076874129843,-0.289067468347112,3.2654622076122,5.78528442813755,7.57322958008809,16.7112635930022,-0.674490759476595,0.887565182404931,-0.481494878446419,0.243059733144719,0.986115927247681,-0.62938803391889,1.0341547432548,1.20444778477963,1.6084010418288,0,0.70063247012366,305.742433989372,0.536961531255475,0,3.04423566946494,12.7566963184808,13.3990275933462,1.31195744727962,-0.672852728489628,1.58135324810899,0.17286477011743,2.66374464020131,"protein-coding-exon3"
0.590179414542021,0.700432711764157,0.554045980998632,0.572680833517864,-0.770846582258966,3.2274974499516,5.97363560048587,25.4649844630462,-0.8556972321718,-0.674490759476595,-0.570157766180651,-0.288498997416243,-1.47051138552555,-1.473752213467,-0.651939396697742,-1.05367438987576,2.13712273607053,-0.574181877298025,0,2.00737175465378,186.805267360539,0.317033208359979,0,0,4.13094229421534,0,-0.603464167136538,-1.17211444116454,0.0519367327839271,1.03143775933705,1.31224339476447,"protein-coding-exon3"
-0.927424794280318,1.53057518496612,-0.289067468347112,0.763574444690485,-1.46460850629204,3.24327501157679,5.01550137593137,86.0863206174075,126.21030823221,-0.674490759476595,2.03669758743913,2.62136157997172,0.729179199434157,-1.20015090173732,-0.688841626699501,0.688019227431714,0.932674951290896,2.42989619760158,0,0.938331600709227,0,0.655403789552095,0.391417776993096,4.83629845860131,-0.674490759476595,0,-0.442395354785121,0.283619220703205,-1.38941284069483,0.0785551486940503,1.63450063330947,"protein-coding-exon3"
0.927424794280318,0.363187332025859,-1.03582509491049,0.992646778097631,0.0578134936694225,2.22315704274851,4.95966604816013,4.14160992661067,0.714758864519974,7.41939835424255,1.40188275499057,-1.68722172282051,-0.802097119377573,0.0721010980592084,53.89365679368,0.522392126895484,NA,NA,0,1.38620315994073,171.14856689471,0.461487755423703,0,0,18.2755667225157,0,0.599435432460415,-1.21752551539514,0.798558162412871,0.798977309044414,-0.0834702880468025,"protein-coding-exon3"
0.505868069607446,1.27115566209051,0.746757626563373,0.0127262407448417,-0.55886377213775,3.2654622076122,5.67882506985372,134.945484580195,86.4958896331777,-0.674490759476595,14.1863481306907,-0.81476096166863,-2.47920927807613,-0.859719385096241,-0.670390511698622,0.775374477656189,2.86596806224487,1.85052592984604,0,2.78158188719468,275.840151983818,0.124682980886269,2.15992949820828,15.3888767151784,8.10799764576644,11.2342763147289,-0.41790064795429,-0.924842844274256,0.0248520377450993,0.866206479224467,0.770188338191999,"protein-coding-exon3"
-1.18035882908404,1.9456464215671,-4.02285560116398,0.44541842606945,0.0385423291129483,3.2501776947878,5.78528442813755,24.9324917581962,16.9629392495233,-0.674490759476595,0.217482859264785,-0.202944122320391,0.698796732791067,-1.56911342208395,-0.684741378921528,0.468664782730872,2.81655481979238,NA,0,0.641770340189872,0,0.61221263564165,0.405171174652671,6.03225317371664,-0.47684942284853,0,-0.0976968158959947,0.266210241431825,-1.16567242873183,-0.612893429844035,2.12841818735908,"protein-coding-exon3"
-0.168622689869149,1.16738785294026,-0.144533734173556,-1.31080279671867,-2.04274344298626,2.24928862919022,2.18130013826316,6.98157101914371,10.5703775738869,0,-0.311529501109016,-0.050736030580098,0.407125053017404,-0.888905972526646,-0.334170193904818,0.327968715997645,2.43977884609208,0.968499552068957,0,1.02385481302479,0,-1.33139876570906,0,0,7.47621168943662,0,-1.31107112565087,-0.436392413738405,-0.0698317654659153,-0.072346368590727,0.954058743336451,"protein-coding-exon3"
-0.927424794280318,0.830142473201963,0.457690158216261,1.69259001906391,-0.0770846582258967,3.21467818113114,3.38808768915892,59.8403468539148,39.8352229141625,-0.674490759476595,1.26228227100304,1.12415126579433,1.1484572391088,0.555541648439472,-0.688841626699501,0.326422605374204,1.40210075458963,1.45274932810344,0,1.30500804541442,0,-0.271027866392406,6.87077822811893,17.3163336446134,0.0169647733804191,0,-1.06475428755268,-0.434923543991357,-1.47831425248621,0.0640339328616998,1.65661901974641,"protein-coding-exon3"
0.590179414542021,0.726374664051718,0.0963558227823708,0.623585796497229,-1.54169316451793,3.26349001240905,5.78528442813755,40.232782144218,62.3148925546287,-0.674490759476595,3.5208711540434,0.0915238198699801,-0.0425354533003258,-0.775162196264847,-0.690891750588488,0.153644743204554,1.33415754621744,3.06115036993224,0,0.302620597424304,57.31830685559,0.82804996293558,0.35832141364607,2.25233625949677,4.81401599795397,10.4933636343206,1.16321656303714,-1.03097268895725,0.216429516069347,0.816750609926676,2.49822715119952,"protein-coding-exon3"
-0.927424794280318,0.337245379738298,-0.289067468347112,0.470870907559133,0.635948430363647,3.26398306120984,5.82250797998505,49.0484947022892,26.8084909326295,-0.674490759476595,0.675960238255411,1.01472061160196,0.802097119377573,-0.260856764118558,-0.653989520586729,0.0684153950873106,1.02532478088933,2.34342302330971,0,1.19368937027493,81.7105054354014,0.581844040614396,0.254101822553383,7.2422382583654,-0.674490759476595,0,-0.206150353377239,0.379028791785075,-0.457987552731022,-0.951983954816827,-1.09311792858829,"protein-coding-exon3"
0.337245379738298,0.700432711764157,-0.457690158216261,0.407239703834925,-0.192711645564742,3.2654622076122,5.58204383505023,5.23026167874833,4.60063100120603,0,0.720044601619895,-0.770988699991684,-0.528654919589764,-0.560891211634263,-0.537132458914492,1.53644743204554,2.80420150917925,NA,0,1.11318675139489,123.304915685824,0.7615256841407,0.37377798438696,0,1.8681192943985,0,0.0375075198347097,-0.683172323707473,-0.0403029046403298,0.682734535425746,-0.907639028232545,"protein-coding-exon3"
0.337245379738298,1.6084010418288,-0.120444778477964,0.687217000221437,0.269796303790638,3.26102476840512,5.60214455304788,128.981566285875,440.553203227086,-0.674490759476595,2.93601860007459,-0.269597338964834,0.674490759476595,-0.343984780429774,-0.11480693778325,0.694396933753412,1.42063072050931,1.56516445468287,0,0.439734735387719,0,0.39843620364208,6.19263931370445,19.7207264511058,0.238344468513413,0,0.249821837266418,-0.356166737677407,-0.0101775011718036,0.659224507718892,1.50851773376866,"protein-coding-exon3"
0.168622689869149,0.778258568626841,1.30080360756201,0.598133315007547,-1.1948122025014,3.22503220594767,5.99745867366827,92.038405740508,136.116262072881,39.7949548091191,0.0484927997009317,0.902305485022525,-0.735255692762775,-1.75789531149229,-0.348521061127724,0.751989554476628,1.65534362215868,2.36071765816808,0,0.677606989884855,116.585301751991,-0.162530020102371,6.69518038336412,20.7683846723164,-0.674490759476595,0,-1.18440770743355,-0.0756400023256261,-0.717202276453615,1.12873963830777,-0.754542737577418,"protein-coding-exon3"
0.674490759476595,1.21927175751538,-0.168622689869149,1.55260137087065,-0.192711645564742,3.2654622076122,6.08381731395446,1122.84961696025,25.0668953895033,-0.674490759476595,-0.265975658965716,-1.18185106527757,-2.27868499823174,0.117834618704875,0.522781591691586,0.907566935960485,1.32798089091088,NA,0,0.916344863939841,0,0.5901113102435,3.88168446786875,0,2.77770146801101,0,-0.636822090254841,-0.290203872197625,0.698655521617128,0.565381960149493,-0.1583441115445,"protein-coding-exon3"
-0.168622689869149,-0.0778258568626838,1.03582509491049,-0.241798574151987,0.713033088589544,3.24475415797915,5.04602468844632,25.8318127708317,28.6004216070598,0.674490759476595,-0.292426276984406,-0.252685328771467,0.0911473999292696,0.796717789137977,-0.647839148919769,0.238294299838007,2.22977256566896,3.1562708616533,0,1.10678116666681,147.562721986959,0.697168898672649,0,21.679015815886,4.11012653826938,8.24666212415443,0.857032727651751,-0.449990934443502,0.260480420615767,-0.37852280902919,1.15520468382853,"protein-coding-exon3"
-0.0843113449345744,-0.700432711764157,-0.168622689869149,-1.36170775969803,0.0192711645564742,3.03372927124232,1.48298630560417,27.2162938034416,4.69123423755363,-0.674490759476595,-0.365900215925212,1.73994740165865,0.802097119377573,-1.63895931212967,-0.682691255032542,1.32115152773123,1.26003768253869,NA,0,1.68241817263695,0,-1.33139876570906,0,0,-0.674490759476595,0,-1.11277680489207,-1.05896003255872,-0.0101775011718036,-0.0124905696199455,-0.986572229666471,"protein-coding-exon3"
-0.337245379738298,0.0259419522875614,0.337245379738298,-0.0890836852138897,0.0578134936694225,3.24968464598702,6.08381731395446,318.170307733451,335.111170170999,11.4663429111021,0.273323052859797,-0.947072570828493,-2.07816071838735,-1.59289799962158,46.8227795005652,0.0979847607606405,2.11241611484428,2.03211959585897,0,1.55136337157848,375.290438204537,0.606067851281221,6.02200197305025,21.937922328716,0.0925339578975632,10.3017217768392,1.00964119718331,-0.603802924236954,-0.825825776900761,0.45943573471594,1.89174982222649,"protein-coding-exon3"
-0.843113449345744,1.11550394836514,0.794935537954559,-0.827205648414692,-1.86930296197799,3.20087281470911,5.72944910036631,144.187191302146,246.924020125999,4.04694455685957,0.252750349956371,1.86827971430243,0.887168025978224,-1.91912957278236,-0.690891750588488,-1.4717040496889,1.29709761437807,3.19950744879923,0,-0.0259685867354952,27.416024850036,-1.33139876570906,0,12.4347104317536,-0.674490759476595,0,0.752366200766062,-0.851461107260056,-0.415711778632775,-0.768170031626126,2.41295745224405,"protein-coding-exon3"
-0.252934034803723,0.492897093463666,-0.433601202520668,-0.343608500110718,-0.925015898710759,3.24721940198308,5.99299184744657,39.1914630769558,3.45299000746973,-0.674490759476595,-0.163112144448588,-0.695382066186047,-0.115453373243742,-1.7768941278385,-0.688841626699501,1.60505609096078,1.27239099315182,2.54231132418101,3.48335276857128,0.549841543146218,153.543178388069,0.537406874146671,0.117904981841205,0,-0.24309945349235,0,-0.894661109526744,-0.678086673655068,-0.536035135681629,0.184254379068054,0.540128318483077,"protein-coding-exon3"
-1.09604748414947,0.752316616339279,0.433601202520668,0.559954592773022,0.115626987338845,3.17178293546267,2.77911038093392,24.0568370879986,7.80194535215465,-0.674490759476595,0.828786031252287,1.42060885624274,0.437507519660494,-0.928595011229179,-0.569934441138278,0.778273435075144,1.24150771661901,1.78134739041255,0,3.06342761523058,94.7465564670362,0.574720923200438,0,0,7.09879237473138,0,-0.144349563445505,-0.102655495673551,-1.34216848097868,-0.337245379738298,-0.801568906474758,"protein-coding-exon3"
0.252934034803723,0.18159366601293,0.794935537954559,0.890836852138899,0.366152126573009,3.2654622076122,6.08381731395446,6.15324903382157,9.60394305284585,0,1.67079737151392,-1.04754980785967,-1.90801890518604,-1.50330592778332,-0.672440635587609,-1.40831351412778,2.15565270199022,NA,0,1.50652427848186,119.541931882878,0.62270661972673,0,9.33368721760736,16.6403719450824,13.4247702015947,0.645040708994132,-0.637936804820222,0.544764141669527,-0.00637170757940579,-0.545452500248673,"protein-coding-exon3"
0,0.778258568626841,-0.313156424042705,0.827205648414692,0.693761924033069,3.26496915881141,4.00227629464258,23.1338497329253,38.697648946687,-0.674490759476595,1.50033783317125,0.785911061927006,0.668414266147977,-0.502295138307003,-0.506380600579693,-0.852100217344501,1.37121747805681,1.34898151895319,0,1.42048169443159,147.629918126297,0.694676873558088,0,3.31938561164752,5.82220553594027,0,0.00302155100709262,-0.658272452671635,-0.788141217117334,0.851143101244276,2.16504382481623,"protein-coding-exon3"
0.843113449345744,0.830142473201963,0.505868069607446,0.789026926180168,-1.42606617717909,3.23686537716656,5.8217635089481,45.7115404185629,98.0125676755841,-0.674490759476595,-0.440843633644833,-0.649620156251057,-0.315977653088135,-1.23833209787269,-0.680641131143555,0.778659962731004,2.29771577404115,2.20506594444271,0,0.251202795688024,154.080747502776,0.771375342340647,0.613471342711031,4.2245969072619,0.113617867368394,11.6267632317873,-1.24636964675233,-0.272968413798072,0.027479253163861,1.49886835439243,0.488290721355105,"protein-coding-exon3"
0.252934034803723,0.830142473201963,-1.15626987338845,1.2598978337393,-1.59950665818735,3.22404610834609,5.98033583981842,10.6498540969989,10.9931926768424,-0.674490759476595,-0.0573096723738284,-1.27337488514755,-0.394972066360169,0.158847936531608,-0.672440635587609,0.685700061496551,2.4521321567052,2.71525767276476,0,1.3160879757549,221.545671398453,0.812245027988479,0.0468068566465376,2.07802019820306,-0.464224538207787,9.02306973197705,0.0677230299056359,-0.445445235087237,-0.426805421481243,0.92005004306855,0.687608969404349,"protein-coding-exon3"
0.927424794280318,-0.674490759476595,0.0963558227823708,0.44541842606945,0.0385423291129483,3.25905257320197,5.71604862170121,49.1076605583837,32.9896450567881,-0.674490759476595,0.606894735651054,-0.554117039864991,-2.35767941150377,0.0191168214166806,-0.155809415562982,-0.80591016246917,1.86534990258179,2.18777130958434,0,2.19330683567993,322.608664963291,0.642294600403825,4.81707952538767,6.74284949285091,0.222469238116632,9.21769878632005,0.504921316958557,-0.0619848189880556,0.422563101138567,1.24836687527436,1.32001010269168,"protein-coding-exon3"
0.0843113449345744,1.45274932810344,-0.409512246825075,-1.43806520416708,-0.655219594920121,3.22700440115081,2.9205598779544,23.3350136436464,36.5131042480837,-0.674490759476595,0.255689307514003,-1.20572684437409,0.735255692762775,-1.12326404248669,0.678591007254568,-1.07918521516255,1.80976000482273,1.34898151895319,0,1.44679652899022,0,-1.33139876570906,0.440731788423868,5.51239897637886,-0.181543322115923,13.5053805874923,0.879351917757475,-0.719819280682101,-0.0235073257154024,0.214882011868643,1.98675580372333,"protein-coding-exon3"
0.252934034803723,0.363187332025859,-0.481779113911854,1.1071829448012,0.79011774681544,0.96637564954249,0.624611200000953,10.3066921316511,12.8857936138812,-0.674490759476595,1.38865744598123,-0.459608747607945,-2.25437902491727,0.376685296625386,6.38613591419329,-0.689178810399294,1.92093980034085,1.21927175751538,0,1.69921119205924,0,0.61325492751466,5.0808563311405,5.54618573915273,0.699213701883457,7.5209050748822,-0.0481433793796757,-0.42950415241321,-0.42285426101467,0.939872587976891,2.57671469326317,"protein-coding-exon3"
-0.927424794280318,1.1414459006527,-0.192711645564742,-0.699943240966278,-0.635948430363647,3.25313598759253,5.78528442813755,45.392044795653,77.2342254732006,0,0.23070816827413,0.674490759476595,0.607649332861797,-1.73943407380046,7.503453433691,-0.670625482917991,1.87152655788835,3.32921721023704,0,1.09570123632633,0,-1.33139876570906,0,15.3667998320305,-0.674490759476595,0,-0.337728827899432,-0.0742653704101115,-1.26973100826117,-0.103693263310349,2.2373149031689,"protein-coding-exon3"
1.34898151895319,0.518839045751227,-1.08400300630167,1.27262407448414,0.115626987338845,3.25905257320197,1.82320956949027,22.6131901992943,58.2075458402041,-0.674490759476595,-0.60836421442987,-1.06147734566597,-2.03562526508702,1.47453891393682,10.1378626310388,0.180894942942721,1.64916696685211,1.01173613921489,0,1.5558645932793,152.064863322626,0.577629865064203,0.459935739984307,3.01191532739652,14.5425446217064,9.68159288718046,0.364318476761847,-0.694334334861471,1.31534025144349,1.00659716199983,0.348451083519326,"protein-coding-exon3"
-0.0843113449345744,1.42680737581587,-0.578134936694224,0.0381787222345246,-3.12192865814881,3.2654622076122,3.21239252443875,55.6159047287719,154.025501790924,0,-0.570157766180651,1.03859639069847,0.340283626402606,-0.933066092232668,-0.592485803917131,0.788902945611308,NA,0.795553203485215,0,0.678645733354275,0,0.653532401871008,0.35250182224256,14.7198021251764,-0.674490759476595,6.52774997713105,0.755830912587529,0.156970392120718,-0.926362452018824,0.891208580820447,-0.76649114455573,"protein-coding-exon3"
0.421556724672872,0.441013188888543,0.915380316432522,0.839931889159534,-0.192711645564742,3.26102476840512,6.05776082766121,30.8609105388589,125.525750446473,-0.674490759476595,-0.490805912124581,-0.941103626054364,-2.32122045153207,-0.81794559014868,-0.551483326137399,0.796440234900588,1.340334201524,1.45274932810344,0,2.15937454901221,395.382083866696,0.709254746709236,0.194285743872524,1.0191838763037,2.07775305255561,0,-0.919558689825187,-0.622254228934814,0.0217350025024934,0.826441714471676,1.3039737133972,"protein-coding-exon3"
-0.927424794280318,0.466955141176104,0.337245379738298,1.19626663001509,0.0385423291129483,3.25905257320197,4.70729036663412,17.1580982673871,27.3621773769759,-0.674490759476595,0.887565182404931,0.384002113802309,0.121529866572359,-0.92394036678273,-0.576084812805238,0.246024852955217,1.52563386072087,2.71525767276476,0,1.02143107826281,95.4857139997578,0.784176581617346,0.395139155170181,3.05043975706491,17.1685531304385,0,-1.02527268772667,-0.301130236418202,-0.860342261633359,-0.531730445354258,0.877586294977455,"protein-coding-exon3"
0.168622689869149,0.38912928431342,-0.337245379738297,-0.356334740855559,-0.635948430363647,3.24426110917836,4.1757380462519,5.58525681531496,0.271809709042807,-0.674490759476595,4.14539963504025,-1.00178789792468,0.267365706459191,-1.41482834827731,66.6290263920649,0.851906953516571,1.18591781885995,0.371834649455046,0,1.39884120548534,148.503467937695,0.557532582676432,0,0,0.0674683748755859,0,-1.02382234324326,-0.901547054745938,0.105689435245623,0.220026187920419,2.17974100728457,"protein-coding-exon3"
0.927424794280318,-0.0518839045751228,-0.9876471835193,0.44541842606945,-1.0406428860496,-0.102061101762906,-0.296299472706054,0,0.140938367651826,139295.831647106,1.57675072966969,-0.492437943865656,-1.03908035919367,1.04008357947749,-0.684741378921528,1.33912506372875,-0.426189216152794,0.0518839045751227,0,-0.470377667735603,0,0.535781846362841,1.03122479601082,2.101751504711,1.10772799098812,0,-0.280601370192001,-0.273623901030269,1.34445473533253,0.251236490945981,1.2262649253252,"protein-coding-exon3"
0.505868069607446,-0.233477570588052,-0.36133433543389,0.114536166703573,-2.33181091133337,3.26102476840512,6.08381731395446,10.8865175213766,3.6039954013824,0,-0.645101183900273,-0.525267140123366,-2.33944993151792,-1.47040873647025,-0.350571185016711,0.256461099663451,3.14391755104017,3.10438695707818,0,1.23316162211288,383.689955621827,0.688577097255812,0,12.2877460709439,21.0746561427568,0,0.285677575883917,-0.199515923042945,1.17865556959041,-0.281037816448591,1.36143153280344,"protein-coding-exon3"
1.85484958856064,1.27115566209051,-0.602223892389817,1.65441129682938,-1.81148946830857,3.25214988999095,4.77950405721826,0.0591658560944382,2.71809709042807,-0.674490759476595,6.712579061632,-1.25646287495419,-1.57988826544067,1.30000941470676,-0.651939396697742,0.38343543461363,2.18653597852303,1.45274932810344,NA,0.908381164007622,173.702020189566,-1.085851382344,3.50888658308231,0,18.8680776676267,0,-0.366574568180477,-0.801954188068807,2.54090435324412,0.502943976719535,1.30493614833748,"protein-coding-exon3"
1.18035882908404,-0.518839045751227,0.867202405041337,0.44541842606945,0.115626987338845,3.22256696194373,1.42045073850038,2.55596498327973,34.7312405999142,-0.674490759476595,3.0829664779562,0.75606633805636,0.0364589599717077,-0.747457228052607,-0.670390511698622,-0.795473915760936,2.05064956177866,1.01173613921489,0,1.36058082102838,0,-1.04678201902228,2.70298468502831,4.37742157938896,21.5252353231875,11.662675488175,1.15153323247638,-0.131569056082327,0.416973742038688,1.63421392967712,1.37142966560829,"protein-coding-exon3"
0.674490759476595,0.129709761437807,-0.698579715172188,-0.458144666814291,0.173440481008267,3.25954562200276,5.41453785173651,197.744124238831,420.348681521571,0,0.493744869682213,0.826698851216889,0.151912333215449,0.0455237338537137,-0.641688777252809,0.287383312132291,1.92093980034085,-0.437554261916868,0,0.502751839199187,220.403337029701,0.738936376638369,0.325485076723671,9.04878262340613,-0.436264793152205,10.7631558332253,1.28770446452935,-0.419469810194287,1.35487984349594,-0.201410435121494,1.45569142885453,"protein-coding-exon3"
0.674490759476595,-0.0259419522875614,-1.6380489873003,0.394513463090084,-0.154169316451793,3.26496915881141,5.48675154232065,5.8337534109116,8.61737447928307,-0.674490759476595,0.013225309009345,-0.0477515581930333,-2.11461967835905,-0.704870509286231,-0.63553840558585,0.52007296096032,1.27239099315182,1.15009321808189,0,2.08873999309166,298.821231637525,0.700954313247809,0.524070257517263,3.74698422064807,0.193925785135695,16.1628216661286,0.260538271504906,-0.761306401785459,0.725236759971706,0.485368840642962,1.79767954507939,"protein-coding-exon3"
1.43329286388776,1.32303956666563,-0.62631284808541,-0.636312037242071,-3.58443660750419,3.22946964515475,5.73317145555106,50.7051386729335,269.93724215829,-0.674490759476595,0.864053521943874,0.126342664385734,0.394972066360168,-1.09264828253611,5.24421690802775,-0.00734402546134958,1.9950596640196,1.08091467864839,0,0.405975572631575,97.1656174832159,0.254926825799564,2.81956653240881,5.3848794615535,33.1155619959983,9.50484308464146,-1.11092358694105,-0.989197462846232,0.742957585541434,1.68778821989398,1.28328491615061,"protein-coding-exon3"
1.43329286388776,-0.207535618300491,0.0963558227823708,0.839931889159534,-0.69376192403307,3.2388375723697,6.08381731395446,26.9914635502827,1.55032204417008,-0.674490759476595,-0.00146947877881611,-0.110425478321389,-0.862862052663752,-1.35532756940976,-0.641688777252809,1.17369122702045,1.29709761437807,3.19950744879923,0,0.671547652979906,229.340423561698,0.604196463600134,0.387305359077435,0,0.163038020278215,0,-1.11857818282569,-0.823537083440484,1.17617688320833,1.29824548837309,2.39143468268429,"protein-coding-exon3"
-0.337245379738298,-0.0259419522875614,0.192711645564741,0.521775870538498,0.809388911371914,3.24524720677993,6.08009495876971,24.5538302791918,32.4661596912242,0,-0.390881355165086,0.105451357676282,0.0121529866572359,-1.06300278649831,-0.694991998366461,1.22471287759404,1.55034048194712,1.30574493180725,0,0.444928452734818,167.452779231102,0.557532582676432,1.91809492228756,9.92611043959934,19.0625566886963,0,-1.25410481733048,-0.288867790151152,-0.290413812506959,-0.0827863335275012,1.43314225650616,"protein-coding-exon3"
1.01173613921489,0.103767809150246,0.867202405041337,0.903563092883741,-2.27399741766395,3.24228891397521,5.06016963814836,-0.106498540969989,-0.593954549389838,-0.674490759476595,1.8515432613083,-0.2865093491582,-0.692720239462449,0.0260135622021223,0.151709167785009,1.25524856240702,1.51328055010775,1.02903077407327,0,1.10089495367343,203.335517637767,0.657559438653094,0,0,1.42856420332368,0,0.176982314322105,-1.33801031140865,0.635366858868114,1.17500572781836,1.94371652823004,"protein-coding-exon3"
0.505868069607446,1.66028494640393,-0.144533734173556,0.903563092883741,-1.7151336455262,3.23982366997128,2.07037395375763,10.6498540969989,71.5564226620842,-0.674490759476595,0.333571682791257,-0.277555931997006,-0.0668414266147978,-1.11866184473823,-0.678591007254568,0.0666760206359387,0.994441504356519,1.13279858322351,0,1.08496755380899,144.404503438057,0.167028457072476,3.36225168162457,11.7056361374298,20.8368391782733,0,-1.22703172030693,-1.24499355179201,0.742957585541434,0.20341784809611,2.11591438306854,"protein-coding-exon3"
-0.252934034803723,2.10129813529247,-2.52934034803723,-1.03082550033215,-1.00210055693666,3.2274974499516,5.93492310656448,66.2657588257708,84.0093341467491,-0.674490759476595,-0.324754810118361,-1.32411091572765,1.24568113236668,-0.910540235446758,-0.576084812805238,0.999560518055287,2.21741925505584,2.19641862701353,0,2.08198816054044,203.873086752474,-1.33139876570906,0.345179078084372,5.29054510100745,-0.60276700485099,8.95102557237373,1.14887426759014,0.184527174947999,1.37717660593152,-1.60339470015928,1.68863837131252,"protein-coding-exon3"
-0.168622689869149,-0.544780998038788,0.554045980998632,-0.0890836852138897,0.173440481008267,3.22306001074452,5.63341233659978,229.67002018739,66.0698933499238,-0.674490759476595,-0.567218808623019,0.302426535222544,0.631955306176269,-1.14057145282278,-0.658089768364702,-0.0691884503990313,1.340334201524,3.20815476622842,0,1.0924118820065,297.342916572082,0.437486616202476,0.48884367769155,0,29.8924378856674,0,-0.85767732519993,1.3154151471293,0.782596274315813,-0.887487841416584,2.77960508658316,"protein-coding-exon3"
0.421556724672872,0.856084425489525,0.385423291129483,1.38716024118771,-0.404694455685957,3.24771245078387,2.96671708224529,-1.04131906726211,-0.442949155477167,-0.674490759476595,2.35851343999986,0.15618738825638,-1.4522819055397,0.379569865014734,4.04079418519261,0.132772249788086,0.617665530656223,1.79864202527092,0,0.604548699202328,384.630701572564,0.46264848955501,0,0,8.38147361181506,0,-0.859449968457425,0.0718099729014545,0.080561665902077,0.652143174072252,1.04353544422225,"protein-coding-exon3"
-1.43329286388776,0.233477570588052,0.0240889556955927,-0.318156018621035,-1.36825268350966,3.25708037799882,2.46717701645192,5.91658560944382,2.01340525216894,0,1.63846883837996,0.748107745024188,1.27606359900977,4.77119412105242,1.07221479394,-1.87176017350453,1.52563386072087,2.06670886557572,3.56780265747368,2.09220247132306,0,-1.33139876570906,0,0,-0.674490759476595,0,0.715382416439249,2.25243660979382,-1.08608476790499,-1.09203265820021,2.76990333312276,"protein-coding-exon3"
2.02347227842979,-1.89376251699198,-1.27671465186641,1.42533896342224,1.07918521516255,2.92772377907312,5.89546614160613,31.3105710451767,36.623841536953,-0.674490759476595,-0.340919076685338,-0.779942117152877,-1.10592178580847,0.664145648298433,-0.680641131143555,0.812481132618799,2.02594294055241,-0.72464520056588,0,2.02468414581078,209.920739292923,0.764645453224233,0.94227975716178,5.64808317791588,1.76999948188812,17.7267949406393,0.0848048649323995,-0.606187276189467,2.75870149409743,0.565381960149493,2.06540014094965,"protein-coding-exon3"
1.09604748414947,0.933910282352209,0.0481779113911854,1.2598978337393,-1.58023549363088,3.14072086101309,5.44655010632535,12.5076619783642,26.7480887750644,-0.674490759476595,-0.0881687267289667,-0.608832366961174,-1.29429307899563,0.0935124625128703,0.084055079448451,0.277140329251988,2.14329939137709,2.72390499019394,0,1.5887581364776,403.983189702001,0.726507046052722,1.20643260112868,2.53315851034218,0.439374290592147,6.98272641677226,0.548512226154214,-0.888010312182187,-0.366390042184815,2.20348839329009,1.52188304289826,"protein-coding-exon3"
1.43329286388776,-1.1414459006527,0.554045980998632,1.33625527820835,-0.69376192403307,3.21911562033822,5.99224737640962,44.8477189195841,365.704862977706,-0.674490759476595,0.540768190604329,-1.06247216979499,-0.589419852875944,-0.651269983942342,-0.438726512243135,0.126394543466388,1.82828997074242,2.25694984901784,0,0.117378012044438,209.450366317555,0.398583072042368,4.43532072996789,11.3781892282573,13.5725872756755,4.40027276523529,-0.806270670732595,-0.324285287112008,2.03222273398272,0.422985730519214,1.81694979933624,"protein-coding-exon3"
1.68622689869149,1.03767809150245,-0.144533734173556,0.814479407669851,-1.44533734173556,2.82566267731021,3.91145082813469,3.65644990663628,-0.281876735303652,-0.674490759476595,8.22320324625496,-0.266612866577769,-1.07553931916538,-0.142733688574748,-0.211162760565621,0.177222930212046,0.296479454714987,0.18159366601293,0,0.590871910188301,0,0.315929326512655,0.438433554870806,0,3.07505393225919,0,-0.879029618983385,-1.204770088174,0.274792531638608,2.60175189353659,1.68147551361637,"protein-coding-exon3"
1.43329286388776,1.40086542352831,-1.27671465186641,0.954468055863106,-1.27189686072729,2.75811499160239,5.05644728296361,3.70378259151183,58.2478139452475,-0.674490759476595,13.8072226057562,-0.549142919219882,-1.78648903861368,-0.115894090879313,7.05242617811394,0.826009600573917,0.697962049641532,0,0,1.97949880489101,259.780274681959,0.272100953252574,4.4755648196873,0,0.309495891423809,0,-0.841481811801914,-0.822190098989078,0.234346877631193,2.17603566450187,1.87783782028436,"protein-coding-exon3"
1.26467017401862,0.285361475163175,-1.51760420882234,1.46351768565676,-0.539592607581276,3.09683951774305,3.550382375214,10.1173613921489,17.7783683766518,-0.674490759476595,-0.358552822031131,0.434738144382407,-0.206600773173011,0.917961443212082,53.2150657864255,0.913171586970463,1.03150143619589,-0.183323129498767,0,0.16169773340635,238.815079208402,0.778358697889816,0.502754091307535,3.35729768981253,2.61345066247257,9.76158826195951,-1.13396794928848,-1.55062004767527,0.98887924650902,1.12873963830777,0.978028590464985,"protein-coding-exon3"
1.34898151895319,0.700432711764157,-0.120444778477964,-0.139988648193255,-2.235455088551,3.1441722026186,6.02202621788761,41.072937300759,171.642797747402,0,-0.509909136249191,-0.867486640506771,-1.95663085181499,-0.279881803813759,-0.588385556139158,0.780979128666167,2.55713529691676,1.21927175751538,0,1.47293823963729,197.287865097318,0.491695268979673,7.33825573451909,7.32490571132085,41.0625219384372,12.7479065362484,-0.335392161787281,-1.21752551539514,0.434627113799774,1.80316880889157,0.585866628689577,"protein-coding-exon3"
1.43329286388776,0.830142473201963,0.698579715172188,1.01809925958731,-3.46880962016535,3.21763647393586,4.90531966246279,11.5728414520721,12.7247211937077,-0.674490759476595,13.3120082572952,-1.41265026321057,-1.11199827913709,-0.528492263952084,27.6561712624294,-0.194036883241977,1.97652969809991,1.45274932810344,0,1.28129006952933,225.510243619414,0.569897954442599,0.376237234302965,8.07541230826272,0.304929155636576,2.67387066137509,0.464956268971412,-1.63006992726791,0.958891421592082,1.43545469324507,1.17326083329911,"protein-coding-exon3"
1.43329286388776,-1.03767809150245,1.3248925632576,0.954468055863106,0.578134936694224,3.19397013149809,5.94534570108178,2.78079523643859,3.25164948225284,-0.674490759476595,5.53552655980029,-0.419815782447084,-1.97486033180084,0.105876771563577,-0.485879361689827,0.868141115062713,2.5015453991577,1.45274932810344,0,0.504309954403317,278.595193696689,0.49749183310071,0.654787541381214,3.28693635347313,1.61023144487155,0,-0.166346454777139,-0.788562475533593,1.78508636831905,0.602597364571137,1.265098955209,"protein-coding-exon3"
-0.0843113449345744,1.58245908954124,-3.99876664546839,0.53450211128334,0.0385423291129483,3.12346415298555,5.95800170870992,41.8420934299867,172.870974951225,-0.674490759476595,-0.822908116137023,-0.110425478321389,0.285595186445045,-1.44308400681843,-0.688841626699501,1.05096869628474,0.765905258013716,2.78443621219825,0,0.467780809062053,232.969015085968,0.713066218581221,0.232732650957096,9.85740889812434,-0.674490759476595,11.8931948342228,0.261263443746609,-0.741608735043106,-0.858245582008555,0.851143101244276,0.838052516590625,"protein-coding-exon3"
-0.590179414542021,0.155651713725368,-0.843113449345744,0.852658129904375,0.655219594920121,-0.95651467352675,3.25110501836015,-1.053152238481,1.00670262608447,13.4898151895319,1.2402400893208,-1.40568649430742,-0.44966050631773,-2.94510499050104,-0.709342865589368,1.04033918574857,2.06300287239178,NA,0,0.122571729391537,0,-1.29132430138343,0,0,-0.674490759476595,0,0.431356621772542,-0.00690840654977822,-0.685402061673322,-0.142780132034796,1.31279271098953,"protein-coding-exon3"
0,-0.259419522875613,0.891291360736929,0,0.635948430363647,3.26250391480748,4.52712837569225,18.6609110121858,16.8824030394366,0,-0.46876373044234,0.267607690706791,0.92970347927855,-0.934547711450833,-0.672440635587609,0.880123472394389,1.20444778477963,NA,0,1.11803422091885,104.154015974402,0.793171086712391,0,0,-0.545008360766201,0,-0.500650858201866,-0.271895143494804,0.403632986033275,-0.344657366106176,2.21683883431177,"protein-coding-exon3"
-0.252934034803723,1.19332980522782,-0.867202405041337,0.101809925958731,-0.635948430363647,3.26349001240905,2.46866595852582,12.4839956359265,18.2313845583898,-0.674490759476595,-0.711227728946998,-0.256664625287554,0.516501932932528,-2.00317540630837,-0.584285308361184,0.439095417057543,0.654725462495596,0.484249776034479,0,0.343650964466387,0,0.815255830194379,0.378881503021109,5.04201096320397,0.50605513377726,8.5116660222075,-0.0961658967190678,0.0688681777930879,-0.763312587885028,0.507039060509316,2.48375151530634,"protein-coding-exon3"
-0.252934034803723,-0.752316616339279,0.0240889556955927,0.585407074262705,1.32971035439672,3.12740854339184,4.4757598741427,9.02870964001127,17.9293737705644,1.34898151895319,-0.789110104224252,-0.571029050058356,0.48004297296082,0.0994651627345254,-0.198862017231701,0.431171600112402,1.340334201524,2.89685133877768,0,0.81368238437885,292.840775236414,0.656116811947041,0,0,-0.645071880038698,0,-0.441347883769329,0.83420460434475,0.394869940421864,-0.634814832448569,1.67300981471383,"protein-coding-exon3"
-0.252934034803723,-0.648548807189034,0.313156424042705,1.89620987098137,0.713033088589544,3.04506939366042,5.10483790036536,100.179627539103,110.23393755625,-0.674490759476595,2.91397641839235,1.94786564462415,0.638031799504887,0.567735505721717,1.14191900616554,1.91021967526266,1.84681993666211,0.890673695206273,0,0.200823737421163,134.123494119294,0.806320546228482,0,1.82696145332426,-0.561394708033118,3.42045022994731,-0.816020208648814,-0.00294623220505457,-0.630406396112111,0.365349161383151,2.84841352975679,"protein-coding-exon3"
-1.18035882908404,-0.311303427450736,0.867202405041337,0.369060981600401,0.520321443024802,2.03086801044159,1.28570148081245,1.41998054626652,1.74159554312613,0,-0.612772650766319,0.216871660126693,0.425354533003258,-0.201028193388576,13.2212489600747,0.177609457867906,1.86534990258179,0.475602458605291,0.695025796689161,0.573905766854444,0,0.59662800329498,0.293341810233071,0,3.67594806079933,0,-0.679929551289362,0.395483845083358,-0.645940886059598,-1.09203265820021,1.78181226885468,"protein-coding-exon3"
0.927424794280318,0.933910282352209,0.650401803781003,1.45079144491192,-2.67869187334991,3.06922878489898,2.21629027699981,558.099687367616,-0.432882129216322,-0.674490759476595,-0.432026760971937,-0.654594276896165,-1.10592178580847,0.204397893734315,-0.467428246688947,-1.46378023274376,1.08709133395495,2.40395424531402,0,2.35812079949453,306.61598380077,0.480000280395465,1.42603491774368,0,0.175597898003837,0,-0.0604713074886136,-0.314825955625567,0.7583276893519,0.851143101244276,2.03915581884561,"protein-coding-exon3"
0.337245379738298,-0.311303427450736,-0.0963558227823708,1.06900422256668,0.982829392380181,3.1934770826973,4.53457308606175,12.3538307525187,1.00670262608447,-0.674490759476595,0.95222224867284,0.752087041540275,0.243059733144719,0.07404162588477,-0.641688777252809,0.970570943865748,1.2106244400862,3.13897622679492,0,0.0552265277908198,276.98248635257,0.549696442867528,0.819177247132907,0,9.01646928457897,0,0.180849899611184,-0.658272452671635,0.105689435245623,0.552192984406663,1.71873129907445,"protein-coding-exon3"
-0.421556724672872,0.207535618300491,-0.674490759476595,1.60350633385002,0.828660075928388,-0.959966015132259,3.13645647866986,2.42580009987197,1.35904854521404,13.4898151895319,1.22995373786909,-1.06844111456912,-0.534731412918382,-1.58872848713152,3.46675949627636,0.936749773977954,1.88387986850148,NA,0,-0.0799832471453252,0,-1.23401790978274,0,0,-0.674490759476595,0,-1.27561826050098,-0.208979298130766,-0.37375995682646,-0.142780132034796,0.711070649875288,"protein-coding-exon3"
-0.674490759476595,1.34898151895319,-0.770846582258966,0.381787222345243,-0.423965620242431,3.22256696194373,5.98182478189232,82.8321985322134,186.03864530041,1.34898151895319,-0.459946857769443,-0.582966939606615,1.02085087920782,-1.90384136031882,-0.639638653363823,0.0633905355611243,1.37121747805681,0.484249776034479,0,0.251722167422734,176.860238738468,0.603040467159159,0,2.24630943154252,0.210085420786129,0,-0.269320913098856,-1.18749228221081,-1.42059411810749,0.427177481001846,-1.14225192906028,"protein-coding-exon3"
-1.26467017401862,0.856084425489525,-2.07165018982097,-0.44541842606945,-0.346880962016535,3.10571439615722,3.80648041192476,34.9078550957185,63.2209249181047,-0.674490759476595,-0.439374154866017,1.08634794889151,0.89932101263546,-0.303522152931917,13.77683253399,0.483159569825642,0.988264849049956,1.08091467864839,0,2.38322376667218,0,-1.33139876570906,0,3.69419307525196,-0.674490759476595,0,-0.715301841745726,0.150257842457658,-1.26540264569385,-0.642223454625098,0.168384591029994,"protein-coding-exon3"
1.01173613921489,1.84187861241686,-1.78258272147386,0.674490759476595,-2.46670906322869,3.1214919577824,3.47295738737121,46.1493677536618,199.900940461593,-0.674490759476595,0.327693767675993,-0.575008346574443,-0.546884399575618,0.600095118380405,-0.0328019822237858,1.34086443818012,1.34651085683057,3.4243377019581,0,0.966204550471991,272.614737295579,0.0122528516207854,4.30033701253677,8.6573073816002,19.4799552562008,10.309892638843,-0.295749412574226,-1.37484245112263,0.616592638106323,1.16413785444338,0.0953597912426956,"protein-coding-exon3"
1.01173613921489,0.259419522875614,-0.409512246825075,1.1071829448012,-0.925015898710759,3.2541220851941,5.73466039762496,14.6731323114207,28.4494162131471,-0.674490759476595,-0.511378615028007,-1.31018337792135,-0.619802319519033,-0.0307468766955524,-0.678591007254568,0.80571689864124,1.08091467864839,1.28845029694888,0,2.04632463475702,112.486337252354,0.667172212336447,0.253948807003505,0,16.9614790195643,0,-1.30333595507271,-1.20271320651172,1.20266341769107,0.586164588592749,1.38644700405219,"protein-coding-exon3"
1.01173613921489,1.58245908954124,-1.6380489873003,1.28535031522898,-1.77294713919562,3.24475415797915,5.95725723767297,5.96391829431937,21.4226318830775,-0.674490759476595,3.17113520468517,-1.88320207623775,-2.64327459794882,0.0530498350150134,21.749764338259,1.15417158039949,1.59975372439962,1.32303956666563,0,1.51621921752978,399.279459948319,0.681861421210394,0.1398952165517,0,4.35311696974783,0,1.3197731925513,-1.16735751620647,1.30039615365989,0.499229381029912,0.124424302674154,"protein-coding-exon3"
1.43329286388776,0.856084425489525,0.602223892389817,1.57805385236034,-1.83076063286504,3.26398306120984,5.74806087629006,0.958486868729898,4.5704299224235,-0.674490759476595,3.7030865226166,0.0169120101933663,-0.552960892904236,0.469633957134883,-0.407974653908336,0.542878092656091,1.24150771661901,1.06362004379002,0,0.667219555190657,215.027645882635,0.579806833771694,0.315408052667689,1.77247828403725,10.1299700250609,0,1.30333595507271,-1.15197679217536,1.37717660593152,1.02159711523063,1.6489437110637,"protein-coding-exon3"
0.75880210441117,0.856084425489525,0.36133433543389,0.53450211128334,-0.963558227823707,3.26398306120984,3.31587399857479,955.410244212988,1.22817720382305,-0.674490759476595,-0.91842423676007,-0.360126334705793,-2.68581005124914,-0.86154190785133,52.4216678413877,1.03724696450169,1.14268123171401,-0.184187861241685,0,1.2601689523178,474.740724425256,0.349472174062258,3.86932321168257,0,-0.32873658398882,0,-1.11390485060138,-1.05562310844691,0.381587835414457,0.929567235033515,2.05613136170786,"protein-coding-exon3"
1.01173613921489,0.466955141176104,-0.554045980998632,0.35633474085556,-2.29326858222042,3.13332512900129,2.00709391561689,6.12958269138379,1.36911557147488,-0.674490759476595,0.902259970193093,-0.357141862318728,-0.534731412918382,-0.359469668010776,-0.0820049555594645,0.260326376222056,1.40210075458963,1.22791907494457,0,1.4158073488192,124.716034611929,0.214156631648701,0,0,1.28806800801895,0,1.29737342775205,-0.659392386901136,1.4567986677305,0.276638963669378,2.22759689585869,"protein-coding-exon3"
1.43329286388776,-0.544780998038788,-0.0722668670867781,1.43806520416708,-3.58443660750419,3.25905257320197,4.90308624935194,624.992604267988,6744.84719260839,-0.674490759476595,-0.822908116137023,-0.384002113802309,-2.14500214500214,0.41078876199218,-0.596586051695104,0.494948663329388,1.20444778477963,2.94873524335281,0,2.76201888518727,167.587171509779,0.314898878865474,4.28204515366579,14.5099374476606,2.72328526281201,8.498597035938,-0.0726380862105066,-1.19740358175558,1.39100405550398,0.998011036551126,1.1462337890586,"protein-coding-exon3"
0.843113449345744,0.752316616339279,-1.01173613921489,-0.509049629793657,-0.0578134936694225,3.19544927790045,2.18130013826316,10.3658579877456,2.95970572068834,-0.674490759476595,-0.603955778093422,-0.638677090831821,-1.09376879915124,-0.0816332854185542,8.93649003209264,0.756627886346955,2.12476942545741,2.85361475163175,0,1.0053305544868,0,0.418786952462606,0.444928214876717,0,11.4549734725096,0,-0.0057610905868566,-0.882548936734052,0.950718988772666,0.48260976755652,1.37502896769273,"protein-coding-exon3"
1.43329286388776,-0.596664902613911,-0.0240889556955927,1.36170775969803,0.404694455685957,3.26053171960433,6.07711707462191,43.3330730035665,12.4529114846649,0,-0.677429717034227,-1.27735418166364,-3.5486721039129,0.816542640977498,11.2551801505365,0.438322361745823,1.92093980034085,-0.300061914792793,0,0.607664929610588,431.869587527405,0.526666530164333,0.453050040239821,0,2.18168285810492,0,1.23202735130533,-1.02595408559797,1.78762883485333,0.584739972933328,-0.465045013133781,"protein-coding-exon3"
1.43329286388776,0.518839045751227,0.216800601260334,1.61623257459486,-1.27189686072729,3.22897659635396,5.16737346746915,18.3769149029325,27.7145232961055,-0.674490759476595,2.6817987713394,-0.0288498997416242,-1.82294799858539,0.394949859199759,-0.580185060583211,-0.152871687892832,0.636195496575909,0.0864731742918712,0,0.436272257156319,271.539599066165,0.73343828700824,4.04704127189973,5.75411667507901,16.881574686395,11.3593432186256,-1.00931889840922,-0.822190098989078,0.850548312214754,1.557752468315,-1.18111947260097,"protein-coding-exon3"
0.927424794280318,1.89376251699198,1.95120541134301,1.66713753757423,-0.925015898710759,3.21270598592799,2.66073948605889,35.8900083068862,178.961525839036,-0.674490759476595,2.78907072219298,-0.428769199608278,0.44966050631773,0.249003810373236,-0.440776636132121,1.12808096362891,0.253242867569051,0.147004396296181,0,1.29063876075411,0,0.309071519757281,4.0221087381844,11.5766663164122,3.79790374218733,10.9059043067808,0.750029534653911,-1.31143409437533,0.297224575037675,1.26753790683952,0.912029579254559,"protein-coding-exon3"
-0.337245379738298,-0.181593666012929,1.10809196199726,0.190893611172621,-2.04274344298626,3.26102476840512,3.535492954475,21.2997081939977,13.3086087168367,-0.674490759476595,0.589260990305261,0.772978348249726,0.522578426261146,0.07404162588477,-0.592485803917131,1.4403953095642,2.31624573996084,3.19086013137005,0,1.22814102867735,0,0.78310823244751,0,2.55668032817792,-0.674490759476595,0,0.937123973013086,0.114482165682026,-0.639169441723508,0.25324286756905,0.536486136717657,"protein-coding-exon3"
0.927424794280318,0.830142473201963,0.168622689869149,0.738121963200802,-1.96565878476036,3.26003867080354,4.09086834803961,12.7324922315231,28.9225664474068,-0.674490759476595,-0.358552822031131,-1.34699187069515,-3.89503222364412,-0.69367313926576,-0.557633697804358,0.59525259002519,1.1117979551812,3.25139135337436,0,1.21775359398315,281.148646991546,0.669079132695023,0,3.82671883219263,44.585084151543,15.0368900608159,1.23484746557861,-0.555533448068637,0.857940041528186,0.806642893012718,-0.00170031776337795,"protein-coding-exon3"
1.93916093349521,0.38912928431342,0.168622689869149,1.97256731545042,-1.52242199996146,2.94498048710066,3.14315671800241,74.2294830560821,2.4764884601678,17.5367597463915,7.2695115188033,-1.04854463198869,-2.21792006494556,2.90299029201655,1.36948275784306,0.704253388977856,1.10562129987464,NA,0,2.57366006939914,NA,0.595031401653142,0.747329945804821,0,10.5413825391314,0,-1.22308356032433,-0.960471698846984,1.31888441655744,1.94338568498431,2.08421032663016,"protein-coding-exon3"
1.09604748414947,1.1414459006527,1.6621379429959,0.865384370649217,-2.29326858222042,3.24327501157679,3.45285666937356,27.1097952624716,129.019008558986,0,5.88085407282208,-0.92518643999002,-0.431431026331876,1.48286482724244,25.4994409312155,0.863889310848247,1.08091467864839,-0.899926324855503,0,1.01000490009919,231.490700020525,0.154937871345557,0.916724160128977,7.77009599728236,7.29990751838621,12.0369536831873,1.02760935383882,-0.593876234475502,1.06572976556139,0.851143101244276,1.47346534056818,"protein-coding-exon3"
0.168622689869149,-0.0518839045751228,1.01173613921489,1.50169640789129,-1.13699870883197,3.22306001074452,5.91184450441903,75.5547982325975,133.166623378454,-0.674490759476595,0.279200967975061,1.28232830230875,0.577266866218708,-0.76085735938858,-0.684741378921528,-0.449338399937846,2.14947604668365,0.475602458605291,0,0.0966031426560421,153.811962945423,0.820659166017871,0,3.67043491122195,-0.550964348501993,14.9195107959012,1.02462809017849,-0.0548887095735704,-0.42285426101467,0.877761947264055,1.86026719377522,"protein-coding-exon3"
1.18035882908404,2.23100789673028,-4.69734636064057,0.407239703834925,-1.61877782274383,3.22355305954531,5.36242487915002,31.3579037300522,5.65766875859472,-0.674490759476595,2.54219828735187,-1.56286870669282,1.03908035919367,-1.80083604547009,-0.676540883365582,-1.3145805575816,0.395305939619982,0.821495155772776,0,-0.10560558605768,195.070392499153,0.138976592617505,0,0,2.56936784815631,0,-1.29664825551035,-0.790244949221746,2.83499949307819,-0.852134416293482,2.22270397170903,"protein-coding-exon3"
-0.843113449345744,1.1414459006527,-0.168622689869149,-0.71266948171112,-1.88857412653447,2.99182012317542,5.06612540644396,29.2279329106525,57.8854009998571,-0.674490759476595,0.213074422928336,1.03362227005337,0.328130639745371,-0.396352808370942,-0.47767886613388,0.577665581683537,2.02594294055241,2.76714157733988,0,1.14019408159981,223.427163299926,-1.33139876570906,0,1.17185814630713,13.5346665751884,0,-0.12331956843614,0.801375159774162,-1.42784354674965,0.16531636261681,2.54772829572732,"protein-coding-exon3"
1.09604748414947,1.21927175751538,0.602223892389817,0.967194296607948,-2.29326858222042,3.18903964349022,4.5100055418424,66.561588106243,145.62960188938,-0.674490759476595,-0.523134445258536,-0.0298447238706461,-1.05730983917953,-0.324238598637236,1.78565790730734,0.184566955673395,1.77887672828992,1.95429373899629,0,1.03216476078015,222.150436652498,0.794542648063466,0,2.14890794197519,5.69863822478157,11.0874424101715,-0.0201033860338562,-0.723192217357177,-0.0469157980846443,1.9412173077619,0.918805329269925,"protein-coding-exon3"
-1.01173613921489,0.596664902613911,1.03582509491049,-0.661764518731754,-0.46250794935538,-0.155803421048687,0.510707131347621,5.51425778800164,-0.845630205910955,-0.674490759476595,-0.121966738641737,1.08734277302053,1.35505801228181,-0.435478045070101,31.8896770931867,0.620376887656124,1.439160686429,0.18159366601293,0,0.390567544501848,0,-1.33139876570906,0.15828008487456,0,1.05313572539401,0,0.995540625816876,1.31094523419579,-0.665077576574609,-0.86673691797477,0.806700867230469,"protein-coding-exon3"
1.18035882908404,0.129709761437807,-0.481779113911854,1.45079144491192,-2.33181091133337,3.26349001240905,4.44374761955386,63.5322962742077,115.770801999714,-0.674490759476595,-0.862584043165058,0.00497412064510753,-1.08769230582262,1.76036030629774,-0.315719078903938,1.64177621826753,0.926498295984334,2.0148249610006,0,1.01087051965704,400.287402038393,0.820642584101709,0,5.42307085794812,-0.134277877580208,14.7759715937647,1.26087309158637,-0.761306401785459,0.692748579760548,1.29735383119079,2.20243344142979,"protein-coding-exon3"
-0.674490759476595,1.478691280391,0.554045980998632,-0.038178722234524,-1.56096432907441,3.2654622076122,5.60214455304788,36.4461673541739,21.5434361982077,-0.674490759476595,1.1491324050342,0.192995881030176,-0.224830253158865,-0.85520896906926,-0.145558796118049,0.426340004414146,1.44533734173556,2.17912399215515,0,2.33422969969788,203.335517637767,0.658341157557851,0.580940036786755,6.79318048922469,37.315821299238,0,0.803934004620443,0.306855678267954,-0.877712854221217,-0.0220561324301497,0.0572147878637728,"protein-coding-exon3"
-0.0843113449345744,0.415071236600982,1.68622689869149,0.0890836852138897,-1.25262569617082,3.25708037799882,4.8204499642505,118.473710243503,598.414242023392,-0.674490759476595,0.186623804909646,-0.372064224254051,-0.583343359547325,-1.38897212616915,-0.606836671140037,-0.604142726109982,2.08770949361803,NA,0,0.861291460060591,280.678274016178,-0.625598979674333,1.55598812395988,15.8964838824487,22.2990884752708,15.3367079811163,-0.684200010046053,-0.0539387126771057,0.0254738638797114,-0.0572053306853912,2.32412099794527,"protein-coding-exon3"
-0.674490759476595,0.544780998038789,-0.240889556955927,1.57805385236034,0.0963558227823708,3.15058183702883,6.08381731395446,50.0306479134569,78.6637432022405,-0.674490759476595,-0.490805912124581,-0.259649097674619,0.917550492621314,-1.90384136031882,114.286206315448,0.0204859657606073,2.68684505835457,1.05497272636083,0,0.117378012044438,0,0.572003857795113,0.473776146485969,12.9485485441459,-0.674490759476595,10.1903827996961,-1.02406406732383,-0.0611438839438059,-1.61425742611946,0.674490759476595,2.06244219910114,"protein-coding-exon3"
-0.252934034803723,0.155651713725368,0.62631284808541,-0.26725105564167,-0.944287063267233,3.22256696194373,3.8712493921394,12.2828317252054,9.52340684275909,0,0.675960238255411,0.329286786706126,-0.0668414266147978,-0.848102441491866,-0.539182582803479,1.05657334729471,1.439160686429,0.527486363180414,0,1.54651590205452,244.997124027528,0.605890187893776,1.86794982639961,1.39786956609618,12.5276823737533,5.11484979095933,0.369555831840808,-0.1753008162006,-0.214599881851108,-0.023285990505751,2.00179556817663,"protein-coding-exon3"
-0.168622689869149,-3.13897622679492,0.867202405041337,1.2598978337393,0.192711645564741,3.24919159718623,4.8398062112112,18.223083677087,0.704691838259129,-0.674490759476595,-0.868461958280322,1.54695152062847,0.322054146416753,0.246368363799332,-0.676540883365582,0.448372080798195,2.31624573996084,1.78134739041255,0,0.660813970462568,94.2761834916679,0.516092005343611,0,0,4.67236863852732,0,1.22235838808263,-0.00294623220505457,0.167030754525433,-0.368104434093443,1.21996462676765,"protein-coding-exon3"
0.421556724672872,-0.155651713725368,0.457690158216261,-0.470870907559133,-2.81359002524523,3.21418513233035,5.01177902074662,0.85198832775991,1.73152851686529,-0.674490759476595,1.24905696199369,0.264623218319726,-0.024305973314472,-1.32396444401284,-0.674490759476595,1.00400558609768,1.62446034562587,1.72946348583742,0,2.14604400782132,124.917623029943,0.522267584691197,0,0,-0.163697569604544,0,0.112280835423562,-0.571250536190372,1.00757261600824,-0.21672826205405,1.55149470368517,"protein-coding-exon3"
0.75880210441117,-0.0778258568626838,-1.49351525312675,0.0509049629793657,-0.211982810121216,3.2654622076122,5.75699452873346,26.4708040166516,48.3217260520546,-0.674490759476595,-0.248341913619923,-0.645640859734971,-1.45835839886831,-1.09708002851611,-0.672440635587609,0.645887712942918,1.24150771661901,NA,0,1.10730053840152,227.727716217579,0.691559473319721,0.160351295356888,0,6.5089765079764,11.0105879850337,-0.4717245432273,0.610804237632744,1.02767938661594,0.282408732626371,0.776373447568942,"protein-coding-exon3"
-0.0843113449345744,0.596664902613911,-0.168622689869149,0.114536166703573,-1.09845637971903,3.2654622076122,4.70133459833852,13.9158093534119,18.926009370388,-0.674490759476595,-0.357083343252315,-0.301431711093523,-2.58250966466264,-1.45042654453677,0.0820049555594645,-1.11165353825484,0.765905258013716,NA,0,0.891588144585335,279.334351229411,0.577331390573295,0,2.07808465625605,-0.674490759476595,13.2501509732879,0.901187659702064,-0.393616622594957,-0.577243919402941,0.538710920313987,2.6729193249957,"protein-coding-exon3"
-0.0843113449345744,1.19332980522782,-0.120444778477964,1.2598978337393,-2.58233605056754,2.64619291382375,5.78081760191585,56.2075632897163,41.4358800896368,-0.674490759476595,1.31077507070397,2.9854672111936,0.559037386232854,-1.16763394898467,-0.684741378921528,0.217615070249469,2.08770949361803,NA,0,-0.176413265889797,88.6989039265871,0.346830911702243,0.940204546272919,10.6649608719594,0.114708087507398,16.4996281122742,-0.978458790790113,0.16940835179049,-0.829765683771493,0.765414758915834,2.22292646160273,"protein-coding-exon3"
0,0.830142473201963,0.578134936694224,-0.127262407448414,-0.192711645564742,3.2654622076122,6.08381731395446,18.424247587808,24.634013260287,-0.674490759476595,2.18805390165719,0.405888244640783,-1.85333046522848,-1.81827457255115,-0.688841626699501,1.02932314755655,1.46386730765525,NA,0,1.41701921620019,478.436512088864,0.825555568975853,0,4.52225882445008,-0.674490759476595,0,-1.09198853396327,-0.0400687579887036,-0.0333508884552779,0.173522836412351,0.855805271764825,"protein-coding-exon3"
0.590179414542021,1.34898151895319,-4.21556724672872,0.0127262407448417,-3.33391146827003,2.7462818203835,1.71079444291083,22.8735199661098,49.9928524113548,0,1.77072192847341,-0.943093274312408,1.09984529247985,-1.16763394898467,-0.338270441682791,-0.0744065737531481,1.53181051602743,1.03767809150245,0,0.257781504327682,0,0.67392578990452,0.541614040366613,8.73234729828556,-0.27531579717761,9.7030084529162,0.465359142439025,-2.58826499213826,-0.829765683771493,1.9656115515139,3.05798916043737,"protein-coding-exon3"
-0.168622689869149,1.73811080326661,-0.168622689869149,0.738121963200802,-0.674490759476595,3.26250391480748,4.78471535447691,15.9747811454983,28.1876735303652,-0.674490759476595,-0.0764128964984378,0.979901767086204,0.236983239816101,-0.931754924782965,-0.666290263920649,-0.539979135237136,0.883261708838398,0.0605312220043099,0,1.05242025843384,106.573076990581,0.772287347729531,0.347751339484926,0,-0.552616472163573,9.89076256154096,1.02946257178984,-0.374428927807106,-0.785248561284452,0.66248526052151,0.999831668951444,"protein-coding-exon3"
0.337245379738298,1.6084010418288,-0.120444778477964,0.661764518731754,0.982829392380181,3.17178293546267,5.98182478189232,246.224626722614,598.313571760783,0.674490759476595,-0.533420796710249,-0.350178093415578,-0.0364589599717079,-1.90384136031882,-0.666290263920649,0.728218103641207,1.35886416744369,NA,0,-0.226965448068228,192.516939204297,0.838053596071313,0,10.5515146987028,1.15151285694341,14.8006379325557,1.08103037564422,0.284786213804037,0.114307637127908,0.562075632897154,1.94931157361549,"protein-coding-exon3"
0.75880210441117,0.674490759476595,-0.746757626563373,1.51442264863613,-2.54379372145459,3.14565134902096,6.00564785507472,110.770315780007,1.30871341390981,-0.674490759476595,8.31871936687801,-0.0447670858059686,-0.692720239462449,-1.80452042600376,-0.315719078903938,0.283324771745756,0.951204917210583,3.19086013137005,0,0.130016057589046,194.532823384447,0.482726821181453,0.274726918534579,9.42854798558613,0.000814617905106984,7.39076432925729,1.24685309491346,-1.41834296744121,0.160989563990299,1.189726756299,0.72277842588637,"protein-coding-exon3"
1.18035882908404,0.0778258568626841,0.385423291129483,1.28535031522898,-1.7151336455262,3.2654622076122,6.05478294351341,9.52570283120455,25.2783029409811,-0.674490759476595,1.03304358150773,-1.32212126746961,-1.50697034549726,0.0296454960378016,-0.24806499056738,-0.67796950837934,1.35268751213713,1.16738785294026,0,1.35053963415732,309.707006210333,0.79869286479418,0.382072827332606,1.83761314658031,0.0805510165436375,8.86933891701863,0.0459678626545691,-0.447861553681925,1.70626990575604,0.286266426987156,-0.192145074123437,"protein-coding-exon3"
1.09604748414947,0.0778258568626841,-0.62631284808541,0.839931889159534,-0.79011774681544,3.21467818113114,5.73912722384666,4450.81069056021,0.402681050433788,-0.674490759476595,1.22848425909027,-1.21567508566431,0.109376879915124,-0.348613201527229,22.3791523721778,0.394644736633584,1.4885739288815,1.16738785294026,0,0.566115190833795,0,0.63117997888527,0.442528971058703,0,2.00378060039112,0,-0.513301085084894,-1.65426729410524,0.592330568198789,1.23977825313316,1.86817795672763,"protein-coding-exon3"
1.18035882908404,0.415071236600982,-1.15626987338845,0.229072333407146,-0.269796303790638,3.24919159718623,5.22767562146209,19.2525695731302,39.9862283080752,-0.674490759476595,1.41804702155755,-1.53501363108022,-0.340283626402606,-0.742435456720242,-0.660139892253689,0.521812335411693,1.26621433784526,1.38357078866994,0,0.279075745450789,167.519975370441,0.72062046581538,0.513512184575717,3.21193403731868,11.8030584167666,0,-1.1006906008637,-0.901547054745938,1.7278265450895,0.336284566690608,2.68175051940198,"protein-coding-exon3"
1.01173613921489,1.55651713725368,0.505868069607446,1.81985242651232,-1.1948122025014,3.21418513233035,6.03691563862661,10.0226960223978,19.2380871844742,-0.674490759476595,-0.229238689495313,-0.0547153270961837,-1.46443489219693,-0.3354621920067,-0.672440635587609,0.388653557967746,2.64360847120863,1.61704835925799,0,0.903014322748953,240.629374970537,0.138339373267869,2.07430079637489,4.2854990243255,22.0089951165444,0,0.846074569332695,-1.04916879470434,1.25826053960839,0.464780669541863,1.73922504431168,"protein-coding-exon3"
0.337245379738298,-0.492897093463666,-0.36133433543389,1.32352903746351,-0.69376192403307,3.2654622076122,5.78528442813755,40.126283603248,-0.674490759476595,0,-0.527542881594984,0.558096336381076,-0.243059733144719,-0.368582281786217,-0.62323766225193,0.424020838478983,1.13032792110089,NA,0,0.706345559205469,155.827847125572,0.679769730928876,0,0,-0.290318851463187,0,0.433854437271739,0.0825416414567384,0.339277179063139,0.338144700750929,2.03903177627799,"protein-coding-exon3"
0.0843113449345744,1.11550394836514,-0.867202405041337,-0.216346092662304,-0.597406101250699,3.19939366830674,5.02369055733782,77.7439349080918,78.6234750971971,-0.674490759476595,2.44668216672883,0.289493821545265,0.133682853229595,-1.1533422237829,-0.660139892253689,1.05753966643436,2.3224223952674,2.67202108561882,0,0.588794423249461,173.500431771551,-0.328379976704796,0,8.52393292696188,27.9361360337523,0,-0.797326879751601,-0.500859474858857,-0.512267558980624,0.743188892386248,1.85940896037494,"protein-coding-exon3"
0.75880210441117,1.55651713725368,-2.67387408221079,1.67986377831907,0.751575417702492,3.2654622076122,3.92261789368894,65.3782709843542,2.13420956729908,-0.674490759476595,9.20775402806176,-0.137285729804971,0.41927803967464,0.962554248176505,-0.559683821693345,1.45720926259414,2.11241611484428,1.78134739041255,0,0.311276793002803,110.739237629557,-0.0822166935965986,0.339907542375848,5.40948095177676,20.4044077616472,0,-0.933175813030485,-1.29150193160033,0.689162222204774,0.689211787957234,1.36239035990708,"protein-coding-exon3"
-0.0843113449345744,0.311303427450736,0.602223892389817,1.01809925958731,0.0385423291129483,3.26398306120984,5.78528442813755,56.7992218506606,0.936233442258558,-0.674490759476595,-0.401167706616798,-0.243731911610274,-0.850709066006517,-0.696295474165168,-0.656039644475716,1.44967197330486,1.35268751213713,2.29153911873459,0,-0.170527052896418,207.770462834096,0.149641133554533,0,0,-0.460695204441023,0,-0.0766668208866301,0.648171085111461,-0.0987816290204149,0.0764128964984389,2.26259430539378,"protein-coding-exon3"
-0.843113449345744,0.0259419522875614,0.337245379738298,0.470870907559133,-0.115626987338845,3.25362903639331,5.7815620729528,20.8618808588989,45.8251035393651,-0.674490759476595,-0.315937937445464,0.772978348249726,-0.358513106388461,-0.271765677300093,40.0163681891297,0.0914137906110116,2.38418894833302,0.778258568626841,0,2.1536614599304,158.448496559767,0.829637089196755,0,3.19700662654784,-0.674490759476595,0,0.893694213204475,-0.280481305920959,-0.86759283066071,-0.314762354422418,2.41168714072699,"protein-coding-exon3"
-0.590179414542021,1.01173613921489,-2.72205199360197,0.152714888938097,-0.192711645564742,3.2654622076122,5.66021329392997,39.9369528637458,76.4187963460722,0,0.15135631421806,1.11420302450411,0.109376879915124,-0.603517265424132,-0.664240140031662,1.28481792808035,2.21124259974928,3.38110111481216,0,1.55984644324541,93.4698298196081,0.801452569412491,0,1.74066286338389,0.865021964763328,0,0.596534743493606,0.187925786434643,-0.669948734160258,-0.22483025315887,1.78672056620685,"protein-coding-exon3"
-0.0843113449345744,-1.32303956666563,0.240889556955927,-1.36170775969803,0.0770846582258967,3.2654622076122,5.49568519476405,150.044611055495,138.874627268353,-0.674490759476595,1.0124708786043,-1.79864202527092,-1.25783411902392,-1.06443195901849,-0.688841626699501,1.26607133677111,1.11797461048776,1.98888300871304,0,3.03486216982154,192.852919900989,-1.33139876570906,0,0,17.9954952632038,0,1.08175554788592,0.911423157067101,-0.22232822982341,0.221663629874934,2.01923578558165,"protein-coding-exon3"
-0.337245379738298,1.03767809150245,-0.337245379738297,0.35633474085556,-0.69376192403307,3.22404610834609,5.68180295400152,107.090199530933,0.120804315130137,-0.674490759476595,0.293895755763222,-0.494427592123699,-0.710949719448303,-1.13299290496349,-0.621187538362943,-0.456682425399196,1.42063072050931,2.74119962505232,0,1.65662270981302,137.416104946872,0.658876516565352,0.561162026888868,4.4888802960118,6.23434937780585,0,0.911098347005328,0.403686738419167,-1.2368406364173,0.874414667225646,2.09708206836138,"protein-coding-exon3"
-0.590179414542021,-1.42680737581587,1.03582509491049,-0.979920537352789,-0.0963558227823708,2.85080816615035,4.07597892730062,6.5082441703882,4.35902237094576,-0.674490759476595,0.448191027538914,1.30222478488918,0.911473999292696,-0.0107122380640793,-0.686791502810515,-0.133545305099807,0.815318500466214,2.56825327646857,0,-0.204632463475702,88.4301193692338,-1.33139876570906,0.277329182984129,0.401725146531691,29.8913544370821,0,0.198173458718515,1.03118127176823,-0.231687820793346,-0.634814832448569,2.12632163136751,"protein-coding-exon3"
-0.75880210441117,-0.596664902613911,2.07165018982097,-0.827205648414692,-0.192711645564742,3.26349001240905,4.49437165006645,41.4160992661067,35.3453292018258,-0.674490759476595,-0.919893715538886,1.43752086643611,0.559037386232854,-0.711872143467648,-0.469478370577934,0.872586183105109,1.98888300871304,2.95738256078199,0,1.01121676748018,101.80215109756,-1.33139876570906,0.488902683687908,0,18.2051425644682,0,-0.551090616346933,1.03814509334381,-1.10564671820923,-0.0124905696199455,2.22969651556039,"protein-coding-exon3"
0.337245379738298,0.882026377777086,0.26497851265152,0.738121963200802,0.134898151895319,3.26102476840512,5.58427724816108,155.405037617651,183.723229260416,-0.674490759476595,-0.280670446753877,-0.37803316902818,-0.388895573031551,-1.57119817832898,-0.680641131143555,0.0954723309975468,1.17974116355339,NA,0,1.02212357390909,163.488207010141,0.765979113052653,0.0653912452452177,5.66913947522487,-0.462979926645371,11.1661199039822,0.866621116180925,-0.0163070526698262,-1.02603412976175,1.7097556461151,0.898828455582754,"protein-coding-exon3"
-0.252934034803723,1.71216885097905,0.481779113911854,1.53987513012581,0.211982810121215,3.2654622076122,5.78528442813755,86.3821498978797,122.435173384393,0,1.36073734918372,0.238757790965167,0.905397505964078,-1.84708092142114,-0.690891750588488,-0.756434622519024,1.47622061826837,2.29153911873459,0,0.167930194222869,0,0.699485629244931,0,2.02971425899394,-0.674490759476595,0,-0.375357209774426,0.103749462649336,-0.279154317855102,0.0414865348090682,2.92062984194357,"protein-coding-exon3"
0,0.363187332025859,0.578134936694224,0.330882259365877,0.578134936694224,3.26201086600669,5.29095565960283,15.3831225845539,27.7648584274097,-0.674490759476595,2.25711940426155,-0.730200910701801,0.206600773173011,-0.170910677068882,-0.395673910574416,-0.530315943840623,2.73625830080707,1.11550394836514,0,1.32335918004084,142.321423118569,0.776338072963276,0,0,4.06735740536285,0,-1.23323597170816,-0.761306401785459,-0.415711778632775,0.522297972722904,-0.294396831678794,"protein-coding-exon3"
1.18035882908404,0.856084425489525,0.0963558227823708,0.80175316692501,-2.73650536701933,3.24771245078387,4.11320247914811,31.8312305788077,226.105409818572,-0.674490759476595,-0.602486299314606,-0.177078694965832,-3.34207133073989,0.102153056006418,-0.38132304335151,0.306709694925317,1.439160686429,-0.325139135337436,0,1.8706038645135,499.065726865729,0.428683987565871,1.02446410897048,4.62295304622415,33.4387005365777,8.24027040145792,-1.01133326574728,-0.93282023171273,0.94501821856205,1.07863684869143,2.84009595805638,"protein-coding-exon3"
0.75880210441117,1.71216885097905,0.313156424042705,1.46351768565676,-0.173440481008267,3.25116379238938,2.52375681526011,0.638991245819932,4.8422396314663,0,0.877278830953219,0.168125277804638,-0.577266866218708,0.459891982983585,0.278816848902179,-0.194423410897838,0.938851606597458,NA,0,1.30293055847558,0,0.106101759404695,0,0,14.6844763863867,0,1.04710842967126,-0.1256393258968,0.194062522343647,1.114624560152,2.17374889986513,"protein-coding-exon3"
1.77053824362606,0.882026377777086,-0.674490759476595,1.48897016714645,-3.14119982270529,3.18065781387684,4.53903991228345,-0.887487841416573,-0.674490759476595,7.41939835424255,-0.0293895755763222,-0.238757790965167,-1.33075203896734,1.63298038855902,1.12756813894264,0.713916580374368,NA,-0.945670634055903,0,1.45804958324227,171.55174373074,0.85369744954713,0.438433554870806,0,2.74059335396291,0,1.3180005492938,-1.56826491308264,1.19977722830192,1.75902030032899,0.968637131209297,"protein-coding-exon3"
-0.843113449345744,-0.259419522875613,1.71031585438708,0.407239703834925,-1.42606617717909,3.2501776947878,5.11749390799351,66.4787559077107,139.106168872352,-0.674490759476595,1.44596711835505,1.432546745791,0.759561666077247,-1.32396444401284,-0.690891750588488,0.240226938117309,1.20444778477963,0.216182935729678,0.964271808136741,-0.000173123911569934,41.9975870864522,0.376128788714495,0,7.45253265623453,-0.674490759476595,12.6131751719171,-0.45053339883089,-0.0433175762040128,-0.702247580854232,-0.584356108435438,2.14697351251993,"protein-coding-exon3"
-0.0843113449345744,-0.363187332025859,-1.10809196199726,0.559954592773022,-1.21408336705787,3.26102476840512,2.08079654827493,13.9986415519441,19.962913075255,-0.674490759476595,-0.358552822031131,-0.698366538573112,1.05730983917953,-0.435478045070101,-0.637588529474836,-1.17948914185836,1.0623847127287,1.32303956666563,0,1.06713579091728,0,0.450399191201974,0,10.3253206477637,-0.674490759476595,0,0.764130106020343,-0.387621680542946,-1.64742768967882,1.6960021270897,1.68802704465201,"protein-coding-exon3"
1.09604748414947,1.1414459006527,0.313156424042705,0.610859555752388,-1.27189686072729,3.2654622076122,5.59991113993703,9.98719650874116,8.82878203076081,0,0.227769210716497,-0.778947293023856,-1.91409539851466,-0.387974448367335,0.682691255032542,1.03318842411515,1.30945092499119,1.42680737581587,0,1.19247750289394,252.92626846945,0.654600751040844,0,0,6.4341914693729,0,1.13872185620631,-0.939655927833026,0.587418817633264,1.25245113852085,1.90312282224995,"protein-coding-exon3"
-0.0843113449345744,1.21927175751538,1.10809196199726,-1.31080279671867,-0.404694455685957,2.2275944819556,1.49638678426927,20.7908818315856,94.6300468519402,-0.674490759476595,2.13368318684099,-1.32908503637276,1.04515685252229,-1.5224096375255,-0.662190016142675,1.15707053781845,1.51328055010775,1.16738785294026,0,1.16910577483199,0,-1.33139876570906,4.5249098342687,6.86096887494904,15.8392971472923,9.49840743257933,-0.0293694757889403,1.42644778439802,-0.492183956668264,0.410689929103518,2.02620766221309,"protein-coding-exon3"
-0.252934034803723,0.518839045751227,-1.25262569617082,-1.2598978337393,-0.366152126573009,3.2654622076122,5.96023512182077,34.5765263015897,33.3319239496568,-0.674490759476595,-0.404106664174431,0.245721559868317,0.619802319519033,-1.35650762011449,-0.674490759476595,0.748317541745954,2.94008792592362,2.20506594444271,0,0.256050265211983,110.672041490219,-1.33139876570906,0,1.49313856841053,-0.674490759476595,0,0.957187071700181,-1.19184111772536,-0.394430096433656,0.157151758585523,1.93530455078958,"protein-coding-exon3"
-0.674490759476595,1.32303956666563,0.192711645564741,-0.941741815118265,-1.21408336705787,3.2654622076122,5.74880534732701,42.3627529636177,53.3552391824769,0,-0.576035681295916,-0.525267140123366,-0.905397505964078,-1.4259339365763,-0.682691255032542,1.23205690305539,2.84743809632519,3.45892697167485,0,2.49315745051911,0,-1.33139876570906,0,14.065069451964,-0.674490759476595,8.49651039107144,0.19672311423511,0.819803008377458,-0.784627731848607,-0.14794254865879,2.75098173774442,"protein-coding-exon3"
0.0843113449345744,-0.155651713725368,0.240889556955927,-0.852658129904375,-0.192711645564742,3.2654622076122,5.75550558665956,289.948194376404,2.2751479349509,-0.674490759476595,2.29973428884721,-1.49422584179033,-2.40629135813272,-1.10164289124108,11.0050650360801,1.54108576391587,1.45769065234869,3.45892697167485,0,1.5489396368165,144.068522741366,0.491185967268998,0,0,16.762395342007,0,0.693385525107614,0.0140926240074289,0.173094915366778,0.0162424897719239,2.50764864601345,"protein-coding-exon3"
-0.590179414542021,0.18159366601293,1.42124838603997,-0.890836852138899,1.1177275442755,3.2654622076122,5.78528442813755,89.4587744147905,187.146018189103,-0.674490759476595,1.80158098282855,0.208913067094521,0.534731412918382,-2.58663180975204,-0.697042122255448,-0.0287963103616081,1.33415754621744,NA,0,1.60243492549162,0,-1.33139876570906,0,11.7345348311855,-0.674490759476595,4.16437207190002,-0.297441481138198,0.649658503312065,-1.44332776326688,0.66248526052151,2.50041842650063,"protein-coding-exon3"
2.10778362336436,-0.985794186927331,-0.0722668670867781,1.05627798182184,-1.6380489873003,3.2654622076122,4.90308624935194,0.390494650223292,-0.241608630260273,-0.674490759476595,5.77505160074732,0.177078694965832,-5.11033088936772,0.599295306236086,9.11280068654549,-0.0659029653242169,0.945028261904021,1.1414459006527,0,1.38222130997462,260.049059239312,0.457785250429351,1.03268494439527,0,1.74768044102999,0,-1.11527462039127,-1.13421904715764,2.21499434593547,1.35460227528216,0.937189044840205,"protein-coding-exon3"
0.421556724672872,-1.06362004379002,0.867202405041337,0.26725105564167,0.770846582258966,3.24426110917836,5.78528442813755,152.64790872365,2.41608630260273,-0.674490759476595,-0.135192047651082,-0.317348897157867,0.121529866572359,-0.322193177415698,-0.688841626699501,0.918969501808371,2.85979140693831,1.0722673612192,0,0.495134387090109,164.025776124848,0.504856572721594,0,0,-0.674490759476595,0,-0.344738826235887,0.162779329329129,0.366390042184815,0.496139837499612,2.51631275631309,"protein-coding-exon3"
0.674490759476595,0.544780998038789,-0.457690158216261,0.496323389048816,0.751575417702492,3.24968464598702,2.2371354660344,5.57342364409608,7.18785675024312,-0.674490759476595,0.301243149657303,-0.709309603992349,0.322054146416753,-0.238147343889689,-0.660139892253689,0.785810724364424,1.97652969809991,2.94873524335281,0,2.32851661061607,0,0.57890667260864,0,0,34.2239298988071,0,-0.76437183010091,0.0500859474858819,0.453290244497875,0.801318081771336,2.60136199836067,"protein-coding-exon3"
0.168622689869149,1.06362004379002,-0.144533734173556,-0.292703537131353,-0.982829392380182,3.21665037633429,4.8100273697332,57.5092121237939,186.642666876061,-0.674490759476595,-0.825847073694655,-0.292478293932328,0.698796732791067,-0.723226853582083,0.13940842445109,0.758367260798327,0.778258568626841,1.08091467864839,0,0.144212218337783,214.758861325282,0.763070171188888,0.260813504613695,12.1743536127315,-0.373010356118248,12.501155289607,-1.01230016206955,-0.872926513325437,0.0758950801668603,0.332962898725748,1.38524863202688,"protein-coding-exon3"
1.26467017401862,-0.311303427450736,0.62631284808541,1.01809925958731,-1.02137172149313,-0.412188797457919,-0.0811473430275374,12.6614932042098,25.2783029409811,-0.674490759476595,0.152825792996876,-0.628728849541605,-2.29691447821759,1.69931234983953,0.0348521061127724,0.347681626446532,0.0185299659196867,0.38912928431342,0,0.148367192215463,0,-1.13453304558005,0.526849539955887,16.9273830098828,50.4771484208003,6.97589540041963,0.674692196210401,-0.493418134089522,1.31534025144349,0.773416070866493,1.17800568344787,"protein-coding-exon3"
-0.168622689869149,0.752316616339279,-0.192711645564742,0.992646778097631,-2.40889556955927,3.2654622076122,6.08381731395446,40.8244407051623,32.3755564548766,-0.674490759476595,0.0602486299314606,0.888377947216223,-0.255212719801955,-1.47040873647025,-0.660139892253689,1.35845144652177,2.00741297463272,3.21680208365761,0,0.311449916914373,164.899325936246,0.876435994294915,0,6.02886912593484,0.165937599554747,12.4284961188851,-0.193258402413644,0.0910653590652485,-0.333838860751034,0.224830253158856,1.03300945961947,"protein-coding-exon3"
0.590179414542021,0.648548807189034,2.04756123412538,1.81985242651232,-0.867202405041337,3.09338817613754,4.94030980119943,262.802899600275,93.6233442258558,-0.674490759476595,-0.351205428137051,0.00994824129021506,-0.285595186445045,0.154088398689183,-0.662190016142675,1.05154848776853,1.26621433784526,1.96294105642548,0,1.36300455579036,236.328822052884,0.500843749010504,0,1.44375295681388,-0.210935927925625,0,-0.523695220549293,-1.00171894971771,0.221556371663036,0.801318081771336,2.07435716110244,"protein-coding-exon3"
0.0843113449345744,1.97158837385466,-1.73440481008267,0.381787222345243,-0.0578134936694225,3.22355305954531,4.97455546889913,45.072549172743,39.4426088899896,0,-0.302712628436119,-1.07739453173031,0.455736999646348,-1.73943407380046,-0.641688777252809,0.985452258616379,0.605312220043098,1.62569567668718,0,4.09039865866363,197.489453515333,0.785377586116474,0,0,8.38804201886372,9.56994640447812,1.10431646207221,-1.18565527410553,0.0157926742321071,0.248088555209783,1.94082052188445,"protein-coding-exon3"
1.18035882908404,1.58245908954124,-0.722668670867781,1.09445670405636,-3.85423291129483,2.80840596928266,4.61646490012623,34.6711916713408,84.1603395406617,-0.674490759476595,-0.636284311227376,0.300436886964501,-0.388895573031551,-0.745608481948525,0.391573662796443,0.290089005723316,0.765905258013716,0.432365871459356,0,1.1765501030295,125.723976702003,0.768111073701992,0.164491716118278,0,7.37958161873109,0,-0.638917032286425,-0.893986911729199,0.814008065420034,1.1994481902013,0.443491817557941,"protein-coding-exon3"
1.68622689869149,0.18159366601293,0.385423291129483,1.79439994502264,-0.0578134936694225,1.49344481758378,5.4681397663969,24.849659559664,3.63419648016494,-0.674490759476595,-0.205727029034256,-0.924191615860999,-2.57643317133402,0.823439381762939,-0.633488281696863,-2.11198711162184,1.40827740989619,2.11859277015084,0,0.829782908154857,277.587251606615,0.599018168067406,2.13271673276929,0,6.88183179551587,7.51117472039919,0.67267782887234,-0.684870890622213,1.17682888549579,1.62207696232822,2.18338147569199,"protein-coding-exon3"
1.09604748414947,-0.337245379738298,0.26497851265152,1.043551741077,0.0578134936694225,-1.09062394734081,-0.999080131586745,0.946653697511011,0.402681050433788,25.6306488601106,6.07629475040462,-0.562075632897163,-1.29429307899563,2.58313099266133,0.586335432250171,0.449531663765777,0.00617665530656223,NA,0,-0.898166853224994,0,-0.645973416946518,0,0,-0.674490759476595,0,0.7575229811515,-0.716516165944582,1.20827034612221,0.690243197595998,0.781813004512217,"protein-coding-exon3"
0,0.95985223463977,0.240889556955927,0.35633474085556,-1.0406428860496,3.2654622076122,5.78528442813755,15.5606201528372,14.5669869994423,-0.674490759476595,2.55101516002477,-0.601868598058024,-0.978315425907494,-0.830454127618854,0.344420813349751,1.00516516906526,2.61890184998238,1.53057518496612,0,0.468473304708333,241.435728642597,0.34448575498797,0.713492507147603,0,22.0268720182026,9.53693348622087,1.07434267608185,-0.466769562957467,-0.0417224262697397,0.0982896656479823,1.62064573872531,"protein-coding-exon3"
0.0843113449345744,-0.233477570588052,0.26497851265152,0.750848203945644,0.79011774681544,3.2654622076122,6.08381731395446,4.4966050631773,10.6811148627562,-0.674490759476595,-0.10580247207476,-0.844605685539277,-2.24830253158865,-0.293321270173222,-0.364922052239617,0.744259001359418,2.14947604668365,NA,0,0.989922526357077,435.095002215645,0.389932049496383,0,0,6.57197904321426,0,-0.355052387006763,0.339131568091448,0.547487410363948,-0.33552911826381,2.23924305846605,"protein-coding-exon3"
-1.01173613921489,1.50463323267856,-5.22730338594361,1.23444535224962,0.693761924033069,3.24228891397521,5.31999003004387,24.4118322245652,35.7782113310421,-0.674490759476595,1.19909468351395,0.615796135864325,1.02692737253644,-1.61362755700139,-0.678591007254568,0.592353632606237,1.07473802334183,NA,0,-0.0534952886751201,150.452155978506,0.678601890262071,0,4.44386708900942,-0.674490759476595,0,-0.462297304085171,-0.659392386901136,-1.13660563086463,-0.433042618040777,1.98011315137658,"protein-coding-exon3"
0.168622689869149,0.285361475163175,-0.0722668670867781,0.941741815118265,-1.07918521516255,3.09634646894226,5.71604862170121,30.7662451691079,89.6972039841263,-0.674490759476595,-0.0484927997009317,-0.658573573412251,0.413201546346022,-0.399958518857627,30.3807859108926,-0.154804326172135,1.73564014114399,2.89685133877768,0,0.888818162000216,297.880485686788,0.708480134339976,0,0,-0.674490759476595,0,1.1985888534935,-0.58605239488158,-0.235414162618749,0.651377368964938,1.43166178807455,"protein-coding-exon3"
0.337245379738298,0.103767809150246,0.794935537954559,0.661764518731754,-0.925015898710759,3.26102476840512,4.4995829473251,113.420946133038,2.06374038347316,-0.674490759476595,-0.401167706616798,-1.4604018214036,-1.19706918573774,0.560327409630891,-0.656039644475716,-0.864662366159968,1.05620805742214,NA,0,2.39257245789696,316.762600840857,0.451557556488115,0.248629266416589,0,13.6577734206983,0,0.262713788230013,0.0500859474858819,1.0833167112676,-0.419394895315586,1.60916203500209,"protein-coding-exon3"
0.505868069607446,0.311303427450736,-0.36133433543389,0.101809925958731,-1.69586248096972,3.25708037799882,2.5565135408859,11.0758482608788,32.7581034527887,-0.674490759476595,-0.58191359641118,-0.200954474062348,-0.127606359900978,-0.0439634445885661,-0.656039644475716,1.21736885213269,2.63743181590207,1.79864202527092,0,1.26553579357647,0,0.607849222846002,0,0,-0.674490759476595,8.21993110517966,-1.02688418159712,0.127805521170877,0.366390042184815,0.599870373729902,1.64675626362446,"protein-coding-exon3"
0.421556724672872,1.1414459006527,0.36133433543389,-0.585407074262705,-0.886473569597811,-0.835224668533152,-0.31863360381455,3.11212403056745,7.86234750971972,9.44287063267233,0.784701667887804,-0.636687442573777,-0.358513106388461,0.182108047089352,-0.36902230001759,-0.724932618566392,-0.271772833488738,0.0432365871459356,0,-0.618571736039496,0,-0.34414227243891,3.11679673779171,3.19585712460292,27.0605741457196,0,0.606687154877437,0.899042757371646,0.479360305191795,0.365349161383151,1.16865719969892,"protein-coding-exon3"
-0.927424794280318,1.01173613921489,0.891291360736929,-0.738121963200802,0.597406101250698,3.07810366331315,1.74876246579528,26.2933064483683,18.7850710027362,-0.674490759476595,-0.717105644062263,0.815755785797652,0.850709066006517,-0.530485238475634,29.4438792936257,0.688792282743435,1.98888300871304,2.03211959585897,0,2.70748485304273,0,-1.33139876570906,0,1.76322855343366,-0.674490759476595,0,-0.0118041926010418,0.206876739615614,-1.10713512747151,-0.226052156708644,1.83789784096039,"protein-coding-exon3"
-1.09604748414947,0.311303427450736,-0.168622689869149,-0.623585796497229,0.366152126573009,3.2654622076122,1.83214322193367,12.4721624647076,7.86234750971972,-0.674490759476595,0.668612844361331,0.0586946236122702,0.662337772819359,-1.44308400681843,-0.545332954470439,-0.76880350750656,1.65534362215868,2.31748107102215,0,1.00256057190168,150.788136675198,-1.33139876570906,0,0,15.121783321647,0,-0.413469039810554,0.538739603209521,-0.858245582008555,-0.749119288886483,3.2668158779577,"protein-coding-exon3"
-0.927424794280318,0.518839045751227,0.867202405041337,0.407239703834925,0.134898151895319,2.9208210958621,2.2505359446995,247.798438494726,264.168836110826,-0.674490759476595,-0.3100600223302,0.538199853800646,0.662337772819359,-0.598351265672299,-0.608886795029024,1.13465193377854,2.0444729064721,-0.511056460064959,0,0.75620524573762,163.353814731465,0.207727585868361,0,0,-0.674490759476595,0,0.144671862219595,0.150257842457658,-1.51644767459827,0.20341784809611,1.087036814662,"protein-coding-exon3"
0.337245379738298,0.415071236600982,0.62631284808541,1.32352903746351,-0.366152126573009,3.2654622076122,6.08381731395446,42.6704154153088,61.066581298284,0,-0.831724988809919,0.485474174962506,-1.05123334585091,-1.67607846263078,-0.662190016142675,0.509829978080017,2.85361475163175,3.26868598823273,0,1.54651590205452,166.646425559042,0.84320346546205,0,2.81392167463903,3.17803572029631,9.21769878632005,-0.127348303112264,-0.268613807535763,-0.345970214992987,0.950158426566278,1.19805976101102,"protein-coding-exon3"
0.168622689869149,1.06362004379002,-0.481779113911854,0.71266948171112,-2.62087837968048,3.25560123159646,2.36444001335283,8.87487841416573,1004.05499817787,0,2.54954568124595,0.834657444249061,0.57119037289009,0.182108047089352,-0.420275397242255,1.3822228973572,1.12415126579433,-0.313032890936574,0,1.44194905946626,163.421010870803,-0.433464317110723,1.76136899535097,1.65071165044095,25.8878764831559,0,1.18835586741615,-0.593876234475502,0.205003952174836,0.20341784809611,1.67522246515708,"protein-coding-exon3"
-0.505868069607446,0.882026377777086,-0.481779113911854,0.190893611172621,-0.520321443024802,3.2087615955217,2.49323350274516,11.7740053627932,10.2683667860616,-0.674490759476595,-0.393820312722718,-0.92518643999002,-0.668414266147977,-0.133083496144929,0.297267963903059,1.07300077266878,1.51328055010775,0.709080029193344,0,1.98953999176207,151.392901929243,0.796954132442385,0,4.24732374244413,-0.674490759476595,0,-0.639319905754037,-0.062607434357353,-0.546062082102365,-0.157813543082665,1.65370867472935,"protein-coding-exon3"
0,0,-0.240889556955927,0.330882259365877,-0.539592607581276,3.19397013149809,4.24944067890994,50.8826362412168,25.9225926216751,-0.674490759476595,0.387942397607453,0.151213267611272,-0.322054146416753,-1.65043202731458,61.401210475149,-0.0144947870947687,1.12415126579433,1.30574493180725,0,0.410476794332394,234.380134012073,0.831508476877841,0,0,1.51177305467824,0,0.857355026425841,0.309191990779004,-0.354128958095959,0.499229381029912,1.37474187704756,"protein-coding-exon3"
-0.843113449345744,-0.129709761437807,-4.33601202520668,1.64168505608454,0.847931240484862,3.26102476840512,2.31679386698804,1.51464591601762,9.91602086693204,-0.674490759476595,4.03518872662904,0.596894477412916,1.26998710568116,-0.76085735938858,-0.276766725013193,-1.37449234423999,NA,0.44966050631773,0,0.620129851243626,0,0.532420455072383,0.501203933776096,0,3.71999024579365,0,-0.940910983608642,-1.01818556258978,-0.237149719085371,-0.985557274121065,1.80734751611905,"protein-coding-exon3"
-0.674490759476595,1.01173613921489,-0.650401803781003,-0.916289333628582,-1.27189686072729,3.26349001240905,5.78528442813755,90.9260876459326,52.6505473442178,-0.674490759476595,3.22550591950136,0.326302314319061,-0.103300386586506,-1.67063711771451,-0.692941874477475,0.281971924950244,1.31562758029775,2.23100789673028,0,0.537376621513181,0,-1.33139876570906,8.48943272041424,10.2276129824447,-0.134149218060699,0,-0.359242271069932,1.05616019698497,-0.959782610505879,0.0203650591629312,1.29302459898439,"protein-coding-exon3"
-0.927424794280318,0.726374664051718,-0.770846582258966,0.687217000221437,0.134898151895319,3.12987378739578,4.01120994708598,18.5544124712158,34.1070849717419,-0.674490759476595,-0.762659486205562,-1.01472061160196,-0.820326599363427,0.0428882872798095,-0.481779113911854,0.36101683057372,NA,1.10685663093595,4.75247369087453,1.98711625700009,305.876826268049,0.714833377075007,0,2.74032669264146,-0.674490759476595,0,-1.0705556654863,-0.344993553339067,-1.08608476790499,-0.251740437899889,2.10093747628858,"protein-coding-exon3"
-0.927424794280318,-0.57072295032635,0.457690158216261,0.559954592773022,0.79011774681544,3.24771245078387,5.87536542360849,61.0591634894602,87.0797771563067,-0.674490759476595,0.188093283688462,0.0557101512252056,0.619802319519033,-0.745608481948525,-0.649889272808756,1.12711464448926,2.29771577404115,2.86226206906094,0,1.19490123765592,116.988478588021,0.396522176748007,0,2.04968551241099,-0.0664634763126777,0,0.780164470031315,0.985653645807142,-1.48802748264683,0.17286477011743,2.85312795317513,"protein-coding-exon3"
0.337245379738298,0.596664902613911,0.192711645564741,0.941741815118265,-0.0578134936694225,3.26447611001063,6.08381731395446,11.6675068218232,10.1978976022357,-0.674490759476595,7.0050053386164,0.243731911610274,-2.07208422505873,-0.948210076276746,-0.641688777252809,2.10155086491361,2.6003718840627,1.05497272636083,0,0.962049576594312,278.662389836028,-0.114444832079109,1.22763475575223,7.22837977697326,0.414980445693085,0,-0.955897876603821,-0.579442599362575,0.307957147526033,0.306718858296467,2.73984864376158,"protein-coding-exon3"
-0.0843113449345744,1.03767809150245,-0.62631284808541,0.674490759476595,-1.05991405060608,3.20284500991225,5.87015412634984,61.603489365529,52.7512176068263,-0.674490759476595,0.345327513021786,-0.250695680513425,-0.0850709066006518,-2.06068321065238,-0.598636175584091,1.40174254397815,1.33415754621744,2.4817801021767,0,1.70284679420221,232.364249831923,0.725993006651714,0,1.49830058415388,-0.674490759476595,0,0.918591793502918,0.210229174315752,0.0988288929577481,-0.171580982673873,1.12382453144512,"protein-coding-exon3"
-0.0843113449345744,0.18159366601293,-0.120444778477964,-0.038178722234524,-0.115626987338845,1.53732616085382,0.974512587367399,50.6104733031824,41.0432660654639,-0.674490759476595,-0.642162226342641,0.377038344899158,0.522578426261146,-0.866825912673635,-0.680641131143555,0.907180408304625,1.42063072050931,NA,0,0.493576271885979,0,0.720234344053333,0,13.5094410352186,-0.674490759476595,10.4075036892323,-1.25966447118353,-0.0580996990836277,0.366390042184815,-0.450784657583531,2.35388433547141,"protein-coding-exon3"
0.168622689869149,0.518839045751227,-3.51698753155653,0.190893611172621,-2.19691275943805,3.2654622076122,2.67637337783483,1210.72274643171,474.660288198828,-0.674490759476595,-0.408515100510879,1.42060885624274,0.723102706105539,-0.675198789899435,-0.692941874477475,0.309801916172201,1.87152655788835,0.294008792592362,1.64667828682642,0.43038604416294,0,-0.0426048647318771,0.558650771687937,0,11.7303861029046,0,-1.25628033405559,0.500859474858857,0.105689435245623,0.313032890936567,1.51357992304391,"protein-coding-exon3"
0.168622689869149,1.24521370980294,0.36133433543389,1.08173046331152,0.211982810121215,3.24968464598702,5.99671420263132,52.7877768074577,75.8047077441606,-0.674490759476595,-0.390881355165086,-0.0805807544507441,-0.0972238932578877,0.0353228510950186,-0.62938803391889,0.561431420137396,1.39592409928306,2.31748107102215,0,0.911151146592742,178.808926779279,0.767589927765487,0,0,-0.572680585653447,10.4741006074998,-0.183831163271515,-0.306496096555416,0.720475941161936,-0.395969699593227,1.23402862764854,"protein-coding-exon3"
-0.252934034803723,0.311303427450736,0.337245379738298,-0.0509049629793657,0.0770846582258967,3.24524720677993,2.76868778641662,155.369538103995,4962.84260607122,-0.674490759476595,10.9623116899682,0.7948644790882,0.255212719801955,0.457820338413053,0.793397945037819,1.13619804440198,1.79740669420961,NA,0,1.50946738497855,205.21700953924,0.400262583265014,0,2.77567119169583,-0.674490759476595,0,-0.523775795242815,-0.0383836233069432,-0.362109784682652,0.142882777708431,0.827964489998745,"protein-coding-exon3"
-0.421556724672872,-1.78999470784173,1.73440481008267,-0.038178722234524,-0.289067468347112,3.24919159718623,5.58874407438278,66.2657588257708,83.0529666519688,-0.674490759476595,2.73470000737678,0.852564278571449,0.230906746487483,-1.07043710593813,-0.680641131143555,0.984872467132588,2.94008792592362,2.85361475163175,0,2.94102900975062,0,0.72299641751681,0,4.29679529811142,0.62588861024871,0,-0.328059864676736,-0.627906756286469,-0.157130688823166,-0.381114697427841,1.77186037234042,"protein-coding-exon3"
-1.01173613921489,-0.0518839045751228,0.36133433543389,0.585407074262705,-0.501050278468328,3.18756049708786,4.55914063028109,82.5955351078357,237.682490018543,-0.674490759476595,-0.437904676087201,1.53998775172532,0.796020626048955,0.49133377842748,5.93100841083827,0.868141115062713,0.741198636787467,2.17912399215515,0,1.65350647940476,131.838825381791,0.58781116158738,0,0,5.43297663165476,0,-0.470918796292075,0.211684004468644,-1.36013661886533,-0.0837810849035412,0.964408052423276,"protein-coding-exon3"
-0.674490759476595,-1.16738785294026,1.01173613921489,1.20899287075993,0.173440481008267,3.25560123159646,5.20757490346444,31.06207444958,51.210962588917,-0.674490759476595,3.99845175715864,1.00775684269881,0.875015039320988,-1.20190786611992,-0.547383078359425,0.777307115935493,1.90858648972773,1.70352153354986,0,1.16304643792704,0,0.706343436000305,1.61843446993601,7.424385973097,-0.674490759476595,11.5116902585673,0.541421653124236,-0.110189084468943,-0.311431535857093,-0.61703413922489,0.691606204710431,"protein-coding-exon3"
-0.337245379738298,-0.155651713725368,0.192711645564741,-0.216346092662304,0.963558227823707,3.25708037799882,5.21501961383394,13.7264786139097,-0.34227889286872,-0.674490759476595,4.35112666407451,-0.519298195349237,-0.60157283953318,-1.09867965280475,1.43098647451265,0.935976718666233,NA,2.10994545272166,0,0.604894947025468,301.777861768411,0.469546566678205,0,1.39422768610243,-0.674490759476595,0,-1.11664439018115,0.232186511523974,-0.329387074348266,-0.152616562574725,1.07142352348095,"protein-coding-exon3"
-1.01173613921489,0.830142473201963,0.578134936694224,-0.623585796497229,-0.0578134936694225,3.26349001240905,5.55598734875699,16.5664397064427,35.0332513877396,-0.674490759476595,7.22689663421764,1.1967734272129,0.631955306176269,-0.629268594136313,-0.682691255032542,0.567229334975303,1.30327426968463,-0.0691785394334968,0,1.47674696569183,155.760650986234,-1.33139876570906,4.52368971027621,8.1097899365223,7.35967325097536,0,0.125495085161247,0.724014686429633,-1.41205271208356,-0.072346368590727,2.1169659498351,"protein-coding-exon3"
-0.590179414542021,0.18159366601293,-0.433601202520668,-0.99264677809763,-0.269796303790638,3.22355305954531,5.73912722384666,126.780596439162,19.4092266309086,-0.674490759476595,1.9793879150653,1.29028689534092,0.765638159405865,-1.73356004362579,-0.305468459459005,-0.0262838805985144,1.33415754621744,1.37492347124075,0,0.253626530450003,105.699527179183,-1.33139876570906,0.421279811658399,1.86257452759941,-0.276297672458079,0,0.138951058979499,-0.517771612970969,0.146318101262121,-0.915380316432528,2.25807569699267,"protein-coding-exon3"
0.843113449345744,-0.181593666012929,0.722668670867781,-0.954468055863106,-0.674490759476595,3.22256696194373,4.74451391848161,17.1935977810437,20.3353930469063,-0.674490759476595,-0.966917036461001,0.867486640506771,-1.94447786515775,-0.938205868635507,-0.631438157807876,0.397157166396678,0.623842185962785,1.06362004379002,0,1.99681119604801,235.052095405456,0.498401469644428,0.316289142206526,2.39260772580467,10.6367531008564,0,-0.564466015471663,-0.434923543991357,-0.362911655708372,1.87192530399042,1.54472832281029,"protein-coding-exon3"
0.0843113449345744,1.32303956666563,-0.505868069607446,0.483597148303974,-1.00210055693666,3.24919159718623,6.03691563862661,73.0698322766311,377.573886939242,-0.674490759476595,11.2150620399246,-0.876440057667965,-0.686643746133831,-1.01713814910767,42.1341461664528,1.33255409357912,1.55651713725368,0.916615647493835,0,0.228177315449218,209.517562456893,-0.136854107348829,3.5463003851798,10.4634220262877,-0.475064441304173,7.25174985177881,-0.238863678947362,-0.246764912003634,-0.708205142515774,1.02887259143736,2.50601540674627,"protein-coding-exon3"
-0.337245379738298,1.03767809150245,-0.36133433543389,-0.241798574151987,-1.29116802528377,3.24820549958466,5.66393564911472,25.3939854357329,290.393439520326,-0.674490759476595,1.76778297091578,-0.693392417928004,-0.303824666430899,-0.423375969509336,-0.334170193904818,0.379763421882954,1.50710389480118,-0.366646258997534,0,1.30085307153674,134.325082537309,0.329910250681988,3.26700200207993,15.5283209698063,13.5398129559688,0,-0.973624309178765,-0.119313021399501,-0.691357006351916,0.257051149312207,1.10602574388133,"protein-coding-exon3"
0.0843113449345744,-0.285361475163175,1.49351525312675,1.05627798182184,-0.154169316451793,3.05640951607852,4.65219950989983,5.23026167874833,10.0972273396272,0,0.905198927750725,-1.83246604565765,-2.66150407793467,-0.384762088115561,2.27153726899717,0.197129104488861,1.30945092499119,NA,0,0.970013276526531,293.781521187151,0.790008678415872,0,6.35975379793326,0.0627946485405501,13.7817182618733,-1.13823840804517,0.067032320695391,0.289943999548508,0.0329638341097516,2.89188477508639,"protein-coding-exon3"
0.0843113449345744,1.11550394836514,-1.9752943670386,0.0381787222345246,0.635948430363647,3.26398306120984,5.20980831657529,19.5247325111646,39.8855580454667,-0.674490759476595,6.56857014130802,-0.295462766319393,0.893244519306842,-1.47709569046374,-0.569934441138278,1.06662306634709,0.988264849049956,2.40395424531402,0,0.333609777595328,0,0.408011075802779,0,0,-0.674490759476595,0,-0.969595574502641,-0.500859474858857,-0.512267558980624,0.827153277053604,0.438555909122727,"protein-coding-exon3"
-0.674490759476595,0.415071236600982,-1.03582509491049,-0.139988648193255,0.134898151895319,3.2654622076122,5.481540245062,15.3831225845539,28.912499421146,0.674490759476595,-0.0279200967975061,-0.4297640237373,-0.552960892904236,-0.3354621920067,-0.520731467802599,0.0231916593516315,1.30945092499119,3.04385573507387,0,3.13562028635526,0,0.660212545238938,0.260747497905904,0,-0.619968105454088,0,0.241442069140081,0.534074366349497,-0.311431535857093,-0.672715783793767,1.77989735787065,"protein-coding-exon3"
-0.252934034803723,0.363187332025859,1.37307047464878,0.839931889159534,-0.867202405041337,-0.236663424377753,-0.651412157331149,-0.331328794128854,-0.895965337215179,-0.674490759476595,0.912546321644805,-0.822719554700803,-0.188371293187157,1.76036030629774,37.9846954151439,0.555440241471557,-0.426189216152794,NA,0,0.0443197213619118,0,0.162643724670336,2.80933549270132,0,5.28653501223795,0,-0.0329147623039289,-0.252814782547808,0.205003952174836,-0.444307405052056,2.30739554667733,"protein-coding-exon3"
-0.252934034803723,0.207535618300491,0.819024493650151,0.674490759476595,1.23335453161435,3.26299696360826,5.39071477855411,41.8420934299867,57.56325615951,-0.674490759476595,0.842011340261632,-0.537205029671625,0.540807906247,0.385155438350472,0.0492029733356786,0.0620376887656122,1.28474430376494,NA,0,0.5436090823297,158.515692699105,0.670630726278708,0,0,-0.674490759476595,0,-1.09513094701065,-0.512383675165346,-0.743317851069637,0.455629451091856,1.6710575177859,"protein-coding-exon3"
0.421556724672872,0.726374664051718,-0.843113449345744,0.636312037242071,-0.346880962016535,3.20432415631461,6.08381731395446,24.7904937035696,60.8551737468063,-0.674490759476595,-0.501092263576294,-1.51412232437076,-1.26998710568116,-0.267805951601988,-0.647839148919769,0.401795498267004,1.26621433784526,2.57690059389776,0,0.828744164685437,476.891000884082,0.717296976047577,0,3.8582280770943,2.61471017145304,9.14003166791842,0.259168501715024,-1.20942832017388,-0.0987816290204149,0.832092358504619,1.09285125018596,"protein-coding-exon3"
0.927424794280318,1.84187861241686,-1.25262569617082,1.66713753757423,-2.08128577209921,3.26053171960433,5.94460123004483,-0.272162938034416,0.332211866607875,-0.674490759476595,11.0490109379183,-0.768004227604619,-0.0364589599717079,0.14830615023599,8.08978886594117,0.926893318753511,1.17974116355339,3.09573963964899,0,0.143692846603073,99.1815016633656,-1.25021086156802,0.966266194732115,0,13.1477399991467,0,-0.81295837029496,-1.05128854722951,0.191693759184328,1.4521252948869,1.98348794339677,"protein-coding-exon3"
-0.0843113449345744,1.11550394836514,-0.819024493650152,-0.152714888938097,0.520321443024802,3.24672635318229,4.30750941979203,4.4019396934262,1.36911557147488,-0.674490759476595,-0.0587791511526445,-1.17787176876149,0.559037386232854,-0.795524626758746,-0.674490759476595,-0.557952671234651,2.49536874385114,1.16738785294026,0,0.770228282574788,169.603055689929,0.679892910877504,0,2.52701350929079,-0.674490759476595,0,0.0656280878740517,-0.740744802291256,-0.763312587885028,0.78296149564973,1.56209336297103,"protein-coding-exon3"
-0.927424794280318,-1.32303956666563,0.0722668670867781,-0.763574444690485,0.751575417702492,3.2654622076122,5.4472945773623,57.0950511311328,20.8890794912528,-0.674490759476595,2.47754122108396,0.489453471478591,1.07553931916538,-0.961361085797275,-0.637588529474836,-1.11339291270621,2.26065584220178,0.596664902613911,0,0.549841543146218,101.466170400869,-1.33139876570906,0,1.30335794590442,-0.665093630688885,0,-0.787174468367769,0.71052158061372,-0.500591046008323,-0.820891854556789,2.19629762523291,"protein-coding-exon3"
-0.0843113449345744,0.233477570588052,-0.529957025303039,0.623585796497229,0.867202405041337,3.25560123159646,5.59172195853058,6.98157101914371,40.8721266190295,0.674490759476595,0.268914616523348,0.52825161251043,0.35851310638846,-0.0406724142898097,-0.678591007254568,1.0194666923321,2.779494887953,NA,0,0.0869082036081239,205.687382514608,0.819308924273289,0,7.4964715623538,-0.494854984026247,8.8315596625925,0.0991471603793992,-1.05715388188655,-0.127169359302008,0.134243306497763,1.67538573671344,"protein-coding-exon3"
0.337245379738298,1.29709761437807,-0.313156424042705,1.45079144491192,0.404694455685957,3.23292098676026,5.89546614160613,88.6304524294684,132.240456962456,0,1.79423358893447,0.871465937022858,-0.0729179199434156,-1.38560242582342,-0.668340387809635,1.01965995616003,2.08770949361803,-0.568128755097594,0,0.716906117811237,296.670955178698,0.532062759452327,0.234595840299722,9.05571186410219,3.51618002378277,12.4635517526433,1.30357767915328,-0.353650342248167,0.277978532005433,0.394919227287738,2.89653887418518,"protein-coding-exon3"
0.252934034803723,0.700432711764157,-0.674490759476595,1.71804250055359,0.925015898710759,3.23785147476813,6.02425963099846,44.966050631773,220.095395140848,-0.674490759476595,-0.894912576299012,0.311379952383738,-0.461813492974966,-0.781993378677804,0.342370689460764,1.0743536194643,1.00679481496964,3.38110111481216,0,-0.0290848171437546,348.882355444576,0.741399975610939,0.672854377384721,0,-0.0510920495080828,0,0.796682282203421,-0.0521903990609266,0.167030754525433,0.393925275492623,1.60412832353539,"protein-coding-exon3"
-0.168622689869149,0.622606854901472,-1.42124838603997,0.407239703834925,-0.308338632903587,3.24672635318229,1.46065217449567,11.2415126579433,31.5399932752265,-0.674490759476595,-0.383533961271005,1.59569790295053,0.698796732791067,-0.115894090879313,0.0676540883365582,0.385561336720862,1.56887044786681,1.06362004379002,0,0.389701924943998,0,0.668939370830233,0.424580147047913,6.64202635497087,-0.674490759476595,16.9119271732235,-1.09666186618758,-0.26408954128922,-0.557912109690512,0.468396360747637,2.61535316101571,"protein-coding-exon3"
0.590179414542021,0.778258568626841,0.578134936694224,0.101809925958731,0.0578134936694225,3.24771245078387,3.65386384935003,26.6719679273727,68.5463818100916,0,0.0235116604610578,-1.22263885456746,-0.0121529866572359,-0.988580922053124,-0.688841626699501,-2.31317475649724,1.36504082275025,3.19086013137005,0,1.10504992755111,263.207277788213,0.71268246566434,0.436619370508207,10.8717100769143,0.00470013539430369,13.4121844383469,-0.118726810905359,0.871137729486646,0.245350474677337,0.851143101244276,2.22837537763194,"protein-coding-exon3"
-0.252934034803723,-0.129709761437807,0.481779113911854,1.56532761161549,-2.8328611898017,3.19939366830674,3.45360114041051,30.0207553823179,33.5936666324388,1.34898151895319,-0.514317572585639,0.78193176541092,1.05730983917953,-0.442269892459566,-0.684741378921528,1.54437124899068,1.08709133395495,3.17356549651167,0,0.427442937666251,0,0.824814120438916,0,1.79732686346362,-0.661434472695382,0,0.926649262855165,-0.872926513325437,-0.601926497875048,0.365349161383151,2.01625348649457,"protein-coding-exon3"
-0.168622689869149,1.42680737581587,-0.337245379738297,-0.114536166703573,-0.886473569597811,3.24968464598702,5.69297001955577,8.22405399712691,9.46300468519402,-0.674490759476595,-0.312998979887832,-0.29944206283548,-1.50697034549726,-0.544672070281428,-0.569934441138278,-1.28365834511276,2.80420150917925,2.79308352962744,0,1.68726564216091,272.681933434917,0.644672920950421,0,0,-0.674490759476595,0,-0.194386448122959,0.553891654549794,-0.139675841873617,-0.0193292977828896,0.734207613178143,"protein-coding-exon3"
-0.421556724672872,1.478691280391,-5.32365920872598,1.13263542629089,-0.154169316451793,3.25905257320197,3.83179242718106,5.91658560944382,8.92945229336925,-0.674490759476595,-0.349735949358235,0.242737087481252,1.24568113236668,-0.0364242317527694,-0.63553840558585,0.355605443391673,0.96973488313027,-0.78517642257019,0,1.20026807891459,0,0.744768473436895,0.32547207540244,2.53692393493749,-0.365756667839358,0,-0.329590783853663,0.150257842457658,0.441703550856144,-1.07044181642861,1.15566840705587,"protein-coding-exon3"
0,0.38912928431342,0.120444778477964,0.496323389048816,0.79011774681544,3.25708037799882,5.4711176505447,10.6498540969989,20.7682751761226,-0.674490759476595,-0.458477378990627,-0.0368084927737964,0.00607649332861785,0.269130230726189,-0.678591007254568,0.870846808653736,1.60593037970618,2.58554791132695,0,0.808142419208611,238.88227534774,0.666444976870506,0,1.05468952049055,-0.674490759476595,0,0.285355277109827,0.31735874690171,-0.383412588392513,0.455629451091856,1.31336285466813,"protein-coding-exon3"
-1.09604748414947,1.29709761437807,-1.03582509491049,0.432692185324608,0.693761924033069,3.2654622076122,2.25723618403205,11.9988356159521,20.2749908893412,-0.674490759476595,-0.75972052864793,0.666532166444423,0.528654919589764,-0.910540235446758,-0.424375645020229,1.1727249078808,1.93329311095398,2.74119962505232,0,1.37443073395398,0,0.609362914907033,0,3.45655234840323,-0.674490759476595,0,1.18013724867685,-0.0580996990836277,-1.66707469194091,0.0479637873405571,1.42506475343353,"protein-coding-exon3"
-0.421556724672872,1.99753032614222,-1.13218091769286,0.216346092662304,-0.925015898710759,3.2501776947878,5.56268758808954,24.4473317382219,21.6944415921203,-0.674490759476595,0.584852553968812,-1.02964297353728,0.662337772819359,-0.211242187821768,-0.684741378921528,1.13851721033714,1.53798717133399,1.53922250239531,0,1.625633529642,150.922528953875,0.610073568456813,0,2.59588693890708,-0.674490759476595,0,-0.970723620211956,0.527905886501231,-0.85368879829062,0.229326858222038,1.99288086832352,"protein-coding-exon3"
-0.505868069607446,1.478691280391,0.144533734173556,1.31080279671867,-0.0385423291129483,3.22946964515475,5.7904957253962,19.4655666550702,40.449311516074,-0.674490759476595,-0.298304192099671,0.250695680513425,0.38889557303155,-1.41482834827731,-0.688841626699501,0.657483542618733,1.9456464215671,2.12724008758003,0,0.562998960425536,166.108856444336,0.658727279319898,0,4.94046804373224,-0.667021139894645,7.80563325809496,-0.813200094375527,0.500859474858857,-0.821246056093748,0.103767809150244,2.7268616393295,"protein-coding-exon3"
0,-0.38912928431342,0.337245379738298,-0.0890836852138897,0.693761924033069,3.18164391147841,5.01773478904222,202.737722493202,140.596088758957,0,1.97204052117122,0.0865496992248726,0.917550492621314,-1.77140033622424,3.40320565571778,0.211817155411562,2.39036560363958,-1.58591801651292,0,1.777809447912,0,0.618890410164413,0,2.13659108235031,5.43462889074741,6.96776846778145,-1.09376117722077,-1.21116927556777,0.674490759476595,-0.562075632897167,0.815935650163589,"protein-coding-exon3"
-0.421556724672872,-0.337245379738298,0.602223892389817,-0.152714888938097,-0.308338632903587,3.2654622076122,3.47593527151901,20.116391072109,26.2246034095005,-0.674490759476595,0.683307632149492,-0.0159171860643444,0.218753759830247,-0.232351983761999,-0.539182582803479,0.663667985112502,2.14329939137709,3.04385573507387,0,1.70215429855593,169.603055689929,0.641688176041346,0.348381403513833,21.8401609483528,5.76196579459504,9.15233189028972,-1.23202735130533,0.127805521170877,0.716987410137523,-1.31538619376855,1.24628308716513,"protein-coding-exon3"
-0.75880210441117,0.57072295032635,-0.867202405041337,1.50169640789129,-0.481779113911854,3.25954562200276,4.94403215638418,29.2397660818713,31.0567760147059,0,1.65904154128339,1.38877448411405,1.11199827913709,-0.711872143467648,-0.672440635587609,0.69246429547411,2.34712901649365,1.45274932810344,0,0.147501572657613,0,0.322517084919113,3.2592712164554,8.36971703519119,19.9374414213631,11.2342763147289,0.873711689210902,-0.21335312695286,-0.381854556952354,-0.738727974664848,0.940448313712801,"protein-coding-exon3"
-0.590179414542021,0.207535618300491,0.433601202520668,-0.165441129682938,-0.23125397467769,3.2654622076122,5.89174378642138,90.5474261669282,100.428653978187,-0.674490759476595,0.878748309732035,-0.23477849444908,-0.358513106388461,-0.971575080230467,1.82051001342011,0.428465906521379,2.83508478571206,-0.588882316927643,0.597956589787275,0.684705070259223,402.975247611926,0.397948221537898,0.278662318461166,3.7531399647083,1.7013223846845,0.367146262505303,-0.244262183413367,1.01962677451713,-0.826424466659878,0.0043961222684639,2.38043853797867,"protein-coding-exon3"
-0.168622689869149,0.38912928431342,-0.337245379738297,-1.32352903746351,-0.154169316451793,3.25658732919803,5.42347150417991,18.1875841634303,6.04021575650682,-0.674490759476595,-0.289487319426774,-0.489453471478591,-0.577266866218708,-0.410290518361292,-0.530982087247532,0.824270226122545,2.38418894833302,-0.558616705925488,0,0.775768247745027,259.309901706591,-1.33139876570906,0.428238518822108,0,-0.64944833516813,0,0.164009788664987,-0.493014687903237,-0.00110358446441559,-0.0853271442711423,1.57174529119706,"protein-coding-exon3"
-0.843113449345744,-1.78999470784173,0.433601202520668,1.59078009310518,0.809388911371914,3.2654622076122,3.36947591323518,40.3984465412824,16.3891187526552,-0.674490759476595,0.916954757981254,1.42359332862981,0.674490759476595,-0.162938778974683,0.00615037166695987,0.495528454813178,1.14885788702057,1.66028494640393,0,0.193379409223654,87.4893734184973,0.705095054597859,0,5.4608325339895,-0.674490759476595,0,0.975396952436259,0.133123176212482,-0.882228654208177,-0.350557697359547,2.3934028282684,"protein-coding-exon3"
0.674490759476595,0,-0.674490759476595,0.241798574151987,-0.115626987338845,3.2654622076122,5.48972942646845,15.4659547830861,2.01340525216894,-0.674490759476595,0.0778823752772539,-1.31913679508254,-0.388895573031551,-0.678057134939789,-0.664240140031662,1.04787647503785,1.28474430376494,1.56516445468287,0,2.63702342103375,113.628671621105,0.672916661863833,0,0,10.1798492893088,0,1.03236326075665,-0.69480931405952,0.726933434760298,0.534171168852612,1.29918501633206,"protein-coding-exon3"
0.0843113449345744,1.53057518496612,-0.409512246825075,0,-0.269796303790638,3.26102476840512,5.57162124053293,55.2372432497675,115.388255001802,0,-0.02645061801869,-0.437722616769472,-0.583343359547325,-0.377537555467693,-0.633488281696863,0.633325564127451,1.01297147027621,NA,0,1.96409077676129,207.031305301375,0.688354425810215,0,5.76824373169193,-0.674490759476595,0,-0.774040793323607,-0.103836720397565,0.69703471440038,-0.381114697427841,0.406450288563577,"protein-coding-exon3"
-0.674490759476595,0.207535618300491,-0.0722668670867781,0.101809925958731,0.115626987338845,3.25461513399489,5.53216427557459,0.721823444352146,-0.392614024172944,-0.674490759476595,-0.742086783302136,0.712294076379413,0.103300386586506,-1.13885382346367,-0.256265486123326,0.536886913990253,2.33477570588052,1.02903077407327,0,0.814548003936699,106.640273129919,0.72424243007409,0,3.9356314557225,2.07245769759474,0,-0.255381491119468,0.83052966651968,-0.59470025503879,-0.395969699593227,0.636607488128648,"protein-coding-exon3"
0.75880210441117,-0.285361475163175,0.0963558227823708,1.65441129682938,1.44533734173556,3.2654622076122,5.31105637760048,26.2696401059305,49.0264178903137,-0.674490759476595,0.471702687999972,-0.330281610835147,-0.206600773173011,0.0560261851258406,-0.664240140031662,1.57471366997573,2.2235959103624,2.60284254618532,0,1.16477767704274,64.9786667401589,-0.405857795546947,0.707027850190688,0,25.9240365796918,0,-1.20011977267043,-0.626074343573563,-0.0246608682239803,1.4116745703148,1.32306217150945,"protein-coding-exon3"
-0.75880210441117,0.518839045751227,0.433601202520668,-0.839931889159534,0.0192711645564742,3.22059476674058,5.56938782742208,18.3414153892758,34.7312405999142,-0.674490759476595,-0.210135465370704,-0.376043520770137,0.461813492974966,-1.7321964294781,-0.658089768364702,0.720680814351927,2.85361475163175,NA,0,1.68536127913364,0,-1.33139876570906,0.391417776993096,3.4321334893301,-0.472481770738854,0,-0.670502312147233,-0.386262827011149,-0.419882988343799,-0.750033724537982,1.872188351646,"protein-coding-exon3"
1.26467017401862,0.259419522875614,0.289067468347112,0.610859555752388,-0.79011774681544,3.22256696194373,2.20959003766726,43.5460700855065,20.8991465175136,-0.674490759476595,-0.102863514517128,-1.49919996243544,-3.55474859724152,0.359967911641663,14.6829872929221,1.35574575293075,1.98888300871304,1.10685663093595,0,1.02420106084793,355.13159640304,0.653049157457158,3.16236136819967,18.3956300268316,3.55773027703078,0,0.434257310739351,-1.06112321301492,1.33845974712864,0.760762833363127,3.10445302223484,"protein-coding-exon3"
-0.337245379738298,0.778258568626841,-2.09573914551656,0.343608500110718,-0.982829392380182,3.22306001074452,5.71307073755341,170.397665551982,504.47881998345,0,0.138131005208714,1.23457674411571,0.492195959618056,-0.857241278616301,-0.672440635587609,1.14238248689575,1.6182836903193,-0.875973255576655,0,0.712924267845128,115.03979054721,0.771709349509044,0,21.0735398381643,-0.674490759476595,14.777179651319,-0.727468620467619,-0.103836720397565,-0.873527478623549,0.448289590139931,1.53847861787052,"protein-coding-exon3"
0.590179414542021,-0.907968330064647,0.409512246825076,-0.470870907559133,1.61877782274383,3.25954562200276,5.89323272849528,55.3437417907375,52.0062576635237,-0.674490759476595,0.745025740859769,1.16095975856812,-0.297748173102281,0.313224792059725,-0.61708729058497,0.376864464464001,1.7665234176768,1.45274932810344,0,0.642116588013011,130.226118037671,0.51149170803137,0,4.10225015118872,-0.674490759476595,0,-1.12921404237065,-0.409703050434543,0.230825726576434,0.773416070866493,0.478807725764757,"protein-coding-exon3"
-1.18035882908404,0.700432711764157,-0.289067468347112,0.776300685435327,-0.0192711645564742,3.2654622076122,6.02425963099846,48.1136741759971,67.1067970547908,-0.674490759476595,1.8970971034516,0.994824129021527,0.947932959264404,-1.87927008231137,-0.465378122799961,-0.0185533274813049,1.91476314503429,NA,0,1.73556721348893,58.3262489456648,-0.258115291392909,0.288658334284861,7.32759146352863,10.8178786181116,0,0.159175307053639,0.156970392120718,-1.34563353122,-0.37085402582906,1.5330042507508,"protein-coding-exon3"
-0.505868069607446,-0.38912928431342,1.44533734173556,1.46351768565676,0.520321443024802,3.24524720677993,5.69669237474052,69.4133823699949,0.161072420173515,-0.674490759476595,1.15941875648591,1.43354156992002,0.789944132720337,-2.13172226307733,33.7962923099443,0.842630289775919,1.77887672828992,2.4817801021767,0,-0.0353172779602735,124.312857775899,0.241433883734413,0,0,-0.674490759476595,0,0.691210008382508,-0.00294623220505457,-0.431047108452728,-0.234749234915887,2.49459675212295,"protein-coding-exon3"
0.927424794280318,-0.0259419522875614,-0.457690158216261,0.292703537131353,-0.211982810121216,3.16340110584929,5.86345388701729,24.9088254157585,91.3582633171657,-0.674490759476595,-0.844950297819264,-1.13409950708454,-2.68581005124914,-1.03908709221571,-0.619137414473957,0.234622287107331,1.09944464456808,0.882026377777086,0,0.498077493586798,347.941609493839,0.67414135481462,0,6.4500487871588,2.89121979354062,4.22615872463299,1.00907717432865,-1.15197679217536,0.29993694629835,1.36551315521487,1.13042998638136,"protein-coding-exon3"
1.34898151895319,0.18159366601293,1.51760420882234,0.318156018621035,-1.46460850629204,3.24869854838544,4.41992454637146,6.6029095401393,0.231541603999428,-0.674490759476595,-0.624528480996847,-1.41961403211372,-2.07816071838735,0.868176415146831,2.83942158624646,0.280232550498872,1.53181051602743,1.55651713725368,0,0.467434561238914,160.32998846124,0.443472687936787,0,0,5.42422778432809,0,0.963713621875501,-1.46996431923692,0.760472354999872,1.4725074429271,1.92643339263403,"protein-coding-exon3"
0.75880210441117,-0.363187332025859,0.168622689869149,0.53450211128334,-1.00210055693666,3.2654622076122,6.04957164625476,377.016668204979,282.349885537911,0.674490759476595,1.91179189123976,-0.966969053408924,-2.53997421136231,-1.18866507487791,55.5358060287583,1.00129989250666,1.72328683053086,NA,0,0.589140671072601,317.098581537549,-0.185522031282911,10.8738050271421,9.72548474967822,2.65509571747181,5.43046031819717,-1.07651819280696,-0.441666991466448,0.982591476768362,0.365349161383151,0.842010994017741,"protein-coding-exon3"
-0.0843113449345744,0.544780998038789,0.313156424042705,0.318156018621035,-0.944287063267233,3.26349001240905,6.04808270418086,24.6129961352863,165.451576596983,1.34898151895319,-0.784701667887804,-0.90528995740959,-1.26391061235254,-0.729323782223205,1.0558138028281,1.16924615897805,1.26621433784526,-0.0778258568626839,0,3.86620319318053,198.497395605408,-0.688574728410646,0,1.62429459172523,-0.674490759476595,0,1.10576680655562,-0.246764912003634,-0.245302601413978,0.216056389620948,1.36338107110626,"protein-coding-exon3"
1.60191555375691,0,-0.385423291129483,0.547228352028181,0.23125397467769,3.2541220851941,5.28351094923333,35.6770112249462,102.0192441274,-0.674490759476595,1.08153638120866,-0.444686385672623,-5.24401374259731,-0.215228136868868,24.505130845057,-1.30491736618509,1.55651713725368,1.06362004379002,0,1.33703596905486,346.261706010381,0.535980829356779,5.49594851399437,8.93592731563523,2.42214072851512,3.26858641302739,0.184878634287307,-0.796821891820904,0.982591476768362,1.7049627531214,2.48285100030853,"protein-coding-exon3"
0.674490759476595,0.907968330064647,1.13218091769286,0.572680833517864,-0.751575417702492,3.03323622244153,5.52620850727899,41.1912690129479,228.058412913176,4.04694455685957,0.5290123603738,-0.448665682188708,-0.388895573031551,-1.3706026701988,-0.62323766225193,-0.120596628628479,1.60593037970618,0.691785394334969,0,1.48523003735876,0,0.541947950329763,6.5925299517339,12.2724372833596,-0.231262777697446,7.26554367258091,-0.157160939715577,0.0817191774769759,-0.0498161899461824,1.26023273481154,1.36468481676976,"protein-coding-exon3"
0.927424794280318,-0.622606854901472,-0.0963558227823708,-0.17816737042778,-1.40679501262261,3.25708037799882,5.7904957253962,156.292525459068,438.328390423439,0,0.3100600223302,-0.333266083222211,-0.492195959618056,-0.494297016863811,-0.434626264465162,-1.66574093293088,1.92093980034085,0.380481966884233,0,1.00290681972482,155.290278010866,0.428359455778138,5.16835522302795,9.00747575445048,-0.174014708758501,20.3155963855071,-0.321613889194938,0.0572410828410129,1.60368339892798,-0.0124905696199455,2.32710348258263,"protein-coding-exon3"
-0.0843113449345744,1.06362004379002,0.409512246825076,1.9343885932159,0.308338632903586,3.26053171960433,4.24944067890994,21.7730350427532,12.120699618057,-0.674490759476595,2.12339683538928,-1.23159227172865,-1.19099269240912,0.255598982645246,-0.612987042806997,0.6700456914342,2.07535618300491,1.02038345664408,0,1.06505830397844,261.72896272277,0.783243256621969,0,8.66149715504434,-0.674490759476595,11.9181027845247,-0.309447110473046,-0.424944451315223,-0.347906239608224,0.319601750006089,0.891188148212126,"protein-coding-exon3"
1.18035882908404,1.45274932810344,1.03582509491049,0.852658129904375,-1.23335453161435,3.06676354089505,4.19434982217565,5.71542169872273,3.6039954013824,60.7041683528936,1.31959194337687,-0.372064224254051,-1.19099269240912,-0.308294802448839,-0.664240140031662,-0.264771444264451,2.82273147509894,0.397776601742608,0,1.33980595163998,0,0.670685209717525,0,0,-0.674490759476595,0,-1.11358255182729,-0.429082762713732,0.393075931084105,1.57027113820404,1.256477810126,"protein-coding-exon3"
1.43329286388776,-0.0259419522875614,-1.56578212021352,1.01809925958731,-1.90784529109094,2.52835425043566,5.451761403584,15.2766240435839,1.84226580573458,-0.674490759476595,0.277731489196245,-0.261638745932661,-1.00262139922197,-0.857241278616301,-0.588385556139158,0.332413784040041,1.63681365623899,2.17912399215515,0,0.128284818473346,100.928601286162,0.5305348543203,0.677578857499892,0,2.20704909810933,4.17662836490571,-1.31783939990676,-0.818477678427886,1.82673734447022,0.614170447653478,2.16118367849585,"protein-coding-exon3"
-0.75880210441117,-0.259419522875613,0.915380316432522,0.814479407669851,-0.809388911371914,3.26102476840512,5.98033583981842,57.7813750618283,30.2816149926209,-0.674490759476595,0.0308590543551383,0.633702970186712,0.322054146416753,-1.78464312746625,-0.678591007254568,0.718554912244694,1.7665234176768,1.02038345664408,0,1.91059548808617,106.438684711905,0.886321185172351,0,0,-0.674490759476595,0,0.581870149272516,0.41070476938426,-0.415711778632775,-0.62865997710191,1.16455544556712,"protein-coding-exon3"
-0.0843113449345744,0.57072295032635,0.433601202520668,1.69259001906391,-1.81148946830857,3.25905257320197,5.48377365817285,23.6663424377753,132.88474664315,-0.674490759476595,-0.127844653757002,-0.38499693793133,0.83855607934928,-0.976754191656797,-0.612987042806997,0.163694462256928,2.03829625116553,1.98023569128385,0,0.659082731346868,193.524881294372,0.62425584446525,0.104192588348591,1.33207938001442,10.8979183823541,2.65533246908692,-0.12267497088796,-0.974399341998132,-0.831779413949866,0.811887025295901,0.982165887746921,"protein-coding-exon3"
0.337245379738298,0.518839045751227,-0.0722668670867781,0.509049629793657,-2.21618392399453,2.88729377740858,5.06091410918531,15.3831225845539,116.696968415712,0.674490759476595,-0.260097743850452,0.0756066338056357,-0.692720239462449,-1.00554742885229,-0.584285308361184,1.0072910711725,1.44533734173556,-0.12106244400862,0,2.44416338354481,208.44242422748,0.73896480278036,0,6.45821347387045,0.205227508191584,0,0.260215972730816,-0.387621680542946,0.513742559150443,0.118931945511562,1.54771567929439,"protein-coding-exon3"
0.252934034803723,0.648548807189034,0.722668670867781,0.330882259365877,-0.481779113911854,3.21517122993193,4.85246221883935,68.5495608710161,33.5936666324388,0,-0.75972052864793,-0.367090103608943,-0.595496346204562,0.639023679962109,37.9641941762541,1.17543060147182,1.28474430376494,-0.240395424531402,0,1.1102436448982,296.066189924654,0.464024788596417,0,0,24.2427952373813,0,0.885314445078138,-0.477182481501893,0.099369420531938,0.427177481001846,-0.229784018770193,"protein-coding-exon3"
-0.168622689869149,0.285361475163175,-0.529957025303039,-0.0254524814896829,0.944287063267233,3.2654622076122,5.68180295400152,31.4762354422411,43.8922344972829,-0.674490759476595,2.27916158594379,-0.909269253925675,0.328130639745371,-2.46545371405042,-0.678591007254568,0.397543694052538,2.1741826679099,2.10129813529247,0,1.38568378820602,0,0.735018306733917,0.333239864787396,5.88534252795111,9.84055382170037,0,-1.08812094867419,1.06432638407507,-0.546062082102365,0.365349161383151,1.10713546668437,"protein-coding-exon3"
0.590179414542021,-0.337245379738298,-0.819024493650152,-0.496323389048816,-1.32971035439672,3.20629635151776,5.20087466413189,95.3161941681399,162.300597377338,-0.674490759476595,1.69871746831143,0.557101512252055,0.224830253158865,-0.579431119373074,-0.658089768364702,0.442960693616148,1.64916696685211,0.977146869498144,0,0.522661089029733,157.709339027045,0.106293635863136,0,4.56680471056831,17.4868161523839,14.2471498905301,1.028253951387,-0.856014375213314,0.674490759476595,0.399698227837984,2.76433907609517,"protein-coding-exon3"
-1.18035882908404,1.03767809150245,-0.963558227823707,-0.458144666814291,1.02137172149313,3.26349001240905,5.74136063695751,24.2580009987197,29.949403126013,5.39592607581276,-0.781762710330171,-0.0726221614185719,0.638031799504887,-0.981028597542831,-0.682691255032542,0.628880496085055,1.68005024338493,2.49042741960589,0,1.1102436448982,61.887644330596,-1.33139876570906,0,0.78261745033808,-0.674490759476595,0,-0.697575409170783,0.769869483129823,-1.60147905535621,-0.183127867492303,0.842022594194134,"protein-coding-exon3"
-0.337245379738298,1.42680737581587,-0.554045980998632,0.636312037242071,-0.732304253146018,3.26349001240905,5.98480266604012,63.6979606712721,127.680094066293,-0.674490759476595,0.00734739389408056,-0.425784727221213,-0.230906746487483,-1.39023084692087,-0.668340387809635,-0.0247377699750729,1.36504082275025,3.38110111481216,0,1.22329355915339,0,0.111993077332369,3.18464363258705,19.8230536102222,-0.674490759476595,5.24870256797842,-0.93986351259285,0.991946081915579,-0.818420033254295,0.39299597096874,2.09540677556304,"protein-coding-exon3"
-0.0843113449345744,0.622606854901472,0.0481779113911854,1.33625527820835,-0.982829392380182,2.70190742831268,3.16846873325871,18.9330739502202,0,-0.674490759476595,0.736208868186872,2.12195986720292,0.48004297296082,0.710796986158892,-0.592485803917131,0.67738971689555,1.80358334951617,-0.0691785394334968,0,0.445620948381098,0,0.355735400680983,0,0,23.8734747008515,0,0.879432492450997,-0.710897319154506,-0.398892384636697,0.328784026124784,-1.40165000867346,"protein-coding-exon3"
1.01173613921489,0.726374664051718,0.867202405041337,0.0890836852138897,-2.11982810121216,3.23637232836577,3.23919348176895,28.754606061897,137.012227410096,4.04694455685957,1.99555218163228,-0.495422416252721,-0.407125053017404,-1.79763679689281,-0.690891750588488,0.8207914772198,NA,-0.540457339324195,0,0.802083082303662,170.006232525959,-1.08685577269436,8.21824516155951,8.07186711534845,29.7788112152793,15.0454562871102,0.609829567924813,-0.436392413738405,-0.338275954789446,2.0824623943576,0.799395313460815,"protein-coding-exon3"
1.01173613921489,-0.752316616339279,-0.602223892389817,0.0127262407448417,-0.327609797460061,3.26299696360826,4.68867859071037,2.54413181206084,23.9997906058538,3.37245379738298,9.86314156341374,-0.881414178313073,-2.2300730516028,-0.742435456720242,-0.223463503899541,0.640089798105011,NA,1.48733859782018,0,1.19680560068319,373.946515417771,0.641756872551158,8.37845144217959,11.1408761631779,0.201845794294573,9.91066256416309,0.787657916528904,0.140240652960479,1.35705234855376,0.452542945460783,2.04487122661188,"protein-coding-exon3"
0.674490759476595,0.129709761437807,-1.30080360756201,-0.572680833517863,-0.616677265807173,3.26349001240905,5.35349122670662,16.3297762820649,32.7178353477453,2.69796303790638,1.3592678704049,0.858533223345578,-0.674490759476595,-0.848102441491866,-0.660139892253689,1.06507695572364,1.24150771661901,2.11859277015084,0,0.408745555216694,140.775911913788,0.747575554958525,4.62310981363124,6.89690423948913,0.0236117304515161,18.8782714720553,0.323869980613568,-0.203205844085589,0.0758950801668603,1.11023320250354,2.0228883990532,"protein-coding-exon3"
1.18035882908404,1.32303956666563,0.0240889556955927,2.21436588960241,-1.46460850629204,3.23440013316262,5.03262420978122,86.2046523295964,144.099413897731,3.37245379738298,3.52234063282222,0.224830253158865,0.394972066360168,-1.14678638653438,-0.662190016142675,-0.0388460294139818,1.59975372439962,1.68622689869149,0,-0.235275395823586,0,0.287417906095493,4.0121877299832,4.01457645611797,9.91126238500151,13.2185877240958,-0.993284534398247,-0.729630424186274,0.641182573823423,1.37632573893197,1.85160267437891,"protein-coding-exon3"
1.34898151895319,1.16738785294026,-1.08400300630167,-0.292703537131353,-1.29116802528377,3.19643537550202,2.38677414446133,18.6490778409669,24.9259570218515,2.69796303790638,2.27181419204971,-1.28431795056679,-3.53044262392704,-0.341768907439775,13.1884469778509,0.962260599264748,1.75417010706367,1.15009321808189,0,0.944217813702606,281.619019966914,-0.257558612778915,6.23866399086367,6.10734680544615,6.08171855834525,14.3780154706876,0.068931650308473,-0.590053627915907,1.12468358839609,1.12620451011541,1.69451597101215,"protein-coding-exon3"
1.01173613921489,0.18159366601293,0.674490759476595,0.903563092883741,-1.46460850629204,3.2654622076122,4.33207696401138,17.1107655825115,222.008130130408,4.04694455685957,0.0866992479501506,-0.839631564894169,-1.081615812494,-0.793767662376143,2.7861183651328,-0.11267281168334,1.0623847127287,0.994441504356519,0,0.839477847202775,175.449119812363,0.412391070514588,5.96741642591095,9.75314799741834,0.441432842904305,16.7964149063474,-0.765419301116703,-0.779199702108662,0.185292674005682,1.53347962746142,0.2253979860717,"protein-coding-exon3"
0.75880210441117,1.45274932810344,0.0963558227823708,0.470870907559133,-2.13909926576863,3.19397013149809,4.93584297497773,2647.08040166516,9279.40226024874,11.4663429111021,6.8771606848594,-1.09331171779466,0.51042543960391,-1.58872848713152,-0.645789025030783,1.10314992982591,1.27239099315182,1.01173613921489,0,0.254319026096283,136.408162856797,0.268329751748409,13.4977716821324,27.8895492211551,0.493808101830656,15.3367079811163,-1.0379229146097,-0.949905900594385,-0.685402061673322,1.96791077908593,1.05793687216982,"protein-coding-exon3"
-0.590179414542021,-0.207535618300491,0.481779113911854,1.53987513012581,0.55886377213775,3.16340110584929,4.68644517759952,24.849659559664,120.37143300092,2.02347227842979,5.50760646300279,0.179068343223875,1.2517576256953,-1.06443195901849,-0.344420813349751,1.01019002859145,1.27239099315182,1.1414459006527,0,0.562306464779256,136.206574438782,-0.962759080986658,7.00922229720087,8.58839097994858,-0.57407552570708,12.0894273104106,0.802805958911128,-0.959392796912732,-0.922425634373739,0.030082921197303,-0.912396703291966,"protein-coding-exon3"
1.43329286388776,0.882026377777086,-1.3248925632576,0.699943240966278,0.55886377213775,3.2654622076122,4.45268127199726,25.8909786269261,37.9526890033845,2.02347227842979,2.06608716301545,-1.14205810011671,-1.8594069585571,-1.26458167021576,-0.647839148919769,0.05218123354117,0.685608739028407,0.830142473201963,0,1.93673719873323,260.049059239312,0.596410069539715,6.19709976698846,7.27484329016785,-0.0264029648695135,9.1552312284201,0.697978282638395,-0.551784851632214,2.05147720547336,0.384346689757612,0.407508432155946,"protein-coding-exon3"
0.168622689869149,1.66028494640393,-2.6497851265152,2.53252190822344,0.173440481008267,3.20925464432248,6.03989352277441,18.530746128778,51.341833930308,-0.674490759476595,2.68914616523348,-1.10226513495585,1.08769230582262,-1.88551123937196,42.0008881136687,0.767450660711049,1.60593037970618,1.36627615381156,0,-0.224541713306248,153.475982248731,0.704382032202913,3.34569999959534,8.58941156578754,0.214801130753847,29.6857081058173,0.930275124063676,-1.12192522368384,-0.728552506959809,1.15009321808189,1.30336003625049,"protein-coding-exon3"
1.34898151895319,1.68622689869149,-1.10809196199726,0.699943240966278,0.0192711645564742,3.17967171627526,5.27978859404858,25.5241503191406,0.422815102955478,-0.674490759476595,-0.349735949358235,-1.15001669314888,0.498272452946674,0.43424554766738,-0.637588529474836,0.010629510536164,2.56331195222332,1.45274932810344,0,0.616667373012226,132.040413799806,0.472159402896228,0.450048735238629,7.78325618310048,3.28868290707476,0,-0.239508276495542,-1.60275031954834,0.800891053750141,1.49886835439243,0.0576624695251478,"protein-coding-exon3"
-0.590179414542021,0.95985223463977,-1.51760420882234,0.572680833517864,-5.47301073403866,3.2654622076122,3.47593527151901,0.840155156541022,1.00670262608447,-0.674490759476595,0.224830253158865,-0.486468999091527,1.07553931916538,-0.997942657644009,-0.354671432794684,0.629460287568846,1.26621433784526,2.71525767276476,0,0.300716234397034,0,0.0207119977083299,1.06189791310063,0,0.697954192902992,0,-0.676384264774373,0.0200343789943574,-0.672936377479449,-0.133399283540937,1.49840289533097,"protein-coding-exon3"
-0.0843113449345744,0.726374664051718,-0.819024493650152,0.738121963200802,-0.55886377213775,3.26349001240905,5.30286719619403,18.2467500195247,20.8488113862094,-0.674490759476595,5.09615240493428,0.97691729469914,-0.747408679420011,-0.292626351424879,-0.612987042806997,1.7546422937788,2.14329939137709,1.56516445468287,0,0.662025837843558,218.723433546243,0.325812148544925,9.62439805883545,4.63448566620435,-0.490513063820473,8.25749071277774,-0.799421821783185,0.127805521170877,-0.404924167311151,0.341897040148483,1.78176136479083,"protein-coding-exon3"
1.51760420882234,-1.76405275555417,2.02347227842979,-0.878110611394058,-1.36825268350966,3.2654622076122,5.68775872229712,16.4126084805971,23.274964715073,-0.674490759476595,0.133722568872266,0.860522871603621,-0.376742586374314,-0.68446874376884,-0.660139892253689,1.41217879068639,2.87214471755144,1.41816005838669,0,1.67480072052787,0,0.539365909098896,0.800135312037045,16.3884599718698,39.0389108431574,11.8050285974399,1.12051197547023,-1.08461982831504,1.18445056740781,1.3425208794946,0.891193779428503,"protein-coding-exon3"
0.843113449345744,1.58245908954124,-1.61396003160471,0.789026926180168,-1.32971035439672,3.17671342347054,5.14206145221285,4.18894261148622,4.11741374068548,-0.674490759476595,-0.243933477283475,-0.402903772253719,-0.60157283953318,-0.54014854257995,0.494079857245773,0.403921400374237,1.65534362215868,2.18777130958434,0,1.01969983914711,153.543178388069,0.0160595858024388,0.463436095700458,0,13.2555431333887,0,-0.259490800489114,-1.11886913197283,0.194062522343647,1.34517083669626,0.930057015629303,"protein-coding-exon3"
0.505868069607446,0.907968330064647,-0.433601202520668,0.114536166703573,-4.56726599988437,3.26349001240905,5.46739529535995,91.2219169264048,1.27851233512728,-0.674490759476595,2.55248463880359,-0.0746118096766147,-0.589419852875944,-0.85450093864642,-0.424375645020229,0.682801104077597,0.895615019451523,2.74119962505232,0,0.459124613483555,0,0.709816163013562,0.337956344089502,0,1.26439465642914,0,0.629892666611908,-0.400687579887081,0.337423308080462,0.568801324230972,1.96032413499917,"protein-coding-exon3"
0.0843113449345744,0.882026377777086,-0.770846582258966,0.152714888938097,-0.481779113911854,1.38546713021143,6.08381731395446,485.455849254865,1143.71485349457,6.07041683528936,3.23873122851071,-0.676480407734638,-1.39151697225352,-0.942204929357103,-0.670390511698622,0.963999973716121,1.80976000482273,1.09820931350676,0,1.41338361405722,0,0.430778046692556,8.48488225798325,18.4557371612417,-0.155012374882265,11.5711706196056,-0.512978786310804,-0.387621680542946,0.186292521449048,0.118931945511562,1.73427903809439,"protein-coding-exon3"
0.337245379738298,-0.415071236600981,1.51760420882234,-0.674490759476595,-1.05991405060608,2.15462325943912,1.42417309368513,0.414160992661067,0.573820496868148,-0.674490759476595,-0.834663946367551,0.704335483347241,-0.759561666077247,-0.43804793327152,50.6073081996345,0.395417791945306,1.56887044786681,1.02903077407327,0,1.30881677146896,0,0.687018397136629,0,0,2.55591954259071,0,-0.895305707074924,0.141458959791216,0.457987552731022,0.18153523819245,2.2575324240993,"protein-coding-exon3"
0.168622689869149,0.103767809150246,-1.30080360756201,0.979920537352789,-0.0770846582258967,3.26102476840512,5.5068522603183,-0.769156129227696,-0.654356706954906,-0.674490759476595,1.49886835439243,0.0686428649024853,-1.22745165238083,-1.79231345704702,-0.692941874477475,-0.38440175375328,1.85917324727523,0.38912928431342,0,0.889683781558066,261.594570444094,0.333757255231462,0,0,-0.35113959211231,0,0.412663292875329,1.0755298196969,-0.0894548787205612,0.544325876068826,2.06706980034788,"protein-coding-exon3"
0,-0.155651713725368,0.843113449345744,-0.190893611172621,0.192711645564741,3.25708037799882,5.78528442813755,49.1076605583837,227.011442182048,-0.674490759476595,0.614242129545135,-0.168125277804638,0.516501932932528,-0.950268609172781,-0.660139892253689,0.961101016297166,NA,3.2254494010868,0,-0.135382898847715,208.308031948803,0.720947366448279,0.721648335966235,6.67710227880447,6.1795675087093,15.8411708511192,0.173437027807116,0.41070476938426,0.551250472559886,-0.438418993659792,1.71527587593296,"protein-coding-exon3"
-0.252934034803723,-0.181593666012929,0.385423291129483,0.165441129682938,-0.501050278468328,3.26102476840512,3.12603388415256,14.637632797764,9.68447926293261,-0.674490759476595,2.56717942659175,1.30023513663114,0.340283626402606,0.109259583583812,65.0114786436544,1.37352602510033,1.340334201524,1.86782056470442,0,1.53058850219009,0,0.111192407666284,0,0,-0.40351349672793,0,0.694110697349317,-0.110189084468943,-0.462058553199738,0.138645322781291,0.623973116819773,"protein-coding-exon3"
-0.337245379738298,0.726374664051718,0.289067468347112,-1.13263542629089,0.250525139234164,3.25905257320197,4.63879903123473,52.2079514177322,4.65096613251025,-0.674490759476595,0.884626224847299,1.41762438385568,0.656261279490741,-1.1533422237829,-0.641688777252809,0.883408957469203,1.46386730765525,3.36380647995379,0,0.878603851217588,0,-1.33139876570906,0,0,-0.674490759476595,0,1.28754331514231,-0.0667812633145177,-1.01435761678944,0.659224507718892,1.53652323413682,"protein-coding-exon3"
-0.421556724672872,0.830142473201963,-0.481779113911854,0.369060981600401,0.46250794935538,3.26496915881141,6.05478294351341,57.9825389725494,99.9152356388837,-0.674490759476595,-0.511378615028007,0.896336540248395,0.893244519306842,-0.199048330539524,-0.672440635587609,0.855772230075176,1.35268751213713,2.07535618300491,0,0.891588144585335,134.123494119294,0.633762020116137,0,7.49330237474862,-0.674490759476595,12.091074661621,0.597743363896443,-0.107160631830268,-1.13112274651243,0.602597364571137,1.11381995314637,"protein-coding-exon3"
-0.421556724672872,1.66028494640393,-5.03459174037887,0.292703537131353,0.173440481008267,3.2654622076122,5.78230654398975,54.7284168873553,17.7381002716084,-0.674490759476595,0.777354273993723,-0.00596894477412939,1.23352814570945,-1.26628618790038,-0.666290263920649,0.285450673852989,2.51389870977083,1.03767809150245,0,-0.140576616194814,36.756288218063,0.634742722014833,0,0,-0.674490759476595,0,0.439897539285924,-0.788562475533593,-0.0276922706302415,-0.504560916972809,0.0835914042052465,"protein-coding-exon3"
-0.421556724672872,1.01173613921489,-0.26497851265152,0.687217000221437,0.0578134936694225,3.26299696360826,4.32463225364188,66.2657588257708,27.5131827708886,-0.674490759476595,-0.299773670878487,1.00974649095685,0.789944132720337,-1.76564431112004,-0.651939396697742,0.486831582556316,0.889438364144961,-0.229153911873459,0,0.131054801058466,79.8962096732667,0.564212726044361,0,0,-0.674490759476595,0,0.899656740525137,1.14108854272191,-1.45095766705799,0.907467036300632,1.42429065726992,"protein-coding-exon3"
-0.337245379738298,-0.0259419522875614,1.46942629743115,-1.15808790778057,-0.886473569597811,3.25116379238938,5.07729247199821,161.262457371001,61.1169164295882,-0.674490759476595,2.389372494355,0.0875445233538944,0.668414266147977,-0.772225181177511,-0.676540883365582,0.333766630835553,1.74799345175711,0.873379060347899,0,0.37879511851509,55.3024226754403,-1.33139876570906,0,18.1940374661157,-0.674490759476595,0,0.351748824572342,0.603567367171686,-0.791912654469085,0.408394194029069,1.82196015545375,"protein-coding-exon3"
-0.843113449345744,1.1414459006527,-1.42124838603997,0.458144666814291,-2.44743789867222,3.25855952440118,2.5952260348073,4.73326848755505,1.30871341390981,-0.674490759476595,-0.68771606848594,0.95105186734458,1.09984529247985,-0.789139241278689,-0.688841626699501,0.225345623366679,1.67387358807836,NA,0,1.98711625700009,101.869347236899,0.534199457791998,0,0,-0.674490759476595,0,0.0721546380493718,-1.04345723928928,-1.13988013124165,-0.138437146620973,-0.0246701108911319,"protein-coding-exon3"
1.77053824362606,0.95985223463977,1.01173613921489,1.17081414852541,-0.674490759476595,3.21812952273665,5.78528442813755,7.49039738155587,0.161072420173515,-0.674490759476595,-0.577505160074732,0.956025987989688,0.273442199787809,1.53183693148887,55.3512948787495,-0.216648751109818,1.75417010706367,NA,0,0.258820247797102,110.336060793527,0.562898016977269,1.96543973360258,3.54319471462619,16.447653527964,0,-0.902638004185469,-1.20942832017388,0.76510861750358,2.16564435028025,1.91399062784199,"protein-coding-exon3"
0.505868069607446,0.830142473201963,-1.25262569617082,0.394513463090084,-1.77294713919562,3.25165684119016,5.78528442813755,21.6192038169077,0,-0.674490759476595,2.1248663141681,-0.492437943865656,-1.62850021206962,-0.850174086062398,-0.674490759476595,1.73106410677131,1.67387358807836,1.9456464215671,0,0.741143465431033,271.338010648151,0.401532284273954,0.492431042249788,0,29.5741748637221,0,0.328704462224916,-0.644752804652564,0.647255336953563,0.346561550449299,1.99090116017221,"protein-coding-exon3"
-0.337245379738298,0.95985223463977,-1.80667167716945,-0.394513463090084,-1.42606617717909,3.26349001240905,5.72125991895986,20.0453920447957,3.86573808416437,-0.674490759476595,-0.013225309009345,0.911258902183719,-1.64065319872685,-1.56500946796638,-0.686791502810515,1.43710982448939,1.49475058418806,NA,0,2.421137903306,183.17667583627,0.573562557914297,0.252770687279612,0,12.9287479538337,0,1.28585124657834,-0.071188148710909,-0.614214778840285,0.140946884594512,1.08001313448135,"protein-coding-exon3"
0.674490759476595,0.933910282352209,-0.192711645564742,-1.73076874129843,-1.77294713919562,3.04260414965648,3.74320037378402,39.4399596725525,107.042690231562,1.34898151895319,-0.411454058068511,-0.624749553025519,0.559037386232854,-1.25198135102411,-0.676540883365582,1.14450838900298,0.963558227823707,0.985794186927331,0,-0.0186973824495565,0,-1.33139876570906,2.18632218030806,4.82848829118109,-0.54611632237579,7.56244029006813,0.984501892804298,-0.1753008162006,-0.48088693036757,1.64055825351859,2.01401080855418,"protein-coding-exon3"
-0.75880210441117,0.95985223463977,-0.168622689869149,1.97256731545042,-0.154169316451793,3.2654622076122,5.78230654398975,11.3835107125699,12.9562627977071,-0.674490759476595,5.83089179434233,1.18085624114855,0.619802319519033,-1.53490506332118,2.0521740128756,-1.66477461379123,1.32180423560432,2.71525767276476,0,0.251722167422734,0,0.187038092189107,2.10155356587921,2.48242465113723,-0.240323116492401,0,0.0235680978553224,-0.0357756767756319,-1.24747085791497,0.20341784809611,0.776108441431541,"protein-coding-exon3"
-0.421556724672872,1.21927175751538,-0.602223892389817,0.750848203945644,0.520321443024802,3.23242793795947,5.71009285340561,276.458379186872,533.451721562161,-0.674490759476595,1.21672842885974,0.604853070445088,0.710949719448303,0.385155438350472,64.4005417247364,0.478907765611176,1.34651085683057,NA,0,0.491325661035569,133.653121143926,0.277056577339704,0.347411304929643,0,3.88208769726871,0,0.505807638587305,-0.304948069648579,-0.503381009284887,-0.0258654273545701,0.738559185314483,"protein-coding-exon3"
1.26467017401862,-0.415071236600981,0.409512246825076,1.18354038927025,-1.48387967084851,3.2654622076122,6.08381731395446,197.921621807115,0.604021575650682,-0.674490759476595,0.527542881594984,0.856543575087534,-2.04170175841564,0.602350326393896,2.67336155123854,1.3209582639033,2.779494887953,2.30883375359296,0,1.05553648884209,267.104653869836,0.677820171357313,0.247349136326111,0,3.8184892653089,0,0.463103051020396,-0.92659002848888,1.32229226762854,0.801318081771336,2.3874391008591,"protein-coding-exon3"
-0.505868069607446,1.19332980522782,0.240889556955927,1.32352903746351,-0.69376192403307,3.26102476840512,3.48263551085156,86.9146426027297,66.1604965862714,0.674490759476595,1.58997603867903,2.14185634978335,0.0486119466289438,-2.06068321065238,-0.684741378921528,0.441221319164776,1.31562758029775,1.33168688409482,0,0.586024440664342,0,0.725666106018816,0,24.4197185138366,-0.674490759476595,0,0.747048270993579,-0.226704814936117,-0.287648322592468,-0.410216602254776,0.654873954960529,"protein-coding-exon3"
0,-1.11550394836514,0.578134936694224,0.241798574151987,-1.17554103794492,3.2654622076122,3.29130645435544,1.26614932042098,-0.775161022085042,-0.674490759476595,-0.584852553968812,0.258654273545597,-0.322054146416753,-0.107122380640795,-0.668340387809635,1.16576741007531,1.13032792110089,1.86782056470442,0,2.01446983502815,170.006232525959,0.507128295235722,0,0,9.85608776579277,0,1.23315539701464,-0.0891235242028212,0.067351110695735,0.0652999632336326,1.75605333991191,"protein-coding-exon3"
0.168622689869149,0.103767809150246,0.120444778477964,0.572680833517864,1.40679501262261,3.2654622076122,5.99150290537267,137.65528078932,459.388609361126,-0.674490759476595,0.199849113918991,0.538199853800646,0.170141813201303,-1.18369575024354,0.036902230001759,1.32076500007537,2.5015453991577,1.40086542352831,0,0.129842933677476,163.219422452788,0.398258540254636,0.607261711670579,19.4980238780367,18.2147581706631,11.9841066563564,0.444167998042615,-0.05321631920375,-0.48088693036757,0.932108757887797,1.98133184782474,"protein-coding-exon3"
0.75880210441117,-0.415071236600981,1.56578212021352,0.35633474085556,0.46250794935538,3.2654622076122,3.29651775161409,81.0572228493803,10.8220532304081,-0.674490759476595,4.4143142515636,0.578987643090529,0.121529866572359,0.521202172931732,3.02393273625525,0.417256604501424,2.94008792592362,0.985794186927331,0,1.286656910788,0,0.090931674962064,0.345215081743166,7.11740449574782,13.6290620331867,0,0.964116495343113,-0.411050189711754,0.24952425286725,1.02982592969894,2.07459033394612,"protein-coding-exon3"
0.168622689869149,-1.99753032614222,0.0481779113911854,0.483597148303974,0.944287063267233,3.24475415797915,5.1755626488756,3.62095039297962,12.5435147210125,-0.674490759476595,0.459946857769443,-0.945082922570451,-0.401048559688786,-1.23480505743299,-0.569934441138278,0.520846016272042,1.36504082275025,1.45274932810344,0,1.09448936894534,274.025856221683,0.144439149570145,0.420367718968933,0,0.306093862865823,0,-1.08376991522398,0.297284333464606,0.475716103159313,-0.139249705182266,1.97219087923503,"protein-coding-exon3"
0.421556724672872,-0.155651713725368,0.650401803781003,0.979920537352789,-0.346880962016535,3.24771245078387,4.72664661359482,38.2566425506637,118.186888302317,-0.674490759476595,1.79129463137684,-0.172104574320724,-1.42189943889661,-0.473475677762515,-0.317769202792925,0.0581724122070075,NA,1.45274932810344,0,0.742182208900453,392.761434432501,0.535822116730662,0,3.38654015985084,-0.674490759476595,0,0.481715805224086,0.90219332503608,-0.223970687077489,1.08933883949876,1.84175118212633,"protein-coding-exon3"
0.421556724672872,-0.259419522875613,-2.43298452525486,0.292703537131353,-0.173440481008267,2.87989804539678,1.72866174779763,8.5198832775991,-0.302010787825341,-0.674490759476595,0.966917036461001,-0.231794022062015,0.218753759830247,0.738724852837581,5.79365011027616,1.51789410456424,0.685608739028407,-0.0345892697167483,0,0.287731941029287,0,0.445235108740241,0,7.96116040934379,0.238599078930969,0,-0.715382416439249,0.322251096088429,1.19768065676451,-0.340426939924512,2.0178433708034,"protein-coding-exon3"
0.505868069607446,0.674490759476595,-0.120444778477964,-0.636312037242071,-0.539592607581276,3.11458927457138,3.42977806722812,21.3943735637488,20.0434492853418,111.290975313638,-0.29095679820559,0.967963877537945,-1.00262139922197,-2.06339732727326,-0.676540883365582,1.18915233325487,NA,-0.0518839045751226,0,0.892280640231615,171.014174616033,0.88356148055404,0,7.69972928943854,-0.574738867103458,9.79297579368913,0.697575409170783,-0.521367106900318,-0.354128958095959,1.35606278676921,1.00924580218034,"protein-coding-exon3"
0.0843113449345744,0.0518839045751228,0.289067468347112,-0.789026926180168,-0.809388911371914,2.69599084270323,5.47930683195115,5.70358852750384,0.211407551477739,-0.674490759476595,0.240994519725842,-0.960005284505773,-2.24222603826003,0.408166427092773,20.8538601987718,-1.5911410953498,0.852378432305587,-0.822359887515695,0,0.845017812373014,400.757775013762,0.281997988355839,0.185317832527745,5.24479062639572,31.2111302451066,0,-0.840756639560212,0.0772877982756324,0.132658463549672,0.072197645949717,1.15535876874569,"protein-coding-exon3"
-0.337245379738298,1.97158837385466,-3.44472066446975,-1.18354038927025,-1.88857412653447,3.2501776947878,2.81633393278141,17.0042670415415,75.8751769279866,1.34898151895319,-0.580444117632364,0.971943174054032,0.559037386232854,0.338189420302085,-0.619137414473957,-0.189205287543721,1.85299659196867,1.45274932810344,0,1.31158675405408,88.5645116479104,-1.33139876570906,0.543970279814399,0.509827747195694,4.50382466796944,0,0.645524157155267,0.522324880924238,0.0436178621648561,-0.444307405052056,1.09483556685111,"protein-coding-exon3"
-1.85484958856064,0.596664902613911,-1.27671465186641,0.0890836852138897,-0.655219594920121,1.30115578527685,0.789883770203827,12.424829779832,23.4058360564639,-0.674490759476595,-0.698002419937653,1.46537594204871,1.13022775912294,-0.296690970518961,9.1415024209913,-0.314826775698387,0.679432083721845,0.907968330064647,0,0.685743813728643,0,-1.33139876570906,2.02408569337262,0,-0.674490759476595,0,0.424588347516655,0.450210763918071,-1.65184274636693,-1.2011998356971,1.85664569580177,"protein-coding-exon3"
-0.674490759476595,-0.38912928431342,1.99938332273419,0.750848203945644,0.481779113911854,2.36170375576966,4.58296370346349,15.5606201528372,73.4892917041663,0.674490759476595,-0.66126545046725,0.735175031346908,0.352436613059843,-0.20353252321751,-0.62323766225193,0.643955074663615,1.09326798926151,1.72946348583742,0,1.82870787791357,0,0.420343283736623,0,8.63329675686265,4.74791209114056,8.25608497307816,-0.095682448557933,-0.520009984191689,-0.929445327601191,-0.0347164361495314,-0.325101345247295,"protein-coding-exon3"
1.60191555375691,0.830142473201963,1.22853674047523,2.02347227842979,0.616677265807173,3.23390708436183,5.29765589893538,0.390494650223292,1.00670262608447,-0.674490759476595,3.56348603862907,-0.67747523186366,-0.467889986303584,-0.598351265672299,-0.600686299473077,-1.40058296101057,1.27239099315182,1.06362004379002,0,0.529932293315672,161.069145993962,-1.17336433996259,1.99288252241721,0,32.0441667761644,0,0.0167192489059125,-1.33801031140865,2.03404630562126,0.63523468352822,1.77290364784114,"protein-coding-exon3"
-0.168622689869149,0.492897093463666,0,0.229072333407146,-0.905744734154285,3.25067074358859,3.77446815733591,3.78661479004404,-0.473150234259701,-0.674490759476595,0.483458518230501,0.530241260768474,-0.273442199787809,-0.0107122380640793,-0.555583573915372,0.880510000050249,0.951204917210583,0.302656110021549,0.816163400318365,0.53806911715946,269.456518746677,0.516478127105658,0.890095454043765,9.15583670640821,1.52497758431214,0,1.11551634447183,-0.960471698846984,0.167030754525433,-0.279200967975072,1.77017850372658,"protein-coding-exon3"
-0.252934034803723,-0.907968330064647,1.6621379429959,0.496323389048816,0.770846582258966,3.2654622076122,5.99448078952047,72.5373395717812,222.239671734408,1.34898151895319,1.99849113918991,-0.142259850450078,0.103300386586506,-1.91280974567479,-0.432576140576175,1.35709859972626,2.26065584220178,0.423718554030169,0,0.691976274545162,225.107066783384,0.577703299264346,0.351036673349942,15.5290729804245,5.45823452680064,0,0.322500210823686,-0.373573382751871,-0.678372540511355,0.339781059285202,1.86865991677145,"protein-coding-exon3"
0.927424794280318,1.29709761437807,-1.46942629743115,0.394513463090084,-0.501050278468328,3.06429829689111,3.8831609287306,2978.06603382867,2.72816411668892,-0.674490759476595,2.56864890537056,0.461598395865989,0.328130639745371,-1.02555584413477,-0.682691255032542,-0.854032855623804,1.27856764845838,2.57690059389776,0,0.210345552557511,163.958579985509,0.502096868103282,2.54295842270221,0,3.96165345275505,0,0.487114309690092,-0.792148801026762,0.901512340638949,0.723302590754501,1.38225654127725,"protein-coding-exon3"
0.421556724672872,0.492897093463666,0.26497851265152,-0.572680833517863,-1.21408336705787,1.51316676961526,0.334267495590498,0.591658560944382,21.2212913578606,-0.674490759476595,1.39747431865412,-0.600873773929002,-0.710949719448303,-0.578369073738814,-0.639638653363823,-0.996468296808403,0.531192356364352,0.129709761437807,0,0.671720776891476,0,0.453071248549145,2.60804503698996,0,22.4648561088287,7.56593267463427,-0.727307471080574,-0.198741039623994,-0.202980083370388,0.991051755924275,1.43584256885788,"protein-coding-exon3"
-0.843113449345744,0.856084425489525,-0.337245379738297,0.979920537352789,0.944287063267233,3.23341403556105,1.49043101597367,0.390494650223292,-0.34227889286872,-0.674490759476595,0.412923536847327,1.42060885624274,1.17276321242327,0.499318788196176,-0.284967220569139,-0.454943050947824,2.08153283831147,-0.285361475163175,0,0.119974870717988,0,0.114577487408401,0,0,31.0358824364269,0,1.06000038063485,1.24245463279503,-0.617544506585693,-0.62190949059267,2.38454662869642,"protein-coding-exon3"
1.09604748414947,-0.311303427450736,0.289067468347112,1.13263542629089,-3.81569058218188,3.00661158719903,1.21944355852391,8.08205594250025,890.589545191888,-0.674490759476595,-0.599547341756974,-0.302426535222544,0.668414266147977,0.93854677217243,-0.547383078359425,-0.145141134775623,3.3848071079961,-0.575911340783862,0,0.331532290656489,0,0.77455907024366,1.00013163623506,8.24558156814762,5.37988765097281,9.94817824239555,-0.445537767832497,-1.48254404558221,0.314249920796974,1.56862338165454,-0.74410019702207,"protein-coding-exon3"
-0.0843113449345744,0.415071236600982,1.15626987338845,-0.114536166703573,-0.327609797460061,0.675476857078169,0.301510769964703,20.3530544964867,27.9863330051483,-0.674490759476595,0.639223268785009,-0.0368084927737964,0.0850709066006516,-0.329129253224631,0.463327998910974,1.59191415066152,1.36504082275025,-0.178999470784173,0,0.944044689791036,0,0.766542898202145,2.34972878615433,5.93545866414827,-0.340757446043233,0,-0.349412158460191,0.227914036266051,-0.410928281257735,0.334151385428773,1.54941641292808,"protein-coding-exon3"
-1.01173613921489,0.207535618300491,-2.55342930373282,-0.699943240966278,-0.0770846582258967,3.24919159718623,5.71455967962731,89.8137695513572,532.344348673468,0.674490759476595,-0.161642665669772,0.516313722962173,0.619802319519033,-1.69553618758438,-0.688841626699501,-0.053534080336681,1.76034676237023,0.51019172832204,0,0.417747998618333,87.4893734184973,-1.33139876570906,3.04728967428528,15.5291804105128,-0.205694745394014,0,0.185845530609577,0.991020980351789,-0.785248561284452,-0.658119624537851,-0.382635281981882,"protein-coding-exon3"
0.421556724672872,0.985794186927332,-0.0722668670867781,-1.65441129682938,0.520321443024802,-0.835224668533152,0.0550908567342915,42.7295812714032,20.4662643882973,41.1439363280723,1.06243315708405,-0.170114926062681,0.394972066360168,-1.45685126504032,-0.100456070560344,1.43285802027492,1.27239099315182,-0.802471057428564,0,-0.346767194874646,0,-1.33139876570906,0,5.40948095177676,-0.674490759476595,0,1.02962372117688,-0.907807798181673,0.0839643846673579,0.648728959635467,1.30103570819638,"protein-coding-exon3"
0.843113449345744,0.726374664051718,-0.168622689869149,1.76894746353296,-0.23125397467769,3.2654622076122,5.51206355757694,29.4764295062491,3.02010787825341,-0.674490759476595,2.71853574080981,-0.213887187739628,-0.583343359547325,0.890138469929368,-0.670390511698622,0.729570950436719,2.59419522875614,NA,0,0.0725389189478166,256.689252272396,0.243347910628486,0,0,28.1671814445773,0,0.589444170463628,-0.573784614398304,0.556180084036549,0.882233913395384,1.95717156904382,"protein-coding-exon3"
1.26467017401862,1.32303956666563,-1.68622689869149,0.916289333628582,-1.75367597463915,3.24869854838544,4.90010836520414,6.5082441703882,2.01340525216894,-0.674490759476595,-0.18515432613083,-1.53799810346728,-0.115453373243742,-0.0107122380640793,-0.662190016142675,0.347488362618601,2.20506594444271,1.08091467864839,0,3.98981366604148,137.684889504225,0.365063912944425,0.599098882140515,0,4.21671079285278,0,-1.15991300060271,-1.38178290416942,-0.49750020433918,2.69906514699049,2.19529281168008,"protein-coding-exon3"
0.0843113449345744,0.0518839045751228,-0.770846582258966,1.33625527820835,0.578134936694224,3.20925464432248,3.60323981883744,6.5082441703882,1.25837828260559,-0.674490759476595,-0.761190007426746,0.852564278571449,0.552960892904236,-0.726242538716401,-0.674490759476595,1.61897108657176,2.13712273607053,1.61704835925799,0,0.641424092366731,96.359263811156,0.7658298758072,0,1.66858264563151,0.259953850548137,0,1.0361502713522,-0.422411605302653,-0.0827688348309082,0.40631973462445,1.51841243459238,"protein-coding-exon3"
-0.590179414542021,0.285361475163175,0.36133433543389,0.979920537352789,0.250525139234164,3.2654622076122,5.55822076186784,23.3113473012086,33.9258784990467,-0.674490759476595,0.896382055077828,0.38499693793133,0.704873226119685,-1.45685126504032,-0.533032211136519,0.221673610636005,1.30945092499119,2.30018643616377,0,1.26622828922275,78.5522868865002,0.723306736233547,0,6.11497434171624,-0.674490759476595,0,-0.00471361957106449,-0.1753008162006,-0.546062082102365,-0.288604219199125,-1.34981368957626,"protein-coding-exon3"
-0.337245379738298,1.78999470784173,-1.34898151895319,-1.15808790778057,0.0578134936694225,3.2654622076122,6.08381731395446,197.779623752488,96.784390471761,-0.674490759476595,2.70677991057928,0.265618042448748,1.00869789255058,-0.546324141268055,-0.328019822237858,1.09541937670869,2.779494887953,2.56825327646857,0,0.332051662391199,67.8681007317068,-1.33139876570906,4.11089776117866,3.71231653115006,-0.215577150803101,0,-0.219042304340834,-0.500859474858857,-0.763312587885028,0.365349161383151,0.637224077752751,"protein-coding-exon3"
0.843113449345744,1.01173613921489,0.36133433543389,0.839931889159534,-0.0578134936694225,3.26349001240905,3.63301866031544,17.7497568283315,45.0499425172801,-0.674490759476595,0.999245569594956,-0.00397929651608567,0.35851310638846,-0.835187442112284,-0.549433202248412,0.732663171683603,3.74922977108327,2.00617764357141,0,0.312834908206932,154.551120478144,0.680309827626708,3.56351213428693,6.64976132132927,24.7564852979084,19.6529219052534,0.0275162578379235,-0.680478045153063,0.405345305290674,1.02982592969894,1.00523420104897,"protein-coding-exon3"
-0.421556724672872,0.233477570588052,0.36133433543389,-1.09445670405636,-1.05991405060608,0.693226613906501,0.547930683195115,10.9456833774711,19.7515055237773,-0.674490759476595,-0.708288771389366,0.670511462960509,0.710949719448303,-0.164971088521724,5.63989081860217,0.46750519976329,0.296479454714987,-0.540457339324195,0,0.135209774936145,0,-1.33139876570906,4.10434709548129,9.71108911784452,11.4993136058649,0,0.384865023610077,1.44483227335754,-0.311431535857093,-0.314762354422418,-0.576368893681605,"protein-coding-exon3"
0.421556724672872,1.03767809150245,-0.746757626563373,1.06900422256668,-1.21408336705787,3.23440013316262,5.40411525721921,22.7788545963587,66.9457246346173,-0.674490759476595,0.481989039451685,0.244726735739296,0.516501932932528,-0.232351983761999,-0.690891750588488,0.849587787581408,1.52563386072087,0.977146869498144,0,1.95439583771337,117.190067006036,0.681615061313137,0.56153006428988,0,-0.406131379372272,9.85614622143887,0.328623887531393,-0.815191972873718,0.0937032004438126,0.71713097990327,0.521880527050996,"protein-coding-exon3"
1.26467017401862,1.66028494640393,0.0963558227823708,1.14536166703573,-0.847931240484862,-1.12415126579432,-0.554630922527664,6.6975749098904,4.83217260520546,18.2112505058681,-0.380595003713373,0.290488645674286,-3.73096690377144,1.03525848326258,-0.494079857245773,0.00637770632169841,0.543545666977476,NA,0,NA,0,-1.07701085218474,0,0,-0.674490759476595,0,-0.0986637122182644,-0.964669070755547,0.505668448631787,1.68520027653095,0.196066492094946,"protein-coding-exon3"
1.51760420882234,1.53057518496612,0.192711645564741,2.3670807785405,-0.0578134936694225,3.22158086434216,5.40188184410836,22.6723560553887,90.3515606910812,-0.674490759476595,5.8279528367847,-1.56883765146695,-0.917550492621314,-0.0465857794879737,0.297267963903059,0.0637770632169852,2.47066212262489,1.33168688409482,0,0.37948761416137,359.297757042016,0.782340726613749,0.528873745661455,15.0394066379022,0.80310287811081,15.5682816319388,-0.141368299785173,-1.46996431923692,0.865560971750567,1.7097556461151,0.0556931694344069,"protein-coding-exon3"
-0.674490759476595,1.01173613921489,-0.674490759476595,0,-0.134898151895319,3.24968464598702,3.2324932424364,23.0746838768309,90.7441747152542,0,-0.933119024548231,0.396934827479589,-0.431431026331876,-1.07186627845831,-0.200912141120688,1.08169764492565,1.33415754621744,0.907968330064647,0,1.10141432540814,228.87005058633,0.582021704001841,0,0.106477720578297,-0.674490759476595,14.3339982463446,0.489853849269856,0.591619245470858,-0.566183269886269,-0.387794463502217,1.87140481677605,"protein-coding-exon3"
0.505868069607446,-0.856084425489525,1.78258272147386,-0.0636312037242069,-1.27189686072729,3.2654622076122,5.24703186842279,180.041700095375,934.139500796302,-0.674490759476595,-0.3100600223302,-0.175089046707789,-0.382819079702932,-0.781993378677804,-0.371072423906577,-0.516400948229645,1.92093980034085,3.03520841764468,0,-0.353345903514305,237.605548700312,0.255682487407496,0.36067265258569,0.460168188873854,14.6682246576065,0,0.677995758644823,0.16940835179049,0.76510861750358,0.16531636261681,1.06806525924316,"protein-coding-exon3"
-1.09604748414947,0.752316616339279,0.385423291129483,0.114536166703573,-0.481779113911854,3.23735842596734,3.60770664505914,16.8622689869149,17.7179662190867,-0.674490759476595,-0.894912576299012,0.433743320253386,-0.534731412918382,-0.0951383101505028,-0.664240140031662,0.705606235773367,2.29771577404115,2.29153911873459,0,0.859040849210181,179.95126114803,0.764493847133614,0,2.1484621071087,-0.674490759476595,0.584554889386289,0.454642708200536,1.09292022722932,-0.931924920731278,-0.66666085016261,2.03628280006435,"protein-coding-exon3"
-1.09604748414947,-0.38912928431342,-1.90302749995182,-0.610859555752388,-0.0192711645564742,3.2654622076122,5.78528442813755,65.9107636892041,83.2543071771857,0,1.29901924047344,-0.422800254834149,0.923626985949932,0.798736987010521,-0.690891750588488,0.16562710053623,1.14885788702057,1.33168688409482,0,1.05224713452227,120.751462390967,-1.33139876570906,0,4.78262638648105,-0.674490759476595,0,0.952030291314743,1.76838107658087,-0.875164333436508,-0.745724107012089,0.582618079106905,"protein-coding-exon3"
-0.927424794280318,-0.0259419522875614,0.313156424042705,-0.763574444690485,0.32760979746006,3.26102476840512,4.67155575686053,30.3165846627901,51.0901582737869,-0.674490759476595,2.89046475793129,1.24452498540593,0.86893854599237,-1.18062761841123,-0.569934441138278,-1.44638648823004,1.3897474439765,NA,0,0.424153583346422,131.771629242452,-1.33139876570906,0,1.24587747715353,-0.674490759476595,0,0.888859731593126,0.845270709256175,-0.737926011928401,-0.589863641714563,2.33585303591397,"protein-coding-exon3"
-0.168622689869149,2.04941423071735,-0.529957025303039,-1.24717159299446,0.404694455685957,3.2654622076122,5.46888423743385,55.0242461678275,105.703775738869,-0.674490759476595,1.87505492176936,0.645640859734971,0.729179199434157,-1.86177910853232,11.2100774249788,0.601050504863098,1.34651085683057,NA,0,1.78265691743596,92.1931031721799,-1.33139876570906,0,13.2761028834067,-0.253779547922397,12.6512180025369,0.516443498132271,-0.899190068981897,-0.789893826239619,0.645395079656037,2.05535379323759,"protein-coding-exon3"
0,0.285361475163175,-1.13218091769286,-1.4126127226774,-0.770846582258966,3.24623330438151,5.39518160477581,76.1701231359797,13.9629654237916,-0.674490759476595,2.22185191356996,-0.139275378063013,0.820326599363427,-1.49327549679309,-0.692941874477475,0.0413584591770755,1.80976000482273,NA,0,0.393337527086967,77.4099525177487,-1.33139876570906,1.62997564278298,5.52351799051907,-0.674490759476595,0,1.2358949365944,-0.891529865248759,0.291076533513486,-0.163626462021182,1.38042680740482,"protein-coding-exon3"
0.168622689869149,0.233477570588052,0.216800601260334,-0.369060981600401,0.443236784798905,3.2654622076122,4.69984565626462,-0.20116391072109,-0.674490759476595,-0.674490759476595,0.75972052864793,0.188021760385069,-0.358513106388461,-0.43083651229815,-0.61708729058497,1.54495104047447,1.1117979551812,NA,0,2.21269671377576,0,0.101484880176293,0,0,0.0321682656542854,0,0.954205808039849,0.515518776562036,-0.48777536103873,0.835344924338216,1.16147023021447,"protein-coding-exon3"
-0.843113449345744,0.285361475163175,-0.457690158216261,-0.776300685435326,-1.56096432907441,3.2388375723697,5.93492310656448,16.9214348430093,25.9729277529793,-0.674490759476595,0.727391995513975,0.385991762060352,0.89932101263546,-1.66781810769765,-0.674490759476595,0.762039273529002,1.41445406520275,3.32921721023704,0,0.257262132592972,124.917623029943,-1.33139876570906,1.93156629128657,9.76410586642609,-0.674490759476595,0,1.03695601828743,-0.900555253805625,-1.14360852276003,-0.072346368590727,1.31288430640568,"protein-coding-exon3"
0.421556724672872,0.0518839045751228,0.313156424042705,0.776300685435327,-0.366152126573009,3.2388375723697,6.07562813254801,73.8389884058588,293.151804715798,3.37245379738298,2.13074422928336,1.32013161921157,-0.388895573031551,-2.61903075743421,-0.697042122255448,0.608587794152378,1.87152655788835,NA,0,-0.1642945920799,94.8137526063745,0.447729502699968,5.79796920620023,5.72274708929214,-0.361607059757483,15.4146167110288,0.723117587017406,-0.548213461572785,0.0582893248930352,0.674490759476595,0.268079121267662,"protein-coding-exon3"
1.43329286388776,-0.38912928431342,-0.770846582258966,0.127262407448414,-1.0406428860496,3.25708037799882,4.65592186508458,21.9741989534743,3.59392837512156,-0.674490759476595,1.37396265819306,1.66533559198204,-0.133682853229595,-1.5224096375255,-0.694991998366461,0.440255000025125,NA,1.27115566209051,0,0.282538223682188,0,0.647967984576233,1.84279727032498,2.99829319219866,-0.0768903146359002,0.114763490839326,0.245873677283817,-1.69891533872123,1.13458783063232,1.31750528351095,2.65085765082393,"protein-coding-exon3"
1.51760420882234,1.29709761437807,-0.698579715172188,1.57805385236034,-0.69376192403307,3.22946964515475,4.70580142456022,0,-0.140938367651826,-0.674490759476595,3.54879125084091,-1.432546745791,-3.19623549085305,0.0420229167630049,19.7078409448283,0.332993575523833,2.25447918689521,3.45892697167485,0,2.17357070976095,394.777318612651,0.56446382363195,0.374354042927675,0,27.1163717478649,0,0.650680937540705,-0.95163300223182,1.78576001329822,0.801318081771336,1.70515573450012,"protein-coding-exon3"
-1.01173613921489,1.01173613921489,-0.602223892389817,0.343608500110718,-0.578134936694225,3.2654622076122,6.06446106699376,59.5800170870992,38.6775148941654,-0.674490759476595,0.631875874890928,0.148228795224208,0.018229479985854,-1.62877154104547,-0.664240140031662,1.15301199743191,1.68622689869149,NA,0,1.0451490541479,127.4710763248,0.657895814666656,0,5.12216455209293,-0.674490759476595,0,0.408070535344549,0.418900651700135,-1.31631387533181,-0.181593666012932,2.04652939530636,"protein-coding-exon3"
0.674490759476595,0.441013188888543,0.216800601260334,0.165441129682938,-2.52452255689811,3.26003867080354,6.01979280477677,13.4898151895319,20.486398440819,-0.674490759476595,3.1461540654453,-1.23358191998669,-1.81687150525677,-1.3307825147513,0.418225273353269,1.65298552028748,1.17356450824682,3.1562708616533,0,0.575983253793284,228.601266028977,0.279951306132474,2.39000287892273,4.83947301771091,3.78418457447539,9.15233189028972,-0.900945935621497,-0.287994198043846,1.2136670147372,-0.0270228669662175,0.195321083916909,"protein-coding-exon3"
-0.0843113449345744,-0.596664902613911,1.37307047464878,1.05627798182184,-0.751575417702492,3.22306001074452,2.73742000286472,40.5877772807846,38.5567105790352,-0.674490759476595,-0.659795971688434,0.300436886964501,0.328130639745371,-0.449428866734949,35.7459601283706,1.53953965329242,0.852378432305587,2.26559716644702,0,1.09777872326517,162.74904947742,0.839924983752399,0,0,5.09817747567557,5.84374778987281,-0.154260250748769,0.335437996923817,0.0865554457455006,-0.0402219260238408,1.66003123621123,"protein-coding-exon3"
-0.252934034803723,1.42680737581587,-2.60160721512401,-0.292703537131353,-1.6380489873003,3.01302122160926,2.28254819928835,8.35421888053467,4.83217260520546,-0.674490759476595,-0.454068942654179,-0.457619099349902,-0.486119466289438,-0.267805951601988,-0.647839148919769,0.0289895741895385,1.51328055010775,-0.556022510696732,0,1.31504923228548,0,0.268552423194007,0.479330710956684,2.15983895346085,8.15019796816567,9.7686389251402,0.540615906189012,-0.0412472508707303,-0.630406396112111,0.343123294853552,1.95649653072732,"protein-coding-exon3"
0.75880210441117,0.518839045751227,-1.27671465186641,0.114536166703573,-1.25262569617082,3.189532692291,2.73890894493862,346.238589864652,263.756088034131,10.7918521516255,3.12558136254187,-0.701351010960176,-0.103300386586506,-0.0988620257076614,-0.666290263920649,1.41217879068639,NA,-0.937628628846759,0,0.491498784947139,163.824187706833,-0.560723417114943,2.1615996679357,2.54736613952134,13.6347501382597,0,1.11857818282569,-1.09616673640538,0.0758950801668603,1.23977825313316,2.32339386435008,"protein-coding-exon3"
-0.252934034803723,0.596664902613911,-0.385423291129483,1.2598978337393,-0.192711645564742,2.89567560702196,5.51727485483559,115.491751096343,144.56249710573,7.41939835424255,0.402637185395615,1.75984388423908,0.425354533003258,-0.235092323731879,-0.651939396697742,0.32410343943904,1.97652969809991,0.0432365871459356,0,0.415151139944783,242.645259150686,0.816264958235066,0,16.5805449697701,-0.453715086929932,1.50103347593035,1.2982597493808,-1.08094581210447,-1.05087325735736,0.798147398713971,1.55343569086301,"protein-coding-exon3"
-0.337245379738298,0.544780998038789,-0.385423291129483,-0.305429777876194,-0.346880962016535,3.2654622076122,3.83030348510715,10.7090199530933,16.5501911728287,-0.674490759476595,0.0367369694704028,-0.575008346574443,-0.44966050631773,-0.528977395908474,-0.110706690005277,0.945639910062746,2.06917952769835,2.27424448387621,0,1.20234556585343,252.657483912097,0.582467046893036,0.298541338624006,19.8690336880194,-0.674490759476595,8.09407347270191,0.981440054450444,-0.562870647936617,-1.08608476790499,0.63523468352822,1.06395315003485,"protein-coding-exon3"
0.168622689869149,1.08956199607758,0.722668670867781,-1.51442264863613,0.944287063267233,-0.242580009987196,-0.216641071752416,-1.01765272482434,-1.00670262608447,-0.674490759476595,-0.180745889794382,0.933145033022192,0.498272452946674,3.46002667134869,29.9707611330953,1.80199193162171,-0.634960165514597,-0.467819872919023,0,-0.112530542520479,0,-1.33139876570906,0,0,5.49669695158042,0,-0.2838243579329,0.475816501115916,0.366390042184815,-0.0124905696199455,1.71084115804139,"protein-coding-exon3"
-0.0843113449345744,0.207535618300491,-2.50525139234164,0.165441129682938,-0.423965620242431,-0.277093426042285,-0.244186500119562,460.40502578448,-0.402681050433788,8.09388911371914,1.07418898731458,-0.909269253925675,-1.94447786515775,NA,NA,0.638157159825707,NA,NA,0,NA,0,-1.14848127968609,0,0,1.77725858740993,0,0.526676484209624,-0.0611438839438059,0.146318101262121,-0.149886835439251,0.176994394895245,"protein-coding-exon3"
0.590179414542021,1.29709761437807,-3.2760979746006,1.06900422256668,-2.58233605056754,-1.09062394734081,-0.889642889155112,7.45489786789921,2.01340525216894,25.6306488601106,6.20120044660399,-0.540189502058689,0.115453373243741,1.95639295170294,1.34488127117522,0.747931014090093,NA,NA,0,-0.855405247067212,0,-0.926579708767372,0,0,-0.674490759476595,0,-0.541824526591849,-0.95484953096945,0.708410104499538,0.334151385428773,1.05399192572169,"protein-coding-exon3"
0.0843113449345744,0.492897093463666,-2.3125397467769,0.0763574444690486,-0.520321443024802,2.91983499826052,1.19562048534151,3.71561576273072,0.422815102955478,2.02347227842979,0.239525040947026,1.20373719611605,0.625878812847651,3.79622311712722,22.514460548851,0.912978323142532,1.89005652380804,-0.795553203485215,1.37223220300557,0.732141022029395,140.843108053126,-0.173069012245604,0,0,-0.469410193999399,0,0.389457781140858,0.500859474858857,-0.0681109693805101,0.27815537730552,0.25381805984165,"protein-coding-exon3"
1.85484958856064,1.01173613921489,0.554045980998632,1.83257866725716,-1.83076063286504,3.17868561867369,4.8219389063244,130.650043427738,250.074999345643,0,1.17705250183171,-2.23338016965333,-2.54605070469093,4.86213669536387,3.46675949627636,-1.86731510546214,1.63681365623899,1.70352153354986,0,1.22450542653438,175.247531394348,-1.32020019231782,7.50617279873103,18.8292715782997,38.0253446915664,15.6927115600342,0.690484836140805,-1.41167098231895,0.97368683175994,2.07545615199253,1.36451471120389,"protein-coding-exon3"
0.75880210441117,-0.0778258568626838,1.22853674047523,0.598133315007547,-0.211982810121216,3.18706744828707,5.94757911419263,180.42036157438,10.5401764951044,-0.674490759476595,1.34604256139556,-0.576003170703464,-1.71357111867027,0.473475677762516,1.65239985452321,0.9568492120827,2.52625202038395,1.00308882178571,0,1.54201468035371,326.035668069546,0.587614547438607,0,0,3.34697244096637,0,1.23138275375715,-0.631082938322158,-0.0101775011718036,1.34773246199119,1.16502107961728,"protein-coding-exon3"
0.0843113449345744,-0.882026377777086,-0.915380316432522,0.776300685435327,1.36825268350966,3.26496915881141,5.66170223600387,302.787185148897,35.5668037795643,-0.674490759476595,1.7325154802242,-0.630718497799648,1.06946282583676,-1.97992840742512,0.735994476146194,-0.191524453478884,1.32798089091088,3.18221281394086,0,1.28111694561776,109.462510982129,0.826315968274117,0,3.79238954747279,-0.674490759476595,8.65175676914347,-0.815778484568246,-0.237641835943667,1.44802021991126,-1.15404890584205,2.72290308825894,"protein-coding-exon3"
0.590179414542021,0.856084425489525,0.313156424042705,0.458144666814291,-0.481779113911854,3.26496915881141,2.03315040191013,31.6537330105244,-0.251675656521118,-0.674490759476595,0.681838153370676,0.259649097674619,-0.565113879561472,0.930601097427226,-0.590435680028144,0.871813127793387,1.44533734173556,-0.497220752178259,0,1.17932008561462,202.79794852306,0.709517688522655,0.396989343191576,8.04748048530182,-0.304165324383907,0,0.939299489738192,-0.336798418527134,0.0728452642926452,1.03475025961698,2.81050764434146,"protein-coding-exon3"
0,0.207535618300491,1.03582509491049,0.458144666814291,0.115626987338845,1.70792104592611,0.878475823600864,3.32512111250743,180.290373305468,0.674490759476595,0.768537401320826,0.570034225929335,0.291671679773663,0.00958463405733442,3.23714562070986,0.322943856471459,1.03767809150245,-0.912032569256365,0,1.99663807213644,126.059957398695,0.322829772481016,0,0,18.2132684288583,0,-1.26981688256736,-0.123896817465082,0.42584807534639,-0.290898792464331,2.19195708809662,"protein-coding-exon3"
-0.168622689869149,-0.129709761437807,0.529957025303039,-0.152714888938097,0.674490759476595,-0.958979917530685,0.757127044578032,19.8915608189501,235.840224212809,0.674490759476595,-0.551054542056042,0.773973172378748,0.261289213130573,-0.450477800694712,-0.569934441138278,0.522392126895484,0.685608739028407,-0.474737726862373,0,-0.734391632879804,0,0.0906213562453268,0,4.82888578250784,15.7439536717818,11.9097122756928,-0.603061293668926,0.390143169890057,0.0690998763769541,-0.171580982673873,-0.956378407244608,"protein-coding-exon3"
0.75880210441117,1.63434299411637,-0.602223892389817,0.623585796497229,-1.7922183037521,3.24919159718623,5.20459701931664,34.6711916713408,35.9996859087807,-0.674490759476595,0.808213328348861,-0.111420302450411,-1.05123334585091,0.134591338712089,-0.653989520586729,-0.490890122942851,1.80358334951617,0.371834649455046,0,0.585851316752772,163.689795428156,0.248869688710275,5.72653194654175,6.54034377638434,10.1548622563092,11.9059343502502,0.955253279055642,-0.132836643332133,0.808447593081713,0.513199490906097,2.16650146531869,"protein-coding-exon3"
-0.75880210441117,0.57072295032635,-0.0722668670867781,-0.827205648414692,0.867202405041337,3.24475415797915,5.99522526055742,29.7130929306268,43.2882129216322,0,1.80158098282855,-0.515318898833151,0.826403092692045,-2.42685294433114,-0.697042122255448,0.147267036882856,1.80358334951617,1.78999470784173,0,0.59450751233127,46.1637477254283,-1.33139876570906,0.416300305626765,25.0236367552779,-0.569380130400337,8.44199404834722,-0.33668135688364,0.123681625424333,-1.22441570219925,0.157151758585523,1.97069887927168,"protein-coding-exon3"
0.590179414542021,0.544780998038789,-1.15626987338845,-0.165441129682938,-2.02347227842979,3.2541220851941,5.4800513029881,266.412016822036,374.201433141859,-0.674490759476595,-0.039675927028035,-0.244726735739296,0.674490759476595,-2.01814893858399,-0.688841626699501,1.44000878190834,2.80420150917925,1.50463323267856,0,-0.123091101126247,88.7661000659254,0.862722749629332,0.460500797407057,4.40701319721427,-0.674490759476595,0,-0.314281592084394,-0.857636087087082,0.505668448631787,0.505098102987039,-0.976568095304901,"protein-coding-exon3"
0.927424794280318,1.86782056470442,-2.11982810121216,1.46351768565676,-3.08338632903586,3.20826854672091,4.88298553135429,22.4830253158865,30.1507436512299,-0.674490759476595,-0.671551801918963,-0.994824129021527,-2.67365706459191,0.423336634485845,-0.141458548340076,0.553894130848116,1.73564014114399,NA,0,1.7166967071278,423.940443085483,0.755307465580128,0.478661642964083,4.90515040219995,-0.248474712786397,9.67957213636232,1.13517656969132,-0.974399341998132,-0.381854556952354,2.02882537969547,0.494100368784889,"protein-coding-exon3"
0.674490759476595,-0.933910282352208,0.385423291129483,0.649038277986912,-0.0963558227823708,3.26349001240905,5.56194311705259,33.8547028572375,48.0096482379684,-0.674490759476595,-0.17780693223675,-0.222840604900822,-0.382819079702932,-0.265957205497905,1.05786392671709,1.19359740129727,1.40827740989619,2.71525767276476,0,0.884316940299397,206.964109162037,0.843753037540546,0.365655158922223,12.9355495034603,-0.674490759476595,8.75903227996744,0.751882752604928,-0.575808230808961,0.975941820999475,0.29195583233939,-1.16191208023571,"protein-coding-exon3"
0.337245379738298,-1.32303956666563,0.891291360736929,0.699943240966278,-0.635948430363647,3.25362903639331,3.76404556281861,18.1757509922114,0.906032363476023,-0.674490759476595,-0.0602486299314606,1.18682518592268,-0.437507519660494,-0.473475677762515,-0.451027255577055,0.0303424209850506,1.17356450824682,-0.391723479542176,0,1.03043352166445,148.167487241003,0.564449610560955,0,0,5.08502711847093,0,0.698300581412485,-0.272968413798072,0.253419779177835,0.365349161383151,0.779177270349032,"protein-coding-exon3"
0.505868069607446,-0.337245379738298,1.3248925632576,0.992646778097631,-1.23335453161435,3.26053171960433,5.45846164291655,67.5910740022862,1.37918259773572,-0.674490759476595,-0.285078883090326,0.254674977029511,0.352436613059843,-0.473475677762515,0.268566229457246,0.517947058853087,1.21680109539276,1.6775795812623,0,0.496692502294238,121.893796759719,0.0351998547431725,0,0,17.8373117697433,0,1.09239140743089,-0.891529865248759,0.291076533513486,0.592052999985012,-1.37170251748025,"protein-coding-exon3"
0.505868069607446,0.0778258568626841,0.794935537954559,0.419965944579767,-0.770846582258966,3.16192195944693,2.33987246913349,51.8766226236034,55.6706552224712,-0.674490759476595,0.066126545046725,0.314364424770802,-0.644108292833505,0.253881353286134,-0.62323766225193,1.49856772177121,1.30327426968463,0.847437108060338,0,2.61676792338007,234.380134012073,0.588019619961982,0.101084272472648,1.13363989239043,-0.674490759476595,0,-0.583884516610578,-0.36778440270658,0.341652028387668,0.539100278559753,0.640470647333012,"protein-coding-exon3"
0.927424794280318,0.726374664051718,0.144533734173556,-0.0763574444690486,-0.211982810121216,3.24130281637364,5.37656982885207,55.2372432497675,138.099466246268,-0.674490759476595,1.50915470584415,-1.37783141869481,-1.59811774542653,-0.537447537633561,-0.670390511698622,-0.666760206359385,1.4885739288815,2.27424448387621,0,2.80460736743348,255.681310182321,0.261040815172835,9.45106044377164,11.4775620599452,0.0707011145921118,10.3745786297063,1.0171346436809,-0.604085391018795,0.614373546346486,1.02887259143736,1.15482789699081,"protein-coding-exon3"
-1.01173613921489,1.53057518496612,-0.529957025303039,1.48897016714645,-0.539592607581276,3.2654622076122,4.84352856639595,16.6847714186316,7.14758864519974,0,0.492275390903397,1.97074659959164,0.322054146416753,-0.348613201527229,-0.668340387809635,0.237521244526286,1.88387986850148,0.717727346622531,0,0.54326283450656,143.665345905336,0.150688163117875,0,1.81363475086926,-0.674490759476595,0,0.0372657957541423,1.02461538285411,-1.86073799995288,0.332962898725748,0.340221584098945,"protein-coding-exon3"
-0.168622689869149,1.9456464215671,-1.6380489873003,0.0381787222345246,-3.17974215181823,3.2654622076122,5.33190156663507,49.4626556949503,74.5966645928593,-0.674490759476595,-0.809682807127677,0.420810606576106,0.230906746487483,-1.18634430849194,-0.688841626699501,-0.0918003182668714,2.00123631932616,3.43298501938729,0,0.367022692528332,194.936000220477,0.223845208377365,0.803762680660611,8.68647465057669,26.4793039796816,0,-1.2678025152293,-0.488216420153684,-1.04848024207742,0.926606237533377,1.70403776560676,"protein-coding-exon3"
-0.421556724672872,-1.42680737581587,1.68622689869149,1.50169640789129,1.67659131641325,3.26496915881141,5.09515977688501,89.5297734421038,215.313557666947,-0.674490759476595,-0.650979099015537,0.78193176541092,0.401048559688786,-0.500800407414341,-0.276766725013193,1.23437606899055,NA,1.40086542352831,0,0.509676795661986,169.13268271456,0.631656116763623,0,8.96149567665329,6.18965712366033,10.172064254236,-0.578888885612185,0.313037171786787,-0.622099759126306,0.0819693631308355,-0.440385291720199,"protein-coding-exon3"
-0.505868069607446,-0.0259419522875614,-1.30080360756201,0.598133315007547,0.366152126573009,3.26053171960433,3.76553450489252,0.272162938034416,-0.161072420173515,-0.674490759476595,-0.0249811392398739,0.512334426446086,0.218753759830247,-0.20353252321751,-0.485879361689827,-0.0148813147506296,1.47622061826837,1.72081616840824,0,0.752742767506221,0,0.539143237653299,0,0,3.35130623530776,0,0.969192701035029,-0.606187276189467,-0.33136746462303,-0.33476563429905,1.31711598736537,"protein-coding-exon3"
-1.18035882908404,0.207535618300491,0.674490759476595,-0.483597148303974,0.578134936694224,3.26349001240905,5.81506326961555,0.0709990273133259,-0.442949155477167,-0.674490759476595,0.164581623227404,-0.924191615860999,0.261289213130573,-1.36853102562827,-0.4899796094678,-1.23901440086087,1.14885788702057,1.68622689869149,0,0.888471914177076,130.696491013039,-1.33139876570906,0,0,-0.674490759476595,0,-0.891518696479368,0.684407977022701,-0.506254504396086,-1.32474831801392,0.963854838738072,"protein-coding-exon3"
-0.0843113449345744,0.804200520914402,0.216800601260334,0.699943240966278,0,3.26496915881141,5.91407791752988,140.944902388171,235.900626370374,-0.674490759476595,0.896382055077828,-0.0557101512252056,0.176218306529921,-2.43360545669711,-0.688841626699501,0.445279859551311,2.68684505835457,2.6201371810437,0,0.558151490901577,135.534613045399,0.782037514432509,0,0,-0.321644058687,0,0.582273022740128,0.801375159774162,-0.420978457560835,0.399698227837984,1.15036342676238,"protein-coding-exon3"
0.0843113449345744,0.700432711764157,-0.0240889556955927,0.649038277986912,-0.192711645564742,2.99724365998408,5.57906595090243,116.91173164261,13.9931665025741,0,0.743556262080952,-0.0348188445157536,0.595496346204562,-0.65344652190885,-0.678591007254568,0.206792295885374,1.30945092499119,2.51636937189345,0,1.34621153636807,173.097254935521,0.655818337456133,0,0,-0.141455724458125,0,-0.388490884818588,-1.38178290416942,-0.896218779657958,1.09880275685975,1.83192248262142,"protein-coding-exon3"
-0.75880210441117,0.207535618300491,0.915380316432522,0.636312037242071,-1.86930296197799,3.2501776947878,3.70002105364093,126.461100816252,165.350906334374,8.76837987319574,2.78760124341416,0.721247493540607,1.29429307899563,-1.55326140761703,-0.690891750588488,0.197902159800583,1.23533106131245,0.371834649455046,0,2.94553023145144,0,0.778119444528057,0,5.2349070582711,2.80245826818616,6.29332091754378,0.162075996020448,-1.17495740337477,-1.26835611662215,0.16531636261681,-0.414566500520018,"protein-coding-exon3"
0.590179414542021,-0.337245379738298,0.62631284808541,0.407239703834925,-0.23125397467769,3.2654622076122,5.7726284205094,16.2824435971894,35.1741897553914,-0.674490759476595,3.8941187638627,-0.359131510576771,-1.75003007864198,-1.1900549123746,-0.582235184472198,0.831420987755964,1.56887044786681,3.02656110021549,0,0.607838053522158,391.081530949043,0.717429631376869,0,0,5.25705166760922,0,-0.368186062050926,0.0291197369103947,0.208757117058793,0.918928302155131,2.3545256631736,"protein-coding-exon3"
0.168622689869149,0.518839045751227,1.03582509491049,0.852658129904375,-0.250525139234164,3.2654622076122,5.69594790370356,25.9619776542395,19.90251091769,0,-0.746495219638585,-0.485474174962506,-1.46443489219693,-0.806472874963773,-0.662190016142675,1.24133356679604,1.56269379256024,0.830142473201963,0,0.529586045492532,317.568954512917,0.583073471255515,0,3.75007820719144,-0.674490759476595,0,0.742294364075754,0.0572410828410129,-0.0819046522873455,0.491295738384179,-0.162064658534132,"protein-coding-exon3"
-0.927424794280318,-0.596664902613911,0.963558227823707,0.229072333407146,-0.0192711645564742,3.25954562200276,3.20941464029095,17.5722592600481,167.897863978368,-0.674490759476595,3.25489549507769,0.503381009284893,0.261289213130573,-0.563906896768582,-0.291117592236099,0.449724927593707,2.18653597852303,1.15009321808189,0,3.27065693737984,117.593243842066,0.20567853479983,0,0,-0.674490759476595,0,0.552218662056247,0.774432374230038,-0.778894693127379,-0.596187809238518,0.602600550262767,"protein-coding-exon3"
-0.590179414542021,1.01173613921489,-1.6380489873003,0.992646778097631,1.17554103794492,3.24475415797915,5.97065771633807,23.9740048894664,38.7177829992087,2.02347227842979,2.53925932979424,-0.546158446832819,-0.346360119731225,-0.766770724586743,-0.660139892253689,1.6479606607613,1.10562129987464,-0.366646258997534,0,1.53855220212231,294.923855555902,0.792931833350632,0,8.6010677303693,-0.623206126982467,6.44474544080759,1.26764136584226,0.133123176212482,-0.614667504981111,-0.171580982673873,1.42532179877532,"protein-coding-exon3"
-0.0843113449345744,0.648548807189034,0.481779113911854,0,-1.34898151895319,3.26349001240905,5.88802143123664,58.0417048286438,114.814434504934,-0.674490759476595,1.08153638120866,1.20373719611605,-1.44620541221108,-1.21237098236856,-0.641688777252809,1.23263669453918,1.74799345175711,2.23965521415946,0,1.58079443654538,195.876746171213,0.816279171306062,1.58733130914393,20.7985188120877,-0.674490759476595,7.52134436853831,-1.04453003947854,-0.385744811023887,-0.251513606306433,0.271411106713878,1.28187817887116,"protein-coding-exon3"
-0.168622689869149,1.42680737581587,-0.457690158216261,0.496323389048816,-1.1948122025014,3.2654622076122,6.08381731395446,45.5577091927174,64.5095042794929,-0.674490759476595,1.15501032014946,0.602863422187045,-0.285595186445045,-0.637371608975482,-0.672440635587609,1.16673372921496,1.26003768253869,NA,0,0.916864235674551,129.016587529581,0.724555117635993,0,0,-0.674490759476595,0,-0.420801336921099,0.282516047537572,-0.904525416643763,0.790418858761632,2.01083810536368,"protein-coding-exon3"
0.927424794280318,2.49042741960589,-0.0481779113911854,1.87075738949169,0.32760979746006,3.2654622076122,5.43166068558636,134.898151895319,2.01340525216894,-0.674490759476595,-0.355613864473499,-0.95105186734458,0.370666093045696,0.0509913021189783,-0.61093691891801,0.00753728928928003,2.34095236118708,0.337245379738298,0,-0.0451853409197616,223.628751717941,0.445336969082376,0,11.2250476373698,7.98681392149551,0,-0.896917200945373,-0.292501933317571,1.04421162022672,0.501371464544265,1.9725713178003,"protein-coding-exon3"
1.43329286388776,0.492897093463666,0.216800601260334,1.37443400044287,-0.539592607581276,1.89232129742045,1.48224183456722,15.9747811454983,8.40596692780533,-0.674490759476595,1.13443761724604,-0.557101512252055,-1.4887408655114,0.662860704197723,14.4349223023547,-2.05613386535,0.259419522875614,-0.161704835925799,0,1.27263387395083,0,0.641105440130527,0.240656456196829,1.95801004655065,0.408169617023454,1.9712380301609,-0.2909955056564,-1.23011087025335,0.501954357793197,1.8615944961554,1.9267879048249,"protein-coding-exon3"
1.34898151895319,0.907968330064647,-0.337245379738297,0.916289333628582,-1.7151336455262,3.13825561700916,4.15265944410645,-1.12415126579433,-0.533552391824769,0,7.6427591286226,0.182052815610939,-3.26307691746785,1.16548363436715,23.6789309177954,0.889593399962971,1.13650457640745,NA,0,2.81291731518884,354.862811845687,0.247533660036689,0,0,2.93073858069112,0,-0.611843935262875,-1.11290975313637,1.11199377803091,1.18148298034983,0.0315348545717712,"protein-coding-exon3"
1.43329286388776,-0.311303427450736,0.698579715172188,-0.101809925958731,-3.54589427839124,3.15354012983355,5.90812214923428,6.53191051282597,20.2447898105587,0,5.71480297081586,-1.58077554101521,-3.04432315763761,-0.546324141268055,15.7285504763053,0.369327175174721,1.72328683053086,1.79864202527092,0,0.578926360289973,330.940986241243,0.642467526100938,0.341898744727521,4.69306729336044,0.485828502999584,15.061885869849,-1.22687057091989,-0.435747743127201,1.19483863756937,1.19659656958996,0.0338487216299248,"protein-coding-exon3"
0.674490759476595,2.23100789673028,0.192711645564741,0.254524814896829,0.250525139234164,0.0428952456684678,0.13177137354013,4.20077578270511,8.05362100867576,0,0.805274370791229,-0.0805807544507441,0.334207133073989,0.650378390076544,-0.672440635587609,-0.784071349913051,-0.44471918207248,-0.154786981982449,0,0.27249703681113,0,0.464069796654569,0.411626830694887,6.19860866546649,8.38240808621992,7.12198250576161,0.328301588757303,0.482460555374244,0.98887924650902,0.157151758585523,2.28914599400647,"protein-coding-exon3"
2.52934034803723,0.700432711764157,-1.6380489873003,1.6289588153397,-1.65732015185678,1.96775776394086,1.74876246579528,5.62075632897163,17.2347489585661,0,6.85511850317716,-1.18583036179366,-0.559037386232854,2.73159448299128,11.0501677616378,0.454169995636103,0.654725462495596,0.337245379738298,0,0.186800700583996,0,-0.755385637470604,4.92211019890487,4.65385531112686,19.942181508924,12.6666152451838,0.411535247166015,-2.71465835373499,1.6467196895973,2.55681960120109,1.97386695073925,"protein-coding-exon3"
0.421556724672872,-0.700432711764157,1.6621379429959,1.00537301884247,-4.49018134165848,3.07662451691078,4.4846935265861,230.936169507811,1627.49586748572,2.02347227842979,46.8131854567449,0.400914123995675,1.05123334585091,-1.19250679550555,-0.410024777797322,0.614578972818216,NA,1.71216885097905,0,-0.43194415936707,0,0.103266251741074,7.73051559708733,10.3877912441166,6.77062934133743,10.8129278044635,-0.553507857152607,-1.21498814546406,0.257063981210317,0.47504456715824,2.36388859358337,"protein-coding-exon3"
0.168622689869149,1.73811080326661,1.01173613921489,-1.48897016714645,-4.75997764544911,3.14910269062647,1.33185868510334,24.5064975943163,47.4559617936219,-0.674490759476595,0.436435197308385,1.89712961404405,0.583343359547325,-1.58293312700383,-0.692941874477475,-0.961874071608887,1.68622689869149,1.4095127409575,0,0.664968944340247,0,-1.33139876570906,0,4.89377892735221,4.08343307374792,0,-0.214207822729486,-0.851461107260056,-0.415711778632775,0.801318081771336,-0.772943796490176,"protein-coding-exon3"
1.43329286388776,2.33477570588052,-3.49289857586094,1.42533896342224,-1.23335453161435,3.15600537383749,1.99220449487789,19.3709012853191,91.1065876606446,0,34.6752907437238,-0.858533223345578,0.346360119731225,-0.182108047089351,-0.643738901141796,-0.0575926207232161,0.765905258013716,2.04076691328816,0,0.352480283956455,0,0.7291577837934,0.586989651565898,6.50666444369879,0.390608269765729,2.157922458733,-1.10737830042606,-1.36901589794754,0.157185851431141,2.33851220106598,3.13421003457843,"protein-coding-exon3"
2.02347227842979,1.34898151895319,-2.9629415505579,1.67986377831907,-0.366152126573009,3.19051878989258,5.50610778928135,14.2826376611974,37.0969917712127,-0.674490759476595,4.03812768418667,-1.28829724708288,-1.69534163868442,0.113337314352391,-0.684741378921528,0.460547701957802,1.66152027746524,1.16738785294026,0,1.54824714117022,228.265285332285,-1.30130519360557,5.97212690460326,10.1475775666528,20.5506733206689,17.9868128556954,0.505888213280827,-1.46615228095046,1.43289252511789,2.00617764357142,-0.672549183912996,"protein-coding-exon3"
1.51760420882234,0.441013188888543,-1.05991405060608,0.674490759476595,-1.81148946830857,3.20037976590832,1.68622689869149,5.02909776802724,45.4626905939747,-0.674490759476595,14.4582017047717,0.39096588270546,-1.23960463903807,0.995031865905667,3.13258930237154,0.449531663765777,0.864731742918712,0.354540014596672,0,0.980920082955439,250.10403061724,0.437024691395119,7.60769311551575,7.06170199495847,0.39657400853879,9.87411333197409,-1.2208274689057,-0.480023720704726,1.20688879895678,1.31750528351095,1.28234422512418,"protein-coding-exon3"
1.01173613921489,0.985794186927332,0.529957025303039,0.636312037242071,0.404694455685957,-0.101075004161332,2.16045494922856,3.73928210516849,5.36572499703023,45.8653716444085,1.44596711835505,-0.0746118096766147,-0.984391919236112,0.414394472478865,-0.637588529474836,0.420735353404169,1.39592409928306,-0.78517642257019,0,-0.0640558472808881,146.890760593575,0.587744833922734,5.62313143868665,0,1.66295476165594,0,-0.391391573785397,-0.613651451086916,0.0728452642926452,1.67737531392146,0.489747286973981,"protein-coding-exon3"
0.168622689869149,0.778258568626841,-0.0722668670867781,1.00537301884247,-0.0578134936694225,3.26349001240905,5.77635077569415,84.6308405574844,70.5799211147822,4.72143531633617,-0.534890275489065,-0.747112920895167,-0.273442199787809,0.466316703487133,-0.545332954470439,0.877997570287156,2.38418894833302,3.06979768736143,0,0.781654460738406,311.85728266916,0.710526816563342,0,2.07832637395475,15.5219821428591,0,-0.313153546375079,-0.192237393818655,0.738604203537309,-0.361937719680614,1.20499430034307,"protein-coding-exon3"
-0.674490759476595,-0.415071236600981,0.337245379738298,0.572680833517864,0.770846582258966,3.25954562200276,3.77074580215116,39.3807938164581,38.9694586557299,0,-0.0191032241246094,0.817745434055695,0.625878812847651,0.182108047089352,-0.619137414473957,0.757014414002816,1.15503454232714,0.89932101263546,0,0.656658996584889,75.1924799195841,0.689688085638635,0,4.26435678294586,-0.674490759476595,0,1.31042652810269,0.41070476938426,-0.311431535857093,-0.654818112325202,1.96811466185747,"protein-coding-exon3"
0.168622689869149,0.207535618300491,0.674490759476595,-0.699943240966278,-1.48387967084851,3.2654622076122,5.96544641907942,21.5008721047188,13.0871341390981,0.674490759476595,-0.233647125831762,0.394945179221546,-0.996544905893348,-0.935373746944147,-0.688841626699501,1.44232794784351,2.19888928913615,0.475602458605291,0,0.766938928254958,199.639729974159,0.150110164897387,0,1.80450319336281,25.6164726125267,0,-0.441106159688761,-0.641441622915825,-0.0187358544299068,0.442634560906509,2.17404768811767,"protein-coding-exon3"
0.252934034803723,1.71216885097905,-0.722668670867781,0.470870907559133,-0.751575417702492,3.2654622076122,5.57608806675463,74.3714811107088,100.317916689317,-0.674490759476595,24.9047263433755,-0.980896591215225,-0.802097119377573,-0.225599471396024,-0.535082335025506,0.0889013608479179,2.22977256566896,2.59419522875614,5.59133545169975,0.714828630872398,0,-0.542177728310858,4.19960677604226,5.43370643669093,16.5030448368898,13.8185091055731,0.0545893548614733,-1.18113129892088,-0.190030656207796,0.686794902684292,2.29554755306087,"protein-coding-exon3"
-1.09604748414947,0.622606854901472,-0.578134936694224,-0.623585796497229,-1.27189686072729,3.24820549958466,4.93807638808858,20.2583891267356,13.9629654237916,-0.674490759476595,0.66126545046725,1.10624443147194,1.12415126579433,-0.936252229135448,-0.684741378921528,0.507124284488993,1.45769065234869,2.46448546731833,0,0.0682108211585674,0,-1.33139876570906,0,0,-0.674490759476595,0,1.07539014709764,-1.03707373617834,-1.10886868649464,-0.474788593435493,0.854033764943916,"protein-coding-exon3"
0.168622689869149,1.1414459006527,0.289067468347112,0.585407074262705,-1.05991405060608,3.26349001240905,6.05329400143951,42.8479129835921,16.3891187526552,0.674490759476595,1.2402400893208,-1.01770508398902,-0.279518693116427,-0.69508920011144,-0.670390511698622,-0.684733742356898,1.92711645564741,3.38110111481216,0,0.400608731372906,149.645802306447,0.751017486984624,0.142427473886927,1.48602132505991,26.0973883533471,0,-1.08739577643249,0.773863160450936,0.0322526445585178,0.31745398421375,1.49800658386858,"protein-coding-exon3"
-0.674490759476595,0.544780998038789,-0.602223892389817,0.432692185324608,-0.828660075928389,3.2274974499516,1.83214322193367,2.21280301793199,-0.885898310954334,-0.674490759476595,3.77509098277859,1.11022372798802,0.887168025978224,-0.0364242317527694,-0.586335432250171,0.235588606246983,2.89067468347112,-0.290549865620687,0,0.235794767558297,0,0.177981997119748,0,0,-0.674490759476595,0,0.268998614324766,0.280481305920959,-0.160804518514448,-0.768170031626126,2.49373559944705,"protein-coding-exon3"
0.590179414542021,1.34898151895319,0.650401803781003,0.470870907559133,0.211982810121215,3.2654622076122,5.60735585030653,95.9078527290843,34.227889286872,0.674490759476595,-0.592199947862893,-1.72005091907822,-2.03562526508702,-1.76564431112004,20.4622865359754,1.02410502420243,1.27239099315182,3.13897622679492,0,0.823031075603628,350.965435764064,0.793419815454814,0,2.91993905728891,-0.521603975287705,3.60840202071732,0.709661613199153,-0.500859474858857,0.710212581771295,0.38177697577459,1.63197040107842,"protein-coding-exon3"
0.927424794280318,0.674490759476595,-0.843113449345744,0.114536166703573,-0.0385423291129483,3.25806647560039,5.88802143123664,102.54626178288,211.739763344347,-0.674490759476595,0.84641977659808,-0.838636740765147,-0.0911473999292696,-1.40398499346826,-0.692941874477475,-0.768996771334491,1.13032792110089,NA,0,1.27730821956322,100.525424450132,-0.837368999818358,5.8860381560186,11.9173808414911,23.8619630596322,18.783362077651,-0.73762103185145,-0.836920025731895,1.05878842835665,0.621305108191695,1.26403090346393,"protein-coding-exon3"
1.77053824362606,1.78999470784173,-2.86658572777553,0.979920537352789,-1.56096432907441,3.26299696360826,6.08009495876971,1347.70353646155,1174.97297003449,7.41939835424255,1.5414832389781,-0.452644978704795,-1.622423718741,-1.53025041887473,-0.660139892253689,0,1.27239099315182,1.6084010418288,0,-0.0399916235726625,167.116798534411,0.380963601698163,7.61739410135765,13.5607389023872,7.51317082930423,12.1809321789799,-0.658738406892952,-1.61844890010361,0.518141141746433,2.44628738138527,-0.378578795144975,"protein-coding-exon3"
0.75880210441117,1.45274932810344,-0.843113449345744,-1.75622122278812,-0.134898151895319,3.19791452190438,0.847952511085919,30.7662451691079,98.1535060432359,-0.674490759476595,4.6420834622801,-0.675485583605617,0.832479586020663,-0.974813663831235,-0.643738901141796,-0.0519879697132384,0.716492015561218,1.16738785294026,0,0.614243638250247,0,-1.33139876570906,5.46012487349365,4.72714948887716,19.2524310532782,8.85866408117496,0.105512561167674,-1.72649207216053,-0.630406396112111,1.9656115515139,1.95428150155976,"protein-coding-exon3"
0.590179414542021,1.478691280391,0.481779113911854,0.979920537352789,-0.250525139234164,3.26349001240905,4.4966050631773,8.7092140171013,17.113944643436,-0.674490759476595,4.33643187628635,-0.660563221670294,-0.0364589599717079,-1.25558706151079,-0.674490759476595,1.56408415943957,1.03150143619589,1.57381177211206,0,0.770228282574788,176.658650320453,0.777674101636862,0.911682647796086,4.70356321298844,3.69425834189168,0,0.00946752648889021,-0.32951281240714,0.42584807534639,0.663643685859285,0.753420431198178,"protein-coding-exon3"
0.674490759476595,0.596664902613911,-0.0963558227823708,-0.318156018621035,-0.366152126573009,3.26250391480748,1.96763695065854,10.4841896999344,9.1207257923253,-0.674490759476595,0.821438637358206,0.0795859303217222,-0.650184786162123,-0.191338665935266,3.50776197405609,1.30221167259407,1.63063700093243,0.164299031154555,0,1.48886563950173,152.400844019318,0.442920747013125,0,0,22.2829721775638,0,-0.98490476627191,-0.731635232895089,1.18149193983015,0.0640339328616998,2.31253045405803,"protein-coding-exon3"
-0.421556724672872,0.882026377777086,0,-1.00537301884247,-1.23335453161435,3.25855952440118,6.08381731395446,86.3821498978797,94.2877679590715,0,7.07407084122076,0.843610861410255,1.25783411902392,-1.25198135102411,-0.658089768364702,1.00439211375354,1.79123003890305,1.89376251699198,0,0.815240499582979,0,-1.33139876570906,3.64985090827988,17.2428514642085,0.510593429039128,12.0247413195473,-0.93172546854708,-0.724681052686405,-1.32816390291996,0.790418858761632,1.37729926157557,"protein-coding-exon3"
1.09604748414947,-0.985794186927331,0.819024493650151,0.572680833517864,-0.79011774681544,3.23045574275632,4.36408921860022,5.4550919319072,8.82878203076081,-0.674490759476595,3.16378781079109,-0.897331364377417,-2.50959174471922,0.927873869131842,-0.338270441682791,0.781945447805818,1.06856136803527,-0.563805096383,0,1.7305466200534,232.229857553246,0.652554068817478,0,0,-0.18075240464862,7.60061490878477,-0.058134641376462,-0.438848301781098,0.707094009983656,1.13902099153235,1.1646339450076,"protein-coding-exon3"
0,1.21927175751538,0.554045980998632,-0.038178722234524,-2.96775934169702,3.26250391480748,5.09218189273721,66.9165832428096,91.7206762625561,6.07041683528936,0.54811558449841,0.164145981288552,0.941856465935786,-1.43960941307671,-0.668340387809635,0.987191633067751,NA,NA,0,0.845710308019294,101.936543376237,0.0785094509119145,0,2.90486124439444,-0.674490759476595,0,-0.00898407832775539,-0.514567207854996,0.687463421257301,-0.601125097919494,1.52921778133776,"protein-coding-exon3"
0.252934034803723,1.1414459006527,-2.3125397467769,0.547228352028181,-0.134898151895319,3.21073379072484,5.89472167056919,40.8836065612568,-0.674490759476595,0.674490759476595,-0.0308590543551383,-1.03262744592435,0.595496346204562,-0.276105641558612,-0.645789025030783,0.465379297656058,1.27856764845838,3.04385573507387,0,0.681242592027824,164.966522075584,0.571425859574626,0,0,36.1941811512586,0,-0.322661360210731,0.171261626887217,0.475716103159313,0.0362629440578729,2.61984836524091,"protein-coding-exon3"
0,-0.233477570588052,0.192711645564741,-0.509049629793657,-1.48387967084851,3.20925464432248,4.64252138641948,13.4069829909997,19.8622428126466,-0.674490759476595,0.63481483244856,-0.204933770578435,-0.559037386232854,-0.938205868635507,17.0734317474805,0.684733742356899,1.72946348583742,0.242124888017239,0,1.57386948008258,163.085030174111,0.673570463129631,0,0,-0.674490759476595,0,0.76566102519727,-0.0640339328617014,-0.277111455956241,0.408394194029069,2.70944813785871,"protein-coding-exon3"
-0.168622689869149,-0.38912928431342,0.722668670867781,0.432692185324608,-0.250525139234164,3.20728244911934,2.94066059595204,49.6993191193281,38.4157722113834,-0.674490759476595,-0.765598443763194,0.0964979405150885,0.947932959264404,-1.30786330773048,-0.686791502810515,-1.39807053124748,0.642372151882472,1.84187861241686,0,0.374120772902701,89.9084344346769,0.696813571897759,0.275007947093504,0,-0.674490759476595,0,0.313072971681557,-0.619244441643676,-0.763312587885028,0.674490759476595,2.02415474996171,"protein-coding-exon3"
-0.252934034803723,-0.0259419522875614,-0.698579715172188,0.53450211128334,1.25262569617082,3.2654622076122,5.41230443862566,94.2038760735645,24.5434100239394,0,1.52678845118994,-0.78193176541092,-1.34290502562457,-0.119106451131087,-0.159909663340956,1.16750678452668,1.14885788702057,1.0722673612192,0.578562014541248,1.39520560334237,108.857745728084,0.575936140770561,0,3.49350292727786,-0.674490759476595,0,-0.233626323868401,0.252324881388346,-0.457987552731022,0.199916630511529,2.07985703268031,"protein-coding-exon3"
-1.01173613921489,0.57072295032635,0.26497851265152,-0.661764518731754,-0.770846582258966,3.2654622076122,5.43984986699281,142.495047817845,394.909306160416,1.34898151895319,-0.00293895755763222,1.6126099131439,0.89932101263546,-1.45685126504032,-0.686791502810515,0.120596628628481,1.54416382664056,2.2828918013054,0,0.0209479932999661,67.8009045923685,-1.33139876570906,0,22.1073932930269,-0.674490759476595,0,0.604592212845853,0.11770197659183,-1.15870850840948,-0.314762354422418,1.63468228086401,"protein-coding-exon3"
-0.505868069607446,0.0518839045751228,1.08400300630167,-1.01809925958731,-2.85213235435817,3.06824268729741,3.81541406436816,160.52880075543,1245.79449977953,3.37245379738298,0.393820312722718,0.772978348249726,1.00869789255058,-1.7051863800142,-0.694991998366461,0.00483159569825696,1.87770321319492,2.03211959585897,0,0.359058992596114,0,-1.33139876570906,0,3.61935190422998,7.46702946267582,10.4456563432662,-0.464069947342665,0.0910653590652485,-0.968713066079543,0.262301962018665,2.31965647849978,"protein-coding-exon3"
0.0843113449345744,0.856084425489525,-0.0240889556955927,0.0509049629793657,-2.67869187334991,0.249482693198214,0.743726565912935,25.3466527508573,15.1005393912671,-0.674490759476595,1.04039097540181,0.31933854541591,0.631955306176269,-0.637371608975482,39.5632908096636,0.786970307332005,-0.216182935729678,-0.353675282853753,0,0.16169773340635,0,0.217255081125741,0,0,-0.674490759476595,0,0.433935011965261,-0.1753008162006,-0.141976141346616,0.365349161383151,1.78951875386387,"protein-coding-exon3"
0.252934034803723,1.6084010418288,-0.915380316432522,0.585407074262705,-2.04274344298626,3.2654622076122,5.29914484100928,9.98719650874116,33.1003823456574,-0.674490759476595,0.0117558302305289,-1.73198880862648,-0.996544905893348,-1.69350387803734,-0.149659043896023,1.61278664407799,2.40271891425271,2.32612838845133,0,2.37993441235235,256.890840690411,0.490986984275059,1.78538143556376,8.40495410415725,2.86833194217519,0,-0.907553060490339,-0.723701765277335,-0.630406396112111,1.18366515633638,-0.213405898516481,"protein-coding-exon3"
0.168622689869149,-1.66028494640393,0.602223892389817,0.559954592773022,-0.616677265807173,3.23538623076419,2.79027744648817,5.91658560944382,8.19455937632759,-0.674490759476595,-0.556932457171306,-0.178073519094854,-0.0486119466289438,-0.728432188357407,-0.535082335025506,1.64873371607302,2.47683877793145,1.42680737581587,0,0.660813970462568,0,0.347721597484634,0.837636122976623,0,6.00417072584911,0,0.352071123346432,-0.745028468852545,0.272248156345667,0.0819693631308355,1.04967048362858,"protein-coding-exon3"
1.18035882908404,-0.311303427450736,-2.04756123412538,-0.356334740855559,-0.481779113911854,3.23785147476813,5.16886240954305,86.038987932532,22.1877258789017,-0.674490759476595,-0.844950297819264,-0.835652268378082,-1.622423718741,-0.316384705613511,-0.551483326137399,0.991443437282217,1.45769065234869,1.35762883638238,0,0.877565107748168,0,0.560976883547698,0.290410512346203,0,0.640431198885516,0,0.756797808909798,-0.620881100170648,2.72470935749192,-0.653251035099842,2.23902829900968,"protein-coding-exon3"
1.60191555375691,0.129709761437807,-0.554045980998632,0.509049629793657,-0.0963558227823708,3.22946964515475,3.1952696905889,49.5099883798259,46.3787899837116,-0.674490759476595,0.0749434177196217,-1.57182212385401,-1.2152986657236,0.69199484493014,-0.567884317249291,0.638543687481568,1.21680109539276,0.579370267755537,0,0.149925307419592,208.44242422748,-0.119724987953972,1.60701330928503,0,14.7802261551167,5.86063863095054,1.21623471137492,-0.674490759476595,1.3956746606929,1.29735383119079,2.37337710046964,"protein-coding-exon3"
0.421556724672872,0.233477570588052,-0.289067468347112,0.80175316692501,0.828660075928388,3.20580330271697,1.44129592753498,32853.1077457572,-0.151005393912671,0,-0.233647125831762,-0.312374776512759,1.11807477246571,0.597617011900465,-0.576084812805238,-0.166206892020021,1.08091467864839,NA,0,1.6832837921948,107.379430662641,0.392291419281652,1.42034433945085,4.67629208507065,8.01384596369989,0,0.650761512234228,-1.12446479285213,0.986930923490788,-0.161497787480315,1.7399118606387,"protein-coding-exon3"
0.927424794280318,0.726374664051718,0,0.878110611394058,-1.50315083540498,3.2654622076122,6.08381731395446,39.1086308784236,17.7481672978692,-0.674490759476595,0.459946857769443,-0.493432767994678,-1.48266437218279,-1.03638608726932,-0.625287786140917,1.08324375554909,2.59419522875614,NA,0,0.720714843865777,209.719150874908,0.488376516902202,0,0,-0.291338647444144,0,-0.600644052863252,-0.896302452914957,1.02291879578562,0.525584858824256,1.92262227656621,"protein-coding-exon3"
1.34898151895319,0.0259419522875614,0.0963558227823708,1.46351768565676,0.385423291129483,3.26349001240905,6.08381731395446,310.975739632367,418.31514221688,0,-0.830255510031103,-0.878429705926008,-1.51912333215449,0.372437114088346,1.61754774841044,1.07686604922739,1.29092095907151,3.30327525794948,0,1.23160350690875,216.237176390725,0.731358440952551,0.629934015694907,2.42850011830944,1.47982486451785,8.89754156974139,1.28818791269049,-0.988147273624754,0.913020347057318,1.44036413797905,1.58518876846964,"protein-coding-exon3"
1.68622689869149,0.726374664051718,-0.674490759476595,1.37443400044287,-1.27189686072729,3.2654622076122,5.54184239905494,9.26537306438902,21.1910902790781,-0.674490759476595,4.43047851813058,-1.81057991481918,-1.86548345188572,-1.01801663129897,-0.680641131143555,1.23804808172122,1.86534990258179,1.82458397755848,0,0.422249220319152,290.152929662881,-0.660077521064479,0.640497089144619,0,5.99915977614189,0,0.715543565826294,-0.991865976441797,2.08872356016016,0.681247952877541,2.12944869548397,"protein-coding-exon3"
0.168622689869149,-0.466955141176104,0.289067468347112,-0.432692185324608,-0.423965620242431,3.2654622076122,5.70934838236866,14.6849654826396,20.3857281782105,-0.674490759476595,1.50180731195007,0.35813668644775,-0.425354533003258,-1.44394937733523,-0.662190016142675,0.922834778366975,2.81655481979238,1.47004396296181,0,0.899724968429124,154.752708896159,0.320915745586943,0,3.55032270098564,-0.174212438125326,7.88529916263192,-0.413952487971689,0.12462330240582,0.393075931084105,-0.0362914975571438,2.37017390031286,"protein-coding-exon3"
-1.60191555375691,0,0.0963558227823708,1.03082550033215,0.0578134936694225,0.202150008322664,0.955900811443652,21.2997081939977,9.36233442258558,-0.674490759476595,-0.855236649270977,0.495422416252721,0.941856465935786,-0.182108047089351,-0.674490759476595,-0.699615057107529,0.926498295984334,1.13279858322351,0,1.23645097643271,0,0.609450562178172,0,2.62266925992306,-0.674490759476595,0,0.333780667916831,0.25877739534374,-1.26540264569385,-1.14600976262922,0.63460140492987,"protein-coding-exon3"
-0.590179414542021,0.285361475163175,-0.746757626563373,0.0509049629793657,-1.1948122025014,3.26053171960433,6.08381731395446,461.493677536618,2436.91497993642,0.674490759476595,2.37026927023039,0.0586946236122702,0.164065319872685,-2.2407065014967,-0.592485803917131,0.0701547695386836,2.00123631932616,2.02347227842979,0,0.839304723291205,125.253603726635,-0.731974340695694,9.75749158417985,19.87821896057,-0.540329488050384,0,-0.390263528076083,-0.217764989069066,-0.959782610505879,0.118931945511562,1.29197854250687,"protein-coding-exon3"
0.590179414542021,1.06362004379002,-1.95120541134301,0.292703537131353,-0.655219594920121,3.2654622076122,5.78528442813755,16.116779200125,27.2212390093241,0,11.2003672521364,-0.16912010193366,-2.91064030440801,-1.63294105353553,-0.207062512787648,1.70149474109798,2.79802485387269,1.15009321808189,0,2.98327124417369,0,0.691843734739633,0,6.96388689955115,0.215505372334321,0,-0.334022391997399,-0.925969128313441,0.282362573832513,0.730698322766303,2.03442896125517,"protein-coding-exon3"
-0.0843113449345744,0.622606854901472,-0.819024493650152,0.699943240966278,0.346880962016535,3.2654622076122,5.09664871895891,40.753441677849,7.60060482693775,-0.674490759476595,0.102863514517128,1.42060885624274,0.328130639745371,-1.91575987243662,-0.684741378921528,0.342850030748276,1.09944464456808,0.613959537472285,0,-0.168622689869149,150.384959839168,-0.00253111105979863,0.659199989786831,0,17.5806698860894,0,0.0367823475930075,-0.409703050434543,0.0952614109680519,-0.178740051261304,1.78486564099651,"protein-coding-exon3"
2.36071765816808,-0.674490759476595,0.192711645564741,1.61623257459486,-1.00210055693666,3.19988671710753,5.74359405006836,6.80407345086039,13.9931665025741,-0.674490759476595,1.70018694709024,-0.981891415344247,-5.01310699610983,0.261276337702463,-0.451027255577055,0.481420195374269,0.772081913320279,1.1414459006527,0,0.6485221727411,366.017370975848,-1.27517872650147,3.43323889554811,5.70443025923509,23.4360323345181,14.1228737152143,1.07144198711504,-0.783953960648636,1.62707268733523,2.35311470274725,1.98125771458698,"protein-coding-exon3"
1.26467017401862,1.27115566209051,0.0963558227823708,-0.114536166703573,-1.6380489873003,3.26349001240905,5.51355249965084,31.6773993529622,69.3416768846983,-0.674490759476595,-0.861114564386241,-0.367090103608943,-0.516501932932528,-0.257211718608381,-0.678591007254568,0.852293481172432,1.88387986850148,1.91105715185035,0,0.747895297982262,0,0.78671361479006,5.03999217840852,10.0614186358273,-0.0370275325595616,14.1142196301888,0.902396280104901,-1.5345921229696,0.750721864785904,1.4521252948869,0.918901776110752,"protein-coding-exon3"
0.590179414542021,0.38912928431342,1.34898151895319,1.043551741077,-2.10055693665568,3.24919159718623,3.5369818965489,19.796895449199,32.41582455992,-0.674490759476595,1.70900381976314,-1.60564614424074,0.0364589599717077,-0.201028193388576,-0.662190016142675,1.05251480690818,2.98332451306956,1.16738785294026,0.695025796689161,0.836361616794515,0,0.754627607017505,0.34433099189943,4.31653020533419,-0.305076775506329,2.79300710091424,0.847605488509622,-0.822190098989078,1.99492240501277,-0.915380316432528,1.68119280234988,"protein-coding-exon3"
1.51760420882234,0.830142473201963,-0.819024493650152,0.559954592773022,-1.58023549363088,3.26102476840512,5.60661137926958,20.222889613079,13.9931665025741,-0.674490759476595,0.0117558302305289,-1.14504257250378,-3.66412547715664,0.135496044252384,5.90845704805941,0.544424203279533,1.42680737581587,3.0179137827863,0,1.45701083977285,434.288648543585,0.684791682680652,0.996439261005339,1.82419512855025,3.67512193125301,12.1427136308977,-0.475269829742288,-1.05014327809269,1.02493707298383,1.60631093192886,2.27888679156765,"protein-coding-exon3"
-0.0843113449345744,1.55651713725368,1.71031585438708,-1.37443400044287,-2.40889556955927,3.24327501157679,5.62894551037808,156.197860089317,203.353930469063,-0.674490759476595,0.709758250168182,0.658573573412251,1.06338633250815,0.426719446506081,-0.621187538362943,0.125428224326736,1.74181679645055,NA,0,-0.0235448519735156,107.782607498671,-1.33139876570906,1.60030262732635,0,23.4701609649565,0,-0.00737258445730599,-0.656350177501604,-0.190030656207796,0.213085389187878,2.4908809769255,"protein-coding-exon3"
1.43329286388776,0.0518839045751228,1.27671465186641,1.42533896342224,-0.655219594920121,3.1707968378611,5.53290874661154,102.001935906811,152.616118114406,-0.674490759476595,11.1871419431271,-0.816750609926673,-1.84117747857125,2.54717878119045,-0.586335432250171,0.804557315673658,0.382952629006858,0.501544410892853,0,0.885009435945676,318.2409159063,0.103195186386096,6.36751708528337,12.0462432324204,5.5817747517447,14.5110775191257,1.05919463369963,-0.805813155121013,1.26729213958229,1.09711471636382,1.42720916356326,"protein-coding-exon3"
1.51760420882234,0.0259419522875614,-2.09573914551656,0.763574444690485,-1.00210055693666,3.0421111008557,2.37411813683318,209.944123765504,10.6408467577129,-0.674490759476595,11.3149865968841,-0.921207143473934,0.206600773173011,1.89031011223787,-0.670390511698622,-2.29732712260696,0.833848466385901,0.415071236600982,0,0.194071904869934,111.075218326249,0.611885735008751,5.37657638305729,0,2.60499976350687,0,-1.2512847030572,-0.629248805033939,0.795995267704329,1.75430929929593,2.46267050062034,"protein-coding-exon3"
1.09604748414947,0.337245379738298,0.36133433543389,1.06900422256668,-1.83076063286504,3.16389415465008,5.56194311705259,5.41959241825054,20.3051919681238,-0.674490759476595,5.28424568862274,-0.845600509668297,-2.03562526508702,-0.264882048189148,-0.594535927806117,0.763392120324514,1.26621433784526,-0.72464520056588,0,0.611300531753557,275.302582869112,-0.148444866745737,3.70341635175333,8.02927108533307,14.1351679536164,13.0450667299293,0.15103726300787,-0.574850079099366,1.05961665609132,0.829061558523311,2.85976900497014,"protein-coding-exon3"
1.85484958856064,-0.285361475163175,-0.867202405041337,2.04892475991947,-0.539592607581276,3.05147902807065,3.98143110560798,18.8384085804691,82.2375375248404,-0.674490759476595,5.53846551735792,-1.50417408308055,-2.01739578510117,1.11864873306373,36.5598593122982,-0.297239767356735,0.543545666977476,0.57072295032635,0,1.85761957114576,263.005689370198,-1.17446135215894,4.0922958708014,3.84788793109435,36.0927432774556,0,-0.756394935442186,-0.928736569095415,1.04421162022672,2.11420734488319,1.2545901764989,"protein-coding-exon3"
0.927424794280318,1.01173613921489,-1.30080360756201,1.05627798182184,-0.211982810121216,3.18016476507605,5.36316935018697,4.07061089929735,36.1204902239108,-0.674490759476595,10.2672482275882,-0.177078694965832,-0.0364589599717079,-0.419966934140106,-0.680641131143555,-0.341690447780693,0.203829625116553,1.8159366601293,0,0.237352882762426,186.066109827818,0.546489026512855,0.672214312339481,0,2.93188974481305,7.7491400939182,0.495010629655294,-0.115504327875608,1.40387204939182,0.157151758585523,1.6582756803595,"protein-coding-exon3"
1.34898151895319,0.830142473201963,0.650401803781003,1.70531625980875,-2.15837043032511,2.22118484754537,3.28311727294899,15.2884572148028,31.2782505924445,0,-0.665673886803699,-0.835652268378082,-0.425354533003258,1.21094180984838,-0.563784069471318,0.860024034289641,NA,0.233477570588052,0,1.57975569307596,306.280003104079,0.777096103416374,0,7.1859986071345,3.51937619710954,11.5074071454201,0.586140608029207,-1.05217048806115,1.62802874583946,0.638386631232103,0.0905643767609982,"protein-coding-exon3"
1.01173613921489,1.6084010418288,0.794935537954559,1.80712618576748,-3.96985989863367,2.34543314534369,2.42250875423492,35.3220160883796,66.0094911923587,0,8.10711442272849,0.858533223345578,0.431431026331876,3.55235908315682,30.3582345481137,0.687246172119993,1.02532478088933,-0.87943218254833,0,0.744952191485572,163.353814731465,0.730368263673192,0,0,0.467868988386744,10.465929745496,-1.20527655305587,-1.12446479285213,0.795995267704329,0.987986464585433,0.261358818774934,"protein-coding-exon3"
1.18035882908404,0.752316616339279,-2.14391705690775,1.14536166703573,-2.13909926576863,0.737601005977329,4.86586269750445,77.2114422032418,77.596638418591,0,-0.60101682053579,-0.440707089156536,-0.41927803967464,-1.80614627364139,-0.649889272808756,0.955109837631328,NA,-0.438418993659787,0,0.0635364755461783,340.348445748609,0.638423907402692,0,0,17.1008375938544,0,-0.343127332365438,-1.08793246588193,1.53313210274876,0.532589698056651,0.861351247362373,"protein-coding-exon3"
-0.0843113449345744,1.50463323267856,-0.240889556955927,1.05627798182184,-2.13909926576863,2.70042828191032,-0.399780946842088,0,-0.845630205910955,1.34898151895319,1.90297501856686,-0.0248706032255385,0.425354533003258,-1.68711849255729,-0.674490759476595,0.116731352069875,0.475602458605291,-0.799876862199808,0,2.55288520001075,NA,0.307586253838241,0,0,-0.674490759476595,0,-0.533847631933124,-1.07125976936754,-1.1180952320392,1.12415126579432,1.22053868201957,"protein-coding-exon3"
1.85484958856064,0.804200520914402,-1.3248925632576,1.15808790778057,-1.50315083540498,2.39769631822711,5.59023301645668,10.5551887272478,19.0468136855182,0,1.01394035738312,-0.719257845282564,-0.923626985949932,-0.115894090879313,59.4535927806117,-0.633518827955381,2.03211959585897,0.0864731742918712,0,1.17412636826752,159.187654092489,0.271267119754166,0,0,6.54310513841479,0,0.246276550751429,-1.24076551726398,2.42039482412999,0.674490759476595,-0.206102445615469,"protein-coding-exon3"
1.18035882908404,-0.907968330064647,0.36133433543389,1.45079144491192,-1.00210055693666,-0.856918815767779,-0.83604097449472,5.91658560944382,3.38252082364382,211659.247268312,-0.805274370791229,1.06645146631108,-0.771714652734483,1.6109396637295,30.9855724581436,-0.777693643591353,-0.712168356846625,-0.249042741960589,0,-0.614589886073386,0,0.479382011807156,0.943537885016328,0,-0.674490759476595,0,-0.295588263187181,-0.300515684915317,1.38022573583724,0.68505970300116,-0.101344764144476,"protein-coding-exon3"
1.26467017401862,-0.129709761437807,-0.240889556955927,0.890836852138899,-1.65732015185678,2.65063035303083,5.69073660644492,159.806977311078,71.244344847998,-0.674490759476595,-0.930180066990599,-1.06545664218206,-2.47313278474752,-0.992343972633774,0.569934441138278,0.170845223890347,1.33415754621744,2.04076691328816,0,0.337764751473008,295.998993785315,0.552546163602144,0.0194195734725538,6.04595050997631,0.0745189165447244,16.5946473300924,-1.11414657468195,-0.159632217655549,1.25444505084934,0.892708358130787,-1.11734532503969,"protein-coding-exon3"
-0.843113449345744,1.34898151895319,0.120444778477964,0.839931889159534,-0.115626987338845,2.52934034803723,5.71158179547951,7.96372423031138,15.1609415488321,-0.674490759476595,-0.307121064772567,0.15618738825638,-0.528654919589764,-1.83508373925635,-0.649889272808756,0.704833180461646,2.01358962993929,1.25386102723213,0,1.78906250216405,97.8375788765991,0.374792760040909,0,1.47436516047815,-0.674490759476595,4.20450154738638,0.266017350664434,0.20034378994354,-1.54541440870262,0.27815537730552,2.35144130197745,"protein-coding-exon3"
0,1.1414459006527,-1.25262569617082,-0.165441129682938,-3.10265749359234,1.6783381178789,1.67952665935894,0.828321985322134,-0.604021575650682,-0.674490759476595,1.73692391656064,1.88618654862481,-0.0364589599717079,-1.0590561724747,0.473578618355907,0.987771424551541,1.18591781885995,0.778258568626841,6.92778081014953,1.3178192148706,0,0.0318455699882123,0,0,12.1580232595406,0,0.755105740345826,0.0807210415791961,0.399294002283931,-0.261938159020044,0.694197978381711,"protein-coding-exon3"
-0.75880210441117,-1.27115566209051,-1.61396003160471,1.73076874129843,0.154169316451793,2.68070632987884,2.17534436996756,-0.141998054626652,2.01340525216894,-0.674490759476595,0.0764128964984378,1.33405915701787,0.972238932578876,-1.78464312746625,-0.627337910029903,-0.0162341615461417,1.87152655788835,1.19332980522782,0,0.991307517649637,0,0.628953264429294,0,0,-0.674490759476595,0,-0.00181293060425557,0.0591014180333441,-0.311431535857093,-0.858851567066873,1.94721393787285,"protein-coding-exon3"
-0.75880210441117,1.55651713725368,-0.770846582258966,-0.801753166925009,0.578134936694224,2.68169242748041,6.05776082766121,17.4065948629837,31.9225402731386,0.674490759476595,0.101394035738312,1.29028689534092,0.893244519306842,-1.09264828253611,-0.662190016142675,0.569741764738397,2.28536246342802,2.0840035004341,0,0.0458778365660416,92.4618877295332,-1.33139876570906,0.52343219267529,0,30.1832083997597,0,-0.41725605040611,0.475816501115916,-1.13988013124165,-0.0124905696199455,3.07364307826596,"protein-coding-exon3"
-0.674490759476595,1.37492347124075,-0.578134936694224,-0.903563092883741,-0.713033088589544,1.20501126912339,0.981212826699948,14.637632797764,31.2077814086186,-0.674490759476595,-0.50256174235511,0.44966050631773,0.546884399575618,-1.39901566883388,2.74306576346409,1.0845966023446,1.32180423560432,0.89932101263546,0,1.04913090411401,0,-1.33139876570906,0,0,-0.229878672129666,0,0.720378047437642,0.479646602982473,-1.10886868649464,0.16531636261681,-1.28815597000982,"protein-coding-exon3"
-0.0843113449345744,1.11550394836514,0.457690158216261,0.343608500110718,0.269796303790638,2.48792424877112,5.64457940215402,25.0271571279473,5.03351313042235,-0.674490759476595,0.473172166778788,0.947072570828493,-0.425354533003258,-1.38560242582342,-0.653989520586729,1.50417237278119,1.14268123171401,1.98023569128385,0,1.8827225383234,160.464380739917,0.531172073669936,0,0,-0.674490759476595,0,-0.358678248215275,-0.387621680542946,-0.56684256526419,0.513199490906097,0.69438705654334,"protein-coding-exon3"
0.505868069607446,-0.103767809150245,0.36133433543389,1.34898151895319,-1.81148946830857,2.66887315865995,5.06835881955481,84.2758454209177,7.09725351389552,-0.674490759476595,-0.712697207725814,-0.413846837672956,-1.51304683882588,0.200018594452305,-0.299318087792045,0.360437039089929,2.16182935729678,0.847437108060338,0,2.11920980152798,217.782687595507,0.484062849855039,0,0,2.83264585439536,0,0.240716896898379,-0.415467039800957,0.162673174467296,0.829906207698432,1.45764108603965,"protein-coding-exon3"
1.01173613921489,1.58245908954124,0.794935537954559,1.11990918554605,-2.48598022778517,2.69303254989851,5.90663320716038,51.1547991792512,132.723674222977,-0.674490759476595,2.77584541318363,0.0437722616769468,-1.20922217239498,-1.33454556533195,-0.627337910029903,0.554280658503976,1.26003768253869,1.1414459006527,0,1.32855289738793,130.360510316348,0.611589629363009,0.407726434325461,3.51762098210372,0.0337785411142557,11.6727133482172,0.934303858739799,-0.831277217974691,0.416973742038688,1.32968638528657,0.69980571143957,"protein-coding-exon3"
1.09604748414947,-1.01173613921489,1.15626987338845,0.279977296386511,-0.847931240484862,2.67478974426939,3.08508797712032,11.904170246201,-0.0704691838259129,-0.674490759476595,-0.167520580785037,-0.502386185155871,-1.2517576256953,-1.18550516132413,-0.403874406130363,0.0948925395137565,1.11797461048776,1.08091467864839,0,1.63048099916596,212.138211891087,-0.418502691042694,1.26267831697907,1.28635176292476,26.0621762743234,0,-0.747209420380624,-0.466363193146725,0.927500620034075,1.01843637854745,0.749263960071524,"protein-coding-exon3"
0.421556724672872,0.311303427450736,-0.192711645564742,-0.17816737042778,-1.67659131641325,2.63583888900722,1.94381387747615,-0.236663424377753,-0.473150234259701,0,1.95587625460424,0.752087041540275,-1.61634722541238,NA,NA,0.667726525499037,1.12415126579433,0.259419522875614,0,0.710846780906289,147.831506544312,-1.33139876570906,0,0,-0.674490759476595,0,-0.850425602782908,-0.00945017877092746,0.387705186148395,0.38673631596823,2.72455437379005,"protein-coding-exon3"
0.421556724672872,1.29709761437807,-0.385423291129483,0.279977296386511,-2.27399741766395,2.53920132405297,4.8457619795068,1.41998054626652,-0.0704691838259129,-0.674490759476595,-0.828786031252287,0.791880006701136,-1.41582294556799,-1.16269084769928,2.50115114456367,1.08363028320495,0.920321640677772,0.250772205446426,0,1.32820664956479,147.965898822988,0.124401088311523,0.461823931867762,2.00081019373382,5.18270000843986,0,-0.868877207599554,-0.701203264802398,0.366390042184815,0.452542945460783,0.948563381932334,"protein-coding-exon3"
0.590179414542021,-1.34898151895319,1.13218091769286,0.279977296386511,0.366152126573009,2.64717901142532,5.36465829226087,9.53753600242343,31.4695240914005,0,-0.420270930741408,-1.30520925727624,-0.194447786515775,-2.14694491716839,-0.678591007254568,0.900802701982926,0.951204917210583,1.39221810609913,0,0.477821995933112,175.381923673024,0.473286973195212,0,1.90203897054052,3.30098004851844,3.80193284092002,1.19488241759147,0.0560171781092116,1.4366346390931,-0.350557697359547,0.49660117906541,"protein-coding-exon3"
-0.252934034803723,0.259419522875614,1.49351525312675,0.636312037242071,-0.501050278468328,2.68563681788671,5.92822286723193,18.6017451560914,29.2849793927972,-0.674490759476595,-0.164581623227404,0.783921413668963,0.309901159759517,-2.63168352332386,-0.660139892253689,1.40212907163401,0.901791674758085,2.66337376818963,0,0.351268416575465,127.135095628108,0.593020252107265,0,6.58379924710621,5.73034263901026,8.5116660222075,1.01084981758615,0.00620533862657138,-0.263444167500138,-0.0258654273545701,-1.04792289199009,"protein-coding-exon3"
-0.168622689869149,0.95985223463977,-0.0963558227823708,1.4762439264016,-0.982829392380182,2.63238754740171,5.98033583981842,52.5984460679555,14.0938367651826,-0.674490759476595,1.73986287411828,-0.149223619353229,0.176218306529921,-1.52689383020349,0.036902230001759,1.0366671730179,1.58740041378649,1.58245908954124,0,0.43454101804062,221.948848234483,0.503165217273117,0,0,-0.674490759476595,0,-0.149909217298555,-0.20034378994354,-0.705379119676321,0.568801324230972,0.953116395809446,"protein-coding-exon3"
0.590179414542021,0.622606854901472,-0.843113449345744,0.763574444690485,-1.23335453161435,2.5796313257175,4.93435403290383,6.5082441703882,1.40938367651826,-0.674490759476595,5.78974638853548,-1.14703222076182,0.461813492974966,-2.08722123983438,13.9162409584411,-1.84393018228258,1.13032792110089,2.42124888017239,0,1.06678954309414,0,0.19009390245316,0,0,3.51237441062674,7.68318015145211,-0.300825618266141,0.726246238545339,1.5395427734112,-0.419394895315586,1.5476773914626,"protein-coding-exon3"
0.590179414542021,1.16738785294026,-0.481779113911854,0.127262407448414,-0.289067468347112,2.68267852508198,5.778584188805,29.5829280472191,32.7581034527887,0,-0.542237669383145,-1.17488729637442,-0.0607649332861797,-2.08722123983438,-0.592485803917131,-0.251049712481403,1.70475686461117,0.18159366601293,0,1.63446284913207,171.686136009417,0.439848354832911,11.7781969340323,11.5288062120696,-0.592232498824599,6.99761847171466,0.289384011785951,-0.901547054745938,-0.357778310424056,1.38260997562225,1.51448285196764,"protein-coding-exon3"
-0.0843113449345744,1.16738785294026,0.289067468347112,0.929015574373424,0.154169316451793,2.63731803540958,5.59767772682618,54.5745856615098,78.1402578366766,0,-0.549585063277226,0.821724730571781,0.875015039320988,-1.84708092142114,1.98041967676107,-0.478714501783246,2.2235959103624,1.02038345664408,0,3.06290824349587,80.2993865092966,0.472573950800267,0,11.4027370034364,7.27380995058669,0,0.297683205218765,-1.4310270710253,-0.440540407865082,0.365349161383151,0.231895004212071,"protein-coding-exon3"
-0.252934034803723,1.66028494640393,0.0963558227823708,0.432692185324608,-0.55886377213775,2.58308266732301,5.66021329392997,23.8438400060586,87.7341338632616,4.72143531633617,-0.409984579289695,-1.78968860810973,0.437507519660494,-0.416059655139989,-0.666290263920649,0.686279852980341,2.13712273607053,1.16738785294026,0,0.581523218963523,152.938413134024,0.528500016322765,0,0,-0.674490759476595,0,-0.355052387006763,0.316601682648004,-0.0541561923667339,-0.255190542819005,0.701376394999339,"protein-coding-exon3"
-0.168622689869149,-0.181593666012929,-1.87893854425623,-1.28535031522898,1.07918521516255,2.4322097342822,3.47221291633426,34.9906872942507,40.9828639078988,0,-0.648040141457905,0.0616790959993349,0.346360119731225,-1.29969473451883,-0.606836671140037,1.15726380164638,2.67449174774144,0.311303427450736,0,0.221425482897989,56.1759724868385,-1.33139876570906,0,1.81156672166927,-0.674490759476595,0,0.665264957068272,-0.0548887095735704,-0.608558802943956,0.505098102987039,1.63402955784391,"protein-coding-exon3"
-0.505868069607446,1.53057518496612,-1.08400300630167,-1.08173046331152,-0.635948430363647,2.66049132904657,1.49713125530622,88.3464563202151,189.723176911879,-0.674490759476595,-0.839072382704,0.633702970186712,-0.89932101263546,-1.63895931212967,-0.651939396697742,-0.725125882394323,2.56948860752989,NA,0,1.83511346264166,0,-1.33139876570906,0.301457634986376,3.96044780612238,9.87113415802176,0,0.201879894620548,0.571569047780098,-0.0987816290204149,-0.545911366330198,2.23833999290275,"protein-coding-exon3"
0.168622689869149,-0.129709761437807,-0.819024493650152,0.814479407669851,-0.173440481008267,2.5909714481356,5.69669237474052,16.5664397064427,61.2679218235009,1.34898151895319,-0.665673886803699,-1.30421443314722,-0.680567252805213,-2.35827888671163,-0.684741378921528,0.904281450885671,2.9277346153105,0.311303427450736,0,0.0815413623494551,339.676484355226,0.728004156197591,0,0,-0.580026502493165,0,0.568011301986651,-0.102050118002492,0.790028528461008,-0.399776293898114,1.54518636778759,"protein-coding-exon3"
-1.01173613921489,-1.11550394836514,0.963558227823707,0.954468055863106,0.385423291129483,2.66147742664814,5.64904622837572,18.9330739502202,37.5298739004291,0,0.152825792996876,0.123358191998669,1.3185990523101,-0.910540235446758,-0.680641131143555,-1.45025176478865,1.14268123171401,-0.182458397755848,0,0.742701580635163,20.2260379408354,0.401063252931099,0,0,-0.37628778808892,0,-0.599838305928027,0.801375159774162,-0.951596359563337,-0.579250166124577,0.396974974068642,"protein-coding-exon3"
-0.590179414542021,1.01173613921489,-0.746757626563373,0.865384370649217,-0.79011774681544,2.61513083937417,1.70483867461524,13.5489810456263,-0.916099389736868,-0.674490759476595,2.80964342509641,0.966969053408924,-0.0486119466289438,-1.14057145282278,-0.580185060583211,1.27380188988832,1.79123003890305,NA,0,1.26241956316821,0,0.33734605565785,0.224843849274524,0,-0.259137201176932,0,-0.687503572480474,0.801375159774162,-0.644396521561891,-0.171580982673873,1.60839572257202,"protein-coding-exon3"
0.0843113449345744,1.29709761437807,-0.289067468347112,0.203619851917463,-1.1948122025014,2.68070632987884,1.41523944124173,2.53229864084195,0.714758864519974,-0.674490759476595,0.318876895003096,0.408872717027847,0.875015039320988,-1.6184395415418,-0.602736423362064,0.689951865711016,2.19888928913615,0.44966050631773,0,0.796369993221853,0,-0.0339656864117217,0,0,-0.602904738252402,0,-0.154582549522858,0.196111174663039,-0.540554322800834,0.796405755907802,-1.53702376387921,"protein-coding-exon3"
-1.18035882908404,-0.985794186927331,2.16800601260334,0.53450211128334,-0.23125397467769,-0.960952112733833,-0.197284824791719,-0.828321985322134,-0.543619418085614,6.74490759476595,4.15568598649196,1.59171860643444,0.279518693116427,NA,NA,0.615352028129938,0.907968330064647,NA,0,-0.0716732993899668,0,-1.33139876570906,0,0,-0.674490759476595,0,-0.192855528946032,0.741730825363489,-1.16000206103933,-0.647030575884686,1.71234515371837,"protein-coding-exon3"
0.590179414542021,0.752316616339279,1.87893854425623,-0.44541842606945,-0.481779113911854,-0.862835401377223,0.0424348491061434,-0.662657588257708,0.775161022085042,0.674490759476595,8.18499679800574,0.119378895482583,0.394972066360168,-1.32028006347917,7.12418051422847,1.54765673406549,0.185299659196867,NA,0,-0.610261788284137,0,-0.216260166156049,0,0,-0.435433246362952,0,-0.882413756111329,-0.907807798181673,0.790028528461008,0.223659262256987,1.32444285729279,"protein-coding-exon3"
0.75880210441117,0.0259419522875614,-1.37307047464878,0.585407074262705,-0.578134936694225,1.35144676295713,1.2879348939233,-0.946653697511011,-0.402681050433788,-0.674490759476595,1.66344997761984,-1.09331171779466,0.0911473999292696,-0.399958518857627,-0.639638653363823,-0.51949316947653,1.22297775069932,-0.224830253158865,0,0.211903667761641,0,0.437398968931337,0,0,2.9080267897208,0,0.313475845149169,-0.695586149196503,0.651455191828614,0.651377368964938,2.10519877123552,"protein-coding-exon3"
0.927424794280318,1.27115566209051,0.192711645564741,-1.90893611172621,-3.75787708851246,-0.61976234258924,0.633544852444352,0.331328794128854,-0.432882129216322,2.02347227842979,6.07335579284699,-0.194985529288219,0.291671679773663,-0.792417159902949,-0.668340387809635,0.152678424064903,2.02594294055241,-0.0518839045751226,0,-0.361136479534953,0,-1.33139876570906,0.502754091307535,0,9.04253976616386,0,-0.429503403821526,-1.83828964015763,-0.274792531638608,1.92776750850405,2.1713719053219,"protein-coding-exon3"
0.168622689869149,-1.19332980522782,1.44533734173556,0.509049629793657,-1.58023549363088,2.64372766981981,5.04453574637242,50.8826362412168,269.796303790638,-0.674490759476595,-0.49521434846103,0.0656583925154206,0.322054146416753,-1.66781810769765,-0.553533450026385,-0.174903764276882,NA,1.36627615381156,0,0.788406293289634,133.249944307896,0.715307146108193,1.03774545865919,9.05871990657491,-0.623354694869733,7.97036837913913,0.833585491836712,1.18817752649684,-0.204053860127681,0.601031369830621,2.89327623958234,"protein-coding-exon3"
2.02347227842979,-0.466955141176104,-3.34836484168738,0.725395722455961,-2.62087837968048,-0.00887487841416562,0.273965341597557,0.0709990273133259,6.22142222920203,-0.674490759476595,21.1663723300673,-0.568044577671292,-2.48528577140475,0.0636178446596255,0.202962265009674,0.693623878441691,NA,0.717727346622531,0,-0.592603149304,0,-0.518387416309399,4.03027956852753,9.37853927947728,24.3836435534763,0,0.839306295076807,-0.56361777050382,2.85718017836291,0.570202027589642,0.329169226719565,"protein-coding-exon3"
