"RNAID","Dataset","GC_percentage","GA","GT","CpG","TA","phyloP_max_241w","phyloP_max_100w","RPKM_tissue","RPKM_primary.cell","copy_number","repeat_distance","Interaction_ave","MFE","SNP_density","MAF_avg","fickett","GERP_91_mammals_max","GERP_63_amniotes_max","lowComplexity_density","Max_covariance","coding_potential","methylome","H3K9ac_MaxScaledSignal","H3K79me2_MaxScaledSignal","chrm_acc_MaxScaledSignal","H3K79me1_MaxScaledSignal","Random","T","C","G","MaxEnt_splicing"
"RNA1","protein-coding-exon2",1.68622689869149,-1.76405275555417,2.02347227842979,1.95984107470558,-0.539592607581276,3.12691549459106,1.74950693683223,2.66246352424972,2.17447767234246,-0.674490759476595,4.47897131783151,-0.620770256509432,-1.02085087920782,1.38134113161188,-0.637588529474836,0.27887970370336,1.6182836903193,1.47004396296181,0,1.45804958324227,233.976957176043,-0.310042746275313,1.24437645709176,0,11.7924947930595,0,1.19762195717123,-1.19961952271072,1.49609267225466,1.38828111605006,1.11053931779184
"RNA2","protein-coding-exon2",1.26467017401862,0.155651713725368,-0.867202405041337,1.19626663001509,-3.79641941762541,3.19890061950596,5.84484211109354,37.9963127838482,111.512449891377,-0.674490759476595,2.01612488453571,1.24850428192202,-0.48004297296082,-0.553758460707875,-0.61093691891801,-0.929985540000395,1.72946348583742,2.13588740500922,0,0.187320072318706,222.889594185219,0.200602099609236,1.3444266244757,9.75390000803652,1.3137863688136,16.045442401214,-0.508788902247636,-0.833062187775443,0.435555509331955,1.68393271243476,-0.616692016087832
"RNA3","protein-coding-exon2",0.421556724672872,1.21927175751538,0.313156424042705,0.674490759476595,-2.25472625310748,3.14762354422411,4.59115288486994,3.54995136566629,8.33549774397942,0.674490759476595,0.261567222629268,1.23059744759963,0.394972066360168,1.50178497354166,0.131207928895143,1.02855009224483,0.605312220043098,-0.773934909912247,0,0.578060740732123,0,0.62325382296006,0.797151008763618,1.59051857196019,16.5045345786946,0,-1.27303987030826,-0.669980855980024,0.146318101262121,0.674490759476595,-0.800369750657703
"RNA4","protein-coding-exon2",-1.01173613921489,1.08956199607758,-1.39715943034438,1.20899287075993,-1.54169316451793,-1.12415126579432,4.51521683910105,27.1097952624716,23.5669084766375,0,-0.207196507813072,0.518303371220215,0.583343359547325,0.182108047089352,-0.694991998366461,0.517560531197228,1.66152027746524,NA,0,NA,0,0.248024010986037,0,3.91173900408209,-0.674490759476595,0,1.16402230997236,-0.742402995798855,-1.71080511633071,0.255653755608063,-0.781350751407151
"RNA5","protein-coding-exon2",1.26467017401862,1.32303956666563,1.25262569617082,1.53987513012581,-3.71933475939951,3.16044281304457,3.72384412682332,33.1328794128854,40.6808531200735,-0.674490759476595,0.92577163065415,0.555111863994012,-0.668414266147977,0.880671840942507,-0.221413380010554,0.634291883267102,1.72946348583742,0.319950744879923,0,1.19888308762203,180.556026402075,0.716605273259124,0,3.07351036852973,-0.0928359691907283,15.1626817992452,-0.645040708994132,-1.18399895532208,1.08865893681963,1.09005815363499,1.20710342752479
"RNA6","protein-coding-exon2",2.19209496829893,-0.933910282352208,1.90302749995182,1.50169640789129,-1.1177275442755,3.106207444958,4.20477241669295,22.8380204524531,30.27154796636,-0.674490759476595,4.71996583755735,-2.18861308384736,-2.24830253158865,1.46899267562457,0.219363256121567,0.176063347244464,1.15503454232714,-0.0691785394334968,0,0.661333342197278,272.14436432021,0.566413383203513,0.742973503090662,0,2.40326163691547,6.94951581636976,0.801839062588859,-1.1953846133298,0.692748579760548,2.90947001680398,-0.066196235585179
"RNA7","protein-coding-exon2",2.44502900310266,-0.38912928431342,-0.939469272128114,1.19626663001509,-2.235455088551,1.9470497143078,0.995357776401996,49.6993191193281,7.3187280916341,-0.674490759476595,2.1704201563114,-0.264623218319726,-1.74395358531336,0.87074630334825,-0.442826760021108,-0.0628107440773329,0.44471918207248,0.933910282352209,0,0.537549745424751,0,-0.817307250108076,2.26430010464758,9.03718017386852,18.2926310377349,3.00121032923128,0.905538693152278,-1.72649207216053,2.67326179938627,1.42266538343383,0.907003707080461
"RNA8","protein-coding-exon2",1.01173613921489,0.0259419522875614,1.25262569617082,1.6289588153397,-1.38752384806614,3.25708037799882,5.95874617974688,13.797477641223,33.2211866607875,-0.674490759476595,-0.00587791511526445,-0.0596894477412912,-0.625878812847651,0.311153147489194,-0.662190016142675,0.156157172967648,1.30945092499119,2.24830253158865,0,0.797928108425983,295.864601506639,0.701510991861803,0,5.75685614233094,-0.0681495931736222,12.3943190724392,0.677109437016076,-0.7982201394601,0.926793709069853,0.820541908182156,1.37641655421676
"RNA9","protein-coding-exon2",0.0843113449345744,1.37492347124075,0.26497851265152,0.839931889159534,-2.13909926576863,3.12445025058712,3.11486681859832,21.5955374744699,0.0805362100867577,-0.674490759476595,0.470233209221156,0.29347311806135,0.230906746487483,-0.432501694959274,-0.625287786140917,0.91104568486323,1.62446034562587,1.18468248779864,8.50139585025487,0.970013276526531,173.16445107486,0.395039279674133,0,0,0.124166593657468,0,0.499925685960164,-1.09093454367694,-0.692706173505667,0.896686283106252,0.795108663107794
"RNA10","protein-coding-exon2",0.0843113449345744,-0.103767809150245,-0.313156424042705,0.419965944579767,0.289067468347112,3.26398306120984,5.08548165340466,106.16721217586,313.718739366704,0.674490759476595,1.51944105729586,0.667526990573445,0.0486119466289438,4.09819809246849,0.590435680028144,0.961680807780957,1.48239727357493,NA,0,1.01415987397687,128.546214554213,0.621785138957182,6.61841258200076,11.7106853515804,0.508106914535759,8.15770515879058,1.13525714438484,-0.616101477923729,-0.503381009284887,0.816750609926676,2.30503614917033
"RNA11","protein-coding-exon2",0.0843113449345744,1.29709761437807,-0.337245379738297,0.636312037242071,-2.89067468347112,3.24475415797915,5.99894761574217,612.686106200345,1462.39663680787,0,-0.41586249440496,0.0328291962577107,0.38889557303155,-0.5850691394068,-0.688841626699501,0.720874078179857,1.42063072050931,0.985794186927331,0,0.844671564549874,177.532200131851,0.560782638244091,11.0939273966064,16.5266687804821,0.303687252695623,9.4423535620587,-1.04630268273603,0.261086322000897,0.58271607773011,-0.285821438856224,2.44184759714031
"RNA12","protein-coding-exon2",0.75880210441117,0.129709761437807,-1.9752943670386,0.827205648414692,-0.905744734154285,3.12839464099342,1.68101560143284,9.19437403707569,31.2077814086186,-0.674490759476595,0.330632725233625,0.689413121411918,0.0303824666430899,-1.22271609354672,12.8153244300553,-0.57264072215735,0.741198636787467,0.579370267755537,0,0.738546606757483,0,-0.173483560149642,3.26464176222561,16.6950654439099,49.1225668269716,0,-1.15934897774806,-1.17344219824074,-0.0432823401482034,1.4490433349195,2.37277463656662
"RNA13","protein-coding-exon2",0.0843113449345744,0.441013188888543,0.457690158216261,-0.572680833517863,0.289067468347112,3.25905257320197,3.76404556281861,31.27507153152,74.3651229888599,0.674490759476595,-0.655387535351986,0.655589101025186,-0.662337772819359,-1.23428059045311,-0.393623786685429,1.27051640481351,1.72328683053086,0.328598062309111,0,0.793253762813593,203.133929219752,0.793616429603587,0.038095371360507,8.81743192822801,-0.576474822599328,5.25401802121745,0.227663796547739,0.150257842457658,0.0735041751296687,0.155438199714767,1.05806976692823
"RNA14","protein-coding-exon2",1.77053824362606,0.778258568626841,-0.554045980998632,1.20899287075993,-0.327609797460061,2.80199633487243,5.91110003338208,36.1976707585773,-0.644289680694061,-0.674490759476595,0.273323052859797,-2.15180459107356,-3.28738289078232,0.969372318914965,-0.200912141120688,0.222639929775656,1.32798089091088,0.864731742918712,0,1.39053125772998,362.724760148271,0.620875502413464,1.88115116795766,0,16.7236620550808,0,0.608298648747886,-0.699890969235081,2.18674056836724,0.766288264587306,1.40694179201112
"RNA15","protein-coding-exon2",1.18035882908404,1.45274932810344,-0.337245379738297,1.43806520416708,-1.44533734173556,3.24771245078387,5.78528442813755,107.33869612653,490.113173509225,-0.674490759476595,-0.240994519725842,-1.05948769740793,-1.36721099893904,-0.182108047089351,8.29480125483983,0.475235752880501,2.07535618300491,2.10994545272166,0,-0.059554625580069,245.400300863558,0.432355697573066,1.30669278985559,2.52829192734169,19.6985410082943,0,0.483005000320446,-1.0705871275108,-0.104319387010952,2.06562795089707,1.42047560344489
"RNA16","protein-coding-exon2",1.43329286388776,0.907968330064647,-0.36133433543389,0.954468055863106,-2.37035324044632,3.2541220851941,5.60661137926958,16.3061099396272,19.7615725500382,-0.674490759476595,0.74061730452332,-0.883403826571116,-3.14154705089549,0.318679248650493,-0.61093691891801,0.197708895972653,1.97035304279335,2.62878449847288,0,1.08912252768667,166.780817837719,0.758301685869866,0,3.15777852980102,0.629457219026693,11.0071175651503,-0.475430979129333,-1.33510353767063,0.578209285322912,1.85309310220783,2.33711955307942
"RNA17","protein-coding-exon2",1.43329286388776,0.907968330064647,-0.36133433543389,0.954468055863106,-2.37035324044632,3.2541220851941,5.60661137926958,16.3061099396272,19.7615725500382,-0.674490759476595,0.74061730452332,-0.883403826571116,-3.14154705089549,0.318679248650493,-0.61093691891801,0.197708895972653,1.97035304279335,2.62878449847288,0,1.08912252768667,166.780817837719,0.758301685869866,0,3.15777852980102,0.629457219026693,11.0071175651503,-0.963794196569023,-1.33510353767063,0.578209285322912,1.85309310220783,0.941354300462289
"RNA18","protein-coding-exon2",2.19209496829893,0.233477570588052,0.0722668670867781,0.44541842606945,-0.539592607581276,3.23242793795947,6.08232837188056,-0.40232782144218,0,-0.674490759476595,-0.480519560672868,1.25148875430908,-1.23352814570945,-0.387974448367335,-0.639638653363823,-1.93051237719533,2.39036560363958,-0.326868598823273,0,1.14625341850476,0,0.50986668024754,0.19949527327979,0,3.48742800694915,0,0.519666485873169,-1.44922600225464,2.13462024577241,1.54815179756674,1.93232724683316
"RNA19","protein-coding-exon2",1.18035882908404,-2.82767279934419,1.3248925632576,1.06900422256668,-3.58443660750419,3.15058183702883,5.11302708177181,7.49039738155587,1.00670262608447,-0.674490759476595,0.517256530143271,0.43672779264045,0.680567252805213,-0.115894090879313,2.08497599509938,1.25022370288083,0.772081913320279,1.6775795812623,0,1.2272754091195,148.839448634387,0.358111352382413,3.03140806035028,9.84876077601529,1.63720931464666,0,0.989900397270304,-1.86228659288429,1.29069219406014,0.674490759476595,0.394311226664443
"RNA20","protein-coding-exon2",1.77053824362606,0.285361475163175,-0.529957025303039,0.789026926180168,-1.59950665818735,3.25116379238938,3.90698400191299,17.3829285205459,156.884537249004,0,0.868461958280322,-0.560085984639119,-5.67544476892919,0.352061571919949,0.223463503899541,0.864469102332038,0.796788534546527,1.27980297951969,0,1.74405028515586,252.187110936728,0.496181861723949,1.50845329333454,6.73350307516783,21.69547218216,17.3842117829158,0.877982147967593,-1.3256080767931,1.44588366647379,1.54924698519285,-0.171501167986125
"RNA21","protein-coding-exon2",1.51760420882234,-0.648548807189034,-0.0481779113911854,1.24717159299446,-1.13699870883197,3.19298403389651,6.07711707462191,8.68554767466352,-0.926166415997713,0.674490759476595,24.5829104908147,-1.67030971262714,-3.9557971569303,-0.484594377736003,-0.666290263920649,-1.44986523713278,2.16800601260334,2.59419522875614,0,0.591910653657721,380.934913908956,-1.05903842391081,0.117811972389319,0,0.00526759159087853,0,0.828267562064229,-1.01954615136523,1.80245270752785,0.826441714471676,0.529810463260924
"RNA22","protein-coding-exon2",1.51760420882234,0.233477570588052,-0.457690158216261,1.09445670405636,-1.38752384806614,3.22207391314295,4.71175719285582,190.372058569464,61.519597480022,-0.674490759476595,-0.473172166778788,-0.199959649933327,-0.376742586374314,0.251849043739094,-0.471528494466921,0.908146727444276,2.30389242934771,1.77270007298336,0,0.466915189504204,153.610374527408,0.680767014743733,0.479670745511967,0,3.01229517295303,8.30258420657823,-1.08401163930455,-1.35978019131893,1.73645493397165,0.871815183791561,1.81053068609506
"RNA23","protein-coding-exon2",-0.421556724672872,0.38912928431342,0.216800601260334,0.229072333407146,-0.308338632903587,3.23390708436183,5.97363560048587,97.0320039948786,204.582107672886,-0.674490759476595,-0.236586083389394,-0.256664625287554,0.850709066006517,-1.22271609354672,-0.535082335025506,-0.436196459638589,1.95182307687366,2.39530692788483,0,0.139537872725394,163.353814731465,0.58843416786602,0.398254471757556,19.8532951800818,3.02368492620648,8.76915799874096,-0.712320578085395,0.362867578724274,0.573886443626221,-1.09203265820021,-0.359070632362449
"RNA24","protein-coding-exon2",1.77053824362606,0.985794186927332,-0.409512246825075,2.21436588960241,0.250525139234164,3.10867268896194,4.98125570823168,34.4581945894008,254.695764399371,-0.674490759476595,0.549585063277226,0.476520757801311,-0.145835839886832,0.973318932938573,-0.668340387809635,0.447405761658544,0.728845326174343,NA,0,1.20996301796251,119.609128022216,-1.24402746503139,3.22578781377633,4.07156274646263,19.1795691359136,19.7443169504087,-0.769367461099304,-1.62347553919767,1.34027161983123,1.65521582929027,2.27460950871916
"RNA25","protein-coding-exon2",0.337245379738298,1.16738785294026,-0.216800601260334,0.699943240966278,-1.02137172149313,3.24721940198308,5.73540486866191,60.8816659211769,54.452545044909,-0.674490759476595,-0.117558302305289,-0.482489702575441,0.401048559688786,-0.254956510594891,-0.690891750588488,0.694976725237203,1.19827112947307,1.34898151895319,0,0.675702626857585,0,0.222570769678093,0,0,-0.31692699440855,0,-0.273994245323159,-1.24964438977285,0.140449516170841,0.478701080684075,2.04155045855469
"RNA26","protein-coding-exon2",1.34898151895319,0.492897093463666,0.433601202520668,-0.254524814896828,-3.60370777206067,3.24919159718623,5.43687198284501,24.6129961352863,3.92614024172944,0,0.398228749059166,-0.453639802833817,-0.844632572677899,-0.127130795923274,-0.662190016142675,0.392518834526351,1.28474430376494,1.04632540893164,0,1.50773614586285,171.887724427432,0.0668878965278502,7.06568803541056,13.5330219396029,6.69336591409495,0,0.0574094691347598,-1.44682236982813,0.941898929201527,1.32777111771179,1.07703292070696
"RNA27","protein-coding-exon2",-0.168622689869149,1.03767809150245,1.20444778477963,1.92166235247105,0.32760979746006,3.2654622076122,5.78528442813755,67.4490759476595,103.08634891105,3.37245379738298,7.88375364834844,0.501391361026849,0.51042543960391,-2.09683209724071,-0.678591007254568,0.309801916172201,2.19888928913615,1.22791907494457,0,0.809181162678031,135.06424007003,-0.651559153847787,8.16221946806843,27.5097301439309,0.2221130543942,0,1.29020228002855,1.24785560593405,-0.440540407865082,0.332962898725748,0.859437060482344
"RNA28","protein-coding-exon2",1.26467017401862,0.907968330064647,0.0481779113911854,0.114536166703573,-0.327609797460061,3.26053171960433,2.03315040191013,2.46129961352863,9.06032363476024,-0.674490759476595,-0.0822908116137022,-0.212892363610607,-0.273442199787809,-0.981028597542831,-0.63553840558585,1.63926378850444,1.92093980034085,-0.561210901154244,0,0.851942768835813,131.099667849069,0.456870876195301,0.359926576767333,8.36375466528992,4.44948972141435,0,0.826817217580824,-0.553368935932766,1.56897671290433,0.584739972933328,1.41954616599842
"RNA29","protein-coding-exon2",0.590179414542021,2.38665961045564,-2.77022990499316,-0.394513463090084,-0.269796303790638,3.22256696194373,2.72625293731048,4.14160992661067,3.02010787825341,-0.674490759476595,-0.734739389408056,-0.428769199608278,0.528654919589764,-0.296690970518961,-0.61093691891801,0.867561323578922,1.29092095907151,NA,0,1.24874277415418,89.1692769019554,0.0575807038709018,0,0,4.03723753469024,0,1.08731520173897,-0.866655720542289,1.08990745694865,0.0214725522679691,1.41186845346171
"RNA30","protein-coding-exon2",1.09604748414947,0.259419522875614,0.529957025303039,0.35633474085556,-2.17764159488158,3.24869854838544,1.78151919142107,30.1745866081635,37.9526890033845,-0.674490759476595,0.552524020834858,-0.916233022828826,-0.431431026331876,-1.42706154058305,-0.682691255032542,-0.337631907394158,1.46386730765525,1.50463323267856,0,1.44108343990841,0,0.283424033145731,0.573540284802811,5.81239749798782,1.08841551995433,11.7658875326798,-1.19254575147932,-0.548213461572785,0.797731046393305,1.04546067718872,1.2084562344831
"RNA31","protein-coding-exon2",0,0.778258568626841,-0.120444778477964,0.216346092662304,-0.250525139234164,3.2654622076122,2.55874695399675,861.951857926213,259.437333768229,-0.674490759476595,3.00655358145776,-0.741143976121038,1.09376879915124,-0.82312470157501,-0.637588529474836,-0.0282165188778178,1.66152027746524,0.760963933768466,0,1.27869321085578,0,-0.570428575759768,8.51593541369367,15.7426439959871,-0.279155268101929,0,-0.367702613889791,1.42644778439802,0.77308298900996,-0.677488496185392,-0.448513268632306
"RNA32","protein-coding-exon2",1.26467017401862,0.38912928431342,0.674490759476595,1.20899287075993,-0.982829392380182,3.26053171960433,6.07711707462191,58.3257009378972,53.4055743137812,0.674490759476595,-0.249811392398739,-0.685433824895832,-1.89586591852881,0.617887660672885,1.8061591461972,-1.25099675819255,1.84681993666211,2.24830253158865,0,0.511927406512396,252.92626846945,0.401608087319264,5.90737032385446,0,7.18229917444692,0,1.16982368790598,-0.937446809013277,1.13040858390835,0.97469762930144,1.25088195127801
"RNA33","protein-coding-exon2",0,0.778258568626841,0.0722668670867781,-0.241798574151987,-1.44533734173556,3.2541220851941,4.66559998856493,9.99902967996005,35.5064016219993,-0.674490759476595,1.00218452715259,0.0646635683863996,-0.218753759830247,-0.873499754992628,-0.639638653363823,0.661348819177339,1.58740041378649,1.41816005838669,0,1.59724120814452,0,-0.364090317581226,4.58129556434773,6.06152787278143,27.0580009553294,10.4516087723066,-0.204700008893835,0.370975577141213,-0.725017583475882,0.884078283607738,1.03297281140484
"RNA34","protein-coding-exon2",-0.252934034803723,0.700432711764157,-5.37183712011717,-1.2598978337393,0.308338632903586,3.2654622076122,3.81541406436816,157.570507950708,180.864193802336,-0.674490759476595,0.0822908116137022,0.975922470570118,0.862862052663752,-2.1592698911956,-0.690891750588488,0.994535658529101,2.35330567180021,1.0722673612192,0,0.534087267193351,0,-1.33139876570906,0.405140171502042,6.06786624799179,31.907787685484,9.9524393908599,0.902879728266036,-0.928736569095415,-0.311431535857093,0.0738727974664849,-1.28772603205047
"RNA35","protein-coding-exon2",1.26467017401862,-0.518839045751227,-2.21618392399453,1.94711483396074,0.0192711645564742,3.24919159718623,4.38046758141312,35.9728405054184,40.0667645181619,0,0.671551801918963,-0.720252669411586,-0.413201546346022,0.9479740661358,-0.397724034463403,0.923607833678696,1.40827740989619,0.302656110021549,0,0.635884127196493,253.396641444818,-1.3076112963218,9.05962066454262,8.42568811120131,32.1120177438217,10.671541141242,0.799502396476707,-1.13372116645621,1.03154205802034,1.15987196022143,0.539515229669588
"RNA36","protein-coding-exon2",0.168622689869149,1.58245908954124,-4.86596905050972,1.39988648193256,-0.501050278468328,3.13874866580995,6.08381731395446,33.1328794128854,66.2007646913148,-0.674490759476595,-0.584852553968812,-1.59072378230542,0.230906746487483,-1.43239799210334,-0.682691255032542,-0.0301491571571201,2.69302171366113,0.0172946348583742,0,0.933137883362128,132.913963611204,0.665537709171954,0,5.54532629844624,-0.674490759476595,13.4761895240433,-0.884508698142913,-1.7933759405767,-0.493532855331045,0.822140477968984,1.02917888954932
"RNA37","protein-coding-exon2",2.27640631323351,1.24521370980294,-0.120444778477964,1.75622122278812,-0.982829392380182,3.17671342347054,2.89748127580895,3.20678940031855,6.61403625337497,-0.674490759476595,4.01020758738917,-0.397929651608611,-1.98093682512946,0.650378390076544,-0.471528494466921,1.01482836046178,1.74799345175711,0.458307823746917,0,0.75828273267646,0,-0.979741331981227,3.36271172837583,1.54661726637183,15.0774973607209,7.46309402973709,-1.1085869208289,-1.90939897762518,2.04941640943174,1.77646489145592,-1.54739130676264
"RNA38","protein-coding-exon2",0.590179414542021,0.778258568626841,0.62631284808541,-0.521775870538498,-1.02137172149313,3.2654622076122,1.40035002050273,7.39573201180477,15.7649631244828,23.6071765816808,-0.13225309009345,-0.536210205542603,-0.0303824666430899,-1.63895931212967,-0.682691255032542,0.0958588586534077,1.42680737581587,0.864731742918712,0,0.495480634913249,0,0.451112213596919,0.222680629441943,4.137632250774,-0.582498390440632,11.5720492069179,1.1412196717055,-0.872926513325437,-0.978494041231667,2.03863939868257,0.569263278733114
"RNA39","protein-coding-exon2",-0.252934034803723,0.882026377777086,-0.433601202520668,-0.394513463090084,-0.944287063267233,2.75811499160239,3.40744393611962,9.67953405705008,15.4126172053532,0,0.117558302305289,0.467567340640117,-0.747408679420011,-1.16763394898467,-0.651939396697742,1.48542578147195,1.43298403112244,0.371834649455046,0,1.96166704199931,0,0.727715157087347,0.367834380380936,4.18567498626676,-0.674490759476595,0,-1.10520278370096,-0.347655400196144,-0.550662681048349,0.325342601629886,-0.868638498630067
"RNA40","protein-coding-exon2",1.26467017401862,-0.363187332025859,0.26497851265152,1.06900422256668,-0.770846582258966,3.2654622076122,5.96842430322722,8.22405399712691,1.30871341390981,-0.674490759476595,0.996306612037324,-1.40071237366231,-2.81341641115012,0.43424554766738,0.569934441138278,0.106101841533711,1.02532478088933,2.32612838845133,0,0.889510657646496,292.840775236414,0.25360737904214,2.55078921849006,4.13012288760105,5.56502192799379,0,-0.645443582461745,-0.851461107260056,1.5395427734112,0.626930513616059,0.602463194465426
"RNA41","protein-coding-exon2",-0.337245379738298,0.129709761437807,0.843113449345744,0.470870907559133,-0.327609797460061,3.2541220851941,5.34530204530017,38.7063030569815,57.1605751090762,1.34898151895319,-0.0749434177196217,-0.160166684772465,0.164065319872685,-1.42198732255269,-0.658089768364702,0.144368079463902,1.61210703501274,0.501544410892853,0,1.10037558193872,100.18944375344,0.579930013720323,0.570551981122851,15.0502570768216,-0.593454357966723,9.1000339805289,0.886925938948587,-0.0298384368001084,-0.0422258027340628,-0.430526016687191,1.62808020652328
"RNA42","protein-coding-exon2",-0.421556724672872,1.08956199607758,-1.20444778477963,0.114536166703573,0.23125397467769,3.26299696360826,5.74433852110531,26.3879718181194,43.690893972066,-0.674490759476595,-0.243933477283475,0.294467942190372,0.638031799504887,-0.235092323731879,-0.680641131143555,-0.170072168578625,1.85299659196867,-0.0172946348583741,0.973037899266154,1.65142899246592,105.83391945786,0.623966845355006,0,9.67364973206807,2.79112268736198,13.0232777645859,0.564224291391095,-0.0154811110410884,-1.05087325735736,0.55083412023922,0.705204868271181
"RNA43","protein-coding-exon2",0.674490759476595,2.36071765816808,-0.192711645564742,-0.407239703834925,-1.00210055693666,2.83010011651729,1.84331028748791,8.12938862737581,10.1878305759748,-0.674490759476595,-0.471702687999972,1.24850428192202,-0.121529866572359,-1.41874873895193,-0.651939396697742,1.44232794784351,1.76034676237023,0.337245379738298,0,0.999098093670285,0,0.772865345950019,0,2.41308390063678,-0.674490759476595,11.4303989675027,-0.743825283252681,-0.652282106792931,0.287573579621804,0.918928302155131,-0.50909700401306
"RNA44","protein-coding-exon2",0.421556724672872,0.233477570588052,1.08400300630167,1.14536166703573,-0.404694455685957,3.26496915881141,5.32669026937642,23.6663424377753,27.6339870860187,0.674490759476595,0.305651585993751,0.279545580255049,0.145835839886831,-0.659136988640564,50.5970575801896,-0.0434843612843072,2.59419522875614,2.02347227842979,0,0.505348697872737,129.890137340979,0.430562481782456,0,2.6786833079685,2.82362614492236,8.62726614781491,0.15659691686092,-0.408665872406962,-0.263444167500138,1.05749804914988,1.09797528225344
"RNA45","protein-coding-exon2",-0.590179414542021,-0.882026377777086,1.08400300630167,-0.99264677809763,-0.0385423291129483,3.2654622076122,5.78528442813755,7.15906858742702,40.9123947240729,0,-0.761190007426746,0.00994824129021506,-0.650184786162123,-2.0703202914077,-0.690891750588488,1.30974896188335,2.56331195222332,NA,0,2.82538223682188,227.391735520887,-1.33139876570906,5.99297902365519,14.9974551884167,0.600545393526738,11.7618240663607,0.247001722993131,0.299396445865344,-0.674955957600246,-0.147584104727195,2.43851628398427
"RNA46","protein-coding-exon2",2.36071765816808,0.856084425489525,-0.0481779113911854,1.1071829448012,0.404694455685957,3.22207391314295,5.1338722708064,9.5730355160801,27.4527806133235,-0.674490759476595,1.46066190614321,-1.32809021224374,-1.05730983917953,-0.496093316269905,-0.586335432250171,0.185726538640977,1.09944464456808,NA,0,0.673278892095606,46.0293554467516,-1.32113524657017,5.38423716156749,9.21841473284947,33.0853608666818,18.5376431711015,0.739957697963602,-1.79186794884849,2.46997424990108,1.42069461694352,1.50272760870539
"RNA47","protein-coding-exon2",1.34898151895319,0.18159366601293,0.481779113911854,0.610859555752388,-0.867202405041337,3.11508232337217,1.81427591704687,32.6950520777865,9.33213334380304,-0.674490759476595,0.596608384199341,-0.66454251818638,-0.48004297296082,-1.23930236178547,-0.660139892253689,1.07860542367876,0.487955769218416,1.16738785294026,0,0.909939279211752,0,-1.03480750670849,1.48511092121598,0,34.6155965624097,0,0.640045077995739,-0.719819280682101,1.65605056677783,0.576003170703463,1.78054298108846
"RNA48","protein-coding-exon2",0,0.0778258568626841,-0.770846582258966,-1.43806520416708,-1.29116802528377,3.23834452356892,5.98852502122487,61.0591634894602,19.8320417338641,-0.674490759476595,-0.489336433345765,0.476520757801311,0.0729179199434156,-0.69000187040659,-0.590435680028144,0.951631088728584,1.49475058418806,3.13897622679492,0,1.67860944658241,0,-1.33139876570906,0,12.0913101544669,-0.674490759476595,6.0551358971967,-1.09416405068838,-0.0946578457072717,0.0865554457455006,0.0845691777937017,-0.663356512820643
"RNA49","protein-coding-exon2",1.34898151895319,1.01173613921489,-0.313156424042705,1.57805385236034,0.501050278468328,3.09979781054777,0.89932101263546,27.5357894263515,21.1407551477739,-0.674490759476595,14.1716533429026,-0.570034225929335,-0.607649332861798,0.0154324408830131,0.180410902230822,1.0136687774942,2.58184191814301,1.05497272636083,0,1.66458640974524,0,-0.95172736904891,6.65375617371755,15.0861387263175,5.37688108114848,0,0.0878667032862534,-1.41683807379565,1.22802764139063,0.999351421879862,-0.928966372461707
"RNA50","protein-coding-exon2",-0.505868069607446,0.0518839045751228,-1.03582509491049,0.17816737042778,-1.27189686072729,3.23686537716656,2.10313067938342,-0.118331712188876,-0.302010787825341,-0.674490759476595,0.0235116604610578,0.481494878446419,0.437507519660494,-1.73517277958893,-0.651939396697742,-0.707732137880599,2.33477570588052,2.17047667472597,1.00975594031554,0.850904025366393,0,0.0663975455785022,0,0,-0.216536002801132,0,-0.958959714957675,2.20189165362477,-0.720682299957868,0.0445418426069447,1.9075102065349
"RNA51","protein-coding-exon2",1.26467017401862,2.15318203986759,-1.30080360756201,2.08710348215399,-1.94638762020389,3.12642244579027,5.42049362003211,27.3227923444115,44.1942452851083,-0.674490759476595,2.39965884580671,-1.36390388088851,-0.194447786515775,-0.582748373020824,43.7414432954183,-0.0881283055361972,1.95182307687366,-0.257690059389776,0,0.743220952369873,0,-1.32144087497348,9.52074752557205,6.80446064849737,25.9952733241783,9.31873632722715,-0.443201101720345,-1.44497958496779,0.81827109421275,1.3855164350915,0.1076148028723
"RNA52","protein-coding-exon2",0.75880210441117,1.68622689869149,-1.6380489873003,0.44541842606945,-2.00420111387331,3.25560123159646,1.71898362431728,15.0872933040817,-0.573820496868148,-0.674490759476595,0.725922516735159,-1.49024654527425,-0.504348946275292,0.342004917580722,-0.303418335570019,0.18108820677065,2.8289081304055,1.20197712265701,0,1.6290960078734,0,0.286096090492902,0,0,1.10171485133945,0,-0.140723702236994,0.0390914712084923,1.68896873104707,-0.298174268671061,-1.54316898465137
"RNA53","protein-coding-exon2",-0.927424794280318,0.907968330064647,-0.554045980998632,-0.71266948171112,-0.751575417702492,3.24426110917836,3.18186921192381,9.46653697511011,11.4965439898847,-0.674490759476595,0.562810372286571,1.12713573818139,1.05730983917953,-1.436108595986,-0.672440635587609,0.0152678424064905,1.82211331543586,0.700432711764157,0,1.07423387129165,0,-1.33139876570906,0.344795039057228,17.7970295747617,-0.674490759476595,1.93819436134772,0.363271005746055,0.306855678267954,-0.963513053973362,-0.452506458889368,-1.28168068705536
"RNA54","protein-coding-exon2",-1.01173613921489,1.08956199607758,-1.05991405060608,-0.636312037242071,-0.481779113911854,3.26496915881141,5.29318907271368,36.7774961483028,27.2615071143675,0,0.606894735651054,0.843610861410255,-1.41582294556799,-0.462514317882992,-0.649889272808756,0.0554667186159833,2.18653597852303,1.7467581206958,0.447841292974069,3.79955048722609,89.7068460166619,-1.33139876570906,7.58744105744373,16.3974840992879,-0.504253900504122,0,-0.975316377742736,0.278301833729105,-0.924023422288268,-0.644858320252732,0.997944047882709
"RNA55","protein-coding-exon2",-0.505868069607446,0.622606854901472,-1.30080360756201,0.80175316692501,-0.867202405041337,3.10374220095407,2.65106136257854,6.5082441703882,7.96301777232816,-0.674490759476595,-0.066126545046725,0.191006232772133,-0.024305973314472,-0.516468858438301,-0.633488281696863,-0.311734554451503,0.481779113911854,2.33477570588052,0,1.28769565425742,95.2169294424045,0.622585808623268,0,0,-0.674490759476595,0,-0.843496179139976,-0.127267571480526,-1.13370689282597,0.421096006940989,-1.4360647824504
"RNA56","protein-coding-exon2",0.590179414542021,1.03767809150245,1.18035882908404,1.56532761161549,-2.52452255689811,3.26349001240905,2.2669143075124,8.04655642884359,12.1811017756221,-0.674490759476595,1.45478399102795,-0.149223619353229,0.328130639745371,-1.01872466172181,-0.61708729058497,1.1829678907611,1.84064328135554,0.994441504356519,0,1.63705970780562,0,-0.751815787805543,8.99114370571836,8.8240925937033,1.53749141547289,16.2294625137617,0.00100718366903087,0.0277704263288032,-0.338275954789446,1.40908465593626,-0.811861833298952
"RNA57","protein-coding-exon2",0.168622689869149,0.311303427450736,0.794935537954559,0.598133315007547,-2.3125397467769,3.2654622076122,6.01607044959202,60.3846727299836,93.0998588602918,-0.674490759476595,-0.409984579289695,0.0696376890315072,-3.00178770433728,-0.0220145014805255,-0.479728990022867,1.47788849218267,2.08153283831147,3.45892697167485,0,1.75374522420378,420.44624383989,0.585674463247709,0,3.0995997654761,2.8635918546143,12.0056759748717,-0.67855978149948,-0.271895143494804,0.502947502962488,-0.0457072492685632,-0.459697854607029
"RNA58","protein-coding-exon2",-1.09604748414947,-0.933910282352208,0.578134936694224,1.1071829448012,1.31043918984024,3.2654622076122,1.83214322193367,56.1602306048407,33.8352752626991,-0.674490759476595,1.44008920323979,0.185037287998004,0.862862052663752,0.133175277866408,-0.612987042806997,0.64782035122222,1.45769065234869,1.16738785294026,0,1.7881968826062,0,0.63371938090315,0.439638677338796,17.0677404202613,-0.464309859783883,0,-1.11422714937547,-0.131569056082327,-0.898202454162025,-0.802006425447302,2.37167053944766
"RNA59","protein-coding-exon2",-0.505868069607446,-0.259419522875613,-0.554045980998632,1.1071829448012,0.520321443024802,-0.957500771128324,-1.23582192133681,34.1741984801475,36.8251820621699,9670.17401861595,-0.23805556216821,-0.203938946449413,0.0425354533003258,-0.898333266490016,-0.627337910029903,0.385561336720862,-0.916615647493835,-0.78517642257019,0,-0.721061091688917,0,0.655981787772583,0,9.83694346630106,0.135362680476286,0,1.30389997792737,-1.01011324259244,0.00665233316815986,-0.679514899212002,1.2165592380203
"RNA60","protein-coding-exon2",0.505868069607446,-0.466955141176104,0.313156424042705,-0.509049629793657,-0.385423291129483,3.06725658969583,3.79680228844441,20.4122203525812,-0.402681050433788,2.69796303790638,-0.171929017121485,0.877434881796986,-2.61896862463435,0.480097073383519,25.8664131073441,1.02970967521241,1.28474430376494,-0.831871936687801,0,2.7445333701187,198.430199466069,0.658698853177907,0,4.42481436284743,2.10137223171616,0,0.844221351381678,-0.862245162938837,0.415037523862458,0.544325876068826,2.85083513130308
"RNA61","protein-coding-exon2",-0.75880210441117,-1.66028494640393,0.554045980998632,0.305429777876194,0.269796303790638,3.24475415797915,2.33093881669009,127.147424746948,922.864431384156,0,5.11231667150125,0.92518643999002,0.583343359547325,-1.10565506363717,0.588385556139157,0.302457890710851,0.50030907983154,-0.148733859782018,0,1.21671485051374,0,0.470704931964346,3.61659752897645,8.38201778030282,-0.29320353332167,0,0.898286970735255,-0.0706569616318797,-0.238807795352601,-0.849135688269646,-0.462387957750934
"RNA62","protein-coding-exon2",-0.674490759476595,0.492897093463666,0.144533734173556,-0.929015574373424,-0.0770846582258967,3.14515830022018,5.73763828177276,10.7326862955311,1.07717180991038,2.02347227842979,4.03665820540786,0.811776489281566,-0.157988826544067,0.11519917213097,-0.10865656611629,1.10624215107279,1.08709133395495,0.328598062309111,0,3.61932849528175,248.692911691135,-1.33139876570906,0,0,-0.674490759476595,0,0.729080114338069,0.00408864877436196,-0.717202276453615,-0.259243047009721,1.28361830797752
"RNA63","protein-coding-exon2",-0.337245379738298,0.337245379738298,-1.01173613921489,0.470870907559133,-0.732304253146018,3.25954562200276,5.37731429988902,7.99922374396804,-0.483217260520546,2.02347227842979,3.53115750549512,0.343214324512427,-1.78041254528507,NA,NA,-0.417063340673493,1.08709133395495,NA,0,3.7723700331096,247.416185043707,-1.33139876570906,0,0,-0.674490759476595,0,0.977411319774321,0.564052025425161,-0.67884883984243,0.206444601615498,1.39140629560527
"RNA64","protein-coding-exon2",-1.09604748414947,0.830142473201963,-0.819024493650152,0.699943240966278,-1.36825268350966,3.2654622076122,1.21497673230221,29.3107651091847,9.17106092362953,-0.674490759476595,-0.49521434846103,1.0395912148275,0.352436613059843,-1.24163623984594,-0.674490759476595,-1.93592376437738,1.18591781885995,1.16738785294026,0,1.14192532071551,0,0.729228849148378,4.37395449375559,6.752894206108,-0.607675433235827,0,-0.282454588143018,0.327835292634887,-0.831779413949866,-0.836868164535778,1.69602459980532
"RNA65","protein-coding-exon2",-0.168622689869149,1.29709761437807,-2.28845079108131,1.20899287075993,-1.07918521516255,3.242781962776,5.73987169488361,121.029675226783,391.748259914511,-0.674490759476595,-0.314468458666648,0.238757790965167,1.23352814570945,-1.24909678263476,-0.674490759476595,0.297433031184665,1.64299031154555,1.66028494640393,0,-0.00727120428593856,0,0.752561974032812,0.405171174652671,11.0215750501084,-0.674490759476595,9.72763086234161,0.167474500486454,-1.28953678879153,-0.731489978587293,0.604825047230184,-0.958610223788481
"RNA66","protein-coding-exon2",2.02347227842979,-0.0259419522875614,-1.05991405060608,1.57805385236034,-1.27189686072729,3.14614439782175,5.27085494160518,18.4715802726836,36.2412945390409,-0.674490759476595,2.4716633059687,-1.20075272372898,-1.07553931916538,0.70757151423262,-0.676540883365582,0.0388460294139818,1.07473802334183,2.14453472243841,0,1.9208097988688,132.981159750542,0.447341012092755,4.63256077406484,15.2486804499324,1.44997585599157,14.173041050743,1.23637838475554,-1.1370657085727,2.15149267137915,1.22197816984054,0.456253851365938
"RNA67","protein-coding-exon2",0.337245379738298,0.778258568626841,0.505868069607446,0.865384370649217,-2.94848817714055,3.26496915881141,6.08381731395446,65.188940244852,67.9020921293975,-0.674490759476595,2.2071571257818,-0.679464880121703,0.668414266147977,-1.80806057811796,-0.600686299473077,-0.692077767818249,2.31006908465427,1.27115566209051,0,-0.0654408385734478,149.847390724462,0.764493847133614,0.0911082586816174,6.39730061379801,12.9116836386145,15.6277180636115,0.941233282382732,-0.279944670769319,1.2136670147372,-0.606238718339084,-0.712597159706654
"RNA68","protein-coding-exon2",0.168622689869149,-0.95985223463977,1.61396003160471,1.31080279671867,0.0578134936694225,3.22453915714688,5.78528442813755,31.4999017846789,29.0635048150587,2.69796303790638,0.179276411015566,-0.83366262012004,0.747408679420011,-0.598351265672299,-0.627337910029903,1.09851159795558,1.35268751213713,-0.498085483921178,0,0.289636304056557,0,0.594756615613894,0,7.11144212584655,-0.674490759476595,9.82177149284765,-0.39082755093074,0.243274602074303,-0.440540407865082,0.851143101244276,3.13913217752446
"RNA69","protein-coding-exon2",-0.252934034803723,1.40086542352831,-1.25262569617082,-0.0127262407448411,-0.655219594920121,3.23440013316262,5.08622612444161,48.5160019974393,58.4894225755077,-0.674490759476595,0.678899195813044,1.00775684269881,0.668414266147977,-1.11669509356368,-0.686791502810515,0.082330390698289,1.65534362215868,2.06670886557572,0,1.53941782168016,61.887644330596,-1.2870497202815,4.36517360141622,8.46049545981413,30.7387466618958,8.12726210842161,1.01866556285783,-1.00455400334898,0.0466628827310899,-0.340426939924512,0.3538037273974
"RNA70","protein-coding-exon2",0,0.0259419522875614,1.58987107590912,0.101809925958731,0.443236784798905,3.26102476840512,2.41580851490237,195.83898367259,458.553046181476,2.69796303790638,-0.407045621732063,1.01770508398902,0.249136226473337,-0.697344408124931,-0.670390511698622,1.35999755714522,2.10623945953772,0.882026377777086,0,0.822684827780488,111.679983580294,-0.681570053254984,0,0,-0.674490759476595,0,-0.450372249443845,-0.246764912003634,-0.377560470300209,0.448289590139931,2.02023884726351
"RNA71","protein-coding-exon2",0,-0.57072295032635,1.99938332273419,0.101809925958731,0.886473569597811,3.26102476840512,2.43442029082612,65.9699295452986,56.4961513758605,2.69796303790638,-0.405576142953247,0.459608747607945,0.243059733144719,1.22144426112051,-0.670390511698622,1.43189170113527,NA,NA,0,0.786155682439225,0,-0.576218033345307,0,0,-0.674490759476595,0,0.0159940766642103,-0.246764912003634,-0.377560470300209,0.448289590139931,2.02023884726351
"RNA72","protein-coding-exon2",1.18035882908404,-0.544780998038788,0.192711645564741,-0.941741815118265,-1.09845637971903,-0.835224668533152,-1.12415126579433,33.1328794128854,50.0532545689199,162745.851881829,-0.794988019339516,-0.145244322837143,-0.44966050631773,3.2377837886239,2.14032934010202,1.07396709180844,NA,NA,0,1.25064713718145,0,0.339795441559424,0,4.36157564136306,-0.637492886322057,0,0.220412074130716,-0.820900190150022,1.80245270752785,0.192439453974951,0.156240129258227
"RNA73","protein-coding-exon2",0.75880210441117,0.311303427450736,1.27671465186641,0.0890836852138897,0.0770846582258967,-0.850509181357548,-0.888898418118162,9.22987355073236,8.65764258432645,2640.63132335087,-0.655387535351986,-1.12415126579433,-0.0729179199434156,-0.498217407538425,-0.641688777252809,0.570901347705978,-0.646695810597065,-0.0345892697167483,0,-0.557285871343727,0,0.790186341803316,0.418217500457583,0,-0.464169011467788,0,0.678640356193002,-0.451718545250057,1.32557152054601,0.0445418426069447,0.999825162864212
"RNA74","protein-coding-exon2",-0.252934034803723,1.32303956666563,-0.867202405041337,0.865384370649217,-0.0578134936694225,3.24771245078387,3.51688117855125,5.65625584262829,10.8522543091906,-0.674490759476595,0.07935185405607,-0.1432546745791,-0.644108292833505,-0.3390023441209,-0.62323766225193,0.479680820922897,2.68066840304801,1.10685663093595,0,2.06554138894129,144.673287995411,0.68879976870141,0,6.54566156575574,-0.674490759476595,0,0.0997917579275789,-0.761306401785459,-0.728552506959809,0.382787918198675,2.51583408312939
"RNA75","protein-coding-exon2",0.252934034803723,0.0259419522875614,0.289067468347112,2.02347227842979,-1.25262569617082,3.25658732919803,5.34232416115237,45.5577091927174,109.348039245295,0,0.192501720024911,0.198964825804306,0.625878812847651,0.7417405379719,-0.662190016142675,1.14373533369126,2.66213843712832,-0.0432365871459354,0,1.8198785584235,0,0.823395182184523,5.69552879591299,13.1772672021604,-0.0463411274613412,14.9786177573318,-1.30720354036179,-0.675549486821817,0.118406538023145,0.448289590139931,-1.13912953042736
"RNA76","protein-coding-exon2",1.34898151895319,0.700432711764157,-0.289067468347112,0.279977296386511,-0.713033088589544,3.21517122993193,5.30361166723098,11.5373419384154,58.9424387572457,0,13.1988583913263,-0.823714378829825,-2.79518693116427,0.650378390076544,-0.619137414473957,1.12498874238202,1.93329311095398,1.27115566209051,0,1.01156301530332,384.160328597196,0.259986679073996,5.42755156330078,6.33923465106582,5.0307463443451,8.60644362851492,-0.218155982712087,-0.761306401785459,1.43153823625068,0.851143101244276,0.345956239022371
"RNA77","protein-coding-exon2",0.590179414542021,-1.21927175751538,-0.62631284808541,0.190893611172621,0.0192711645564742,3.23193488915869,5.01624584696832,8.9932101263546,18.1206472695205,0,1.83244003718369,-0.277555931997006,0.0364589599717077,-0.781993378677804,-0.637588529474836,-0.340724128641042,1.05620805742214,1.16738785294026,0,0.778711354241716,103.952427556387,0.669029386946538,4.7345311365845,18.4664801700728,0.163648814418204,15.3653938568608,-0.874598010839649,-0.347655400196144,0.698655521617128,0.432026760971936,-1.05560149980553
"RNA78","protein-coding-exon2",0.75880210441117,1.06362004379002,0.337245379738298,-0.623585796497229,0.0770846582258967,3.2654622076122,5.73540486866191,24.7313278474752,56.6773578485557,-0.674490759476595,5.52377072956976,-0.0845600509668298,-0.0789944132720337,-1.47246726936629,-0.688841626699501,0.522778654551344,1.32798089091088,NA,0,1.218619213541,71.6310845346529,0.466429166439838,4.58005543832258,13.6976585499398,-0.433879851953712,11.2978201420863,-0.36439905145537,-0.203205844085589,0.205003952174836,1.11023320250354,2.15881940210417
"RNA79","protein-coding-exon2",1.26467017401862,-0.596664902613911,-1.87893854425623,-0.776300685435326,0.443236784798905,3.24869854838544,2.31232704076634,78.6905886056028,96.8951277606303,-0.674490759476595,-0.405576142953247,-0.339235027996341,-0.0972238932578877,-0.533763157099893,-0.664240140031662,1.16576741007531,1.29709761437807,-0.937628628846759,0,0.194937524427784,85.0703124023176,0.0442227859802089,2.45553953894542,5.99121487998177,3.45451825616927,15.0342323341964,-0.837694801206358,-0.815191972873718,1.34027161983123,0.873478454801099,-1.25116065613456
"RNA80","protein-coding-exon2",1.01173613921489,-0.804200520914402,1.99938332273419,0.432692185324608,-1.54169316451793,3.25067074358859,5.78528442813755,70.8215297450425,557.9951315861,0.674490759476595,2.70237147424283,-0.288498997416243,0.394972066360168,-2.17246023573962,-0.697042122255448,0.84398313657143,1.82828997074242,3.23409671851598,0,0.624631072944445,0,-0.19564410667694,12.7692976525197,12.4391687804185,0.0156578635243456,10.56584708758,-0.87234191942102,-0.464176809094548,0.986930923490788,0.796405755907802,1.83191076432457
"RNA81","protein-coding-exon2",0.505868069607446,0.933910282352209,0.433601202520668,0.279977296386511,-0.0770846582258967,-0.0552214656881421,-0.265776160191109,25.796313257175,5.03351313042235,-0.674490759476595,14.6771540428153,-0.385991762060352,0.0972238932578875,1.18819305459602,35.7152082700358,0.0774987950000331,0.22235959103624,0.812847838343589,0,0.136421642317135,0,0.17174956548818,10.9583136151464,3.94023483500663,2.56779684770756,0,0.355938708635511,-0.436392413738405,0.198612423857615,0.735706917514894,1.07939007902935
"RNA82","protein-coding-exon2",0.674490759476595,-1.81593666012929,0.457690158216261,-0.419965944579767,-0.23125397467769,3.25855952440118,1.73833987127798,9.46653697511011,86.6972301583946,2.02347227842979,0.239525040947026,1.28232830230875,0.109376879915124,-0.115894090879313,1.67495121730206,-0.712563733578856,1.12415126579433,2.02347227842979,0,0.981785702513289,0,-0.339423532868372,1.51898436353199,6.99015355614323,12.6800287879602,10.1903827996961,0.459154891037795,-0.1753008162006,0.212339683538932,0.983632357570026,2.83820129559009
"RNA83","protein-coding-exon2",1.34898151895319,0.752316616339279,-2.36071765816808,0.687217000221437,-1.31043918984024,3.25757342679961,6.08381731395446,236.190097528997,1279.51903775336,-0.674490759476595,1.91620032757621,-0.828688499474932,-1.91409539851466,-1.00797308863424,0.168110158896902,0.32352364795525,2.24212587628209,0.933910282352209,0,1.51396860667937,297.41011271142,0.377123703684187,7.27623943224522,14.9644741513051,18.8405851597735,9.14831235333624,-0.629409218450773,-1.31371931048965,0.517496763404354,1.81654252313389,0.207918943078817
"RNA84","protein-coding-exon2",1.85484958856064,0.337245379738298,-2.09573914551656,0.330882259365877,-0.886473569597811,3.25214988999095,2.29222632276869,8.20038765468913,4.4596926335542,-0.674490759476595,2.53338141467898,-1.63748051636943,-2.81341641115012,1.27474321795096,-0.602736423362064,0.275787482456476,1.50710389480118,-0.33551591625246,0,0.775768247745027,0,0.114532479350248,3.8203982397871,9.48092015363783,32.2775145152332,0,1.32186813458288,-0.872926513325437,1.65747876226464,1.41790269774891,1.34254626714133
"RNA85","protein-coding-exon2",0.505868069607446,-0.415071236600981,-0.385423291129483,-0.738121963200802,-1.32971035439672,3.21270598592799,1.73908434231493,3.12395720178634,0,0,0.454068942654179,-0.185037287998004,-0.625878812847651,-0.957034233213253,0.485879361689827,-0.229597427581145,1.61210703501274,0.907968330064647,0,1.9841731505034,0,-0.137268655252868,1.16960885899477,0,-0.110638383758693,0,-0.545853261267972,-0.528566594744661,1.01536814882069,-0.0446471424712667,1.35987915520556
"RNA86","protein-coding-exon2",1.77053824362606,0.18159366601293,0.819024493650151,1.9343885932159,-0.154169316451793,3.19791452190438,3.23770453969505,-0.094665369751101,-0.654356706954906,-0.674490759476595,1.4680093000373,-0.366095279479922,-1.22137515905221,1.09992526188197,-0.576084812805238,0.531282262980276,0.840025121692463,1.85052592984604,0,0.624457949032875,176.322669623761,-1.15714485711145,1.27543961381852,0,3.03414020505506,0,0.911742944553508,-0.995708636019402,2.39985477631054,0.501371464544265,2.19005492759273
"RNA87","protein-coding-exon2",0.927424794280318,0.985794186927332,0,0.725395722455961,-0.886473569597811,3.25708037799882,3.40521052300877,22.8735199661098,51.8955203746545,-0.674490759476595,0.465824772884707,-1.61062026488585,0.467889986303584,1.03721212276264,-0.688841626699501,0.614192445162356,1.23533106131245,-0.0778258568626839,0,0.934695998566257,174.306785443611,0.850906949941662,0,1.8548019607101,5.3326222064371,8.67793867104809,0.162559444181583,-0.430085853411412,1.54521017790987,0.0696485023372464,-0.198717217191602
"RNA88","protein-coding-exon2",0.674490759476595,0.804200520914402,-1.78258272147386,0.776300685435327,-0.346880962016535,3.23686537716656,3.38957663123282,9.26537306438902,2.34561711877682,-0.674490759476595,0.556932457171306,-1.1042547832139,-0.249136226473337,0.130067811010611,2.21413380010554,-0.875871668179922,2.40271891425271,1.08956199607758,0,0.399396863991916,130.696491013039,0.557821581786676,0.395147155983247,7.98973681283456,6.14470755047579,6.28200910589874,0.513381659778417,-0.593876234475502,0.742957585541434,0.527280474670193,2.1100754816822
"RNA89","protein-coding-exon2",0.590179414542021,0.0518839045751228,0.26497851265152,-0.318156018621035,0.46250794935538,3.24623330438151,5.7770952467311,424.810846758066,-0.251675656521118,-0.674490759476595,7.88669260590607,1.48029830398403,0.127606359900977,-0.473475677762515,-0.690891750588488,1.11455249567379,2.30389242934771,1.85917324727523,0,0.553304021377618,98.9127171060123,0.101397232905153,5.67417662604446,0,31.8922131120696,0,0.0296111998695077,-0.761306401785459,-0.311431535857093,1.4455262747214,0.324864695417949
"RNA90","protein-coding-exon2",-0.0843113449345744,0.985794186927332,-0.578134936694224,-0.203619851917463,-0.366152126573009,3.25954562200276,5.89248825745834,91.9674067131947,216.441064608161,-0.674490759476595,-0.307121064772567,-0.768004227604619,0.303824666430899,-1.3706026701988,-0.692941874477475,-0.755275039551443,2.57566526283645,3.26003867080354,0,0.961530204859602,206.493736186668,0.406942726632944,5.98024772986473,22.3109195953324,7.38621774131633,12.4172941306541,1.25547458712036,0.287335172419023,-0.0498161899461824,0.0670546369070181,-0.359555951636189
"RNA91","protein-coding-exon2",0.252934034803723,-0.207535618300491,0.481779113911854,0.381787222345243,0.115626987338845,3.25560123159646,5.09143742170026,54.6692510312609,227.212782707265,-0.674490759476595,2.30120376762603,1.24054568888984,-0.322054146416753,-0.848102441491866,-0.666290263920649,-0.949505186621351,2.43360219078552,3.41569038452891,0,0.775595123833457,186.200502106495,0.761511471069705,6.01120087541184,22.3109195953324,-0.516305911705364,9.93234170609251,0.476881323612738,-0.203205844085589,0.334112824182825,0.20341784809611,0.179898215278441
"RNA92","protein-coding-exon2",0.0843113449345744,0.933910282352209,-0.674490759476595,0.26725105564167,-0.0192711645564742,1.50675713520503,1.25220028414971,19.7140632506668,77.3449627620699,-0.674490759476595,0.471702687999972,0.413846837672956,0.984391919236112,-0.227631780943065,10.1850154804855,0.0660962291521484,0.889438364144961,-0.497220752178259,0,1.79425621951115,0,-0.532671552659971,0,0,25.7215671253053,0,-0.375679508548516,-0.358427561695868,0.578209285322912,-0.272255384684569,-1.12950915282186
"RNA93","protein-coding-exon2",1.01173613921489,-0.518839045751227,-0.144533734173556,0.229072333407146,-2.89067468347112,3.26102476840512,5.60288902408483,36.4461673541739,20.4360633095148,1.34898151895319,2.98891983611197,-1.39474342888818,-2.98355822435143,-0.20353252321751,-0.674490759476595,0.757400941658676,1.03150143619589,2.10129813529247,0,1.70855988328401,321.331938315863,0.684808264596814,0,4.59206152433027,2.61697187037495,9.31592484782799,-1.28649584412652,-0.405106928194663,0.698655521617128,1.09880275685975,-0.327768902788503
"RNA94","protein-coding-exon2",-0.843113449345744,1.03767809150245,-0.9876471835193,0.165441129682938,-0.134898151895319,3.22552525474845,2.40538592038508,23.9148390333719,47.0230796644056,-0.674490759476595,0.797926976897149,1.26044217147027,0.182294799858539,-1.53708160128769,-0.647839148919769,0.55775940740672,1.79740669420961,0.873379060347899,0,1.18676441381213,164.294560682201,0.773310688841214,0,11.1832036179726,-0.674490759476595,3.88548649431363,-0.475189255048766,0.17302418222397,-0.46311188898535,-0.752316616339285,2.16206833370337
"RNA95","protein-coding-exon2",-0.252934034803723,-0.415071236600981,-0.867202405041337,0.878110611394058,-0.327609797460061,3.26299696360826,4.13925896544136,54.0894256415354,69.3819449897417,-0.674490759476595,-0.540768190604329,0.738159503733973,-0.401048559688786,-0.311834954563039,-0.586335432250171,0.679515619002783,1.1117979551812,2.17912399215515,0,1.28250193691032,185.528540713111,0.35638920194678,0.456368377458732,6.79608110160909,3.3374110072007,6.86424891771729,0.104545664845405,-0.0548887095735704,-0.887115615837898,0.598264064056293,-0.954946302654517
"RNA96","protein-coding-exon2",0.927424794280318,0.752316616339279,0.0240889556955927,1.39988648193256,-0.597406101250699,3.24179586517442,1.9088237387395,0,-0.946300468519402,-0.674490759476595,-0.176337453457933,-0.876440057667965,-1.51304683882588,0.541617050123619,3.6451202746182,1.57761262739469,0.592958909429974,1.96294105642548,0,0.961357080948032,349.016747723253,0.556172865551187,0,0,7.42814720156922,0,-0.502101202685271,-0.458851905999728,1.35032459095532,0.211775593298025,2.21805062281324
"RNA97","protein-coding-exon2",0.0843113449345744,-0.415071236600981,-0.0963558227823708,-1.46351768565676,-0.732304253146018,3.13332512900129,1.38843848391153,1.9169737374598,0.372479971651254,-0.674490759476595,0.821438637358206,-0.564065281155206,0.680567252805213,-0.961361085797275,-0.682691255032542,-0.524131501346855,1.62446034562587,0.103767809150245,0,0.871505770843219,103.41485844168,-1.33139876570906,0.250335439802804,1.35698167448495,-0.674490759476595,0,-0.304934927635787,0.165400105651057,0.445206504747827,-0.188229979388828,-1.06850004232018
"RNA98","protein-coding-exon2",0.674490759476595,0.337245379738298,0.0481779113911854,-1.81985242651232,-0.385423291129483,3.24426110917836,5.93715651967533,239.195723018595,726.98023440064,-0.674490759476595,4.7243742738938,0.66454251818638,0.747408679420011,-0.940474188323494,-0.660139892253689,0.945253382406885,1.82211331543586,2.26559716644702,0,0.774729504275607,94.9481448850512,-1.33139876570906,6.25595574810146,17.8250151127668,6.52643357330778,0,0.280762519579046,-1.66038346460058,1.06278207441966,0.13243425871001,-0.945737053343712
"RNA99","protein-coding-exon2",-0.168622689869149,1.08956199607758,-0.0481779113911854,-1.2598978337393,-5.04904511379623,3.20777549792012,1.71451679809558,7.23006761474034,4.46975965981505,-0.674490759476595,-0.699471898716469,0.38499693793133,0.473966479632202,-1.26300826927612,-0.645789025030783,-1.06855570462639,1.08709133395495,1.75540543812499,0,1.31158675405408,0,-1.33139876570906,0.341987753772875,0,-0.674490759476595,0,0.477525921160918,-0.836920025731895,0.184179940560643,-0.402518679042494,2.09734386958426
"RNA100","protein-coding-exon2",-1.01173613921489,0.752316616339279,0.963558227823707,0.598133315007547,0.250525139234164,3.22404610834609,2.17236648581976,27.9262840765748,99.1602086693204,-0.674490759476595,1.15501032014946,0.686428649024854,0.638031799504887,-1.16763394898467,-0.205012388898661,-1.15223894212019,2.00123631932616,2.87090938649012,0,0.733352889410384,0,-0.53026717481655,0.276082056247546,1.08608059229507,2.60658430706294,0,0.186006679996622,0.341762935786047,-0.763312587885028,-0.768170031626126,1.29514055729777
"RNA101","protein-coding-exon2",-0.168622689869149,0.415071236600982,0.0963558227823708,-0.0127262407448411,-0.597406101250699,3.22946964515475,3.03967524386638,7.21823444352146,-0.302010787825341,-0.674490759476595,2.94042703641104,1.52705503804804,0.182294799858539,0.632008934106194,-0.440776636132121,-0.0850360842893132,2.43360219078552,NA,0,1.85069461468296,92.1931031721799,0.0182199725937691,3.43747932647282,12.9937228962808,7.1035595485069,0,0.0413751051237883,-0.807267624184271,-0.231687820793346,0.03196116343924,0.305360610041104
"RNA102","protein-coding-exon2",-0.843113449345744,0.0518839045751228,0.240889556955927,-0.0254524814896829,-0.443236784798905,3.17671342347054,1.38173824457899,314.442858799501,1.47985286034417,2.02347227842979,0.916954757981254,0.496417240381742,-0.540807906247,-0.137279231983981,0.11480693778325,0.755275039551443,1.24768437192557,NA,0,7.8889104024203,NA,0.321716415253028,0,0,-0.674490759476595,0,0.725615402516602,0.500859474858857,-0.380951697707544,-0.872802572519294,0.819064870871935
"RNA103","protein-coding-exon2",-0.674490759476595,1.01173613921489,0.313156424042705,0.343608500110718,-0.501050278468328,3.17720647227133,0.90304336782021,82.3943711971146,-0.644289680694061,2.02347227842979,1.52531897241112,0.553122215735969,-0.911473999292696,0.198917213794554,0.334170193904818,0.982553301197424,1.29092095907151,-0.532674753637926,0,7.91920708694505,NA,0.501561509095781,0,0,-0.175840319624808,0,-0.160061628682386,0.621065748824979,-0.172391212156192,-0.733292517995079,1.60635505091533
"RNA104","protein-coding-exon2",1.51760420882234,0.0518839045751228,-0.722668670867781,0.17816737042778,-3.41099612649592,3.23538623076419,2.92949353039779,3.12395720178634,-0.302010787825341,-0.674490759476595,4.41725320912123,-0.129327136772798,-2.29691447821759,0.671907759600679,-0.321869450570898,1.05753966643436,0.877085053531836,1.52192786753693,0,0.551572782261918,0,0.232574402813826,5.36398510349547,12.6931335091861,11.2333540643771,0,0.24958011318585,-1.42140464761668,1.6519137246781,0.95165219225002,0.717835857814023
"RNA105","protein-coding-exon2",0.590179414542021,0.856084425489525,0.433601202520668,-0.369060981600401,-1.1177275442755,3.26496915881141,5.52323062313119,12.6614932042098,102.089713311226,-0.674490759476595,-0.483458518230501,0.0885393474829163,-2.04777825174426,-0.822115102638738,31.7871708987374,0.121756211596062,NA,1.6775795812623,0,2.93929777063492,178.002573107219,0.750335259576836,0,7.3608947909051,7.58428568582487,13.2122618954477,0.371006176324213,-0.530968946179854,0.346799823166267,0.738820803010488,1.17663021778443
"RNA106","protein-coding-exon2",1.60191555375691,-0.441013188888543,0,0.839931889159534,0.308338632903586,3.22946964515475,5.23214244768379,29.8314246428157,73.4892917041663,-0.674490759476595,1.27109914367594,-0.804812720378415,-1.61027073208376,-0.560891211634263,6.18317364918362,0.407786676932842,1.22915440600588,-0.129709761437807,0,1.75686145461204,215.027645882635,-1.0574678795658,6.88737991522982,5.49913136047243,21.8169538547919,15.6579195024696,0.124447614145455,-0.6050382456295,1.58646888266025,1.13614221262947,2.79395579170177
"RNA107","protein-coding-exon2",1.26467017401862,0.57072295032635,1.39715943034438,2.46889070449923,-0.501050278468328,3.19150488749415,5.55896523290479,110.486319670754,170.505223779927,7.41939835424255,2.48782757253568,-0.279545580255049,0.109376879915124,0.546311029593558,-0.653989520586729,0.434650349015147,1.22915440600588,-0.382211430370071,0,0.523699832499153,138.558439315623,-1.31383726100606,7.89639245396757,12.2981130744659,35.1042318744007,8.74495291828887,0.227986095321828,-1.15197679217536,0.441703550856144,1.65000424679366,1.19580188708624
"RNA108","protein-coding-exon2",1.26467017401862,0.337245379738298,-0.0481779113911854,0.750848203945644,-0.79011774681544,3.24919159718623,5.49121836854235,43.4987374006309,58.6706290482029,0,-0.0484927997009317,-1.30520925727624,-4.63636440973551,-0.92734940215196,-0.631438157807876,-0.0979847607606394,1.84064328135554,3.06979768736143,0,2.12855849275276,281.283039270222,0.479618896323749,0.274542899834073,0,5.26042390133111,0,0.906344440087502,-0.806383754522757,0.574950527736167,1.56862338165454,1.89895214612876
"RNA109","protein-coding-exon2",-0.252934034803723,0.155651713725368,-0.192711645564742,-1.14536166703573,-2.38962440500279,3.26299696360826,4.38493440763482,57.6512101784206,17.2951511161312,0,0.0367369694704028,0.136290905675949,0.589419852875944,-0.891200515563628,-0.170160282785889,0.740586988628744,2.07535618300491,0.942557599781396,0,1.43121537694893,0,-1.33139876570906,0.245174915375564,15.2586177331011,13.3355828976311,10.2655459442579,-0.437722022560818,0.421076549660093,0.81627162053122,-1.10922890385902,1.39016629329509
"RNA110","protein-coding-exon2",0.0843113449345744,0.518839045751227,-0.26497851265152,-0.394513463090084,-0.0578134936694225,3.25905257320197,5.67361377259507,6.01125097919492,31.7111327216608,-0.674490759476595,-0.752373134753849,-1.13907362772965,0.0729179199434156,-1.23746672735589,0.0820049555594645,1.51344903652184,0.96973488313027,0.259419522875614,0,1.09639373197261,195.943942310551,0.0061080672603568,0,0,-0.356505371231235,0,-0.381319737095089,-0.244514074340548,0.393075931084105,-0.143395673274563,1.35968822560509
"RNA111","protein-coding-exon2",0.337245379738298,0.518839045751227,0,0.229072333407146,0.366152126573009,3.08648549292652,1.80608673564042,295.888446328285,13.8522281349223,-0.674490759476595,-0.432026760971937,1.00875166682783,-1.97486033180084,-0.533763157099893,-0.330069946126844,1.21195746495064,NA,0.0518839045751227,0,0.721407339512057,126.26154581671,0.535149364703537,2.51627571112881,6.25694320341946,11.5584157261955,0,-0.562290498746556,-0.343693225851421,0.0157926742321071,0.638957242454362,1.93379689107305
"RNA112","protein-coding-exon2",0,0.311303427450736,-0.385423291129483,0.750848203945644,-0.289067468347112,2.70338657471504,1.09288348224243,18.6490778409669,-0.533552391824769,0,0.255689307514003,-0.844605685539277,-0.735255692762775,0.69199484493014,6.8289626742144,0.0400056123815634,0.858555087612149,0.0172946348583742,0,1.42827227045224,182.437518303548,0.711033749428852,0,0,-0.674490759476595,0,-0.0891558983826129,0.0200343789943574,0.441703550856144,-0.314762354422418,2.0374767904529
"RNA113","protein-coding-exon2",0.168622689869149,1.24521370980294,-1.46942629743115,0.292703537131353,-3.14119982270529,3.23538623076419,4.81821655113965,2.55596498327973,4.10734671442464,-0.674490759476595,-0.202788071476623,0.265618042448748,-0.127606359900978,-0.928595011229179,-0.24806499056738,0.050441859089797,1.42680737581587,NA,0,0.877911355571308,134.929847791354,0.338369396769532,0,0,3.22928283838318,0,1.17046828545416,-0.683818059889939,0.00227101265817567,0.337245379738298,0.737178413644901
"RNA114","protein-coding-exon2",-0.0843113449345744,1.11550394836514,-1.99938332273419,-1.36170775969803,0.944287063267233,3.26349001240905,3.12007811585697,10.4723565287156,1.00670262608447,-0.674490759476595,0.655387535351986,-0.0149223619353226,1.20314567906636,-1.82106735921902,-0.239864495011434,0.785230932880633,2.24830253158865,0.648548807189034,0,1.00238744799011,126.530330374063,-1.33139876570906,0,0,-0.15570849059835,0,0.287047345673799,-1.15197679217536,-0.0101775011718036,-0.0124905696199455,1.57124648659971
"RNA115","protein-coding-exon2",0.0843113449345744,-0.0778258568626838,0.0481779113911854,0.725395722455961,0.809388911371914,3.23045574275632,5.81208538546775,25.0744898128229,29.5366550493184,-0.674490759476595,2.75821166783784,-0.29944206283548,-3.08685861093793,-1.1661785531155,-0.62323766225193,1.56910901896575,2.02594294055241,3.45892697167485,0,1.23385411775916,268.314184377926,0.143742709091361,5.04041222109445,10.8373324486547,6.52990060878089,14.4549577545566,1.2089829889579,0.255910841116565,-0.464900572394882,0.763150236665655,1.92589109304717
"RNA116","protein-coding-exon2",0.927424794280318,-0.933910282352208,-0.192711645564742,1.52714888938097,-0.847931240484862,2.88187024059993,5.73912722384666,12.1763331842354,27.4125125082801,-0.674490759476595,11.2121230823669,-2.12295469133194,-1.20314567906636,-0.400640325931473,-0.36902230001759,1.05502723667127,1.32798089091088,0.51019172832204,0,0.182472602794746,336.988638781693,-0.721030276029086,8.63431744401391,8.6010677303693,7.16998848989592,15.0382079417842,0.733995170642939,-0.435747743127201,1.72203319826863,-0.0880585158205567,3.15762768304743
"RNA117","protein-coding-exon2",-0.505868069607446,-1.42680737581587,0.529957025303039,-1.043551741077,-0.0385423291129483,3.26102476840512,5.56119864601564,58.1955360544894,35.5970048583469,-0.674490759476595,-0.481989039451685,-0.134301257417906,0.243059733144719,-1.63895931212967,-0.684741378921528,0.949891714277212,0.697962049641532,1.80728934270011,0,2.40572987517628,133.720317283264,-1.33139876570906,0,4.62748122444647,-0.674490759476595,0,-1.12107599832488,0.300515684915316,-0.0101775011718036,-0.710040842241038,2.20977538538815
"RNA118","protein-coding-exon2",0.843113449345744,-0.726374664051718,2.09573914551656,1.14536166703573,-0.346880962016535,3.17868561867369,2.77017672849052,46.1493677536618,2.34561711877682,-0.674490759476595,-0.603955778093422,-0.0119378895482579,0.644108292833505,-0.473475677762515,-0.590435680028144,0.454556523291963,1.85917324727523,2.78443621219825,0,0.680203848558404,127.941449300168,0.332018522879668,0.524389289938249,1.72682586800941,17.0500509414163,0,-0.22444080880684,0.0758444347643351,0.26955838817883,1.23977825313316,1.43141531654562
"RNA119","protein-coding-exon2",2.10778362336436,0.856084425489525,-1.01173613921489,1.71804250055359,-1.17554103794492,3.17720647227133,5.97661348463367,4.4966050631773,3.30198461355706,0,4.4231311242365,-2.30003338629777,-5.62075632897163,0.730543167951429,21.8358695415964,0.133158777443947,1.81593666012929,-0.800741593942727,0,1.46376267232408,392.492649875148,0.489800192846927,1.72882568820709,6.95024327833563,20.7366201841288,7.9500949769093,0.772107000679067,-1.55480812856963,1.4081780706928,2.04578033856811,1.76228885030248
"RNA120","protein-coding-exon2",1.68622689869149,-1.03767809150245,0.481779113911854,1.24717159299446,-1.61877782274383,2.53870827525218,6.00937021025947,-0.745489786789921,-0.845630205910955,1.34898151895319,-0.213074422928336,-0.920212319344912,-4.58167596977795,-0.495149275706118,-0.641688777252809,-0.0224186040399097,1.33415754621744,0.138357078866994,0,2.37439444718211,472.59044796643,0.511996272051713,0.141195348674842,0,9.33383846144142,0,0.604914511619942,-1.02282955568284,1.7388386919391,1.0679437025046,2.07092112217591
"RNA121","protein-coding-exon2",-1.43329286388776,-1.1414459006527,-0.505868069607446,-0.279977296386511,-1.15626987338845,3.25609428039725,5.57832147986548,39.9369528637458,85.0663719041378,0,1.16235771404354,1.40568649430742,0.89932101263546,-1.96271277881051,-0.672440635587609,-1.65839690746953,2.03211959585897,0.51019172832204,18.7199037634987,0.468819552531473,92.1931031721799,-1.33139876570906,0,10.5684349376119,15.2744141411076,0,0.066192110728709,1.66953158286284,-1.51644767459827,-0.684205646958783,2.22057289416517
"RNA122","protein-coding-exon2",-0.0843113449345744,0.856084425489525,0.843113449345744,0.470870907559133,-0.963558227823707,3.26398306120984,4.80928289869625,57.9825389725494,103.6903704867,-0.674490759476595,-0.630406396112112,0.751092217411253,-0.0546884399575619,-0.561625465406097,-0.619137414473957,1.1995885799631,2.31006908465427,1.8159366601293,0,0.535126010662771,205.687382514608,0.279325931008668,0,10.9399281829919,-0.581755280142158,8.07535956295129,-1.29068572818968,-0.0521903990609266,0.280950347473655,-0.29190146313483,1.38202058363204
"RNA123","protein-coding-exon2",0.505868069607446,1.1414459006527,-2.93885259486231,-0.0636312037242069,-1.98492994931684,2.96815378073765,5.57683253779158,27.4056245429438,0.835563179650111,-0.674490759476595,0.152825792996876,-0.977912118828161,0.516501932932528,-0.848102441491866,-0.670390511698622,1.23070405625987,1.69858020930461,1.35762883638238,0,0.267995815110311,125.05201530862,0.143875364420653,0.153892639009772,0,21.1571336663162,0,0.428053059338121,-0.928736569095415,-0.117768227845123,1.04546067718872,1.93797680660207
"RNA124","protein-coding-exon2",0,1.24521370980294,-2.26436183538571,0.381787222345243,-0.905744734154285,3.12297110418476,6.07711707462191,9.32453892048346,10.5703775738869,-0.674490759476595,0.433496239750753,-0.911258902183719,-0.838556079349281,-1.86433588505924,-0.678591007254568,0.560271837169814,1.47622061826837,NA,0,1.00498430666366,406.066270021489,0.597577910206519,0,3.25965985405092,-0.674490759476595,0,-0.631020712321223,-0.256240814209555,-0.326411018244765,0.496862437920142,1.28963260481391
"RNA125","protein-coding-exon2",1.26467017401862,0.57072295032635,0.915380316432522,2.11255596364368,-0.0578134936694225,3.25855952440118,2.80293345411631,16.8386026444771,37.7211473993851,-0.674490759476595,0.409984579289695,-0.416831310060019,-1.87763643854295,-0.548408897513084,11.2121275488678,0.975982331047796,1.22915440600588,1.58245908954124,0,1.49907995028435,197.556649654671,-1.32272711052168,8.07014011070099,8.48144432703481,37.2865681874336,16.124537223998,0.430792598917885,-0.694334334861471,1.08294428182912,1.00659716199983,1.95988116272385
"RNA126","protein-coding-exon2",1.51760420882234,0.778258568626841,-1.18035882908404,1.70531625980875,-1.40679501262261,2.46968144314201,1.01918084958439,59.5563507446615,95.9689613446326,-0.674490759476595,2.39231145191263,0.59291518089683,-0.0668414266147978,1.46477071643653,-0.465378122799961,0.461127493441592,1.21680109539276,0.501544410892853,0,0.200477489598023,0,-1.27638873261223,6.10065996650033,5.63809217970294,27.4011832947377,7.81553933004041,0.835761008561819,-1.44922600225464,1.83991521184114,0.661049820429056,1.75465447732706
"RNA127","protein-coding-exon2",0.421556724672872,-0.0259419522875614,0.0240889556955927,0.127262407448414,-0.211982810121216,3.24919159718623,3.17293555948041,15.5724533240561,2.76843222173229,-0.674490759476595,9.13574956789977,-0.124353016127691,-0.589419852875944,-0.534943207804626,77.6648432864798,1.24983717522497,1.69858020930461,2.77578889476906,0,1.4210010661663,95.2169294424045,0.533711475687816,0,0,-0.047561361430587,0,-1.2624040107633,-0.541554307191137,-0.374977308798522,1.10922113179549,2.43480375559185
"RNA128","protein-coding-exon2",0.0843113449345744,1.32303956666563,-0.939469272128114,-0.572680833517863,0.289067468347112,2.18815057789264,0.600043655781607,2.14180399061866,7.16772269772143,126.8042627816,0.524603924037352,0.621765080638454,-0.923626985949932,-0.682619997664758,1.97221918120512,1.47325016031235,1.32180423560432,-0.816306765315264,0,6.32715959614762,NA,0.540434258268732,0,7.60261248960524,-0.674490759476595,7.522398673313,0.747048270993579,0.130284918613593,-0.361332510927663,0.636559275047943,1.95409137479745
"RNA129","protein-coding-exon2",0.674490759476595,1.03767809150245,0.62631284808541,1.06900422256668,-0.308338632903587,0.292377938866682,1.619224505366,19.2407364019113,24.5635440764611,-0.674490759476595,0.296834713320855,-0.128332312643777,-0.984391919236112,0.480097073383519,-0.62938803391889,0.922641514539045,0.562075632897163,0.925262964923022,0,1.26484329793019,0,0.739410145671555,0.256262042081065,3.52409364492446,-0.376564067478183,12.6709422876966,1.03574739788459,-0.517771612970969,0.322375654000279,0.939469272128109,1.03248079652782
"RNA130","protein-coding-exon2",-0.927424794280318,1.6084010418288,-0.674490759476595,1.85803114874685,-0.154169316451793,3.22256696194373,5.83441951657624,21.5718711320322,63.593404889756,-0.674490759476595,-0.887565182404931,0.118384071353561,0.796020626048955,-0.488816336924049,-0.340320565571777,0.2408067296011,1.20444778477963,NA,0,2.04113091740992,232.364249831923,0.735695796451374,0.292147688883047,21.0149904400347,5.56955886894493,5.47265447386728,1.20447080612064,0.115988509967317,0.0690998763769541,-1.44430428710536,-0.0355405487381735
"RNA131","protein-coding-exon2",-0.0843113449345744,1.03767809150245,-0.481779113911854,0.649038277986912,-1.25262569617082,3.14860964182568,2.82675652729871,52.65761192405,119.29426119101,0,0.640692747563825,-0.448665682188708,0.473966479632202,-0.574343789668224,4.43851821965601,1.70497349000072,1.58122375847993,0.0951204917210584,0,0.92257732475636,0,0.358452466086307,0.409938659138069,2.6784415902698,23.154200271255,11.6437638962791,0.823594229839926,-0.513380961730328,-0.415711778632775,0.365349161383151,0.668282254201811
"RNA132","protein-coding-exon2",0.505868069607446,0.700432711764157,0.770846582258966,1.18354038927025,-1.0406428860496,3.24130281637364,5.451761403584,32.2453915714688,42.0298346390266,-0.674490759476595,0.570157766180651,1.18682518592268,0.44966050631773,-1.63895931212967,-0.405924530019349,-0.00270569359102308,1.27239099315182,0.735021981480905,0,1.14556092285848,0,0.551477814432309,8.36301987397952,20.1514673901895,0.0709381189701562,12.5125549599833,-0.934223284046277,-0.0667812633145177,-0.512267558980624,1.49886835439243,0.193645528712428
"RNA133","protein-coding-exon2",0.421556724672872,1.03767809150245,0.505868069607446,0.190893611172621,-0.443236784798905,-0.110935980177071,3.67247562527378,1.06498540969989,-0.825496153389266,14.1643059490085,0.239525040947026,-0.144249498708121,-0.534731412918382,-0.0174254154065626,-0.615037166695984,1.2583407836539,1.28474430376494,-0.6978385165354,0,0.198400002659183,0,0.236314809330833,0.435162222428655,0,0.286746179753009,0,0.328140439370259,-0.45556435713249,0.0422145048604224,0.749760018142815,1.25060347355244
"RNA134","protein-coding-exon2",0,-0.441013188888543,0.481779113911854,1.1071829448012,-0.346880962016535,-0.40873745585241,0.51591842860627,0.780989300446584,3.68453161146916,0,1.37984057330833,2.61240816281053,0.565113879561472,0.837691771941219,-0.664240140031662,-1.47112425820511,0.982088193743394,NA,0,1.32630228653752,0,0.445813106960728,0,0,-0.674490759476595,0,-0.546578433509674,0.243274602074303,-0.505094843869063,0.656825525299818,-0.730205904032575
"RNA135","protein-coding-exon2",0.674490759476595,1.29709761437807,-0.216800601260334,-0.483597148303974,-2.11982810121216,2.75910108920397,3.81615853540511,37.073325428775,438.58006607996,0,1.21085051374448,-0.0955031163860667,0.370666093045696,NA,NA,1.12904728276856,1.27856764845838,NA,0,0.337245379738298,104.019623695725,-1.32249332919225,0.316289142206526,0,9.3413142566803,0,-0.528207403386551,-1.30223463463302,0.701576536820927,0.552192984406663,2.28741309788773
"RNA136","protein-coding-exon2",0.421556724672872,1.42680737581587,-0.746757626563373,0.407239703834925,-2.02347227842979,2.93807780388964,5.60958926341738,70.9280282860125,-0.795295074606732,-0.674490759476595,-0.28360940431151,0.559091160510098,-2.03562526508702,-0.487216712635411,-0.580185060583211,0.325649550062483,1.28474430376494,-0.875973255576655,0,0.814721127848269,220.672121587055,0.513095416208706,0,0,-0.176956271667715,0,-0.506774534909574,-0.0985985144224773,0.242181899611697,0.525584858824256,1.44696233838826
"RNA137","protein-coding-exon2",-0.0843113449345744,1.03767809150245,-0.554045980998632,-0.44541842606945,-1.13699870883197,3.26349001240905,3.02553029416433,-0.153831225845539,0.503351313042235,-0.674490759476595,-0.314468458666648,-0.909269253925675,-0.425354533003258,-0.682619997664758,-0.662190016142675,-0.473109850773268,1.37739413336338,0.0259419522875614,0,0.797062488868133,172.895666517506,0.496084739072146,0,0,12.0186917714651,0,0.65116438570184,0.489797547806759,0.719855282268021,-0.698628976840291,0.26925842572807
"RNA138","protein-coding-exon2",-0.252934034803723,1.84187861241686,-1.37307047464878,-0.127262407448414,-1.61877782274383,3.26349001240905,3.42531124100642,28.5061094663003,-0.191273498956049,-0.674490759476595,0.922832673096518,0.830678147732975,-0.0364589599717079,-0.341257552134391,16.4993970585642,-1.80121887630999,1.63681365623899,0.380481966884233,0,0.713270515668268,0,0.166673130297587,0,0,-0.507486640220648,0,0.276894934289968,1.03118127176823,-0.516486803163888,0.279620819054723,2.41370091082774
"RNA139","protein-coding-exon2",-0.168622689869149,0.492897093463666,-1.78258272147386,0.725395722455961,-0.674490759476595,3.2654622076122,6.02425963099846,77.2706080593363,145.87121051964,-0.674490759476595,0.880217788510851,0.424789903092192,0.382819079702932,-1.93890197792389,-0.682691255032542,0.841084179152477,2.71155167958082,0.319950744879923,0,0.509330547838846,137.48330108621,0.565904081492837,0,6.83996629268421,-0.674490759476595,0,-0.0398441859468614,-0.462558456193182,0.0341245627525021,-0.234749234915887,0.90190102251977
"RNA140","protein-coding-exon2",0,0.337245379738298,0.337245379738298,-1.4126127226774,-2.58233605056754,3.15600537383749,3.46179032181696,39.8896201788702,13.8018930036181,0,-0.562810372286571,1.24054568888984,0.875015039320988,-1.436108595986,-0.574034688916251,0.805330370985379,1.45769065234869,2.06670886557572,0,0.011426178163618,110.470453072204,-1.33139876570906,0.453856122156169,2.90671978492222,14.807854094043,0,-1.3140523893112,-0.879991077346949,0.409290142060881,-0.280326328305684,2.20458066903474
"RNA141","protein-coding-exon2",0.75880210441117,-0.933910282352208,0.915380316432522,0.509049629793657,-1.00210055693666,3.23341403556105,6.03691563862661,29.1214343696825,143.72693392608,-0.674490759476595,-0.553993499613674,0.108435830063346,-1.64065319872685,-0.628560563713473,0.594535927806117,0.496688037780759,1.77270007298336,2.07535618300491,0,0.834976625501956,380.531737072926,0.619852161301781,0.84723109804541,4.2759699754923,2.27177160797643,0,1.00222832537924,0.171261626887217,1.05878842835665,0.328784026124784,1.6618648301502
"RNA142","protein-coding-exon2",0.505868069607446,-1.11550394836514,0.433601202520668,0.0381787222345246,-2.02347227842979,0.664136734660068,0.907510194041909,14.3891362021674,19.7917736288207,-0.674490759476595,0.0837602903925184,-1.02068955637609,1.09376879915124,-1.16763394898467,-0.641688777252809,-0.915297489077695,0.395305939619982,0.0345892697167485,0,0.170873300719559,0,0.623166175688921,3.61332719663593,3.66769544397001,0.592871868921026,9.01946752399689,-0.474705806887631,-0.1753008162006,1.56254576814112,-0.634814832448569,0.549116903128679
"RNA143","protein-coding-exon2",1.34898151895319,0.804200520914402,-0.168622689869149,0.814479407669851,-3.62297893661714,3.2654622076122,5.66468012015167,16.3771089669405,55.5196498285585,-0.674490759476595,0.0191032241246094,-0.692397593798982,-3.14762354422411,0.954385674964851,-0.303418335570019,-0.0831034460100098,2.55713529691676,0.657196124618221,0,1.32266668439456,355.198792542378,0.66160305735134,0.390355669058653,2.58219497415182,0.606851064293451,3.67910633466948,1.08787922459363,-0.528131404379967,0.668038388433838,1.66503870729431,1.68888435590725
"RNA144","protein-coding-exon2",1.51760420882234,-0.285361475163175,-1.51760420882234,0.152714888938097,-3.27609797460061,3.19249098509573,1.9505141168087,21.6310369881266,11.4965439898847,-0.674490759476595,-0.0308590543551383,-1.38380036346894,0.170141813201303,0.182108047089352,21.6062556660299,-1.52156611729491,2.30389242934771,2.84496743420256,0,1.42567541177869,0,0.330978599851823,0,0,1.12408806462685,0,-0.082145900046158,-0.1753008162006,0.742957585541434,1.87670808539553,2.65645795932323
"RNA145","protein-coding-exon2",0.421556724672872,1.01173613921489,0.36133433543389,-0.852658129904375,-1.21408336705787,3.26496915881141,5.60214455304788,53.5450997654665,97.2072055747165,-0.674490759476595,-0.0573096723738284,-0.0159171860643444,-1.70749462534165,-1.00105012449981,-0.416175149464282,0.665020831908013,1.50710389480118,NA,0,1.74249216995173,87.5565695578356,-0.00164042527740811,1.34006618135501,5.76824373169193,23.9043529855339,8.42910077954016,0.634324274755644,-0.192638259561094,0.346336149343344,0.506200658739337,1.4300804335487
"RNA146","protein-coding-exon2",-0.0843113449345744,1.71216885097905,-0.289067468347112,0.649038277986912,-0.867202405041337,3.25905257320197,6.07562813254801,30.5887476008245,8.30529666519688,0,1.22113686519619,-1.79665237701288,-0.838556079349281,-0.94314896992089,-0.662190016142675,0.927859637893162,2.91538130469737,3.00061914792793,0,1.70561677678732,157.104573773,0.661569893519017,0,9.92573443429025,6.12613995034443,15.6448944455657,0.746564822832445,-0.24818708306439,-0.324920522484795,0.34843096447257,1.18792738634594
"RNA147","protein-coding-exon2",1.26467017401862,0.0259419522875614,-0.794935537954559,-0.127262407448414,0,3.2654622076122,5.82697480620674,-0.260329766815528,3.02010787825341,-0.674490759476595,-0.490805912124581,-0.509349954059021,-1.56773527878344,-0.401636813193248,-0.545332954470439,0.84321008125971,2.24212587628209,1.77270007298336,0,0.59468063624284,225.64463589809,0.538889771220544,0,0,-0.041174432019973,0,-0.753655395862422,-0.375987660578977,1.34133888731359,0.877761947264055,2.13959547432208
"RNA148","protein-coding-exon2",0.75880210441117,-0.155651713725368,0.216800601260334,0.776300685435327,-1.00210055693666,1.25973968601075,0.0722136905841388,34.4463614181819,191.827185400396,-0.674490759476595,2.92573224862288,-0.15021844348225,0.340283626402606,-0.637371608975482,52.6184797347304,1.33506652334221,0.759728602707154,0.371834649455046,0,0.881027585979567,0,0.132059564732982,2.11074449988819,5.78011475645031,0.0710166689925938,0,1.2136563211822,-1.39614578616906,1.35487984349594,-0.0597205359953292,1.61471434906668
"RNA149","protein-coding-exon2",0.421556724672872,-1.27115566209051,0.168622689869149,-0.394513463090084,-0.269796303790638,3.2654622076122,3.66651985697818,8.40155156541022,15.301879916484,-0.674490759476595,1.09623116899682,-0.686428649024854,0.44966050631773,-0.250826333128324,-0.563784069471318,0.875485140524062,1.2106244400862,-0.381346698627152,0,1.76101642848971,126.933507210093,0.486734907202211,2.59345355416177,3.607137103189,15.9619976995827,0,-0.715624140519816,-0.672852728489628,1.06978979298302,-0.340426939924512,1.28517546730389
"RNA150","protein-coding-exon2",-0.674490759476595,0.752316616339279,-1.18035882908404,0.661764518731754,-0.134898151895319,3.26349001240905,3.04637548319893,19.0159061487524,33.2211866607875,-0.674490759476595,-0.352674906915867,-0.646635683863993,0.285595186445045,-1.14678638653438,1.05171355505013,0.413004800286958,1.69240355399805,2.68931572047719,0,1.28821502599213,171.417351452063,0.613503656257083,3.36851231784831,15.5785445360918,-0.674490759476595,7.87855600501051,-0.536587171512888,0.854168455772803,-0.457987552731022,-0.553720454570326,2.31621253161071
"RNA151","protein-coding-exon2",-0.0843113449345744,0.856084425489525,0.505868069607446,-1.28535031522898,-1.59950665818735,-0.837689912537087,5.38550348129546,80.7613935689081,15.1005393912671,4.04694455685957,-0.239525040947026,0.932150208893171,-1.00869789255058,-0.843500243743406,1.20137259894615,0.794121068965425,1.43298403112244,0.242124888017239,0,-0.404936829162155,193.121704458342,-1.33139876570906,0,0,6.07028817576985,0,1.26159826382807,0.34599249612949,-0.943510553417651,0.970356338020008,0.630252809860884
"RNA152","protein-coding-exon2",0.337245379738298,0.415071236600982,0.602223892389817,-0.394513463090084,-1.34898151895319,0.252934034803723,1.24475557378021,3.31328794128854,-0.483217260520546,-0.674490759476595,-0.192501720024911,-1.35694011198536,-1.32467554563872,-0.941313335491305,45.016620354368,-0.645501185287057,1.2106244400862,-0.875973255576655,0,-0.339842238411847,0,0.550006761584265,0.122195417847573,8.35730885999125,13.5429278706517,0,0.0057610905868566,0.0310391787236477,0.605059611917883,0.030082921197303,1.45120025379529
"RNA153","protein-coding-exon2",-0.0843113449345744,0.0518839045751228,-1.3248925632576,-0.44541842606945,0.366152126573009,3.13579037300522,6.03989352277441,17.0397665551982,116.707035441973,2.02347227842979,-0.833194467588735,-1.13807880360063,0.121529866572359,-0.594247311554726,-0.651939396697742,0.585782662456608,1.39592409928306,0.458307823746917,0,1.40126494024732,187.074051917893,0.691291793815971,0,8.13202796480271,0.219938031359118,11.077316691398,-0.739957697963602,-0.483724808613681,-0.0795452065269629,0.0968840893546394,1.96312588921352
"RNA154","protein-coding-exon2",0.843113449345744,-3.34651184509541,-0.0722668670867781,1.89620987098137,1.50315083540498,3.2201017179398,2.55725801192285,25.3466527508573,14.5166518681381,-0.674490759476595,5.24310028281589,0.655589101025186,0.473966479632202,1.15662014240716,-0.684741378921528,0.707152346396809,1.49475058418806,1.08956199607758,0,1.19524748547906,0,-1.32117532743038,5.31046966510369,14.9260141796897,15.0031457015516,0,-0.951788567234175,-0.412870648194458,1.55715767928547,-0.0941856465935873,2.37073369730844
"RNA155","protein-coding-exon2",0.927424794280318,0.752316616339279,0.529957025303039,1.36170775969803,-1.25262569617082,3.24919159718623,5.85303129249999,5.47875827434497,25.670916965154,-0.674490759476595,-0.408515100510879,-0.52825161251043,-2.98963471768004,-0.587494799188752,17.0816322430364,1.24423252421499,2.63743181590207,1.36627615381156,0,1.27263387395083,313.604382291956,-0.79285129261499,7.86613937956369,7.1344858797893,29.1494630182665,9.25692770981137,0.997635567848461,-0.914177424111949,0.631624572722949,1.04546067718872,1.39061880795746
"RNA156","protein-coding-exon2",0.505868069607446,-0.596664902613911,0.0481779113911854,-0.44541842606945,-0.713033088589544,3.25806647560039,6.08381731395446,11.3006785140377,65.989357139837,0.674490759476595,-0.301243149657303,-0.342219500383406,-1.9930898117867,-1.9216339026113,36.4061000206242,-0.347295098790671,1.66152027746524,0.0259419522875614,0,0.550014667057788,288.943399154791,0.733326951285441,0.795204810985437,7.41385782444251,7.30694993419096,17.3547132139075,-1.04549693580081,-0.306496096555416,0.551863608315686,0.34843096447257,1.67364415587638
"RNA157","protein-coding-exon2",0.927424794280318,0.674490759476595,-0.650401803781003,0.585407074262705,-0.828660075928389,3.2541220851941,1.78003024934717,25.6779815449862,63.3215951807132,-0.674490759476595,1.30930559192516,-0.904295133280568,0.0789944132720337,-0.422563045690519,-0.528931963358546,-0.0860024034289644,1.42063072050931,0.916615647493835,0,1.64900525770395,0,-1.30263411574366,7.52381459154043,10.8096154858704,36.3357066227194,11.1222564324188,-0.880238239386222,-1.739878835966,0.00444648109447035,1.58690868006305,0.900925592581639
"RNA158","protein-coding-exon2",0.843113449345744,-0.804200520914402,0.313156424042705,-0.101809925958731,-0.134898151895319,3.09338817613754,4.20775030084075,11.3006785140377,18.6239985825627,-0.674490759476595,-0.789110104224252,0.979901767086204,-3.03824666430899,-0.934547711450833,-0.662190016142675,1.08826861507528,1.24768437192557,1.45274932810344,0,1.81866669104251,119.407539604201,0.79509932667746,0,9.15707215242379,-0.674490759476595,11.341420037456,-0.560598430182584,-0.207498925298672,0.031203547548703,1.4490433349195,1.88038603878825
"RNA159","protein-coding-exon2",-1.09604748414947,1.40086542352831,-0.240889556955927,-0.44541842606945,-1.65732015185678,3.2654622076122,5.22097538212954,28.6954402058025,31.7111327216608,-0.674490759476595,-0.00146947877881611,1.68722172282051,0.662337772819359,-2.01603795898996,-0.668340387809635,0.510409769563807,0.975911538436832,1.03767809150245,0,0.605414318760178,0,-1.33139876570906,0,9.11904190116163,-0.674490759476595,2.19897225442893,-0.683233113723783,0.755413937375349,-1.90630583713217,0.325342601629886,0.965921718317769
"RNA160","protein-coding-exon2",-0.0843113449345744,1.86782056470442,-1.80667167716945,1.60350633385002,0.0192711645564742,3.26398306120984,5.18747418546679,22.329194090041,57.2511783454238,-0.674490759476595,-0.367369694704028,0.434738144382407,0.86893854599237,-0.99147860211697,-0.670390511698622,0.71488289951402,2.69919836896769,3.19086013137005,0,1.6642401619221,189.358720655396,0.638928471423035,0,3.57544522713721,-0.518911605553121,0,0.384059276674853,-0.790244949221746,-1.01435761678944,0.995082046388304,2.23954594393905
"RNA161","protein-coding-exon2",-0.0843113449345744,0.337245379738298,0.240889556955927,0.35633474085556,-0.23125397467769,3.21665037633429,5.70041472992526,159.156152894039,265.930565706474,0,-0.789110104224252,0.771983524120705,0.747408679420011,-1.88551123937196,-0.670390511698622,1.327335970225,1.75417010706367,2.12724008758003,0,0.222983598102119,35.2779731526199,0.656026795830735,0,9.40550423164338,-0.478669616471911,5.30313105197142,-0.578486012144572,0.500859474858857,-0.102871050305742,0.103767809150244,2.49261047486251
"RNA162","protein-coding-exon2",1.01173613921489,1.24521370980294,-0.722668670867781,1.06900422256668,-1.83076063286504,3.2654622076122,5.74806087629006,70.8570292586992,377.392680466546,-0.674490759476595,0.186623804909646,-2.29804373803973,0.206600773173011,-1.73001989151159,-0.664240140031662,0.0639703270449156,1.50092723949462,2.22236057930109,0,0.403551837869595,0,0.428826118275827,0.358032384274079,19.0230217425689,2.59626445928752,13.5644655842402,-0.802000211975904,-1.64031478016275,-0.0572484440913775,1.78224815264476,0.712295988610674
"RNA163","protein-coding-exon2",0.337245379738298,0.38912928431342,-1.95120541134301,-0.649038277986912,-1.58023549363088,3.26102476840512,6.05776082766121,29.9970890398802,27.029965510368,-0.674490759476595,-0.523134445258536,-0.621765080638454,-0.777791146063101,-1.63895931212967,-0.578134936694224,1.57819241887848,2.14329939137709,1.22791907494457,0,3.11138293873547,137.752085643563,0.833690183275665,0.787031980439041,5.20283917691021,14.1213539841532,17.255410882942,-0.437641447867295,-0.419469810194287,0.554673813863125,0.0819693631308355,0.945813534938941
"RNA164","protein-coding-exon2",-0.337245379738298,0.622606854901472,0,0.216346092662304,0.46250794935538,3.24919159718623,6.03393775447881,16.0339470015927,67.2175343436601,0.674490759476595,-0.596608384199341,-1.72104574320724,0.947932959264404,-0.735709167703262,-0.364922052239617,-1.94713306639734,2.86596806224487,3.44163233681647,0,1.96530264414228,72.0342613706829,0.8601383395533,4.42020919429045,13.1406335420463,-0.426295711856291,13.2316567103653,1.02140510243759,0.645107003618203,0.637518673401579,-1.1308961733891,0.813340770759877
"RNA165","protein-coding-exon2",1.68622689869149,0.882026377777086,-0.192711645564742,1.89620987098137,-0.404694455685957,3.11951976257925,5.55449840668309,191.934037170357,439.123685498046,0.674490759476595,0.293895755763222,-1.30719890553429,-0.796020626048955,0.392615981139286,-0.639638653363823,0.472723323117408,1.55034048194712,0.665843442047408,0,0.985075056833118,198.833376302099,-1.30457562124165,6.25161530701343,16.8303199250936,26.0493103223724,14.0669296681077,-0.0878667032862534,-1.16989745228499,1.08152289975197,1.70685352742166,1.75787527831927
"RNA166","protein-coding-exon2",0.843113449345744,1.50463323267856,-2.43298452525486,-0.190893611172621,-2.60160721512401,3.26201086600669,3.63301866031544,54.3260890659131,68.5363147838308,-0.674490759476595,-0.70681929261055,0.0974927646441095,-0.741332186091393,-0.961361085797275,0.280866972791166,0.657676806446663,1.04385474680902,1.91970446927954,0,1.09847121891145,161.405126690653,0.709103140618616,0,1.6748297052668,19.8637669175596,0,-0.733189423707715,-1.0156964234347,0.760472354999872,0.6553191875018,1.78209400372035
"RNA167","protein-coding-exon2",0.505868069607446,0.466955141176104,0.409512246825076,0.954468055863106,-1.07918521516255,3.15058183702883,5.76443923910295,28.2576128707037,69.683955777567,0.674490759476595,0.980142345470347,0.185037287998004,0.133682853229595,-1.18369575024354,11.9891245027937,0.216455487281887,1.03150143619589,0.605312220043098,0,-0.0339322866677136,91.38674950012,0.708894682244015,0,6.07979098779433,2.45961450646077,19.9105456698837,-0.0258241892739516,-1.64031478016275,-0.339674101608835,1.21548855614011,2.23894225157897
"RNA168","protein-coding-exon2",-0.421556724672872,-0.155651713725368,-0.289067468347112,-1.11990918554604,-0.289067468347112,3.26349001240905,4.43034714088876,29.2870987667469,40.8922606715512,-0.674490759476595,-0.121966738641737,1.90011408643112,0.455736999646348,-0.99147860211697,-0.676540883365582,0.134511624239459,2.00123631932616,NA,0,0.300543110485464,85.2047046809943,-1.33139876570906,0.844996870996872,6.69149791063816,20.709398538422,0,-0.139676231221202,1.2354533713185,-0.679630911583569,0.155438199714767,1.91827166290473
"RNA169","protein-coding-exon2",0.252934034803723,0.778258568626841,-1.46942629743115,0.394513463090084,-1.34898151895319,3.22158086434216,5.73987169488361,12.6614932042098,10.5703775738869,-0.674490759476595,0.368839173482844,-0.842616037281234,-1.40366995891075,-1.33922643312739,-0.686791502810515,1.64061663529995,2.3224223952674,1.09820931350676,0,1.04947715193715,252.388699354743,0.559536625686811,9.10736551651092,13.5964056917065,10.4289205759725,12.8547866827819,0.169891741292128,-0.637936804820222,0.35017421495893,0.153831225845531,1.53848061796502
"RNA170","protein-coding-exon2",0.75880210441117,1.6084010418288,0,-0.139988648193255,-1.7151336455262,3.10423524975486,1.64676993373314,6.34257977332377,6.2818243867671,-0.674490759476595,0.149886835439243,-1.33306433288885,-3.77350235707176,-0.707256834044691,3.02188261236627,1.16112907820498,0.827671811079339,0.916615647493835,0,1.60814801457343,134.526670955324,0.480144779950586,3.21098630960517,1.9495714131138,-0.288283322433468,0,-0.507741431231844,-0.243441000570931,0.287573579621804,1.02437194801646,2.87825962163047
"RNA171","protein-coding-exon2",1.43329286388776,1.01173613921489,0.240889556955927,1.39988648193256,0.713033088589544,1.11675553378252,5.99448078952047,13.3833166485619,43.6002907357184,2.69796303790638,6.33492301547626,-1.48925172114523,-1.99916630511531,0.182108047089352,18.2071502580901,0.581530858242142,1.32180423560432,NA,0,0.0959106470097624,301.441881071719,0.595372515357036,5.15784415486316,8.16742617890124,2.53263894111309,16.045442401214,-0.134680600222808,-1.24726225324607,0.366390042184815,2.02415773651868,0.774655765210167
"RNA172","protein-coding-exon2",1.60191555375691,0.778258568626841,-1.34898151895319,1.34898151895319,0.674490759476595,3.22306001074452,5.54779816735054,143.276037118291,246.21932828774,-0.674490759476595,-0.324754810118361,-0.73616985547593,-0.838556079349281,0.710796986158892,-0.627337910029903,1.0194666923321,1.09944464456808,-0.553428315467975,0,0.960318337478613,222.553613488528,0.765140541863913,0.589492905953762,14.9179032080222,28.3413458046716,8.08150967413694,-1.07482612424299,-1.40402220533014,1.45965065192983,1.24291240758388,1.44119140934402
"RNA173","protein-coding-exon2",1.43329286388776,1.27115566209051,0.963558227823707,0.381787222345243,-0.732304253146018,1.9243694694716,1.5998682584053,102.948589604322,908.881331907843,-0.674490759476595,0.243933477283475,0.617785784122369,0.607649332861797,1.13375338208432,-0.664240140031662,0.491276650598712,0.44471918207248,1.36627615381156,0,0.891934392408475,0,-0.547810842115446,5.74415373731849,10.6949338665983,11.9934338763192,13.5769195593911,0.132827382271792,-0.269817846133638,1.35032459095532,1.1332170018088,-0.154525186815633
"RNA174","protein-coding-exon2",1.85484958856064,-1.50463323267856,1.25262569617082,1.57805385236034,0.0385423291129483,3.09979781054777,5.73019357140326,72.1823444352146,78.0194535215465,0.674490759476595,3.90587459409322,-0.33227125909319,-1.92017189184328,0.575458282000472,-0.524831715580573,-0.103009620286827,2.12476942545741,-0.536133680609601,0,1.73712532869306,307.355141333492,0.706030748438402,1.03629531129107,7.37926533600631,2.28695343127859,10.6326416879927,1.32186813458288,-1.62078126064325,1.58646888266025,1.49886835439243,1.35962033898183
"RNA175","protein-coding-exon2",1.51760420882234,-1.63434299411636,0.843113449345744,-0.101809925958731,-1.40679501262261,3.13579037300522,5.47335106365555,19.7140632506668,62.5263001061065,0,-0.498153306018662,0.774967996507769,-0.0486119466289438,0.182108047089352,-0.364922052239617,-0.00792381694513986,2.12476942545741,-0.163434299411636,0,0.214327402523621,240.49498269186,0.656249467276333,2.36617045700391,8.73573134606736,15.3131474280337,12.1883342770855,-1.14412036067231,-1.44922600225464,2.13462024577241,0.365349161383151,2.26649055417411
"RNA176","protein-coding-exon2",-0.674490759476595,-1.55651713725368,0.26497851265152,0.725395722455961,-0.327609797460061,-0.504881972005872,0.920166201670057,0,0,-0.674490759476595,-0.15135631421806,0.184042463868982,1.29429307899563,-0.182108047089351,0.475628742244894,0.485671999588735,0.0741198636787468,-0.76528759248306,0,0.707730550498029,0,-0.339423532868372,0,0,-0.674490759476595,0,-0.180205302063004,0.475816501115916,0.178106270506506,-1.14600976262922,-1.69974269331724
"RNA177","protein-coding-exon2",0.0843113449345744,0.285361475163175,0.505868069607446,-0.203619851917463,-0.0192711645564742,3.22256696194373,3.02701923623823,8.5198832775991,5.83887523128993,-0.674490759476595,1.13737657480367,-0.0795859303217222,0.121529866572359,-1.3307825147513,-0.662190016142675,0.154031270860415,0.963558227823707,1.40086542352831,1.02917370627885,1.05103526714128,0,0.673480447013325,0,0,2.92422434607172,8.73440987054204,0.0545893548614733,0.500859474858857,0.105689435245623,0.103767809150244,0.968548771987014
"RNA178","protein-coding-exon2",0.252934034803723,0.285361475163175,0.505868069607446,-0.610859555752388,-1.00210055693666,3.2654622076122,6.08381731395446,16.4717743366916,72.1906453165174,0,-0.337980119127706,1.01472061160196,-0.856785559335134,-1.14301022427923,-0.684741378921528,1.12904728276856,1.45769065234869,3.38110111481216,0,0.197534383101333,288.6074184581,0.437041273311281,0.671354224934941,9.99916289965094,7.23620074156787,12.1771762182201,-0.271496429823962,0.0532829228573268,0.246208911326325,0.341231731744657,2.83554829496425
"RNA179","protein-coding-exon2",-0.421556724672872,1.478691280391,-0.168622689869149,1.043551741077,0.79011774681544,3.24919159718623,6.03691563862661,65.6741002648264,180.19977006912,0,1.89415814589397,-0.170114926062681,0.92970347927855,-1.30786330773048,-0.690891750588488,1.49103043248193,1.42063072050931,NA,0,0.749453413186392,129.352568226273,0.731768251166258,0,13.6079007111558,-0.674490759476595,10.8496747187977,-0.524420392790995,0.0910653590652485,-0.403861751044629,-0.0983632357570079,-0.619189980482691
"RNA180","protein-coding-exon2",-0.590179414542021,0.233477570588052,1.10809196199726,0.559954592773022,0.0578134936694225,2.84094719013461,1.14574092586587,64.4434504580621,73.2879511789495,38.4459732901659,-0.602486299314606,-0.0467567340640115,0.182294799858539,-0.981028597542831,-0.61708729058497,-0.666953470187315,1.60593037970618,1.15009321808189,0,1.46393579623565,0,0.706414501355283,0,12.2948901718166,1.22847833582492,0,-0.13145761248191,0.675352453196773,-0.311431535857093,-0.578031328282632,2.78961619238019
"RNA181","protein-coding-exon2",1.60191555375691,-0.778258568626841,0.409512246825076,0.585407074262705,-1.07918521516255,3.15748452023985,2.20810109559336,0.840155156541022,-0.432882129216322,-0.674490759476595,1.09623116899682,-0.540189502058689,0.309901159759517,0.0980491018888454,-0.621187538362943,0.289509214239524,2.24212587628209,1.06362004379002,0,0.849865281896973,0,-0.2507244944752,0.173804662526507,0,11.0770936921556,0,0.2583627547798,-1.30223463463302,1.14849186300241,1.49886835439243,1.56940181481135
"RNA182","protein-coding-exon2",0.674490759476595,1.06362004379002,-0.794935537954559,1.19626663001509,-4.08548688597252,2.79164231005591,1.55892235137306,16179.6251724685,140.817563336696,0.674490759476595,0.576035681295916,0.419815782447084,0.0425354533003258,-0.05943522049507,-0.615037166695984,-1.65897669895332,1.63681365623899,-0.321680208365761,0,4.38903740612183,90.5803958280601,-0.345745980616246,0,0,-0.39228355214082,0,-0.824963999629808,0.842498358762578,0.687463421257301,0.544325876068826,1.82321842357937
"RNA183","protein-coding-exon2",0.75880210441117,0.441013188888543,-0.89129136073693,1.14536166703573,-3.9505887340772,2.74480267398114,1.85522182407911,15904.9654353069,163.860986447769,1.34898151895319,0.576035681295916,-0.00795859303217222,0.0121529866572359,-0.3354621920067,-0.594535927806117,-1.13561825291819,1.27239099315182,-0.640766221502765,0,4.35874072159708,107.782607498671,-0.38176900905458,0,0,0.46516849278777,0,-0.412099270020672,0.842498358762578,0.687463421257301,0.687507247817371,1.82321842357937
"RNA184","protein-coding-exon2",1.77053824362606,1.50463323267856,-1.03582509491049,1.33625527820835,-1.59950665818735,3.19988671710753,4.21519501121025,22.3883599461354,32.6775672427019,-0.674490759476595,1.14766292625538,-1.9180209207535,-1.07553931916538,0.182108047089352,-0.549433202248412,-0.906600616820834,2.05064956177866,2.89685133877768,0,0.646271561890691,0,-1.32189962552831,7.31830370693703,9.27927387787775,29.851808563717,20.0566986692741,-0.906666738861592,-1.64031478016275,0.864788261333278,2.06562795089707,1.90027943724399
"RNA185","protein-coding-exon2",0.168622689869149,-0.103767809150245,-0.337245379738297,0.241798574151987,-0.154169316451793,3.2654622076122,6.01979280477677,34.6593585001219,0.835563179650111,0,10.9814149140928,-1.11121855211705,-2.29691447821759,-0.568259972701598,2.23668516288439,-0.998207671259775,2.69302171366113,2.68066840304801,0,1.08271694295858,122.901738849794,0.546868041739405,0.27317976130804,4.35511372155114,6.84246198254586,0,-1.30970135586099,-0.281205440101475,0.352779167123733,0.0239277177056529,1.89587437730908
"RNA186","protein-coding-exon2",-0.337245379738298,1.11550394836514,-1.3248925632576,0.903563092883741,0.0578134936694225,3.24426110917836,6.04957164625476,131.466532241842,534.126212321638,0.674490759476595,-0.312998979887832,1.49024654527425,-1.39759346558213,-0.054452784186196,-0.651939396697742,0.346908571134811,1.68622689869149,2.8882040213485,0,1.4873075242976,218.925021964258,0.625615561590495,0,9.07451212955665,-0.281379046323351,15.8207217314269,0.389699505221425,-0.326333183619374,-0.856483938818624,0.470521045270616,2.28189654176506
"RNA187","protein-coding-exon2",-0.252934034803723,1.08956199607758,-0.9876471835193,1.81985242651232,-0.713033088589544,3.2654622076122,5.65649093874522,12.2236658691109,29.949403126013,-0.674490759476595,-0.665673886803699,-0.0557101512252056,-0.206600773173011,-0.111042771315409,-0.565834193360305,0.347681626446532,1.32180423560432,3.37245379738298,0,1.46341642450094,204.545048145857,0.847209182637641,1.95270843981213,14.3202696267472,-0.674490759476595,10.1983340148718,-0.145638758541864,0.0390914712084923,-0.928634923992817,0.614170447653478,-1.514443048492
"RNA188","protein-coding-exon2",0.505868069607446,0.363187332025859,1.3248925632576,1.1071829448012,-0.867202405041337,3.26496915881141,6.06446106699376,42.8360798123732,19.5300309460387,-0.674490759476595,-0.189562762467278,0.0756066338056357,-0.103300386586506,-0.810301483916908,-0.682691255032542,0.945060118578955,0.982088193743394,2.72390499019394,0,0.887086922884516,173.903608607581,0.525204952696953,1.12164398466717,4.25836755552251,3.83999571972802,9.2395097163463,0.36963640653433,-0.0946578457072717,0.45966824099792,0.458942489246301,1.50836700727109
"RNA189","protein-coding-exon2",0.0843113449345744,0.38912928431342,-0.505868069607446,-0.216346092662304,0.443236784798905,3.2541220851941,3.47593527151901,51.9476216509167,51.2411636676996,-0.674490759476595,0.23070816827413,-0.140270202192035,0.164065319872685,-0.549864293382255,-0.457177627244014,1.3400913828684,1.30327426968463,2.43854351503077,0,0.854539627509362,164.630541378893,0.725756122135121,0,0,14.532522722292,0,0.808365612764179,-0.374428927807106,0.00444648109447035,0.266303795003703,1.2241838832673
"RNA190","protein-coding-exon2",0.421556724672872,-1.01173613921489,1.05991405060608,1.98529355619526,0.154169316451793,3.26299696360826,3.45360114041051,20.7553823179289,14.0938367651826,-0.674490759476595,1.13884605358249,-0.283524876771135,-0.0303824666430899,-0.754445750559528,-0.649889272808756,-0.246797908266938,0.982088193743394,1.50463323267856,0,0.481457598076081,247.281792765031,-1.31702286029676,9.33353850085595,14.4764192601075,30.4921266776564,24.1776245985841,-0.895708580542536,-0.384588525338051,-0.238807795352601,1.09404007117484,-0.372424601769246
"RNA191","protein-coding-exon2",0.421556724672872,0.856084425489525,-1.13218091769286,-1.65441129682938,-0.0770846582258967,3.13924171461073,1.13010703408992,79.4124120499549,6.81537677859187,0,-0.533420796710249,0.616790959993347,0.0850709066006516,-0.0910605793819241,16.4768456957854,0.928632693204884,1.00679481496964,-0.179864202527092,0,2.33838467357556,100.928601286162,-1.33139876570906,0,0,-0.674490759476595,0,0.600724627556774,-0.419469810194287,0.366390042184815,0.365349161383151,0.563232150100221
"RNA192","protein-coding-exon2",0.252934034803723,0.363187332025859,-0.289067468347112,-0.521775870538498,-0.867202405041337,3.21073379072484,1.49638678426927,2.95829280472191,-0.503351313042235,-0.674490759476595,0.346796991800602,-0.987860360118377,-0.334207133073989,0.131667435299249,-0.403874406130363,0.988931007519123,1.75417010706367,0.302656110021549,0,1.65956581630971,0,0.149842485393637,0,0,-0.674490759476595,0,1.02768992853234,-0.130223463463301,0.209969678021292,0.313032890936567,0.136859903665504
"RNA193","protein-coding-exon2",-0.674490759476595,0.233477570588052,-0.0963558227823708,-0.190893611172621,-0.501050278468328,1.81639178209925,1.48000842145637,5.47875827434497,-0.644289680694061,-0.674490759476595,1.70459538342669,0.780936941281899,-0.267365706459191,-0.821341513843413,-0.13325805278413,0.759526843765908,1.26621433784526,-0.231748107102215,0,0.694919381041852,0,-0.130323201226354,1.66661936662292,3.52562989518731,9.12062932295266,0,-0.248129768702446,0.123681625424333,-0.325264629286516,-0.606238718339084,-0.573055613202108
"RNA194","protein-coding-exon2",0.674490759476595,-0.103767809150245,-0.746757626563373,-1.81985242651232,-3.04484399992292,2.73395560036383,1.13531833134857,38.647137200887,3.22144840347031,0.674490759476595,0.405576142953247,-0.501391361026849,-1.67711215869856,-0.391527712156032,9.47772273878511,0.436969514950311,0.883261708838398,-0.78517642257019,0,1.32145481701357,91.588337918135,-1.33139876570906,0,1.34528790937227,13.1486880166589,0,-0.498394766783237,-0.688055703587351,0.281662344929577,0.875432798237328,0.497118793615674
"RNA195","protein-coding-exon2",0.252934034803723,0.285361475163175,-1.3248925632576,-0.152714888938097,-1.48387967084851,3.20826854672091,2.03315040191013,12.7324922315231,-0.362412945390409,-0.674490759476595,2.71265782569454,0.181057991481918,-1.09376879915124,-0.248715353534301,-0.62323766225193,1.21485642236959,0.975911538436832,0.415071236600982,0,1.97361259189764,152.669628576671,0.486244556252863,1.98179139530518,11.0926937685704,-0.674490759476595,0,-0.87363111451738,-0.426446067165534,0.15336040337164,0.307053888599821,1.82319616515461
"RNA196","protein-coding-exon2",-0.0843113449345744,1.9456464215671,-3.20383110751383,1.043551741077,-1.38752384806614,3.26102476840512,5.51876379690949,713.540224498924,4365.70687638296,12.1408336705787,1.63699935960115,-0.46259321999501,-0.206600773173011,-1.75789531149229,0,0.788323154127517,2.14947604668365,-0.219641862701353,0,0.0515909256478505,168.931094296545,-0.364357997084977,11.4395625210355,16.3374843949661,7.82997119565937,8.79786583916826,-0.219767476582537,-0.0756400023256261,-0.0716579164136966,0.110885669074949,0.757591892191337
"RNA197","protein-coding-exon2",1.93916093349521,-0.103767809150245,-1.37307047464878,0.458144666814291,-1.67659131641325,3.25067074358859,4.02237701264023,10.7090199530933,37.2983322964296,-0.674490759476595,3.36069796715245,-0.206923418836478,-3.22054146416753,-0.427742157116849,-0.670390511698622,-0.255494780523799,1.18591781885995,0.778258568626841,0,1.89761119471842,184.117421787007,-0.0503012426759915,7.97464040574805,4.61460035685796,3.48775304152475,9.06864644879928,1.17651138746834,-1.19740358175558,1.62745344319302,1.6306729117191,2.92921357056801
"RNA198","protein-coding-exon2",1.43329286388776,0.441013188888543,-0.0481779113911854,1.89620987098137,-2.21618392399453,3.23538623076419,3.34490836901583,6.38991245819932,42.7445935035466,-0.674490759476595,0.229238689495313,-1.44050533882317,-1.33682853229595,1.53183693148887,2.8947749312491,0.618830777032681,1.40210075458963,0.856084425489525,0,0.606972433964308,117.526047702728,-1.32332908145524,7.21515322449022,14.7431681693841,53.2077097180183,5.64826211290038,1.09690359026814,-0.730665586852921,1.05307203301159,1.32106142215569,1.58727402496494
"RNA199","protein-coding-exon2",1.60191555375691,0.492897093463666,-1.27671465186641,0.483597148303974,-1.09845637971903,3.24672635318229,4.23082890298619,17.5959256024859,69.3316098584375,-0.674490759476595,-0.0323285331339545,-0.790885182572114,-0.206600773173011,1.06154739062914,-0.676540883365582,0.543071356484021,1.27239099315182,NA,0,0.526123567261133,156.835789215647,-0.841955084059603,7.07952944201386,6.37441800498773,12.913715104712,15.7223419171393,-0.622479794807841,-0.675549486821817,1.11034055466984,1.6094555927348,2.10860220827853
"RNA200","protein-coding-exon2",1.26467017401862,1.32303956666563,0.722668670867781,0.763574444690485,-1.46460850629204,3.2201017179398,4.1876495828431,22.9800185070798,165.673051174721,-0.674490759476595,2.8728310125855,-1.43155192166198,0.589419852875944,-1.75102479405585,-0.63553840558585,0.708505193192321,1.09944464456808,1.84187861241686,0,-0.179183248474917,0,0.670185383387513,5.00166828382483,6.80698525557268,0.774702982067431,14.7038395754302,-0.827220091048437,-0.55094542234474,1.32229226762854,0.801318081771336,-0.606264914211824
"RNA201","protein-coding-exon2",1.85484958856064,0.648548807189034,-2.55342930373282,2.27799709332661,0.308338632903586,3.25067074358859,4.84948433469155,24.3526663684708,130.196850631505,-0.674490759476595,12.1393641917999,-0.0567049753542274,-1.52519982548311,-0.271765677300093,-0.690891750588488,-0.133738568927737,1.17356450824682,1.33168688409482,0,1.93102410965142,229.474815840375,-1.31689960928277,10.0103172770493,11.3189415345537,8.79543223006109,17.9628274220714,0.336761931577163,-1.48254404558221,1.46133259132944,1.6732559225477,1.7448155131618
"RNA202","protein-coding-exon2",1.09604748414947,1.24521370980294,-0.746757626563373,2.35435453779566,-3.8735040758513,3.09733256654384,5.08399271133076,75.8979601979453,368.73503788222,-0.674490759476595,3.01390097535185,-0.172104574320724,0.364589599717078,-0.222019984258333,0.151709167785009,0.447212497830614,0.765905258013716,NA,0,1.27575010435909,63.3659593960391,-1.31894387528407,3.84082031513676,11.1252450853287,32.3301972026957,0,0.133310830432926,-1.17873503809248,-0.237149719085371,2.18208540223364,0.583565625677262
"RNA203","protein-coding-exon2",0.674490759476595,-0.103767809150245,-0.819024493650152,1.18354038927025,-0.46250794935538,3.20087281470911,6.03840458070051,81.4713838420414,338.966841228902,0,0.734739389408056,-0.548148095090861,0.328130639745371,-1.29969473451883,-0.688841626699501,0.133931832755668,1.22297775069932,0.735021981480905,0,-0.139537872725394,86.4142351890841,0.68060593327245,0.319410459403699,7.53922873750165,-0.43444189090736,15.2854863408129,0.0367823475930075,0.747858667939929,0.319963906702487,0.877761947264055,1.98345888859828
"RNA204","protein-coding-exon2",1.43329286388776,-0.778258568626841,-0.650401803781003,0.432692185324608,-0.635948430363647,3.26053171960433,5.04825810155717,43.7827335098842,120.945253497788,-0.674490759476595,0.333571682791257,-0.968958701666967,-2.99571121100866,0.120260278486827,0.758545838925046,0.144947870947693,1.2106244400862,0.466955141176104,0,1.53907157385702,160.464380739917,-0.0890650249713092,6.72690360716878,10.287451541634,1.31916298241837,16.4517890331229,-1.22131091706684,-1.17040464077866,1.4534623843275,0.942802335180329,0.139806003615245
"RNA205","protein-coding-exon2",2.44502900310266,-1.29709761437807,-0.457690158216261,1.64168505608454,-1.02137172149313,3.13973476341152,2.38156284720268,2.95829280472191,76.1167855582468,-0.674490759476595,6.88303859997467,-1.5389929275963,-3.67020197048526,2.55452131890879,1.34898151895319,0.0800112247631269,0.494132424524978,1.340334201524,0,0.659428979170008,367.831666737983,-1.18094156499486,8.6515791982027,6.30979880686856,28.4257193632555,13.1818408097616,-0.161270249085223,-1.87504077438872,1.92051133990522,2.15017220009943,1.49693463423151
"RNA206","protein-coding-exon2",1.18035882908404,-0.830142473201963,1.46942629743115,1.42533896342224,-1.31043918984024,3.21467818113114,6.03840458070051,33.9020355421131,133.287427693584,0.674490759476595,3.09619178696555,-0.187026936256047,-3.02001718432313,0.00448419267798689,-0.666290263920649,0.0914137906110116,1.46386730765525,1.53922250239531,0,0.944910309348885,341.020407141992,0.526526768299543,6.56415706840041,6.21112427075475,0.479999549610423,18.3764223993063,0.945664890526468,-0.565008964249648,0.850548312214754,1.18617340459677,1.80235154900303
"RNA207","protein-coding-exon2",1.34898151895319,0,-0.62631284808541,-0.26725105564167,-0.385423291129483,3.24130281637364,5.92152262789938,-0.911154183854348,0.15100539391267,1.34898151895319,0.543707148161961,-1.50516890720957,-4.48445207652007,-0.3071409750931,-0.656039644475716,1.2480978007736,1.45769065234869,0.994441504356519,0,2.80443424352191,303.188980694516,-0.0607360056319237,1.09603138184127,0,1.70736261054781,0,-0.59701819165474,-1.00620425844779,1.58039883867778,0.720631296505468,1.83837440204307
"RNA208","protein-coding-exon2",-0.337245379738298,0.622606854901472,-0.289067468347112,1.43806520416708,-1.38752384806614,1.39089066702008,0.978234942552148,79.0100842285127,302.564474269688,0,3.72953714063529,1.18384071353562,0.540807906247,-0.122030354543926,0.307518583347992,-0.530702471496484,0.858555087612149,NA,0,1.33357349082346,0,0.616040689429796,0.187321036099017,15.7473172048287,4.29767148839276,7.90772510377673,-0.85832192274811,0.156970392120718,-0.0878202936164601,-0.37085402582906,1.26969969193122
"RNA209","protein-coding-exon2",0.843113449345744,-1.11550394836514,-0.409512246825075,0.292703537131353,0.578134936694224,3.2388375723697,4.47650434517965,38.1619771809126,68.7074542302651,-0.674490759476595,-0.571627244959467,-0.0198964825804301,0.522578426261146,-0.264882048189148,-0.668340387809635,1.0283568284169,1.2106244400862,0.069178539433497,0,1.17862758996834,64.9114706008206,0.505214268341649,0.312284735267249,5.27490865165376,-0.674490759476595,9.19272494196975,-1.28415917801436,-0.574850079099366,1.59879291135192,-0.0983632357570079,2.8754415980362
"RNA210","protein-coding-exon2",-0.0843113449345744,0.259419522875614,0.867202405041337,0.572680833517864,0.134898151895319,3.2654622076122,5.32520132730252,7.69156129227696,14.7884615771809,-0.674490759476595,1.5958539537943,-0.775962820636791,-2.10246669170182,-0.522041320099542,0.0430526016687188,1.19649635871622,1.22297775069932,1.06362004379002,0,1.90263178815395,338.332561568459,0.784550859153563,2.86384103170996,7.087431501109,-0.674490759476595,14.6306752170037,-0.360209167392202,0.193665663612084,0.0902405103899688,-0.113247831220765,2.29182474088233
"RNA211","protein-coding-exon2",0.252934034803723,-0.0518839045751228,-1.61396003160471,-0.369060981600401,-2.92921701258407,3.26102476840512,5.1755626488756,14.9097957357984,9.26166415997713,-0.674490759476595,-0.725922516735159,1.66036147133693,-0.236983239816101,-1.05087448758855,-0.684741378921528,1.67540412432739,1.53181051602743,3.09573963964899,0,1.35919582973582,0,0.784709571779681,0.496052410263555,9.61343516756966,-0.549090524173638,11.5711706196056,0.635291171077914,-0.524753688338361,-0.162186417756117,0.708524696881372,1.01802124685659
"RNA212","protein-coding-exon2",0,0.129709761437807,0.289067468347112,0.216346092662304,-0.0192711645564742,3.2654622076122,3.96803062694288,8.95771061269794,16.3891187526552,-0.674490759476595,-0.498153306018662,0.425784727221213,0.644108292833505,-1.29295533382735,-0.625287786140917,0.618444249376822,2.19888928913615,NA,0,0.482496341545501,161.001949854623,0.669207050333983,0,3.99569561809728,-0.674490759476595,0,0.418142372034857,-0.321802212596814,-0.989253113899002,1.04546067718872,2.05261781759961
"RNA213","protein-coding-exon2",-0.252934034803723,1.24521370980294,0.385423291129483,-1.24717159299446,-0.963558227823707,3.21073379072484,5.96619089011637,19.0750720048469,41.2748076694633,-0.674490759476595,-0.263036701408084,-0.914243374570783,-0.680567252805213,-0.975967491186975,3.20434363848607,1.14064311244437,1.24768437192557,3.16491817908248,0,1.18607191816585,178.943319057956,-1.33139876570906,2.88195287228696,23.6678153257467,-0.674490759476595,0,-0.906425014781025,0.614227667371817,-0.343902030613588,0.0599098578776601,2.78850392178344
"RNA214","protein-coding-exon2",-0.0843113449345744,0.415071236600982,-1.13218091769286,-1.36170775969803,-0.173440481008267,3.19840757070517,5.39890395996056,31.6655661817433,58.6907631007246,-0.674490759476595,-0.618650565881583,-1.31814197095352,0.255212719801955,-1.68089044717119,-0.686791502810515,0.319465107568714,2.12476942545741,-0.150463323267856,0,1.96651451152327,137.953674061578,-1.33139876570906,5.42013080918254,11.1193364304716,-0.674490759476595,13.8581333933549,0.29164010320458,-1.166029683916,-0.0968693097143365,0.0962402882226811,0.32562569509884
"RNA215","protein-coding-exon2",-0.927424794280318,0.726374664051718,-0.289067468347112,2.34162829705082,-0.211982810121216,3.26053171960433,3.03074159142298,8.28321985322135,6.85564488363524,-0.674490759476595,0.659795971688434,1.40369684604937,0.559037386232854,-0.692007956604637,-0.668340387809635,-0.156736964451438,1.72946348583742,2.68931572047719,0,0.296907508342495,96.6280483685093,0.765491130948471,0,0,-0.674490759476595,0,-0.933820410578664,-0.663638804187986,-1.21519363991298,-0.201410435121494,0.306917947889671
"RNA216","protein-coding-exon2",-0.0843113449345744,0.363187332025859,0.554045980998632,0.674490759476595,-0.269796303790638,3.23637232836577,5.778584188805,2.21280301793199,11.2348013071027,-0.674490759476595,-0.13225309009345,-0.933145033022192,-1.66495917204133,-0.0988620257076614,21.7108119843682,1.07164792587327,1.32798089091088,2.68066840304801,0,0.818356729991239,364.203075213714,0.371445581821447,1.38075031579301,0,11.0448069243123,0,-1.21945769911582,-0.474283257825532,-0.366763909574797,0.406988641942677,0.725103735148397
"RNA217","protein-coding-exon2",-0.168622689869149,0.57072295032635,-1.22853674047523,-1.29807655597382,0.46250794935538,3.24820549958466,5.19194101168849,31.2869047027389,168.340813133845,-0.674490759476595,0.946344333557576,0.643651211476928,0.650184786162123,-1.67063711771451,-0.60478654725105,0.969411360898168,2.31006908465427,3.12168159193655,0,3.05961888917604,0,-1.33139876570906,4.778665621657,14.9464258964689,1.99268879549865,10.4075036892323,0.885233870384615,0.0794842210102135,-0.223020025677711,0.0696485023372464,1.15273003400482
"RNA218","protein-coding-exon2",-0.0843113449345744,0.648548807189034,-0.289067468347112,0.852658129904375,-0.0963558227823708,3.24771245078387,3.12603388415256,18.6490778409669,23.4964392928115,1.34898151895319,2.53485089345779,-0.730200910701801,-2.11461967835905,-0.689556073473691,7.20003509812098,0.562397739277047,1.33415754621744,-0.558616705925488,0,1.3529633689193,316.225031726151,0.212164432864152,2.39833372552717,14.5996952864445,24.1551713330415,8.34464657415151,0.980714882208742,-0.515491324686187,-0.687152860015149,0.683753429082394,2.01443545191266
"RNA219","protein-coding-exon2",-0.337245379738298,0.0259419522875614,0.168622689869149,-0.356334740855559,-0.0192711645564742,3.26053171960433,5.62968998141503,26.4471376742139,76.8013433439843,-0.674490759476595,-0.292426276984406,-0.173099398449746,-0.814250106034809,-1.08436170425398,1.28952792617258,1.77280909360424,1.83446662604898,1.16738785294026,0,1.557595832395,201.118045039602,0.665288980429531,0,8.68523920456111,-0.674490759476595,11.2725168274939,-0.0660309613416641,0.557206165780474,-0.249811392398732,-0.175648635280366,2.97148580064444
"RNA220","protein-coding-exon2",-0.252934034803723,0.441013188888543,-1.9752943670386,-1.20899287075993,-1.92711645564741,3.22848354755318,1.46288558760652,2.80446157887637,3.14091219338355,-0.674490759476595,-0.975733909133898,1.29128171946994,0.57119037289009,-0.327791862425934,-0.485879361689827,0.862149936396874,1.32180423560432,1.85917324727523,0,1.1973249724179,0,-1.33139876570906,0,0,-0.674490759476595,0,-0.0479822299926308,-0.370636011395556,-0.612685570542383,0.289781215182527,2.04922290077483
"RNA221","protein-coding-exon2",-1.26467017401862,0.985794186927332,0.433601202520668,1.22171911150478,-1.17554103794492,3.2654622076122,2.2862705544731,76.9156129227696,88.7307694630852,0,-0.136661526429898,1.09132206953662,1.37936398559628,0.872188587542924,-0.684741378921528,0.369713702830582,2.45830881201177,1.76405275555417,0,0.16031274211379,0,0.589324853648411,0,10.4551499094877,-0.674490759476595,0,-1.07740451443571,-0.946360797233315,-1.77409915163174,-0.171580982673873,2.14750753862777
"RNA222","protein-coding-exon2",-0.927424794280318,0.38912928431342,0.698579715172188,0.381787222345243,0.0963558227823708,3.13431122660286,5.04900257259412,41.5107646358578,76.3382601359854,0.674490759476595,-0.155764750554508,0.504375833413914,0.577266866218708,-0.473475677762515,-0.555583573915372,0.254335197556218,2.22977256566896,1.38357078866994,0,1.55257523895947,114.367829153827,0.060342777334379,0,7.6214127550597,14.1105194982997,0,-0.737540457157928,0.363824322537471,-1.17904315575074,-0.205944511893526,1.5888256555556
"RNA223","protein-coding-exon2",0.927424794280318,0.752316616339279,-0.457690158216261,0.26725105564167,-1.54169316451793,3.2654622076122,5.61554503171298,16.2706104259705,11.8287558564925,-0.674490759476595,1.07859742365103,-1.74492152230376,-1.17276321242327,-0.977776902267566,0.0799548316704778,-0.0639703270449145,1.95799973218023,2.96602987821118,0,0.727120428593866,159.658027067857,0.746327173556078,0,0.903444070661658,19.4011343716169,0,0.931000296305378,-0.761306401785459,0.105689435245623,1.46399084076138,0.739724798958395
"RNA224","protein-coding-exon2",0.337245379738298,-0.648548807189034,-0.867202405041337,-0.343608500110718,-1.6380489873003,3.25708037799882,5.32222344315472,55.9708998653385,87.6837987319574,-0.674490759476595,1.32546985849213,0.050736030580098,0.164065319872685,2.17455810365915,-0.688841626699501,1.29003605143446,1.97652969809991,1.71216885097905,7.87014452606805,-1.04722654108674,0,-0.568914883698737,5.4548343358541,11.6620195215755,-0.596781086848027,7.6879684523038,0.986274536061792,-0.807267624184271,0.29993694629835,0.298671561794366,3.35412462452499
"RNA225","protein-coding-exon2",0.337245379738298,0.441013188888543,-0.529957025303039,-0.038178722234524,-1.0406428860496,3.20728244911934,5.42942727247551,528.090765156517,35.2345919129565,-0.674490759476595,2.1160494414952,2.15379423933161,0.255212719801955,-0.648306745506011,-0.692941874477475,0.880510000050249,2.09388614892459,NA,0,-0.153387785650992,96.5608522291709,0.258577216200266,0.54249212960055,2.18806620916461,23.9174897996312,0,1.2584558507807,0.332570691306275,-0.130679115045922,0.773416070866493,0.671593021160699
"RNA226","protein-coding-exon2",1.68622689869149,1.29709761437807,-0.36133433543389,1.31080279671867,-3.23755564548766,3.25708037799882,2.81856734589226,3514.25068809891,53.3552391824769,-0.674490759476595,1.06537211464168,-0.645640859734971,0.41927803967464,-0.598351265672299,-0.656039644475716,0.0543071356484028,1.64299031154555,3.03520841764468,0,0.789098788935914,0,0.423595708149448,4.22216906888694,7.69838641333465,2.25542507744502,0,0.106318308102899,-0.500859474858857,1.7112741256013,1.06705151896033,2.12771970252889
"RNA227","protein-coding-exon2",1.26467017401862,0.103767809150246,1.78258272147386,1.38716024118771,-2.06201460754273,3.2654622076122,5.34232416115237,11.6320073081665,28.1876735303652,-0.674490759476595,1.90150553978805,0.0397929651608611,-1.15453373243742,-0.516468858438301,-0.598636175584091,0.133931832755668,1.27856764845838,2.32612838845133,0,0.32426108637055,192.248154646944,-0.805202451310162,3.04000893439568,7.13265956828801,13.7623262091842,19.7568587842909,-0.0964881954931577,-0.511533529241093,0.199712604961396,1.98200768256032,1.54353382560123
"RNA228","protein-coding-exon2",0.337245379738298,-0.181593666012929,-0.36133433543389,-0.356334740855559,0.289067468347112,3.08500634652416,4.90904201764754,2.4849659559664,3.12077814086186,-0.674490759476595,0.953691727451656,-0.195980353417241,0.352436613059843,-0.239812526550813,16.4173921030048,1.1452814443147,1.1612111976337,-0.257690059389776,0,0.37723700331096,171.820528288093,0.339260082551923,0,1.96472979857451,-0.17500470990336,0,-0.720458622131164,-0.436392413738405,0.467056613181133,0.197004726777818,1.33673886399787
"RNA229","protein-coding-exon2",0,1.97158837385466,-2.45707348095045,1.00537301884247,-0.55886377213775,3.2654622076122,4.30750941979203,6.56741002648264,22.3085301940319,0,1.30195819803107,-0.964979405150881,-0.917550492621314,-0.198209183371713,0,1.40966636092329,1.84064328135554,1.22791907494457,0,1.86385203196228,139.297596848345,0.74438708936518,0,1.27795073001883,-0.260499637773004,0,0.49098189497917,-0.320992812616721,0.197870865323572,-0.0291906682278077,0.754728809728664
"RNA230","protein-coding-exon2",0.843113449345744,-0.466955141176104,1.56578212021352,1.31080279671867,-0.770846582258966,3.26349001240905,5.24330951323804,17.8207558556448,33.1507174769616,-0.674490759476595,2.07637351446717,0.0746118096766147,-1.48266437218279,-0.410290518361292,-0.676540883365582,0.703866861321995,2.61890184998238,1.16738785294026,0,1.64450403600313,193.457685155034,-1.19248518437297,6.46971747117865,7.14297285676588,30.6457055146292,13.1537040510872,-1.00504843965253,-0.846030100906166,0.978879419933524,0.488260881107046,2.83253802344366
"RNA231","protein-coding-exon2",0.843113449345744,1.27115566209051,0.529957025303039,0.929015574373424,-0.905744734154285,3.2654622076122,5.43687198284501,15.7499508923394,14.7280594196158,-0.674490759476595,-0.255689307514003,-0.320333369544932,-3.42714223734054,-0.129372892262267,-0.530982087247532,0.751023235336977,2.3718356377199,1.16738785294026,0,1.18278256384602,339.206111379857,0.637691934246418,0.368038401114105,12.4941729856338,-0.315736555275401,11.4962930159203,0.63843358412529,-0.559784118959892,-0.201017161153427,1.70403019928099,1.11132372093818
"RNA232","protein-coding-exon2",1.18035882908404,-0.830142473201963,0.529957025303039,1.043551741077,-3.85423291129483,3.26349001240905,4.07970128248537,13.9631420382874,97.5092163625418,-0.674490759476595,1.86623804909646,-0.589930708509765,-2.25437902491727,-0.473475677762515,6.28157959585498,-0.292601435486408,1.35268751213713,1.16738785294026,0,1.39278186858039,211.197465940351,0.471709322314701,1.41070335970694,9.58244158709189,12.2624677031679,0,-0.0587792389246418,-0.395052910794922,-0.0572484440913775,2.06562795089707,2.38716558057361
"RNA233","protein-coding-exon2",1.18035882908404,1.21927175751538,0.505868069607446,-0.432692185324608,-2.29326858222042,3.26349001240905,6.08381731395446,62.8933050283878,53.0431613683907,-0.674490759476595,0.576035681295916,-1.55689976191869,-0.850709066006517,-1.22271609354672,-0.670390511698622,1.130593393392,1.45769065234869,3.12168159193655,0,0.560055853928847,326.506041044914,0.315929326512655,0.3791645317833,1.60523112255441,1.97741217044527,0,0.29002860933413,-0.637936804820222,1.05440442591156,0.953415509636088,1.58704143604479
"RNA234","protein-coding-exon2",0.927424794280318,1.29709761437807,0.819024493650151,1.55260137087065,0.23125397467769,3.2654622076122,6.08381731395446,28.7901055755536,40.7311882513777,-0.674490759476595,-0.418801451962592,-0.533225733155538,-0.905397505964078,-0.506884224380967,-0.658089768364702,1.29911945134718,1.33415754621744,1.28845029694888,0,0.841209086318475,308.363083423567,0.8104565498882,0.617701772619409,4.92488530942271,17.0749702588793,6.90488358090819,1.18787241925501,-0.716516165944582,0.690190159083811,0.863520016909523,2.33355075737681
"RNA235","protein-coding-exon2",1.93916093349521,0.700432711764157,-3.15565319612264,2.17618716736788,-0.886473569597811,2.90011304622904,1.66389276758299,9.19437403707569,57.9357361311613,0,2.96687765442973,-1.07242041108521,-0.00607649332861806,-0.5580722016174,-0.237814371122447,0.495141927157318,1.43298403112244,-0.732427786252149,0,0.898513101048134,0,-1.29929072767646,5.30105870873541,8.11784719314564,16.906494003858,24.9376026236679,-0.477123047693305,-1.34101085204145,2.079164997452,1.20634727232552,2.78341323806051
"RNA236","protein-coding-exon2",0,1.03767809150245,-3.56516544294772,1.42533896342224,0.23125397467769,3.17276903306425,5.24330951323804,153.831225845539,704.188486946087,-0.674490759476595,1.71782069243603,-0.410862365285891,0.279518693116427,-0.329129253224631,-0.680641131143555,1.34511624239459,2.07535618300491,-0.295738256078199,0,1.35902270582425,89.2364730412937,0.671632747783898,3.3339488054054,9.16378653294324,0.0355391450654427,8.75147642908222,-0.445134894364885,0.0128661149505061,0.584039172748736,-0.414595237476441,2.27986959731045
"RNA237","protein-coding-exon2",0.75880210441117,1.08956199607758,0.529957025303039,-1.1071829448012,-0.597406101250699,3.25855952440118,2.5773587299205,10.5078560423722,-0.785228048345887,0,0.386472918828637,-0.739154327862995,-2.07208422505873,-0.459236399258733,-0.485879361689827,1.11938409137205,1.17974116355339,-0.447931042831893,0,1.90193929250767,209.786347014246,0.615062356376266,0,0,3.3791914932731,0,-1.28496492494959,-0.1753008162006,0.734771334598892,0.661049820429056,1.72954364410595
"RNA238","protein-coding-exon2",-1.77053824362606,-1.08956199607758,1.44533734173556,0.0763574444690486,1.25262569617082,-0.644907831429376,-0.184628817163571,56.7992218506606,80.6771484544095,-0.674490759476595,-0.709758250168182,1.85037287998004,1.05730983917953,-1.17277372538751,-0.694991998366461,-2.40864708749479,-0.327362731247798,-0.433230603202274,0,-0.316989882084611,0,-1.33139876570906,2.26273994609981,8.72907068059207,-0.674490759476595,0,1.3172753770521,1.42644778439802,-1.7574509023465,-1.04021463794835,2.90064085012794
"RNA239","protein-coding-exon2",1.34898151895319,-0.233477570588052,-0.794935537954559,-0.17816737042778,-1.54169316451793,3.17128988666189,2.14333211537872,11.1705136306299,21.9159161698589,-0.674490759476595,-0.28360940431151,-2.01352403713957,-0.394972066360169,1.00986116976182,-0.668340387809635,0.351933430660997,1.19827112947307,0.0778258568626841,0,0.947334044110865,181.698360770827,-0.380833315214037,0.436720380773159,0,20.5524339246201,0,1.2670773429876,-0.0273196077195703,0.94835806373595,1.36147208857312,2.28732401793401
"RNA240","protein-coding-exon2",0.505868069607446,-1.16738785294026,0.0722668670867781,-0.483597148303974,0.713033088589544,3.23440013316262,1.30654666984705,9.70320039948786,112.851364384069,-0.674490759476595,-0.479050081894052,-0.396934827479589,-0.103300386586506,-0.267805951601988,-0.660139892253689,0.126587807294318,1.38357078866994,0.224830253158865,0,0.600393725324649,0,0.216364395343351,0.563204234423833,0,15.4844677355915,0,-0.819001472309145,0.916278215771199,0.0341245627525021,0.965447557682189,2.06441398819842
"RNA241","protein-coding-exon2",-0.674490759476595,0.907968330064647,0.0722668670867781,1.24717159299446,0.134898151895319,2.81432255489211,1.80608673564042,9.98719650874116,2.34561711877682,-0.674490759476595,0.373247609819292,-0.196975177546263,0.57119037289009,-0.13511580569197,90.650327999321,0.407593413104911,1.11797461048776,0.0864731742918712,0,2.03057035880415,0,0.506770599615667,0.514144248807891,0,-0.674490759476595,0,-0.538843262931517,1.43148869266111,-1.27350087243271,0.328784026124784,-0.959088053697351
"RNA242","protein-coding-exon2",0.252934034803723,1.19332980522782,0.120444778477964,1.70531625980875,0.173440481008267,2.13440825860686,0.652901099405049,13.9631420382874,1.10737288869292,-0.674490759476595,-0.248341913619923,0.0646635683863996,0.212677266501629,0.275751626347192,-0.592485803917131,1.28655730253172,1.05003140211558,-0.18764678821336,0,3.38353372772345,0,0.360295427625403,1.35037722919315,3.58162782871951,8.77541551744683,0,0.0334787851585862,0.578134936694216,-0.569649279873058,1.11023320250354,-0.0622823543895804
"RNA243","protein-coding-exon2",-0.337245379738298,0.0518839045751228,-1.6380489873003,0.0254524814896829,-0.0578134936694225,2.98787573276913,0.981957297736897,7.54956323765031,-0.624155628172372,1.34898151895319,1.80451994038619,-0.745123272637123,-0.431431026331876,-0.569715368570769,47.620277693381,-0.242159576396611,1.1117979551812,-0.546510461524626,0,5.9710437100482,NA,0.290101807668494,0,0,-0.674490759476595,0,0.267709419228406,-0.95484953096945,0.335297309247118,-0.726572997020283,0.426491081868753
"RNA244","protein-coding-exon2",-0.843113449345744,0.622606854901472,-1.34898151895319,-0.789026926180168,-0.55886377213775,3.09733256654384,4.28815317283133,198.702611107561,353.272085545562,-0.674490759476595,0.390881355165086,0.663547694057358,0.121529866572359,-0.615225990749986,-0.680641131143555,0.325263022406622,1.91476314503429,-0.0951204917210582,0,0.674490759476595,140.977500331803,-1.33139876570906,0.878555281298431,12.1192419774278,-0.674490759476595,0,1.0099634959574,0.379028791785075,-0.641182573823423,-0.645627416165663,1.1335354159346
"RNA245","protein-coding-exon2",-0.590179414542021,-0.337245379738298,0.9876471835193,-1.03082550033215,-1.02137172149313,3.25708037799882,3.39999922575012,6.46091148551265,0.0604021575650683,-0.674490759476595,0.236586083389394,0.393950355092525,-0.0850709066006518,-0.797019357651409,3.66152126573009,0.832194043067685,1.19827112947307,2.86226206906094,0,1.44454591813981,180.018457287369,-1.33139876570906,0,0,-0.674490759476595,0,1.07015279201868,-0.0611438839438059,-0.293825780583282,-0.473749462013334,0.201849087373695
"RNA246","protein-coding-exon2",-0.168622689869149,0.544780998038789,1.71031585438708,1.53987513012581,0.0385423291129483,1.35933554376972,0.933566680335155,52.4564480133289,59.8384040944609,-0.674490759476595,1.87799387932699,-0.851569454442427,0.826403092692045,0.216604862691057,-0.676540883365582,-1.13523172526233,0.382952629006858,0.250772205446426,0,2.14881399040644,0,-0.869682416726842,7.36313826315276,13.4826372281849,2.33213323728751,10.0762762725195,-1.2240504566466,-0.637936804820222,-1.45302577255925,1.26023273481154,3.34497543436818
"RNA247","protein-coding-exon2",0.0843113449345744,1.97158837385466,-0.26497851265152,1.42533896342224,-4.95268929101386,3.2615178172059,1.9386025802175,70.6558653479781,119.797612504052,-0.674490759476595,6.22177314950742,1.41265026321057,0.498272452946674,-0.145683815336582,4.65173110411062,1.24287967741948,1.92093980034085,0.0518839045751227,0,0.92240420084479,0,0.838349701717054,0,6.08150986920731,-0.674490759476595,6.62889734145217,0.837614226512835,0.11770197659183,-0.141976141346616,0.365349161383151,0.789920584278696
"RNA248","protein-coding-exon2",1.09604748414947,0.544780998038789,0.0963558227823708,0.738121963200802,-2.17764159488158,1.71580982673871,6.01383703648117,1115.97454448207,3892.45597186065,14.8387967084851,1.74280183167591,-0.37803316902818,-3.57297807722737,-1.74348558122005,-0.598636175584091,0.76087969056142,1.59975372439962,1.77270007298336,0,1.38135569041677,177.129023295821,0.00884645227217467,12.6584863915627,12.2119541436404,1.9474141877385,7.66835399055814,0.0826293482072928,-0.635170670359122,0.807126045844354,1.051560332039,-1.1418300443449
"RNA249","protein-coding-exon2",0.674490759476595,0.856084425489525,0,-0.0127262407448411,-0.886473569597811,3.24721940198308,1.90510138355475,33.9848677406453,76.690606055115,-0.674490759476595,2.5995079597257,0.500396536897828,-0.735255692762775,0.182108047089352,14.5107768862472,-0.745032056671139,1.32798089091088,1.50463323267856,0,1.41598047273077,0,0.632693670946301,10.0880251739478,8.71440647353759,-0.238291650394877,18.5173478041889,-0.0925400355105566,-0.0776332186031269,0.366390042184815,0.818756838586859,1.60711016676209
"RNA250","protein-coding-exon2",1.51760420882234,-0.95985223463977,0.0240889556955927,0.343608500110718,-3.50735194927829,3.26349001240905,5.77188394947245,25.9501444830206,5.78854009998571,-0.674490759476595,4.20123982863526,-1.43354156992002,-1.36721099893904,0.00330414197325344,-0.578134936694224,0.564910169040141,1.46386730765525,2.34342302330971,0,0.0152349042181572,262.804100952183,0.556196554002846,3.26744204679853,1.70171408486668,9.99246685647318,0,0.120096580695241,-0.690275421714568,2.23553439375493,0.262301962018665,0.812978132800275
"RNA251","protein-coding-exon2",-0.337245379738298,0.882026377777086,-0.0240889556955927,0.381787222345243,-0.501050278468328,3.23489318196341,6.03691563862661,13.1703195666219,13.6911557147488,-0.674490759476595,-0.221891295601233,0.020891306709452,0.157988826544067,-1.62937467807233,-0.674490759476595,0.681448257282085,1.95182307687366,NA,0,0.857482734006052,208.509620366818,0.641465504595749,0.52248409632703,1.29189515548162,31.1944722231069,0,-1.08699290296488,0.518653166728833,0.188015942700104,-0.619022769388073,0.525048951720752
"RNA252","protein-coding-exon2",1.51760420882234,1.16738785294026,-1.15626987338845,1.27262407448414,-1.13699870883197,3.20284500991225,4.79960477521591,0.887487841416573,3.64426350642578,-0.674490759476595,2.16307276241732,-0.188021760385069,-0.182294799858539,1.01146079405045,6.55219594920121,-0.362949468853021,1.09326798926151,0.345892697167485,0,0.940235963736496,0,0.278757408168844,1.28131021040532,0,5.13015275205059,0,-1.01737636776147,-1.55206092691201,1.387205671766,1.22573119945044,1.05290365113632
"RNA253","protein-coding-exon2",1.18035882908404,2.02347227842979,0.36133433543389,2.11255596364368,-1.00210055693666,3.23242793795947,5.57311018260684,17.4184280342026,62.0430828455859,0.674490759476595,0.420270930741408,-0.828688499474932,-0.41927803967464,-0.659136988640564,-0.198862017231701,1.31631993203298,1.08091467864839,1.04632540893164,0,1.31626109966647,167.721563788456,-1.28436037036462,5.85758526455446,6.42732732348099,17.3746792238006,13.5671672402253,-0.760907118279444,-1.13469049171563,0.576334778746471,1.41861920798469,0.256581834140367
"RNA254","protein-coding-exon2",-0.337245379738298,0.18159366601293,0.578134936694224,0.827205648414692,-0.481779113911854,3.25757342679961,5.27383282575298,30.541414915949,0.36241294539041,-0.674490759476595,-0.161642665669772,-0.00497412064510753,1.05730983917953,-0.851472141837605,-0.280866972791166,0.116151560586085,2.35330567180021,1.65163762897474,0,0.674663883388165,0,0.628107586705056,3.07041202404454,11.9765211051064,-0.634497692707869,0,-0.911904093940553,-0.360077352195828,0.763312587885028,-1.19706918573775,2.0511483406628
"RNA255","protein-coding-exon2",0,1.37492347124075,-0.9876471835193,-0.0890836852138897,-0.963558227823707,3.26349001240905,1.83214322193367,3.40795331103964,4.02681050433788,-0.674490759476595,0.658326492909618,-0.520293019478258,0.309901159759517,-1.56146931585218,-0.688841626699501,-0.00831034460100076,1.54416382664056,1.06362004379002,0,0.698035611450111,0,0.63972914108912,0.941026629815398,10.2288484284602,-0.526371149063227,4.45239495753367,0.455206731055193,0.510450400973168,-0.138370707420855,0.292996872467668,1.548982678736
"RNA256","protein-coding-exon2",0.590179414542021,0.804200520914402,-0.26497851265152,-0.44541842606945,-1.21408336705787,3.2654622076122,2.10759750560512,26.3524723044628,83.0529666519688,-0.674490759476595,-0.658326492909618,0.526261964252388,-2.3333734381893,-1.11134553036888,-0.526881839469559,-0.927859637893162,1.33415754621744,1.89376251699198,0,3.06463948261157,0,0.649927019528459,0.315568068928998,7.53079547556922,1.89237499960293,12.9552311772532,0.0491102757019454,-0.571250536190372,0.054958506327722,1.08222346182686,1.32811688182998
"RNA257","protein-coding-exon2",1.60191555375691,0.726374664051718,-2.16800601260334,0.470870907559133,-0.520321443024802,3.26349001240905,4.07895681144842,56.1483974336218,168.844164446887,-0.674490759476595,1.94412042437372,-0.0994824129021523,-1.33075203896734,-0.0789716154956559,-0.680641131143555,-0.0361403358229576,1.20444778477963,1.16738785294026,0,1.31574172793176,0,-0.680700687079087,10.3887557350469,10.4011662901114,19.1538372320117,11.1222564324188,-1.12824714604838,-0.927254886198867,0.576334778746471,2.14086152565432,0.883863365547953
"RNA258","protein-coding-exon2",0.590179414542021,1.34898151895319,-0.481779113911854,-0.738121963200802,-1.92711645564741,3.24574025558072,4.03056619404667,4.09427724173512,2.01340525216894,-0.674490759476595,3.87060710340164,0.109430654192368,-1.23960463903807,0.0353228510950186,-0.430526016687188,0.468278255075012,1.17974116355339,1.72081616840824,0,1.39866808157377,193.18890059768,0.181990083140505,1.49162158284802,0,9.7003420316493,0,0.266017350664434,0.0433579843907606,0.113471542915453,0.923649659432499,0.894871094684444
"RNA259","protein-coding-exon2",0.590179414542021,1.84187861241686,-0.722668670867781,0.636312037242071,-0.867202405041337,3.26299696360826,5.39518160477581,128.981566285875,257.42392851606,-0.674490759476595,0.531951317931432,1.11619267276215,0.583343359547325,-0.997942657644009,-0.4899796094678,0.328355243653506,1.95799973218023,1.83323129498767,0,2.00719863074221,86.6830197464374,-1.07710323714621,9.75492132298256,19.2247754484173,8.69228792473617,8.48363908694719,-0.778472401467343,-0.292501933317571,0.411578147387605,0.592052999985012,2.27907001414366
"RNA260","protein-coding-exon2",-1.85484958856064,0.129709761437807,-1.71031585438708,0.0636312037242074,-0.0770846582258967,2.94843182870617,0.440726853874332,14.8742962221418,-0.583887523128993,0.674490759476595,0.0102863514517128,3.06604796564435,1.12415126579433,-0.801267540188449,-0.584285308361184,-0.0840697651496609,1.97652969809991,1.16738785294026,0,-0.423634211611712,0,-1.33139876570906,0,0,-0.674490759476595,0,-0.95815396802245,1.72921733695019,-1.49761929743043,-1.33492962813077,2.2489298844614
"RNA261","protein-coding-exon2",-0.0843113449345744,-1.06362004379002,1.27671465186641,0.687217000221437,-0.578134936694225,3.26349001240905,5.61405608963908,39.9606192061835,104.022582353308,0.674490759476595,1.02863514517128,-0.196975177546263,0.309901159759517,-0.314549071183926,-0.606836671140037,1.32443701280605,2.83508478571206,3.40704306709972,0,2.58906809752887,0,-0.267732802766594,4.95505354670202,3.21373886280231,37.1114558098271,11.5810986562339,0.107204629731646,0.327835292634887,-0.0101775011718036,-0.0124905696199455,1.07553456715684
"RNA262","protein-coding-exon2",-0.505868069607446,0.38912928431342,0.144533734173556,0.559954592773022,-0.0770846582258967,3.2501776947878,4.81970549321355,18.2822495331814,46.7110018503194,-0.674490759476595,0.121966738641737,-0.229804373803973,-1.56165878545482,-0.485341743182334,-0.660139892253689,0.933077761247279,1.21680109539276,3.24274403594517,0,2.22014104197327,0,0.763456292950935,0.176832970271794,9.27685670089075,-0.674490759476595,13.9044569093926,-0.688309319415699,0.659956013931667,-0.875771673231351,0.16531636261681,1.60369958394244
"RNA263","protein-coding-exon2",0.421556724672872,1.08956199607758,0.481779113911854,1.18354038927025,0.134898151895319,3.2654622076122,3.06722067223352,50.5986401319635,29.8890009684479,-0.674490759476595,-0.586322032747629,-0.343214324512427,-0.741332186091393,0.133175277866408,-0.653989520586729,1.28056612386588,1.48239727357493,2.99197183049874,0,0.937812228974517,196.548707564596,0.47273503227155,0,0,5.17112065168398,0,-0.669777139905531,-0.131569056082327,0.012304143207694,0.822140477968984,0.82583116316744
"RNA264","protein-coding-exon2",1.01173613921489,0.907968330064647,0.192711645564741,2.08710348215399,-2.21618392399453,2.61069340016708,1.41151708605698,90.1687646879238,1111.80238024769,-0.674490759476595,0.931649545769415,0.0527256788381409,-0.267365706459191,0.12250237482582,-0.621187538362943,0.16562710053623,NA,1.53057518496612,0,1.07215638435281,0,-1.31992064489979,11.1673348564822,15.5452412087154,21.181104966267,0,-0.8729865169692,-0.974399341998132,0.181529611809745,1.54008723413822,1.35119383119669
"RNA265","protein-coding-exon2",-0.252934034803723,0.882026377777086,0.650401803781003,1.20899287075993,-2.27399741766395,3.2654622076122,6.05776082766121,18.9330739502202,25.9729277529793,0,0.703880335052917,0.407877892898826,0.218753759830247,-0.930587985752728,-0.686791502810515,-0.167946266471392,1.45151399704212,3.0179137827863,0,1.92150229451507,143.127776790629,0.758320636631194,0,0,-0.674490759476595,0,-0.329107335692528,0.980581760870451,-0.162186417756117,-0.16501302984137,1.81841430599369
"RNA266","protein-coding-exon2",-0.0843113449345744,-0.129709761437807,0.891291360736929,-0.254524814896828,-0.134898151895319,3.20974769312327,6.00341444196387,47.7231795257738,89.5965337215179,2.02347227842979,-0.0705349813831734,0.689413121411918,0.0789944132720337,-1.49682876058178,-0.645789025030783,1.78343860414041,2.03211959585897,2.22236057930109,0,0.398184996610926,173.97080474692,0.62138480412414,0.319177435723167,6.88105830146323,14.4813297766344,9.65582831424915,-0.0111595950528621,0.0390914712084923,-0.377560470300209,0.39299597096874,2.40429207684516
"RNA267","protein-coding-exon2",1.18035882908404,0.674490759476595,0.120444778477964,1.08173046331152,-3.83496174673836,3.26398306120984,5.72274886103376,76.3949533891386,103.559499145309,-0.674490759476595,1.28726341024291,-0.940108801925343,-1.57381177211206,-1.38897212616915,-0.676540883365582,0.996081769152543,1.32180423560432,0.562075632897163,0,1.10678116666681,226.85416640618,-0.136612485141904,1.14555641471665,3.47879037668364,31.3163601889583,10.6224061458052,0.201235297072368,-0.539387126771069,1.2287074343683,0.828146938410606,1.33176250496345
"RNA268","protein-coding-exon2",1.34898151895319,-0.337245379738298,0.0722668670867781,1.56532761161549,-0.69376192403307,3.21714342513508,5.34157969011542,0.780989300446584,0,-0.674490759476595,-0.142539441545163,0.0606842718703131,-2.02347227842979,1.49327549679309,-0.641688777252809,-0.409719315212144,1.73564014114399,2.30883375359296,0,1.72725726573357,284.508453958462,-1.11613825221303,1.9191450290024,0,49.7619369233989,0,0.220895522291851,-0.981058496379781,1.04421162022672,1.30050249561581,1.7640994076322
"RNA269","protein-coding-exon2",0.927424794280318,0.622606854901472,0.0722668670867781,0.585407074262705,-0.674490759476595,3.24475415797915,5.14206145221285,79.720074501646,24.5937451552436,-0.674490759476595,-0.5745662025171,-0.355152214060685,-1.40366995891075,-0.137698805567886,-0.651939396697742,1.12885401894063,1.58740041378649,1.16738785294026,0,0.438349744095159,265.76073108307,0.687729050686409,5.01213934792428,2.82008279020367,2.64038790292573,2.07103895942602,0.765177577036135,-0.53262129521576,1.11034055466984,0.531230018896711,1.87070011303509
"RNA270","protein-coding-exon2",-0.505868069607446,0.700432711764157,-0.819024493650152,-0.26725105564167,-0.269796303790638,3.26349001240905,6.07711707462191,313.318707533707,526.072591312962,0,-0.630406396112112,0.020891306709452,-0.401048559688786,-1.26153976173245,-0.686791502810515,0.945060118578955,1.35886416744369,2.99197183049874,0,2.34253964745324,424.07483536416,0.788539994412994,0.448577585736212,14.6242967766678,1.22035247143483,10.4754624178338,0.649714041218436,-0.494112145145729,-0.704778772855509,-0.00465969436599075,2.06377982126679
"RNA271","protein-coding-exon2",1.85484958856064,0.726374664051718,-1.37307047464878,1.75622122278812,-3.04484399992292,2.94843182870617,1.98922661073009,74.2649825697388,85.6401924010059,-0.674490759476595,4.62298023815549,-0.124353016127691,-1.61634722541238,3.70282865968483,0.0102506194449331,-0.917616655012858,0.963558227823707,NA,0,1.46237768103152,0,-1.31786993563964,5.32699134408392,6.67301993544864,19.2639426944975,12.9216252125602,0.32556204917754,-1.54264718256527,1.89776471850172,1.19659656958996,1.94324768336316
"RNA272","protein-coding-exon2",-0.252934034803723,1.55651713725368,1.20444778477963,0.814479407669851,-0.79011774681544,3.25362903639331,5.15248404673015,19.0514056624091,64.1269572815808,-0.674490759476595,-0.277731489196245,-0.0875445233538944,0.413201546346022,-2.21330310179789,-0.694991998366461,0.305356848129806,1.17974116355339,3.32921721023704,0,0.472282030762873,190.165074327456,0.669429721779581,0,3.52554932262108,-0.0641950058371097,0,1.13533771907836,0.95163300223182,-0.937112992511161,0.626930513616059,2.009718116633
"RNA273","protein-coding-exon2",-0.505868069607446,-1.9456464215671,-1.78258272147386,0.190893611172621,-0.55886377213775,3.2654622076122,5.43836092491891,20.3530544964867,30.402419307751,-0.674490759476595,2.01024696942044,-0.401908948124697,0.832479586020663,-1.85886831679398,-0.61708729058497,-0.367587800723348,1.13032792110089,3.00061914792793,0,2.40486425561843,33.4636773904851,0.708212454836226,0.385010125829273,10.637888489705,-0.543250465436477,0,0.794506765478314,0.101116912848858,0.174553746512583,-0.853718649966454,2.08929260022628
"RNA274","protein-coding-exon2",-0.674490759476595,-0.259419522875613,0.674490759476595,1.83257866725716,0.770846582258966,3.24919159718623,5.55524287772004,30.7662451691079,68.8181915191344,-0.674490759476595,-0.430557282193121,-0.155192564127358,0.735255692762775,-0.29417352901553,-0.666290263920649,-0.0309222124688409,0.975911538436832,1.340334201524,0,0.635018507638643,204.545048145857,0.748286208508304,0,4.17087112009748,-0.674490759476595,0,-0.696286214074423,-0.100171894971776,0.105689435245623,-1.05881597855159,2.63558486454883
"RNA275","protein-coding-exon2",0.505868069607446,-0.804200520914402,0.168622689869149,1.75622122278812,0.0385423291129483,3.17128988666189,5.52620850727899,31.9495622909966,45.5834949091048,-0.674490759476595,2.93161016373814,0.965974229279903,0.340283626402606,-0.364216094178703,4.82189138689651,0.456682425399196,1.50092723949462,2.10994545272166,0,0.261417106470652,166.780817837719,0.70427306532528,0.0140646292878223,5.68573742386894,8.66590595168299,13.8581333933549,-0.153293354426499,-0.500859474858857,-0.0101775011718036,0.932108757887797,2.37614120558991
"RNA276","protein-coding-exon2",-0.421556724672872,0.622606854901472,1.68622689869149,0.572680833517864,-0.69376192403307,3.25855952440118,5.7800731308789,30.3994168613223,103.146751068615,0,-0.232177647052946,0.16315115715953,-0.243059733144719,-1.29058212074339,-0.645789025030783,0.581144330586281,1.38357078866994,-0.229153911873459,0,0.557458995255297,170.409409361989,0.691381809932276,1.52903538494551,10.4388205360644,0.274908149647373,8.52168191756699,-1.22501735296887,0.291805085352548,-0.959782610505879,0.414632604557467,2.0566009420467
"RNA277","protein-coding-exon2",-0.0843113449345744,0.129709761437807,-0.240889556955927,0.26725105564167,0.134898151895319,3.18115086267763,2.03910617020573,0.946653697511011,0.765093995824198,-0.674490759476595,0.571627244959467,0.323317841931996,-1.83510098524263,-0.900378687711554,-0.547383078359425,0.700194848591319,1.07473802334183,2.06670886557572,0,2.3231497693574,220.806513865731,0.612063398396196,0,0,-0.674490759476595,0,0.75260792484663,-0.0526484843339982,-0.248378365806679,0.191367145711954,1.92198636212058
"RNA278","protein-coding-exon2",0,-0.337245379738298,0.722668670867781,-0.139988648193255,0.732304253146017,1.82181531890791,1.47256371108687,32.8962159885076,14.2951772903995,-0.674490759476595,-0.00440843633644834,0.609827191090196,0.243059733144719,-0.549864293382255,-0.559683821693345,0.305163584301876,1.22915440600588,0.864731742918712,0,0.763303326111989,0,0.483172164072648,0,0,-0.674490759476595,0,0.047498781831496,-0.260641435460527,-0.522016880491469,0.66248526052151,1.95442161996948
"RNA279","protein-coding-exon2",-1.18035882908404,0.0778258568626841,-0.313156424042705,0.979920537352789,0.0578134936694225,3.26398306120984,1.77779683623632,28.6954402058025,11.4462088585804,0,0.119027781084105,0.134301257417906,1.47658787885417,1.16943024839076,-0.674490759476595,-1.46184759446446,1.44533734173556,1.08956199607758,1.50449421532078,0.548802799676799,0,0.540879601159927,0,5.00793951069608,-0.674490759476595,0,-0.919719839212232,-0.281205440101475,-0.409429836296893,-1.39638548799272,1.03441636917678
"RNA280","protein-coding-exon2",-0.337245379738298,-0.155651713725368,0.843113449345744,-1.14536166703573,0.481779113911854,0.718372102746637,0.562820103934113,5.02909776802724,212.283382762432,-0.674490759476595,0.0440843633644833,1.47233971095186,0.583343359547325,-1.20190786611992,4.00799220296883,-0.984099411820866,0.704138704948094,-0.103767809150245,0,0.091755673132083,0,-1.33139876570906,0,1.91337284485735,-0.674490759476595,0,-1.21712103300367,-0.631082938322158,-0.612685570542383,0.138645322781291,1.98240559974453
"RNA281","protein-coding-exon2",-0.421556724672872,0.830142473201963,-0.505868069607446,1.4126127226774,0.0963558227823708,3.0874715905281,3.96803062694288,79.0810832558261,144.794038709729,0,0.114619344747657,0.795859303217221,1.081615812494,-0.473475677762515,-0.672440635587609,-0.470017629526384,2.37801229302646,-0.393452943028014,0,0.528720425934682,83.9951741729044,-0.228950069709949,0.0317565271890471,3.19735040283044,44.7837615358808,0,0.460766384908244,1.58271594055398,-0.505094843869063,-0.120444778477973,1.86326698705011
"RNA282","protein-coding-exon2",-0.75880210441117,0.0518839045751228,0.794935537954559,0.26725105564167,-0.520321443024802,3.26398306120984,6.05031611729171,11.8331712188876,19.580366077343,0,-0.847889255376896,-0.235773318578102,0.668414266147977,-1.63895931212967,-0.674490759476595,0.827362447369429,2.07535618300491,1.82458397755848,0,1.50635115457029,150.048979142476,0.618980426280718,0,3.31093623520185,-0.674490759476595,4.48997652981454,1.01350878247239,-0.100171894971776,-0.937112992511161,-0.128748948390121,1.65765979633307
"RNA283","protein-coding-exon2",-0.168622689869149,-0.38912928431342,1.18035882908404,0.776300685435327,0.770846582258966,2.26851753242092,1.22837721096731,60.0770102782925,47.0834818219707,0,2.97716400588144,-0.154197739998337,0.935779972607168,0.418655766690402,-0.467428246688947,-1.68584037103563,1.79740669420961,0.951204917210583,2.02297978481415,1.74370403733272,0,-1.3227159769494,9.34321948466519,8.88710034049781,26.0292665235435,0,-0.0533807344586363,-0.447159077554402,-0.0878202936164601,-0.0903956687958345,1.72266685664889
"RNA284","protein-coding-exon2",-0.421556724672872,0.752316616339279,-0.505868069607446,-1.08173046331152,-2.02347227842979,3.26053171960433,3.40595499404572,40.232782144218,57.7545296584661,0,1.75455766190644,0.448665682188708,0.814250106034809,-1.39901566883388,-0.692941874477475,0.702127486870623,2.80420150917925,NA,0,1.38014382303579,0,-1.33139876570906,0.330009536512205,1.60423202273312,-0.674490759476595,0,0.835277560400684,0.203879268589608,0.0075433243979243,-0.634814832448569,1.62464727697965
"RNA285","protein-coding-exon2",0.505868069607446,0.804200520914402,0.26497851265152,-0.534502111283339,-0.963558227823707,3.26102476840512,5.78528442813755,36.6828307785517,14.1844400015302,-0.674490759476595,0.97867286669153,-0.738159503733973,0.291671679773663,-0.948210076276746,-0.686791502810515,-1.04845626652164,1.75417010706367,2.30018643616377,0,0.233717280619457,157.642142887707,0.614349333981321,0,0,-0.577939103362423,0,0.287853092609024,-0.276336261991088,1.41818214604295,-0.455475081830468,2.68659720142764
"RNA286","protein-coding-exon2",0.421556724672872,0.0518839045751228,-0.216800601260334,1.38716024118771,0.751575417702492,3.24475415797915,5.88951037331054,26.9914635502827,-0.191273498956049,-0.674490759476595,-0.42320988829904,-1.33803845353395,0.0243059733144718,1.31146901821717,1.29157805006157,-0.618637513204751,1.35268751213713,NA,0,1.04359093894377,198.02702263004,0.559207356208746,0,0,-0.674490759476595,0,-1.05701911697452,-0.0521903990609266,0.964467905162976,-0.17759700669693,2.10579576787075
"RNA287","protein-coding-exon2",1.09604748414947,0.933910282352209,0.289067468347112,0.916289333628582,-0.308338632903587,2.84587767814248,5.1621621702105,77.8977661339373,53.6874510490848,-0.674490759476595,10.7771573638374,-1.12415126579433,-0.376742586374314,0.315348883328245,-0.658089768364702,0.738461086521511,4.71896465421354,1.49598591524937,0,0.831514147270556,345.52254847766,0.766133087988439,0,4.40827012924751,4.72502423977512,9.76158826195951,-1.1103595640864,-1.58076136699356,0.724588437085007,1.16710663936532,2.12432676157484
"RNA288","protein-coding-exon2",1.77053824362606,0.0518839045751228,-0.602223892389817,1.57805385236034,-0.327609797460061,-0.254906230006871,0.741493152802085,44.1732281601075,0,-0.674490759476595,10.907940975152,-0.266612866577769,0.151912333215449,0.678752053688133,0.426425768909215,-1.92915953039982,-0.749845954216654,0.268066840304801,0,-0.424499831169561,0,0.103640529277291,0,2.15089539860895,5.43247553668404,0,-0.282051714675406,-2.03986404306151,0.46909028128208,2.52934034803723,1.53267416081684
"RNA289","protein-coding-exon2",2.19209496829893,0.700432711764157,-2.98703050625349,2.07437724140915,-0.481779113911854,3.25806647560039,2.9041815151415,27.9499504190126,87.9556084410002,0,4.96242983606201,-0.248706032255382,0.121529866572359,-0.0816332854185542,-0.670390511698622,0.186306330124768,1.1117979551812,1.41816005838669,0,0.750838404478951,182.235929885533,-1.32061429014128,5.75042437455857,6.65980603458637,45.7092974899126,11.0643135991769,-1.31300491829541,-1.08461982831504,2.8984821440655,0.71713097990327,-1.63667678735571
"RNA290","protein-coding-exon2",-0.168622689869149,1.42680737581587,-3.08338632903586,-1.22171911150478,-0.481779113911854,2.11813764818089,5.34083521907847,28.4824431238625,58.7410982320289,0,-0.315937937445464,-0.576003170703464,0.607649332861797,-1.17277372538751,0.0943056988933841,0.0919935820948019,1.26003768253869,1.27115566209051,0,1.19247750289394,126.66472265274,-1.33139876570906,0.406662326187751,5.6977695937598,-0.674490759476595,9.68840193885029,0.300422744798529,-1.77704941679922,-0.944065008696212,0.773416070866493,0.442282781247051
"RNA291","protein-coding-exon2",0.75880210441117,0.622606854901472,0.602223892389817,-0.229072333407146,0.982829392380181,3.18115086267763,4.24646279476214,43.0964095791888,41.4157460371151,-0.674490759476595,2.26299731937681,-1.48029830398403,0.413201546346022,-1.09264828253611,-0.692941874477475,0.883022429813343,0.512662390444665,0.12106244400862,0,0.805718684446631,0,-1.27965821271025,9.44656998743864,17.29651279332,5.18655979402516,5.49519023842613,0.999327636412432,0.150257842457658,-0.0101775011718036,1.30994848889088,-0.705438531717638
"RNA292","protein-coding-exon2",-0.674490759476595,2.20506594444272,-0.915380316432522,-0.941741815118265,1.1948122025014,3.2654622076122,5.7845399571006,95.0558644013244,206.202898900882,-0.674490759476595,0.323285331339545,0.284519700900156,1.28821658566701,-1.57561681263448,-0.688841626699501,0.447019234002683,2.94008792592362,0.942557599781396,0,0.237006634939286,0,-1.33139876570906,0.499471757747418,11.7776142965983,-0.674490759476595,0,0.675659092532671,0.12194839387868,-0.27213753133292,-0.669603145277495,-1.081456651992
"RNA293","protein-coding-exon2",0.168622689869149,0.544780998038789,0.216800601260334,0.0254524814896829,-1.07918521516255,3.24919159718623,5.63713469178453,24.6958283338185,46.872074270493,-0.674490759476595,0.092577163065415,-1.0584928732789,-1.03300386586506,-0.0107122380640793,-0.647839148919769,0.0676423397755899,1.28474430376494,1.65163762897474,0,2.27502132194095,287.330691810672,0.848696817401847,0,10.7247994311488,-0.577220506088193,11.5162589125909,0.0429060243007152,0.0659956013931702,-0.869637541303367,1.2054869162018,1.48724823064432
"RNA294","protein-coding-exon2",0.843113449345744,1.01173613921489,-0.843113449345744,1.42533896342224,-2.77504769613228,3.22799049875239,5.96842430322722,125.265950523144,-0.543619418085614,1.34898151895319,0.117558302305289,-0.835652268378082,-1.43405242555384,-0.3354621920067,2.39044445455839,0.304583792818084,2.69302171366113,NA,0,1.28267506082189,199.774122252836,0.808286687716206,0,0.787263801657538,-0.142411867834693,0,0.731175056369653,-0.637936804820222,0.366390042184815,1.17074437746869,0.714316100889857
"RNA295","protein-coding-exon2",0,0.337245379738298,-1.34898151895319,0.292703537131353,0.115626987338845,3.0948673225399,1.30952455399485,15.1937918450517,62.878646025236,0,-0.383533961271005,-0.822719554700803,-0.230906746487483,-0.413883117173481,-0.658089768364702,1.11146027442691,2.48301543323801,0.83878979063115,0,1.25255150020872,0,0.762937515859596,0,6.6245689656203,-0.440287096025301,9.31592484782799,1.30873445953872,0.00227663397662891,0.0582893248930352,0.0562075632897075,1.95639918254975
"RNA296","protein-coding-exon2",-0.505868069607446,1.37492347124075,0.650401803781003,0.407239703834925,-0.55886377213775,3.15797756904064,3.64195231275883,14.3418035172918,11.4462088585804,-0.674490759476595,-0.0617181087102767,0.488458647349569,0.735255692762775,0.0260135622021223,-0.678591007254568,0.79837287317989,1.88387986850148,NA,0,0.80952741050117,0,0.630023982444295,0.112447427228909,1.55291266954687,-0.46202107464734,0,0.547867628606034,0.243274602074303,-0.440540407865082,-0.282376091765014,-1.64683815399512
"RNA297","protein-coding-exon2",-0.674490759476595,1.9456464215671,-2.55342930373282,-0.890836852138899,-0.327609797460061,3.26053171960433,3.08881033230507,1.34898151895319,4.02681050433788,-0.674490759476595,-0.337980119127706,0.17608387083681,1.34898151895319,-0.728432188357407,-0.639638653363823,0.630813134364358,0.963558227823707,NA,0,0.969667028703391,159.725223207195,-1.33139876570906,0,0,-0.674490759476595,0,-0.194225298735914,0.638595830445033,0.178106270506506,-1.14600976262922,1.82926349161372
"RNA298","protein-coding-exon2",-0.0843113449345744,0.207535618300491,-0.939469272128114,1.19626663001509,-0.616677265807173,3.23341403556105,4.18094934351055,10.53152238481,15.5032204417008,-0.674490759476595,3.24313966484716,1.2246285028255,0.407125053017404,-0.499449904941146,16.8294670046911,0.765324758603817,2.61272519467582,-0.517974314008308,0,1.71046424631128,101.062993564839,-0.811321178373765,6.07687754966316,15.1394240501199,12.4555924135058,4.78687314730177,-0.945020292978288,0.143811136345608,-0.338275954789446,0.33168027446209,0.718822992228622
"RNA299","protein-coding-exon2",-0.421556724672872,0.933910282352209,-0.337245379738297,0.496323389048816,-0.481779113911854,3.22897659635396,5.95502382456213,22.6486897129509,13.9428313712699,-0.674490759476595,-0.624528480996847,0.258654273545597,-0.145835839886832,-1.0581908019579,-0.672440635587609,0.749090597057675,1.27856764845838,3.33786452766623,0,0.619437355597346,212.205408030426,0.681183931492937,0.0749419158116546,2.60414831269821,-0.585015512366537,0,0.962102128005051,-0.0169209282046975,-0.915975105462044,0.365349161383151,2.43052962426212
"RNA300","protein-coding-exon2",1.85484958856064,1.73811080326661,-1.39715943034438,1.20899287075993,-1.1948122025014,3.06676354089505,2.48206643719091,40.7061089929735,-0.402681050433788,-0.674490759476595,5.23428341014299,-0.895341716119375,-0.668414266147977,0.512902482975107,-0.451027255577055,0.425180421446565,0.833848466385901,3.33786452766623,0,0.656832120496459,207.098501440713,0.551648371284256,0.956581210516341,0,3.99418399653006,0,1.20632402407166,-1.06237349162722,1.95211942200763,1.20768911215151,-1.69547790508591
"RNA301","protein-coding-exon2",1.51760420882234,1.27115566209051,0.915380316432522,1.37443400044287,-1.6380489873003,2.79854499326693,1.36982670798779,26.0329766815528,-0.422815102955478,0,2.69355460156993,-0.961000108634795,-0.783867639391719,0.724118447447881,4.15560112297586,-0.222639929775655,0.259419522875614,0.596664902613911,0,1.26986389136572,0,-0.246382401286046,0.420311713277475,0,6.792582718298,0,0.792331248753207,-1.81334792551261,0.499819486681249,2.10579201679111,1.48422291876339
"RNA302","protein-coding-exon2",1.34898151895319,-1.66028494640393,0.819024493650151,1.33625527820835,-1.77294713919562,3.10226305455171,5.97289112944892,48.1610068608727,11.1743991495376,-0.674490759476595,5.29747099763208,0.391960706834482,-0.565113879561472,1.48690322298753,-0.416175149464282,0.326615869202134,4.2680688168345,2.49907473703508,0,-0.0690764407164172,199.639729974159,0.490058396970014,4.99092719228441,0,14.2875279109306,0,0.0549922283290857,-1.17094137423313,1.05737320426638,1.19072721454524,1.67487341343925
"RNA303","protein-coding-exon2",-0.421556724672872,-0.752316616339279,-0.192711645564742,-1.13263542629089,0.925015898710759,3.26349001240905,3.30396246198359,15.8801157757472,31.6305965115741,4.04694455685957,-0.761190007426746,0.844605685539277,0.972238932578876,-0.51041126482067,-0.668340387809635,0.489150748491479,NA,NA,0,0.573213271208164,0,-1.33139876570906,0.284301891570703,12.785630815222,-0.674490759476595,0,0.468501555486401,0.361183170602441,0.0322526445585178,-0.544659204835564,1.84963153814239
"RNA304","protein-coding-exon2",1.01173613921489,-1.71216885097905,0.481779113911854,0.241798574151987,-4.0276733923031,2.94793877990538,1.22316591370866,6.5082441703882,3.10064408834017,2.69796303790638,0.517256530143271,0.724231965927671,-1.11199827913709,0.208750969667331,41.808176468104,-1.44851239033727,0.543545666977476,0.605312220043098,0,1.49077000252899,0,0.336261124571853,0,0,-0.674490759476595,0,1.02511153833962,-0.627906756286469,1.05523310930057,0.724757685995847,2.11206659327225
"RNA305","protein-coding-exon2",-0.674490759476595,-0.259419522875613,-0.505868069607446,-0.903563092883741,-0.55886377213775,3.15058183702883,2.2773369020297,141.796890715931,135.401503208361,-0.674490759476595,-0.803804892012413,1.25944734734125,1.03908035919367,-0.0554230480989766,96.2676674551443,0.474655961396711,2.43977884609208,1.40086542352831,0,0.70184433750465,0,-1.33139876570906,0,20.7610257112671,-0.674490759476595,14.1599720644735,-1.04114590235059,-1.06704844643843,-1.0580176218163,0.118931945511562,1.98715543462441
"RNA306","protein-coding-exon2",1.18035882908404,1.03767809150245,0.650401803781003,0.839931889159534,-1.65732015185678,3.2615178172059,4.65964422026933,10.6025214121233,37.4896057953857,-0.674490759476595,-0.511378615028007,-1.86629006604438,-3.67020197048526,-0.0857503512106241,16.9832262963651,0.142435441184599,1.12415126579433,1.39221810609913,0,1.86991136886722,251.447953404007,0.707269654460185,0.483417126229882,2.72296599037037,5.30135117164255,8.72347145850471,1.27521538703337,-1.18997974843897,0.194956569139198,1.83407247372592,1.90853108166294
"RNA307","protein-coding-exon2",0.421556724672872,0.726374664051718,-0.481779113911854,-1.65441129682938,-0.308338632903587,0.668081125066364,1.23433297926291,7.6560617786203,11.5972142524931,-0.674490759476595,6.55387535351986,-0.109430654192368,-1.95055435848637,-0.910540235446758,-0.0779047077814912,-0.0618444249376817,0.96973488313027,1.92835178670873,0,1.15958395969565,0,-1.33139876570906,0,0,7.00561579639164,0,-0.83350491714319,-0.846765549683254,0.154570799046719,0.577884010072392,1.27049236565637
"RNA308","protein-coding-exon2",-0.337245379738298,0.0778258568626841,0.891291360736929,-1.13263542629089,-0.443236784798905,3.2615178172059,6.08381731395446,29.5829280472191,25.0769624157642,-0.674490759476595,4.44664278469755,0.354157389931663,0.018229479985854,3.25189195038272,15.613743538522,1.31593340437712,1.52563386072087,2.66337376818963,0,0.455315887429016,108.118588195363,-1.33139876570906,0.0964519017178939,8.62905326837436,-0.373948893455304,0,0.935995927303771,0.336291361690948,-0.870903314558347,0.419326265812165,1.67240237704053
"RNA309","protein-coding-exon2",0.252934034803723,1.16738785294026,-0.89129136073693,-0.381787222345242,-0.481779113911854,3.2654622076122,5.78528442813755,90.038599804516,216.622271080856,-0.674490759476595,-0.665673886803699,0.405888244640783,-0.285595186445045,-1.32396444401284,-0.637588529474836,1.53374173845452,2.11241611484428,0.466955141176104,0,0.566115190833795,154.349532060129,-0.127918823382932,0,2.30784538612716,-0.196952669621005,11.4618743579635,1.27231469806656,-0.571250536190372,-0.213727524607812,0.763612661629652,0.73133927854671
"RNA310","protein-coding-exon2",0.674490759476595,1.19332980522782,-0.89129136073693,0.0890836852138897,-3.04484399992292,3.24475415797915,3.46476820596476,24.9916576142907,2.3858852238202,-0.674490759476595,1.10063960533327,-1.02864814940826,-1.23960463903807,0.718493539088652,2.07472537565445,0.756434622519024,2.16800601260334,2.51636937189345,0,0.86769704478868,173.702020189566,0.185879726902966,0,0,1.06480988390111,0,0.449163629041008,-0.761306401785459,0.838811142032208,0.344739721510249,1.57491819250675
"RNA311","protein-coding-exon2",-0.843113449345744,-0.181593666012929,0.578134936694224,0.776300685435327,-0.828660075928389,3.2654622076122,2.51482316281671,1.39631420382874,4.20801697703309,-0.674490759476595,-0.631875874890928,0.174094222578767,-0.759561666077247,-0.378979839662367,7.15288224867429,-0.478521237955315,1.57504710317337,1.63434299411637,0,1.61161049280483,237.26956800362,0.623938419213015,3.15000011201349,3.50522892141702,-0.170387864619055,0,-1.08296416828876,-0.412870648194458,-1.00757261600824,-0.21672826205405,2.83734473288495
"RNA312","protein-coding-exon2",-0.674490759476595,0.674490759476595,1.15626987338845,0.229072333407146,0.713033088589544,3.14565134902096,3.66503091490428,34.020367254302,198.652629205249,0,3.54732177206209,0.473536285414247,0.48004297296082,4.12068461423091,-0.682691255032542,0.154031270860415,1.10562129987464,0.354540014596672,0,2.24403214176993,0,0.742766799271682,2.00491374506444,11.3619672849223,-0.593567578343891,6.71005684441994,0.521761427904754,-0.0163070526698262,-1.34129998001379,0.338988249917819,-0.40408462173648
"RNA313","protein-coding-exon2",0.0843113449345744,0.752316616339279,1.30080360756201,0.139988648193255,-0.69376192403307,3.2654622076122,6.08381731395446,31.8548969212455,123.82442300839,-0.674490759476595,-0.802335413233597,0.705330307476262,-0.911473999292696,-0.182108047089351,-0.682691255032542,1.14276901455161,1.13650457640745,1.86782056470442,0,0.987845039418237,220.268944751025,0.662661931140512,1.33150531137493,9.89844719185921,9.18858863546848,12.5102486682887,-1.21897425095469,-0.663638804187986,-0.198461272850113,0.459809094133919,0.493131902269572
"RNA314","protein-coding-exon2",1.09604748414947,1.01173613921489,-0.602223892389817,0.0127262407448417,-1.56096432907441,3.26102476840512,3.47072397426036,20.3648876677056,62.9893833141053,-0.674490759476595,-0.70681929261055,-1.29526101598603,-1.23960463903807,-1.17277372538751,-0.580185060583211,0.216455487281887,2.16182935729678,1.45274932810344,0,1.20753928320053,203.537106055782,0.633437488328404,3.18462363055439,22.3968636659813,4.39625176655191,15.5153906757422,1.11285737958559,-0.917574557941417,-0.130679115045922,2.04295756703688,1.23605361088599
"RNA315","protein-coding-exon2",0.168622689869149,0.778258568626841,-1.73440481008267,1.08173046331152,-0.809388911371914,3.22404610834609,5.78528442813755,11.6438404793854,34.3788946807847,-0.674490759476595,0.15135631421806,0.138280553933992,-0.352436613059843,-1.20925040383826,-0.680641131143555,0.0432910974563779,1.40210075458963,3.03520841764468,0,2.82226600641362,246.273850674956,0.767433583984536,0.430438742415117,5.9732740552338,-0.567652707062076,11.1004674670754,0.163848639277942,-1.33466438480374,-0.877095586597103,1.27053355292294,2.09352779546944
"RNA316","protein-coding-exon2",0.75880210441117,0.674490759476595,1.15626987338845,0.394513463090084,0.0192711645564742,3.2654622076122,5.06463646437006,10.5670218984667,15.9763706759605,-0.674490759476595,0.38941187638627,-1.90210373468916,-0.862862052663752,0.282648367132634,-0.492029733356787,0.716815537793322,NA,0.916615647493835,0,1.51483422623722,190.904231860177,-0.0655139663316094,2.9210768481772,0,15.1160952165739,0,0.233706898561924,-0.732545391450009,0.719855282268021,0.636559275047943,1.28906701599794
"RNA317","protein-coding-exon2",1.09604748414947,-1.24521370980294,-0.794935537954559,1.1071829448012,1.25262569617082,3.2388375723697,3.00468510512973,1.60931128576872,1.36911557147488,-0.674490759476595,0.180745889794382,-1.05749804914988,0.0972238932578875,0.447881689144299,12.5816103067108,0.231336802032518,NA,-0.835330863659476,0,0.855578370978782,243.787593519438,0.520881810269126,1.60629323610914,4.15314515552613,0.242217797206024,0,-0.358275374747662,-0.993596904179459,1.74035270037787,0.150899584327338,0.482458887635333
"RNA318","protein-coding-exon2",0.252934034803723,-0.311303427450736,-0.0963558227823708,-0.521775870538498,-0.423965620242431,3.2048172051154,2.97639520572564,5.91658560944382,0.614088601911527,-0.674490759476595,-0.248341913619923,-0.553122215735969,0.0425354533003258,0.133175277866408,-0.23576424723346,1.66960620948949,2.29153911873459,2.53366400675183,0,1.02627854778677,0,0.198910744160761,0,0,0.29750211558403,0,0.778794700241432,-0.481423137028515,0.821643340869682,-0.294460518129712,-1.03917212269782
"RNA319","protein-coding-exon2",-0.590179414542021,-0.0778258568626838,0.433601202520668,-0.979920537352789,-1.25262569617082,3.09683951774305,5.1800294750973,17.9864202527092,27.6843222173229,0.674490759476595,1.422455457894,1.47532418333892,0.370666093045696,-1.42706154058305,-0.688841626699501,0.652651946920477,1.30327426968463,0.916615647493835,0,1.46705202664391,137.281712668195,-1.33139876570906,4.01232774421184,4.9534348553914,22.8230712973587,0,-1.17892862827402,0.197611829171586,-0.557912109690512,-0.314762354422418,-0.963821940082286
"RNA320","protein-coding-exon2",-0.252934034803723,0.882026377777086,-1.27671465186641,0.610859555752388,0.308338632903586,3.2654622076122,4.33654379023308,0.757322958008808,5.85900928381162,0,-0.506970178691558,-1.01770508398902,-0.358513106388461,-0.0239419176315901,-0.0307518583347991,1.08691576827976,2.36565898241333,0.466955141176104,0,2.32349601718054,185.730129131126,0.26305907125421,0,0,-0.674490759476595,0,-1.0633845177628,-0.225529866393584,-0.311431535857093,-0.00385423291129852,0.700110029215163
"RNA321","protein-coding-exon2",0.0843113449345744,0.648548807189034,-1.3248925632576,0.0763574444690486,-1.32971035439672,3.10374220095407,6.02202621788761,169.380012827158,129.864638764897,-0.674490759476595,-0.260097743850452,0.586946236122701,1.00869789255058,-2.07412267701184,-0.656039644475716,1.18876580559901,1.92093980034085,2.04941423071735,0,1.43329286388777,94.1417912129913,0.583893091682928,0.548875778325177,6.29722948653615,7.77395690379699,6.6573416056858,0.353682617216881,-0.0611438839438059,0.674490759476595,-0.385423291129487,1.81259569142573
"RNA322","protein-coding-exon2",-0.927424794280318,0.985794186927332,-0.505868069607446,1.03082550033215,0.192711645564741,3.14269305621624,5.25298763671838,143.571866398764,2.84896843181905,0,-0.142539441545163,0.91225372631274,1.19706918573774,-0.625505543555663,-0.639638653363823,0.231916593516308,1.37121747805681,NA,0,1.15231275540971,121.557816063027,0.185730489657513,0.474374207262614,0,27.6121849067339,0,1.23097988028953,-0.0479082975951988,-1.64742768967882,0.316065718208836,-0.689504517856665
"RNA323","protein-coding-exon2",0.674490759476595,0.985794186927332,-1.10809196199726,0.598133315007547,-1.98492994931684,3.1441722026186,4.00153182360563,59.8403468539148,78.2308610730242,-0.674490759476595,1.38718796720241,0.683444176637789,0.121529866572359,0.00958463405733442,-0.660139892253689,-0.710631095299553,0.994441504356519,1.64299031154555,0,1.06436580833216,138.020870200917,0.596047636229327,0.438554567168422,0,10.2356468914541,0,0.776216310048713,-0.637936804820222,-0.34710635575403,1.61818616418289,2.63941422962876
"RNA324","protein-coding-exon2",2.69796303790638,-0.129709761437807,-1.08400300630167,1.9980197969401,-1.86930296197799,2.90504353423691,3.39925475471317,19.9152271613879,51.2512306939604,0,3.23579227095308,-0.391960706834482,-1.81079501192816,1.74541299737111,-0.619137414473957,-0.525097820486507,0.531192356364352,0.735021981480905,0,0.591218158011441,0,-1.32345197714245,5.69616886095822,11.9383297087118,15.0157407913562,0,1.28891308493219,-1.93331757295518,2.71269550463757,1.77788846344087,0.349840251185162
"RNA325","protein-coding-exon2",1.60191555375691,0.596664902613911,0.313156424042705,1.70531625980875,-0.770846582258966,3.18558830188471,5.88429907605189,8.8038793868524,34.7312405999142,-0.674490759476595,16.4405285773947,-0.644646035605949,-2.63112161129158,1.89910804582539,-0.647839148919769,0.860797089601363,1.85299659196867,-0.833601400173638,0,0.830648527712707,327.379590856312,-0.543338462442165,7.89180198747125,10.5203599730926,8.2796700741145,17.4566732714924,-0.677512310483688,-1.12097120563649,1.20918406779248,1.42689888182041,1.22951056230814
"RNA326","protein-coding-exon2",1.68622689869149,-0.415071236600981,1.08400300630167,2.06165100066431,-0.308338632903587,2.80199633487243,5.8158077406525,15.9747811454983,9.61401007910669,0,0.937527460884679,-1.75884906011006,-2.66758057126329,-0.723226853582083,-0.209112636676634,0.350967111521346,2.02594294055241,0.804200520914402,0,1.56469391276937,545.498259148511,-1.2640652894055,6.08882876417974,6.55473940821804,19.6029266706375,17.5972033120845,0.643670939204251,-1.37521701525531,2.14163703229458,0.656825525299818,1.18990131075086
"RNA327","protein-coding-exon2",1.01173613921489,0.155651713725368,1.44533734173556,2.13800844513336,-0.385423291129483,3.26349001240905,5.65797988081912,20.116391072109,23.0736241898561,1.34898151895319,3.43123294853562,-0.804812720378415,-0.96008594592164,3.32801833251251,-0.594535927806117,0.781558920149958,0.982088193743394,0.380481966884233,0,2.23000910493276,351.234220321417,0.562149461904834,4.46938419159421,13.9366904964321,10.3868015122171,7.43423243653015,-1.20559885182996,-0.588257772485231,0.980523686719433,0.798977309044414,-0.120472002736292
"RNA328","protein-coding-exon2",0.505868069607446,0.0778258568626841,0.578134936694224,1.61623257459486,1.17554103794492,3.25806647560039,5.4651618822491,92.0147393980702,231.461067789341,1.34898151895319,2.2071571257818,-1.71010267778801,-0.340283626402606,1.90359223850337,-0.643738901141796,0.469244574214663,0.951204917210583,0.933910282352209,0,1.17447261609066,267.843811402558,0.0634199072049251,6.37301764426589,29.7049028534373,10.9956454447523,10.7035217194073,-0.188182196721728,-1.166029683916,0.000658974896016193,0.879102464689518,1.88110481441805
"RNA329","protein-coding-exon2",1.85484958856064,-0.233477570588052,-1.6621379429959,1.7816737042778,-3.04484399992292,3.12198500658319,1.22018802956086,7.7507271483714,31.3185186974879,-0.674490759476595,4.95802139972556,0.795859303217221,-0.686643746133831,1.00986116976182,-0.270616353346233,-0.119630309488828,NA,0.89932101263546,0,0.274055152015259,153.274393830716,-1.29854762094791,5.37906663612392,6.23400687956503,51.0592311732774,13.7574033580071,0.644476686139475,-0.974399341998132,1.2222253679953,1.91105715185036,-0.179282558657615
"RNA330","protein-coding-exon2",2.19209496829893,0.544780998038789,-2.16800601260334,1.85803114874685,-2.64014954423696,3.189532692291,3.01436322861008,27.8079523643859,597.276668055916,-0.674490759476595,5.49291167521462,-0.939113977796321,-0.783867639391719,-0.0988620257076614,-0.643738901141796,-0.921288667743533,0.296479454714987,0.069178539433497,0,0.825974182100317,0,-1.30505483861872,11.6093797783505,9.02428856327118,8.13339097198549,20.9507491182051,1.21430091873038,-1.31940695948533,2.14163703229458,1.49886835439243,0.822828511623779
"RNA331","protein-coding-exon2",1.85484958856064,0.907968330064647,-0.529957025303039,0.827205648414692,-2.08128577209921,3.26349001240905,4.88224106031734,31.4762354422411,29.1440410251454,0,0.15870370811214,-1.76879730140028,-4.13201546346022,0.20964256353313,1.42893635062367,0.360437039089929,2.03829625116553,3.06979768736143,0,1.71375360063111,267.373438427189,0.540827486566277,0.757293958376253,6.98714551367052,1.33550951294978,12.7168924041265,0.260779995585474,-1.33253873731355,1.98974424169695,1.13690424233905,0.916969869654126
"RNA332","protein-coding-exon2",1.34898151895319,0.57072295032635,-0.313156424042705,0.190893611172621,-0.0192711645564742,3.08895073693046,2.257980655069,32.3637232836577,1.72146149060444,-0.674490759476595,0.595138905420525,-1.08236865237542,-1.44620541221108,0.400627214256976,-0.442826760021108,-0.0543071356484017,0.765905258013716,0.821495155772776,0,0.742355332812023,0,0.593934626341315,0.329911526552153,0,22.0233508103003,6.8952410851564,0.694594145510452,-1.30824494833133,0.77308298900996,1.49886835439243,2.12094954166369
"RNA333","protein-coding-exon2",-0.252934034803723,0.830142473201963,-3.03520841764468,0.521775870538498,-0.289067468347112,3.23341403556105,2.33912799809654,10.6498540969989,28.3487459505387,10.7918521516255,0.429087803414305,1.46537594204871,0.759561666077247,0.234135171493596,17.2394917824884,1.2647184899756,0.74737529209403,-0.51710958226539,0,1.22104294830298,0,0.678824561707669,0.300597547581836,0,0.440598587493588,0,-0.181011048998229,-0.128792436392277,-0.655721861211708,0.419326265812165,-0.76802662884122
"RNA334","protein-coding-exon2",0.843113449345744,1.478691280391,-1.05991405060608,-0.99264677809763,0.346880962016535,3.15699147143906,1.9415804643653,15.0399606192062,16.3891187526552,-0.674490759476595,0.139600483987531,-1.8901658451409,-1.12415126579433,-0.152383881004568,3.56926569072569,0.569935028566327,1.85299659196867,-0.59061178041348,0,0.846922175400283,209.517562456893,-0.400603696968908,1.54317682203876,13.4273107327047,29.814835880742,0,0.0266299362091763,-0.554011908925508,0.7583276893519,0.758610922223101,1.43305695069691
"RNA335","protein-coding-exon2",1.01173613921489,2.07535618300491,0.481779113911854,1.65441129682938,-0.0192711645564742,-1.07879077612192,-1.25443369726056,14.1998054626652,16.1072420173515,195461.351679482,-0.74061730452332,-0.775962820636791,-0.0425354533003258,NA,NA,-1.42454767567392,-0.744286964440748,NA,0,-1.00636929795622,0,-1.29726133802281,0,1.84435438462184,-0.674490759476595,0,-0.942844776253181,-0.237641835943667,1.01536814882069,0.727110605960581,1.56032096964552
"RNA336","protein-coding-exon2",1.34898151895319,1.16738785294026,-0.794935537954559,0.649038277986912,-1.92711645564741,3.21270598592799,4.08119022455927,51.6991250553201,52.4794078977835,6.07041683528936,-0.386472918828637,-1.33903327766298,-3.80996131704347,4.56184001435823,-0.24806499056738,-0.791801903030261,0.135886416744369,NA,0,1.29115813248882,177.263415574498,-0.526941316203581,0,0,-0.674490759476595,0,1.07297290629197,-0.544632067619631,1.1353472945853,1.194056470558,0.551480877284177
"RNA337","protein-coding-exon2",0.590179414542021,-0.57072295032635,0.529957025303039,0.0127262407448417,0.192711645564741,2.38882143981294,2.87365820262655,359.988734821,4.91270881529222,0,-0.796457498118333,-0.0119378895482579,-2.18753759830247,1.01486982941968,4.44261846743399,0.785424196708563,1.32180423560432,NA,0,2.13929217527009,169.871840247282,-0.0172534837660686,0,0,13.8621389101092,0,-1.3093790570869,-0.191138805000186,0.054958506327722,1.00869789255058,0.908230781302897
"RNA338","protein-coding-exon2",0.421556724672872,-1.68622689869149,2.50525139234164,0.839931889159534,-4.58653716444085,3.25757342679961,4.46533727962541,102.155767132657,250.830026315207,0,-0.586322032747629,1.09032724540759,0.704873226119685,-2.33571369490223,0.174260530563862,-1.33158777443947,0.61148887534966,2.54231132418101,0,1.70544365287575,82.1808784107697,0.638573144648145,9.35799098578735,13.5907656120701,-0.491679125360452,14.493835243123,0.856388130103571,-0.557478372016813,-0.0756675087120829,0.907467036300632,2.83707018282482
"RNA339","protein-coding-exon2",1.51760420882234,-0.181593666012929,-2.33662870247249,0.750848203945644,0.211982810121215,3.10670049375879,4.42588031466706,6.24791440357267,0.140938367651826,-0.674490759476595,2.01171644819926,0.924191615860999,0.303824666430899,0.137200561936999,-0.594535927806117,0.549062535149859,1.78505338359648,1.03767809150245,0,0.403551837869595,140.036754381066,-0.378457363512607,2.31308506231439,0,21.2630407655338,0,1.10447761145926,-1.33928451359519,1.80560024213681,0.691430025125547,1.94124094711227
"RNA340","protein-coding-exon2",0,0.700432711764157,-0.0963558227823708,-1.42533896342224,0.23125397467769,3.26496915881141,5.37359194470427,18.530746128778,48.7646752075318,0,-0.454068942654179,1.22562332695452,0.528654919589764,-1.67063711771451,-0.686791502810515,-0.16601362819209,0.710315360254656,NA,0,1.15681397711053,144.740484134749,-1.33139876570906,0.382613882316159,2.87615055329327,7.31335582395182,12.5129063949082,-0.283421484465288,-0.430085853411412,-0.0756675087120829,0.217498831860206,2.02456043979431
"RNA341","protein-coding-exon2",1.51760420882234,0.518839045751227,-0.505868069607446,0.674490759476595,-0.46250794935538,3.25313598759253,3.89507246532179,56.1602306048407,51.8753863221328,1.34898151895319,-0.393820312722718,-0.525267140123366,-1.56165878545482,1.56228223967099,1.45148771340252,0.710437831471624,1.26003768253869,-0.226559716644702,0,1.26692078486903,219.462591078965,0.229303027639673,1.55949848069236,5.44654433224411,0.350221369436229,0,0.55101004165341,-1.17767879154313,1.79338283806252,0.723302590754501,0.220102636270405
"RNA342","protein-coding-exon2",0.421556724672872,1.42680737581587,-2.6256961708196,-0.0636312037242069,0.616677265807173,3.2048172051154,1.6430475785484,19.4300671414135,31.6305965115741,-0.674490759476595,1.45331451224913,-0.354157389931663,0.777791146063101,-0.0424162669979156,-0.660139892253689,0.668113053154897,NA,0.553428315467976,0,1.26570891748804,0,0.350748981606695,6.12775271974334,14.0901543775846,0.380970994599077,13.3046892806949,-0.845671695865083,-0.375987660578977,1.06278207441966,-0.240229585567006,3.20866441515756
"RNA343","protein-coding-exon2",1.60191555375691,1.37492347124075,-0.554045980998632,1.85803114874685,0.269796303790638,3.18854659468943,5.64681281526487,20.4358866950189,35.9594178037373,-0.674490759476595,0.711227728946998,0.464582868253053,-0.692720239462449,-0.891200515563628,-0.651939396697742,0.385368072892932,2.54478198630364,1.13279858322351,0,0.520756726002464,146.353191478869,-1.31440720515299,3.10480551920981,9.16206765153026,37.6292088025493,13.1174183950919,0.335472736480803,-1.3421260972324,1.2961453041007,1.41861920798469,2.88872831704025
"RNA344","protein-coding-exon2",0.421556724672872,2.10129813529247,0.36133433543389,1.4126127226774,-4.58653716444085,3.24426110917836,5.53737557283324,38.1974766945693,3.30198461355706,0,0.149886835439243,0.86649181637775,0.322054146416753,-0.997942657644009,-0.680641131143555,0.404694455685958,1.89005652380804,1.98023569128385,0,-0.585331945018062,106.573076990581,0.643261089231526,0.261431567423004,0,-0.111330436542583,3.16251895975774,-0.366252269406387,-0.6050382456295,-0.85368879829062,1.68023142527392,2.18181080406443
"RNA345","protein-coding-exon2",0.75880210441117,0.441013188888543,0.505868069607446,0.585407074262705,-0.520321443024802,3.11261707936823,2.84760171633331,11.9515029310765,2.11407551477739,-0.674490759476595,0.811152285906494,0.352167741673621,-0.443584012989112,-0.498217407538425,7.96883155649096,0.405080983341818,1.13032792110089,0.164299031154555,0,0.880335090333287,0,0.569286792389789,3.87565385502063,3.88604172695806,0.731337952438962,0,-0.340951815640331,-0.230584362010486,0.558226337857048,0.814479407669844,1.01403176360248
"RNA346","protein-coding-exon2",0.927424794280318,1.16738785294026,-1.20444778477963,1.28535031522898,-1.09845637971903,2.95237621911247,2.28850396758394,6.03491732163269,0.906032363476023,-0.674490759476595,-0.602486299314606,0.935134681280236,-0.407125053017404,-0.621912944743475,-0.295217840014072,0.568002390287025,3.18097748287955,0.648548807189034,0,0.418786742087753,186.939659639216,0.551707592413404,2.01707498092398,5.43494188270651,7.14210323193058,0,-0.419028693663605,-0.00945017877092746,-0.0812279810504034,1.71273990024324,0.425817307858279
"RNA347","protein-coding-exon2",-0.843113449345744,0.778258568626841,0.313156424042705,0.661764518731754,-0.346880962016535,3.21171988832642,5.11153813969791,8.79204621563351,24.9158899955906,0,-0.65391805657317,-0.0218861308384738,0.115453373243741,-0.442269892459566,0.182461026119808,1.18799275028729,0.895615019451523,0.648548807189034,0,1.8844537774391,0,0.746239526284939,0.186069908955901,16.0640748202142,-0.674490759476595,0,-0.344416527461797,0.731612590061678,-0.601926497875048,-0.687204374982605,2.64906680498765
"RNA348","protein-coding-exon2",1.09604748414947,1.63434299411637,-0.554045980998632,0.738121963200802,-2.11982810121216,0.869738084588241,0.12581560524453,51.9476216509167,38.6171127366003,-0.674490759476595,2.6538786745419,0.264623218319726,-0.613725826190415,0.0935124625128703,0.166060035007916,-0.641829172556381,0.957381572517145,0.484249776034479,0,0.581003847228813,0,-0.225411015032046,4.54674205292115,10.2367982549953,0.0475857390237573,10.8972941511209,-0.0895587718502253,-0.254490760198556,1.12970263006984,0.763612661629652,2.04199035082682
"RNA349","protein-coding-exon2",0.252934034803723,0.155651713725368,0.529957025303039,-0.0636312037242069,0.443236784798905,3.24426110917836,6.00564785507472,143.276037118291,59.5665943854181,-0.674490759476595,1.63552988082233,-0.801828247991351,-2.44275031810443,-0.696662601051085,-0.670390511698622,1.47344342414028,2.13712273607053,1.02038345664408,0,1.81295360196071,433.952667846894,0.388299915177056,0.184631762807379,5.5983430470278,16.2980021921131,10.383781831802,0.532639011530287,-0.362323875429814,0.0346901210153706,0.495583281431021,2.95921667796707
"RNA350","protein-coding-exon2",0.505868069607446,0.285361475163175,-0.216800601260334,0.992646778097631,-1.1177275442755,2.20836557872491,1.21795461645001,-0.544325876068831,-0.825496153389266,-0.674490759476595,0.302712628436119,-0.272581811351898,0.0364589599717077,0.182108047089352,-0.438726512243135,0.868527642718574,1.65534362215868,1.03767809150245,0,0.895569994551445,0,-0.0113692723738924,0,0,4.31309708762662,0,-0.0628079736007653,-2.12865276815013,-0.198461272850113,1.15881259648964,1.55070311447691
"RNA351","protein-coding-exon2",2.78227438284096,0.441013188888543,-0.843113449345744,2.07437724140915,-0.55886377213775,3.13579037300522,5.20683043242749,13.8448103260985,33.2715217920917,-0.674490759476595,0.201318592697807,-0.901310660893503,-4.11378598347437,1.37579489329963,-0.672440635587609,-0.147653564538716,1.8962331791146,2.4817801021767,0,1.89120560999033,195.003196359815,-1.32247850022151,5.81990143501601,10.1300664622581,28.1620350637969,2.0843825042306,0.714898968278114,-1.88589515562462,2.30582172502149,2.23270736951983,2.28373735307408
"RNA352","protein-coding-exon2",0.927424794280318,0.233477570588052,0.120444778477964,0.750848203945644,-1.07918521516255,3.26003867080354,5.73093804244021,408.244407051623,20.1340525216894,0.674490759476595,-0.784701667887804,-0.88638829895818,-2.07816071838735,3.10824044459318,60.7308199634504,1.24693821780602,1.28474430376494,-0.543051534552951,0,2.02468414581078,NA,0.418888812804741,0,2.33613709988391,2.57279425430747,0,-0.217108511696295,-0.246764912003634,1.1434050218914,0.481465761642643,1.09619680906653
"RNA353","protein-coding-exon2",0,0.57072295032635,-0.409512246825075,0.127262407448414,0.134898151895319,3.22404610834609,5.92971180930583,28.1274479872959,41.8687622188531,-0.674490759476595,0.490805912124581,-0.74313362437908,-2.02347227842979,-1.14057145282278,59.3715878250523,1.07783236836704,0.907968330064647,1.02038345664408,0,1.44039094426213,312.26045950519,0.586356690655498,0.73216540474082,4.74307062796488,24.9454116449781,10.9417945984856,0.297360906444675,0.544355166096598,0.188015942700104,-0.0522631728834273,0.0603516681209668
"RNA354","protein-coding-exon2",0.75880210441117,0.544780998038789,0.120444778477964,-0.598133315007546,-0.423965620242431,2.40607814784049,4.55541827509634,6.21241488991601,4.02681050433788,-0.674490759476595,-0.518726008922087,-0.903300309151547,-1.64672969205547,-0.239812526550813,-0.535082335025506,0.682414576421736,2.43360219078552,-0.6978385165354,0,2.14310090132463,256.756448411734,0.738581049863479,0.697114842802548,0,-0.200077064478996,0,0.415966855309751,-0.842534898797222,1.27238918115172,0.0623291790935452,2.91017362037489
"RNA355","protein-coding-exon2",2.19209496829893,-0.726374664051718,0.554045980998632,2.04892475991947,0.0385423291129483,3.24031671877206,4.8174720801027,43.8773988796353,56.1236714042092,-0.674490759476595,1.74867974679117,0.504375833413914,-1.82294799858539,1.55004904736526,-0.678591007254568,0.00715076163342021,2.32859905057396,2.10129813529247,0,0.971225143907521,122.296973595749,-0.991507385920413,5.40007877143716,4.41517251242151,17.1632713185849,17.2796818574426,0.271335280436917,-1.35192620457965,1.99422926504136,1.67737531392146,0.217539156581723
"RNA356","protein-coding-exon2",2.27640631323351,0.518839045751227,-0.770846582258966,1.75622122278812,-2.56306488601106,3.07761061451236,1.17849765149167,46.0310360414729,602.732996289294,-0.674490759476595,1.60026239013075,0.783921413668963,-2.02347227842979,1.23673247358405,-0.641688777252809,-0.0985645522444307,1.01914812558277,0.371834649455046,0,0.420864229026592,0,-1.20463404369097,4.18774557067268,13.6393240119868,26.487700706218,23.442905958727,-1.19085368291534,-1.47470450597572,0.513742559150443,3.23364555412837,2.41231833710366
"RNA357","protein-coding-exon2",0.505868069607446,1.24521370980294,-1.22853674047523,0.53450211128334,-1.61877782274383,3.12346415298555,5.53663110179629,64.7866124234098,542.985195431181,-0.674490759476595,-0.367369694704028,-1.1321098588265,-0.954009452593022,-0.473475677762515,3.21869450570898,0.987191633067751,2.49536874385114,NA,0,1.97638257448276,161.94269580536,0.624345860581555,0,16.5989155148714,2.35879961559434,15.7505226051793,-0.782581710836989,-0.761306401785459,0.099369420531938,0.839366278459762,-0.00662455881316236
"RNA358","protein-coding-exon2",-0.0843113449345744,-1.19332980522782,1.42124838603997,1.4762439264016,-1.85003179742152,3.25560123159646,6.05329400143951,52.0659533631056,134.777347580189,2.02347227842979,-0.224830253158865,-0.226819901416908,0.431431026331876,-0.815519930366728,-0.510480848357666,0.869300698030295,2.47066212262489,-0.475602458605291,0,0.582561962432942,95.956086975126,0.719016757638044,0.418268505640876,16.7523256809797,-0.57472356339219,9.13592427223372,0.831007101643993,0.206876739615614,-1.25448764443713,1.25245113852085,2.0873308021785
"RNA359","protein-coding-exon2",-0.168622689869149,1.01173613921489,1.13218091769286,-1.1071829448012,-0.655219594920121,3.20037976590832,2.40761933349593,27.9617835902315,64.9725874874917,-0.674490759476595,-0.576035681295916,0.196975177546263,0.771714652734483,-0.429040212892056,-0.36902230001759,-0.010629510536164,1.36504082275025,0.198888300871304,4.38416942254353,1.68986250083446,0,-1.33139876570906,0,9.70523417803156,5.8733443091686,10.0100307891769,0.479459713805457,-1.41683807379565,-1.41432766284054,1.22989769842412,0.843114407779083
"RNA360","protein-coding-exon2",0.252934034803723,1.63434299411637,-0.867202405041337,0.190893611172621,-1.44533734173556,3.2654622076122,5.78528442813755,49.2023259281348,64.5095042794929,-0.674490759476595,-0.260097743850452,0.121368543740626,-0.273442199787809,-0.574343789668224,0.303418335570018,1.99641534251955,2.52007536507739,2.12724008758003,0,0.21778988075502,200.244495228204,-0.115406583216477,0,0,0.130281306611014,0,0.421445934469279,-0.0400687579887036,-0.519992021408445,1.04546067718872,1.42409349925031
"RNA361","protein-coding-exon2",-0.168622689869149,0.129709761437807,0.481779113911854,-1.05627798182184,0.597406101250698,3.24475415797915,5.77486183362025,9.12337500976237,1.72146149060444,-0.674490759476595,-0.700941377495285,0.134301257417906,0.96008594592164,-0.3354621920067,-0.284967220569139,0.419382506608657,2.31006908465427,0.985794186927331,0,0.304178712628434,121.557816063027,-1.33139876570906,0,0,11.2333134350552,0,-0.302356537443068,-0.637936804820222,-1.59572505214702,1.43920944949721,0.525448846415693
"RNA362","protein-coding-exon2",-0.337245379738298,0.752316616339279,-0.385423291129483,0.0254524814896829,-1.15626987338845,3.1781925698729,3.16921320429566,22.8025209387965,39.4426088899896,6.74490759476595,1.09770064777564,-0.113409950708454,0.735255692762775,1.19939042461649,-0.594535927806117,0.874518821384411,1.42063072050931,0.691785394334969,0,1.39987994895476,0,-0.652447470785011,1.8684798802652,11.7048841268116,23.752263890366,8.68165070244229,1.09480864823656,0.329876412751864,0.48325583150238,-0.924517506523968,-0.790243199917882
"RNA363","protein-coding-exon2",0.252934034803723,0.933910282352209,1.34898151895319,1.15808790778057,-0.0385423291129483,0.268711596428907,0.278432167819257,5.02909776802724,2.88923653686243,0,-0.758251049869114,0.0348188445157536,0.346360119731225,0.587232565698811,-0.301368211681032,-0.211817155411561,0.172946348583742,0.397776601742608,0,1.06800141047513,0,0.838231259458757,0,0,11.9890865388705,0,1.09464749884951,0.186837467025994,0.0236712667703601,0.479974697754879,-0.215388764339545
"RNA364","protein-coding-exon2",0.337245379738298,0.0778258568626841,0.843113449345744,0.0509049629793657,-0.346880962016535,3.13579037300522,1.85819970822691,5.4550919319072,-0.473150234259701,-0.674490759476595,-0.836133425146368,-0.774967996507769,-0.309901159759517,0.278505077991571,0.38132304335151,1.41585080341706,0.91414498537121,0.484249776034479,0,1.85346459726808,0,0.549874106254973,0,10.528793235025,-0.598570673048872,0,0.690323686753761,-0.86471915218279,-0.0323285331339496,0.66539835953267,2.21765515008287
"RNA365","protein-coding-exon2",0.75880210441117,0.830142473201963,0.481779113911854,0.101809925958731,-2.46670906322869,0.830294180525282,0.647689802146399,2.41396692865308,-0.624155628172372,-0.674490759476595,4.96683827239846,-0.111420302450411,-3.08078211760931,1.1533422237829,0.161959787229942,0.250083393341752,0.759728602707154,0.129709761437807,0,0.773517636894617,0,0.464159812770875,0.603238302800272,0,23.1321250063286,0,1.27722975437143,-0.392339921972775,-0.261222530076207,1.62481493139347,0.534831974648333
"RNA366","protein-coding-exon2",2.19209496829893,-0.778258568626841,-1.22853674047523,1.76894746353296,-1.58023549363088,3.18016476507605,5.85600917664779,13.7383117851285,47.6975704238822,-0.674490759476595,2.72882209226152,-1.21965438218039,-3.16585302420996,2.23266904503002,-0.38132304335151,0.705219708117507,1.81593666012929,NA,0,0.943525318056326,88.9004923446021,0.673807347646224,1.23558556373606,12.593330957145,2.25346132688408,8.9188253473803,-1.06773555121301,-1.71389995643481,2.98172900768899,0.629319384412711,2.8085572886132
"RNA367","protein-coding-exon2",0.252934034803723,-2.23100789673028,1.27671465186641,0.839931889159534,0.982829392380181,3.18756049708786,5.5038743761705,241.893686056501,513.126395541515,0,-0.104332993295944,0.242737087481252,0.656261279490741,0.447881689144299,7.65106235369803,1.20499996714515,0.96973488313027,-0.544780998038788,0,-0.00276998258511943,139.163204569668,0.65963454701845,6.96932824305308,15.6376847997071,-0.674490759476595,10.6884539470025,0.22476310758093,0.379028791785075,-0.0915975105462069,0.641070046169189,2.80630897045145
"RNA368","protein-coding-exon2",2.19209496829893,-0.233477570588052,-0.216800601260334,1.20899287075993,-1.09845637971903,3.15699147143906,5.96395747700552,0.390494650223292,0.805362100867577,-0.674490759476595,3.3019188159998,-1.2385560406318,-1.10592178580847,1.96031334237756,1.32027978450738,0.894231731833298,2.51389870977083,-0.626065781873147,7.11228972458078,1.01035114792233,281.350235409561,0.44496742923649,1.03629531129107,3.48992013383268,3.1623257158088,0,0.42346030180734,-2.10950225881729,3.35677935707559,0.254219828735181,1.91019530146127
"RNA369","protein-coding-exon2",0.75880210441117,1.76405275555417,0.650401803781003,1.71804250055359,-0.578134936694225,3.18164391147841,5.26341023123568,46.9895229102028,41.4157460371151,-0.674490759476595,-0.690655026043572,0.696376890315069,0.382819079702932,-0.940474188323494,-0.684741378921528,-1.52813708744454,0.697962049641532,0.00864731742918712,0,0.473147650320723,170.610997780004,0.799893869293308,5.73114241507074,9.40496708120183,0.0820854506026337,14.1520867433462,-0.755428039119916,-0.536537136081675,-0.794263344873242,2.18208540223364,0.715962250098958
"RNA370","protein-coding-exon2",0.337245379738298,0.363187332025859,-2.33662870247249,0.839931889159534,-0.982829392380182,3.09831866414541,2.68084020405653,7.57322958008809,27.5836519547145,-0.674490759476595,0.695063462380021,-0.0686428649024853,-0.0668414266147978,2.26804434282302,-0.598636175584091,1.53722048735726,1.05003140211558,1.70352153354986,0,0.969493904791821,188.417974704659,-1.18816962224967,6.48278879952439,16.0383990291078,30.6080556762884,11.34888802961,0.422735129565638,-0.867852871891795,-0.188191248940384,0.798147398713971,1.76279930744849
"RNA371","protein-coding-exon2",0.0843113449345744,0.726374664051718,0.216800601260334,1.11990918554605,-0.134898151895319,3.24771245078387,5.70562602718391,21.16954331059,62.9893833141053,0.674490759476595,0.642162226342641,-0.0994824129021523,-1.57381177211206,-0.766338039328342,-0.352621308905697,0.90350839557395,1.44533734173556,1.52192786753693,0,2.45178083565389,411.038784332525,0.369064892429684,6.37373771744178,8.69877539568832,-0.435626912797582,17.06587763501,0.614502900149116,0.226276615545371,-0.407771658624477,0.693321719766554,2.20951929956594
"RNA372","protein-coding-exon2",1.26467017401862,0.856084425489525,-0.457690158216261,1.71804250055359,1.40679501262261,3.19939366830674,5.24033162909024,68.4075628163894,160.609336965516,0,0.217482859264785,-0.0805807544507441,-1.23960463903807,-0.142733688574748,-0.588385556139158,0.855192438591386,2.10006280423116,3.03520841764468,0,0.10906806428908,185.931717549141,-1.32277162112234,7.14904650653662,17.3829402993663,43.9509958669694,22.6693098303036,-0.791283777737415,-0.782423720184916,0.763312587885028,1.37632573893197,1.55548336789741
"RNA373","protein-coding-exon2",1.85484958856064,-1.16738785294026,1.18035882908404,0.776300685435327,-0.674490759476595,2.35973156056651,1.70930550083693,21.7375355290966,58.1370766563782,0,1.91326137001858,0.446676033930665,-0.486119466289438,0.221600410674428,0.268566229457246,0.178382513179627,2.76096492203332,3.25139135337436,0,1.1713563856824,111.344002883602,-1.15785408935413,5.26130466881626,0,10.2240946209128,0,0.129362670450325,-0.422411605302653,1.87719717396497,1.22573119945044,1.55270282007631
"RNA374","protein-coding-exon2",0.168622689869149,0.103767809150246,0.554045980998632,-1.4762439264016,-2.50525139234164,3.24721940198308,5.85898706079559,36.1740044161395,59.6773316742874,0,-0.121966738641737,0.590925532638787,0.188371293187157,-1.71563638458834,-0.438726512243135,0.66231513831699,2.69919836896769,1.16738785294026,0,-0.0623246081651884,0,-1.33139876570906,0.297908274290199,8.86749434938102,31.4397378966145,10.8934722963127,-0.388329735431544,-0.32951281240714,-0.525480455238755,0.902279305440175,-0.597967524378428
"RNA375","protein-coding-exon2",1.77053824362606,-0.726374664051718,-0.698579715172188,0.318156018621035,-3.19901331637471,3.15354012983355,1.41970626746343,0.887487841416573,-0.17113944643436,-0.674490759476595,-0.571627244959467,-0.513329250575108,-0.796020626048955,-0.0617166518575546,-0.63553840558585,0.184953483329256,2.48301543323801,1.12415126579433,0,1.56486703668094,0,0.603729801102446,0.424556144608716,0,4.72277608396053,0,0.117921063970135,-0.877538914628738,2.35504012652265,0.562075632897154,0.374322258023576
"RNA376","protein-coding-exon2",1.77053824362606,-2.69796303790638,0.843113449345744,1.00537301884247,-0.828660075928389,3.14910269062647,4.27251928105539,18.637244669748,3.27178353477453,-0.674490759476595,-0.92577163065415,0.00198964825804283,-0.297748173102281,0.465372662923347,37.0088364439863,1.00980350093559,1.85299659196867,-0.152192786753693,0,0.895569994551445,276.713701795216,0.253590797125978,0,1.49156471761677,4.23511587569635,0,-1.028253951387,-0.645552212040296,-0.177540853774735,3.17815604773951,1.87459354619312
"RNA377","protein-coding-exon2",0.168622689869149,0.622606854901472,1.49351525312675,0.80175316692501,0.655219594920121,3.23637232836577,4.8398062112112,30.4704158886357,651.960754704825,0.674490759476595,9.69121254629226,0.647630507993014,0.35851310638846,-0.377537555467693,-0.549433202248412,1.2519630773322,1.29709761437807,NA,0,0.782693204207826,106.774665408596,-1.12880020339397,8.65178921954567,8.22549214163343,27.448855032493,10.0664141299397,-0.644798984913565,-0.53262129521576,-0.542882806407984,0.945932162680584,1.06664816207988
"RNA378","protein-coding-exon2",1.93916093349521,1.81593666012929,-2.52934034803723,2.29072333407146,-2.92921701258407,3.19298403389651,5.30882296448963,29.3107651091847,138.693420795658,-0.674490759476595,15.2135137970832,0.124353016127691,-0.644108292833505,0.630658431633,-0.674490759476595,0.197902159800583,1.40210075458963,1.05497272636083,0,1.6832837921948,126.26154581671,-1.31350626227103,9.4664920119717,0.648834761364173,27.737052356195,18.4418991187506,-0.743261260398023,-0.884675998750696,1.54365909878392,1.68977685005716,1.62191833446211
"RNA379","protein-coding-exon2",0.0843113449345744,0.830142473201963,-0.192711645564742,0.0254524814896829,0.250525139234164,3.26299696360826,5.75476111562261,138.104941295638,598.98806252026,0.674490759476595,14.3288875722359,0.374053872512094,0.583343359547325,-1.6020761717695,-0.688841626699501,0.502485952618668,1.37121747805681,1.9456464215671,0,1.03095289339916,33.7324619478384,-0.898771835364492,9.27399244961605,10.8391050451119,0.55039526713254,10.6840829751241,-0.813200094375527,-0.879991077346949,-0.10551105645195,0.408394194029069,1.39359148522752
"RNA380","protein-coding-exon2",1.51760420882234,0.337245379738298,-0.529957025303039,0.394513463090084,-3.39172496193945,3.23637232836577,1.76588529964513,2.2956352164642,0.17113944643436,-0.674490759476595,0.975733909133898,0.342219500383406,-3.21446497083891,-0.400640325931473,-0.658089768364702,0.789869264750959,1.4885739288815,1.15874053551107,0,1.3287260212995,0,0.104201945581617,0,0,2.89535044127226,0,-1.20994988528017,-1.41242371910197,0.667644076870105,1.95227603159615,0.879819448012865
"RNA381","protein-coding-exon2",-0.75880210441117,0.337245379738298,-0.120444778477964,1.19626663001509,-1.61877782274383,3.12987378739578,2.54683541740555,24.4473317382219,45.180813858671,-0.674490759476595,-0.665673886803699,0.411857189414912,0.911473999292696,-0.604592422732889,71.81788995509,0.916070544389416,1.20444778477963,0.700432711764157,0,2.61174732994454,136.340966717458,0.814988150690629,0,0.910958805339025,-0.674490759476595,0,0.768319990083511,-0.644105284668487,-0.446995851465475,-0.722829263905759,-0.25815587915973
"RNA382","protein-coding-exon2",0.168622689869149,1.34898151895319,-0.963558227823707,0.852658129904375,-2.60160721512401,3.06183305288718,5.73912722384666,38.4578064613848,36.2412945390409,0,0.332102204012441,-0.875445233538944,0.92970347927855,-1.0904979679186,-0.662190016142675,0.0680288674314508,1.62446034562587,1.76405275555417,0,1.09362374938749,178.136965385896,0.618402428060231,1.45180753683088,2.14249436570301,6.68618806721703,7.19672832135006,-0.45150029515316,-0.899190068981897,-0.949381256367128,1.28550003570833,-0.198602330496958
"RNA383","protein-coding-exon2",0.843113449345744,0.311303427450736,0.337245379738298,0.598133315007547,1.1177275442755,3.25116379238938,4.06183397759857,37.6649839897193,46.8116721129279,-0.674490759476595,-0.715636165283446,0.000994824129021859,0.826403092692045,-0.625505543555663,-0.680641131143555,0.737108239725999,1.05620805742214,1.55651713725368,0,0.0256223389123553,135.333024627384,0.714951819333304,0,1.84647612886598,-0.225915958928764,2.49235452266721,0.775571712500534,-0.217764989069066,0.906682604392132,0.513199490906097,0.386127982378418
"RNA384","protein-coding-exon2",1.60191555375691,-0.596664902613911,-0.26497851265152,0.967194296607948,-2.15837043032511,3.24771245078387,3.96654168486898,16.3534426245027,33.0399801880923,-0.674490759476595,2.71412730447336,0.578987643090529,-3.28130639745371,0.639915273827908,-0.147608920007036,-0.0595252590025185,2.62507850528895,-0.289685133877768,0,2.59599305399167,283.164531171695,0.722539230399785,0.827863129817128,0,18.5657955123152,0,-0.236929886302823,-0.748211304900883,1.14266615111549,1.52419839222504,1.57942227116726
"RNA385","protein-coding-exon2",0.505868069607446,1.06362004379002,0,-1.71804250055359,-1.05991405060608,3.2654622076122,5.34679098737407,27.2162938034416,51.2512306939604,0,0.167520580785037,-1.16692870334225,-0.437507519660494,-1.16464448719934,-0.664240140031662,1.05657334729471,1.30327426968463,-0.16084010418288,0,1.66839513579978,101.600562679545,-1.33139876570906,0.307816281170173,6.31764120331528,-0.266496525692894,13.2107463323341,-0.478412242789665,-1.0156964234347,-0.185325195756278,1.18253741680845,0.676525245045965
"RNA386","protein-coding-exon2",1.01173613921489,-0.804200520914402,0.337245379738298,0.699943240966278,-1.02137172149313,3.26349001240905,6.08381731395446,20.6133842633023,9.86568573562781,0,4.67588147419287,-0.571029050058356,-4.47229908986283,-0.63423791877069,-0.676540883365582,1.13426540612268,1.9950596640196,2.2137132618719,0,0.278556373716079,267.507830705866,0.681465824067683,4.58598604100737,2.90345391023756,0.33989339579642,5.3888152795972,0.000684884894940994,-0.59066876000596,0.872808462560947,0.925594279767055,2.63889703786859
"RNA387","protein-coding-exon2",-0.927424794280318,0.259419522875614,-1.13218091769286,-0.750848203945644,0.55886377213775,3.14860964182568,6.08381731395446,60.1480093056058,98.8179297764516,0,1.91620032757621,0.405888244640783,0.516501932932528,-2.16663865226294,-0.47767886613388,-0.861956672568944,1.30327426968463,1.06362004379002,0,0.369792675113452,148.570664077033,-1.33139876570906,16.7489020712937,21.4903148657675,-0.674490759476595,0,1.28617354535243,0.401476334965602,-0.887846736081707,-0.464708200426794,-2.06543996819053
"RNA388","protein-coding-exon2",0.252934034803723,0.544780998038789,0.192711645564741,0.190893611172621,-4.79851997456206,3.25510818279567,5.01922373111612,3.3487874549452,6.70463948972257,-0.674490759476595,-0.374717088598108,-1.01074131508587,0.856785559335134,-0.227631780943065,34.0546079199566,1.00613148820492,1.10562129987464,3.00061914792793,0,0.0323741714635841,0,0.634652705898527,0,6.7470929813392,-0.47437780576321,0,0.67984897659584,0.00782592929466897,-0.269067687229474,0.790418858761632,1.81223938082454
"RNA389","protein-coding-exon2",0.337245379738298,0.337245379738298,0.674490759476595,0.725395722455961,-1.25262569617082,3.2654622076122,1.78151919142107,15.0872933040817,14.4260486317905,0,-0.909607364087173,0.290488645674286,-0.498272452946674,0.343316085030426,10.5130353027233,-0.269023248478917,1.17974116355339,1.44410201067425,0,1.7726157305649,0,0.736354335407503,0,4.64985354033727,-0.225953879629251,7.76234086828454,-1.13163128317633,0.160931896839894,-0.466997143932291,1.09005815363499,2.15421523080525
"RNA390","protein-coding-exon2",0.590179414542021,0.57072295032635,0.746757626563373,2.26527085258177,0.192711645564741,-1.06399931209831,-0.541974914899516,32.4465554821899,33.644001763743,14.1643059490085,7.50021968707743,0.0576997994832484,0.844632572677898,NA,NA,-0.106488369189572,-0.11117979551812,NA,0,-0.955817115777793,0,-1.33139876570906,0,1.63376992551427,-0.674490759476595,0,1.22606482398466,-1.17873503809248,-1.16567242873183,2.18208540223364,0.640134335637111
"RNA391","protein-coding-exon2",0.590179414542021,0.57072295032635,0.746757626563373,2.26527085258177,0.192711645564741,-1.05956187289123,-0.209940832419867,30.0799212384124,32.3554224023549,14.1643059490085,7.50021968707743,0.0576997994832484,0.844632572677898,NA,NA,-0.106488369189572,-0.129709761437807,NA,0,-0.894877498905165,0,-1.33139876570906,0,4.52384878975709,-0.674490759476595,0,0.117437615809,-1.17873503809248,-1.16567242873183,2.18208540223364,-0.913758780584273
"RNA392","protein-coding-exon2",1.09604748414947,0.622606854901472,0.0722668670867781,1.4762439264016,-0.269796303790638,3.26349001240905,5.98703607915097,103.599414021361,241.719367549142,1.34898151895319,0.246872434841107,-1.55491011366065,-2.2300730516028,-1.39484615634383,8.53671587374025,0.258200474114822,1.95799973218023,1.95429373899629,0,1.30379617803343,198.698984023423,-1.24509699862381,9.52074752557205,12.5049159944649,11.1821611187195,14.6253597637647,-0.794103892010702,-0.6979544465871,0.714460582260394,1.22927460037942,1.72961266306637
"RNA393","protein-coding-exon2",-0.927424794280318,-0.492897093463666,0.770846582258966,0.369060981600401,1.17554103794492,3.24475415797915,2.92279329106525,1.18331712188876,0.835563179650111,-0.674490759476595,2.88311736403721,1.79466272875483,0.212677266501629,-1.11866184473823,0.13325805278413,0.573413777469072,2.47683877793145,2.19641862701353,0,0.893838755435745,0,0.391713421061164,0.909012376435479,0,-0.674490759476595,0,0.731497355143743,0.243274602074303,-0.763312587885028,-0.660215822768098,1.08234290198249
"RNA394","protein-coding-exon2",0.505868069607446,0.103767809150246,-1.54169316451793,0.152714888938097,-1.09845637971903,3.26102476840512,6.02500410203541,72.2533434625279,45.1103446748451,-0.674490759476595,-0.398228749059166,0.155192564127358,-1.29429307899563,-1.99663268073435,-0.688841626699501,1.15938970375361,2.55713529691676,-0.195429373899629,0,0.321664227697001,188.014797868629,0.376455689347394,6.08423829768341,6.76820299369234,-0.378250184339127,12.9552311772532,-1.04058187949594,-0.789378525645808,0.467860338298877,0.467162262551653,-0.323692356467095
"RNA395","protein-coding-exon2",0.168622689869149,-0.778258568626841,-0.457690158216261,0.152714888938097,-0.211982810121216,3.23489318196341,6.04659376210696,25.8436459420506,34.227889286872,-0.674490759476595,-0.490805912124581,0.627734025412584,-0.376742586374314,-1.86066461620007,-0.670390511698622,-0.0255108252867936,1.41445406520275,NA,0,0.316816758173041,258.772332591884,0.785377586116474,0,4.06876956416654,8.38825870858079,13.374493042652,0.915449380455541,-0.132836643332133,0.0225675025983359,0.316065718208836,-1.48957399560359
"RNA396","protein-coding-exon2",1.09604748414947,0.778258568626841,-0.0963558227823708,1.97256731545042,-1.1177275442755,3.00611853839825,5.96172406389467,12.5786610056776,24.3420694987225,0.674490759476595,1.44449763957624,-1.20970614089018,-0.243059733144719,-1.58739109633282,93.0223213388785,0.889593399962971,1.30945092499119,0.743669298910092,0,0.578406988555263,87.2877850004823,-0.988262068043086,3.99344582537729,3.4908601471054,29.1910403577292,7.56599856868269,-1.26038964342523,-0.616101477923729,0.576334778746471,1.29824548837309,0.98613793160277
"RNA397","protein-coding-exon2",0.75880210441117,0.596664902613911,1.56578212021352,1.51442264863613,-0.674490759476595,3.23538623076419,3.96356380072118,19.1460710321602,8.23482748137097,-0.674490759476595,0.514317572585639,0.27357663548092,-0.273442199787809,-0.450477800694712,13.1535948717381,0.635258202406754,1.39592409928306,1.77270007298336,0,1.21238675272449,229.609208119052,0.451870244050018,5.47917680960584,5.72559398663239,20.4958237360357,6.66351368155426,0.267145396373749,-0.0210888199940587,0.188015942700104,1.14091492502108,1.55032819058103
"RNA398","protein-coding-exon2",-0.252934034803723,-0.985794186927331,-0.0963558227823708,1.31080279671867,0.154169316451793,3.2388375723697,2.20214532729776,0.165664397064427,1.00670262608447,-0.674490759476595,0.752373134753849,0.989850008376419,1.09376879915124,-0.51041126482067,-0.658089768364702,0.194423410897838,1.56887044786681,0.259419522875614,0,0.551919030085058,0,0.578340518613982,0.156188872359567,0,-0.522273004789156,0,-0.537795791915725,-0.629248805033939,0.605059611917883,-0.927820622190814,-1.04450894460938
"RNA399","protein-coding-exon2",0.75880210441117,0.337245379738298,0.867202405041337,-1.87075738949169,-1.21408336705787,3.23538623076419,5.22767562146209,22.2463618915088,77.918783258938,-0.674490759476595,6.80809518225505,1.32212126746961,-0.747408679420011,-1.25773737612831,-0.682691255032542,-0.121176420112271,2.10623945953772,0.83878979063115,0,1.74941712641453,110.336060793527,-1.33139876570906,0.660692141423545,6.50478441715334,0.115933738719571,12.6885140339413,-0.619337381760465,0.509285148267694,0.778150813892517,0.524253721150805,1.99110232703467
"RNA400","protein-coding-exon2",2.44502900310266,0.752316616339279,0.313156424042705,1.32352903746351,-2.21618392399453,3.23982366997128,2.91385963862185,25.7371474010806,0.755026969563353,-0.674490759476595,0.962508600124553,-1.01770508398902,-1.87763643854295,-0.408992462586086,-0.651939396697742,-0.921288667743533,1.21680109539276,-0.0864731742918711,0,0.835842245059806,107.984195916686,-0.712293975057127,2.54066818996221,2.4045270941028,27.217809621668,0,-0.53110809235336,-1.28006544476222,1.8664869771956,2.20499506479165,1.20017296468543
"RNA401","protein-coding-exon2",0.505868069607446,0.466955141176104,-1.08400300630167,-0.127262407448414,-1.44533734173556,3.23637232836577,4.89415259690854,5.91658560944382,5.29525581320431,-0.674490759476595,0.0102863514517128,-0.309390304125695,-0.844632572677899,-0.249200485490692,-0.637588529474836,1.21099114581099,1.22297775069932,3.32056989280785,0,1.11491799051059,108.320176613378,-0.525991409292042,4.63158067446432,0,17.8748261770109,0,0.733592297175327,-0.946360797233315,-0.34710635575403,1.26023273481154,0.927339416997048
"RNA402","protein-coding-exon2",1.09604748414947,0.985794186927332,-0.385423291129483,1.17081414852541,-1.44533734173556,3.26398306120984,2.71210798760843,94.7482019496333,3.30198461355706,0.674490759476595,-0.451129985096546,-0.335255731480254,-1.17276321242327,0.313224792059725,7.0134738242232,0.829874877132523,2.18653597852303,0.596664902613911,0,0.772998265159907,0,0.676571789954867,0,0,3.38032911428771,0,-0.450291674750323,-1.46451310448729,-0.0403029046403298,1.95227603159615,2.8235021766757
"RNA403","protein-coding-exon2",-1.18035882908404,0.985794186927332,-1.44533734173556,-0.534502111283339,-0.115626987338845,-0.837689912537087,1.97954848724974,42.5994163879955,28.1876735303652,10.1173613921489,-0.301243149657303,1.17190282398736,0.893244519306842,-2.18528345339772,3.55081457572481,0.985452258616379,NA,NA,0,0.0927944166015028,0,-1.33139876570906,0,0,-0.674490759476595,0,-0.449647077202143,0.313037171786787,-1.32816390291996,-0.390330300623042,0.652672240541445
"RNA404","protein-coding-exon2",1.26467017401862,0.752316616339279,1.03582509491049,1.043551741077,-3.75787708851246,3.25855952440118,5.8009183199135,458.133056910454,151.840957092321,0.674490759476595,4.49513558439849,1.60664096836977,0.413201546346022,0.73682366003551,-0.416175149464282,1.18721969497557,1.64299031154555,0.302656110021549,0,1.19143875942452,0,-0.072319658493333,0.686623776670426,14.2414159419268,29.2341074389967,20.0283861931373,0.317665729212337,-1.30223463463302,0.73137089189969,1.35935829986821,1.89184292274589
"RNA405","protein-coding-exon2",1.68622689869149,1.1414459006527,0.698579715172188,1.55260137087065,-3.23755564548766,3.26201086600669,5.95353488248823,18.0929187936792,21.6139053820336,-0.674490759476595,0.279200967975061,-0.548148095090861,-2.41236785146134,-1.13659861545018,-0.62323766225193,0.83528626431457,1.69240355399805,2.63743181590207,0,0.480418854606661,321.533526733878,-1.26963610258222,3.92528889907566,4.96387168847083,27.0519065570369,23.5123143563937,0.425474669145402,-0.680478045153063,1.88564530331323,0.95165219225002,-0.0790791967566293
"RNA406","protein-coding-exon2",0.674490759476595,1.08956199607758,0.337245379738298,-1.84530490800201,-1.69586248096972,3.22108781554137,5.60363349512178,71.3895219635491,55.2780411982983,-0.674490759476595,-0.905198927750725,1.08236865237542,-0.704873226119685,-1.20772944959661,16.5075975541202,1.00110662867873,1.98270635340647,1.55651713725368,0,0.614936133896526,198.497395605408,-1.33139876570906,3.6397498817847,8.36660156263016,-0.486776520511762,0,0.997232694380848,-0.104980145930416,0.447728631549844,0.773416070866493,0.59189727343629
"RNA407","protein-coding-exon2",0.337245379738298,0.518839045751227,-0.650401803781003,1.55260137087065,-2.60160721512401,3.2654622076122,5.17184029369085,24.222501485063,9.82541763058443,-0.674490759476595,59.9371004303516,-0.271586987222876,-1.80471851859954,0.366248403725744,-0.584285308361184,-0.920129084775951,2.68066840304801,NA,0,1.1027993167007,0,-0.355140820544334,3.078622858453,11.7773994364217,3.36074578110758,0,-0.187537599173549,-0.405752450981167,-0.433287100448899,1.09131089173741,0.516626366164934
"RNA408","protein-coding-exon2",0.927424794280318,1.68622689869149,0.602223892389817,1.46351768565676,-0.847931240484862,3.23834452356892,6.06297212491986,25.0271571279473,41.9694324814616,-0.674490759476595,8.40688809360697,0.574013522445421,-1.0147743858792,-1.51847613517639,-0.678591007254568,0.33144746490039,2.01358962993929,2.94008792592362,0,1.03008727384131,224.233516971986,0.33209906361531,6.93517477227978,17.2276501067125,7.6554682578821,9.86708463347621,0.480910058288861,-0.549815664130772,-0.168732256269319,1.77159477677061,1.79017910428419
"RNA409","protein-coding-exon2",-0.674490759476595,1.78999470784173,-2.98703050625349,0.878110611394058,-1.88857412653447,3.2654622076122,5.88802143123664,36.0911722176073,82.6301515490133,-0.674490759476595,-0.329163246454809,-0.523277491865323,0.747408679420011,-1.14531787899071,-0.684741378921528,0.178769040835488,1.32798089091088,1.53922250239531,0.88457958407808,-0.0844844688461443,116.316517194638,0.840280310527289,0,4.91191312625913,-0.674490759476595,3.4547151351245,-0.93954121381876,-0.780678487259333,-0.557912109690512,-0.449660506317739,1.50948981118559
"RNA410","protein-coding-exon2",0.843113449345744,0.907968330064647,-1.90302749995182,1.13263542629089,-2.02347227842979,3.21812952273665,5.60661137926958,37.9963127838482,52.5700111341311,-0.674490759476595,11.1063206102922,-1.05451357676282,0.127606359900977,-1.57762289883253,31.9839827920801,0.0639703270449156,2.60654853936926,2.63743181590207,0,1.35105900589203,114.166240735812,-0.969860878794123,2.69190355893261,9.47791211116511,7.18862380556387,0,-1.09625899271996,-1.37815438661162,-0.0260329766815577,1.54659547830861,-0.317662771218167
"RNA411","protein-coding-exon2",0.337245379738298,0.207535618300491,0.313156424042705,0.903563092883741,-0.346880962016535,3.25116379238938,2.41655298593932,2.24830253158865,4.42949155477167,-0.674490759476595,-0.367369694704028,1.50715855546761,-0.212677266501629,0.580348936587867,-0.61708729058497,0.416483549189703,1.61210703501274,0.406423919171795,0,0.578926360289973,0,0.651691809177079,1.36354856770221,2.27050268743019,14.8155736652136,9.69169664127117,-0.431759495240155,-0.366984886251723,-0.615501028810472,1.28699560803555,0.0111365540681336
"RNA412","protein-coding-exon2",-0.421556724672872,-1.01173613921489,1.75849376577827,1.13263542629089,0.289067468347112,3.24228891397521,3.36054226079178,57.9825389725494,102.552796519225,-0.674490759476595,-0.192501720024911,0.938119153667299,0.820326599363427,-1.78464312746625,-0.641688777252809,0.997434615948054,1.36504082275025,1.29709761437807,0,1.42654103133654,0,0.804569969650858,0,6.35862578200599,-0.674490759476595,12.7709914178774,-0.660108176682834,0.150257842457658,-1.06456662257033,0.440917107583776,-0.221905127505932
"RNA413","protein-coding-exon2",1.01173613921489,-0.830142473201963,-1.61396003160471,0.674490759476595,0.115626987338845,3.26349001240905,2.10164173730952,0.130164883407764,-0.302010787825341,1.34898151895319,3.25783445263532,-1.91503644836644,-1.57988826544067,1.78464312746625,-0.528931963358546,1.15629748250673,1.26003768253869,-0.957690405282473,0,1.92236791407292,189.224328376719,0.0782417714081642,0.397222366872108,0,2.23936295216727,0,-0.281326542433704,-0.1753008162006,1.49609267225466,0.289781215182527,1.12141319338818
"RNA414","protein-coding-exon2",1.18035882908404,-3.91723479542176,-0.505868069607446,1.2598978337393,-0.327609797460061,3.24475415797915,6.08381731395446,14.8387967084851,0.0906032363476024,-0.674490759476595,0.484927997009317,-0.993829304892505,-0.151912333215449,0.430010476804837,2.17723157010378,-0.0386527655860514,1.42680737581587,1.96294105642548,0,0.0915825492205132,217.782687595507,0.739159048083967,0.503742191721123,0,-0.287176850565684,0,-1.18045954745094,-0.544632067619631,2.10366383464517,-0.0632925502590167,0.32651348789626
"RNA415","protein-coding-exon2",2.36071765816808,-1.08956199607758,0.9876471835193,1.36170775969803,-2.37035324044632,3.17917866747448,1.14201857068112,3.37245379738298,2.15434361982077,-0.674490759476595,1.19321676839868,-0.672501111218552,0,1.04471200057494,23.3099086177778,0.162534879289346,0.574428943510287,1.05497272636083,0,0.667046431279087,0,-1.26073421933316,2.43130707637332,0,31.8037766212908,0,-1.17586678992016,-1.40899678585294,3.04200153445551,0.902279305440175,0.371781517605196
"RNA416","protein-coding-exon2",0.674490759476595,1.68622689869149,-2.52934034803723,1.42533896342224,0.55886377213775,3.05739561368009,5.68180295400152,60.1953419904814,6.16102007163696,0,0.936057982105863,-0.529246436639452,0.735255692762775,-0.910540235446758,1.5929462617426,0.23384923179561,2.28536246342802,1.79864202527092,0,0.70253683315093,150.452155978506,0.482816837297758,0.452519986374232,0,13.411153436459,0,-0.344335952768275,-0.872926513325437,1.33470658224468,-0.120444778477973,2.76277876564979
"RNA417","protein-coding-exon2",0,1.53057518496612,-0.144533734173556,0.80175316692501,-0.173440481008267,2.35430802375785,2.08451890345968,115.503584267562,200.484827984722,-0.674490759476595,5.35918910634236,-0.683444176637789,0.188371293187157,0.847538639488494,-0.0225513627788527,0.984872467132588,1.09944464456808,1.92835178670873,0,0.636230375019632,0,-0.450562641518423,5.83652312415956,13.1042147421088,20.2031571869192,7.01554165288426,0.252722526233227,0.948243727589916,0.442836084821122,-0.37612579945751,1.563927589442
"RNA418","protein-coding-exon2",1.43329286388776,0.363187332025859,0.602223892389817,0.954468055863106,-2.19691275943805,3.26349001240905,5.78528442813755,11.2415126579433,34.0768838929593,-0.674490759476595,0.658326492909618,-1.22064920630941,-1.64672969205547,-0.123839765624517,-0.645789025030783,0.494175608017667,0.586782254123412,2.87955670391931,0,0.193898780958364,268.717361213956,0.508438266612483,0.959598517143664,2.23528173297737,2.51890623029383,0,-0.0167192489059125,-0.917574557941417,1.13458783063232,1.2268237480702,-0.774051771750408
"RNA419","protein-coding-exon2",0.252934034803723,0.726374664051718,-2.21618392399453,-0.496323389048816,-0.867202405041337,3.2654622076122,5.10930472658706,113.136950023785,136.287401519316,2.02347227842979,-0.0352674906915867,-0.377038344899158,-0.0850709066006518,-1.6945659236716,39.040509217972,1.92799994743224,1.4885739288815,-0.727239395794637,0,2.94137525757376,0,0.848739456614834,0,3.33646162418458,-0.674490759476595,6.20267267160386,-0.467937532631744,-0.600266698876644,0.702713725946074,-0.231695299056847,2.20561775192288
"RNA420","protein-coding-exon2",1.43329286388776,0.38912928431342,-2.93885259486231,-2.23981837109209,-2.19691275943805,1.83808592933388,1.49564231323232,14.4364688870429,38.2546997912099,-0.674490759476595,1.82068420695316,-1.80759544243211,-1.53127631881173,-1.0524347768537,-0.664240140031662,-0.471370476321895,0.654725462495596,-0.937628628846759,0,0.75707086529547,0,-1.33139876570906,9.73773957692443,6.22057811852613,20.9496532622225,6.01913578207784,0.928180182032092,-0.898294720493611,1.73083607590554,0.674490759476595,0.661977368836035
"RNA421","protein-coding-exon2",0.0843113449345744,1.84187861241686,-0.915380316432522,-0.305429777876194,-1.44533734173556,3.13628342180601,6.01979280477677,23.4415121846164,9.78514952554105,0,-0.509909136249191,-0.0845600509668298,0.018229479985854,-0.781993378677804,0.0656039644475716,0.717781856932973,1.16738785294026,2.03211959585897,0,0.934522874654687,175.247531394348,0.663062265973554,0,9.32041960170093,-0.555479349619276,0,-0.85993341661856,0.046297934650817,-0.402567210215666,0.62253418836845,2.50159462662597
"RNA422","protein-coding-exon2",0.674490759476595,1.89376251699198,-0.433601202520668,0.343608500110718,-0.23125397467769,3.19495622909966,4.32835460882663,91.7662428024736,84.8952324577034,-0.674490759476595,-0.104332993295944,-0.478510406059354,0.218753759830247,0.07404162588477,3.00548162125437,1.14856692938952,0.790611879239965,1.22791907494457,0,1.55673021283715,113.897456178458,0.797221811946136,0.462962047526328,8.93420843422226,2.19991188055336,7.09171517285509,-0.125172786387157,-0.915857325456188,-0.192254115542029,1.4490433349195,1.09453732249764
"RNA423","protein-coding-exon2",2.02347227842979,0.129709761437807,0.144533734173556,1.39988648193256,-0.327609797460061,1.28932261405796,0.976001529441298,7.8453925181225,6.72477354224426,-0.674490759476595,2.49223600887213,0.0984875887731314,-3.63374301051355,2.08330084915977,8.28045038761692,0.792768222169913,0.938851606597458,1.02038345664408,0.535170398621053,1.50617803065872,0,-1.09209802704657,5.56988602773582,8.4107016138819,24.0989674376766,11.5365542795035,1.06821899937414,-1.58171422160426,1.9931618294854,1.31750528351095,1.2576141929522
"RNA424","protein-coding-exon2",1.68622689869149,-0.181593666012929,0.505868069607446,0.407239703834925,-1.05991405060608,0.283996109253303,0.730326087247836,-0.591658560944382,0.624155628172372,-0.674490759476595,2.81992977654812,0.0437722616769468,-2.80126342449289,1.66497287433179,11.4437915483233,0.448758608454056,-0.0679432083721846,1.16738785294026,0.637107872249062,0.234582900177307,68.3384737070751,-0.51828792481243,1.40917320420816,1.29438216202602,10.0343150580822,0,-0.480668334208294,-0.73340137390047,1.33470658224468,1.49886835439243,1.0681473194701
"RNA425","protein-coding-exon2",1.34898151895319,0.622606854901472,0.168622689869149,2.08710348215399,-3.70006359484304,2.76452462601262,5.60884479238043,2057.38614714312,8408.64475679071,15.5132874679617,8.80364736388733,-0.531236084897495,-0.875015039320989,2.900997317493,-0.526881839469559,0.360630302917859,1.21680109539276,1.72946348583742,0,-0.240815360993825,355.601969378408,-1.31626696180431,8.6368577021622,17.2244272040632,15.3661009776424,13.3092359700357,1.09472807354304,-0.743135685953372,1.07573820525193,1.18253741680845,-1.94928563232787
"RNA426","protein-coding-exon2",0.927424794280318,1.45274932810344,-1.54169316451793,0.80175316692501,-4.08548688597252,3.22453915714688,5.24405398427499,43.7827335098842,106.327931367042,-0.674490759476595,3.80007212201846,-0.401908948124697,0.133682853229595,-1.39901566883388,-0.682691255032542,0.829874877132523,1.85917324727523,1.21927175751538,0,0.209479932999661,236.194429774207,0.658281936428703,6.75403636447712,16.8366045852598,-0.0907110556527186,11.6365375156359,-0.114295202761623,-1.03707373617834,0.804980475035468,0.805421318669113,1.73084205775358
"RNA427","protein-coding-exon2",0.843113449345744,0.492897093463666,0.554045980998632,1.87075738949169,-2.65942070879343,3.12395720178634,5.01252349178357,42.5047510182444,218.68601146433,0,3.44592773632378,0.0905289957409591,-0.820326599363427,-1.20852926174093,-0.684741378921528,1.38067678673375,1.30945092499119,2.78443621219825,0,1.61334173192053,349.352728419944,-1.0799482201905,7.86613937956369,16.3564995205972,1.18730728958178,14.8576802138026,-0.942119604011479,-0.441666991466448,0.263689803087551,1.189726756299,2.3994476020624
"RNA428","protein-coding-exon2",2.61365169297181,0.882026377777086,-1.6380489873003,2.29072333407146,-0.346880962016535,2.94103609669436,3.2414268948798,7.64422860740141,21.523302145686,-0.674490759476595,11.107790089071,-0.76203528283049,-2.35160291817516,0.514646335683213,-0.668340387809635,-0.0573993568952857,0.562075632897163,1.41816005838669,0,0.906476800980352,0,-1.31877976169097,5.9139109885355,9.47640808992876,37.5310212745023,13.0887325193474,-0.542871997607641,-2.25604528675553,0.710212581771295,3.66733985406237,1.91601560939442
"RNA429","protein-coding-exon2",-0.0843113449345744,1.34898151895319,0.481779113911854,0.318156018621035,-0.346880962016535,3.1555123250367,3.05158678045758,6.36624611576155,15.4830863891792,-0.674490759476595,-0.361491779588763,0.267607690706791,-0.249136226473337,-0.570606962436568,31.6600632176202,0.228631108441494,1.33415754621744,0.069178539433497,0,2.23243283969474,186.267698245833,0.448397517036761,5.08900715945096,2.46870045735548,4.04299335529989,0,0.71183712992426,-0.240412547932256,0.0902405103899688,-0.113247831220765,2.43521793728557
"RNA430","protein-coding-exon2",0.843113449345744,-0.0778258568626838,0.746757626563373,-0.152714888938097,-0.713033088589544,-0.95651467352675,-1.17775318045472,5.32492704849944,1.51005393912671,17538.1087279104,-0.771476358878459,0.546158446832819,-0.662337772819359,0.0208868974737806,44.0325608876544,0.538819552269556,-0.78814121711734,-0.78517642257019,0,-0.793946258459873,0,0.472753983032877,0,0,-0.517275598189248,0,-1.22002172197048,-0.223334060920673,1.08865893681963,0.421096006940989,2.55771274640302
"RNA431","protein-coding-exon2",-0.0843113449345744,1.16738785294026,-0.0963558227823708,0.699943240966278,-2.46670906322869,3.24968464598702,6.08381731395446,205.388352846233,1213.43907737718,7.41939835424255,2.60538587484097,-0.58595141199368,-0.589419852875944,-1.22271609354672,0.721643608923287,1.15726380164638,2.79184819856613,0.683138076905782,0,1.42411729657456,304.129726645252,0.614839684930669,5.67642685471913,20.7371225166178,2.88719749066753,8.06617832553843,-0.123561292516708,-0.414486769500541,0.020562706449143,-0.0510456442120925,1.05562924070963
"RNA432","protein-coding-exon2",-0.337245379738298,-0.38912928431342,-0.385423291129483,-1.18354038927025,0.211982810121215,3.19840757070517,6.08381731395446,62.7158074601045,68.5363147838308,0.674490759476595,-0.226299731937681,0.613806487606282,0.352436613059843,-2.18808935174009,-0.61708729058497,1.18277462693317,2.6003718840627,2.15318203986759,0,1.31937733007473,92.1259070328416,-1.33139876570906,0.335561100678021,11.7784737373048,8.52064258260274,10.3308908756054,0.973221435711152,-0.220378168937898,-0.311431535857093,-0.105497272636094,0.207807440207414
"RNA433","protein-coding-exon2",1.85484958856064,1.21927175751538,-1.44533734173556,1.88348363023653,-0.847931240484862,2.9814660983589,5.34976887152187,71.4368546484246,-0.755026969563353,0.674490759476595,4.73613010412433,-0.384002113802309,-0.121529866572359,-0.884211993056707,-0.598636175584091,1.22297350314266,2.08153283831147,NA,0,-0.167237698576589,0,-1.21661897892349,1.43370569727022,0,25.1805199879982,0,0.474866956274676,-1.41085476171085,1.71386667323199,1.38961349241563,2.17307762885549
"RNA434","protein-coding-exon2",0,0.700432711764157,0.602223892389817,1.1071829448012,0.0770846582258967,3.2654622076122,3.97994216353408,15.1701255026139,67.6202153940939,1.34898151895319,1.12855970213077,-1.51213267611272,-0.522578426261146,-0.398555569686444,-0.0553533450026385,0.967671986446795,1.27856764845838,1.16738785294026,0.713560531494737,1.70024993552866,204.276263588504,-0.587046024598784,6.13016296467932,8.37986917853659,25.1810617122909,0,-0.0092258024083228,-0.560390201013508,-0.388896859061887,0.462507949355374,1.04973732364288
"RNA435","protein-coding-exon2",0.843113449345744,-0.0518839045751228,-0.0963558227823708,1.14536166703573,-2.44743789867222,3.22059476674058,6.01979280477677,0,-0.734892917041663,-0.674490759476595,-0.405576142953247,-0.487463823220548,-0.516501932932528,0.324618837197651,-0.551483326137399,0.615352028129938,1.11797461048776,1.54786981982449,0,0.578233864643693,191.97937008959,0.317779394587248,0,0,18.9160202675283,0,1.30011296733181,-0.45556435713249,0.513742559150443,0.986320545379534,0.586781267789509
"RNA436","protein-coding-exon2",1.18035882908404,-0.466955141176104,-0.843113449345744,1.57805385236034,-0.346880962016535,2.03924984005497,1.10330607675973,1.96430642233535,3.02010787825341,-0.674490759476595,0.743556262080952,-0.804812720378415,-0.741332186091393,0.128363293325996,12.6472142711584,-0.599697658067586,0.759728602707154,-0.0691785394334968,0,1.11093614054448,0,-1.28247453272802,2.54274840135924,0,48.770310605661,0,0.68637552677116,-1.08793246588193,0.977540645337359,1.09005815363499,2.52865796666964
"RNA437","protein-coding-exon2",-0.421556724672872,-0.285361475163175,1.49351525312675,0.661764518731754,-0.674490759476595,3.2654622076122,2.85653536877671,40.0079518910591,60.3014873024598,0,0.89197361874138,-0.632708146057691,0.704873226119685,-0.801267540188449,-0.512530972246653,0.79837287317989,1.33415754621744,-0.0691785394334968,0,0.493056900151269,166.512033280366,0.475468679593036,0.495013304666675,3.62475026616762,9.55231586867641,0,1.05097601496034,-0.468303608993029,-0.311431535857093,-0.201410435121494,-0.41504225787616
"RNA438","protein-coding-exon2",-0.590179414542021,0.752316616339279,-0.36133433543389,1.46351768565676,-0.539592607581276,3.23341403556105,4.8204499642505,60.5148376133914,16.9629392495233,-0.674490759476595,1.14178501114012,0.145244322837143,0.486119466289438,-0.436802324194302,-0.676540883365582,0.969991152381958,2.00123631932616,1.40086542352831,0,1.90609426638535,119.609128022216,0.764427519468968,0,5.09200355479957,-0.405941775869837,0,1.10117404902483,0.00910653590652731,-0.178711226869863,-0.657196124618226,1.04914656141015
"RNA439","protein-coding-exon2",1.01173613921489,0.155651713725368,1.54169316451793,0.26725105564167,-4.06621572141604,3.23440013316262,5.21650855590784,12.424829779832,53.8585904955192,0,2.29385637373195,0.531236084897495,-0.267365706459191,-1.37881057843395,3.41140615127372,-0.0365268634788185,1.91476314503429,-0.856084425489525,0,0.184550089733586,216.84194164477,0.567908124503216,0.492826082394897,6.51418454988057,8.96366470915068,10.3944347029628,-0.0812595784174109,-0.593876234475502,0.205003952174836,1.49886835439243,2.1266718734701
"RNA440","protein-coding-exon2",1.43329286388776,0.907968330064647,-0.0481779113911854,1.13263542629089,-2.37035324044632,3.24376806037757,5.35572463981747,60.869832749958,84.2811438557919,-0.674490759476595,-0.429087803414305,-0.444686385672623,-2.76480446452118,0.69044766733949,-0.338270441682791,0.744065737531489,0.549722322284038,2.24830253158865,0,1.21255987663606,298.21646638348,0.736077180523089,0.876866109639979,3.81318264106542,1.70175576411864,6.92757309824667,-0.0453232651063893,-0.723701765277335,1.03696219158456,1.40188275499057,1.84386516722916
"RNA441","protein-coding-exon2",1.77053824362606,-1.40086542352831,1.03582509491049,1.80712618576748,-1.73440481008267,3.19051878989258,5.70041472992526,18.0574192800225,92.0730221816857,-0.674490759476595,0.433496239750753,0.993829304892505,-2.68581005124914,-0.456456724265361,-0.594535927806117,-0.0699615057107531,0.870908398225274,-0.184187861241685,0,1.60676302328087,333.830420232791,-0.0998527458569653,6.03651344774778,16.5489605238067,3.42464216142836,16.4488896949925,-1.03324958238539,-0.974399341998132,1.55477852316739,1.46942629743115,-0.180667369182994
"RNA442","protein-coding-exon2",1.18035882908404,0.38912928431342,-1.90302749995182,2.04892475991947,-0.520321443024802,1.02849979844165,5.94236781693398,26.1631415649606,65.0933918026219,3.37245379738298,1.04039097540181,-1.50616373133859,-1.44620541221108,-0.260856764118558,0.0779047077814912,0.694203669925482,1.27856764845838,-0.112415126579432,0,-0.103008727384131,183.243871975608,0.743489297047291,1.45056741080573,9.45981014128468,1.91981333502682,2.14654694950783,0.256831835602873,-1.52152986416582,1.15412863288217,0.861646753998019,1.93313244157837
"RNA443","protein-coding-exon2",1.77053824362606,-0.778258568626841,-0.144533734173556,1.31080279671867,0.423965620242431,3.17671342347054,2.39124097068303,6.42541197185599,123.904959218477,-0.674490759476595,1.97057104239241,-0.250695680513425,-4.43584012989112,3.43258393662639,4.17815248575471,-0.564716905212209,1.17974116355339,2.0148249610006,0,1.21204050490135,254.404583534893,0.288130928490438,1.26227827632579,0,10.9224991221341,0,0.420720762227576,-1.58514689030644,2.02549306793593,1.00562150889885,1.78378489944788
"RNA444","protein-coding-exon2",0.927424794280318,0.415071236600982,-1.58987107590912,0.674490759476595,-0.905744734154285,3.20826854672091,5.52769744935289,-0.20116391072109,2.89930356312328,0,1.55176959042981,-1.26044217147027,-1.79864202527092,-0.699062037484043,13.1330936328482,0.389619877107397,1.79123003890305,2.51636937189345,0,1.02558605214049,435.901355887705,0.135371210274956,0,0,14.9087502435533,0,-1.16611725200395,-0.899931379020583,0.475716103159313,1.1332170018088,0.474884740703362
"RNA445","protein-coding-exon2",1.93916093349521,-0.466955141176104,-2.19209496829893,0.750848203945644,-1.1177275442755,3.19199793629494,5.10037107414366,38.0791449823804,76.0060482693775,-0.674490759476595,0.261567222629268,-1.56883765146695,-1.45835839886831,1.38134113161188,20.3925823237498,0.787743362643726,0.920321640677772,NA,0,1.33288099517718,161.94269580536,0.461096895971324,4.91685966533065,5.17015357254154,1.81767121964333,18.4653573999873,0.5911362390276,-2.46215188189761,2.3502580754782,0.945932162680584,0.376673030891821
"RNA446","protein-coding-exon2",1.85484958856064,0.0259419522875614,0.216800601260334,0.941741815118265,-2.98703050625349,3.16438720345087,1.84926605578351,101.362944660991,113.918469167719,-0.674490759476595,-0.443782591202466,-0.595899653283895,-3.28738289078232,0.518750289800786,-0.205012388898661,-0.0614578972818219,1.43298403112244,-0.151328055010775,0,0.801390586657382,151.12411737189,0.626158027133494,0.137832006882437,8.92319685017036,1.41592848419708,10.4741006074998,0.730852757595563,-0.6979544465871,1.22740664131914,1.89100472386591,0.836284701395927
"RNA447","protein-coding-exon2",-0.421556724672872,0.778258568626841,-0.168622689869149,1.18354038927025,-0.905744734154285,3.13973476341152,3.73501119237757,42.7414144426221,47.9391790541425,-0.674490759476595,-0.395289791501534,-0.196975177546263,1.13630425245156,-0.319229938979368,-0.674490759476595,0.197708895972653,0.790611879239965,0.691785394334969,0,1.37806633609695,179.816868869354,0.503743215493605,6.97495881524792,21.7992837997504,-0.64575716126893,14.8877937939295,0.720055748663552,-1.03707373617834,-0.949381256367128,0.325342601629886,2.19411460227946
"RNA448","protein-coding-exon2",1.85484958856064,0.0778258568626841,-0.26497851265152,1.67986377831907,-1.75367597463915,3.21073379072484,5.25745446294008,73.9809864604855,165.038828520288,-0.674490759476595,5.40180399092803,-1.23955086476082,-2.98355822435143,0.596554966266205,-0.428475892798202,0.309222124688411,2.05064956177866,1.53057518496612,0,1.60814801457343,289.615360548175,0.302848563506376,1.51458391634597,2.43531655741278,1.4435564231234,22.1551166058177,-0.685569779835935,-1.488761611477,2.04146635573666,1.10799966714785,-0.70039936170591
"RNA449","protein-coding-exon2",1.01173613921489,1.55651713725368,-1.18035882908404,1.19626663001509,-1.38752384806614,3.12642244579027,5.07654800096126,28.1984470146092,91.7710113938603,-0.674490759476595,0.411454058068511,0.337245379738298,-1.23960463903807,0.104670497509849,3.03418335570018,0.733436226995323,2.16182935729678,0.596664902613911,0,2.6448139970544,279.737528065441,0.568173435161801,3.1718823357476,5.85843129082916,1.84168314891606,12.1353774268405,-0.493399135784844,-0.336798418527134,0.499819486681249,1.24895861105181,1.93126682443625
"RNA450","protein-coding-exon2",0.590179414542021,0.155651713725368,0.554045980998632,-0.0509049629793657,1.21408336705787,-1.05808272648887,-1.27974571251685,7.98739057274915,2.63756088034131,76.2174558208553,0.130783611314634,-1.36589352914656,0.893244519306842,0.521202172931732,1.1337185106096,-0.395224528117374,-1.03588686146355,-0.912032569256365,0,NA,0,0.234711101153497,0,0,-0.674490759476595,0,1.3022079093634,-1.62347553919767,-1.46450732379046,2.59330067867726,2.40064237061207
"RNA451","protein-coding-exon2",0.168622689869149,0.674490759476595,-1.42124838603997,0.0254524814896829,-0.366152126573009,-0.96144516153462,0.342456676996947,14.744131338734,37.3083993226905,2.02347227842979,-0.640692747563825,0.598884125670959,-0.796020626048955,0.116982359862567,-0.647839148919769,-0.784844405224772,NA,-0.78517642257019,0,-0.776980115126016,0,0.802165591807437,0,9.90688045379164,-0.674490759476595,9.42627541424479,0.763968956633298,-0.388746559294418,0.299056772842898,0.117626423838081,-0.413057717326577
"RNA452","protein-coding-exon2",0.337245379738298,0.907968330064647,-1.56578212021352,-0.687217000221437,-0.327609797460061,-0.835224668533152,0.134004786650979,27.4529572278193,31.4695240914005,1.34898151895319,-0.720044601619895,-0.291483469803308,-0.808173612706191,-0.473475677762515,-0.641688777252809,0.462866867892965,NA,-0.741939835424255,0,-0.48526632413062,0,0.746594853059829,0,17.6741832687779,2.25142986078656,12.6040598285526,0.43683570093207,-0.383238282053292,0.38825525437971,0.211775593298025,2.24852897829867
"RNA453","protein-coding-exon2",0.927424794280318,1.21927175751538,0.313156424042705,1.53987513012581,-2.38962440500279,3.11113793296587,5.69669237474052,105.114059937379,351.419752713567,-0.674490759476595,-0.65391805657317,-0.728211262443758,-0.461813492974966,-0.324238598637236,7.01962419589016,-0.769769826646212,1.80976000482273,1.08956199607758,0,1.18849565292783,272.14436432021,0.563447589055765,0.376173227798441,22.140589190315,1.00447534080466,12.041851807453,-0.17029461475974,-1.0090486005693,0.0632990926538774,1.6094555927348,1.65471562356533
"RNA454","protein-coding-exon2",1.43329286388776,0.830142473201963,-1.37307047464878,-0.165441129682938,-3.46880962016535,3.10374220095407,2.64063876806124,49.4389893525125,114.975506925107,-0.674490759476595,-0.696532941158837,-1.96776212720458,-1.99916630511531,-0.654338115774648,-0.600686299473077,-0.113059339339199,0.926498295984334,0.190240983442117,0,2.62957909283624,166.579229419704,0.667574916014656,0.4391536280467,8.64441577100286,6.13249166767602,11.967062062499,0.00559994119981166,-1.488761611477,0.436509515775351,2.03044976904506,0.690578654652969
"RNA455","protein-coding-exon2",1.01173613921489,-0.233477570588052,0.505868069607446,0.992646778097631,-0.115626987338845,1.4204735950673,1.25890052348225,-0.378661479004404,2.53689061773287,-0.674490759476595,-0.836133425146368,-0.0487463823220552,-3.15370003755273,0.678752053688133,1.30387879339548,-0.149972730473879,0.765905258013716,0.596664902613911,0,0.788579417201204,243.31722054407,0.562943025035421,0,0,1.58826452480366,0,-1.20527655305587,0.0318728756728393,0.263689803087551,1.43017022148278,1.49273895661559
"RNA456","protein-coding-exon2",1.77053824362606,0.57072295032635,-1.03582509491049,1.64168505608454,-0.55886377213775,3.22996269395554,3.01808558379483,49.5099883798259,14.5569199731814,-0.674490759476595,1.17264406549526,-1.62952192333726,-1.76218306529921,-0.0107122380640793,-0.221413380010554,0.00637770632169841,1.74181679645055,1.33168688409482,0,0.92032671390595,176.255473484423,-1.25168712587543,2.71365576945441,0,13.1714404369512,0,-0.113892329294011,-0.778541860185012,0.76510861750358,2.26566074966342,0.598061706935815
"RNA457","protein-coding-exon2",1.34898151895319,-0.337245379738298,0.0240889556955927,0.839931889159534,0.0770846582258967,3.25560123159646,5.31180084863743,30.9319095661723,171.713266931228,-0.674490759476595,1.24317904687843,0.428769199608278,0.279518693116427,-0.728432188357407,-0.678591007254568,0.823690434638753,0.741198636787467,1.50463323267856,0,-0.0399916235726625,0,-1.21524220611305,7.05240668572185,7.81978241312628,31.7940255840227,16.7964149063474,0.553346707765562,-0.338080145529728,1.30780890057635,0.932108757887797,-0.459518100045194
"RNA458","protein-coding-exon2",2.02347227842979,1.32303956666563,-0.770846582258966,1.13263542629089,-2.79431886068875,3.10423524975486,3.03074159142298,2.52046546962307,6.04021575650682,0,3.29016298576927,-1.1460373966328,-3.49398366395534,1.33379819988562,0.112756813894264,0.265544499576173,2.06917952769835,2.51636937189345,0,2.02451102189921,373.744926999756,-0.953058660032164,0.996439261005339,1.29241081990551,18.3951523601232,0,-1.22952953580613,-0.835217016183545,2.4120677777167,0.947426584820353,1.1263961296673
"RNA459","protein-coding-exon2",0.674490759476595,1.27115566209051,-1.03582509491049,1.23444535224962,-4.14330037964194,3.1175475673761,1.55222211204051,30.4230832037601,10.6408467577129,-0.674490759476595,0.271853574080981,-0.328291962577104,0.723102706105539,0.496421108132331,-0.0594535927806117,-0.425180421446564,0.80296518985309,-0.460037287232755,0,0.777326362949156,0,0.424187919440932,0,1.82679493668738,-0.674490759476595,0,-1.02640073343598,-1.49983398909788,-0.237149719085371,1.43675771367959,2.0362296198348
"RNA460","protein-coding-exon2",2.10778362336436,-0.596664902613911,-3.10747528473146,1.39988648193256,0.481779113911854,3.24228891397521,3.93676284339099,26.1986410786172,37.9627560296454,-0.674490759476595,0.928710588211783,-0.352167741673621,-2.20576707828832,-0.292626351424879,1.66060035007916,0.40604730248147,1.79123003890305,0.164299031154555,0,1.74370403733272,136.072182160105,-1.27436360687987,5.92673229147294,4.65781948138554,27.5616691164421,23.0374379141303,-0.975477527129781,-0.761306401785459,2.58684003921866,0.90474794978067,1.37415889794777
"RNA461","protein-coding-exon2",1.85484958856064,-1.16738785294026,-0.409512246825075,0.979920537352789,-0.982829392380182,-0.578346243323133,2.85206854255501,-0.816488814103247,-0.221474577738584,4.04694455685957,3.01096201779421,-1.04655498373065,-3.5486721039129,1.31866732751604,26.0960269829106,0.250276657169683,0.858555087612149,-0.481655580805722,0,0.290848171437546,0,0.03276705075776,0,0,2.69724186744176,0,1.19584931391374,-0.455052226404423,1.81399894001301,1.27102530052122,2.50763613994881
"RNA462","protein-coding-exon2",1.18035882908404,-0.622606854901472,-1.56578212021352,1.19626663001509,0.0770846582258967,3.13233903139971,2.53864623599911,26.4234713317761,72.8148009446898,-0.674490759476595,0.559871414728939,0.133306433288885,-0.352436613059843,-1.24163623984594,-0.680641131143555,-0.50441859089797,1.03767809150245,1.41816005838669,0,1.32076232136729,163.085030174111,-1.23751764163089,4.55693308856331,3.49191296197085,45.1326319803622,13.8158294142708,0.649552891831391,-0.382474508074038,1.2222253679953,0.811887025295901,1.11281802919259
"RNA463","protein-coding-exon2",1.09604748414947,0.882026377777086,1.05991405060608,1.31080279671867,-1.13699870883197,2.72113633154337,3.47742421359291,35.7125107386029,7.2281248552865,-0.674490759476595,-0.202788071476623,-0.204933770578435,-0.546884399575618,-0.473475677762515,-0.553533450026385,0.535340803366811,1.439160686429,0.466955141176104,0,1.59343248208999,107.849803638009,0.603381580863054,0.531843047410385,1.44024536443052,3.35108954559069,0,0.00890350363423292,-0.353650342248167,0.395860545577938,1.45944159985298,1.78176655715095
"RNA464","protein-coding-exon2",0.252934034803723,0.95985223463977,-0.62631284808541,0.839931889159534,-4.75997764544911,1.2878434676556,5.20906384553834,9.79786576923896,3.30198461355706,-0.674490759476595,-0.750903655975033,-0.050736030580098,0.747408679420011,-0.615225990749986,-0.649889272808756,1.62148351633485,1.28474430376494,1.32303956666563,0,0.752569643594651,0,0.596895682798731,1.01266290969888,3.51715903272398,14.5285952211701,0,-0.962102128005051,-0.412870648194458,-0.0915975105462069,0.641070046169189,0.887673371826049
"RNA465","protein-coding-exon2",0.0843113449345744,1.71216885097905,0.144533734173556,-1.42533896342224,-0.481779113911854,2.15856764984542,0.675979701550495,32.9317155021643,10.6509137839737,115.337919870498,-0.44966050631773,0.511339602317065,-0.467889986303584,-0.618018777417855,3.37245379738298,1.63385240132239,1.27856764845838,-0.554293047210894,0,3.85010266940452,NA,-1.33139876570906,0,1.51498447686861,-0.674490759476595,0,-0.817067679664606,0.032338958219234,-0.567616069290261,0.820541908182156,-1.56254676943556
"RNA466","protein-coding-exon2",-0.0843113449345744,1.1414459006527,-0.9876471835193,-0.279977296386511,0.173440481008267,-0.837689912537087,0.553886451490714,17.4539275478593,13.6710216622271,130.851207338459,-0.154295271775692,0.67747523186366,0.0972238932578875,-0.824501427397199,-0.660139892253689,1.63288608218274,1.27239099315182,-0.898456280892541,0,-0.423634211611712,0,0.432410181011883,0,7.98764192611249,-0.674490759476595,8.39459426285211,-0.475995001983991,-0.0599453859673637,-0.567616069290261,0.606333556747331,-1.47561283873344
"RNA467","protein-coding-exon2",1.68622689869149,-0.726374664051718,-0.409512246825075,1.13263542629089,-0.655219594920121,3.26349001240905,6.08381731395446,0.591658560944382,1.35904854521404,0.674490759476595,0.44231311242365,-1.51312750024174,-3.87680274365827,0.933629894236041,-0.47767886613388,-0.263418597468939,2.15565270199022,1.06362004379002,0,1.53959094559173,346.127313731705,0.489295628826583,0.636833716862258,0,1.8740782616179,0,0.0417779785914006,-0.589792571858188,1.07727608744828,1.80851262175107,2.51812013930276
"RNA468","protein-coding-exon2",1.18035882908404,-0.648548807189034,-0.770846582258966,-0.572680833517863,-2.67869187334991,3.23933062117049,2.2743590178819,27.2162938034416,25.4293083348937,-0.674490759476595,2.38790301557618,-0.586946236122701,-3.50613665061257,0.714415808320074,0.237814371122447,0.519879697132391,0.327362731247798,0.907968330064647,0,0.359058992596114,181.362380074135,0.465450833386308,0,0,0.586637976623092,0,-0.226052302677289,-1.65283626703422,0.337423308080462,1.6732559225477,0.267523627615563
"RNA469","protein-coding-exon2",1.26467017401862,-0.596664902613911,1.22853674047523,1.00537301884247,-0.211982810121216,3.25806647560039,5.20310807724274,16.637438733756,117.240587833797,-0.674490759476595,0.718575122841079,-0.733185383088865,-1.22137515905221,-1.0524347768537,-0.666290263920649,0.87335923841683,0.697962049641532,1.13279858322351,0,0.553477145289188,141.515069446509,-0.778308952141331,6.94390565953749,10.1561719737177,31.7131732333412,17.7378212114078,0.77774722922564,-0.898294720493611,1.55477852316739,0.586164588592749,0.30854856218279
"RNA470","protein-coding-exon2",1.68622689869149,0.648548807189034,-1.61396003160471,-0.369060981600401,-1.81148946830857,3.26349001240905,1.36238199761829,3.70378259151183,4.56036289616265,-0.674490759476595,4.23944627688448,0.126342664385734,-2.03562526508702,0.551136125808467,13.8854891001063,0.426146740586216,1.24768437192557,0.190240983442117,0,1.46930263749432,0,0.104483838156363,4.04592115807056,9.09003577731762,24.1702041821631,23.7341576527331,-0.436352252770936,-1.47537943322661,1.8252775445929,1.01843637854745,1.31513840569767
"RNA471","protein-coding-exon2",1.85484958856064,-2.54231132418101,1.80667167716945,1.15808790778057,-2.98703050625349,3.18312305788077,1.39290531013323,2.75712889400082,1.67112635930022,-0.674490759476595,0.792049061781884,-1.36390388088851,0.631955306176269,2.35056922210738,-0.588385556139158,0.453203676496452,1.63063700093243,0.596664902613911,1.64667828682642,1.90938362070518,0,0.385547317094242,2.97270209448226,0,6.149461181144,0,-0.80643182011964,-1.6628534565314,1.14849186300241,1.9871535452272,-0.421942469262133
"RNA472","protein-coding-exon2",0.252934034803723,0.804200520914402,-1.87893854425623,-1.57805385236034,-0.481779113911854,3.09733256654384,1.82395404052722,12.1290004993598,8.30529666519688,-0.674490759476595,-0.44231311242365,-0.0775962820636794,0.577266866218708,-1.22271609354672,-0.680641131143555,1.43672329683353,2.32859905057396,-0.72464520056588,0,0.695958124511271,0,-1.33139876570906,4.07262387167663,4.93125054215514,1.62701135483709,8.69210589145789,-0.382931230965538,-0.593876234475502,-0.117768227845123,0.689211787957234,1.04328634134854
"RNA473","protein-coding-exon2",0.843113449345744,0.856084425489525,-0.0963558227823708,0.305429777876194,-2.02347227842979,3.25362903639331,6.05254953040256,1.10048492335655,4.33888831842407,-0.674490759476595,-0.498153306018662,-0.740149151992016,-1.73787709198474,-1.15622679217224,-0.656039644475716,1.09194062780595,1.88387986850148,0.639901489759847,0,0.345901575316796,331.209770798597,0.0109831506118456,0.456234363839885,3.80646826054597,0.851749719592841,11.462840804007,-0.543274871075253,-0.470037353329081,0.426551720709242,1.06960664816406,1.53726176414201
"RNA474","protein-coding-exon2",2.69796303790638,0.38912928431342,-0.409512246825075,2.29072333407146,-0.501050278468328,3.04654854006278,2.61458228176799,6.33074660210488,22.4998036929879,-0.674490759476595,0.312998979887832,-0.991839656634462,-2.98963471768004,0.864085572703755,0.436676388354148,-0.165240572880369,1.32798089091088,0.432365871459356,0,0.914267377001001,0,-1.31497634389255,5.51226017163164,5.77447467681397,39.5297130523191,20.5130149545665,-0.158772433586027,-1.68947632257758,0.889540924566159,3.53768139953664,2.43074048089753
"RNA475","protein-coding-exon2",0.337245379738298,-0.363187332025859,0.481779113911854,-0.0763574444690486,-0.192711645564742,0.244059156389557,-0.389358352324789,9.96353016630339,1.42951772903995,-0.674490759476595,-0.649509620236721,0.00994824129021506,0.577266866218708,-0.541590826774624,90.95579645878,0.165047309052439,-0.0864731742918711,-0.671896564247839,0,-1.02489355649421,0,0.148684120107496,0,0,-0.564944762754077,0,1.3219487092764,0.547693088092412,0.674490759476595,-0.0321186075941262,-0.163517581602984
"RNA476","protein-coding-exon2",2.27640631323351,1.34898151895319,1.49351525312675,1.33625527820835,-0.385423291129483,3.00809073360139,2.68232914613043,2.36663424377753,0.755026969563353,-0.674490759476595,-0.280670446753877,-1.67428900914323,-0.109376879915124,0.254943398920394,-0.639638653363823,0.00193263827930235,1.0623847127287,0.925262964923022,0,0.962395824417452,0,0.41876089516578,1.64664733700819,0,8.33911077212804,0,0.307513317828506,-1.02175332871206,1.79734670693996,1.95227603159615,1.14566933877717
"RNA477","protein-coding-exon2",1.43329286388776,0,0.529957025303039,1.38716024118771,-1.32971035439672,2.81728084769683,5.05049151466802,362.828695913533,0.936233442258558,2.69796303790638,6.17915826492175,-0.760045634572447,-2.23614954493141,1.73057058184047,0.23576424723346,-0.0143015232668383,1.27239099315182,0.423718554030169,0,2.64013965144201,334.166400929483,0.442847312812981,0.713923550951506,0,9.31887332785633,0,-0.380272266079297,-0.660642865611369,0.470350406915173,1.97174752693618,0.909583530473704
"RNA478","protein-coding-exon2",1.93916093349521,0.0778258568626841,-1.44533734173556,2.02347227842979,-3.00630167080997,2.79657279806378,4.93137614875603,68.3720633027328,1.86239985825627,1.34898151895319,5.32833005198722,0.101472061160196,-2.55212719801955,4.33412956336818,59.3654374533853,-0.0257040891147241,1.27239099315182,0.907968330064647,0,1.55776895630657,239.6886290198,-0.741473409811083,0.40078272868625,0,3.29778387519167,0,-1.1580597826517,-1.46451310448729,1.22496404103789,1.95227603159615,2.37383210657923
"RNA479","protein-coding-exon2",0.75880210441117,0.700432711764157,-3.01111946194909,-0.470870907559133,-0.578134936694225,2.85869694696294,3.80945829607256,-0.331328794128854,0.724825890780819,-0.674490759476595,0.176337453457933,-1.27138523688951,-0.941856465935786,0.00199297452354985,33.5031245938192,0.907566935960485,1.28474430376494,-0.377887771655477,0,1.17118326177083,201.252437318279,-0.403718728362109,0,0,2.68166729402741,0,1.1745775948238,-0.336291361690949,1.74437896457771,-0.344657366106176,-0.436323052849963
"RNA480","protein-coding-exon2",1.09604748414947,-1.45274932810344,-0.192711645564742,1.043551741077,-0.69376192403307,3.24771245078387,4.96785522956658,7.88089203177916,9.06032363476024,-0.674490759476595,-0.762659486205562,-0.590925532638787,0.0850709066006516,-1.67063711771451,143.354912937389,-0.944673590923094,1.48239727357493,1.59975372439962,0,0.192686913577375,0,-0.00664816395818914,8.73412758700588,8.2587954690099,23.076056542037,12.1422963019244,0.787093893674247,-0.684870890622213,0.219037525219187,1.6960021270897,1.62204856374351
"RNA481","protein-coding-exon2",0.927424794280318,0.233477570588052,1.08400300630167,1.76894746353296,-2.02347227842979,3.21911562033822,5.27011047056823,114.78176082321,131.878044017066,-0.674490759476595,2.03816706621795,1.62852709920824,-0.0364589599717079,-1.93034005447733,-0.631438157807876,0.463446659376755,1.1117979551812,0.190240983442117,0,0.3793144902498,114.502221432503,-1.2623222931324,5.61394050467767,4.45979359960155,25.2483709556555,9.6578929944329,1.29350584246297,-0.761306401785459,0.893584602884079,0.743188892386248,1.41003990399963
"RNA482","protein-coding-exon2",-0.421556724672872,1.08956199607758,-0.746757626563373,-0.929015574373424,-1.90784529109094,-0.0897348817432312,0.616422018594504,18.2467500195247,12.6542520098818,-0.674490759476595,1.68402268052326,-0.746118096766145,0.802097119377573,-1.78464312746625,-0.60478654725105,0.716815537793322,0.413835905539669,0.363187332025859,0,0.293445030111096,0,-1.33139876570906,1.86892992600013,5.0660162164371,-0.188417803389943,16.9789414204643,0.325481474484017,0.264203372988045,-1.49761929743043,0.875432798237328,0.92075001779342
"RNA483","protein-coding-exon2",0.168622689869149,-0.596664902613911,0.168622689869149,-0.203619851917463,-2.92921701258407,-0.244059156389557,0.821896024792672,9.46653697511011,10.177763549714,2.69796303790638,-0.708288771389366,0.550137743348904,0.297748173102281,-0.735709167703262,-0.680641131143555,-0.36140335822958,0.568252288203725,-0.223965521415946,0,0.137979757521264,0,0.231326021411379,0,3.20447838918989,-0.674490759476595,8.3792848789364,-0.0778754412894671,-0.526904167551515,0.637518673401579,-0.314762354422418,2.32916143877844
"RNA484","protein-coding-exon2",-0.0843113449345744,0.0259419522875614,0.313156424042705,-1.36170775969803,-1.6380489873003,-0.249975741999001,0.262798276043309,9.60853502973676,8.67777663684813,2.02347227842979,-0.772945837657275,0.908274429796654,0.656261279490741,0.221600410674428,-0.475628742244894,-0.662315138316989,0.549722322284038,0.250772205446426,0,-0.202901224360002,0,-1.33139876570906,0,2.21980105725173,-0.674490759476595,15.3798246534642,1.19947517512225,-0.139999274900308,0.243892166635076,-0.249209437236335,1.39278419134092
"RNA485","protein-coding-exon2",0.674490759476595,1.27115566209051,-1.49351525312675,1.50169640789129,-0.346880962016535,0.456070140727961,0.25758697878466,12.0698346432654,14.2951772903995,-0.674490759476595,-0.50256174235511,-1.2892920712119,-0.972238932578876,-0.473475677762515,-0.639638653363823,0.18785244074821,0.0988264849049956,0.0259419522875614,0,0.715867374341818,0,-1.265443009754,3.78741488792463,7.2508326654303,31.3365394188603,6.0741573125066,-0.95944316311881,-0.156397410213996,0.563176951938917,0.650557216398391,2.22387107381637
"RNA486","protein-coding-exon2",0.75880210441117,1.76405275555417,-2.07165018982097,-1.87075738949169,-4.23965620242431,2.5342708360451,2.03538381502098,5.32492704849944,4.1878829245114,0,-0.671551801918963,1.46338629379067,0.51042543960391,-1.19250679550555,-0.684741378921528,1.62921406945206,1.2106244400862,-0.181593666012929,0,0.530451665050382,0,-1.33139876570906,0,0,-0.674490759476595,0,-0.857032727651751,-0.836920025731895,1.35032459095532,0.0362629440578729,2.32086207051035
"RNA487","protein-coding-exon2",1.26467017401862,1.37492347124075,-0.578134936694224,0.572680833517864,0.269796303790638,3.21517122993193,2.67562890679788,9.53753600242343,19.7917736288207,-0.674490759476595,-0.315937937445464,-1.2803386540507,-1.00869789255058,-0.286175407572337,-0.619137414473957,1.21176420112271,1.95799973218023,0.648548807189034,0,1.21342549619391,208.644012645495,0.368340025808909,6.18374841018543,12.3983990619044,0.239257273946567,12.3135110043963,-0.776296884742236,-0.593876234475502,2.17097995775093,-0.0321186075941262,1.69719149583427
"RNA488","protein-coding-exon2",0,-1.06362004379002,-0.62631284808541,0.929015574373424,-1.21408336705787,3.24869854838544,6.01458150751812,84.6900064135788,156.038907043093,0,0.417331973183776,0.614801311735304,0.808173612706191,-1.12905940261438,-0.686791502810515,0.355605443391673,1.63063700093243,1.35762883638238,0,-0.0515909256478504,82.651251386138,0.799893869293308,0.343107867602043,8.66853382582872,14.1520968377624,8.5116660222075,-0.651325535088885,-1.34731198737032,-0.141976141346616,0.195321282431759,-0.382582943123614
"RNA489","protein-coding-exon2",1.26467017401862,0.18159366601293,0.722668670867781,0.407239703834925,0.520321443024802,3.19791452190438,4.11022459500031,88.8316163401895,0.694624811998285,-0.674490759476595,-0.772945837657275,-1.6036564959827,-0.765638159405865,0.69199484493014,-0.649889272808756,1.24075377531225,1.08709133395495,NA,0,0.976765109077759,128.075841578845,0.608872563957685,0,0,4.27539307685658,0,-0.172953579645982,-0.587675117167721,1.59651068381643,0.491295738384179,0.0712406268074913
"RNA490","protein-coding-exon2",1.01173613921489,0.155651713725368,-1.03582509491049,-0.687217000221437,-3.93131756952073,-0.124741346599107,-0.403503302026837,28.7901055755536,60.6236321428068,0,-0.205727029034256,-0.492437943865656,0.522578426261146,1.22967839270465,-0.676540883365582,1.35458616996317,-0.308832765328111,-0.957690405282473,0,-0.193379409223654,0,0.264722000560694,4.58022545560022,3.15529152325662,40.0233593140173,9.45865135670067,0.386557092174049,-1.29294033509956,1.72902104958866,0.0498335097207713,1.62570737449757
"RNA491","protein-coding-exon2",1.51760420882234,0.544780998038789,-1.95120541134301,1.6289588153397,-1.50315083540498,0.295336231671404,-0.441471324911281,1.65664397064427,1.15770801999714,-0.674490759476595,0.168990059563853,-1.30819372966331,-3.53044262392704,0.230070552399514,6.59729867475892,-0.645887712942918,-0.352069352474047,-0.454848896775242,0.609136299414468,-0.222810474190549,0,-1.2605648469038,5.18532694774311,1.36600580190309,25.8640406142783,14.1383368519097,-0.822627333517656,-1.39019044485214,0.349857808574036,2.27297902278901,0.408728693742834
"RNA492","protein-coding-exon2",1.68622689869149,-1.1414459006527,-0.36133433543389,0.585407074262705,-3.10265749359234,3.24228891397521,2.8773805578113,-0.508826362412168,-0.0604021575650683,-0.674490759476595,2.95071338786275,-0.504375833413914,-2.38806187814686,0.444341537030099,1.07426491782898,1.43227822879113,1.32798089091088,0.700432711764157,0,0.908034916184482,198.967768580776,0.661825728796938,0.638775914233905,0,0.76426124632616,0,1.28109733966051,-1.87471701439669,2.06094398728959,0.773416070866493,0.85663583847543
"RNA493","protein-coding-exon2",0.252934034803723,0.441013188888543,1.01173613921489,0.44541842606945,-0.308338632903587,3.20629635151776,6.06595000906766,39.4044601588958,189.96478554214,-0.674490759476595,1.0492078480747,1.31316785030842,0.236983239816101,-1.92745548608798,-0.699092246144435,0.8584779236662,1.53181051602743,0.994441504356519,0,1.21377174401705,180.085653426707,-1.17973913918863,8.41971563556484,10.2821337522626,22.911101494918,23.6748530091572,0.554233029394309,0.143811136345608,0.601278707842898,-0.072346368590727,0.0366554581938949
"RNA494","protein-coding-exon2",1.18035882908404,1.19332980522782,-1.15626987338845,0.610859555752388,-2.00420111387331,3.16241500824772,3.94867437998219,2.36663424377753,5.73820496868148,-0.674490759476595,-0.809682807127677,0.269597338964834,-3.21446497083891,-1.15102145739692,-0.633488281696863,0.455522842431615,2.11241611484428,0.890673695206273,0,1.45285586589517,313.469990013279,0.518029720689343,0.45105983798978,0,2.22273201638221,0,0.0151883297289856,-0.637936804820222,1.64744039302957,0.349078550957178,-0.256479810613106
"RNA495","protein-coding-exon2",1.93916093349521,0.907968330064647,-5.15503651885683,0.636312037242071,-2.9099458480276,3.25560123159646,2.25425829988425,5.46692510312609,44.9190711758891,1.34898151895319,1.47976513026782,-0.0547153270961837,-0.164065319872685,0.254943398920394,1.70775319952585,0.237327980698355,NA,1.1414459006527,0,0.689898787606323,0,0.0425527501382267,2.69013337904187,4.25056813111112,7.66456922599901,11.704540173603,-0.847686063203144,-1.54264718256527,2.55048179365319,0.743188892386248,0.430394079522279
"RNA496","protein-coding-exon2",1.68622689869149,0.726374664051718,0.433601202520668,1.87075738949169,-0.404694455685957,3.1555123250367,5.22618667938819,4.4019396934262,5.93954549389838,-0.674490759476595,-0.409984579289695,0.0169120101933663,-0.966162439250258,0.182108047089352,28.8452431180416,0.697295891172366,NA,0.216182935729678,0,0.663930200870827,193.256096737019,0.3591204804231,0,0,10.9576299425139,0,0.821821586582431,-1.4310270710253,0.850548312214754,1.9441794659318,-1.43280823463242
"RNA497","protein-coding-exon2",2.02347227842979,0.830142473201963,-0.939469272128114,1.9980197969401,-1.1177275442755,3.16931769145874,5.67659165674287,25.382152264514,10.8824553879731,-0.674490759476595,0.340919076685338,-0.430758847866321,-1.63457670539824,-0.451448064607493,-0.684741378921528,-0.327002396857994,NA,2.16182935729678,0,0.616840496923796,187.275640335908,-1.28698126065621,3.1766228174889,3.0483663563605,11.5757102742391,22.3951905888861,-0.633276803739852,-1.23405040360182,1.76190505580051,1.65127429630964,2.1775876771183
"RNA498","protein-coding-exon2",1.77053824362606,-0.0518839045751228,-0.216800601260334,1.75622122278812,-1.0406428860496,3.26053171960433,6.02425963099846,19.2170700594735,0,0,-0.15135631421806,-1.37683659456579,-4.867271156223,-0.400928782770408,-0.446927007799081,-0.634678410922962,1.31562758029775,2.82767279934419,0,0.170873300719559,351.435808739432,-0.833642806372346,0.914616945987854,2.92436517692733,10.5070778482978,0,-0.47075764690503,-1.02072389421829,1.31748356078116,1.58847461470937,1.46884504301539
"RNA499","protein-coding-exon2",0.75880210441117,0.441013188888543,2.02347227842979,1.74349498204327,-0.404694455685957,3.189532692291,4.76461463647926,15.5132874679617,27.8453946374965,-0.674490759476595,3.97347061791877,-0.936129505409257,0.0303824666430899,0.480097073383519,-0.656039644475716,0.209691253304329,2.42124888017239,1.33168688409482,0,1.71271485716169,230.146777233758,-1.31340980289587,12.6942900300307,4.5402855932687,16.0527365186054,13.4396183271715,0.978297641403068,-0.500859474858857,-0.0101775011718036,1.36147208857312,0.574322396553808
"RNA500","protein-coding-exon2",1.09604748414947,1.53057518496612,-1.6380489873003,0.407239703834925,-0.770846582258966,3.242781962776,2.81782287485531,323.294070871229,6.39256167563639,0,3.11235605353252,-0.882409002442094,-1.39759346558213,0.320606664801557,21.2515842332352,-0.610906960087541,1.87770321319492,-0.302656110021549,0,1.04757278890988,0,0.441584718339539,0,0,1.64240986785632,0,-1.24935091041266,-0.959392796912732,1.46427006295692,0.413244338552553,1.16251980302936
"RNA501","protein-coding-exon2",1.51760420882234,1.84187861241686,-5.6127266770731,-0.687217000221437,-1.05991405060608,3.16438720345087,1.916268449109,0.331328794128854,0.714758864519974,-0.674490759476595,-0.520195487700904,0.241742263352231,0.103300386586506,0.316804279197416,-0.627337910029903,1.08111785344186,0.648548807189034,1.88511519956279,0,1.10730053840152,0,0.223430660473327,0.440531768097231,0,-0.661803617171517,0,0.0371852210606198,-1.33928451359519,1.43419115827823,1.06409386940258,-0.39913312385593
"RNA502","protein-coding-exon2",1.34898151895319,-1.32303956666563,0.891291360736929,0.814479407669851,-1.07918521516255,3.22601830354924,2.19023379070656,14.1051400929141,0.352345919129565,-0.674490759476595,0.567218808623019,-1.05451357676282,-0.856785559335134,0.917961443212082,-0.658089768364702,0.704253388977856,0.975911538436832,0.709080029193344,0,0.573386395119734,204.477852006519,0.401925512571499,5.7216814536208,6.9797865526212,0.401167830540656,0,-0.166265880083617,-0.0756400023256261,2.14163703229458,0.20341784809611,-0.282995030157891
"RNA503","protein-coding-exon2",0,1.19332980522782,-0.770846582258966,-0.636312037242071,-1.92711645564741,1.5683882353034,0.937289035519904,9.58486868729898,6.79524272607018,-0.674490759476595,-0.903729448971909,-0.695382066186047,-1.18491619908051,-1.01872466172181,38.6181836968408,-0.0931531650623835,0.691785394334969,-0.1340334201524,0,2.25130334605586,0,0.76485154275367,0,15.2794591702335,-0.674490759476595,10.4451950849272,-0.47696189830626,-0.610453478763612,-0.405387002120329,0.466355822146349,2.02692514498603
"RNA504","protein-coding-exon2",2.27640631323351,0.103767809150246,-5.87770518972462,2.08710348215399,-0.289067468347112,3.00513244079667,3.97324192420153,29.5829280472191,110.103066214859,5.39592607581276,3.26812080408703,-1.66036147133693,-0.473966479632202,1.95929063176679,-0.510480848357666,0.551188437257092,0.765905258013716,-0.0778258568626839,0,1.60416616460732,99.7862669174105,-1.13281658037281,4.77393514093203,0,26.2409452909055,13.5284435044385,0.572281760743342,-1.83447325731436,1.06054467030002,2.70067183613722,0.198856864162791
"RNA505","protein-coding-exon2",1.85484958856064,0.648548807189034,0.770846582258966,1.48897016714645,-3.02557283536644,3.18558830188471,2.09345255590307,28.5889416648325,3.43285595494804,-0.674490759476595,1.62230457181299,-0.771983524120705,-0.382819079702932,0.182108047089352,5.20116430635903,-1.10662867872865,1.19827112947307,-0.78517642257019,0,1.20355743323442,0,-1.09893735680965,5.63376251904741,0,28.0138734697508,0,0.740038272657125,-1.49853923526319,2.88088944459835,0.255653755608063,0.911479581501899
"RNA506","protein-coding-exon2",1.93916093349521,0.985794186927332,-0.385423291129483,1.7816737042778,-0.597406101250699,3.01696561201556,1.91105715185035,21.2997081939977,37.6708122680809,-0.674490759476595,2.82433821288457,0.275566283738963,-0.0850709066006518,1.56228223967099,74.0771264807532,-0.47465596139671,0.38912928431342,1.32303956666563,0,1.76551765019053,0,-0.180244244253213,6.59147984501906,7.06895352591948,4.37948539969369,16.8180061895455,-0.770414932115096,-1.56320878205948,1.07988644012366,2.15511630823991,0.472611398349889
"RNA507","protein-coding-exon2",-0.421556724672872,-0.129709761437807,1.54169316451793,1.1071829448012,0.32760979746006,-0.233212082772244,-0.483161702980475,0.733656615571033,0.503351313042235,-0.674490759476595,0.0617181087102767,-0.841621213152212,0.789944132720337,-0.327791862425934,9.47362249100713,0.694590197581343,0.0185299659196867,-0.875973255576655,0,-0.291886914906966,0,0.118315525080242,0,0,1.52780809374136,0,0.150634389540257,1.06182208670078,-0.913939605227672,0.289781215182527,1.85760952379864
"RNA508","protein-coding-exon2",0.927424794280318,-0.311303427450736,-1.78258272147386,-0.623585796497229,-0.886473569597811,2.95188317031168,1.38397165768984,9.19437403707569,10.177763549714,-0.674490759476595,-0.129314132535818,-1.3032196090182,0.297748173102281,-0.10293975647624,0.141458548340076,0.791028847718541,0.765905258013716,-0.172946348583742,0,1.75426459593849,0,0.258932542975156,0,0,-0.453602679139202,2.20242070962946,-0.306143548038624,-0.812263409227626,1.10315262701298,0.513199490906097,3.02406778561871
"RNA509","protein-coding-exon2",0.674490759476595,1.99753032614222,-1.9752943670386,0.394513463090084,-0.46250794935538,1.89922398063147,2.48504432133871,13.7028122714719,21.392430804295,18.2112505058681,1.31518350704042,1.37882624282384,-0.656261279490741,-0.0700425651631733,-0.110706690005277,1.24229988593569,1.31562758029775,NA,0,1.36456267099449,145.47964166747,0.623966845355006,0,8.26277038227741,-0.669269417597204,7.30505813694871,0.526434760129057,0.140240652960479,0.314249920796974,0.836195595402396,1.21362189250699
"RNA510","protein-coding-exon2",0,2.04941423071735,-0.650401803781003,-0.279977296386511,-0.886473569597811,-0.760774299614317,1.87383360000286,17.0515997264171,11.0737288869292,15.5132874679617,0.0426148845856672,0.825704027087867,-0.504348946275292,-0.618018777417855,-0.662190016142675,0.339178018017601,1.33415754621744,-0.4297716762306,0,-0.541877843214,0,0.597073346186176,0,4.27346148293024,-0.519970676545296,10.7407079273977,1.25225159937947,1.04746674427174,-0.781103180484563,0.927646083899562,2.24396070897052
"RNA511","protein-coding-exon2",1.26467017401862,-0.0259419522875614,-0.120444778477964,0.369060981600401,-1.88857412653447,0.895869671029952,-0.13177137354013,32.0678940031855,50.8384826172658,0,1.31665298581924,0.252685328771467,0,0.0866288334019257,8.24969852928212,0.73053726957637,-0.327362731247798,-0.639036758016928,0,0.499116237056218,0,-0.792055360639237,4.4755648196873,8.58608123304989,33.5149482307714,18.2968663181834,0.799099523009095,-1.05715388188655,1.45222072545584,0.66248526052151,2.18062395759278
"RNA512","protein-coding-exon2",0.590179414542021,0.985794186927332,-0.457690158216261,0.26725105564167,0.0770846582258967,2.36860643898067,2.87663608677435,6.78040710842262,7.04691838259129,14.8387967084851,4.52011672363836,-0.884398650700138,-0.935779972607168,0.290646488575827,-0.528931963358546,0.491663178254573,1.53798717133399,-0.72464520056588,0,1.72968100049555,144.606091856072,0.604464143103885,5.85891539972659,8.46022688459335,2.83872670958062,11.9000478152582,-0.00551936650628919,0.0769532438193729,-0.329387074348266,1.46884135590213,1.57447484793492
"RNA513","protein-coding-exon2",1.43329286388776,1.06362004379002,-0.144533734173556,0.699943240966278,-0.192711645564742,3.00266719679274,2.31158256972939,8.67371450344464,9.72474736797599,34.3990287333064,0.267445137744532,0.485474174962506,-1.47051138552555,-1.13422540236622,-0.557633697804358,-0.154997590000065,1.52563386072087,0.0259419522875614,0,1.39866808157377,148.234683380342,0.805157443252009,2.06050939485325,6.39058623327856,0.0467365861949924,16.8180061895455,0.697655983864305,-0.613651451086916,0.820050153472708,1.57027113820404,2.90024227081708
"RNA514","protein-coding-exon2",-1.01173613921489,0.907968330064647,0.313156424042705,0.35633474085556,-0.597406101250699,3.24721940198308,4.79216006484641,207.163328529066,40.9828639078988,-0.674490759476595,-0.787640625445436,1.15897011031008,0.0243059733144718,-1.27475632962546,-0.660139892253689,0.899256591359484,1.20444778477963,3.40704306709972,0,0.70547993964762,158.246908141752,0.635543391680918,0,10.6253728844168,4.47352873690171,0,0.0162358007447777,0.313037171786787,-1.32816390291996,-0.201410435121494,2.0329311407198
"RNA515","protein-coding-exon2",-0.252934034803723,-0.129709761437807,0.578134936694224,0.0636312037242074,0.211982810121215,3.25362903639331,3.47593527151901,25.6306488601106,18.8958082916055,-0.674490759476595,0.111680387190024,0.615796135864325,0.255212719801955,-0.976754191656797,-0.680641131143555,1.21273052026236,1.26003768253869,0.743669298910092,0,0.462413967803385,171.081370755372,0.719966664549583,4.23386025697889,7.39849532181401,0.215554127520662,14.866004828586,0.655031970990919,0.446220259419705,-0.557912109690512,0.262301962018665,3.34055291150526
"RNA516","protein-coding-exon2",-0.674490759476595,1.11550394836514,-1.49351525312675,0.865384370649217,-0.925015898710759,3.25806647560039,2.62649381835919,24.5538302791918,35.7379432259987,-0.674490759476595,-0.598077862978157,0.897331364377417,0.255212719801955,-0.788155865691412,-0.633488281696863,0.568002390287025,2.47683877793145,2.95738256078199,0,1.81797419539623,0,0.624724875808105,0,8.13326341081829,-0.674490759476595,0,-0.345544573171112,-0.573784614398304,-1.07059170326403,0.120509015693146,0.444822736759362
"RNA517","protein-coding-exon2",1.26467017401862,0.804200520914402,1.3248925632576,1.23444535224962,-1.52242199996146,3.22256696194373,4.69314541693207,14.4956347431374,53.224367841086,-0.674490759476595,1.12121230823669,-0.870471112893836,-1.90801890518604,0.774493500865499,-0.555583573915372,0.803784260361938,0.364422663087171,2.0840035004341,0,0.306948695213553,243.451612822746,0.680674629782262,0.427833477660667,2.37047712761257,0.84416557949542,6.62507548664395,-0.941555581156822,-0.846030100906166,0.978879419933524,1.22573119945044,2.3741201580882
"RNA518","protein-coding-exon2",-0.168622689869149,0.233477570588052,-0.0240889556955927,-1.29807655597382,-1.25262569617082,3.21073379072484,1.49638678426927,12.1053341569221,6.96638217250454,-0.674490759476595,1.97350999995004,-0.020891306709452,0.151912333215449,-0.593591727829874,-0.666290263920649,1.73376980036233,2.20506594444271,-0.277578889476906,0,1.01727610438513,0,-1.33139876570906,4.5018074865421,3.3871149108233,18.7600036712384,7.31986233315988,1.04670555620364,0.204931815667438,-0.33212837793471,0.183639977770979,-0.153660478916934
"RNA519","protein-coding-exon2",-0.843113449345744,0.648548807189034,-1.49351525312675,-0.789026926180168,0.211982810121215,3.21270598592799,1.49638678426927,146.90882068249,12.1509006968396,-0.674490759476595,-0.0690655026043572,0.732190558959844,0.218753759830247,-0.20353252321751,-0.666290263920649,0.318305524601132,2.15565270199022,1.06362004379002,0,1.13863596639568,0,-1.33139876570906,0,3.79440386162863,-0.330196530957574,0,-0.319680096550399,0.16940835179049,-0.431047108452728,-0.83484763121491,-0.0682932530958423
"RNA520","protein-coding-exon2",-0.674490759476595,0.285361475163175,-0.529957025303039,-0.941741815118265,1.29116802528377,1.43822335189563,1.29463513325585,183.851981227857,14.2146410803127,-0.674490759476595,-0.446721548760098,0.711299252250392,0.735255692762775,-1.24475681837624,-0.684741378921528,-0.486251791072526,0.895615019451523,0.812847838343589,0,1.35313649283087,0,-1.33139876570906,0.783704642305431,2.43360304750422,-0.674490759476595,0,0.288900563624816,0.0659956013931702,-0.470918965984602,-0.474788593435493,2.31575583870227
"RNA521","protein-coding-exon2",1.68622689869149,0.285361475163175,-1.54169316451793,1.24717159299446,-0.539592607581276,3.24672635318229,2.40389697831118,23.8556731772775,12.4126433796215,-0.674490759476595,3.33424734913376,-2.28809549674951,-2.5703566780054,0.484882834574938,1.94351744675931,-0.248344018890379,0.975911538436832,NA,5.65976590667009,1.32058919745572,0,0.524565364502151,3.88497480224193,1.62341903650549,24.8893431806865,2.02797719878507,1.01165556452137,-1.59912964864573,2.36718867616394,0.460947165612847,3.35560193498744
"RNA522","protein-coding-exon2",0.75880210441117,1.08956199607758,-3.08338632903586,0.649038277986912,-4.00840222774662,3.24721940198308,6.00564785507472,58.9291926700604,42.6841913459816,-0.674490759476595,2.21744347723351,0.770988699991684,-0.224830253158865,-1.03908709221571,-0.405924530019349,0.312700873591156,1.76034676237023,2.74119962505232,0,0.583946953725502,132.040413799806,0.519891632989766,0.375926202695044,2.06641237716104,3.29801410801606,11.5470753625676,-0.459960637973019,-1.61158901616349,0.0341245627525021,1.36551315521487,2.31670438430063
"RNA523","protein-coding-exon2",-0.168622689869149,1.42680737581587,-2.98703050625349,0.369060981600401,-0.597406101250699,3.02781268563287,2.76422096019492,10.3540248165267,0.251675656521118,-0.674490759476595,-0.692124504822389,-0.324312666061017,1.33075203896734,-0.264882048189148,1.77335716397342,-0.217421806421538,2.6003718840627,1.34898151895319,0,0.366676444705192,121.221835366336,0.370607010632707,0,0,26.2649165908562,0,0.133552554513494,-1.50713169252983,-1.63626462021174,1.4473447547102,1.10808284364577
"RNA524","protein-coding-exon2",1.01173613921489,-0.57072295032635,0.240889556955927,0.598133315007547,-0.539592607581276,3.26003867080354,4.2010500615082,0.804655642884359,2.13420956729908,-0.674490759476595,7.06231501099023,-0.321328193673954,-1.53735281214035,-0.00114071568124193,0.131207928895143,1.54765673406549,2.07535618300491,2.23100789673028,0,0.727812924240146,232.162661413908,0.523158270473587,0.364779069891552,0,2.99314521920704,0,0.121224626404556,-0.120704022512566,1.3557569418112,0.344227685737014,0.555141904305534
"RNA525","protein-coding-exon2",-0.421556724672872,0.129709761437807,0.554045980998632,-0.852658129904375,1.00210055693666,3.2654622076122,3.67470903838463,76.1701231359797,49.3284286781391,-0.674490759476595,-0.817030201021758,-0.312374776512759,1.19706918573774,-1.43802290046257,-0.350571185016711,-0.0287963103616081,1.51945720541431,NA,0,0.440427231033999,0,-1.33139876570906,0,0.738093050237513,-0.640601842037707,0,-1.09827336005803,-0.949905900594385,-1.77614942863731,1.18617340459677,-0.319510197695834
"RNA526","protein-coding-exon2",-0.674490759476595,0.882026377777086,-2.28845079108131,0.483597148303974,0.134898151895319,3.21270598592799,3.67024221216293,21.8558672412855,30.0198723098389,-0.674490759476595,-0.192501720024911,-0.313369600641781,-0.261289213130573,-0.370352357843317,54.203225500917,0.545777050075044,1.55034048194712,2.33477570588052,0,1.64329216862214,160.867557575947,0.835203875336696,0,4.08447584307763,-0.674490759476595,0,0.0904450934789724,-0.0765358298660708,-0.585606556188657,-0.437029593218927,0.974335833932747
"RNA527","protein-coding-exon2",0,0.95985223463977,-1.56578212021352,-1.28535031522898,-1.94638762020389,3.2654622076122,6.08381731395446,61.6508220504046,39.865423992945,5.39592607581276,-0.605425256872238,-0.0696376890315072,0.230906746487483,-0.952563152209763,-0.694991998366461,0.50422532707004,1.29092095907151,2.69796303790638,0,0.666353935632807,176.591454181114,-1.33139876570906,0,2.73998828786327,-0.674490759476595,0,0.343127332365438,-0.738767725416809,-1.06746329598076,1.15009321808189,1.43025751047844
"RNA528","protein-coding-exon2",-0.590179414542021,0.18159366601293,-0.578134936694224,-0.967194296607948,0,0.376689283801256,0.608232837188056,-0.40232782144218,0.664423733215751,-0.674490759476595,-0.73326991062924,-0.959010460376752,1.02085087920782,2.17588238278335,-0.643738901141796,0.470404157182245,0.302656110021549,-0.237801229302646,0,0.483361961103351,0,-1.33139876570906,0,4.28807734644497,1.23501965665895,0,0.873228241049767,0.0361444981856891,-0.0878202936164601,-0.791541561378904,-1.98382118244153
"RNA529","protein-coding-exon2",-0.337245379738298,0.415071236600982,-0.168622689869149,0.216346092662304,-0.770846582258966,0.233705131573031,0.828596264125221,3.75111527638738,10.4797743375393,-0.674490759476595,-0.304182107214935,-2.01153438888153,-0.328130639745371,0.786412012983306,-0.467428246688947,-0.266124291059963,0.0741198636787468,0.63125417233066,0,0.97243701128851,0,0.35920812769424,4.6941970377181,8.5539059216007,5.39054607643115,11.9509839146851,-0.640528526156874,-0.486309367209324,-0.826424466659878,0.460336803255442,1.16454467740047
"RNA530","protein-coding-exon2",0.421556724672872,1.58245908954124,1.05991405060608,1.69259001906391,-2.02347227842979,3.2654622076122,3.59281722432014,31.1567398193311,23.6575117129851,-0.674490759476595,1.21966738641737,1.23258709585767,0.832479586020663,-1.0471114370079,-0.664240140031662,0.402955081234586,2.3224223952674,2.70661035533557,0,-0.171565796365838,80.0977980912817,0.628330258150653,2.78201271608268,1.26223370809891,30.3942100117558,0,-0.980714882208742,-0.1753008162006,-0.904525416643763,1.64055825351859,2.25176565079592
"RNA531","protein-coding-exon2",-0.252934034803723,-0.882026377777086,0.192711645564741,0.496323389048816,-2.73650536701933,3.26201086600669,5.86419835805424,30.1745866081635,12.4126433796215,-0.674490759476595,-0.352674906915867,0.538199853800646,0.808173612706191,-0.245450546584539,-0.692941874477475,0.275014427144756,1.32798089091088,2.75849425991069,0,0.280980108478058,104.019623695725,0.578726640376029,0.594374402025344,4.44641855360681,14.233084619517,9.46442806827862,0.659221855054087,-0.0479082975951988,-0.86154759919546,0.513199490906097,-1.32776061690496
"RNA532","protein-coding-exon2",0.843113449345744,-0.0518839045751228,0.578134936694224,1.08173046331152,-2.25472625310748,-0.963417356737768,-1.17775318045472,27.6067884536648,17.4461565100439,1976.25792526642,-0.326224288897177,0.54118432618771,0.176218306529921,1.58691907605093,24.6055869156173,1.21331031174615,-0.668931769700689,-0.463496214204429,0,-0.987325667683528,0,0.55586254683445,0,0,-0.491912066806301,0,-1.19472126820442,-0.833062187775443,0.98887924650902,0.434748295649032,-0.511840587344342
"RNA533","protein-coding-exon2",-1.09604748414947,-0.103767809150245,-1.05991405060608,0.623585796497229,0.674490759476595,3.2501776947878,2.23192416877575,-0.177497568283315,-0.302010787825341,-0.674490759476595,0.770006880099642,0.919217495215891,0.194447786515775,-1.14167283348053,17.9283334091879,0.110546909576107,1.26003768253869,3.18221281394086,0,0.979015719928169,0,0.317753337290423,0,0,-0.674490759476595,0,0.0656280878740517,-0.682421034495192,-0.741587537306763,-0.877162261723178,1.2297885272746
"RNA534","protein-coding-exon2",-0.505868069607446,-0.596664902613911,0.963558227823707,-1.03082550033215,0.0963558227823708,3.23982366997128,3.8667825659177,8.6145486473502,11.1441980707551,-0.674490759476595,0.515787051364455,0.67150628708953,0.0425354533003258,0.344837039272082,-0.666290263920649,-1.10488930427728,NA,1.91105715185035,0,1.50306180025046,114.435025293165,-1.33139876570906,0.929338442028353,3.49117706586592,15.5678932766631,0,-0.774604816178264,0.801375159774162,-0.23451561210766,-0.526995735241182,0.105634775232188
"RNA535","protein-coding-exon2",-0.421556724672872,0.155651713725368,-1.25262569617082,-0.101809925958731,0.655219594920121,3.26349001240905,5.91407791752988,239.929379634166,127.539155698642,-0.674490759476595,0.524603924037352,-0.692397593798982,-0.157988826544067,-1.90384136031882,-0.674490759476595,1.52697750447696,2.76714157733988,2.6201371810437,0,3.94912954682254,0,-0.121951702409949,0.486731463042261,22.8335132599221,-0.674490759476595,0,0.727710344548187,0.0910653590652485,-0.352511631495996,-0.149886835439251,-1.0835615924107
"RNA536","protein-coding-exon2",1.77053824362606,0.856084425489525,0.554045980998632,1.17081414852541,-0.635948430363647,3.15354012983355,1.97582613206499,3.73928210516849,7.8824815622414,-0.674490759476595,26.7827202227025,1.0674462904401,0.0121529866572359,-1.38560242582342,-0.682691255032542,-1.5387665979807,1.19209447416651,2.24830253158865,0,0.944044689791036,0,-1.29299410034089,5.61387049756334,6.91151473149945,24.5634960186437,0,1.09037704009282,-1.06704844643843,0.317272536529606,2.68167099057603,2.54007701601172
"RNA537","protein-coding-exon2",-0.252934034803723,0.363187332025859,0.578134936694224,-1.22171911150478,-0.713033088589544,3.2654622076122,6.08381731395446,1258.38676010139,211.518288766608,0.674490759476595,2.94777443030512,1.24651463366397,0.182294799858539,-1.63895931212967,6.29798058696687,1.23669523492571,2.40271891425271,3.38110111481216,0,1.21377174401705,109.529707121467,-1.33139876570906,0.709049055591357,10.6168859074402,11.1036246393893,0,0.206794950925419,0.446220259419705,-0.557912109690512,0.262301962018665,1.45593644527665
"RNA538","protein-coding-exon2",1.01173613921489,-0.207535618300491,-1.01173613921489,1.23444535224962,0.693761924033069,3.2654622076122,5.69297001955577,81.9683770332346,87.8952062834351,0,28.3638793887086,-1.43155192166198,-2.41236785146134,-1.13195708267823,-0.600686299473077,1.62264309930243,2.22977256566896,NA,0,0.43540663759847,179.615280451339,-0.815021314522952,4.89243718344824,13.9065563566608,5.45823452680064,5.60652921556919,-1.12832772074191,-0.936849925220572,1.51599932652902,0.260486152338234,1.04055670216918
"RNA539","protein-coding-exon2",-0.168622689869149,2.07535618300491,-1.46942629743115,1.14536166703573,0.79011774681544,3.24327501157679,6.00490338403777,53.4859339093721,126.643190361426,-0.674490759476595,-0.254219828735187,0.681454528379746,0.352436613059843,-1.27475632962546,-0.647839148919769,1.1095276361476,1.31562758029775,2.50772205446426,0,0.177452009359217,112.351944973677,0.728515826753433,0.062502551687923,9.78945936726752,-0.674490759476595,8.52473500847701,-1.26699676829408,-0.0667812633145177,-0.135700015624005,-0.0124905696199455,1.46873282799269
"RNA540","protein-coding-exon2",-0.252934034803723,-0.0518839045751228,0,0.292703537131353,-0.770846582258966,3.26003867080354,2.83271229559431,-0.0828321985322134,-0.402681050433788,-0.674490759476595,-0.615711608323951,0.139275378063013,-0.188371293187157,-1.12478499672835,-0.346470937238737,1.16074255054912,1.30327426968463,0.873379060347899,0,1.59983806681807,178.741730639941,0.16444641584161,0.239571345924823,0,-0.674490759476595,0,0.127187153725219,-0.117849288202081,-0.187385756869026,-0.101394035738316,-0.925461217760728
"RNA541","protein-coding-exon2",0.590179414542021,0.622606854901472,-1.37307047464878,1.84530490800201,-0.578134936694225,3.26003867080354,2.77166567056442,41.6054300056089,22.1474577738584,0,1.01540983616193,0.535215381413582,0.96008594592164,0.324618837197651,-0.653989520586729,-1.25892057513769,1.23533106131245,1.8159366601293,0,0.734911004614514,119.071558907509,0.792346728594647,0.728508033068259,4.28178194326994,4.19244154454104,11.0422610576398,0.0893976224631803,0.461661776826427,1.49609267225466,-0.472469372580234,-0.739602332716444
"RNA542","protein-coding-exon2",0,0.337245379738298,0.144533734173556,0.610859555752388,0.0578134936694225,3.20333805871304,4.62614302360658,18.3414153892758,41.0734671442464,0,-0.236586083389394,0.0606842718703131,0.44966050631773,-1.40818072930731,0.971758723379654,0.769576562818282,1.17974116355339,1.05497272636083,0,1.1223623187081,117.324459284713,0.709861171071715,0.368015398776542,0,-0.439284906083856,0,0.649472317137868,0.840055396446438,0.332834518519381,-0.207021916275,1.64844683479624
"RNA543","protein-coding-exon2",0,0.907968330064647,-0.144533734173556,0.254524814896829,-1.23335453161435,3.2654622076122,5.5038743761705,20.9328798862122,18.8152720815188,-0.674490759476595,0.127844653757002,0.16912010193366,-0.170141813201303,-0.941759132424204,-0.670390511698622,1.33719242544945,1.63063700093243,NA,0,0.532702275900791,153.946355224099,0.703136019645633,2.73178761206407,8.41827543510784,-0.485978831490801,16.11140234368,0.714818393584591,0.0758444347643351,-0.601926497875048,0.753984313272054,2.67694755454063
"RNA544","protein-coding-exon2",-1.34898151895319,0.778258568626841,-1.49351525312675,-0.279977296386511,0.404694455685957,3.13973476341152,3.91666212539334,4.53210457683396,11.0737288869292,4.04694455685957,-0.0323285331339545,2.76859555106691,0.941856465935786,0.333390547436169,-0.688841626699501,0.84282355360385,NA,NA,0,0.500501228348777,0,-1.33139876570906,0,0,-0.674490759476595,0,1.01189728860194,0.68116888580804,-1.77135493471659,-0.314762354422418,1.50838050304841
"RNA545","protein-coding-exon2",0.505868069607446,0.492897093463666,-0.240889556955927,0.44541842606945,-1.77294713919562,3.23735842596734,5.73838275280971,132.105523487662,0.352345919129565,-0.674490759476595,-0.745025740859769,-0.266612866577769,-1.6892651453558,-0.354959251983795,2.0521740128756,0.0446439442518899,1.20444778477963,0.484249776034479,0,0.122052357656827,286.793122695965,0.652665404540277,0.48277306077811,0,-0.422561877169043,0,1.25756952915195,-0.522931248327216,0.270652531161952,0.653532007063476,1.35662766378275
"RNA546","protein-coding-exon2",0.927424794280318,0.674490759476595,0.433601202520668,-0.865384370649217,-2.42816673411574,3.23538623076419,1.95423647199345,2.07080496330534,20.546800598384,0,2.15572536852324,-0.793869654959178,-0.710949719448303,1.70113487259462,10.5847896388379,-1.3503343657487,0.648548807189034,-0.626065781873147,0,1.36975638834159,0,-0.0928314887851417,0,0,-0.442244075032582,0,-1.10665312818436,-0.723192217357177,0.0632990926538774,1.6094555927348,1.30918318054573
"RNA547","protein-coding-exon2",1.34898151895319,0.466955141176104,-0.192711645564742,0.572680833517864,-1.73440481008267,3.20531025391619,2.01379415494944,21.1813764818089,19.3085563683001,-0.674490759476595,-0.655387535351986,0.158177036514423,-0.413201546346022,-0.722151696273326,0.403874406130362,1.06121167916504,1.06856136803527,-0.391723479542176,0,0.425884822462121,0,0.275386541497722,0.473903159393383,5.45288270745447,17.0405707662945,6.95221747235488,-0.858805370909245,-1.79186794884849,1.76877951399566,0.48260976755652,1.92536692231778
"RNA548","protein-coding-exon2",1.09604748414947,1.58245908954124,1.39715943034438,1.39988648193256,-0.79011774681544,3.24672635318229,5.78528442813755,12.2473322115487,10.4193721799743,0.674490759476595,0.365900215925212,-0.616790959993347,-1.29429307899563,-0.455276673560627,-0.350571185016711,0.280039286670942,1.71093351991774,2.07535618300491,0,1.32595603871438,204.209067449165,0.719277330606296,0.190483357463151,0,-0.196718373864424,0,0.382689506884971,-1.0705871275108,0.460531928023963,1.40440842164166,0.438506964042919
"RNA549","protein-coding-exon2",1.18035882908404,2.04941423071735,0.867202405041337,1.33625527820835,-1.36825268350966,3.15699147143906,5.78528442813755,17.9982534239281,12.3623082483173,0.674490759476595,-0.320346373781912,-0.856543575087534,-1.3854404789249,-0.182108047089351,-0.252165238345353,0.243125895536263,1.71093351991774,2.47313278474752,0,0.187666320141845,170.140624804635,0.730356419447362,0.560579967738353,5.30527913761933,4.65059132196186,7.08842047043421,1.18295736295014,-1.15197679217536,0.648815699702273,1.40440842164166,2.43549942044728
"RNA550","protein-coding-exon2",0.927424794280318,0.804200520914402,-0.240889556955927,-0.559954592773022,-1.02137172149313,3.24623330438151,2.41059721764373,4.212608953924,11.79855477771,2.69796303790638,-0.5290123603738,-1.01472061160196,-3.40891275735468,-0.170504215159473,3.26584735515567,1.36521568049933,1.59357706909305,NA,0,2.45126146391918,325.565295094178,0.132000343603834,0,0,2.92899151984725,0,0.814811588245977,-0.817338808375247,0.757960276511808,0.920818726084908,3.15866782269325
"RNA551","protein-coding-exon2",-0.168622689869149,1.50463323267856,-1.08400300630167,0.483597148303974,-2.42816673411574,3.21221293712721,1.38843848391153,85.9798220764375,50.496203724397,-0.674490759476595,2.35704396122104,0.627734025412584,0.862862052663752,-0.5580722016174,-0.649889272808756,0.864855629987898,1.20444778477963,2.70661035533557,0,0.536337878043761,0,0.635010401518583,0.385876213843612,6.54050492151681,3.94710815549678,8.3759462471499,-0.638917032286425,-0.269817846133638,-0.398892384636697,0.255653755608063,2.31955669027094
"RNA552","protein-coding-exon2",-0.337245379738298,1.16738785294026,0.457690158216261,0.241798574151987,-0.828660075928389,3.24327501157679,4.04396667271177,130.945872708211,4.80197152642292,-0.674490759476595,3.30044933722099,0.181057991481918,0.437507519660494,-1.12905940261438,-0.619137414473957,-1.34453645091079,2.00123631932616,NA,0,0.997366854554586,190.165074327456,0.523781276752227,1.40444272348319,3.35754477901565,19.5788199396136,0,0.667923921954514,0.645107003618203,-1.26038174511576,0.773416070866493,2.02014480110777
"RNA553","protein-coding-exon2",-0.337245379738298,1.27115566209051,-0.746757626563373,1.46351768565676,-0.751575417702492,1.55014542967428,4.63060984982828,41.3096007251367,111.572852048942,-0.674490759476595,0.146947877881611,-0.0825704027087869,0.51042543960391,1.17067585746798,-0.284967220569139,0.718748176072624,NA,-0.488573434749072,0,0.296388136607785,203.066733080414,0.530459051274991,0.34621118296982,0,-0.674490759476595,0,0.435063057674576,-0.500859474858857,-0.440540407865082,-0.0124905696199455,1.43730981861218
"RNA554","protein-coding-exon2",0.421556724672872,-0.985794186927331,1.58987107590912,1.24717159299446,0.423965620242431,3.2654622076122,5.97289112944892,47.3326848755505,93.3314004642913,-0.674490759476595,0.182215368573198,-0.239752615094188,0.309901159759517,-1.7680568592275,-0.60478654725105,-0.741360043940464,NA,2.30883375359296,0,0.0183511346264166,151.728882625935,0.777823338882315,0.463225074255856,8.22022806730619,-0.567935622573925,12.709138871096,0.98554936382009,-0.138211855087638,-0.277111455956241,1.09711471636382,2.87116230332269
"RNA555","protein-coding-exon2",-0.168622689869149,1.01173613921489,0.0722668670867781,-0.229072333407146,-1.83076063286504,1.50133359839637,0.637267207629101,1.36081469017208,-0.241608630260273,-0.674490759476595,1.08153638120866,-0.0825704027087869,-0.723102706105539,-0.910540235446758,-0.518681343913613,0.809002383716054,1.23533106131245,-0.192835178670873,0,1.01779547611984,0,0.278970604233778,0,0,-0.475436876755385,0,-0.436593976851503,0.0910653590652485,-0.763312587885028,0.674490759476595,3.34636745428669
"RNA556","protein-coding-exon2",1.43329286388776,0.596664902613911,-0.794935537954559,1.043551741077,-1.38752384806614,3.21270598592799,3.8355147823658,9.11154183854348,15.624024756831,-0.674490759476595,0.844950297819264,-0.252685328771467,-2.69796303790638,0.808216727671879,-0.268566229457246,-0.0481226931546337,1.55651713725368,1.32303956666563,0,1.81399234543012,161.001949854623,0.381868500551549,0.657820849634668,5.75229036357772,15.8808744867549,8.82110447357689,-0.47204684200139,-1.32755899010341,0.937588001208893,1.54981303722431,3.16038419169541
"RNA557","protein-coding-exon2",0.505868069607446,0.441013188888543,-0.770846582258966,-1.6289588153397,-2.67869187334991,3.24771245078387,2.85951325292451,35.0261868079074,-0.805362100867577,-0.674490759476595,-0.345327513021786,-0.74910256915321,0.461813492974966,-0.223737613617445,-0.645789025030783,0.351546903005136,1.9456464215671,-0.574181877298025,0,2.5641382542628,163.55540314948,-1.33139876570906,0,0,-0.674490759476595,0,0.824641700855718,-0.0915857325456212,1.62520154426265,-0.70339750631132,2.08955486510715
"RNA558","protein-coding-exon2",-0.252934034803723,-1.66028494640393,1.34898151895319,-0.229072333407146,-0.154169316451793,3.25905257320197,4.12883637092406,56.4323935428751,96.7944574980219,-0.674490759476595,-0.583383075189996,0.0596894477412912,-0.376742586374314,-0.589173093524373,-0.668340387809635,1.2813391791776,2.13094608076397,2.23100789673028,0,1.50964050889012,170.678193919342,0.449866201039639,0,8.47317221023485,-0.674490759476595,0,0.861464335795487,0.600294811779358,0.067351110695735,-0.33476563429905,3.21188396946867
"RNA559","protein-coding-exon2",0.927424794280318,0.103767809150246,0.939469272128115,1.29807655597382,-1.27189686072729,3.17671342347054,5.13610568391725,2.03530544964867,0.0906032363476024,13.4898151895319,1.29314132535818,-0.890367595474266,-2.8741813444363,0.54957583654332,-0.649889272808756,0.921675195399394,NA,NA,0,3.3071860827211,NA,0.249850390608971,0,0,18.1207690058844,0,0.398804445589465,-0.530057560837172,0.381587835414457,1.23454997754722,-0.163356072614222
"RNA560","protein-coding-exon2",1.18035882908404,0.233477570588052,-1.46942629743115,1.98529355619526,-2.235455088551,2.87644670379127,5.03411315185512,170.137335785166,98.2944444108877,-0.674490759476595,15.198819009295,-1.45443287662947,-1.20922217239498,0.0435963177026495,-0.668340387809635,0.0388460294139818,0.920321640677772,0.259419522875614,0,1.74249216995173,0,-1.31574069916224,8.8480791670911,18.1550403440587,24.636222504935,18.1447389250698,-0.868877207599554,-1.45460878473093,1.08239875138402,0.987986464585433,-1.40808539169412
"RNA561","protein-coding-exon2",-0.505868069607446,-0.103767809150245,0.963558227823707,0.890836852138899,-0.385423291129483,3.2654622076122,6.08381731395446,26.1039757088661,15.1005393912671,-0.674490759476595,0.119027781084105,0.897331364377417,0.176218306529921,-1.29295533382735,-0.678591007254568,0.91838971032458,2.62507850528895,NA,0.780456831322368,0.576675749439563,126.328741956048,0.614820734169341,0,12.3397422336865,-0.674490759476595,0,-0.129765543917938,-0.321802212596814,-0.396159233112332,-0.314762354422418,1.83234057302398
"RNA562","protein-coding-exon2",-0.505868069607446,0.752316616339279,0.674490759476595,0.941741815118265,-0.346880962016535,3.13529732420444,2.8758916157374,4.67410263146062,8.24489450763181,0,-0.862584043165058,0.235773318578102,-1.05123334585091,0.321917832251261,0.194761769453728,0.728411367469137,1.72328683053086,0.951204917210583,0.591816401413762,1.03960908897766,138.827223872976,0.786602279067261,0,0,-0.674490759476595,0,0.0565231475060126,0.0607677846274275,-0.966766142115619,0.252534454969909,2.45382812502994
"RNA563","protein-coding-exon2",1.60191555375691,2.10129813529247,-1.6621379429959,1.05627798182184,-1.65732015185678,3.09536037134069,3.26971679428389,47.5456819574905,27.6339870860187,-0.674490759476595,1.21085051374448,-1.0445653354726,-0.923626985949932,0.354618348446872,-0.676540883365582,1.13291255932716,1.72946348583742,1.40086542352831,0,0.562479588690826,0,-1.32406662139766,6.87077822811893,17.3163336446134,33.5257827166249,14.9179732681048,0.286322173432097,-0.946360797233315,1.37717660593152,1.26023273481154,1.72375655646066
"RNA564","protein-coding-exon2",1.43329286388776,0.674490759476595,-2.07165018982097,-0.101809925958731,-0.963558227823707,3.2654622076122,5.01029007867272,43.593402770382,43.5902237094576,-0.674490759476595,2.72294417714626,-2.11002197765466,-1.17276321242327,-0.894583327583863,4.03669393741464,1.48619883678367,1.33415754621744,3.06115036993224,0,1.80429740638221,0,0.635455744409778,0,3.57162071599333,23.1111331899875,11.5981871794569,-0.895869729929581,-1.65100831274641,1.33117258027367,1.03553204192149,-1.12253239655215
"RNA565","protein-coding-exon2",-0.75880210441117,0.596664902613911,0.0481779113911854,-0.814479407669851,0.597406101250698,3.26398306120984,5.33041262456117,54.4325876068831,27.0903676679331,-0.674490759476595,0.648040141457905,1.75884906011006,-0.127606359900978,-0.473475677762515,-0.0307518583347991,0.695556516720994,0.932674951290896,2.18777130958434,0,1.03233788469172,211.331858219028,-1.33139876570906,0.0472748042007053,7.2422382583654,-0.224871785354637,0,-1.23283309824055,0.861478296757222,-1.14567347806253,-0.000864731742925305,0.254243846968057
"RNA566","protein-coding-exon2",-0.590179414542021,-0.233477570588052,0.144533734173556,0.992646778097631,-0.481779113911854,3.2654622076122,4.29932023838558,5.98758463675714,4.15768184572886,0,1.51944105729586,0.0169120101933663,-0.00607649332861806,-0.689241393285762,1.58269564229766,-0.131419402992574,2.79802485387269,NA,0,1.43173474868364,108.454568892054,0.780999960249831,0,0,-0.500242432116879,0,-1.28021101803176,0.603567367171686,0.151889542804459,-0.969046850640436,2.18520921542847
"RNA567","protein-coding-exon2",1.51760420882234,0.778258568626841,0.915380316432522,1.76894746353296,-0.616677265807173,3.24968464598702,5.29691142789843,99.5051367796261,261.642012519354,0,2.89046475793129,-0.987860360118377,-0.236983239816101,2.05520253071262,1.46173833284745,0.725125882394323,1.42063072050931,1.23656639237376,0,1.2584377132021,0,-1.3174667108155,6.42703313347427,19.7207264511058,39.4886774371491,14.4425696734541,0.0616799278914507,-1.22173936188784,1.81886485227462,0.729694616278988,1.81828556073954
"RNA568","protein-coding-exon2",-0.252934034803723,1.27115566209051,0.0481779113911854,-0.0636312037242069,-1.1948122025014,3.24228891397521,5.99745867366827,128.283409183961,128.102909169249,15.5132874679617,0.0837602903925184,0.728211262443758,-0.0729179199434156,-1.71002458790361,-0.690891750588488,0.83644584728215,1.67387358807836,2.36071765816808,0,0.833591634209396,110.000080096836,0.253413133738533,9.04515919492674,20.7683846723164,-0.674490759476595,0,-0.130893589627252,-0.0561939898622165,-0.928634923992817,0.614170447653478,0.48584304686982
"RNA569","protein-coding-exon2",0.421556724672872,-0.648548807189034,1.73440481008267,1.87075738949169,1.05991405060608,3.26201086600669,6.08381731395446,1773.3190388625,30.3017490451426,-0.674490759476595,2.3261849068659,0.417826134189041,-0.200524279844393,0.0560261851258406,-0.631438157807876,0.54249156500023,1.6182836903193,NA,0,0.501886219641337,0,0.594505518026305,3.88168446786875,0,18.3355626879292,0,0.266823097599659,-0.513380961730328,0.105689435245623,0.626930513616059,0.365270377365323
"RNA570","protein-coding-exon2",0.168622689869149,0.648548807189034,-0.578134936694224,-0.0890836852138897,-0.346880962016535,3.0647913456919,5.69297001955577,19.5483988536024,22.560205850553,0.674490759476595,-0.727391995513975,-0.796854127346243,-0.783867639391719,-0.488816336924049,0.0205012388898661,0.637577368341917,NA,3.1562708616533,0,2.2776181806145,131.906021521129,0.841926657917612,0,21.679015815886,-0.555815895836099,6.91318623100881,-0.548270502073646,0.0474498449866231,0.30693200902324,0.0670546369070181,1.60604744079025
"RNA571","protein-coding-exon2",-0.505868069607446,-0.337245379738298,0.192711645564741,0.699943240966278,0.366152126573009,-0.621734537792388,1.14648539690282,20.8973803725556,3.85567105790352,-0.674490759476595,0.937527460884679,0.437722616769472,1.37328749226766,0.0260135622021223,0.854901661707417,0.626561330149892,1.42063072050931,NA,0,-0.509849919573556,0,0.318866694518411,0,0,-0.674490759476595,0,-0.03001407333712,-0.872926513325437,-0.0101775011718036,-0.660215822768098,-0.711448551619673
"RNA572","protein-coding-exon2",0.505868069607446,-0.778258568626841,0.385423291129483,1.23444535224962,0.192711645564741,3.26349001240905,6.08381731395446,258.791454557073,382.305389281839,12.1408336705787,3.38861806394995,0.359131510576771,-2.15107863833076,-0.637371608975482,11.5401473711056,0.884761804264714,2.11241611484428,2.03211959585897,0,1.61282236018582,176.457061902438,-1.12736255126277,6.02200197305025,21.937922328716,6.20226575657229,7.24775227950814,0.0889141743020455,-0.0421177285676811,0.366390042184815,0.519919960429867,1.96606622705229
"RNA573","protein-coding-exon2",-0.337245379738298,0.363187332025859,-1.49351525312675,-1.06900422256668,0,3.15748452023985,5.14801722050845,141.489228264239,221.615516106235,4.04694455685957,-0.207196507813072,-0.0547153270961837,0.935779972607168,-1.5224096375255,-0.688841626699501,0.865242157643759,1.29709761437807,3.16491817908248,0,0.191301922284815,85.6078815170242,-1.33139876570906,0,12.8565883885516,-0.674490759476595,0,0.203169089716908,-0.761306401785459,-1.21519363991298,0.773416070866493,1.87495489295158
"RNA574","protein-coding-exon2",-0.590179414542021,0.0259419522875614,0.409512246825076,1.9343885932159,1.59950665818735,1.636428969812,1.05714887246884,23.7610078075264,3.10064408834017,-0.674490759476595,1.91913928513384,-0.135296081546928,0.565113879561472,0.104670497509849,-0.680641131143555,1.532388891659,1.09326798926151,1.58245908954124,0,1.0785619690809,0,-0.743408756311649,3.11693675202036,1.78958115409639,22.3277998627825,0,-0.931322595079468,0.586045023338786,-0.247385402498801,-0.571812376144213,0.711098715871019
"RNA575","protein-coding-exon2",-0.337245379738298,0.57072295032635,-1.13218091769286,-1.19626663001509,-0.0578134936694225,3.19643537550202,1.69441608009794,10.2001935906811,5.96974657268091,-0.674490759476595,-0.578974638853548,0.127337488514756,-0.540807906247,-0.661916663633936,-0.180410902230822,1.15397831657156,1.05003140211558,1.00308882178571,0,1.54772776943551,0,-1.33139876570906,0,0,-0.674490759476595,0,1.19923345104168,-0.368296667740518,-0.506254504396086,0.141360338812461,0.650252149774242
"RNA576","protein-coding-exon2",-0.252934034803723,-1.45274932810344,-0.819024493650152,0.0890836852138897,-0.55886377213775,3.2654622076122,3.40297710989792,11.4308433974455,16.660928461698,0,1.89562762467278,0.438717440898493,0.492195959618056,-1.42198732255269,-0.649889272808756,-0.932884497419348,2.15565270199022,NA,0,2.14258152958992,0,0.825496347846705,0,9.33368721760736,14.406165531026,7.77512431367757,0.4175783491802,0.75981447994545,-0.138370707420855,-0.141116861025244,-1.35617253026474
"RNA577","protein-coding-exon2",0,1.53057518496612,-0.120444778477964,0.559954592773022,-0.327609797460061,3.23834452356892,2.91981540691745,20.116391072109,33.5533985273954,-0.674490759476595,-0.671551801918963,-0.897331364377417,-0.443584012989112,0.0182121158763849,-0.446927007799081,1.56466395092336,2.55713529691676,1.08956199607758,0,0.86648517740769,245.467497002896,0.759538223046483,0,4.85868688900536,-0.629369324260207,0,0.356261007409601,-0.395052910794922,-0.141976141346616,0.195321282431759,0.975946669557013
"RNA578","protein-coding-exon2",1.09604748414947,1.34898151895319,-1.20444778477963,0.71266948171112,-1.54169316451793,3.20728244911934,5.59991113993703,58.2902014242405,85.0261037990944,-0.674490759476595,0.981611824249163,-1.27735418166364,-0.99046841256473,-0.610597569652532,-0.0656039644475716,0.0987578160723612,2.28536246342802,2.39530692788483,0,0.989576278533937,208.308031948803,-0.981219491364769,7.24227598078222,9.75819721156897,1.28563024870192,19.5148519091356,-0.486389137448389,-1.34348188550375,-0.364594012566263,2.21009608333944,1.55397372300401
"RNA579","protein-coding-exon2",0.168622689869149,1.16738785294026,0.746757626563373,0.687217000221437,-0.346880962016535,3.24721940198308,5.85973153183254,9.32453892048346,9.35226739632473,-0.674490759476595,1.10798699922735,-0.874450409409922,-0.92970347927855,-0.594745555185614,-0.627337910029903,1.56273131264405,2.29153911873459,2.71525767276476,0,2.43810404663986,0,-0.137804014260368,4.54046141466474,4.81881958323309,11.650725545667,11.5385091362733,0.195836792606363,0.214240469014767,-0.123365433278994,0.502943976719535,0.0962608737872937
"RNA580","protein-coding-exon2",0.843113449345744,0.0778258568626841,1.10809196199726,-0.26725105564167,-0.308338632903587,3.24771245078387,5.31180084863743,36.6828307785517,34.6104362847841,-0.674490759476595,4.41578373034242,-0.975922470570118,-1.06338633250815,0.609653529088746,-0.428475892798202,-0.200607853391606,2.08153283831147,2.15318203986759,0,0.944044689791036,245.400300863558,-0.293647968881895,4.81707952538767,6.74284949285091,19.9503073733141,0,-0.155227147071038,0.12194839387868,0.0225675025983359,1.49886835439243,2.1146094726103
"RNA581","protein-coding-exon2",1.60191555375691,0.259419522875614,-1.03582509491049,1.56532761161549,-0.55886377213775,3.26349001240905,2.12695375256582,15.9392816318416,24.5132089451569,-0.674490759476595,3.38567910639232,-1.21169578914822,-2.54605070469093,-0.223029583194605,-0.602736423362064,0.435809931982729,2.08770949361803,1.34898151895319,0,1.22658291347322,0,-1.31399206503766,5.54244323892119,6.29808892724264,38.9544018535005,9.4487013553896,0.0117236179075194,-0.339909126758147,1.62302555203779,1.01489386748959,1.782731152202
"RNA582","protein-coding-exon2",-0.252934034803723,-0.441013188888543,-1.15626987338845,-1.17081414852541,0.289067468347112,0.612366610577435,1.16658611490047,18.637244669748,22.5199377455096,-0.674490759476595,-0.288017840647958,-0.284519700900156,0.875015039320988,-0.537447537633561,-0.0635538405585849,-1.94423410897838,2.16182935729678,0.458307823746917,0,1.03285725642643,0,-1.33139876570906,5.34223289297368,5.83812700413835,3.87901341190779,14.7705463171116,-1.0981927853645,-0.246764912003634,-1.03884981473134,0.780051305167038,2.03390100371227
"RNA583","protein-coding-exon2",-0.674490759476595,0.726374664051718,-2.21618392399453,0.432692185324608,-1.38752384806614,3.25954562200276,5.73689381073581,38.2566425506637,66.4423733215751,-0.674490759476595,1.86329909153883,1.42060885624274,0.83855607934928,-1.42198732255269,-0.690891750588488,-0.115765032930224,1.45151399704212,3.32921721023704,0,-0.196841887455054,111.948768137647,0.279060620350083,0.0521043949975242,18.7012149130327,1.1341099640413,0,-1.29560078449455,-0.736369993888232,-0.138370707420855,-0.864639750180117,2.0201056104467
"RNA584","protein-coding-exon2",0.337245379738298,0.700432711764157,-0.505868069607446,0.17816737042778,-0.674490759476595,3.22108781554137,1.83214322193367,22.8025209387965,34.5601011534799,-0.674490759476595,-0.695063462380021,-1.01770508398902,-0.814250106034809,0.182108047089352,-0.651939396697742,-0.926120263441789,1.98888300871304,1.06362004379002,0,2.40434488388372,0,0.380136874735253,0.46975873822546,5.73375867334404,24.2582343797225,9.93174865965675,-0.833102043675577,0.0794842210102135,0.955800110047341,-0.299977321470124,2.11737372223409
"RNA585","protein-coding-exon2",-0.674490759476595,1.16738785294026,-2.21618392399453,0.636312037242071,-0.423965620242431,3.24869854838544,2.66669525435449,53.5805992791232,117.492263490319,0,-0.279200967975061,0.978906942957182,1.17276321242327,-1.0524347768537,-0.180410902230822,-1.89379224988858,1.53798717133399,0.700432711764157,0,0.914094253089431,0,0.417183244285269,4.98401648999909,14.7198021251764,-0.674490759476595,0,0.105996009328809,-0.0611438839438059,0.146318101262121,-1.09203265820021,0.141117725853137
"RNA586","protein-coding-exon2",0.337245379738298,0.907968330064647,-0.578134936694224,-0.0890836852138897,0,3.23587927956498,5.67212483052117,50.6104733031824,207.823690128878,-0.674490759476595,-0.227769210716497,-0.573018698316399,0.473966479632202,-1.79905285773849,0.459227751133001,-0.217808334077399,2.08153283831147,1.92835178670873,0,0.618571736039496,196.41431528592,0.641332849266457,0,3.73534954208397,0.842039311646678,12.1528393496712,0.180849899611184,-0.271895143494804,-1.08608476790499,1.74799345175712,0.350727657434049
"RNA587","protein-coding-exon2",-1.01173613921489,1.71216885097905,-2.55342930373282,-0.585407074262705,-0.134898151895319,3.22996269395554,2.60937098450934,24.4473317382219,35.5668037795643,-0.674490759476595,-0.430557282193121,0.363110807092858,1.3854404789249,-1.22271609354672,-0.637588529474836,0.803590996534007,1.19209447416651,2.58554791132695,0,1.16772078353943,0,-1.33139876570906,0,0,-0.674490759476595,0,1.06475428755268,-0.314825955625567,-1.51644767459827,-0.0124905696199455,1.52221564777836
"RNA588","protein-coding-exon2",0.0843113449345744,0.0518839045751228,1.54169316451793,0.738121963200802,-0.69376192403307,3.26053171960433,4.18243828558445,5.77458755481717,-0.241608630260273,-0.674490759476595,4.06310882342655,-1.35892976024341,-0.656261279490741,0.466316703487133,-0.512530972246653,0.958395322706143,0.951204917210583,0.371834649455046,0,1.9841731505034,195.406373195845,0.72559977835417,0.188143119641495,0,5.46485710627856,0,-0.637547262496543,-0.59871525665209,0.581882451388884,-0.283312110916954,2.99087763960931
"RNA589","protein-coding-exon2",0.505868069607446,-0.0778258568626838,0.529957025303039,-1.08173046331152,-0.828660075928389,0.970813088749573,0.332034082479649,32.8370501324132,-0.34227889286872,-0.674490759476595,-0.866992479501506,-0.887383123087202,-2.67365706459191,-1.14749441695722,-0.537132458914492,0.757207677830745,-0.0555898977590601,0.89932101263546,0,1.06228832139332,0,0.06150114262052,0.374234030731693,2.101751504711,3.01448915633835,0,-0.334183541384444,-0.0458618314328631,1.00610117005569,-0.0853271442711423,0.14564579961419
"RNA590","protein-coding-exon2",0.927424794280318,1.1414459006527,0.602223892389817,0.139988648193255,-1.00210055693666,3.2274974499516,6.05478294351341,13.3478171349053,6.61403625337497,-0.674490759476595,-0.345327513021786,-0.570034225929335,-0.814250106034809,-0.910540235446758,-0.664240140031662,1.25679467303046,2.59419522875614,3.10438695707818,0,1.3304572604152,177.196219435159,0.555009762574714,0.135306750258642,12.2877460709439,-0.578614904417533,7.13270127097088,0.105512561167674,-0.745028468852545,1.49609267225466,0.0819693631308355,1.80318938724254
"RNA591","protein-coding-exon2",0.337245379738298,1.6084010418288,0.722668670867781,-0.483597148303974,-1.09845637971903,3.12592939698948,1.27825677044295,3.11212403056745,2.73823114294976,-0.674490759476595,-0.168990059563853,-1.37982106695286,0.194447786515775,-2.08722123983438,-0.641688777252809,0.966125875823353,0.870908398225274,1.10685663093595,0,1.13171100993288,0,-0.552261902182232,6.08876875808175,3.73763243146059,9.59285038887567,12.6788715381895,-0.204135986039177,0.400687579887081,0.685024117332728,-0.0124905696199455,1.77517341398764
"RNA592","protein-coding-exon2",1.26467017401862,2.43854351503077,-0.192711645564742,1.32352903746351,-1.83076063286504,3.24672635318229,1.87234465792896,5.56159047287719,21.2414254103823,-0.674490759476595,3.02712628436119,-0.724231965927671,-0.413201546346022,0.400627214256976,0.98610959060256,0.79837287317989,1.88387986850148,1.01173613921489,0,0.827532297304447,0,-1.13359427224079,2.70298468502831,4.37742157938896,15.2039899830601,6.10154727196555,-1.25088182958958,-0.538066178705513,1.36698380024668,0.851143101244276,-0.109610122866904
"RNA593","protein-coding-exon2",0.75880210441117,0,-0.554045980998632,0.496323389048816,-1.21408336705787,3.25165684119016,3.09848845578542,105.989714607577,233.122127122381,0,-0.752373134753849,-0.325307490190039,-1.96878383847222,-0.122030354543926,-0.615037166695984,1.44329426698316,1.86534990258179,-0.358863673311265,0,1.34759652766063,174.105197025596,0.72242552583182,0.535731442560212,13.4704439131616,1.74051613725939,16.4488896949925,-0.823594229839926,-0.386746130586888,1.23987145718728,0.0498335097207713,1.65919989436607
"RNA594","protein-coding-exon2",0,0.207535618300491,0.337245379738298,0.432692185324608,0.0963558227823708,3.26496915881141,5.72647121621851,6.38991245819932,8.59724042676138,-0.674490759476595,-0.655387535351986,-0.399919299866654,-2.0295487717584,-0.473475677762515,0,-0.388653557967746,1.03150143619589,1.15009321808189,0,0.925520431253049,319.04726957836,0.593065260165418,4.49164645394893,5.0917725801097,-0.597247917757238,12.9181987220425,-1.22614539867819,0.308790754499937,0.0422145048604224,0.0992185682418463,1.51600566505098
"RNA595","protein-coding-exon2",0.75880210441117,1.37492347124075,-0.915380316432522,0.292703537131353,-0.963558227823707,3.23834452356892,4.46980410584711,37.3336551955905,223.598720279622,-0.674490759476595,-0.584852553968812,0.0676480407734634,0.170141813201303,-0.724551132706283,-0.682691255032542,0.466345616795709,1.61210703501274,1.63434299411637,0,1.60035743855278,150.519352117845,0.815047371819777,0,13.055924917413,4.14004326233225,10.4967461954727,0.48413304602976,-1.35978019131893,-0.282588064451056,1.59533807294642,2.23016601144881
"RNA596","protein-coding-exon2",1.68622689869149,0.726374664051718,-2.24027287969012,0.71266948171112,-1.52242199996146,3.24771245078387,6.05106058832866,19.0159061487524,0.231541603999428,-0.674490759476595,-0.36296125836758,-1.46239146966164,-1.39759346558213,-1.49222656283332,0.0205012388898661,-0.385561336720861,1.43298403112244,2.32612838845133,0,0.145770333541913,150.855332814536,0.515172893419229,0,0,2.63892524733552,0,-0.422976853646206,-2.00920318835466,0.683356967168444,2.15125350144813,1.678597725735
"RNA597","protein-coding-exon2",-0.674490759476595,1.24521370980294,0.120444778477964,-0.776300685435326,-0.501050278468328,3.24623330438151,6.06818342217851,40.3747801988446,41.5264833259844,0,-0.605425256872238,0.755071513927339,1.11807477246571,-1.80083604547009,-0.561733945582331,0.808422592232264,1.55034048194712,0.856084425489525,0,-0.501886219641337,74.8564992228924,-1.33139876570906,2.83292789022818,14.8081096577682,-0.674490759476595,9.78840713966551,-0.399529617831167,-0.500859474858857,-1.51644767459827,0.491295738384179,1.85333578401924
"RNA598","protein-coding-exon2",1.43329286388776,1.68622689869149,-3.05929737334027,0.598133315007547,-3.52662311383477,3.159456715443,1.73238410298238,8.9932101263546,0,-0.674490759476595,1.87652440054817,0.00397929651608567,-0.455736999646348,0.633188984810928,0.104556318338317,1.69801599219523,1.31562758029775,1.02903077407327,0,0.854193379686222,0,-0.498541231509217,0.582324177447085,0,20.6886775842273,0,-0.904571796830008,-1.38494537360054,1.70337755850601,0.708524696881372,2.16693994974822
"RNA599","protein-coding-exon2",0.252934034803723,-1.37492347124075,2.38480661386368,-1.51442264863613,-0.366152126573009,3.25905257320197,1.94828070369785,13.5134815319697,71.7577631873011,-0.674490759476595,0.402637185395615,-0.0447670858059686,0.710949719448303,-1.10417344441901,-0.664240140031662,0.738847614177371,0.833848466385901,1.08091467864839,0,0.633460392434513,0,-1.33139876570906,3.36225168162457,11.7056361374298,0.152582741429627,9.09555318523649,-0.0351708537225581,-0.731635232895089,0.924091340573726,-0.452506458889368,2.02485192890784
"RNA600","protein-coding-exon2",0.337245379738298,0.492897093463666,0.192711645564741,0.903563092883741,-0.847931240484862,3.26398306120984,5.05719175400057,47.3326848755505,75.3416245361618,-0.674490759476595,1.45331451224913,0.380022817286223,-0.552960892904236,-0.959105877783784,1.69135220841395,0.829488349476662,2.38418894833302,0.0432365871459356,0,1.63861782300975,225.174262922722,0.514898107379981,0.69739487125984,11.9203351689197,22.2071307765896,12.1759681606658,-1.30841216076463,-0.500859474858857,0.0902405103899688,0.592052999985012,1.60689028328786
"RNA601","protein-coding-exon2",1.01173613921489,0.985794186927332,-0.36133433543389,0.71266948171112,-1.58023549363088,3.19495622909966,5.60065561097398,163.71192381331,52.5599441078702,-0.674490759476595,-0.656857014130802,0.35813668644775,-1.44012891888246,-1.10645487578149,-0.36287192835063,-0.553894130848115,1.32798089091088,3.19086013137005,0,0.718291109103797,285.986769023905,0.725026517824014,0.131222335188711,3.03561977638238,2.93809248796415,21.2932004878317,1.08981301723817,-0.680478045153063,0.436509515775351,1.37379037447417,2.48318780888339
"RNA602","protein-coding-exon2",0.0843113449345744,1.66028494640393,-0.819024493650152,0.305429777876194,-1.00210055693666,3.2654622076122,2.8803584419591,-1.00581955360545,-0.312077814086186,-0.674490759476595,2.40994519725842,-0.760045634572447,-0.194447786515775,-0.293321270173222,0.229613875566501,0.807069745436752,0.870908398225274,1.79864202527092,0,0.948545911491855,303.524961391208,0.484107857913192,0,0,-0.428672527190393,0,1.0537155545401,0.47333132051547,-0.746065219487018,1.01431053142663,0.308571892066463
"RNA603","protein-coding-exon2",0.252934034803723,-0.830142473201963,1.54169316451793,-0.165441129682938,0.828660075928388,-0.344148062949315,0.137727141835729,4.99359825437058,2.01340525216894,-0.674490759476595,-0.0102863514517128,-0.0785911061927004,0.613725826190415,1.27474321795096,-0.383373167240496,1.2353423881302,-0.00617665530656223,0,0,-0.407706811747275,0,0.540434258268732,0.50036384840422,0,8.43208420385803,0,1.25305734631469,0.297284333464606,1.05878842835665,-0.548779220075949,2.07532550174332
"RNA604","protein-coding-exon2",0.674490759476595,1.58245908954124,0.313156424042705,1.01809925958731,-0.963558227823707,3.13381817780207,5.91258897545598,35.9373409917618,38.7580511042521,-0.674490759476595,3.76774358888451,-0.305411007609609,-0.589419852875944,-1.25699001068198,-0.510480848357666,1.20635281394066,2.18653597852303,-0.72464520056588,0,1.00325306754796,421.118205233274,0.682474952108371,5.81487092380108,9.32246077337884,0.270925121785495,17.7267949406393,-0.903685475201261,-0.604085391018795,0.862357050508169,0.282408732626371,1.65227652436841
"RNA605","protein-coding-exon2",1.43329286388776,-0.700432711764157,-0.939469272128114,0.979920537352789,-2.50525139234164,3.02781268563287,2.83345676663126,6.98157101914371,12.8857936138812,-0.674490759476595,0.133722568872266,-0.739154327862995,-3.20231198418167,0.542823324177346,10.1604139938176,1.30337125556165,1.6182836903193,2.72390499019394,0,1.21030926578565,0,0.627039237535221,0.690371157489974,5.58308797448762,7.63622350238489,12.1124462979912,1.30253020813749,-0.806168073409177,0.93394399509072,1.45548005992317,1.4789905100624
"RNA606","protein-coding-exon2",1.60191555375691,-0.726374664051718,1.01173613921489,1.51442264863613,-0.944287063267233,2.83848194613067,5.93045628034278,39.3571274740203,300.057784730737,-0.674490759476595,1.54736115409337,-0.61878060825139,-1.6892651453558,0.93195159990042,37.0006359484304,-0.319658371396644,2.02594294055241,2.36071765816808,0,0.0356635257834134,270.330068558076,0.269199117924307,9.24949996061932,11.6742128365988,5.00235999140904,12.4316370685264,0.952191440701788,-1.57328799749781,1.58469680010328,1.14325448991893,2.95639855344668
"RNA607","protein-coding-exon2",1.77053824362606,0.985794186927332,-1.61396003160471,0.674490759476595,-3.17974215181823,2.64126242581588,1.08618324290988,3.94044601588958,-0.120804315130136,-0.674490759476595,8.25112334305247,-0.942098450183386,-0.0425354533003258,-0.10293975647624,-0.170160282785889,-0.947959075997908,0.358246007780609,0.18159366601293,0,1.52349042181572,0,-0.0674730012838354,0.530694930735487,0,2.71706897655359,0,-1.15685116224886,-1.32183348364924,1.83991521184114,1.10460080899791,1.99664029450603
"RNA608","protein-coding-exon2",2.10778362336436,-0.337245379738298,-0.62631284808541,1.65441129682938,-0.501050278468328,2.74480267398114,3.79978017259221,3.54995136566629,67.5094781052246,-0.674490759476595,13.792527817968,-0.940108801925343,-2.704039531235,0.981592399546204,0.141458548340076,-0.0496688037780763,0.432365871459356,0,0,0.743394076281443,118.332401374788,0.0716161114790513,4.4755648196873,0,10.0030575663949,0,0.457462822473823,-1.39019044485214,1.77162989910097,1.77533645024836,1.12385391187437
"RNA609","protein-coding-exon2",1.60191555375691,1.53057518496612,1.05991405060608,1.23444535224962,-3.39172496193945,3.10078390814935,3.82807007199631,4.33094066611287,14.4260486317905,-0.674490759476595,0.965447557682185,-2.45522595042513,-2.82556939780736,0.0426129421153714,-0.676540883365582,-0.52007296096032,0.963558227823707,-0.664113978561571,0,0.740624093696323,364.74064432842,0.684905387248617,0.482715054883386,7.6123349125974,4.31646932134851,12.9902648463286,-0.0790034869987817,-0.861052033374367,0.510607399215003,2.1741563842703,2.43417275657877
"RNA610","protein-coding-exon2",0.0843113449345744,1.08956199607758,1.25262569617082,1.03082550033215,-1.1948122025014,3.17523427706818,5.24554292634889,67.6147403447239,212.263248709911,-0.674490759476595,0.142539441545163,0.554117039864991,0.820326599363427,0.22827425299342,-0.686791502810515,0.853839591795874,2.32859905057396,0.709080029193344,0,1.94695150951586,73.310988018111,0.764005865029432,7.54997725026458,9.7349385974496,-0.674490759476595,9.1242829903466,0.322822509597776,0.196111174663039,0.605059611917883,-0.353078496157947,1.46204907602353
"RNA611","protein-coding-exon2",1.34898151895319,1.37492347124075,-0.0963558227823708,1.69259001906391,-3.64225010117361,3.17622037466976,2.23639099499745,9.8570316253334,7.37913024919917,-0.674490759476595,13.3413978328715,-0.531236084897495,-1.16061022576603,0.635142624310986,-0.672440635587609,-0.832967098379405,1.97035304279335,1.45274932810344,0,2.17045447935269,316.695404701519,0.784768792908829,2.45842983266532,8.07541230826272,0.866999258431584,11.341420037456,0.101000378330416,-1.10433406164001,0.614373546346486,1.72004283107717,1.56963652866928
"RNA612","protein-coding-exon2",1.85484958856064,-0.415071236600981,-1.49351525312675,0.509049629793657,-3.08338632903586,3.21122683952563,5.4949407237271,2.81629475009526,5.91941144137669,-0.674490759476595,5.52083177201213,-0.647630507993014,-1.9930898117867,0.00199297452354985,-0.346470937238737,1.0239117603745,2.0444729064721,1.33168688409482,0,1.24735778286162,276.444917237863,0.538437321793851,2.11125455172111,3.28693635347313,1.00433990973149,0,-0.273107923694412,-1.55981950741757,2.63820961694067,0.402717925987856,0.94901419540511
"RNA613","protein-coding-exon2",0.843113449345744,1.6084010418288,-1.30080360756201,1.76894746353296,-1.92711645564741,3.09289512733676,6.02202621788761,38.3039752355393,78.2006599942417,-0.674490759476595,-0.318876895003096,-0.658573573412251,-0.978315425907494,-1.46655390416812,0.598636175584091,0.921481931571463,1.92711645564741,1.85052592984604,0,1.5679832670892,480.788376965705,0.709574540806637,3.84225046047222,12.7574304170404,0.00529738642697549,13.0645933329437,-0.4390917923507,-1.23288486119103,0.747414006172875,0.747660368492795,0.93297256813265
"RNA614","protein-coding-exon2",-0.252934034803723,0.57072295032635,-0.385423291129483,-0.0890836852138897,-0.501050278468328,-0.837689912537087,3.2131369954757,-1.07681858091877,-0.916099389736868,18.8857412653447,1.32693933727095,-0.190011408643111,0.018229479985854,NA,NA,0.800692039115053,2.06300287239178,NA,0.930730895353831,0.0583427581990793,0,-1.25775089573119,0,0,-0.674490759476595,0,0.422815704259161,-0.353650342248167,0.0422145048604224,-0.314762354422418,1.68259598899242
"RNA615","protein-coding-exon2",0.252934034803723,-1.73811080326661,1.01173613921489,-1.53987513012581,1.7151336455262,3.26349001240905,4.1965832352865,17.7497568283315,12.5837828260559,0,-0.226299731937681,1.81555403546429,0,-1.73943407380046,28.4946719330249,1.38744102071131,1.20444778477963,-0.647684075446115,0,2.55340457174546,127.87425316083,-1.33139876570906,0,1.57201373924859,-0.674490759476595,0,-0.928583055499704,0.397233376612198,-0.37375995682646,0.873478454801099,1.81363977338264
"RNA616","protein-coding-exon2",-0.421556724672872,0.907968330064647,-0.770846582258966,1.38716024118771,-1.36825268350966,3.23933062117049,1.87904489726151,9.93986382386561,12.6844530886643,-0.674490759476595,-0.54811558449841,-0.597889301541938,0.607649332861797,0.512902482975107,-0.569934441138278,0.125621488154667,0.907968330064647,0.233477570588052,0,0.75672461747233,0,0.684495577034911,1.61067368126249,5.82394623248127,-0.558310942497078,10.6262938946618,-0.0997111832340565,-1.16989745228499,-1.03278294001179,0.458942489246301,1.52401384614424
"RNA617","protein-coding-exon2",-0.505868069607446,-2.67202108561882,-0.746757626563373,0.547228352028181,1.27189686072729,3.09733256654384,4.44598103266471,12.5076619783642,27.8957297688007,0.674490759476595,-0.746495219638585,0.0935134681280238,0.905397505964078,-0.401636813193248,-0.670390511698622,-2.75710176925304,1.40827740989619,2.89685133877768,0,1.19403561809807,145.143660970779,0.521732225683696,0,0,-0.674490759476595,0,1.12155944648602,1.39005656995073,0.134259364773201,-0.799225351982544,2.25221356377139
"RNA618","protein-coding-exon2",0.505868069607446,1.24521370980294,-0.746757626563373,0.839931889159534,-2.08128577209921,3.13381817780207,5.81804115376335,64.0411226366199,68.7074542302651,0,2.76996749806837,-1.92100539314057,-0.613725826190415,-0.331305791191139,-0.672440635587609,0.735948656758417,2.39036560363958,0.778258568626841,0,0.872025142577929,248.49132327312,0.674887541041889,0.408944558114682,4.84010148372753,2.28634399144933,12.9178692518004,-0.53078579357927,-1.41085476171085,-0.164434085197401,1.14379005296784,0.772630619220686
"RNA619","protein-coding-exon2",-0.590179414542021,1.42680737581587,-2.21618392399453,0.674490759476595,-1.46460850629204,0.168129641068362,0.438493440763482,5.32492704849944,6.3724276231147,0,-0.509909136249191,1.11619267276215,0.935779972607168,0.62242430004886,-0.578134936694224,0.49707456543662,-0.0370599318393734,0.0605312220043099,0,0.441812222326558,0,0.796999140500538,1.79868278728514,0.500720898609556,-0.201565451973115,0,1.02084107958293,-0.656350177501604,-0.59470025503879,-0.192951336666196,2.26454726613211
"RNA620","protein-coding-exon2",1.09604748414947,0.363187332025859,1.20444778477963,-0.0254524814896829,-2.50525139234164,3.09437427373912,2.54534647533165,270.719291145711,-0.432882129216322,0,-0.722983559177527,-0.643651211476928,-1.15453373243742,0.0509913021189783,-0.174260530563862,1.4071539311602,0.895615019451523,2.58554791132695,0,2.33492219534416,430.727253158654,0.637443205503996,1.42603491774368,0,1.49744444713704,0,-0.827784113903094,-0.526904167551515,1.67684509306584,0.229326858222038,0.60955845381758
"RNA621","protein-coding-exon2",-0.927424794280318,0.259419522875614,-1.39715943034438,1.75622122278812,1.07918521516255,3.17424817946661,5.01699031800527,10.1765272482434,0.805362100867577,-0.674490759476595,-0.195440677582543,1.04556015960162,0.680567252805213,-0.869304019153576,-0.664240140031662,0.619024040860612,1.08091467864839,3.31192257537867,0,0.946987796287725,212.742977145132,0.630170850844583,0,0,-0.674490759476595,0,-0.834874686933072,-0.00945017877092746,-1.23224575508384,-0.0837810849035412,0.937950338004301
"RNA622","protein-coding-exon2",-0.168622689869149,0.856084425489525,-0.939469272128114,-0.139988648193255,-0.404694455685957,-0.837689912537087,3.09848845578542,2.68612986668749,0.181206472695205,14.8387967084851,1.31665298581924,-0.536210205542603,0.35851310638846,-2.29771606220982,-0.709342865589368,0.734595809962905,1.88387986850148,NA,0,-0.311449916914372,0,-1.33139876570906,0,0,-0.674490759476595,0,1.05178176189556,-0.557478372016813,0.160096518432928,-0.314762354422418,0.488351055826406
"RNA623","protein-coding-exon2",-0.927424794280318,0.778258568626841,-5.32365920872598,-0.699943240966278,-0.635948430363647,3.04852073526593,5.97363560048587,108.273516652822,201.843876529936,1.34898151895319,-0.761190007426746,2.28809549674951,1.06946282583676,-2.30116443260254,-0.697042122255448,0.818472311284637,1.25386102723213,0.484249776034479,0,-0.00103874346941972,86.2798429104074,-1.33139876570906,0,6.27311143171029,-0.674490759476595,0,0.774282517404174,-0.974399341998132,-1.37951402246859,0.0562075632897075,-1.16178844357757
"RNA624","protein-coding-exon2",0,0.0778258568626841,-0.192711645564742,-0.521775870538498,-0.46250794935538,3.04802768646514,3.41339970441522,23.4533453558353,38.6070457103394,-0.674490759476595,-0.756781571090298,-0.472541461285225,-1.09376879915124,-1.02555584413477,-0.645789025030783,0.177416194039976,1.14268123171401,1.03767809150245,0,1.93465971179439,0,0.767165904480785,0,2.22503290255249,20.8547160799316,3.98667778800037,-0.18367001388447,0.321604504909363,0.782596274315813,-0.64885222183568,0.924713166022723
"RNA625","protein-coding-exon2",1.68622689869149,1.06362004379002,-2.36071765816808,-0.71266948171112,-2.35108207588985,3.23686537716656,2.60937098450934,27.2517933170982,140.817563336696,-0.674490759476595,0.399698227837982,-3.17448379570769,-5.40200256914138,-0.680509018070735,-0.569934441138278,0.792381694514053,1.19827112947307,3.2254494010868,0,1.45233649416046,193.793665851725,0.664530949976432,0.627235741488571,7.35224666879605,4.97580195796075,10.8116538528607,0.266097925357957,-1.2547847896464,1.25826053960839,1.61818616418289,-0.464956265160891
"RNA626","protein-coding-exon2",1.09604748414947,-1.01173613921489,-0.409512246825075,-0.903563092883741,0.23125397467769,-0.835224668533152,-0.939522448630754,8.05838960006248,18.7548699239537,120802.644003777,-0.537829233046697,-0.288498997416243,-0.516501932932528,-0.245450546584539,-0.500230228912733,0.769769826646213,-0.812230172812933,-0.739345640195499,0,-0.763476450023559,0,0.802075575691131,0.911237602569318,0,-0.469163709446232,0,0.73955482449599,-0.353650342248167,1.33891665415799,0.513199490906097,2.59726161342939
"RNA627","protein-coding-exon2",1.18035882908404,-0.207535618300491,0.602223892389817,0.929015574373424,-1.92711645564741,3.2654622076122,6.08381731395446,5.50242461678275,14.5971880782248,0,0.146947877881611,-0.993829304892505,-3.02001718432313,-0.398201554475024,-0.647839148919769,1.20074816293068,1.3897474439765,1.03767809150245,0,1.47813195698439,208.711208784833,0.739144835012971,0.149626205442601,2.05863443876731,4.94027838746872,0,0.160303352762954,-1.14263061058709,1.06367061289779,0.999902967995999,0.967641921484845
"RNA628","protein-coding-exon2",0.75880210441117,0.492897093463666,0.0722668670867781,0.776300685435327,-1.40679501262261,3.25362903639331,1.76141847342343,3.3487874549452,4.53016181738012,-0.674490759476595,4.80372612794987,-0.89235724373231,1.20922217239498,-0.769550399580116,-0.578134936694224,2.10097107342982,0.957381572517145,1.06362004379002,0,0.628266675087414,0,0.644182570001073,1.55929846036572,2.13932517809783,3.46246806016424,0,-1.09408347599486,-1.40402220533014,1.13167246900633,0.255653755608063,0.436909748101742
"RNA629","protein-coding-exon2",1.51760420882234,-0.38912928431342,-0.385423291129483,0.71266948171112,-3.50735194927829,3.24327501157679,2.99872933683413,1196.21527851735,3.92614024172944,-0.674490759476595,0.195440677582543,-0.693392417928004,-0.546884399575618,-0.677152429399493,-0.625287786140917,-0.176449874900324,0.840025121692463,-0.184187861241685,0,0.654235261822909,116.450909473315,0.52355860530663,3.86932321168257,0,10.5188874378781,0,1.24419413002722,-1.17094137423313,0.136062321490962,2.37927161109866,0.618370789573535
"RNA630","protein-coding-exon2",1.60191555375691,-1.19332980522782,-0.794935537954559,0.394513463090084,-0.308338632903587,3.16882464265795,1.54328845959711,1.66847714186316,0.583887523128993,-0.674490759476595,0.893443097520196,-0.883403826571116,-0.48004297296082,0.155006215903975,-0.0307518583347991,0.349614264725834,1.40210075458963,1.22791907494457,0,1.28960001728469,0,0.303727405062937,0.455961336094025,2.42633003052555,5.26231993635547,0,1.29745400244557,0.0910653590652485,2.35504012652265,0.337245379738298,2.3139003342807
"RNA631","protein-coding-exon2",1.26467017401862,1.27115566209051,0.529957025303039,1.52714888938097,-1.54169316451793,3.2501776947878,3.18484709607161,1263.60518860892,13672.3102415885,-0.674490759476595,-0.20425755025544,0.557101512252055,0.267365706459191,-0.801267540188449,-0.678591007254568,0.535340803366811,1.33415754621744,2.94873524335281,0,0.932445387715848,187.880405589953,-1.29379998146635,4.28204515366579,14.5099374476606,28.720823671689,12.9070406631771,-1.3043834260885,-0.907807798181673,0.535845436695292,1.5555443140429,0.431107701934255
"RNA632","protein-coding-exon2",1.01173613921489,1.06362004379002,-1.34898151895319,-2.04892475991947,-3.98913106319015,0.922987355073235,1.06459358283833,12.424829779832,3.32211866607875,-0.674490759476595,0.637753790006192,-0.695382066186047,-0.644108292833505,0.152029865793148,1.20342272283514,0.328161979825576,1.56269379256024,1.01173613921489,0,0.656312748761749,0,-1.33139876570906,3.37488296525171,3.01897348419857,29.7472557752311,6.84946668618893,0.0213120064366933,-0.95484953096945,0.832781036250353,0.958106904516443,2.24218804164288
"RNA633","protein-coding-exon2",1.68622689869149,0.0518839045751228,0.650401803781003,0.369060981600401,-2.19691275943805,3.2654622076122,5.45697270084265,60.0178444221981,13.9025632662265,-0.674490759476595,-0.662734929246066,-1.37385212217873,-4.17455091676055,0.675238124922926,-0.291117592236099,0.388653557967746,2.01358962993929,-0.46954933640486,0,0.641770340189872,351.838985575462,0.0756597301772978,0.29597507783325,0,1.05504530352568,0,-0.548673375541259,-1.3421260972324,1.17617688320833,1.71955350701371,1.0008233433276
"RNA634","protein-coding-exon2",1.43329286388776,0.363187332025859,-2.55342930373282,-0.572680833517863,-2.08128577209921,3.26349001240905,5.07059223266566,19.8323949628557,23.2246295837687,-0.674490759476595,2.70677991057928,1.08236865237542,-1.84725397189986,-1.27740488787386,-0.684741378921528,-1.16170886968877,0.636195496575909,-0.188511519956279,0,0.519544858621474,202.529163965707,0.426755747600802,4.04704127189973,5.75411667507901,25.2747800149233,11.3593432186256,-1.09134393641509,-1.13771874873048,1.52907669065086,0.83695933657679,-0.838899770796673
"RNA635","protein-coding-exon2",1.77053824362606,-0.0259419522875614,0.0240889556955927,1.38716024118771,-2.89067468347112,3.25362903639331,2.66669525435449,39.9369528637458,115.428523106845,-0.674490759476595,-0.0881687267289667,0.0109430654192369,-1.2152986657236,0.0550559212130599,-0.227563751677514,1.0028460031301,1.05003140211558,0.18159366601293,0,1.22069670047984,0,-1.31968316817191,6.97249856523028,11.5766663164122,24.9978234702942,21.3227869155713,0.784837802255618,-2.10593937336002,1.39100405550398,1.60431200025375,0.684461098894174
"RNA636","protein-coding-exon2",0.168622689869149,-1.73811080326661,1.46942629743115,0.0763574444690486,-0.23125397467769,3.20826854672091,2.94810530632154,28.0564489599826,13.5099492420536,-0.674490759476595,-0.549585063277226,0.869476288764814,0.662337772819359,-0.43804793327152,-0.592485803917131,0.245638325299356,2.0444729064721,3.19086013137005,0,1.91284609893658,0,0.539098229595146,0.350070575172285,8.87426244494462,39.1896456275937,0.382923494164774,0.712723451553007,0.854168455772803,-0.0915975105462069,0.457256122978502,-0.161119017894069
"RNA637","protein-coding-exon2",-0.168622689869149,0.207535618300491,-0.0240889556955927,0.763574444690485,-1.09845637971903,3.08254110252023,1.5820009535185,27.9972831038881,50.9995550374393,-0.674490759476595,1.9793879150653,0.435732968511429,1.07553931916538,1.34523158004704,-0.535082335025506,-0.932884497419348,0.753551947400592,2.96602987821118,0,0.545686569268539,0,0.318779047247272,1.30626274615332,6.93412876508895,7.73860939370008,16.6728196361986,0.448438456799306,0.675352453196773,-1.71080511633071,1.57199862490916,0.15426760312681
"RNA638","protein-coding-exon2",2.36071765816808,-0.0259419522875614,-0.0481779113911854,2.26527085258177,-1.09845637971903,3.09240207853597,2.17162201478281,71.7563502713346,5.20465257685671,17.5367597463915,7.2415914220058,-0.249700856384404,-3.79173183705762,3.23133284477136,0.379272919462523,0.0863889310848253,1.26621433784526,NA,0,1.52227855443473,NA,0.595021926272478,0.606720656687026,0,9.75756166006287,0,-0.0199422366468113,-1.19740358175558,1.70626990575604,2.18425205249107,0.452161101307061
"RNA639","protein-coding-exon2",0.421556724672872,0.207535618300491,0.240889556955927,0.458144666814291,-0.905744734154285,3.2388375723697,4.24497385268824,25.4413181206084,125.475415315168,1.34898151895319,-0.380595003713373,-0.259649097674619,-0.461813492974966,0.388407133625738,0.594535927806117,-0.42981875331689,0.907968330064647,-0.869055401633305,0,1.574908223552,229.004442865007,0.730237977189065,5.5999190797804,13.9563502025931,-0.31734547642464,8.63624970308251,0.71312632502062,-0.400687579887081,1.14849186300241,-0.37183464945505,2.10273881109308
"RNA640","protein-coding-exon2",0.168622689869149,-1.1414459006527,1.15626987338845,0.330882259365877,-1.25262569617082,2.92624463267075,5.96395747700552,48.2911717442804,77.0530190005054,-0.674490759476595,-0.650979099015537,-1.51213267611272,0.139759346558213,-0.120902750537181,-0.684741378921528,0.505191646209691,1.95182307687366,0.475602458605291,0,0.874968249074618,278.057624581983,0.640086836709176,0.285666030198368,7.38957862448418,-0.410824066057552,11.8793570840551,-0.369797555921375,0.932692938056482,-0.174728024319235,0.508229731930536,2.59943242315741
"RNA641","protein-coding-exon2",1.34898151895319,1.19332980522782,-0.62631284808541,1.17081414852541,-1.0406428860496,3.15255403223198,5.66468012015167,24.116002944093,2.93957166816665,-0.674490759476595,2.46872434841107,0.231794022062015,-1.39151697225352,-0.593591727829874,-0.678591007254568,0.422281464027611,0.61148887534966,1.37492347124075,0,-0.00588621299337885,240.965355667228,0.541351001347948,0.996439261005339,0.187818949093544,3.01908026971876,3.16544026257092,0.42507179567779,-1.04759920695669,1.0131663571103,1.32581198904751,1.94703846973365
"RNA642","protein-coding-exon2",-0.505868069607446,1.78999470784173,-1.27671465186641,-0.99264677809763,-2.54379372145459,3.18016476507605,4.80034924625285,30.541414915949,46.8519402179713,0,-0.199849113918991,0.654594276896165,0.279518693116427,-0.851472141837605,-0.366972176128604,0.0726671993017762,2.20506594444271,0,0,0.805199312711921,165.168110493599,-1.33139876570906,0.196988018485393,6.74816728222231,-0.674490759476595,15.9505989008581,-0.181011048998229,0.0622690157932591,-1.19076763710065,0.518527430708726,1.63357038606212
"RNA643","protein-coding-exon2",0.168622689869149,0.18159366601293,-0.240889556955927,1.59078009310518,-1.23335453161435,3.19002574109179,3.93825178546489,50.551307447088,122.445240410654,-0.674490759476595,-0.630406396112112,1.78670413572266,0.0243059733144718,-0.105430974630677,7.67361371647689,1.44445384995074,0.364422663087171,1.89376251699198,0,1.29583247810121,278.998370532719,0.843663021424241,0,2.44076326289016,-0.496897284609624,8.11381972254441,0.219928625969581,-0.535128807349198,-0.168732256269319,0.544325876068826,0.336956891620982
"RNA644","protein-coding-exon2",0.843113449345744,0.856084425489525,0.481779113911854,1.33625527820835,0,2.00079203359358,1.307291140884,6.08225000650824,-0.795295074606732,-0.674490759476595,5.31363526419906,-0.414841661801977,-1.40974645223937,1.05929218261565,9.42646964156044,0.25588130817966,1.95182307687366,0.752316616339279,0,0.874275753428338,0,0.540803798114618,0,0,3.48069708261269,6.16467377034967,-0.222184717388211,-0.546712807064238,0.414123956131423,1.08377681892425,2.00030089800858
"RNA645","protein-coding-exon2",0.590179414542021,0.259419522875614,-0.192711645564742,0.598133315007547,0.0385423291129483,3.26349001240905,4.21445054017329,37.6886503321571,76.1469866370294,-0.674490759476595,-0.737678346965688,-0.978906942957182,-0.668414266147977,0.225809258187977,-0.348521061127724,0.0800112247631269,0.753551947400592,-0.121927175751538,0,0.860772088325881,208.173639670126,0.790586676636359,0,8.41392451653124,0.0614389834981362,14.7759715937647,-1.10101289963779,-0.214367855239586,0.77308298900996,0.320008393662785,1.18595651945952
"RNA646","protein-coding-exon2",-0.590179414542021,0.259419522875614,-2.02347227842979,-0.99264677809763,0.173440481008267,3.26250391480748,5.35646911085442,41.5344309782956,31.6104624590524,-0.674490759476595,-0.539298711825513,0.60584789457411,0.285595186445045,-1.41174710477051,-0.694991998366461,0.790062528578889,1.1117979551812,1.97158837385466,0,0.471070163381883,85.3390969596709,-1.33139876570906,0.162779542122264,6.79318048922469,-0.674490759476595,0,0.683233113723783,-0.417229727680583,-0.659670144759352,-0.16501302984137,2.15289694392792
"RNA647","protein-coding-exon2",0.252934034803723,1.21927175751538,-0.963558227823707,-1.55260137087065,-0.211982810121216,0.826842838919773,0.687891238141693,135.063816292383,788.530032959444,-0.674490759476595,0.223360774380049,0.953041515602623,0.601572839533179,-0.123839765624517,-0.512530972246653,-0.434843612843077,1.9456464215671,NA,0,0.665834563898097,0,-1.33139876570906,0.497665574197884,15.9836633991133,7.76367768534352,0,0.782339986756421,-0.917574557941417,0.230825726576434,0.229326858222038,-0.801691456987945
"RNA648","protein-coding-exon2",0,0.363187332025859,0.240889556955927,0.139988648193255,-1.42606617717909,3.26349001240905,6.08381731395446,34.3871955620875,57.5129210282058,-0.674490759476595,-0.218952338043601,-0.654594276896165,-0.44966050631773,-1.3706026701988,-0.0328019822237858,1.14605449962642,2.68684505835457,1.16738785294026,0,1.40334242718616,289.41377213016,0.492479356729597,0.00559631871390093,16.7870255995042,23.5348970179309,19.9731889452461,0.907150187022727,0.0560171781092116,0.188015942700104,-0.082092625331035,1.28664861327322
"RNA649","protein-coding-exon2",-0.252934034803723,-0.155651713725368,-0.867202405041337,0.330882259365877,-0.385423291129483,3.2654622076122,3.8712493921394,12.8389907724931,6.04021575650682,0,0.0470233209221156,1.09331171779466,-0.613725826190415,1.27474321795096,-0.584285308361184,1.22645225204541,1.56887044786681,0.674490759476595,0,3.67819062521554,167.587171509779,0.818640909936496,4.75891361440157,5.12252444288878,-0.526696183638831,11.1416073179708,-0.261505167827176,0.0981684570723309,-0.582560167073856,0.320008393662785,2.53324350464811
"RNA650","protein-coding-exon2",-0.421556724672872,-0.648548807189034,0.505868069607446,0.0127262407448417,-0.79011774681544,3.15649842263828,6.05478294351341,17.4184280342026,0.543619418085614,-0.674490759476595,-0.133722568872266,-0.544168798574775,0.668414266147977,-1.44308400681843,-0.645789025030783,-0.90389492322981,2.4521321567052,1.72946348583742,0,0.546032817091679,138.222458618932,0.640086836709176,0.310359539623365,0,1.05723928691101,0,-0.975880400597394,0.637227936921264,-0.0608084313710122,-0.520510376010656,1.00855179946022
"RNA651","protein-coding-exon2",0.0843113449345744,-0.752316616339279,0.168622689869149,-1.48897016714645,-0.0963558227823708,3.21073379072484,5.57311018260684,0.390494650223292,2.26508090869006,-0.674490759476595,-0.155764750554508,-0.0119378895482579,-0.157988826544067,-1.17950001440448,0.0820049555594645,0.725705673878114,1.62446034562587,1.90240983442117,0,1.10730053840152,181.698360770827,-1.33139876570906,2.31212496474653,0,-0.325304760594737,0,0.366977441648089,-0.220378168937898,-0.102871050305742,0.417665431829736,2.22507053782187
"RNA652","protein-coding-exon2",0.337245379738298,1.24521370980294,0.36133433543389,0.852658129904375,0.0192711645564742,3.26102476840512,5.55598734875699,27.1571279473471,99.7138951136668,-0.674490759476595,0.282139925532693,-0.281535228513092,-1.8594069585571,-0.021791603014076,28.2507071902355,-1.02565113482587,1.40210075458963,NA,0,2.59789741701894,303.524961391208,0.767848131888574,0,3.93523396439575,2.45612038477303,6.6573416056858,0.817792851906308,0.483604985772808,0.155584288248333,0.544325876068826,1.96004953076029
"RNA653","protein-coding-exon2",-1.01173613921489,1.19332980522782,-5.90179414542021,1.05627798182184,1.00210055693666,0.185386349095906,0.408714599285486,21.2997081939977,24.9964262056774,-0.674490759476595,-0.00587791511526445,0.333266083222211,1.19706918573774,-0.513217163163035,6.45379000252985,-1.81957893996337,0.172946348583742,NA,0,-0.16446771599147,0,0.382896579353564,0,3.17585901366379,-0.674490759476595,0,-0.643670939204251,0.801375159774162,-0.557912109690512,-0.974264430355084,1.27108522862884
"RNA654","protein-coding-exon2",1.01173613921489,-1.53057518496612,0.120444778477964,-2.03619851917463,-2.10055693665568,3.23489318196341,5.67882506985372,46.0310360414729,24.6642143390695,-0.674490759476595,0.38941187638627,-0.182052815610939,-0.291671679773663,-1.03908709221571,-0.49612998113476,0.128906973229481,2.56948860752989,NA,0,0.658736483523728,202.865144662399,-1.33139876570906,1.19020095162207,11.3702394017223,23.4537738051032,13.2078909235694,-0.0734438331457313,-0.577461512190208,0.43284313807128,1.36551315521487,1.19913712422098
"RNA655","protein-coding-exon2",-0.252934034803723,0.752316616339279,-0.554045980998632,0.53450211128334,-0.327609797460061,3.2654622076122,5.58502171919803,13.797477641223,27.7648584274097,-0.674490759476595,-0.179276411015566,0.0766014579346575,-0.0607649332861797,-1.7321964294781,-0.678591007254568,1.06700959400295,1.30327426968463,NA,0,0.356462133922564,112.553533391692,0.810669745953134,0,10.4533773130306,-0.674490759476595,3.02016585049276,-0.369152958373196,-0.104980145930416,-0.419882988343799,0.120509015693146,2.25722006577354
"RNA656","protein-coding-exon2",1.26467017401862,0.57072295032635,-1.44533734173556,2.02347227842979,0.0963558227823708,3.2615178172059,2.09121914279222,4.73326848755505,14.4461826843122,-0.674490759476595,0.167520580785037,-2.09708926397738,-2.56428018467679,0.134591338712089,37.7120289379087,0.0432910974563779,2.6003718840627,1.06362004379002,0,0.945083433260455,134.123494119294,-1.32375987963712,10.1890354388996,13.7270406790929,50.5259036071409,11.1248921943555,0.587510377819089,-1.23690513791231,0.382762544069885,1.82742464222121,1.66973000474249
"RNA657","protein-coding-exon2",1.01173613921489,1.66028494640393,-1.90302749995182,0.585407074262705,-2.04274344298626,3.24426110917836,4.50032741836205,16.5664397064427,26.1742682781962,-0.674490759476595,0.0323285331339545,-0.122363367869648,-0.0668414266147978,-0.257211718608381,-0.682691255032542,0.922834778366975,1.04385474680902,-0.00864731742918712,0,1.23039163952776,198.564591744746,0.814246702153692,0.396596303249734,3.95229923392398,-0.47437780576321,26.8687375359618,-0.0191364897115866,-0.56798497148942,1.58926402318825,0.190062688237391,0.591109014800006
"RNA658","protein-coding-exon2",0.421556724672872,0.752316616339279,0.939469272128115,-0.0890836852138897,-1.15626987338845,3.20777549792012,5.95427935352518,193.827344565379,566.632640117905,1.34898151895319,-0.624528480996847,1.86032112127026,-1.60419423875515,-2.01700822290275,-0.293167716125085,0.731890116371882,2.19888928913615,NA,0,1.14469530330063,226.182205012797,0.698104592513193,0,18.367805633959,-0.622475747204871,14.6228557899248,1.28754331514231,-0.286567699539498,-0.534512055212663,1.26929484694752,2.58013440077215
"RNA659","protein-coding-exon2",0.421556724672872,1.1414459006527,0.433601202520668,0.814479407669851,-0.308338632903587,3.15058183702883,5.20385254827969,105.3152238481,2.01340525216894,-0.674490759476595,8.35251737879078,-0.236768142707124,0.121529866572359,-0.930587985752728,40.6744579574944,0.54249156500023,0.790611879239965,3.00926646535712,0,1.31175987796565,0,0.211704876901961,0.317542269552908,9.42854798558613,-0.208439933247135,0.615896295282014,0.624171863371813,-0.524753688338361,-0.410928281257735,1.20768911215151,1.87070189997056
"RNA660","protein-coding-exon2",0.590179414542021,-0.0259419522875614,0.0240889556955927,0.432692185324608,-0.173440481008267,3.2654622076122,5.87908777879324,10.6498540969989,20.6374038347316,-0.674490759476595,-0.673021280697779,0.494427592123699,0.352436613059843,0.297792351176713,-0.664240140031662,1.56079867436475,1.27856764845838,1.0722673612192,0,1.03874346941981,0,0.704294384931774,0.502487064171474,4.18408502095975,-0.422731166010503,8.6697678090443,0.717880231938445,-0.761306401785459,0.326518184652941,0.805421318669113,1.43863253252751
"RNA661","protein-coding-exon2",0.843113449345744,-0.233477570588052,0.36133433543389,0.941741815118265,-1.23335453161435,3.25905257320197,5.98778055018792,2344.36421554358,0.120804315130137,0,2.66269554721479,-1.02964297353728,-0.947932959264404,-0.0825773259823412,-0.256265486123326,0.573027249813211,1.4885739288815,1.16738785294026,0,1.06540455180158,192.113762368267,0.739218269213115,1.68261099173756,0,-0.359207221140942,0,0.011481893826952,-0.775865546768936,1.52415981834336,0.00628407539884886,0.879917759830517
"RNA662","protein-coding-exon2",-0.505868069607446,-1.01173613921489,1.51760420882234,2.1507346858782,-0.46250794935538,3.24919159718623,5.20087466413189,19.6667305657913,38.37550410634,-0.674490759476595,1.03598253906536,0.532230909026517,0.631955306176269,0.105876771563577,-0.656039644475716,0.649366461845662,1.24768437192557,0.553428315467976,0,-0.0547071560561098,116.786890170006,0.771664341450891,0,0,-0.674490759476595,0,0.760584819505354,1.52820379305771,-0.815856896260369,0.128100958195166,2.91087163216762
"RNA663","protein-coding-exon2",0.843113449345744,-1.99753032614222,1.58987107590912,2.04892475991947,0.674490759476595,3.19840757070517,5.39071477855411,23.1930155890198,30.7044300955764,-0.674490759476595,0.637753790006192,-0.711299252250392,0.650184786162123,1.03192811794033,-0.596586051695104,1.02333196889071,2.69302171366113,1.61704835925799,0,-0.243931591402085,223.561555578602,0.713634741421045,0.324933020622153,14.472820352149,14.3766415570753,0,-0.253850571942541,-1.04345723928928,1.74713770115907,-0.264383723622001,2.35025845276812
"RNA664","protein-coding-exon2",1.77053824362606,1.34898151895319,-3.44472066446975,0.725395722455961,-3.00630167080997,3.1555123250367,2.911626225511,18.7319100394991,-0.845630205910955,-0.674490759476595,2.2894479373955,0.379027993157202,0.151912333215449,1.07607512597185,-0.412074901686309,-0.235008814763192,1.16738785294026,NA,0,0.766592680431818,0,-1.16931977372628,1.90672376671823,0,29.3964892957254,0,1.28834906207753,-0.441666991466448,1.70149315044919,1.29277395566347,1.07342737768085
"RNA665","protein-coding-exon2",0.843113449345744,0.441013188888543,0,1.60350633385002,-0.905744734154285,2.8981408510259,4.67676705411917,91.2574164400614,105.703775738869,-0.674490759476595,2.71853574080981,0.276561107867984,0.194447786515775,1.12403763128202,-0.608886795029024,-0.193263827930257,2.16182935729678,2.91414597363606,0,0.151829670446862,173.56762791089,0.296905130985052,0.828478192321538,8.52393292696188,4.42157737723438,0,0.653501051813992,-0.276336261991088,0.405345305290674,1.02982592969894,1.70466321314151
"RNA666","protein-coding-exon2",-0.252934034803723,-0.596664902613911,0.0722668670867781,-1.24717159299446,-0.944287063267233,3.2654622076122,3.44541195900407,63.3429655347055,0.15100539391267,-0.674490759476595,5.33420796710249,-0.129327136772798,0.133682853229595,-0.245450546584539,-0.658089768364702,1.15088609532468,0.938851606597458,1.58245908954124,0,2.07696756710491,0,-1.33139876570906,0,1.8040519869919,-0.674490759476595,0,0.200993572991801,0.461661776826427,0.120802513908755,-0.373902486231604,2.37250926925735
"RNA667","protein-coding-exon2",0.0843113449345744,0.0259419522875614,1.03582509491049,0.114536166703573,-1.31043918984024,3.2654622076122,5.71455967962731,54.2550900385998,1.21811017756221,-0.674490759476595,2.19687077433009,1.19577860308388,-0.765638159405865,-1.08535819151576,5.9412590302832,1.29950597900305,1.35268751213713,2.27424448387621,0,0.48543944804219,134.795455512677,-1.06276698620199,0.10089325306071,8.86539946265895,23.7040504283181,0,-1.28399802862732,-0.44877008947353,0.230825726576434,-0.04271774810019,1.34202246815167
"RNA668","protein-coding-exon2",-0.421556724672872,0.907968330064647,-0.337245379738297,1.64168505608454,0.963558227823707,3.21714342513508,5.44133880906671,39.0494650223292,70.8013956925208,-0.674490759476595,-0.196910156361359,-0.609827191090196,1.24568113236668,0.182108047089352,-0.61708729058497,0.13528467955118,2.69302171366113,0.726374664051718,0,0.21744363293188,59.804564011108,0.756835370712154,0,4.28592337317433,-0.448201687941253,0,-1.19746080778419,-1.19444096504383,-1.10713512747151,0.513199490906097,1.94097046620468
"RNA669","protein-coding-exon2",0.421556724672872,-0.985794186927331,-1.56578212021352,1.90893611172621,-1.1177275442755,3.2274974499516,5.21427514279699,34.5291936167141,64.7007777784489,0,0.154295271775692,-0.285514525029178,0.170141813201303,0.540187877603442,-0.582235184472198,1.28404487276862,2.33477570588052,3.38110111481216,0,1.27523073262438,204.141871309827,0.679651288670579,0,2.1104855708907,2.97100223874403,8.3252297945511,0.811185727037465,0.046297934650817,1.07838749811119,-0.29190146313483,1.60510304109676
"RNA670","protein-coding-exon2",-0.590179414542021,-0.441013188888543,-0.698579715172188,0.330882259365877,0,3.2654622076122,5.43166068558636,170.326666524669,157.307352351959,-0.674490759476595,0.066126545046725,-0.292478293932328,-1.04515685252229,-0.174568834253555,-0.602736423362064,-0.549642326633649,1.30945092499119,1.98888300871304,0,2.40780736211511,211.466250497704,0.593287931611016,0,0,3.6747156380335,0,-0.0275968325314459,0.841859138052908,-0.775019350890939,-0.0751375716515412,2.60058083908431
"RNA671","protein-coding-exon2",-0.252934034803723,1.08956199607758,0.216800601260334,0.17816737042778,-0.46250794935538,3.2501776947878,3.81243618022036,83.3173585521878,-0.17113944643436,-0.674490759476595,0.623059002218031,-0.78193176541092,-1.93840137182913,-0.568259972701598,-0.676540883365582,2.08666955016298,1.20444778477963,2.74119962505232,0,1.79442934342272,255.412525624968,0.303163619913445,0,0,26.2924090987094,0,0.67759288517721,-0.281205440101475,-0.191655835319565,-0.0306997132827449,1.52833834536089
"RNA672","protein-coding-exon2",-0.168622689869149,0.233477570588052,0.505868069607446,1.28535031522898,-1.83076063286504,3.2654622076122,4.92095355423874,2.36663424377753,1.46978583408333,-0.674490759476595,-0.312998979887832,0.638677090831821,-0.41927803967464,0.00694918748342983,67.9718575393511,0.581917385898003,1.19209447416651,2.56825327646857,0,1.27540385653595,206.292147768653,0.667804693995751,0.327605292186026,0,-0.256863313458437,0,-0.923506849807788,0.115465314051435,-0.228644167546626,0.079806158564016,2.6343115159756
"RNA673","protein-coding-exon2",-0.674490759476595,-2.33477570588052,1.51760420882234,0,0.751575417702492,3.2654622076122,4.13777002336746,30.4230832037601,31.5601273277482,-0.674490759476595,0.171929017121485,-0.0238757790965167,0.328130639745371,-0.455879810587491,-0.660139892253689,-0.0836832374938011,1.98888300871304,3.00061914792793,0,2.64464087314283,150.989725093213,0.58050801194081,5.07557579451728,4.60530765421904,0.585809138455303,11.0992594095211,1.29946836978363,0.51296077760712,-0.475200507732995,-0.479084599851955,2.5107056675058
"RNA674","protein-coding-exon2",-0.590179414542021,-0.233477570588052,-0.337245379738297,0.305429777876194,0.46250794935538,3.26102476840512,5.60214455304788,181.958673832835,179.746753887382,-0.674490759476595,-0.637753790006192,0.0258654273545595,0.516501932932528,-1.71563638458834,-0.694991998366461,0.842243762120058,1.17974116355339,NA,0,1.3321884995309,0,0.569999814784734,0,6.58530326834257,-0.674490759476595,0,0.850183878702341,0.102280776971178,-0.596830095032629,-0.171580982673873,2.0449767013467
"RNA675","protein-coding-exon2",0.0843113449345744,0,0.794935537954559,-0.139988648193255,-0.55886377213775,3.24820549958466,5.78528442813755,46.4570302053529,79.0966253314568,-0.674490759476595,-0.327693767675993,-0.129327136772798,-1.3854404789249,-1.27099327904481,3.89523538907456,1.37893741228238,2.18035932321647,2.23965521415946,0,1.24839652633104,212.944565563147,0.714044551634752,0,14.5616113201382,-0.615494004520902,12.3036488618165,0.840756639560212,-0.809636759359465,-0.576969886017835,0.891208580820447,2.04843250485288
"RNA676","protein-coding-exon2",0.168622689869149,-0.441013188888543,1.10809196199726,-0.165441129682938,-1.59950665818735,3.2654622076122,5.43091621454941,16.1641118850005,32.2144840347031,-0.674490759476595,-0.683307632149492,-0.265618042448748,0.425354533003258,-0.958043832149524,-0.680641131143555,-0.506351229177272,2.57566526283645,1.09820931350676,0,1.77815569573514,143.194972929967,0.762624828297693,0,0,17.4761170976036,0,0.0547505042485183,0.206876739615614,-0.223020025677711,0.661049820429056,1.39595786393319
"RNA677","protein-coding-exon2",0.168622689869149,-0.907968330064647,1.90302749995182,-1.52714888938097,-0.635948430363647,3.24080976757285,4.11543589225896,34.3161965347741,254.313217401459,-0.674490759476595,0.198379635140175,-0.114404774837476,0.765638159405865,-1.11382363684883,-0.576084812805238,1.13677783588577,1.59357706909305,-0.353675282853753,0,0.825281686454038,87.2877850004823,-1.33139876570906,0,7.9103459775726,6.97196117470933,10.8116538528607,-0.701684718540429,-0.379721369311594,0.445206504747827,-0.0300645105968242,2.2473400066821
"RNA678","protein-coding-exon2",1.18035882908404,-0.441013188888543,-1.15626987338845,1.52714888938097,-2.13909926576863,3.22453915714688,2.43590923290002,0.485160019974393,-0.503351313042235,0,2.62595857774439,-1.19279413069681,-0.364589599717079,0.694276276292624,-0.672440635587609,1.04014592192064,0.704138704948094,-0.462631482461511,0,1.19957558326831,149.51141002777,-1.03798649692117,1.18837076563334,0,19.9328367648754,0,-0.822224460050044,-1.45718803466748,1.10775739316815,0.896686283106252,-0.0336931090491092
"RNA679","protein-coding-exon2",1.26467017401862,-0.415071236600981,-1.46942629743115,1.51442264863613,-0.905744734154285,3.22256696194373,4.26954139690759,-0.863821498978797,-0.734892917041663,7.41939835424255,0.358552822031131,-0.175089046707789,-0.41927803967464,3.51908165328334,19.8349486259455,0.96438650137198,NA,-0.945670634055903,0,0.615974877365946,187.880405589953,0.567429617779698,0,0,-0.193082049549857,0,0.603705891217105,-0.676837128187644,1.49609267225466,0.641070046169189,1.21565762433457
"RNA680","protein-coding-exon2",1.18035882908404,0.233477570588052,0.0481779113911854,1.11990918554605,-0.597406101250699,3.23982366997128,2.72997529249523,25.5714830040162,54.3619418085614,-0.674490759476595,5.54434343247319,-0.237762966836145,-2.57643317133402,-0.13511580569197,-0.662190016142675,-0.25626783583552,0.827671811079339,0.129709761437807,0,1.25878396102524,0,-1.31671469722912,7.5795202525089,11.74506297984,27.8517624751685,12.0675504863359,-0.158369560118415,-0.269817846133638,0.548600143808987,1.49886835439243,2.88557478860254
"RNA681","protein-coding-exon2",1.77053824362606,-1.01173613921489,1.42124838603997,0.598133315007547,1.6380489873003,-0.85839796217014,0.13028243146623,8.10572228493803,19.7011703924731,672.467287198165,-0.712697207725814,0.783921413668963,-0.127606359900978,0,-0.61708729058497,1.02545787099794,-0.802347524322433,-0.128845029694888,0,-0.672586396449326,0,0.730801762338557,6.07768763198605,8.73175643279985,3.06300056674722,12.167687475248,-0.335392161787281,-1.965873438821,1.30780890057635,1.68778821989398,1.83600817479693
"RNA682","protein-coding-exon2",0.590179414542021,0.674490759476595,-3.51698753155653,-0.369060981600401,0.0963558227823708,0.235184277975392,1.03183685721254,13.4069829909997,14.8689977872676,-0.674490759476595,0.311529501109016,-2.03043604733294,0.625878812847651,-0.0801254428513949,-0.674490759476595,-0.202153964015048,0.592958909429974,NA,0,-0.105086214322971,0,0.538830550091396,0,0,-0.492453791098974,0,0.162640018875105,0.527905886501231,1.72203319826863,-0.722829263905759,0.777758618399775
"RNA683","protein-coding-exon2",0.252934034803723,1.08956199607758,0.674490759476595,1.11990918554605,-1.52242199996146,3.21024074192406,1.78151919142107,10.0581955360545,48.875412496401,-0.674490759476595,1.33428673116503,-1.14106327598769,-1.28821658566701,0.039584145306556,24.3165194472702,-0.106295105361641,1.16738785294026,1.16738785294026,0,1.82888100182514,0,-0.401790488397041,4.5249098342687,6.86096887494904,29.2900404722151,16.9675197854052,1.07619589403287,-0.684870890622213,-0.223020025677711,0.734974985190522,2.36732398417215
"RNA684","protein-coding-exon2",-0.505868069607446,0.882026377777086,-0.168622689869149,0.814479407669851,0.115626987338845,3.20925464432248,5.98182478189232,28.648107520927,24.764884601678,-0.674490759476595,1.07712794487221,-0.602863422187045,-1.2517576256953,-1.85780627115972,-0.684741378921528,1.11281312122242,2.94008792592362,2.57690059389776,0,0.792041895432604,308.027102726875,0.728560834811585,0,5.32666309669767,-0.674490759476595,0.849407231127998,-0.429100530353913,0.818142129318796,-0.695433459898006,-0.057896202530183,1.74107657835032
"RNA685","protein-coding-exon2",-0.168622689869149,1.1414459006527,-0.168622689869149,-0.254524814896828,0.23125397467769,0.766197836422974,1.13457386031162,15.9274484606228,28.1876735303652,-0.674490759476595,7.31359588216779,-0.245721559868317,-0.206600773173011,-0.511761767293864,-0.62938803391889,-0.365848426271976,2.35948232710677,1.76405275555417,0,1.17014451830141,0,-1.32436348507385,5.39753851328887,14.065069451964,7.07283023800503,16.6253759213379,-0.915449380455541,-0.196687881367928,-0.746820578686934,0.638386631232103,1.38038287390173
"RNA686","protein-coding-exon2",0.337245379738298,-0.233477570588052,0.963558227823707,-1.6289588153397,-2.56306488601106,3.22404610834609,4.40354618355857,500.543142558947,5.25498770816094,-0.674490759476595,-0.0426148845856672,-0.149223619353229,0.194447786515775,-0.981028597542831,-0.668340387809635,0.721840397319508,2.53860533099708,3.45892697167485,0,0.688686920225333,102.877289326973,-1.33139876570906,0,2.71754614241507,16.4824593137682,0,-0.282696312223586,0.675352453196773,0.329948021859978,0.328784026124784,1.19932965863853
"RNA687","protein-coding-exon2",0.252934034803723,-1.08956199607758,0.144533734173556,0.827205648414692,-2.38962440500279,3.22946964515475,1.70409420357829,88.7487841416573,181.488349430508,-0.674490759476595,-0.332102204012441,0.433743320253386,0.692720239462449,1.38975882663898,-0.676540883365582,1.34666235301803,1.11797461048776,NA,0,0.203939967829422,0,0.678023892041584,0,12.6677262933005,3.02277753801625,6.99761847171466,0.981440054450444,-0.483724808613681,0.901512340638949,-0.350557697359547,1.99075662837265
"RNA688","protein-coding-exon2",2.78227438284096,0.441013188888543,-0.0722668670867781,2.25254461183693,-0.366152126573009,3.1254363481887,3.28311727294899,0.130164883407764,-0.0604021575650683,-0.674490759476595,2.85666674601852,-0.969953525795988,-3.91933819695859,0.124600242745346,9.24400861544063,-0.507897339800714,2.3224223952674,1.1414459006527,0,0.572867023385024,232.364249831923,-1.19064340725645,2.27902160068808,0,15.7507252254402,0,-1.25926159771592,-1.52893944956914,2.28886644774227,2.37386562618907,2.01397503201242
"RNA689","protein-coding-exon2",0.421556724672872,0.57072295032635,-0.867202405041337,0.216346092662304,-0.23125397467769,3.26349001240905,5.78528442813755,196.856636397415,5.93954549389838,-0.674490759476595,1.31812246459805,0.304416183480587,0.127606359900977,-1.32396444401284,-0.649889272808756,0.512728935498971,1.69858020930461,1.35762883638238,0,0.282538223682188,127.672664742815,0.619290744997456,0,0,5.44106186672291,0,0.584206815384668,-1.09918349617673,0.396922545700213,0.395984815248263,1.16890628742932
"RNA690","protein-coding-exon2",1.43329286388776,0.0778258568626841,-1.51760420882234,-0.241798574151987,-0.982829392380182,3.26349001240905,3.01957452586873,1.18331712188876,2.5670916965154,-0.674490759476595,0.119027781084105,-0.505370657542936,-3.62766651718493,0.214559441469519,22.204891841614,-1.15707053781845,2.16800601260334,3.00061914792793,0,1.85156023424081,253.665426002171,-0.221469256675935,0.367127308526273,1.14428621414207,18.9450025171863,0,-0.114134053374579,-0.378372058730002,1.13816708648996,1.27440910825198,2.9799263439507
"RNA691","protein-coding-exon2",2.61365169297181,1.97158837385466,-2.11982810121216,2.39253326003019,-1.54169316451793,2.73296950276226,1.79268625697532,74.4306469668032,172.599165242182,-0.674490759476595,1.15354084137065,-0.0955031163860667,-1.28214009233839,0.826481290246252,-0.676540883365582,-1.38860060367889,0.382952629006858,0.821495155772776,0,1.21307924837077,0,-1.31946549498961,9.06519123063946,17.101795758256,26.1786469972481,15.6470030551151,1.2814196384346,-2.70464116423781,1.84369348150692,2.54519376332407,1.60653637114062
"RNA692","protein-coding-exon2",0.505868069607446,0.415071236600982,0.0963558227823708,0.954468055863106,-1.25262569617082,-0.210531837936042,-1.12787362097907,10.85101800772,24.2111981573315,119190.611088628,-0.681838153370676,-1.432546745791,-1.33682853229595,0.764843308435679,1.79385840286329,0.516014420573785,-0.741816302318123,-0.266337376818963,0,-0.561094597398266,0,0.825377905588408,0.450463777416401,16.9273830098828,-0.223961688542946,10.0354439271834,0.130974164320775,0.0200343789943574,0.592330568198789,0.365349161383151,1.40157201195208
"RNA693","protein-coding-exon2",-0.505868069607446,0.285361475163175,2.11982810121216,0.407239703834925,-1.1177275442755,3.25905257320197,4.42439137259316,28.3996109253303,23.6575117129851,-0.674490759476595,0.501092263576294,0.825704027087867,0.735255692762775,-1.06663472033399,-0.565834193360305,1.33352041271877,2.33477570588052,3.21680208365761,0,0.91998046608281,103.347662302342,0.433746209685469,0,13.2289947896823,20.3964173283302,12.3892013013454,-0.169166569050425,-0.454351095050535,-0.601926497875048,-0.120444778477973,1.97543443327858
"RNA694","protein-coding-exon2",1.26467017401862,1.19332980522782,-1.44533734173556,1.51442264863613,-2.35108207588985,2.90800182704164,5.05421386985276,187.910758955936,84.3616800658786,-0.674490759476595,5.45323574818659,0.155192564127358,-1.59811774542653,-0.13511580569197,-0.116857061672237,1.089041670387,0.592958909429974,2.38665961045564,0,0.48682443933475,0,-1.21034722446216,4.65563311874245,1.98959986401855,13.8028201000615,8.8793108830125,0.116228995406163,-1.06376089757119,1.17540289339613,1.00158251487868,2.25817686938488
"RNA695","protein-coding-exon2",-1.09604748414947,1.32303956666563,-6.2631284808541,-0.585407074262705,0.0192711645564742,3.2654622076122,3.34639731108973,63.1063021103278,64.2578286229718,0,0.113149865968841,1.54993599301554,1.03300386586506,-1.16763394898467,-0.680641131143555,-0.769576562818281,0.605312220043098,1.61704835925799,0,0.362694594739083,71.4294961166379,-1.33139876570906,0,2.3936175686348,-0.674490759476595,0,-0.252077928685047,0.858826687772681,-1.02912497143088,-0.634814832448569,2.3512754497763
"RNA696","protein-coding-exon2",1.51760420882234,-0.596664902613911,0.770846582258966,1.92166235247105,-0.404694455685957,2.7842465780441,4.74823627366636,18.9330739502202,61.25785479724,-0.674490759476595,0.0411454058068511,-0.525267140123366,-1.9930898117867,1.80990932422204,-0.62323766225193,-0.00734402546134958,0.407659250233107,0.475602458605291,0,1.84134592345818,222.822398045881,0.53174059650976,1.9899922286973,0.659164164355293,11.3296049280778,11.5981871794569,-0.816342507422903,-1.03238381552539,0.7583276893519,1.77646489145592,2.22845348280181
"RNA697","protein-coding-exon2",1.34898151895319,-1.34898151895319,1.73440481008267,1.45079144491192,-1.27189686072729,3.02534744162894,4.74302497640771,21.6310369881266,3.73486674277339,-0.674490759476595,1.97057104239241,0.0417826134189039,-1.9930898117867,0.182108047089352,5.70549478304974,0.703480333666134,1.31562758029775,2.14453472243841,0,0.458432117837275,254.807760370923,0.577243743302155,0.621828191957934,0,2.76414481758687,0,1.22195551461502,-0.907807798181673,0.837099471380582,1.40440842164166,2.91321273117907
"RNA698","protein-coding-exon2",0.337245379738298,1.16738785294026,0.144533734173556,0.916289333628582,-1.27189686072729,-1.09062394734081,-1.05417098832104,0.118331712188876,0.0503351313042236,25.6306488601106,-0.799396455675965,-1.6961751399817,-1.6892651453558,-2.58908369288298,-0.522781591691586,0.598731338927935,-0.675726090537908,NA,0,-0.901975579279533,0,-0.667586760240485,0,0,-0.674490759476595,0,-0.229114141031143,-0.614097269174769,-0.27213753133292,0.907467036300632,0.059389054498819
"RNA699","protein-coding-exon2",-0.168622689869149,0.129709761437807,1.01173613921489,1.00537301884247,-1.09845637971903,3.26349001240905,5.78528442813755,15.8682826045283,12.9159946926638,0,-0.409984579289695,-0.208913067094521,0.498272452946674,-0.788155865691412,-0.668340387809635,-0.434650349015147,1.32798089091088,1.51328055010775,0,1.69696058120883,317.83773907027,0.80204714954914,0,9.14611428341605,0.999613365277921,10.7465505330241,-0.365768821245252,-0.573784614398304,0.447728631549844,-0.64121588200909,2.18438044132257
"RNA700","protein-coding-exon2",0.843113449345744,-0.0259419522875614,-0.313156424042705,1.45079144491192,-2.02347227842979,3.2654622076122,6.08381731395446,2.69796303790638,15.3421480215273,-0.674490759476595,2.26299731937681,-1.79466272875483,-2.50959174471922,-0.286175407572337,-0.62323766225193,0.505964701521412,2.14947604668365,NA,0,0.26782269119874,412.85308009466,0.429444386864135,0,0,5.88806566682199,0,-0.465439717132547,-0.0357756767756319,1.38850194558134,0.0414865348090682,2.70005486809483
"RNA701","protein-coding-exon2",-0.590179414542021,1.40086542352831,0.120444778477964,-1.00537301884247,-1.00210055693666,3.20235196111147,4.90755307557364,16.8386026444771,21.7548437496854,-0.674490759476595,0.864053521943874,1.66235111959497,-0.133682853229595,-1.49438998912533,-0.686791502810515,0.637577368341917,0.96973488313027,NA,0,0.482842589368641,148.772252495048,-1.33139876570906,0,11.2798906974526,-0.674490759476595,0,-1.26038964342523,-0.421333695644627,-0.849549429875102,0.079806158564016,2.34644994102344
"RNA702","protein-coding-exon2",0,1.06362004379002,-1.42124838603997,1.15808790778057,0.134898151895319,3.24475415797915,5.71604862170121,21.8913667549421,65.8685528247069,0,-0.385003440049821,-1.52506538979,-0.455736999646348,-0.676405063953162,-0.377222795573536,1.67057252862914,1.51328055010775,2.74119962505232,0,1.04618779761732,172.694078099492,0.804641035005836,0,1.73984639471273,-0.596825101946807,0,-0.69910632834771,-0.314825955625567,-0.359847362860093,0.446314818026672,2.07165967478191
"RNA703","protein-coding-exon2",0.421556724672872,0.933910282352209,-0.457690158216261,0.394513463090084,-0.289067468347112,3.2654622076122,3.84221502169835,140.980401901827,2.08387443599485,-0.674490759476595,-0.302712628436119,0.255669801158532,-0.650184786162123,0.249921627588029,-0.578134936694224,0.683574159389318,1.77270007298336,NA,0,0.780096345534276,272.14436432021,0.576679958152664,0,0,-0.49099384413022,0,-0.458752017570182,0.855260730862433,0.530002147229409,0.248088555209783,1.90086488085677
"RNA704","protein-coding-exon2",0.168622689869149,-0.596664902613911,0.0722668670867781,-0.279977296386511,-2.94848817714055,3.2654622076122,2.5565135408859,12.1881663554543,33.4225271860044,-0.674490759476595,-0.705349813831734,-0.198964825804306,0.401048559688786,-0.745608481948525,-0.0328019822237858,1.02545787099794,2.89067468347112,1.79864202527092,0,0.715174878695538,160.195596182563,0.210844986106728,0,2.01355677371194,3.28346881075779,0,0.394372837445729,-0.783419820109414,0.430335474075555,-0.0837810849035412,2.28851078234897
"RNA705","protein-coding-exon2",1.68622689869149,-0.907968330064647,0.216800601260334,2.26527085258177,0.443236784798905,0.704073687523814,-0.012656007628148,3.18312305788077,10.6811148627562,0,0.501092263576294,-0.870471112893836,-1.44620541221108,0.275751626347192,-0.0943056988933842,0.889786663790902,0.66707877310872,0.778258568626841,0,-0.668604546483216,0,-1.05187977381937,3.11679673779171,0,32.2901096050379,0,1.05975865655428,-0.928736569095415,1.14104327423271,1.62841340502207,2.57250886013937
"RNA706","protein-coding-exon2",-0.674490759476595,0.596664902613911,-1.6621379429959,-0.890836852138899,-0.250525139234164,1.68869214269542,1.01694743647354,11.1941799730677,9.86568573562781,0,-0.318876895003096,-0.139275378063013,-0.200524279844393,-1.13758199103746,-0.416175149464282,0.240226938117309,1.6676969327718,1.45274932810344,0,1.78888937825248,0,-1.33139876570906,0,2.4468867779239,-0.238523237529995,9.15723001455543,0.0429865989942377,0.928216195615042,-0.205797004214196,-0.827054145548695,1.92463219264514
"RNA707","protein-coding-exon2",-0.252934034803723,-0.933910282352208,1.10809196199726,1.42533896342224,0.828660075928388,3.2654622076122,1.83214322193367,15.6789518650261,9.06032363476024,-0.674490759476595,2.19687077433009,-1.05053428024673,0.328130639745371,-0.516468858438301,-0.658089768364702,0.606655155873076,1.84064328135554,2.31748107102215,0,0.689552539783183,236.866391167591,0.605956515558422,0,0,-0.674490759476595,0,-0.36963640653433,1.21766328068144,-0.133642269485441,-0.136372448637346,1.8513877899044
"RNA708","protein-coding-exon2",-0.674490759476595,0.933910282352209,0.0722668670867781,0.0254524814896829,0,2.86214828856845,2.21777921907371,239.574384497599,217.306828866594,-0.674490759476595,2.31736803419301,0.737164679604951,-0.212677266501629,-0.626738040958385,-0.582235184472198,1.23225016688332,2.0444729064721,-0.511056460064959,0,1.05709460404622,197.086276679303,0.617912077110883,0.883068739968999,0.0091364992905122,-0.674490759476595,0,-0.186490128157757,0.471588466587879,-0.73396966242867,-0.297097120245654,-0.619160962986659
"RNA709","protein-coding-exon2",0,0.882026377777086,-0.939469272128114,-1.39988648193256,-0.597406101250699,3.25757342679961,6.08381731395446,37.9371469277538,39.2614024172943,-0.674490759476595,-0.217482859264785,0.516313722962173,-1.29429307899563,-2.24440399370486,-0.670390511698622,1.04845626652164,2.35330567180021,2.82767279934419,0,0.716906117811237,120.549873972952,-1.33139876570906,0,6.4288850597615,3.32462631389361,6.19030655518415,0.127831751273398,-0.0611438839438059,-0.381854556952354,0.497838417708915,2.31896171770514
"RNA710","protein-coding-exon2",0.843113449345744,-0.726374664051718,1.83076063286504,1.43806520416708,-0.308338632903587,3.23094879155711,1.97731507413889,6.54374368404486,659.078142271242,0,2.47754122108396,-0.396934827479589,-0.498272452946674,0.748965070619767,-0.412074901686309,0.825043281434266,1.12415126579433,-0.256825327646857,0,1.49596371987609,176.994631017144,-1.00053742369295,1.76136899535097,1.65071165044095,30.3772811276097,0,-0.257154134376963,-0.197331101372959,0.544764141669527,0.953415509636088,1.5396864238078
"RNA711","protein-coding-exon2",-0.252934034803723,0.311303427450736,-0.0963558227823708,1.76894746353296,-1.34898151895319,3.19939366830674,2.07037395375763,29.7130929306268,18.5635964249976,-0.674490759476595,0.17780693223675,-0.769993875862662,0.662337772819359,-1.26017614758476,-0.364922052239617,-0.772668784065166,1.17974116355339,0.63125417233066,0,1.06332706486274,179.615280451339,0.0831405432113124,5.90071964799377,4.27775868646268,4.25396788108137,11.6503533011209,0.708855866263929,0.879509237852147,-0.446995851465475,0.0933045550609238,0.905607265035863
"RNA712","protein-coding-exon2",1.34898151895319,0.726374664051718,1.01173613921489,1.38716024118771,-1.48387967084851,3.11557537217296,3.60100640572659,44.966050631773,28.2480756879302,-0.674490759476595,1.07418898731458,-0.110425478321389,-1.84725397189986,0.559553820835566,-0.371072423906577,0.590034466671073,0.982088193743394,1.45274932810344,0,0.804160569242501,170.140624804635,-1.29020217942833,4.68518612200309,2.62794407725913,28.2961118262335,9.45865135670067,-1.04340199376922,-0.619244441643676,1.24961209842124,1.00424179744293,1.80426275052816
"RNA713","protein-coding-exon2",-0.0843113449345744,-0.259419522875613,1.34898151895319,-0.254524814896828,0.173440481008267,3.26102476840512,2.09494149797697,1.77497568283315,4.78183747390124,-0.674490759476595,3.95583687257297,-0.00298447238706469,0.176218306529921,-0.927742752386871,-0.680641131143555,1.50958375996323,1.439160686429,0.44966050631773,0,1.18503317469643,128.411822275536,-0.0800065610567837,0.501203933776096,0,20.9415273978324,0,0.61724243972888,-0.521367106900318,-0.354128958095959,0.285021029595087,1.45987200496545
"RNA714","protein-coding-exon2",0.505868069607446,1.16738785294026,-0.722668670867781,0.839931889159534,-2.02347227842979,3.14269305621624,4.5293617888031,90.8314222761815,41.425813063376,-0.674490759476595,3.22550591950136,1.09231689366564,-0.917550492621314,0.134591338712089,6.31028133030079,1.55132874679617,1.31562758029775,1.63434299411637,0,1.1644314292196,190.904231860177,-1.21843327743607,8.48943272041424,10.2276129824447,13.4423025832877,10.603758130103,0.112603134197652,-0.642406717753747,-0.468607553953771,1.4003014680438,2.56617553498698
"RNA715","protein-coding-exon2",-0.337245379738298,-0.129709761437807,0.0722668670867781,0.0636312037242074,-0.597406101250699,3.24031671877206,1.72493939261288,28.6126080072703,42.3721135318954,-0.674490759476595,-0.628936917333296,-0.392955530963503,0.279518693116427,-0.637371608975482,-0.664240140031662,-0.707538874052669,NA,1.10685663093595,0,0.763303326111989,0,0.673660479245936,0,4.52328478179346,-0.674490759476595,0,-0.201315871765891,0.557206165780474,0.366390042184815,-0.849135688269646,1.48141970026699
"RNA716","protein-coding-exon2",-0.252934034803723,-0.181593666012929,1.34898151895319,1.83257866725716,-0.250525139234164,2.88088414299835,5.92152262789938,63.3547987059244,66.8047862669655,-0.674490759476595,-0.558401935950122,0.188021760385069,-0.139759346558213,-0.120902750537181,-0.526881839469559,0.769963090474142,2.29771577404115,2.55960595903939,0,1.72985412440712,173.769216328905,0.78713290038443,0,6.92215031024226,-0.674490759476595,9.45105157644983,-0.360450891472769,0.341762935786047,-0.402567210215666,0.0510119061788965,2.82792641175004
"RNA717","protein-coding-exon2",0.168622689869149,1.01173613921489,-0.554045980998632,0.674490759476595,0.809388911371914,3.26496915881141,5.91407791752988,14.5666337704507,7.4999345643293,-0.674490759476595,7.02116960518338,-0.713288900508434,-1.75610657197059,0.107935304459612,-0.672440635587609,1.48542578147195,2.49536874385114,1.08956199607758,0,1.1102436448982,394.911710891328,0.0230642609581008,0.527477603781528,7.22837977697326,0.360224308500435,0,-0.238863678947362,0.0766020373313505,0.351054712364863,-0.0193292977828896,2.2301091943571
"RNA718","protein-coding-exon2",-0.337245379738298,0.544780998038789,0.0963558227823708,0.35633474085556,-0.925015898710759,3.22306001074452,5.64979069941267,154.328219036733,126.844530886643,-0.674490759476595,0.245402956062291,1.70413373301388,0.638031799504887,-1.62074719625328,-0.688841626699501,0.672364857369362,1.33415754621744,2.78443621219825,0,0.709288665702159,58.1918566669882,0.62227548990653,0,3.15673108643999,-0.674490759476595,0,-1.04034015541537,-0.1753008162006,-0.650342324878047,0.195321282431759,1.66565677657713
"RNA719","protein-coding-exon2",-0.0843113449345744,-0.0778258568626838,-0.0240889556955927,-0.0127262407448411,0.0770846582258967,2.98491743996441,1.15095222312452,35.2273507186285,25.9427266741968,-0.674490759476595,-0.684777110928308,-0.155192564127358,0.631955306176269,-0.864046237680264,-0.692941874477475,-0.872779446933038,1.82211331543586,NA,0,0.914094253089431,0,0.409434751747504,0,13.5094410352186,13.3193311688509,12.3143017329773,-1.13453197214314,0.0117222430286153,0.438498720699909,-0.430526016687191,2.38746847258354
"RNA720","protein-coding-exon2",-1.01173613921489,0,-0.26497851265152,-0.598133315007546,-0.443236784798905,0.336259282136724,0.0670023933254897,503.619767075858,186.642666876061,-0.674490759476595,-0.614242129545135,0.179068343223875,0.893244519306842,-1.81035512115494,-0.686791502810515,-0.0336279060598639,-0.0247066212262489,-0.319950744879923,0,0.0410303670420825,0,-1.33139876570906,0,0,-0.522160596998427,0,0.71804138132549,0.341762935786047,-0.0987816290204149,-1.43494602751395,1.63310181343035
"RNA721","protein-coding-exon2",-0.168622689869149,0.441013188888543,0.216800601260334,0.547228352028181,-0.0192711645564742,3.22404610834609,4.2099837139516,63.8991245819932,89.9589466669083,-0.674490759476595,1.70165642586906,0.0596894477412912,0.145835839886831,-0.450477800694712,-0.672440635587609,-0.111319964887828,1.29092095907151,2.18777130958434,0,1.01294800659588,91.0507688034284,0.707411785170141,3.24136939722137,10.6891326418295,-0.674490759476595,2.20239874494665,0.509191775715248,0.0817191774769759,-0.0498161899461824,-0.0522631728834273,1.46790007095405
"RNA722","protein-coding-exon2",0.421556724672872,0.259419522875614,1.30080360756201,-0.572680833517863,0.404694455685957,3.21960866913901,2.86919137640485,133.064010356391,4201.69488454128,-0.674490759476595,-0.324754810118361,0.719257845282564,-0.692720239462449,0.837691771941219,0.174260530563862,0.959748169501655,1.93329311095398,NA,0,0.689898787606323,180.421634123399,0.606513194172416,0,5.19322418400636,1.85927564532062,0,-1.01230016206955,0.0200343789943574,0.027479253163861,0.818756838586859,1.7143327601573
"RNA723","protein-coding-exon2",-0.337245379738298,1.58245908954124,-1.01173613921489,-1.15808790778057,-0.115626987338845,3.13431122660286,4.31793201430933,69.0583872334282,77.0530190005054,2.02347227842979,1.4048217125482,1.07242041108521,0.115453373243741,-1.32396444401284,-0.668340387809635,1.11493902332965,2.12476942545741,2.38665961045564,0,0.803987445330931,83.0544282221679,-1.33139876570906,1.25253728641856,12.943391899907,11.909168662594,0.337133719919334,0.338212276060567,-0.0433175762040128,-0.702247580854232,0.273442199787801,1.46509512226232
"RNA724","protein-coding-exon2",-1.01173613921489,1.42680737581587,-3.39654275307857,-0.687217000221437,0.982829392380181,3.18756049708786,4.99316724482288,76.6434499847352,204.803582250625,-0.674490759476595,-0.371778131040476,0.146239146966165,0.954009452593022,-1.3015828156464,-0.694991998366461,0.126781071122249,0.901791674758085,2.05806154814653,0,0.699074354919531,95.1497333030662,-1.33139876570906,0,13.1174286429711,-0.674490759476595,0,0.25610666336117,0.719128761797341,-0.596830095032629,-0.887487841416584,1.81247099134649
"RNA725","protein-coding-exon2",-1.01173613921489,0.882026377777086,-0.120444778477964,-0.674490759476595,-1.13699870883197,3.2654622076122,4.28666423075743,29.7130929306268,65.6571452732292,-0.674490759476595,3.99551279960101,1.75685941185202,0.486119466289438,-0.958043832149524,-0.680641131143555,0.863502783192386,1.74799345175711,1.31439224923644,0,1.52037419140746,0,-1.33139876570906,5.20886934018831,7.825207632586,-0.674490759476595,0,0.739796548576557,0.334269258221014,-0.959782610505879,-0.521752815754549,1.60960561176724
"RNA726","protein-coding-exon2",-0.168622689869149,-0.700432711764157,0.433601202520668,-0.483597148303974,-0.0385423291129483,3.25708037799882,5.27904412301163,16.8267694732582,-0.120804315130136,-0.674490759476595,4.29528647047949,-0.631713321928669,-0.334207133073989,-1.01459448425525,-0.569934441138278,0.0929599012344541,NA,2.17047667472597,0,0.92015358999438,272.009972041534,0.105582982313356,0,1.36256803907713,-0.674490759476595,0,0.575988196645376,0.491319294385353,0.491912556637017,-0.660215822768098,2.37304178639283
"RNA727","protein-coding-exon2",-0.674490759476595,0.804200520914402,-0.36133433543389,0.890836852138899,-1.23335453161435,3.26250391480748,5.77932865984195,18.1639178209925,24.9158899955906,-0.674490759476595,-0.368839173482844,-0.474531109543269,-0.267365706459191,-0.65344652190885,1.60934725285449,0.199061742768165,1.10562129987464,-0.0432365871459354,7.1705876200039,2.81447543039297,126.328741956048,0.440871695944593,0,8.1097899365223,4.75626818835504,0,-0.768078266002944,-0.749816096185753,-1.56074973852257,0.565381960149493,1.95842060322339
"RNA728","protein-coding-exon2",-0.0843113449345744,0.18159366601293,0.192711645564741,-1.28535031522898,-1.34898151895319,3.22848354755318,5.57311018260684,77.8386002778429,12.2918390644914,-0.674490759476595,0.617181087102767,0.161161508901487,-0.534731412918382,-1.53708160128769,-0.656039644475716,1.22722530735713,1.01297147027621,0.268066840304801,0,1.73366285046166,254.471779674231,-1.33139876570906,0,0,-0.674490759476595,0,-0.152245883410707,0.254983005382692,-0.937112992511161,0.959852234639771,2.30060481543139
"RNA729","protein-coding-exon2",-0.75880210441117,0.57072295032635,0.289067468347112,0.878110611394058,0.501050278468328,3.26349001240905,4.37674522622837,14.1998054626652,14.6777242883116,-0.674490759476595,-0.0881687267289667,1.04058603895652,0.595496346204562,-0.788155865691412,-0.672440635587609,-0.313860456558736,0.592958909429974,1.06362004379002,0,2.0032167807761,155.223081871527,0.735641313012557,0.337818330064122,11.3155574867719,-0.674490759476595,0,0.685005756981278,0.270063428843894,-0.419882988343799,-0.64121588200909,1.59688429316257
"RNA730","protein-coding-exon2",0.0843113449345744,-0.907968330064647,-1.51760420882234,-0.038178722234524,-0.828660075928389,3.24721940198308,5.86717624220204,117.882051682559,575.954706435447,-0.674490759476595,11.3252729483358,1.63947016462748,0.528654919589764,-1.76991871700608,-0.643738901141796,0.181474734426511,1.55651713725368,0.916615647493835,0,0.32356859072427,146.487583757545,-0.0171350415077719,3.5463003851798,10.4634220262877,0.107193017257293,7.16933836189111,1.19528529105908,-0.339909126758147,0.480629633989633,-0.28419554472329,1.58002802159923
"RNA731","protein-coding-exon2",-0.252934034803723,0.882026377777086,-0.554045980998632,-0.458144666814291,-0.674490759476595,3.2654622076122,6.08381731395446,18.8620749229069,243.511298223573,-0.674490759476595,12.7550758001238,-2.02048780604272,-0.619802319519033,-0.718047742155753,-0.643738901141796,0.716815537793322,1.50710389480118,-0.366646258997534,0,1.55032462810906,246.139458396279,0.0849219147760935,4.27957490263182,15.5283209698063,4.7570401454721,0,-0.31121975373054,0.173873496453595,0.208348741605094,-0.498004835364857,1.79612954980157
"RNA732","protein-coding-exon2",0.843113449345744,-0.907968330064647,0.843113449345744,0.330882259365877,0.46250794935538,3.11261707936823,5.54258687009189,8.05838960006248,17.6172959564782,1.34898151895319,-0.242463998504658,0.469556988898161,-2.32122045153207,0.121768121053986,34.3313746449698,0.580757802930421,2.39654225894614,NA,0,0.511408034777686,173.97080474692,0.58977967192027,0,6.35975379793326,5.00326737959927,13.3099168752027,0.582111873353084,-0.301130236418202,0.63668699048373,0.886907072276998,2.33840241663789
"RNA733","protein-coding-exon2",-0.505868069607446,1.6084010418288,-3.85423291129483,0.827205648414692,0.732304253146017,3.25560123159646,5.60214455304788,16.7794367883827,29.1943761564496,-0.674490759476595,0.292426276984406,-0.0119378895482579,0.741332186091393,-0.378979839662367,-0.672440635587609,1.12730790831719,1.19209447416651,1.93699910413791,0,0.466568941681064,125.723976702003,0.472796622245864,0,0,-0.674490759476595,0,-0.291398379124012,0.273442199787803,-0.335857538669417,-0.339270877514513,2.22398865643424
"RNA734","protein-coding-exon2",-0.843113449345744,1.58245908954124,0.481779113911854,0.0890836852138897,-1.34898151895319,3.2654622076122,5.19194101168849,22.4830253158865,49.529769203356,1.34898151895319,0.277731489196245,0.317348897157867,-0.0486119466289438,-1.78464312746625,-0.590435680028144,0.582110649725934,1.30945092499119,3.02656110021549,0,1.36040769711681,0,0.783018216331205,0,8.15716660546753,0.500185551066149,11.1725335913615,1.16893736627723,0.337454071186152,-0.819797719388525,-0.399776293898114,1.58565640647559
"RNA735","protein-coding-exon2",-1.26467017401862,0.882026377777086,-1.73440481008267,0.916289333628582,0.250525139234164,0.726260883559229,0.683424411919994,0,-1.00670262608447,-0.674490759476595,0.721514080398711,0.230799197932994,1.00262139922197,-0.745608481948525,25.7516061695608,-1.38087005056168,0.315009420634674,NA,0,0.686263185463353,0,-0.142257443172321,0.288271294952818,0,-0.58853157388813,0,0.00616396405446895,0.432818187708215,-1.8717000739913,-0.0837810849035412,1.45296890135287
"RNA736","protein-coding-exon2",0.843113449345744,1.58245908954124,-0.26497851265152,0.17816737042778,-1.23335453161435,3.2654622076122,5.65202411252352,33.9967009118642,60.6034980902851,-0.674490759476595,0.781762710330171,-0.58595141199368,-1.28214009233839,-0.711872143467648,-0.666290263920649,0.551961492568813,1.28474430376494,NA,0,0.729197915532705,309.371025513642,0.606600841443556,2.77845235426853,3.03888027956263,-0.187056721104602,0,0.77122067905032,-0.517771612970969,-0.46988333332144,1.91105715185036,0.478725128320781
"RNA737","protein-coding-exon2",0.421556724672872,0.856084425489525,0.313156424042705,0.80175316692501,-0.963558227823707,3.2087615955217,6.08083942980666,29.5829280472191,87.0797771563067,0.674490759476595,1.71929017121485,-0.819735082313738,-0.170141813201303,-0.711872143467648,-0.682691255032542,0.570514820050117,1.93329311095398,1.91105715185035,0,0.86821641652339,152.400844019318,0.607550748355094,0,5.08204478561313,9.48802673824345,10.9249257220907,1.26659389482647,0.197611829171586,-0.311431535857093,1.04546067718872,1.96851141987704
"RNA738","protein-coding-exon2",0.843113449345744,0.752316616339279,-1.03582509491049,1.32352903746351,-1.1177275442755,3.25362903639331,5.47632894780335,0.118331712188876,0.201340525216894,-0.674490759476595,11.0372551076878,0.0586946236122702,-0.224830253158865,-1.22271609354672,-0.694991998366461,1.36463588901554,0.827671811079339,3.19950744879923,0,0.664795820428677,197.691041933348,-1.20914503554045,0.966266194732115,0,9.05796536539772,0,-0.699267477734755,-1.31940695948533,0.205003952174836,1.23977825313316,1.98742728195549
"RNA739","protein-coding-exon2",-0.421556724672872,0.856084425489525,-2.67387408221079,0.114536166703573,0.501050278468328,3.22946964515475,3.64939702312833,8.28321985322135,5.63753470607304,-0.674490759476595,-0.285078883090326,0.133306433288885,0.656261279490741,-0.473475677762515,-0.668340387809635,1.46996467523753,2.58184191814301,1.16738785294026,0,0.43575288542161,136.004986020767,0.678289202700168,0,2.69626961342504,-0.674490759476595,0,-0.714576669504024,0.0910653590652485,-0.681152396607222,0.0562075632897075,0.462569267800529
"RNA740","protein-coding-exon2",0.421556724672872,-0.233477570588052,-0.529957025303039,0.71266948171112,-0.404694455685957,3.2654622076122,4.91723119905399,41.6290963480467,15.1005393912671,-0.674490759476595,-0.3100600223302,-0.543173974445754,-0.0729179199434156,0.8492824921966,-0.61093691891801,0.772668784065166,2.10006280423116,0.596664902613911,0,1.81745482366152,310.916536718423,0.875426866254228,0,2.5182848146155,-0.576737829743421,6.33279145254596,-1.05033141741216,-0.304948069648579,0.0964610951769725,0.696376890315069,1.11811207660589
"RNA741","protein-coding-exon2",-0.843113449345744,1.11550394836514,-0.0722668670867781,0.661764518731754,0.886473569597811,3.20284500991225,5.53886451490714,8.28321985322135,44.4157198628468,0,-0.578974638853548,2.20751474229877,0.710949719448303,-1.69099954820841,15.0315083540498,0.659995972381827,1.10562129987464,NA,0,0.177278885447647,183.5798526723,0.283869376036926,5.58852792217841,16.8195769162625,6.23494527452779,10.9249257220907,0.773718494549517,1.0804254386241,-1.08608476790499,-0.120444778477973,2.3289521706855
"RNA742","protein-coding-exon2",-1.01173613921489,0.752316616339279,-0.698579715172188,1.79439994502264,-1.32971035439672,3.2654622076122,5.32817921145032,88.7487841416573,135.612910759839,-0.674490759476595,3.5385048993892,2.29704891391071,0.83855607934928,-0.648306745506011,0.631438157807876,1.05541376432713,2.31006908465427,-0.568128755097594,0,1.01554486526943,0,0.758974437896991,1.8874418072304,8.28699586719158,2.85388144666814,0,0.965566839826518,0.332570691306275,-1.39594606072415,-0.133399283540937,2.67583114244308
"RNA743","protein-coding-exon2",0.927424794280318,-0.0259419522875614,0.722668670867781,0.890836852138899,-1.23335453161435,3.2654622076122,6.08381731395446,28.6717738633647,141.602791385042,-0.674490759476595,3.27840715553875,-0.314364424770802,-3.3481478240685,-1.16229749746437,8.99799374876224,0.131612666820505,2.40271891425271,3.32921721023704,0,0.197188135278194,418.228771241726,0.684211315614999,0,2.89842081060018,11.8504322061609,3.44981701085879,1.0576637145227,-0.458851905999728,0.288299998631607,1.28992472434464,1.8548738003991
"RNA744","protein-coding-exon2",-0.168622689869149,1.21927175751538,0.289067468347112,0.483597148303974,0.366152126573009,2.63633193780801,1.19338707223066,9.7623662555823,16.5199900940462,0,-0.689185547264756,0.051730854709119,0.0486119466289438,-1.23746672735589,-0.410024777797322,1.14586123579849,1.27856764845838,1.06362004379002,0,1.68640002260306,0,0.298162987768162,5.60819992130318,9.52754481196488,-0.408768222366858,8.78598294577027,-0.201799319927026,0.12462330240582,-0.674359624887405,0.499229381029912,1.60464445394993
"RNA745","protein-coding-exon2",0.927424794280318,1.27115566209051,-0.554045980998632,0.699943240966278,-1.96565878476036,3.2654622076122,3.76925686007726,22.5185248295432,46.7512699553628,0,3.78243837667267,-0.668521814702466,-3.38460678404021,-1.11942232185906,-0.647839148919769,0.881862846845761,1.17356450824682,3.19086013137005,0,2.09220247132306,197.019080539965,-1.16100820669257,5.17089548117624,10.8717100769143,2.54721132458599,7.87563470219733,-1.16893736627723,-1.20942832017388,0.76510861750358,0.865431158299012,2.70855148793154
"RNA746","protein-coding-exon2",1.93916093349521,0.233477570588052,-0.337245379738297,2.25254461183693,-3.00630167080997,3.17769952107212,2.82080075900311,34.5055272742763,34.3889617070455,1.34898151895319,-0.183684847352014,-1.3171471468245,0.48004297296082,-0.711872143467648,-0.498180105023747,-0.244285478503844,1.07473802334183,3.17356549651167,0,1.13015289472875,87.019000443129,-1.30983649471687,3.37900338398043,5.78763486263209,47.3684635672966,12.1017494974647,0.784354354094483,-1.15197679217536,1.29069219406014,1.91105715185036,2.15525657247827
"RNA747","protein-coding-exon2",-0.674490759476595,1.24521370980294,0.0963558227823708,-0.916289333628582,-0.327609797460061,3.23390708436183,5.56045417497869,7.25373395717812,7.96301777232816,-0.674490759476595,-0.345327513021786,-0.0258654273545595,-1.622423718741,-1.09572952604291,-0.658089768364702,0.386141128204653,2.81655481979238,2.79308352962744,0,0.779923221622706,303.659353669884,-1.33139876570906,4.21617846010416,3.11961399092847,-0.674490759476595,0,0.422493405485071,1.26488240260964,-0.725017583475882,-0.26865309911356,2.38502926920893
"RNA748","protein-coding-exon2",-0.674490759476595,1.06362004379002,0,0.585407074262705,-0.308338632903587,3.2654622076122,3.5444266069184,3.02929183203523,3.45299000746973,-0.674490759476595,-0.480519560672868,-0.539194677929667,-0.856785559335134,-0.3713095100816,41.7056702736546,1.08305049172116,0.96973488313027,-0.78517642257019,0,1.97863318533316,312.193263365851,0.734542168855564,0,2.59015017219126,-0.674490759476595,0,-0.906505589474547,0.699902331101467,-0.264482855126924,-0.679843860742292,1.96966682345015
"RNA749","protein-coding-exon2",-0.75880210441117,0.726374664051718,-0.240889556955927,-0.814479407669851,-0.173440481008267,3.22306001074452,5.52099721002034,12.744325402742,25.0467613369816,-0.674490759476595,-0.280670446753877,0.880419354184051,0.546884399575618,-0.662716475778255,-0.631438157807876,0.748317541745954,3.00185447898924,2.65472645076045,0,0.996154987173596,117.05567472736,-1.33139876570906,0,2.14207001685418,-0.674490759476595,0,-0.307352168441461,0.640273967860798,-1.06611947841922,-0.0903956687958345,2.07484293062949
"RNA750","protein-coding-exon2",0.168622689869149,0.700432711764157,-0.505868069607446,-0.241798574151987,-0.366152126573009,-0.123755248997533,-0.335756437664398,27.0979620912527,18.019977006912,3.37245379738298,-0.179276411015566,1.02566367702119,0.151912333215449,-1.29618080575362,-0.649889272808756,-1.51615473011286,-0.0864731742918711,-0.4297716762306,0,-0.154426529120411,0,0.656116811947041,4.04321088264463,13.4261290017333,-0.674490759476595,10.4232962961698,-0.63255163149815,0.686472103777136,0.29993694629835,0.03196116343924,-0.280021758539765
"RNA751","protein-coding-exon2",-0.252934034803723,1.27115566209051,-0.963558227823707,0.458144666814291,1.09845637971903,3.2501776947878,5.42719385936466,37.8661479004404,31.2077814086186,-0.674490759476595,0.477580603115236,1.13608915534258,1.08769230582262,-0.625505543555663,-0.684741378921528,1.294094591821,1.53798717133399,1.59110640697043,0,0.0981612578601719,78.2163061898086,0.696545892394009,0,2.90128919395809,-0.674490759476595,0,-0.510480970811608,-0.0479082975951988,0.120802513908755,-0.472469372580234,1.38275856585586
"RNA752","protein-coding-exon2",-0.252934034803723,0.0518839045751228,0.26497851265152,-0.17816737042778,-0.173440481008267,3.2654622076122,5.75103876043786,15.6552855225883,26.0131958580227,-0.674490759476595,0.434965718529569,1.38777965998503,-0.394972066360169,-1.83320876980328,-0.697042122255448,0.809775439027775,2.3224223952674,2.20506594444271,0,0.820434216930078,107.782607498671,0.0503675703406377,0,11.1577426870428,1.89821207885648,12.4565889481939,1.17207977932461,0.0200343789943574,-0.713103582104155,0.39053847678336,1.99107041171217
"RNA753","protein-coding-exon2",-0.590179414542021,1.78999470784173,0.0963558227823708,0.547228352028181,-0.404694455685957,3.2654622076122,1.46958582693907,248.49659559664,168.542153659062,-0.674490759476595,0.596608384199341,1.88121242797971,0.844632572677898,-1.41482834827731,37.1974478417731,0.170072168578626,2.56331195222332,NA,0,0.792734391078884,91.3195533607817,0.303459725559187,0,3.83486740439103,-0.674490759476595,0,0.125495085161247,-0.100171894971776,-0.0681109693805101,-0.768170031626126,1.25054299894211
"RNA754","protein-coding-exon2",0.0843113449345744,0.544780998038789,0.963558227823707,-1.29807655597382,-0.963558227823707,1.29425310206583,1.2551781682975,31.7483983802755,38.7580511042521,-0.674490759476595,1.04479941173826,0.662552869928337,0.850709066006517,0.131667435299249,-0.520731467802599,0.158283075074881,1.93946976626054,1.45274932810344,0,0.584293201548642,0,-1.33139876570906,7.99860284087919,21.8401609483528,37.3110812116771,6.62105594969047,0.0134156864714912,-0.580996990836276,-1.14567347806253,1.35935829986821,1.83730309159905
"RNA755","protein-coding-exon2",-0.252934034803723,0.752316616339279,0.216800601260334,-1.24717159299446,-0.539592607581276,3.26299696360826,4.95966604816013,28.9912694862747,29.1943761564496,-0.674490759476595,1.6693278927351,1.42757262514589,0.917550492621314,-1.03541582335654,4.65583135188859,1.00574496054906,2.70537502427426,1.45274932810344,0,0.81298988873257,0,-1.33139876570906,3.83407963012909,8.36971703519119,42.1903919157823,11.2342763147289,0.790800329576281,0.0758444347643351,-0.505094843869063,0.268190373410929,0.661399236074913
"RNA756","protein-coding-exon2",1.01173613921489,-0.466955141176104,0.337245379738298,0.80175316692501,-1.81148946830857,3.26102476840512,5.83516398761319,87.8612963002407,89.9086115356041,-0.674490759476595,-0.571627244959467,-0.741143976121038,-1.25783411902392,-0.442269892459566,-0.666290263920649,-0.650139517157383,2.43977884609208,-0.588882316927643,0,1.01952671523554,296.738151318037,0.803961176443214,0.557599664871459,4.27232809549855,2.77636070038664,13.9067632010872,0.898689844202868,0.0339868929368517,1.41539962724967,0.284383504739631,2.79845305060305
"RNA757","protein-coding-exon2",-0.337245379738298,0.804200520914402,-1.37307047464878,-0.0763574444690486,0.0578134936694225,3.2654622076122,3.2488716052493,26.7193006122483,6.04021575650682,-0.674490759476595,-0.742086783302136,-0.691402769669961,0.261289213130573,-0.286175407572337,-0.639638653363823,1.53953965329242,2.39654225894614,-0.558616705925488,0,1.64017593821388,158.31410428109,0.463669461821527,0,1.49881087707336,-0.674490759476595,0,-0.116873592954343,-0.686892994092147,-0.548131134538388,0.0954636392380824,1.36063784902327
"RNA758","protein-coding-exon2",-0.843113449345744,1.01173613921489,-1.42124838603997,0.407239703834925,0.423965620242431,3.2654622076122,3.57867227461809,32.5885535368165,17.3857543524788,-0.674490759476595,0.861114564386241,0.480500054317397,0.656261279490741,-0.105430974630677,-0.651939396697742,0.0798179609351964,0.840025121692463,1.53057518496612,0,0.32581920157468,0,0.625570553532342,0,5.4608325339895,-0.674490759476595,0,1.08151382380535,-0.123896817465082,-1.12006078685446,-0.171580982673873,1.27904035626869
"RNA759","protein-coding-exon2",0.505868069607446,-0.466955141176104,0.9876471835193,-0.26725105564167,-1.61877782274383,3.26447611001063,5.05719175400057,17.3000963220137,2.19461172486415,-0.674490759476595,0.267445137744532,-0.337245379738298,-1.5555822921262,-0.777286287533368,-0.674490759476595,0.630426606708498,1.28474430376494,1.36627615381156,0,2.79041120668474,195.809550031875,0.1135067693934,0,1.83700079507694,24.975883636441,0,-0.53110809235336,-0.0323726245945306,-0.0469157980846443,1.02887259143736,2.97798103401615
"RNA760","protein-coding-exon2",-0.252934034803723,1.08956199607758,0.216800601260334,-1.22171911150478,-0.597406101250699,3.23193488915869,5.84558658213049,74.1111513438933,172.780371714878,0,0.293895755763222,-0.504375833413914,0.261289213130573,-0.762378313630236,-0.633488281696863,0.118470726521248,1.45151399704212,NA,0,2.65450893610232,111.276806744264,-1.33139876570906,0,13.0751549032207,7.08802560441451,0,0.407264788409324,-0.224962306504399,0.194062522343647,-0.499199375657822,1.77307544085128
"RNA761","protein-coding-exon2",-1.26467017401862,-0.38912928431342,-0.26497851265152,0.814479407669851,1.05991405060608,3.1934770826973,4.23157337402314,1.65664397064427,2.01340525216894,-0.674490759476595,-0.293895755763222,0.464582868253053,0.425354533003258,-0.524899665139896,-0.584285308361184,0.307869277892899,2.21741925505584,0.735021981480905,1.04935319810952,1.03112601731073,0,0.445858115018881,0,2.46372107276226,0.126577266759863,0,-0.401866283943318,0.801375159774162,-0.896218779657958,-1.03488042998125,1.37327406825216
"RNA762","protein-coding-exon2",0.843113449345744,0.518839045751227,-2.33662870247249,0.343608500110718,-1.07918521516255,3.2654622076122,5.11153813969791,15.3239567284595,33.5735325799171,-0.674490759476595,2.10135465370704,-0.626739201283562,-2.26045551824589,-0.383057570430946,-0.50228035280172,-0.893458676521576,2.05064956177866,2.39530692788483,0,0.869082036081239,254.068602838201,0.287323152288855,0.35596717440155,0,4.04949404681196,0,-0.470838221598553,-1.20008890921845,0.850548312214754,0.650124919232774,1.00511958576959
"RNA763","protein-coding-exon2",-0.590179414542021,0.622606854901472,0.0722668670867781,-1.00537301884247,-0.905744734154285,3.06380524809032,6.08381731395446,18.8147422380313,31.3889878813138,-0.674490759476595,1.00218452715259,-0.0726221614185719,0.382819079702932,-2.54491046150246,-0.690891750588488,1.54263187453931,2.68066840304801,NA,0,0.818183606079669,96.2920676718176,-1.33139876570906,0,12.2498769648142,-0.674490759476595,7.21243306955627,0.0916537138818095,0.341762935786047,-0.516486803163888,-0.29190146313483,2.00738130231991
"RNA764","protein-coding-exon2",1.26467017401862,0.648548807189034,0,-0.292703537131353,-1.40679501262261,3.26003867080354,1.96465906651074,27.6896206521971,12.2113028544046,-0.674490759476595,-0.448191027538914,-0.649620156251057,-3.39675977069745,-0.40477050339804,-0.608886795029024,1.02449155185829,1.93946976626054,1.16738785294026,0,1.47570822222241,0,0.208618271650752,2.02383566796432,18.3956300268316,6.06172893194561,0,-0.616597842180701,-1.26286576761354,0.825177573173875,1.30087373552618,1.30006224412354
"RNA765","protein-coding-exon2",0.421556724672872,0.985794186927332,-0.26497851265152,-0.0890836852138897,-0.443236784798905,2.86116219096687,5.7949625516179,116.462071136292,348.822459938269,0.674490759476595,-0.479050081894052,-0.600873773929002,-0.607649332861798,-1.09264828253611,-0.664240140031662,0.768996771334491,1.47004396296181,-0.816306765315264,0,0.528893549846252,118.869970489494,0.616531040379144,0,21.0735398381643,9.7469574070338,6.51995251473495,0.0320284406751818,-0.1753008162006,0.272248156345667,0.5542690268847,2.51161278776845
"RNA766","protein-coding-exon2",-0.0843113449345744,1.76405275555417,0.602223892389817,-0.674490759476595,-1.09845637971903,3.21073379072484,4.1831827566214,43.4514047157554,37.9325549508629,-0.674490759476595,0.562810372286571,-2.14683047042845,-1.11807477246571,-0.520310579065933,-0.660139892253689,0.894618259489158,1.95182307687366,1.45274932810344,0,2.39690055568621,0,0.49377037734503,0.382774898679102,4.10225015118872,-0.674490759476595,6.33336253429891,0.249418963798805,-0.384588525338051,0.305870258431069,-0.302617505925891,0.843776020641589
"RNA767","protein-coding-exon2",0.0843113449345744,1.78999470784173,-1.03582509491049,1.45079144491192,-1.15626987338845,3.2654622076122,6.02425963099846,55.6159047287719,71.9792377650396,-0.674490759476595,1.88534127322107,-0.323317841931996,0.200524279844393,-1.47246726936629,-0.678591007254568,1.07957174281841,1.91476314503429,NA,0,1.52989600654381,0,0.361344826033911,0.519503793460135,11.2186555471152,12.4596418025936,11.2342763147289,-0.242167241381783,-0.203205844085589,-0.440540407865082,0.721598050614637,2.38617704350185
"RNA768","protein-coding-exon2",-0.421556724672872,1.1414459006527,-0.9876471835193,-0.203619851917463,0.0385423291129483,3.2654622076122,5.66765800429947,36.0438395327317,-0.744959943302508,0,2.72588313470389,0.134301257417906,-0.170141813201303,-1.62937467807233,-0.656039644475716,1.24829106460153,1.77887672828992,2.4817801021767,0,1.79269810430702,186.805267360539,0.0222280586145266,0,0,-0.674490759476595,0,-1.1778005825647,0.0560171781092116,-0.34710635575403,-0.171580982673873,0.907421484624381
"RNA769","protein-coding-exon2",0.337245379738298,1.08956199607758,-0.481779113911854,0.305429777876194,0.481779113911854,3.2654622076122,6.08381731395446,27.2162938034416,151.508745225713,-0.674490759476595,-0.755312092311481,-1.27337488514755,0.48004297296082,-1.30786330773048,-0.688841626699501,0.175676819588603,1.28474430376494,0.882026377777086,0,-0.132612916262595,122.767346571117,0.699840956019821,0,7.19453929915524,18.2319579169555,7.69756701868997,-0.570347968098803,-0.548213461572785,0.428010185643177,0.179864202527082,2.76150383211786
"RNA770","protein-coding-exon2",0.843113449345744,0.492897093463666,1.30080360756201,0.407239703834925,-0.269796303790638,3.2654622076122,4.06406739070942,11.2770121715999,0.664423733215751,-0.674490759476595,-0.377656046155741,-1.79864202527092,-1.31252255898148,-0.606257605394013,-0.151709167785009,0.961874071608888,1.53181051602743,1.71216885097905,0,0.529759169404102,149.9145868638,0.422458662469801,0,1.75196450867423,0.0677351740897274,0,0.894177661365609,-0.657457310669153,0.580890541565172,0.838844520488301,1.29390610019139
"RNA771","protein-coding-exon2",1.26467017401862,0.492897093463666,0.457690158216261,1.4762439264016,0.366152126573009,3.25954562200276,5.46441741121215,535.782326448794,515.643152106727,-0.674490759476595,2.02053332087215,-0.569039401800313,-1.00869789255058,-0.491438671823456,-0.676540883365582,0.0711210886783347,1.50092723949462,NA,0,0.625842940325434,218.723433546243,-1.19373072316121,10.8738050271421,9.72548474967822,2.87369501267266,4.66015889219459,0.43683570093207,-0.697086611584373,1.43419115827823,0.691430025125547,0.858342087084223
"RNA772","protein-coding-exon2",0,-0.129709761437807,0.385423291129483,1.24717159299446,0.0192711645564742,3.26299696360826,5.84409764005659,33.0500472143532,266.172174336734,1.34898151895319,1.19762520473513,-1.55192564127358,-0.340283626402606,0.495280392451089,21.4012432771312,1.0929069469456,0.537369011670914,-0.0778258568626839,0,1.41701921620019,180.488830262737,-0.858359336833685,3.88663497095302,2.17058733379638,-0.674490759476595,0,-0.130329566772595,-0.268613807535763,-0.345970214992987,0.430327968625718,1.29602640633519
"RNA773","protein-coding-exon2",1.43329286388776,1.40086542352831,0.36133433543389,-1.19626663001509,-3.50735194927829,3.2541220851941,2.5475798884425,48.4213366276882,114.331217244413,-0.674490759476595,1.25787383466659,-0.20194929819137,-2.0963901983732,-0.546324141268055,13.4324117206403,-0.367394536895417,1.36504082275025,1.06362004379002,0,1.63411660130893,0,0.399104217978873,5.49594851399437,8.93592731563523,2.51942086837187,0,-0.899656740525137,-0.338080145529728,-0.0101775011718036,2.44346768190017,2.10257069409561
"RNA774","protein-coding-exon2",0.843113449345744,1.45274932810344,0,1.32352903746351,-0.55886377213775,3.21467818113114,5.67882506985372,27.8079523643859,182.021901822333,4.04694455685957,4.3775772820932,-0.737164679604951,-2.63112161129158,-1.18128320213608,-0.668340387809635,1.37043380385345,1.73564014114399,0.933910282352209,0,0.981266330778579,278.393605278674,-0.642668877940042,7.24324607936641,12.2724372833596,5.86131802987126,7.26554367258091,1.04396601662388,-0.875395984819676,1.23616109365452,0.275068871674446,0.796100044767105
"RNA775","protein-coding-exon2",1.34898151895319,0.492897093463666,0.409512246825076,1.11990918554605,0.308338632903586,3.22108781554137,5.65649093874522,127.088258890853,341.775541555678,-0.674490759476595,0.0499622784797478,-1.4972103141774,-0.164065319872685,-1.40818072930731,-0.649889272808756,0.821757796359451,1.69240355399805,0.259419522875614,0,1.49077000252899,119.474735743539,-1.31845025532839,5.80466988714258,9.00747575445048,46.1717946047821,22.0751651604042,-0.254736893571288,-1.59679951390644,0.332834518519381,1.94778684667333,1.57162022189576
"RNA776","protein-coding-exon2",-0.0843113449345744,0.57072295032635,-0.313156424042705,0.585407074262705,-0.597406101250699,3.14367915381782,4.48097117140135,27.3582918580682,25.0366943107208,-0.674490759476595,-0.722983559177527,-0.356147038189706,-0.243059733144719,-0.489773489162333,-0.403874406130363,0.734595809962905,2.07535618300491,0.760963933768466,0,1.80602864549791,240.830963388552,0.726409923400918,2.33502729214649,16.8808120665999,-0.635489996180972,6.24548183839255,-0.932128342014693,-0.848661271686303,-0.412473261776379,0.428713588321562,1.33102260702715
"RNA777","protein-coding-exon2",1.09604748414947,0.0259419522875614,-0.192711645564742,-2.03619851917463,-1.27189686072729,3.07908976091472,2.20437874040861,14.1998054626652,8.556972321718,-0.674490759476595,1.44155868201861,1.15499081379399,0.285595186445045,-0.589173093524373,-0.656039644475716,-0.95607615677098,2.14947604668365,0.354540014596672,0,1.66666389668408,0,-1.33139876570906,2.99977484569261,1.65491753839833,3.79436899117764,0,1.15991300060271,-1.38178290416942,-0.0323285331339496,1.9656115515139,2.81394777845903
"RNA778","protein-coding-exon2",1.77053824362606,0.907968330064647,-1.25262569617082,0.547228352028181,-1.05991405060608,2.56927730090098,5.4651618822491,6.5082441703882,0.885898310954334,-0.674490759476595,0.189562762467278,-1.26243181972832,-1.54342930546897,-0.0865763867039375,-0.598636175584091,0.966125875823353,1.63681365623899,1.70352153354986,0,0.926386050810899,293.647128908474,0.401852078371355,0.677578857499892,0,2.92872065770091,6.95263480132819,-0.819404345776757,-1.69635356566949,2.60727558707746,0.309602315825314,1.50182981890246
"RNA779","protein-coding-exon2",0.337245379738298,-0.233477570588052,0.409512246825076,0.623585796497229,-0.520321443024802,3.14860964182568,5.98033583981842,36.753829805865,19.5602320248213,0,2.79641811608706,0.666532166444423,-1.17276321242327,-1.15622679217224,-0.541232706692465,0.252209295448985,2.03829625116553,2.37801229302646,0,0.65094590750308,220.537729308378,0.744079139493608,0,3.02483379551594,-0.134876482923612,7.22681993679413,-0.230725634901592,-0.192638259561094,0.185905006611521,0.425714088821513,2.24246095853462
"RNA780","protein-coding-exon2",0.927424794280318,1.478691280391,-2.04756123412538,1.4762439264016,0.269796303790638,3.22503220594767,5.98033583981842,20.116391072109,96.7441223667176,-0.674490759476595,-0.161642665669772,-0.0795859303217222,0.0364589599717077,0.182108047089352,-0.528931963358546,0.464606242344337,1.27239099315182,NA,0,0.194591276604644,191.508997114222,0.706386075213292,0.590040961648748,8.04549302866806,1.73939205935209,12.6020390777345,-1.1333233517403,-1.15197679217536,0.742957585541434,0.869135469387276,2.05129551782368
"RNA781","protein-coding-exon2",0.421556724672872,-1.16738785294026,0.216800601260334,0.509049629793657,-0.173440481008267,1.40420298464133,5.48079577402505,39.6056240696169,401.432739177443,1.34898151895319,2.85372778846089,-1.07639970760129,-1.18491619908051,0.292587016401388,-0.588385556139158,1.45450356900311,1.44533734173556,-0.0778258568626839,0,0.679338229000555,260.385039936004,0.380738561407399,3.0217770816227,16.1214962024165,5.74268040977588,9.1000339805289,-0.497750169235058,-0.0106925056430517,0.937588001208893,-0.131361496227654,1.06199623907957
"RNA782","protein-coding-exon2",0.590179414542021,1.45274932810344,-5.20321443024802,0.916289333628582,-0.308338632903587,2.94843182870617,1.03407027032339,84.7965049545488,53.5767137602155,-0.674490759476595,-0.285078883090326,0.522282667736302,0.328130639745371,0.182108047089352,-0.651939396697742,0.89539131480088,0.722668670867781,-0.240395424531402,0,0.659602103081578,0,0.773637589474113,0,1.02425457647199,-0.390684111166703,0,1.22348643379194,-1.19444096504383,0.808447593081713,0.217498831860206,0.633606810460356
"RNA783","protein-coding-exon2",0.843113449345744,0.700432711764157,-1.13218091769286,0.0890836852138897,-0.69376192403307,0.355488185367416,0.64247850488775,6.74490759476595,7.41939835424255,-0.674490759476595,0.839072382704,-1.15797528618106,-3.35422431739712,0.275751626347192,-0.147608920007036,0.628493968429194,0.16676969327718,0.709080029193344,0,0.693880637572432,0,0.448868917224781,0.743898597101359,5.88534252795111,17.9784309479846,12.1075921030911,0.595890145945426,-0.904817973765428,0.850548312214754,0.684585179006173,0.414394078040789
"RNA784","protein-coding-exon2",-0.337245379738298,0.492897093463666,0.409512246825076,1.20899287075993,-0.0963558227823708,3.25954562200276,4.87851870513259,68.4667286724839,101.002474475055,-0.674490759476595,0.972794951576266,-0.278550756126028,-0.218753759830247,-0.267805951601988,11.642653565555,1.16847310366633,1.6182836903193,1.17603517036945,0,0.848653414515983,192.180958507605,0.528367360993472,4.44536175036508,6.88734296162944,-0.356643510925867,15.6583368314429,1.1602352993768,-0.654063549521558,-0.453198140414874,-0.0124905696199455,0.784504852075013
"RNA785","protein-coding-exon2",-0.590179414542021,0.259419522875614,-1.3248925632576,-0.967194296607948,0.404694455685957,3.2654622076122,5.7815620729528,25.8318127708317,38.4157722113834,5.39592607581276,0.039675927028035,1.79167825636777,-0.0850709066006518,0.371729083665505,1.16652049283338,0.530122680012694,1.85917324727523,1.7467581206958,0,0.533394771547071,102.474112490943,-1.33139876570906,3.92288865515601,6.99047584640816,-0.674490759476595,0,-0.656562890167846,0.865948778020436,-0.44587548522078,-0.449660506317739,2.45950374814516
"RNA786","protein-coding-exon2",-0.421556724672872,0.882026377777086,0.578134936694224,0.305429777876194,0.115626987338845,3.20925464432248,5.71158179547951,41.4160992661067,93.1401269653352,-0.674490759476595,-0.0837602903925184,0.841621213152212,-0.680567252805213,-2.20689149296884,-0.649889272808756,1.6479606607613,1.23533106131245,3.38110111481216,0,1.40386179892087,120.415481694276,0.660657888130133,7.32624451390453,19.8230536102222,-0.674490759476595,5.8187519808397,-1.27384561724349,0.139221955723473,-0.648427574657591,0.0387419362787857,2.3667634822837
"RNA787","protein-coding-exon2",-0.590179414542021,1.53057518496612,-0.554045980998632,0.687217000221437,-0.905744734154285,3.00562548959746,2.95852790083884,23.1575160753631,1.42951772903995,-0.674490759476595,4.53481151142652,-0.315359248899824,1.00262139922197,0.782281835516739,-0.520731467802599,0.742326363080116,2.35330567180021,0.0778258568626841,0,0.948372787580285,0,0.0265914714101742,0,0,-0.674490759476595,0,1.09295543028554,0.196111174663039,-0.922425634373739,0.030082921197303,-1.49643960704999
"RNA788","protein-coding-exon2",1.01173613921489,-0.285361475163175,0.0963558227823708,1.83257866725716,-0.944287063267233,3.25806647560039,4.5114944839163,26.5773025576216,93.4824058582039,4.04694455685957,1.91620032757621,-0.0775962820636794,-1.43405242555384,-0.727252137652673,0.545332954470439,-1.19359740129726,NA,0.380481966884233,0,1.64086843386016,216.573157087417,-1.30898946675089,8.21824516155951,8.07186711534845,37.558920075575,15.6470030551151,-0.951143969685996,0.0704434616253105,1.26286374217572,0.47504456715824,0.771390710493519
"RNA789","protein-coding-exon2",1.34898151895319,-0.726374664051718,-1.39715943034438,-0.509049629793657,-1.05991405060608,3.26349001240905,4.33505484815918,2.04713862086756,25.801788306545,3.37245379738298,0.758251049869114,-0.0139275378063016,-4.16847442343193,-1.56500946796638,-0.670390511698622,0.772475520237236,NA,2.07535618300491,0,1.07960071255032,241.973297757303,-0.29073902701813,8.37845144217959,11.1408761631779,0.153555136534975,9.91066256416309,-0.690645985527851,-0.428145865818436,1.0373301828862,1.24569655493858,2.13315674925707
"RNA790","protein-coding-exon2",0.843113449345744,0.622606854901472,-0.722668670867781,-0.305429777876194,0.0385423291129483,3.26349001240905,4.97604441097303,16.9214348430093,19.509896893517,2.69796303790638,1.30783611314634,-0.863507343990686,-0.978315425907494,-1.31637278447906,-0.651939396697742,-1.02545787099794,1.24150771661901,1.78999470784173,0,1.18018570517247,207.703266694758,0.145789391314727,5.41548033658822,6.89690423948913,-0.329408322111735,18.8782714720553,-0.0336399345456312,-0.510161150820524,0.366390042184815,1.14261946516094,0.367213267229895
"RNA791","protein-coding-exon2",1.09604748414947,1.73811080326661,-0.529957025303039,2.20163964885757,-2.02347227842979,3.23440013316262,3.79456887533356,80.8560589386592,118.005681829622,3.37245379738298,3.484134184573,0.478510406059354,-0.352436613059843,-1.78464312746625,-0.682691255032542,0.31598635866597,1.89005652380804,1.68622689869149,0,0.0157542759528672,205.082617260563,0.219079091903509,5.99975971272819,5.2332848639376,9.91126238500151,13.2185877240958,0.690565410834328,-0.995708636019402,0.501954357793197,1.31750528351095,0.0330059937922303
"RNA792","protein-coding-exon2",1.93916093349521,1.86782056470442,-5.44410398720395,0.725395722455961,-2.64014954423696,3.16783854505638,2.73518658975388,38.647137200887,52.3485365563925,2.69796303790638,2.49517496642976,-0.0169120101933663,0.0911473999292696,-0.160368890773264,-0.637588529474836,0.465379297656058,1.42680737581587,1.12415126579433,0,2.18222690533945,0,-1.27170268310498,6.23866399086367,6.10734680544615,13.8090499294272,14.3780154706876,0.12428646475841,-2.23069354175943,0.214638942623197,3.05534247016638,2.60170198647784
"RNA793","protein-coding-exon2",0.421556724672872,0.882026377777086,-3.58925439864331,1.13263542629089,0.0385423291129483,3.25905257320197,4.95073239571673,23.6663424377753,271.709038780199,4.04694455685957,0.110210908411208,-0.411857189414912,0.38889557303155,-1.27158330439718,-0.639638653363823,0.761072954389351,0.901791674758085,0.994441504356519,0,1.42706040307125,180.75761482009,0.0254117865175398,5.96741642591095,9.75314799741834,4.04897940873392,16.7964149063474,-1.23605608598145,-0.0479082975951988,1.22103464058549,-0.433042618040777,1.76087360159036
"RNA794","protein-coding-exon2",0.0843113449345744,-0.337245379738298,-0.939469272128114,1.52714888938097,0.0770846582258967,3.22059476674058,5.12270520525215,2020.05249194753,6345.24665221042,12.1408336705787,2.389372494355,0.57998246721955,0.57119037289009,-1.77140033622424,-0.694991998366461,1.22664551587334,1.27239099315182,1.01173613921489,0,2.59910928439993,0,-1.10867378421066,13.4977716821324,27.8895492211551,1.46869243030342,5.79997217704067,-0.635049446997346,-0.145704574504389,0.537557107346918,-0.287283101258556,1.47850198861736
"RNA795","protein-coding-exon2",0.75880210441117,1.03767809150245,-0.385423291129483,0.470870907559133,-0.0385423291129483,3.17769952107212,4.13925896544136,12.9336561422442,51.0700242212652,2.02347227842979,5.3900481606975,-0.665537342315401,-0.60157283953318,-0.838176903897609,-0.545332954470439,1.38744102071131,1.27239099315182,1.1414459006527,0,1.36317767970193,0,-1.31240792352139,7.00922229720087,8.58839097994858,37.6931322690847,12.2883394779008,1.16579495322986,-1.32014616552201,0.568389850210554,0.838274387605569,1.85029544739768
"RNA796","protein-coding-exon2",1.09604748414947,1.6084010418288,1.05991405060608,1.50169640789129,-0.501050278468328,3.20678940031855,2.26021406817985,32.3873896260955,44.4157198628468,2.02347227842979,2.99479775122724,-0.0895341716119373,-0.0668414266147978,-0.598351265672299,0.817999431705658,0.572833985985281,0.654725462495596,0.830142473201963,0,0.75603212182605,128.68060683289,0.136197937237866,6.19709976698846,7.27484329016785,1.81554495179459,18.0695098864596,0.0926206102040791,-0.1753008162006,0.850548312214754,1.01307441453132,1.35070594118209
"RNA797","protein-coding-exon2",1.93916093349521,0.363187332025859,-1.05991405060608,1.27262407448414,-0.655219594920121,3.26053171960433,6.07488366151106,7.33656615571033,20.0132482065593,1.34898151895319,2.41582311237369,-2.09211514333227,-4.80650622293682,-1.11078172836551,-0.530982087247532,-0.744065737531487,1.60593037970618,1.36627615381156,0,0.7044411961782,188.485170843998,-0.207317775654654,6.12944289150342,8.58941156578754,15.1522553131098,16.7880024328327,-0.803934004620443,-1.93798694017099,1.29805715144561,1.89627747385386,2.7045587866443
"RNA798","protein-coding-exon2",1.51760420882234,1.32303956666563,0.385423291129483,0.776300685435327,-1.61877782274383,3.24475415797915,2.13960976019397,18.8265754092502,-0.573820496868148,-0.674490759476595,0.324754810118361,-1.44050533882317,-3.62766651718493,0.125583618332624,10.8554059921841,0.725898937706045,2.4521321567052,1.45274932810344,0,2.34461713439208,0,0.536416696867311,3.10185521939191,7.95664834563472,3.98733118422774,0,1.29084687757673,-1.69083250305799,1.06758477809023,1.4793249200302,1.82714890047916
"RNA799","protein-coding-exon2",-1.18035882908404,0.856084425489525,-1.51760420882234,1.38716024118771,0.520321443024802,3.21665037633429,3.47593527151901,1.53831225845539,0.503351313042235,-0.674490759476595,0.392350833943902,0.735175031346908,0.601572839533179,0.241700607678387,1.12756813894264,0.686666380636202,1.37739413336338,2.89685133877768,0,0.350749044840755,106.102704015213,0.197219388712285,0,0,-0.674490759476595,0,0.753091373007765,0.41070476938426,-1.29735383119078,-0.438418993659792,1.84338492484951
"RNA800","protein-coding-exon2",-0.252934034803723,1.1414459006527,-2.50525139234164,0.254524814896829,-0.0385423291129483,3.26349001240905,2.03240593087318,19.2644027443491,24.1608630260273,-0.674490759476595,5.19166852555732,0.678470055992682,0.850709066006517,0.182108047089352,-0.686791502810515,1.43575697769388,2.10623945953772,1.24521370980294,0,0.709288665702159,0,-1.31893115458553,9.62439805883545,4.63448566620435,2.22921916478697,0,-0.357308478425393,-0.907807798181673,-0.311431535857093,0.0252934034803669,0.656144295925246
"RNA801","protein-coding-exon2",0.421556724672872,0.700432711764157,0.385423291129483,-0.674490759476595,-0.23125397467769,3.2654622076122,5.18449630131899,14.8269635372662,15.171008575093,-0.674490759476595,1.60467082646719,0.767009403475597,-0.710949719448303,-0.974813663831235,0.535082335025506,0.633132300299521,2.87214471755144,1.41816005838669,0,0.990268774180217,100.391032171455,0.750425275693141,0.338538403240016,16.3884599718698,-0.500261392467123,12.973022570326,-0.981520629143967,-0.86471915218279,0.067351110695735,0.765414758915834,2.49504467592083
"RNA802","protein-coding-exon2",0.674490759476595,0.95985223463977,-1.05991405060608,0.878110611394058,-0.751575417702492,2.58111047211986,6.02128174685067,2.69796303790638,3.30198461355706,-0.674490759476595,-0.593669426641709,-0.318343721286889,-0.534731412918382,-0.82312470157501,-0.299318087792045,0.454943050947824,1.85917324727523,2.04941423071735,0,1.14729216197418,245.736281560249,0.611409597130399,0.425478238314514,0,3.72738478238863,0,0.928421906112659,-0.683172323707473,0.321201936982026,0.86409760630724,0.26709967398594
"RNA803","protein-coding-exon2",1.01173613921489,0.907968330064647,0.554045980998632,1.46351768565676,-0.635948430363647,3.22108781554137,5.68775872229712,100.676620730296,2.0939414622557,-0.674490759476595,2.53632037223661,-0.147233971095186,-1.03908035919367,-0.944683035837043,-0.621187538362943,0.722033661147439,0.568252288203725,2.74119962505232,0,-0.0839650971114344,191.105820278192,0.657770265872861,0.309245426403996,0,1.71418833663549,0,0.184072887352082,-0.816244425434039,-0.163158065660426,1.95936052655245,0.955692863345219
"RNA804","protein-coding-exon2",0.0843113449345744,1.68622689869149,-1.85484958856064,-0.496323389048816,-1.85003179742152,3.26349001240905,6.07041683528936,987.30064064789,1888.14124440525,6.07041683528936,-0.261567222629268,-0.487463823220548,-0.692720239462449,-0.865934318807837,-0.0348521061127725,1.39091976961406,1.80976000482273,1.09820931350676,0,3.03901714369922,189.493112934072,-0.612819060004128,10.9930171418179,18.4557371612417,-0.140095996483516,8.63875367692239,-0.671630357856548,0.243274602074303,0.112783329311996,0.110885669074949,0.300688429506519
"RNA805","protein-coding-exon2",1.01173613921489,0.95985223463977,-0.216800601260334,0.776300685435327,-2.44743789867222,1.59008238253803,1.19413154326761,-0.366828307785517,0.694624811998285,-0.674490759476595,0.401167706616798,-0.388976234447417,-1.14238074578018,0.205682837835025,15.2016686368357,-0.361210094401649,1.6676969327718,1.06362004379002,0,0.827532297304447,0,0.493680361228724,0.769738222997988,0,11.6587972376278,0,-1.14403978597879,-1.25034703435987,0.975941820999475,0.781244692631157,-0.394372703850246
"RNA806","protein-coding-exon2",-0.421556724672872,1.71216885097905,-0.867202405041337,0.687217000221437,-0.346880962016535,3.25905257320197,5.30956743552658,-0.544325876068831,-0.644289680694061,-0.674490759476595,2.01759436331452,0.422800254834149,0.0364589599717077,-1.01979981903057,-0.684741378921528,0.538626288441625,2.48919208854458,0.38912928431342,0,0.087254451431264,178.472946082587,0.383922289310413,0,0,-0.674490759476595,0,-0.632309907417582,0.41070476938426,-0.650342324878047,0.138645322781291,2.20370662543258
"RNA807","protein-coding-exon2",-0.252934034803723,-2.77578889476906,0.289067468347112,0.572680833517864,1.67659131641325,3.24376806037757,3.16772426222176,67.4490759476595,316.940187770174,-0.674490759476595,-0.47611112433642,0.0427774375479258,1.44620541221108,-1.45685126504032,-0.690891750588488,0.720294286696067,2.19888928913615,2.66337376818963,0,0.10854869255437,0,0.414421170821792,2.02254553685751,10.8641899707325,19.8877382175103,19.7384523800996,0.567044405664382,0.557206165780474,0.578209285322912,-0.90985993075229,3.19464480471099
"RNA808","protein-coding-exon2",-0.674490759476595,0.0778258568626841,0.120444778477964,-0.916289333628582,-0.655219594920121,3.24820549958466,3.14390118903936,15.3831225845539,13.7515578723139,-0.674490759476595,2.60538587484097,2.39155720616775,0.99046841256473,-0.842241522991691,-0.688841626699501,0.681448257282085,1.27856764845838,2.00617764357141,0,0.549149047499939,0,-1.33139876570906,0,0,-0.674490759476595,0,-0.731980803304877,-0.1753008162006,-0.904525416643763,-0.0597205359953292,0.804465239102442
"RNA809","protein-coding-exon2",0.590179414542021,-2.7498469424815,-0.505868069607446,0.44541842606945,-1.0406428860496,-0.193275129908498,-0.12879348939233,15.8209499196528,1.12750694121461,-0.674490759476595,4.70967948610564,-0.601868598058024,0.583343359547325,0.400627214256976,-0.672440635587609,-0.83625258345422,0.765905258013716,1.340334201524,0,1.2307378873509,0,-0.154902338668068,0,1.15350371571917,2.54155030572756,0,-1.16934023974484,0.671151696310861,1.34546565491201,-0.314762354422418,0.608114261961938
"RNA810","protein-coding-exon2",-0.590179414542021,0.933910282352209,-0.505868069607446,0.687217000221437,-0.732304253146018,3.2654622076122,6.08009495876971,36.4461673541739,69.4121460685243,-0.674490759476595,0.580444117632364,0.748107745024188,-1.30644606565286,-0.890676048583746,-0.440776636132121,0.697102627344435,1.27239099315182,1.25386102723213,0,1.70076930726337,108.521765031393,0.698178026713336,0.0667460829276948,7.49330237474862,-0.674490759476595,13.692695402461,0.889262605060739,-0.0154811110410884,-1.29735383119078,0.427177481001846,1.21903653317163
"RNA811","protein-coding-exon2",-0.168622689869149,0.0518839045751228,0.192711645564741,-0.241798574151987,-0.0770846582258967,3.26349001240905,6.08381731395446,40.859940218819,17.959574849347,-0.674490759476595,0.670082323140147,-0.54715327096184,-0.267365706459191,-1.72594216074301,-0.676540883365582,1.34608256153424,2.84743809632519,0.933910282352209,0,1.47917070045381,86.817412025114,0.516210447601907,0,1.37525553250668,-0.674490759476595,0,-0.578486012144572,0.218285024863861,-0.493532855331045,0.314594570651394,1.21262763972112
"RNA812","protein-coding-exon2",-0.252934034803723,-0.518839045751227,-0.216800601260334,-1.22171911150478,-0.809388911371914,3.26003867080354,4.32463225364188,49.3561571539803,19.4092266309086,-0.674490759476595,0.46876373044234,-0.69040794554094,0.947932959264404,-0.742435456720242,-0.690891750588488,1.02429828803036,0.982088193743394,0.596664902613911,0,-0.193725657046794,0,-1.33139876570906,0.731323319165677,0,-0.674490759476595,6.38706618375932,1.2599061952641,-0.100171894971776,0.105689435245623,-0.419394895315586,2.0513723550609
"RNA813","protein-coding-exon2",-0.421556724672872,0.57072295032635,-0.240889556955927,0.432692185324608,0.635948430363647,3.2654622076122,5.57757700882853,96.7953405705008,48.1203855268377,-0.674490759476595,2.27769210716497,-1.40369684604937,0.249136226473337,-1.48858151732315,-0.684741378921528,0.446246178690962,2.19888928913615,0.873379060347899,0,1.62182480358746,100.9957974255,0.449243194760999,0,18.1940374661157,6.16695887579733,0,0.589041296996016,0.372897957411042,-0.311431535857093,-0.314762354422418,0.755641059615631
"RNA814","protein-coding-exon2",-0.590179414542021,0.415071236600982,-1.83076063286504,0.369060981600401,-0.173440481008267,3.16586634985323,2.32721646150534,4.46110554952064,1.22817720382305,-0.674490759476595,-0.214543901707152,1.43055709753296,0.552960892904236,0.216604862691057,2.39659482622535,0.127167598778109,1.53798717133399,NA,0,1.21775359398315,0,0.830930478657354,0,0,-0.674490759476595,0,-0.661397371779194,-0.761306401785459,-1.16762721338371,0.401144504320281,0.611460933007481
"RNA815","protein-coding-exon2",0.505868069607446,1.99753032614222,-2.04756123412538,1.46351768565676,-0.751575417702492,3.24623330438151,4.29038658594218,9.46653697511011,-0.100670262608447,-0.674490759476595,-0.196910156361359,0.7948644790882,0.346360119731225,1.31558608400924,-0.0102506194449331,1.105662359589,1.51945720541431,NA,0,1.27921258259049,245.534693142234,0.686483038129128,2.34748855849599,1.34608826353019,22.7953079273592,0,-0.506452236135484,-0.91465365782636,0.398063947700795,0.524253721150805,1.68193825641063
"RNA816","protein-coding-exon2",0.674490759476595,1.478691280391,-3.39654275307857,0.35633474085556,-2.27399741766395,3.25658732919803,3.13720094970681,32.541220851941,1.25837828260559,-0.674490759476595,2.22185191356996,-0.67150628708953,0.461813492974966,-1.00987428143631,2.75946675457598,1.07763910453911,1.26003768253869,1.9456464215671,0,1.07752322561148,0,0.274161848546935,0.548168706470514,0,7.10829963606779,0,0.264325282100462,-0.441666991466448,0.828541118122479,0.365349161383151,1.90837083230473
"RNA817","protein-coding-exon2",-0.75880210441117,0.752316616339279,-0.481779113911854,0.17816737042778,0.23125397467769,3.2654622076122,5.78528442813755,24.7549941899129,5.49659633842121,-0.674490759476595,-0.129314132535818,0.573018698316399,0.0668414266147976,-1.26404409156138,-0.678591007254568,0.729764214264649,1.35886416744369,NA,0,1.03545411509998,190.433858884809,0.652196373197423,0,0,-0.639057250648224,0,-1.2104333334413,0.772649395774903,-0.730086039941795,-0.434782033682228,1.46778810166319
"RNA818","protein-coding-exon2",-0.843113449345744,0.259419522875614,0,-0.750848203945644,-1.36825268350966,3.02091000242186,3.74990061311657,26.328805962025,81.0395613997999,0.674490759476595,0.736208868186872,1.66434076785301,0.832479586020663,-0.505861513770197,-0.688841626699501,0.636997576858126,1.25386102723213,0.925262964923022,0,0.4859588197769,0,-1.33139876570906,9.78069394206977,8.10560016307816,26.8763878862108,22.4753616811276,0.568575324841309,0.801375159774162,-1.34908432199532,0.155438199714767,2.55913786028011
"RNA819","protein-coding-exon2",-0.505868069607446,0.700432711764157,-1.30080360756201,-1.03082550033215,-0.289067468347112,3.2654622076122,5.77932865984195,24.849659559664,15.5233544942225,-0.674490759476595,5.83823918823641,-0.372064224254051,1.12415126579433,-0.938205868635507,-0.510480848357666,0.527223722593741,1.19827112947307,2.71525767276476,0,1.09466249285691,0,-1.33139876570906,2.10155356587921,2.48242465113723,1.79895464533148,0,0.844382500768723,-0.583279388443217,-0.791912654469085,0.0640339328616998,1.58149674270278
"RNA820","protein-coding-exon2",0.0843113449345744,-0.155651713725368,0.602223892389817,0.419965944579767,-1.13699870883197,3.24376806037757,5.73912722384666,231.859156862884,400.073690632229,0,0.13225309009345,-0.488458647349569,-0.60157283953318,-0.105430974630677,3.83783192018294,-0.0533408165087505,1.45151399704212,0.622606854901473,0,0.742182208900453,296.872543596713,0.539735448944782,0,0,1.35192375901777,0,-0.0512857924270521,-0.295243479916799,0.386209386572011,-0.171580982673873,1.73441412856796
"RNA821","protein-coding-exon2",1.51760420882234,0.466955141176104,0.26497851265152,1.29807655597382,-2.00420111387331,3.2654622076122,6.08381731395446,174.278945711777,2.08387443599485,-0.674490759476595,-0.858175606828609,-0.834657444249061,-1.33682853229595,0.713655331199246,-0.639638653363823,0.942547688815862,2.94008792592362,2.45583814988914,0,1.58823876474289,298.283662522818,0.733336426666105,0.555598461503453,0,24.9173774128323,0,-0.450130525363278,-1.28396003217196,1.28236514764686,1.28441877733663,0.971696883707398
"RNA822","protein-coding-exon2",-0.927424794280318,1.86782056470442,-2.07165018982097,0.521775870538498,-0.867202405041337,3.26102476840512,1.96763695065854,82.8321985322134,56.6773578485557,0.674490759476595,-0.0470233209221156,0.968958701666967,0.881091532649606,-0.196124427126685,-0.60478654725105,0.0836832374938011,1.31562758029775,1.33168688409482,0,0.691803150633592,0,-0.0282662449424883,0.504000217942485,24.4197185138366,3.27652119670426,0,-0.65148668447593,0.838939620388585,-0.285361475163173,-1.07334827589786,1.62703512049923
"RNA823","protein-coding-exon2",0,-0.95985223463977,0.0722668670867781,-1.38716024118771,-0.501050278468328,3.2541220851941,2.17385542789366,0.189330739502202,-0.674490759476595,-0.674490759476595,0.743556262080952,0.715278548766478,-0.236983239816101,-0.910540235446758,1.65855022619017,1.0047786414094,1.0623847127287,1.86782056470442,0,0.660294598727858,0,-1.33139876570906,0,0,0.287412500632996,0,0.278425853466895,0.801375159774162,0.420185405521475,-0.336353196194029,1.77201634443131
"RNA824","protein-coding-exon2",-0.0843113449345744,0.259419522875614,-0.481779113911854,0.114536166703573,-1.67659131641325,3.25165684119016,5.69148107748187,106.202711689517,318.118029842693,1.34898151895319,0.213074422928336,0.148228795224208,0.650184786162123,-1.37881057843395,-0.518681343913613,0.978301496982959,2.61272519467582,1.40086542352831,0,0.930887272511718,178.607338361264,0.557800262180183,1.44208654895632,19.4980238780367,32.0327905660182,11.4117509518005,-1.02551441180724,-0.314825955625567,0.0436178621648561,-0.120444778477973,2.18263013222467
"RNA825","protein-coding-exon2",0.168622689869149,0.363187332025859,0.457690158216261,-0.203619851917463,-0.0385423291129483,3.2654622076122,3.53772636758585,42.0905900255833,5.6073336272905,-0.674490759476595,2.25418044670392,-0.213887187739628,-1.34290502562457,-0.0700425651631733,-0.645789025030783,1.02275217740692,2.94008792592362,0.760963933768466,0,1.11838046874199,118.399597514126,0.325056486936992,0,7.11740449574782,0.924340774811016,0,-0.19051886283388,-0.520893853853203,0.175209597096073,0.173522836412351,1.63383820086428
"RNA826","protein-coding-exon2",-0.168622689869149,0.18159366601293,0.337245379738298,-0.038178722234524,1.17554103794492,3.06972183369977,5.45995058499045,6.98157101914371,12.4831125634474,-0.674490759476595,0.486397475788133,2.09012549507423,-0.206600773173011,-0.826494401920749,-0.485879361689827,0.0322750592643529,1.34651085683057,1.45274932810344,0,0.139364748813824,252.455895494082,0.317443018573686,0,0,13.2096319995846,0,-1.07184486058266,0.726246238545339,-0.285361475163173,0.103767809150244,1.55433208030223
"RNA827","protein-coding-exon2",0.674490759476595,1.01173613921489,-0.794935537954559,0.139988648193255,-1.32971035439672,3.25757342679961,3.47146844529731,41.0611041295401,89.395193196301,-0.674490759476595,0.233647125831762,0.447670858059687,-0.188371293187157,-0.448261927704713,-0.676540883365582,0.731310324888091,1.54416382664056,1.45274932810344,0,1.56001956715698,188.888347680028,0.483439843576398,0,5.33170156783947,-0.674490759476595,0,0.638917032286425,-0.062607434357353,1.0181415595328,0.234558485266691,2.14933811253478
"RNA828","protein-coding-exon2",0.674490759476595,1.29709761437807,-0.313156424042705,-0.496323389048816,-2.52452255689811,2.88827987501016,0.850185924196768,8.04655642884359,-0.704691838259129,-0.674490759476595,0.119027781084105,-0.413846837672956,-0.322054146416753,0.0260135622021223,-0.594535927806117,-0.0695749780548922,0.562075632897163,-0.0345892697167483,0,1.04462968241319,0,-0.0288892512211285,2.64390868155601,10.9786567298281,13.3672737687525,0,0.256267812748215,-0.426446067165534,-0.569649279873058,1.75795845565169,0.671075137683096
"RNA829","protein-coding-exon2",-0.0843113449345744,0.856084425489525,-2.02347227842979,0.44541842606945,-2.46670906322869,2.94941792630774,1.03928156758204,32.541220851941,34.3889617070455,-0.674490759476595,-0.0749434177196217,1.35793493611438,1.13630425245156,-0.0700425651631733,-0.690891750588488,-0.330287881932808,NA,-0.236936497559727,0,1.71081049413442,0,0.846425094887718,6.87576873526853,13.200257241059,-0.49831931087789,6.99320357047067,0.889343179754261,-0.0400687579887036,0.939931377451041,-0.942557599781402,-0.218113021352108
"RNA830","protein-coding-exon2",0.421556724672872,1.37492347124075,0.650401803781003,0.114536166703573,-0.597406101250699,2.77192035802443,5.4740955346925,8.60271547613131,1.16777504625799,-0.674490759476595,-0.524603924037352,0.357141862318728,-1.66495917204133,0.447881689144299,10.254719692711,0.0311154762967713,0.697962049641532,-0.444472115860218,0,1.64381154035685,144.270111159381,0.434044684176376,0,13.7074346879761,3.11453209008773,0,-1.24209918799563,0.188972926189988,0.714460582260394,0.0528654919589709,0.556138077986894
"RNA831","protein-coding-exon2",-0.168622689869149,1.32303956666563,-0.819024493650152,-0.432692185324608,-1.07918521516255,3.06972183369977,1.97954848724974,7.44306469668032,72.3013826053867,2.02347227842979,0.720044601619895,-0.881414178313073,-0.322054146416753,-0.400640325931473,-0.0348521061127725,0.577279054027677,1.63063700093243,1.15009321808189,0,2.23658781357242,0,0.540344242152427,0,2.1980733218908,7.45072356146636,0,0.661316797085671,-1.34731198737032,-0.913939605227672,0.818756838586859,1.22138829653806
"RNA832","protein-coding-exon2",0.0843113449345744,1.29709761437807,-0.505868069607446,1.1071829448012,-1.73440481008267,0.515235996822399,0.815195785460124,10.1410277345867,15.3824161265707,0,0.505500699912742,1.26243181972832,-0.838556079349281,0.344837039272082,20.4151336865287,0.933271025075209,0.438542526765918,0.83878979063115,0,1.08617942118998,0,-0.158976752353472,2.02408569337262,0,23.9990193056785,0,-0.864365024762295,0.0532829228573268,-1.00367484960202,1.30592891728447,1.33681693024949
"RNA833","protein-coding-exon2",-0.337245379738298,0.207535618300491,-0.746757626563373,-0.152714888938097,-1.17554103794492,3.26398306120984,5.15695087295185,13.9394756958496,63.0598524979312,0,0.268914616523348,1.09231689366564,-0.540807906247,-1.92833396827928,-0.653989520586729,1.34898151895319,1.28474430376494,1.05497272636083,0,3.93701087301264,0,0.668226348435287,0.435987306276033,9.12070706753046,-0.520696587097478,9.80127844378976,-0.627153127032144,-0.0548887095735704,-0.887115615837898,0.411932141917785,-1.05647371384789
"RNA834","protein-coding-exon2",1.34898151895319,-0.155651713725368,-0.819024493650152,-0.827205648414692,-1.52242199996146,3.25954562200276,2.05474006198168,-0.272162938034416,1.67112635930022,-0.674490759476595,-0.386472918828637,-1.52009126914489,0.151912333215449,-0.0271280545343701,2.74921613513105,0.906987144476695,1.58740041378649,1.06362004379002,0,1.06869390612141,0,0.486021884807265,0,0,22.420841010049,0,-0.556247396732371,-1.48446223080507,2.16910700506223,0.148292294636688,2.36389466207712
"RNA835","protein-coding-exon2",0.421556724672872,1.68622689869149,-1.83076063286504,-0.547228352028181,-1.00210055693666,3.23637232836577,3.73501119237757,2.36663424377753,-0.372479971651254,-0.674490759476595,0.37030865226166,-1.05948769740793,0.431431026331876,-0.0956890004793785,10.7446993021788,0.161955087805555,1.30327426968463,-0.239530692788483,0,1.41736546402333,82.3824668287847,-0.758334849702189,5.57764681640934,9.15583670640821,-0.311260558307191,0,-1.27553768580746,-0.820900190150022,0.998257614935741,-0.153379960841435,0.385486499402012
"RNA836","protein-coding-exon2",0.505868069607446,0.233477570588052,0.62631284808541,1.19626663001509,0.616677265807173,3.26496915881141,6.08381731395446,115.113089617339,345.580877482277,0.674490759476595,2.08078195080361,-0.23477849444908,0.461813492974966,-1.90384136031882,-0.660139892253689,0.634678410922963,2.26065584220178,0.423718554030169,0,0.0602471212263489,119.474735743539,0.631388437259872,0.305838080139731,15.5290729804245,-0.674490759476595,9.26206744558795,-0.574215553387882,0.0910653590652485,-0.0297394514760374,1.02779544301196,1.55716210250336
"RNA837","protein-coding-exon2",1.01173613921489,-1.1414459006527,0.722668670867781,0.763574444690485,-2.235455088551,3.21319903472878,5.62671209726723,1576.60440051971,0.181206472695205,-0.674490759476595,2.51280871177555,0.667526990573445,-0.540807906247,0.124600242745346,3.72302498239969,1.0047786414094,1.27856764845838,2.69796303790638,0,0.10924118820065,202.058790990339,0.228855315903312,2.54295842270221,0,3.96165345275505,11.4137936673014,-0.698945178960665,-1.2547847896464,0.663680207992676,1.02159711523063,1.28423947426794
"RNA838","protein-coding-exon2",1.09604748414947,0.492897093463666,0.867202405041337,-0.903563092883741,-1.92711645564741,1.3677173733831,0.262798276043309,0.85198832775991,21.3219616204691,-0.674490759476595,-0.173398495900301,-1.31316785030842,-0.765638159405865,-0.383057570430946,-0.651939396697742,0.155770645311787,0.2779494887953,0.112415126579433,0,0.207056198237682,0,0.329287244403348,0.419899671404602,0,1.41395119052882,6.30733438517393,0.355616409861421,0.430911858542352,0.24952425286725,1.65521582929027,2.57341513155118
"RNA839","protein-coding-exon2",0.337245379738298,0.441013188888543,-0.481779113911854,1.65441129682938,-1.32971035439672,2.3183154613004,0.969301290108749,-0.887487841416573,-0.674490759476595,-0.674490759476595,0.374717088598108,0.392955530963503,-0.498272452946674,0.182108047089352,-0.619137414473957,1.16789331218254,1.77887672828992,-0.285361475163175,0,0.930541024688578,137.348908807533,0.547884276315589,0.323508875896496,0,9.81623040095936,0,-0.61168278587583,-0.541554307191137,-0.586796551936619,1.21548855614011,0.593048403392849
"RNA840","protein-coding-exon2",1.77053824362606,1.29709761437807,0.554045980998632,1.9980197969401,-3.16047098726176,0.445716115911434,0.038712493921394,4.23627529636177,738.496912443046,-0.674490759476595,4.88454746078475,-0.0746118096766147,-2.73442199787809,-0.20681044184177,3.96083935352213,0.0345942251995162,1.51945720541431,-0.575911340783862,0,0.478341367667822,0,-0.349768279707999,6.58397908277016,8.24558156814762,10.941432386163,10.4946815152889,0.672597254178817,-0.986438491162697,1.87904271634614,1.114624560152,-0.134512140867111
"RNA841","protein-coding-exon2",0.252934034803723,0.907968330064647,-0.819024493650152,-0.114536166703573,-0.944287063267233,0.0261315864417104,0.419881664839735,12.1290004993598,15.1609415488321,8.76837987319574,0.881687267289667,0.0368084927737964,-1.09376879915124,-1.22271609354672,71.196702416727,-0.0154611062344199,0.420012560846231,-0.178999470784173,0,0.287731941029287,0,-0.939025621269181,6.43625407053224,5.93545866414827,28.3143950211112,8.74701759847262,-1.04557751049433,-0.384588525338051,0.124310907169846,0.365349161383151,0.859717612267749
"RNA842","protein-coding-exon2",-0.0843113449345744,-0.804200520914402,1.18035882908404,0.738121963200802,-0.115626987338845,3.2654622076122,5.75625005769651,85.5893274262143,516.770659047941,0,1.29608028291581,1.53003951043511,0.0121529866572359,-1.39129289255513,-0.674490759476595,0.921481931571463,2.14329939137709,0.622606854901473,0,2.3859937492573,120.885854669644,0.564613060877404,5.59952904014346,17.6064485980977,-0.674490759476595,0,1.10762002450663,-0.1753008162006,-0.718124482682238,0.637393767705379,0.229437563575126
"RNA843","protein-coding-exon2",0.0843113449345744,1.1414459006527,-0.9876471835193,-0.369060981600401,-0.0770846582258967,-0.835224668533152,0.527829965197468,38.647137200887,17.8689716129994,129.502225819506,1.01687931494075,-0.318343721286889,0.151912333215449,-1.23746672735589,-0.674490759476595,1.60157734205804,1.27239099315182,-0.802471057428564,0,-0.415670511679493,0,0.391981100564915,0,5.40948095177676,2.76276342064055,0,-0.67300012764643,-0.15222973015395,-0.460872513693103,0.713437732464737,2.13920052938824
"RNA844","protein-coding-exon2",1.51760420882234,2.17912399215515,-2.48116243664605,1.33625527820835,-2.25472625310748,3.0002019527888,2.93172694350864,0.556159047287719,2.7482981692106,-0.674490759476595,0.249811392398739,-1.61062026488585,-2.5338977180337,2.84541692930006,-0.596586051695104,-0.503065744102458,1.01914812558277,NA,5.76052065371715,3.14860457972301,0,0.270348007829784,0.410190684749632,0,1.3462356539447,0,0.0379909679958445,-1.39614578616906,1.14306060035784,1.42802340482935,1.60883995902201
"RNA845","protein-coding-exon2",2.27640631323351,0.363187332025859,-1.27671465186641,1.89620987098137,-2.42816673411574,3.23341403556105,5.57981042193938,4.0232782144218,0.110737288869292,0,0.144008920323979,-1.59967719946661,-5.91850450207391,0.0374862773870298,1.70365295174787,0.178769040835488,2.25447918689521,1.25386102723213,0,0.453757772224886,235.791252938177,-1.12343619040024,1.374089638916,0.0484524738495763,43.6006356806831,0,0.488000631318839,-2.02811259415273,1.61238559005597,2.16564435028025,1.18560944499034
"RNA846","protein-coding-exon2",-0.590179414542021,1.32303956666563,-1.01173613921489,0.44541842606945,-1.52242199996146,3.23982366997128,1.89244537592661,9.83336528289563,2.44628738138526,0,-0.00881687267289667,0.399919299866654,-0.230906746487483,-0.0338150085278593,5.10070823579869,0.857511604526549,NA,1.44410201067425,6.72969640660659,2.50873860256041,0,0.45765733279039,0,9.09884504455913,-0.674490759476595,0,-0.736895859609748,-0.438476977391401,-0.830959451961069,0.0599098578776601,-1.07927049113753
"RNA847","protein-coding-exon2",-0.168622689869149,-0.648548807189034,0.674490759476595,0.114536166703573,-0.0385423291129483,0.612859659378222,1.12564020786823,19.5247325111646,13.0065979290114,-0.674490759476595,7.00059690227996,-1.00178789792468,-1.34290502562457,4.52837902104179,0.268566229457246,1.23225016688332,0.96973488313027,1.16738785294026,0,1.57819757787183,0,-1.18790265339947,6.90359156270376,11.4971143360178,13.4597731917264,8.84508990720092,1.31445526277881,0.888190802083036,0.491912556637017,-0.667412770025306,0.600057784789703
"RNA848","protein-coding-exon2",-0.505868069607446,0.933910282352209,-0.313156424042705,1.03082550033215,-1.25262569617082,3.26349001240905,6.08381731395446,178.586220035452,90.7441747152542,0,2.66710398355124,-0.174094222578767,0.0789944132720337,-0.325746441204395,-0.645789025030783,1.19881552465138,2.779494887953,2.56825327646857,0,0.430039796339801,255.479721764306,0.198465401269565,5.05696390312368,6.8648900731724,-0.367450910564692,0,1.30583377057191,0.361183170602441,-0.254150839121158,-0.448868850496749,0.588996997431601
"RNA849","protein-coding-exon2",-0.75880210441117,-0.752316616339279,-0.578134936694224,1.55260137087065,0.0963558227823708,3.2541220851941,4.38567887867177,12.6733263754287,53.4961775501288,0,0.464355294105891,0.302426535222544,1.10592178580847,0.00958463405733442,-0.656039644475716,0.405660774825609,3.4342203504486,1.05497272636083,0,1.13690472727998,154.618316617483,0.590691677309154,0,5.06019350565063,-0.674490759476595,0,-1.07949945646729,-0.1753008162006,-1.2389768531776,0.186372446697477,2.40764203546541
"RNA850","protein-coding-exon2",-0.252934034803723,0.0778258568626841,0.168622689869149,0.572680833517864,-0.732304253146018,0.497979288794855,0.261309333969409,8.17672131225136,9.14085984484699,-0.674490759476595,-0.770006880099642,-0.57998246721955,0.577266866218708,-0.205053477459167,-0.541232706692465,0.224186040399098,0.494132424524978,-0.540457339324195,0,0.682454459408814,0,0.457079334569903,5.05749395698927,9.71108911784452,3.38344402897058,10.7144601314447,-1.21107793098948,0.862898055898557,0.713306597875551,-1.00022907901386,1.11071130347558
"RNA851","protein-coding-exon2",1.01173613921489,1.1414459006527,-1.03582509491049,0.636312037242071,-1.56096432907441,3.22897659635396,5.4800513029881,16.2824435971894,64.0866891765374,-0.674490759476595,0.293895755763222,-1.33405915701787,-3.22661795749614,-0.229546085419633,0.520731467802599,0.943320744127583,1.52563386072087,0.951204917210583,0,2.46320701381751,240.763767249213,0.692883657767478,0.56153006428988,0,-0.5009913659515,8.34603034916828,-0.888456858125514,-1.03386713926678,0.508259674798241,1.26689233349751,1.40347246383695
"RNA852","protein-coding-exon2",1.26467017401862,1.66028494640393,0.0963558227823708,1.14536166703573,-0.847931240484862,-0.627651123401831,-0.588876590227358,6.4135788006371,5.55699849598628,18.2112505058681,-0.380595003713373,0.290488645674286,-3.73096690377144,1.15499429476952,-0.619137414473957,0.00637770632169841,0.877085053531836,NA,0,1.59499059729412,0,-0.903144723540803,0,0,-0.674490759476595,0,-0.847202615042009,-0.964669070755547,0.505668448631787,1.68520027653095,0.196066492094946
"RNA853","protein-coding-exon2",1.09604748414947,2.23100789673028,0.554045980998632,2.3670807785405,-1.27189686072729,2.71127535552763,5.34827992944797,31.5827339832111,68.2141699434837,-0.674490759476595,0.994837133258508,-1.03760156656945,-0.516501932932528,-1.31637278447906,-0.662190016142675,0.0345942251995162,1.68005024338493,1.33168688409482,0,0.174855150685668,237.000783446267,-1.3209857724402,7.67627008450332,25.4426678147356,38.9293471049643,15.7223419171393,1.09303600497907,-1.59845723833525,0.172726734172845,1.72557219299429,-0.138274641804236
"RNA854","protein-coding-exon2",1.77053824362606,0.337245379738298,1.54169316451793,1.33625527820835,-1.27189686072729,-0.0098609760157397,0.325333843147099,20.2347227842979,92.0126200241206,-0.674490759476595,1.05361628441115,-1.1599649344391,-0.57119037289009,0.275751626347192,-0.506380600579693,0.067255812119729,0.00617665530656223,0.475602458605291,0,1.01866109567769,0,-1.29824511942022,5.96719640355165,10.2416326089693,20.6833957723737,9.11207062670652,-0.0118847672945643,-1.31940695948533,0.721439440206765,2.27613865817023,1.30149821855391
"RNA855","protein-coding-exon2",0,0.285361475163175,-0.62631284808541,0.509049629793657,-1.38752384806614,3.2654622076122,3.76404556281861,192.880690867868,1054.28945921948,-0.674490759476595,2.37026927023039,0.661558045799315,-0.0121529866572359,-0.497102915206176,-0.539182582803479,-0.275594218628546,1.01914812558277,2.74119962505232,0,0.315431766880482,204.41065586718,0.403334975445229,0,0,-0.674490759476595,0,0.69290207694648,0.379028791785075,-0.0915975105462069,0.150899584327338,-0.364590812772504
"RNA856","protein-coding-exon2",-0.927424794280318,0.622606854901472,-0.192711645564742,0.623585796497229,0.192711645564741,3.19051878989258,4.38418993659787,22.0806974944443,49.4391659670083,-0.674490759476595,0.621589523439215,1.23159227172865,0.86893854599237,-0.699062037484043,1.11321727171973,-1.17948914185836,2.14947604668365,2.33477570588052,0,0.174162655039388,102.944485466312,0.391358094286274,0,8.32787301579399,-0.674490759476595,0,0.0126099395362665,0.801375159774162,-0.544660465936032,-0.84130030214286,1.94308392310122
"RNA857","protein-coding-exon2",-0.337245379738298,0.38912928431342,-1.37307047464878,0.0636312037242074,-0.443236784798905,3.26250391480748,4.36706710274802,33.0145477006965,75.20068616851,0,2.42904842138303,-0.404893420511761,0.595496346204562,0.49133377842748,-0.686791502810515,0.712370469750926,1.04385474680902,1.33168688409482,1.00975594031554,3.44343460112666,104.22121211374,-1.18196561676009,5.99019874111493,8.14803504796108,27.4737743499559,14.740410772302,0.97346315979172,0.543385279328,0.174553746512583,-0.597072794945483,0.900950594483469
"RNA858","protein-coding-exon2",-0.168622689869149,0.622606854901472,0.481779113911854,-0.559954592773022,-0.982829392380182,3.2654622076122,4.84799539261765,23.5480107255864,33.774873105134,-0.674490759476595,0.671551801918963,-1.00477237031174,-1.05123334585091,0.539099608620188,-0.690891750588488,1.03260863263136,1.1117979551812,NA,0,1.35746459062012,113.494279342428,0.764138520358724,0,0,14.9965095789663,0,-0.393969963978116,0.433912911387621,-0.136942812796798,-0.00500859474859114,2.60924569850166
"RNA859","protein-coding-exon2",-0.252934034803723,0.907968330064647,-0.0481779113911854,0.725395722455961,-1.44533734173556,3.2654622076122,5.49419625269015,56.5625584262829,113.556056222328,-0.674490759476595,1.84566534619304,1.56585317907988,0.206600773173011,-1.22271609354672,-0.684741378921528,1.24867759225739,1.34651085683057,NA,0,0.746856554512842,151.728882625935,0.754966351876234,0,13.2761028834067,-0.403386191519152,12.6512180025369,1.177075410323,0.35489471361427,-0.569649279873058,0.332962898725748,1.54951336028708
"RNA860","protein-coding-exon2",-0.0843113449345744,0.233477570588052,0,-0.521775870538498,-0.481779113911854,3.26201086600669,5.78528442813755,46.9066907116706,11.1240640182334,-0.674490759476595,32.8546065367706,0.711299252250392,-1.00869789255058,-1.47527316770865,-0.649889272808756,-0.143981551808041,2.94008792592362,NA,0,0.554169640935468,35.8827384066648,0.327060529947371,0,16.5612075538741,7.11727871621885,0,-0.0413751051237883,-0.932499044765309,-0.35712737257902,0.327140649259242,2.22348691026021
"RNA861","protein-coding-exon2",-0.75880210441117,1.11550394836514,-1.92711645564741,0.458144666814291,-1.07918521516255,3.25067074358859,2.76645437330577,-0.662657588257708,-0.674490759476595,-0.674490759476595,1.74721026801236,0.173099398449746,0.935779972607168,0.313224792059725,-0.215263008343594,0.615545291957867,1.1117979551812,NA,0,1.40178431198203,0,0.548182750806497,0,0,-0.674490759476595,0,-1.26264573484386,-0.292501933317571,-0.989253113899002,-0.178740051261304,1.17208756439726
"RNA862","protein-coding-exon2",0.927424794280318,1.97158837385466,-3.54107648725213,1.84530490800201,-1.6380489873003,3.25658732919803,5.54035345698104,24.5064975943163,33.7950071576557,-0.674490759476595,2.89634267304656,-0.1432546745791,0.0607649332861797,-1.09264828253611,-0.422325521131242,-0.11267281168334,1.10562129987464,3.2254494010868,0,1.09379687329906,111.81437585897,-1.32219054340314,6.22730283631068,9.76410586642609,65.9399911997837,13.2107463323341,-0.697011386316126,-0.663638804187986,0.178106270506506,1.49886835439243,1.22722648562352
"RNA863","protein-coding-exon2",0.505868069607446,-0.233477570588052,-0.554045980998632,-0.26725105564167,-1.02137172149313,3.24672635318229,6.06818342217851,67.1532466671873,200.33382259081,2.69796303790638,2.17335911386903,1.43155192166198,0.364589599717078,-1.31521895712332,-0.686791502810515,0.598344811272074,1.28474430376494,NA,0,1.35330961674244,84.3983510089344,-1.28348745092098,5.79796920620023,5.72274708929214,13.9178010811813,15.4146167110288,1.1150328963107,-0.645552212040296,0.491912556637017,0.491295738384179,2.13328014676625
"RNA864","protein-coding-exon2",1.01173613921489,1.1414459006527,-0.36133433543389,-0.165441129682938,-1.7151336455262,3.25214988999095,4.55765168820719,10.1765272482434,2.29528198747259,0,1.10945647800616,-2.71885434461583,-3.15370003755273,-0.473475677762515,-0.2603657339013,0.240226938117309,NA,1.27115566209051,2.51844053985752,0.791522523697894,341.692368535375,0.557132247843389,1.84279727032498,2.99829319219866,4.30186985166097,6.82073688107882,0.110427617472545,-1.45072473776765,-0.524081442693772,2.29899954945781,0.852429756157659
"RNA865","protein-coding-exon2",1.18035882908404,1.08956199607758,0.0481779113911854,0.17816737042778,-0.327609797460061,3.21073379072484,2.94661636424764,2.07080496330534,0.372479971651254,-0.674490759476595,3.77215202522096,-0.792874830830157,-0.352436613059843,-0.0577438144849523,-0.637588529474836,-0.1277473902619,1.70475686461117,3.23409671851598,0,0.364772081677923,0,0.606778504831001,0,0,8.76180469459342,0,0.736009537981001,-1.24726225324607,0.283728874130921,1.77533645024836,1.30625873688727
"RNA866","protein-coding-exon2",-0.252934034803723,1.24521370980294,-0.457690158216261,-1.23444535224962,-1.36825268350966,3.19890061950596,5.33934627700457,53.6397651352176,39.4224748374679,-0.674490759476595,0.52166496647972,0.735175031346908,1.081615812494,-2.1592698911956,-0.670390511698622,0.262838805985149,1.43298403112244,NA,0,0.234929148000447,102.474112490943,-1.33139876570906,0,9.46330161915479,-0.674490759476595,0,0.186409553464234,-0.426446067165534,0.4632216961908,-0.70339750631132,2.2120647713012
"RNA867","protein-coding-exon2",0.252934034803723,0.363187332025859,-0.602223892389817,0.878110611394058,0.443236784798905,3.26201086600669,5.88429907605189,19.9743930174823,20.486398440819,-0.674490759476595,3.18729947125215,-0.344209148641448,-1.64065319872685,-0.619172604773594,-0.686791502810515,0.706186027257158,1.69858020930461,3.09573963964899,0,0.38052635763079,297.947681826127,0.542215629833513,2.39000287892273,4.83947301771091,0.146302802566816,8.3792848789364,-0.0917342885753319,0.085146110726002,0.140449516170841,0.365349161383151,1.20153016615992
"RNA868","protein-coding-exon2",-0.0843113449345744,-0.466955141176104,1.20444778477963,-1.33625527820835,-2.15837043032511,3.20728244911934,2.66222842813279,22.956352164642,31.2681835661837,-0.674490759476595,-0.527542881594984,-0.116394423095519,-0.832479586020663,-1.36408616797378,70.2536454277932,2.08705607781884,0.889438364144961,2.17047667472597,0,1.29842933677476,167.318386952426,-1.33139876570906,0,3.77220880538354,-0.449086052849042,9.46611934885467,0.624171863371813,-0.00945017877092746,-0.209118844831896,0.130090460947259,2.37578558577396
"RNA869","protein-coding-exon2",-0.168622689869149,1.81593666012929,-2.38480661386368,0.470870907559133,0.0578134936694225,2.8828563382015,2.74263130012337,7.19456810108368,5.19458555059587,-0.674490759476595,-0.133722568872266,0.735175031346908,-0.267365706459191,-0.927742752386871,-0.686791502810515,1.58205769543708,2.10623945953772,-0.588017585184724,0,1.36040769711681,171.282959173387,0.66413061514339,0,3.3665044483808,-0.417873253415958,7.57588267594534,1.24935091041266,0.309191990779004,-0.460872513693103,0.285021029595087,2.09476366856833
"RNA870","protein-coding-exon2",2.10778362336436,0.207535618300491,0.602223892389817,1.52714888938097,-2.79431886068875,3.1934770826973,2.40017462312643,185.09446420584,140.877965494261,10.1173613921489,2.99479775122724,0.298447238706458,-4.15024494344608,0.283474402625947,13.6579253484288,0.21858138938912,NA,-0.937628628846759,0,0.665661439986527,222.352025070513,-1.03299770900172,2.1615996679357,2.3625810161217,23.392423528958,4.42559804451048,0.412582718181807,-1.41376622903459,1.10011443078688,2.36361495524487,1.62663237900087
"RNA871","protein-coding-exon2",0,0.363187332025859,0.216800601260334,1.29807655597382,0.674490759476595,2.87348841098655,5.05644728296361,96.1090166398054,127.851233512728,8.09388911371914,0.565749329844203,0.773973172378748,0.595496346204562,0.07404162588477,-0.641688777252809,1.19978184379103,2.15565270199022,0.0605312220043099,0,0.477821995933112,0,0.630035826670125,0,16.5805449697701,7.72911567547099,9.06864644879928,1.2064851734587,-0.529480016279358,0.105689435245623,-0.0457072492685632,2.5352668089386
"RNA872","protein-coding-exon2",-0.421556724672872,0.0259419522875614,1.34898151895319,1.28535031522898,-1.25262569617082,3.1555123250367,2.58405896925305,10.7563526379689,13.6307535571837,-0.674490759476595,-0.163112144448588,0.95105186734458,0.273442199787809,-0.406239010941708,-0.680641131143555,1.47537606241958,2.2235959103624,2.27424448387621,0,0.882758825095267,125.119211447958,0.428286021577994,9.04923960959014,19.8690336880194,-0.3777531523006,0,1.01721521837442,0.500859474858857,-0.937112992511161,0.336284566690608,1.89791370879057
"RNA873","protein-coding-exon2",1.26467017401862,0.648548807189034,-1.03582509491049,-0.0890836852138897,-3.71933475939951,0.492555751986198,-0.230041550417514,1181.4001481513,0.835563179650111,12.1408336705787,-0.136661526429898,-0.897331364377417,-2.10246669170182,NA,NA,1.15088609532468,NA,NA,0,-0.563345208248676,0,-1.33139876570906,0,0,6.17601921459229,0,0.689920813286148,-0.84905055363774,1.32693933727094,0.892708358130787,2.95818531565912
"RNA874","protein-coding-exon2",0.0843113449345744,1.11550394836514,0.578134936694224,1.27262407448414,-0.0192711645564742,2.47510497995066,0.603021539929406,1.18331712188876,1.35904854521404,2.02347227842979,-0.573096723738284,-0.517308547091194,-1.50089385216864,0.668302049113993,2.50935164011961,0.784264613740981,1.25386102723213,NA,0,1.0261054238752,267.104653869836,-1.29132430138343,0,0,-0.674490759476595,0,-0.322661360210731,-0.469705536231266,-0.493048800786984,0.739573201180473,-0.153832367616942
"RNA875","protein-coding-exon2",1.01173613921489,0.259419522875614,-0.867202405041337,0.292703537131353,-1.7922183037521,-1.09062394734081,-0.885176062933413,3.11212403056745,0.573820496868148,26.3051396195872,6.06747787773172,-1.8762383073346,-2.59466265131988,6.14791994324134,9.14765279265826,0.738654350349441,NA,NA,0,-0.915998616116701,0,-1.02175753868937,0,0,-0.674490759476595,0,0.168038523341111,-1.81611645583821,0.298607884380624,1.45352758667206,2.21772398066386
"RNA876","protein-coding-exon2",1.09604748414947,0.0778258568626841,-0.554045980998632,1.29807655597382,-0.770846582258966,2.23153887236189,0.941755861741604,1.10048492335655,-0.34227889286872,2.02347227842979,6.71551801918963,-2.20651991816975,-0.619802319519033,2.38880286494074,-0.0676540883365582,0.540365662892997,1.29709761437807,-0.715133151393775,0,0.601259344882499,0,-1.17560929452635,0,0,4.90482253251328,0,-0.226535750838424,-1.4200839228351,1.58469680010328,0.343123294853552,1.77859978850177
"RNA877","protein-coding-exon2",1.93916093349521,0.38912928431342,-0.9876471835193,1.55260137087065,-0.346880962016535,0.0310620744495801,0.0394569649583438,2.86362743497081,12.5032466159691,0,1.1403155323613,-1.60166684772466,-3.33599483741127,7.03593432190219,-0.123007433339197,0.675650342444177,0.185299659196867,0.415071236600982,0,-0.37723700331096,0,-1.31988849967089,7.50617279873103,4.17587199070836,38.0253446915664,12.6830667926054,0.132021635336567,-1.50713169252983,2.2492277589679,1.01798142402486,1.57226253142792
"RNA878","protein-coding-exon2",0.252934034803723,1.01173613921489,-0.26497851265152,1.03082550033215,-0.828660075928389,3.24771245078387,6.03691563862661,226.451397615853,17.113944643436,-0.674490759476595,0.00293895755763222,0.0656583925154206,-0.425354533003258,-0.489773489162333,1.04351305949419,1.11300638505035,2.33477570588052,0.769611251197653,0,0.500501228348777,304.667295759959,0.527841477366635,0.111466327526753,0,14.1273129513726,0,-1.03357188115948,-0.557478372016813,0.513742559150443,0.00628407539884886,0.478104886739814
"RNA879","protein-coding-exon2",0.421556724672872,0.856084425489525,-0.0481779113911854,-0.0890836852138897,-0.867202405041337,3.26299696360826,6.03468222551576,257.53713840787,27.7547914011489,-0.674490759476595,4.02049393884088,-0.0984875887731314,-0.741332186091393,-1.66869658988895,-0.643738901141796,0.0166206892020026,1.32798089091088,2.34342302330971,0,1.44939338766377,155.021493453512,-0.057431466625448,0.303337826056766,7.33221095732601,14.0927780277147,14.680776658484,-0.889826627915396,-1.03238381552539,0.7583276893519,0.0183534900537748,0.681589837889928
"RNA880","protein-coding-exon2",1.01173613921489,1.32303956666563,0.433601202520668,0.114536166703573,-2.48598022778517,3.22158086434216,1.50680937878657,31.5827339832111,-0.312077814086186,-0.674490759476595,1.74721026801236,-0.0696376890315072,-1.26391061235254,1.30664392200226,6.8146118069915,0.667533261671107,1.26621433784526,-0.527486363180414,0,1.44437279422824,156.701396936971,0.277279248785302,3.96415284854127,0,20.0375249844344,0,-0.935351329755591,-0.53888092404522,0.440604083576271,1.33339109993853,2.19062840792006
"RNA881","protein-coding-exon2",1.43329286388776,-0.674490759476595,0.746757626563373,-1.01809925958731,-0.520321443024802,-0.835224668533152,0.538997030751716,6.98157101914371,184.025240048241,0,-0.765598443763194,-0.191006232772133,-0.309901159759517,0.986115927247681,-0.684741378921528,-0.0502485952618665,0.228536246342802,-0.912032569256365,0,-0.113742409901469,0,0.0813591716465312,0.250736480557712,2.64681954377541,8.59932803611349,0,0.208406444795868,-1.55738946144791,1.32557152054601,1.07112526269081,2.12677740783629
"RNA882","protein-coding-exon2",1.68622689869149,0.285361475163175,1.46942629743115,0.509049629793657,-3.17974215181823,-0.835224668533152,0.343945619070847,34.0795331103964,418.687622188531,0,-0.643631705121457,-1.67727348153029,-0.194447786515775,1.48089807606788,1.3633323861761,0.77634079679584,0.0370599318393734,-0.44274265237438,0,-0.114954277282459,0,0.725777441741615,0,14.3946112478585,2.41131978576898,11.4215252356491,-0.826736642887302,-1.77852364468748,1.58135324810899,1.1994481902013,-2.73437668938138
"RNA883","protein-coding-exon2",1.01173613921489,1.6084010418288,-0.602223892389817,0.598133315007547,-3.96985989863367,3.24524720677993,3.97547533731238,41.9012592860811,25.4997775187196,-0.674490759476595,0.822908116137023,-1.27934382992168,-0.686643746133831,-0.432501694959274,15.7203499807493,0.568968709426676,1.64299031154555,0.371834649455046,0,1.81451171716483,184.923775459066,-1.3044820518576,5.72653194654175,6.54034377638434,51.2978607241998,23.2342414720711,0.938010294641833,-0.1753008162006,1.63730550101339,0.152814312693911,1.64814862164242
"RNA884","protein-coding-exon2",0,1.45274932810344,0.289067468347112,-0.99264677809763,-0.520321443024802,3.2654622076122,5.53514215972239,23.6663424377753,60.1102138035037,0,2.6362449291961,-1.2753645334056,0.99046841256473,-1.17277372538751,-0.676540883365582,-0.17355091748137,1.83446662604898,1.98023569128385,0,0.748414669716972,17.6725846459791,-1.33139876570906,3.40448597359401,18.2293282501259,1.49363883398101,7.12644133637121,0.547625904525466,-0.136233777161613,-1.93820332315767,2.04295756703688,2.05700897823446
"RNA885","protein-coding-exon2",0.252934034803723,0.415071236600982,-0.578134936694224,-0.789026926180168,-1.48387967084851,3.25708037799882,6.07116130632631,171.580982673871,179.303804731905,-0.674490759476595,0.5290123603738,-1.08734277302053,-1.30644606565286,-1.45685126504032,-0.535082335025506,0.938295884601396,2.80420150917925,1.50463323267856,0,1.26744015660374,228.265285332285,0.35039128598664,0.0727359916393361,7.00599949416913,21.4749903950421,15.0970073976556,-0.0451621157193444,-0.684870890622213,-0.0756675087120829,0.661049820429056,1.19350162518171
"RNA886","protein-coding-exon2",1.34898151895319,-1.16738785294026,-3.08338632903586,0.814479407669851,-1.58023549363088,3.16488025225165,3.09997739785932,27.6067884536648,33.774873105134,-0.674490759476595,0.013225309009345,1.37982106695286,-0.638031799504888,0.455263561886131,-0.571984565027265,0.710437831471624,0.537369011670914,0.907968330064647,0,1.19749809632947,132.846767471866,0.856978300101947,0.180812374670242,9.04480771013861,6.29247639440965,13.2598593630881,-0.708614142183361,-1.5182302831659,0.931241357219743,1.35717845526628,1.37668985132815
"RNA887","protein-coding-exon2",-0.0843113449345744,1.99753032614222,-3.56516544294772,0.71266948171112,0.366152126573009,3.22552525474845,5.28351094923333,51.0128011246246,84.6737578799648,-0.674490759476595,-0.323285331339545,-0.748107745024188,0.394972066360168,-0.997942657644009,-0.631438157807876,0.633518827955382,1.439160686429,2.24830253158865,0,2.04095779349835,130.696491013039,0.593555611114766,0,12.9355495034603,-0.674490759476595,0,0.367299740422179,-0.526904167551515,-0.446995851465475,0.365349161383151,-0.168102324433028
"RNA888","protein-coding-exon2",-0.505868069607446,1.97158837385466,-1.49351525312675,0.254524814896829,-0.346880962016535,3.24228891397521,2.85281301359196,17.3474290068893,1.22817720382305,-0.674490759476595,-0.0249811392398739,0.922201967602955,0.334207133073989,-0.500800407414341,-0.694991998366461,1.19842899699552,1.17356450824682,-0.397776601742607,0,1.04480280632476,139.767969823713,0.371142369640207,0,0,-0.613864226986395,0,1.08513968501386,0.435121668783625,-0.622099759126306,-0.0597205359953292,0.8395226734428
"RNA889","protein-coding-exon2",0.421556724672872,1.11550394836514,0.770846582258966,1.50169640789129,-0.23125397467769,3.25313598759253,5.02741291252257,58.9291926700604,0.503351313042235,-0.674490759476595,0.787640625445436,-0.454634626962838,-0.0425354533003258,-1.24039063076873,-0.346470937238737,0.610520432431681,1.26003768253869,1.28845029694888,0,0.118416755513858,180.35443798406,0.551406749077331,0,3.26385499899947,4.96926063712672,6.63948431856461,-0.846799741574397,-0.230584362010486,0.430335474075555,0.429510625138387,-0.657376911930706
"RNA890","protein-coding-exon2",-0.337245379738298,1.45274932810344,-2.21618392399453,-0.0254524814896829,-0.635948430363647,3.20629635151776,2.14407658641567,30.008922211099,41.0835341705072,-0.674490759476595,0.107271950853576,-0.789890358443092,0.522578426261146,-0.0439634445885661,-0.567884317249291,-0.00541138718204723,0.920321640677772,0.847437108060338,0.922706907177173,0.875660744720898,174.105197025596,0.64554702481665,0,3.69419307525196,0.400379621694817,7.84486218158628,-0.87886846959634,-0.0742653704101115,0.0157926742321071,-0.455475081830468,1.03029133185862
"RNA891","protein-coding-exon2",1.34898151895319,1.42680737581587,-0.36133433543389,1.043551741077,-2.37035324044632,3.18903964349022,4.74228050537076,71.8036829562102,238.457651040629,-0.674490759476595,1.50768522706533,0.432748496124364,-1.85333046522848,0.400627214256976,-0.674490759476595,1.61935761422762,1.63681365623899,1.83323129498767,0,1.4371015899423,372.333808073651,-1.23379523833714,9.45106044377164,11.4775620599452,22.9188210660886,4.27751215303317,-1.21228655139232,-0.761306401785459,1.33177228969905,0.921804037951345,-0.830437572491643
"RNA892","protein-coding-exon2",-0.505868069607446,1.45274932810344,-0.457690158216261,0.623585796497229,-0.423965620242431,3.1254363481887,4.94030980119943,10.2475262755567,3.55366027007818,-0.674490759476595,1.27844653757002,0.455629451091859,-0.917550492621314,0.0980491018888454,-0.463327998910974,0.309415388516341,1.91476314503429,0.760963933768466,0,1.04134032809336,211.197465940351,0.497065440970842,0,1.7758784463323,-0.073220132553041,0,0.61853163482524,0.57598839608768,-1.45851420638956,0.714124297693705,-0.414896044714883
"RNA893","protein-coding-exon2",-0.252934034803723,0.207535618300491,0.337245379738298,0.789026926180168,-0.713033088589544,3.26053171960433,5.78528442813755,43.3567393460043,52.9223570532606,-0.674490759476595,2.33794073709643,-0.594904829154873,0,-0.703821575326467,0.219363256121567,1.24229988593569,2.33477570588052,3.43298501938729,0,0.334129149330038,257.361213665779,0.28078040194055,4.33710074857268,14.8793358063185,17.2041715026817,10.3656609684871,0.659785877908745,0.0622690157932591,-0.183195021092414,-0.0941856465935873,0.805694746683721
"RNA894","protein-coding-exon2",-0.252934034803723,0.933910282352209,-0.0722668670867781,-0.330882259365877,1.07918521516255,3.26102476840512,5.02369055733782,63.5204631029888,119.727143320226,-0.674490759476595,1.1491324050342,-0.375048696641115,-0.741332186091393,-0.843500243743406,-0.664240140031662,0.671591802057642,NA,1.35762883638238,0,1.15958395969565,268.246988238588,0.543551658507099,0,8.96149567665329,-0.674490759476595,7.07344055676059,0.690243112060238,-0.157325184740945,-0.610837386280511,0.302762212075891,0.969236761646002
"RNA895","protein-coding-exon2",0.0843113449345744,-0.233477570588052,-1.30080360756201,-0.330882259365877,-0.346880962016535,3.20580330271697,3.5161367075143,-0.698157101914371,-0.0906032363476023,-0.674490759476595,1.05214680563234,0.522282667736302,-0.139759346558213,1.34523158004704,15.5563400696304,0.0401988762094939,1.48239727357493,1.53922250239531,0.863178119837225,1.11318675139489,0,-0.447800568054945,0.097200577800497,0,5.88997524495366,0,0.607009453651527,-0.647885965865805,-0.726870567560204,1.02352159603371,1.05707931448718
"RNA896","protein-coding-exon2",-1.09604748414947,0.907968330064647,-0.843113449345744,0.585407074262705,-0.192711645564742,3.2501776947878,4.77578170203351,0.556159047287719,-0.583887523128993,-0.674490759476595,-0.526073402816168,-0.0766014579346575,-0.206600773173011,-0.879754023727714,-0.358771680572657,-0.359084192294416,0.982088193743394,1.44410201067425,0,2.34721399306563,0,0.434859566913457,0,0,-0.674490759476595,0,0.442073056011031,0.141087176016575,-0.731489978587293,-0.863960385964941,0.948971784499535
"RNA897","protein-coding-exon2",0.505868069607446,0.933910282352209,0.409512246825076,0.394513463090084,-1.40679501262261,3.24869854838544,5.8038962040613,77.2706080593363,163.166361635771,-0.674490759476595,11.6382719282236,-0.0915238198699801,-2.49136226473337,-1.81798611571222,-0.282917096680152,0.814220507070171,2.5509586416102,-0.51710958226539,0,1.85779269505733,311.85728266916,0.642330133081314,6.09944984352417,7.46064362790202,1.4396153788942,12.6088481294043,0.0699791213242651,-0.1753008162006,-0.0931500107249563,0.999351421879862,1.26028145882368
"RNA898","protein-coding-exon2",-0.421556724672872,0.337245379738298,-0.554045980998632,-0.279977296386511,0.366152126573009,3.08056890731708,5.57906595090243,159.392816318416,15.2112766801364,-0.674490759476595,0.639223268785009,-1.2892920712119,-0.154342930546897,-0.594745555185614,14.9802552568252,0.417063340673493,1.30945092499119,2.17912399215515,0,3.54955955891905,234.581722430087,0.370074020470372,0,0,-0.351224913688406,0,-0.413549614504077,-0.801954188068807,-0.358448061501625,-0.204686502153307,1.7589837089182
"RNA899","protein-coding-exon2",0.168622689869149,0.129709761437807,1.18035882908404,0.547228352028181,-2.73650536701933,3.2654622076122,1.75174034994308,105.3152238481,141.743729752693,6.74490759476595,0.0617181087102767,0.307400655867652,0.285595186445045,-0.910540235446758,-0.678591007254568,0.390006404763258,1.55651713725368,0.501544410892853,0,2.30618362602354,0,0.702422997250687,0.55236413282173,11.1256748056819,-0.603998885892528,11.1004674670754,1.07861313483854,-1.2668798481724,-0.49750020433918,0.832092358504619,-1.14437115518055
"RNA900","protein-coding-exon2",-1.01173613921489,-0.0778258568626838,-1.22853674047523,-0.649038277986912,0.192711645564741,3.22453915714688,4.66336657545408,20.7080496330534,41.939231402679,-0.674490759476595,-0.477580603115236,2.26819901416908,0.747408679420011,-0.815519930366728,2.95832877180768,-0.627720913117474,1.40210075458963,3.02656110021549,0,0.765900184785539,0,-1.33139876570906,0.249124316725016,0,-0.674490759476595,0,0.578002563983438,1.99037200009127,-1.0580176218163,-0.472469372580234,2.40679539189446
"RNA901","protein-coding-exon2",1.43329286388776,1.50463323267856,-0.578134936694224,1.84530490800201,-1.40679501262261,3.20333805871304,4.80183818832676,23.382346328522,19.9729801015159,-0.674490759476595,8.2996161427534,-2.08714102268716,-3.99833261023063,0.393979595286978,0.0389523538907456,-1.44194142018764,1.90858648972773,0.812847838343589,0,1.24943526980046,133.854709561941,-1.19820997248547,1.57194974602553,3.83711269323674,18.029488462569,0,0.899253867057525,-0.654354812020923,1.46172909415367,0.998913120973892,0.697420944104204
"RNA902","protein-coding-exon2",-0.590179414542021,-1.32303956666563,-1.13218091769286,-1.01809925958731,1.44533734173556,3.25905257320197,2.19916744314996,24.849659559664,231.662408314558,-0.674490759476595,1.31518350704042,0.733185383088865,0.881091532649606,-0.764856420110176,31.1905848470423,1.17639692061147,2.43977884609208,1.15009321808189,0,0.330666671098639,130.696491013039,-1.33139876570906,0,0,-0.674490759476595,0,-0.73077218290204,-0.891529865248759,-0.612685570542383,-0.163626462021182,0.979976561401604
"RNA903","protein-coding-exon2",-0.75880210441117,0.311303427450736,1.30080360756201,1.38716024118771,0.944287063267233,3.24672635318229,5.51206355757694,36.3870014980795,64.4289680694061,2.02347227842979,2.63771440797492,1.72601986385235,0.96008594592164,-1.0904979679186,-0.684741378921528,-1.14779387407779,1.13032792110089,-0.366646258997534,0,-0.16239022905263,78.6866791651769,0.793436397370976,0.787295007168569,10.3433151875558,-0.674490759476595,0,0.185039783674352,-0.0718880658032681,-0.949381256367128,-0.154736115409342,1.43890938822061
"RNA904","protein-coding-exon2",0.0843113449345744,0.907968330064647,-0.313156424042705,0.305429777876194,-0.982829392380182,3.2654622076122,6.08381731395446,61.9111518172201,97.4488142049767,-0.674490759476595,0.224830253158865,-1.30421443314722,-2.02347227842979,-1.07464595345168,-0.619137414473957,1.14682755493814,0.945028261904021,2.18777130958434,0,1.53422410433306,349.016747723253,0.535916870537299,2.47369138358774,20.7985188120877,0.67420499991221,9.99658840329974,0.234512645497149,-0.233206506475788,-0.343581175922318,0.566963247096268,0.733131198968788
"RNA905","protein-coding-exon2",0.421556724672872,0.0518839045751228,0.289067468347112,1.69259001906391,-0.173440481008267,3.2654622076122,6.08381731395446,52.5629465542989,122.525776620741,-0.674490759476595,-0.216013380485968,0.532230909026517,0.607649332861797,2.52347287369981,-0.539182582803479,0.563557322244629,1.42063072050931,1.89376251699198,0,0.0922750448667929,121.960992899057,0.716183618819588,0,2.71884067497922,-0.404227218483527,0,0.408634558199206,-0.0611438839438059,0.850548312214754,-0.0321186075941262,0.70547898884273
"RNA906","protein-coding-exon2",1.43329286388776,0.129709761437807,-4.50463471507583,0.699943240966278,-3.23755564548766,3.26349001240905,2.95480554565409,133.123176212486,1.81206472695205,-0.674490759476595,-0.152825792996876,-0.657578749283229,-0.0546884399575619,-0.36963121574598,3.48931085905521,1.17175858874115,2.5509586416102,0.397776601742608,0,1.21740734616002,0,0.177647989951351,3.23008825079903,11.2250476373698,16.438850508208,0,0.89909271767048,-2.06096235397366,1.54083337047526,0.870382465199166,1.81511645686575
"RNA907","protein-coding-exon2",1.43329286388776,0.648548807189034,0.26497851265152,0.941741815118265,-0.134898151895319,1.26269797881547,0.801050835758076,21.7848682139721,8.556972321718,0,0.127844653757002,1.1231564416653,-1.37328749226766,1.13708374740657,14.9782051329362,0.0908339991272213,0.2779494887953,-0.193699910413791,0,0.552092153996628,94.6793603276979,0.685829236863331,0.356358214140125,0,0.735008134521822,0,1.04235452275343,-0.705935795273502,0.820050153472708,1.67737531392146,1.56976277429717
"RNA908","protein-coding-exon2",1.01173613921489,0.311303427450736,0.963558227823707,0.381787222345243,-1.77294713919562,2.96815378073765,3.58983934017234,-1.02948589604322,-0.744959943302508,0,0.850828212934529,0.311379952383738,-1.71357111867027,-0.0700425651631733,-0.598636175584091,0.33898475418967,0.80296518985309,NA,0,2.49990928307034,222.688005767204,0.293865902637161,0,0,3.32607542637651,0,0.982406950772714,-0.55094542234474,0.0187892329325495,1.6732559225477,-0.571385562428418
"RNA909","protein-coding-exon2",0.168622689869149,-0.492897093463666,1.01173613921489,-1.52714888938097,-0.732304253146018,3.18854659468943,3.16921320429566,13.0164883407764,21.8051788809896,0,5.88379303037971,-0.387981410318395,0.966162439250258,-1.07863190249878,-0.137358300562103,0.306902958753248,1.72328683053086,1.63434299411637,0,1.20044120282616,188.149190147306,-1.33139876570906,5.61842095999434,6.05169801970096,0.659508019851993,19.6793893480345,-0.887489961803244,-1.12192522368384,0.522810406348339,-0.105497272636094,0.0198966029635298
"RNA910","protein-coding-exon2",1.26467017401862,-0.415071236600981,0.481779113911854,0.80175316692501,-1.27189686072729,-1.04230516486369,-0.860608518714066,3.71561576273072,11.0737288869292,179983.812221773,-0.402637185395615,1.34898151895319,0.164065319872685,4.8775035778744,-0.684741378921528,0.906214089164973,-0.736257312542217,-0.48338504429156,0,-1.02402793693636,0,0.749593811039899,0.240323422352978,6.19860866546649,-0.363149619680869,1.08965253872227,-0.749868385266866,-0.254490760198556,1.19076763710065,1.00869789255058,-0.288806074217407
"RNA911","protein-coding-exon2",1.18035882908404,0.726374664051718,-1.30080360756201,-0.71266948171112,-1.48387967084851,2.22414314035009,1.64676993373314,1.62114445698761,7.29859403911241,0,5.84411710335168,-1.2753645334056,0.127606359900977,0.145277353427174,-0.647839148919769,-0.0200994381047464,-0.00617665530656223,0.311303427450736,0,0.361309603446523,0,0.380136874735253,7.34699662279314,4.65683112457308,2.58291095547313,12.7511792739865,-1.15983242590919,-1.78846225966453,0.328310178249876,1.70264708571994,2.27160337541495
"RNA912","protein-coding-exon2",1.77053824362606,0.207535618300491,0,1.52714888938097,-3.12192865814881,3.04013890565255,3.97547533731238,14.7559645099529,80.6872154806703,-0.674490759476595,10.1585067979558,-1.6036564959827,-3.56690158389875,-0.460298444892993,-0.428475892798202,-0.253368878416567,1.54416382664056,1.25386102723213,0,1.93742969437951,388.057704678819,-0.961532019190705,3.93254963693259,7.43351753060345,6.25832067775663,14.6061845956752,0.365285373084117,-1.39737276603838,0.724034593412962,2.29631904294168,2.52224754139603
"RNA913","protein-coding-exon2",1.26467017401862,-0.466955141176104,-0.481779113911854,0.203619851917463,-3.73860592395598,-0.653782709843542,-0.335011966627448,14.7322981675151,38.8889224456431,12.1408336705787,-0.459946857769443,0.659568397541272,-0.291671679773663,-0.473475677762515,-0.62323766225193,0.0411651953491451,-0.302656110021549,0.778258568626841,0,-0.479553235048811,0,0.643737227109878,0.472982065789219,6.58197293560492,5.03036713734023,15.0384495532951,0.546820157590242,-0.1753008162006,1.83500346127561,0.251997242082228,-0.335479006114783
"RNA914","protein-coding-exon2",1.26467017401862,1.71216885097905,-0.385423291129483,1.20899287075993,-2.62087837968048,3.09979781054777,2.77017672849052,13.5489810456263,47.2143531633617,0,0.480519560672868,-1.1828458894066,-3.02001718432313,1.21230542399607,27.3527529268594,0.510989561047599,1.04385474680902,1.98023569128385,0.509685584238718,1.13638535554527,108.185784334701,0.76638892326636,7.50555273571846,13.7412214507499,0.00642688157719858,13.2941901623137,-0.310816880262928,-1.31940695948533,0.721439440206765,1.43409582907762,1.58601960326895
"RNA915","protein-coding-exon2",2.27640631323351,-0.804200520914402,-2.77022990499316,1.64168505608454,-2.25472625310748,3.16734549625559,5.01177902074662,15.903782118185,60.5128948539375,-0.674490759476595,4.10719318679103,0.328291962577104,-1.18491619908051,0.0455237338537137,-0.670390511698622,0.442574165960288,1.65534362215868,1.16738785294026,0,0.476263880728982,0,-1.32192933084669,5.97212690460326,9.94732788204079,32.0954951528951,10.782989941799,-0.894419385446177,-2.25073726514698,1.07245418597847,2.77407744652787,-1.62026791014042
"RNA916","protein-coding-exon2",1.43329286388776,0,0.433601202520668,0.139988648193255,-3.29536913915708,3.22601830354924,3.97100851109068,6.59107636892041,58.3082161028125,-0.674490759476595,14.424403692859,-1.45045358011339,-1.85333046522848,1.06802455783067,-0.451027255577055,0.265544499576173,0.642372151882472,0.683138076905782,0,1.62407541443787,360.507287550106,0.228298637289318,7.60769311551575,7.06170199495847,9.11158252726502,8.3792848789364,-1.24798114062277,0.0622690157932591,0.915975105462044,1.56013966212267,1.05861341473626
"RNA917","protein-coding-exon2",1.01173613921489,1.24521370980294,-1.58987107590912,0.318156018621035,-1.7151336455262,0.183907202693545,0.326822785220999,6.4135788006371,8.76837987319574,-0.674490759476595,1.51797157851704,0.192001056901154,0.565113879561472,-1.07863190249878,1.2403249528369,0.667726525499037,0.265596178182176,-0.78517642257019,0,0.299331243104475,0,0.704827375094109,5.62313143868665,0,-0.076391928286641,0.167478729573463,0.0784394641441244,-0.55094542234474,1.32229226762854,0.452542945460783,1.84789069267296
"RNA918","protein-coding-exon2",0.252934034803723,0.233477570588052,-0.650401803781003,0.241798574151987,-1.31043918984024,3.26349001240905,5.65202411252352,109.504166459586,93.6233442258558,1.34898151895319,-0.656857014130802,-0.224830253158865,-0.230906746487483,0.509899909515286,-0.656039644475716,0.803977524189868,2.38418894833302,3.06979768736143,0,1.63844469909818,134.190690258632,0.860541043231509,0,2.74774474023934,0.816171976671546,9.15723001455543,-1.18875874088376,-0.0776332186031269,0.140449516170841,0.365349161383151,2.05151085881042
"RNA919","protein-coding-exon2",-0.252934034803723,-0.466955141176104,1.01173613921489,-1.24717159299446,1.27189686072729,3.26447611001063,5.39369266270191,46.5043628902284,47.8183747390123,-0.674490759476595,0.220421816822417,0.966969053408924,0.218753759830247,-0.546324141268055,0.135308176673116,0.396770638740817,2.00741297463272,0.856084425489525,0,1.1448684272122,86.1454506317308,-1.33139876570906,0,17.7184444651621,-0.674490759476595,0,0.391552723172442,-0.0667812633145177,-0.135700015624005,-0.138437146620973,1.25876568730473
"RNA920","protein-coding-exon2",0.590179414542021,0.337245379738298,0.650401803781003,0.521775870538498,-0.134898151895319,3.26250391480748,5.65723540978217,29.7959251291591,15.1005393912671,-0.674490759476595,-0.0646570662679089,-0.44269673741458,-1.03908035919367,0.243182226896552,-0.653989520586729,1.59075456769394,1.9456464215671,0.95985223463977,0,0.852981512305232,178.943319057956,0.837629572786611,0,4.16547275815984,7.68422027471572,11.1352375599571,-1.24226033738268,-0.703069821851558,0.513742559150443,0.513199490906097,1.12433481818219
"RNA921","protein-coding-exon2",0.337245379738298,-0.726374664051718,-0.216800601260334,-1.60350633385002,0.173440481008267,2.12306813618876,1.42938439094378,65.3782709843542,90.6032363476023,-0.674490759476595,-0.358552822031131,-0.276561107867984,0.0243059733144718,-0.806472874963773,2.60160721512401,1.2417200944519,2.06917952769835,0.933910282352209,0,1.81260735413757,0,-1.33139876570906,0,2.50512462879738,-0.674490759476595,8.82110447357689,0.431034322998453,-0.407842715242212,0.635366858868114,-0.0124905696199455,2.42934029384732
"RNA922","protein-coding-exon2",-0.252934034803723,-0.622606854901472,1.9752943670386,0.17816737042778,-1.09845637971903,3.24820549958466,5.47632894780335,22.6250233705132,13.0871341390981,-0.674490759476595,0.364430737146396,0.984875887731312,0.638031799504887,-0.296690970518961,-0.23576424723346,1.39555810148438,1.82828997074242,2.20506594444271,0,1.81832044321937,0,0.247355996649244,0,2.39159251147013,-0.674490759476595,0,-0.428536507499256,0.318524115472033,-0.737926011928401,0.479974697754879,1.82910217771486
"RNA923","protein-coding-exon2",-0.421556724672872,-3.70969917712127,0.746757626563373,0.71266948171112,-0.0770846582258967,3.2654622076122,5.90142190990173,33.9848677406453,15.1911426276147,0.674490759476595,1.27991601634883,0.443691561543601,0.492195959618056,0.552643968375627,-0.676540883365582,-1.40000316952678,2.06917952769835,3.36380647995379,0,-0.138672253167544,174.978746836995,0.694141514550587,0.336380183915601,4.71633665048864,10.1599950939823,0,0.892163294027548,1.48080192566966,-0.0756675087120829,-0.433042618040777,3.09530852842221
"RNA924","protein-coding-exon2",-0.75880210441117,0.259419522875614,0.36133433543389,-0.661764518731754,-1.15626987338845,3.23390708436183,1.56487811966866,1.51464591601762,-0.724825890780819,-0.674490759476595,3.79713316446083,1.04953945611771,1.09376879915124,0.400627214256976,-0.584285308361184,0.398896540848049,2.83508478571206,-0.290549865620687,0,1.02160420217438,0,-1.33139876570906,0,0,-0.674490759476595,0,1.29100802696377,0.176302535150316,-1.7574509023465,0.592052999985012,2.26611165127248
"RNA925","protein-coding-exon2",0.0843113449345744,0.285361475163175,0.674490759476595,0.279977296386511,-0.520321443024802,3.2654622076122,5.98256925292927,73.08166544785,30.3621512027076,-0.674490759476595,5.56197717781898,0.248706032255382,-3.14154705089549,-1.3475916814565,0.678591007254568,0.204086602294351,1.08091467864839,3.12168159193655,0,1.15369774670227,269.994087861384,-0.619548949120542,10.3073474621056,15.1447418394913,6.04266023684353,16.4452655223296,0.239185977721452,-0.209771732999706,-0.0987816290204149,0.325342601629886,2.44019097855814
"RNA926","protein-coding-exon2",1.93916093349521,0.38912928431342,-0.0963558227823708,1.80712618576748,-1.75367597463915,3.25806647560039,5.87685436568239,75.4364665204087,181.961499664768,-0.674490759476595,0.68771606848594,-1.54894116888652,-3.8524967703438,-0.356060632641546,0.366972176128603,-0.323523647955249,1.13032792110089,NA,0,0.916344863939841,264.685592853656,-1.27515385362722,5.8860381560186,11.9173808414911,30.129577694785,18.783362077651,-0.978942238951248,-0.598041164010578,1.36120280597766,1.83723229260416,1.00706956094017
"RNA927","protein-coding-exon2",0.927424794280318,1.53057518496612,-1.39715943034438,-0.101809925958731,-2.17764159488158,3.26053171960433,6.07413919047411,1361.70217801349,884.136581358686,0.674490759476595,4.22475148909632,-0.39096588270546,-0.595496346204562,-1.63895931212967,-0.684741378921528,1.00419884992561,1.27239099315182,1.41816005838669,0,0.16308272469891,100.122247614102,-0.369567087604862,7.61739410135765,13.5607389023872,24.0056554282637,23.2054677375954,1.15733461041,-1.80309410949188,-0.548131134538388,2.14659360754059,0.35699468892015
"RNA928","protein-coding-exon2",0.927424794280318,1.45274932810344,0.674490759476595,0.814479407669851,-0.0385423291129483,3.25214988999095,2.91683752276965,19.1815705458169,91.3884643959482,-0.674490759476595,4.52452515997481,-0.412852013543934,-0.498272452946674,-0.615225990749986,-0.647839148919769,1.36579547198312,0.889438364144961,2.6201371810437,0,1.77642445661944,182.571910582225,-1.31349884778566,5.46012487349365,4.72714948887716,20.4079289695495,8.85866408117496,0.75196332729845,-0.254490760198556,1.74035270037787,-0.186092608188938,1.74024846237526
"RNA929","protein-coding-exon2",1.09604748414947,0.95985223463977,-1.3248925632576,0.44541842606945,-0.539592607581276,3.23341403556105,4.27996399142489,6.27158074601045,14.9998691286586,-0.674490759476595,4.39961946377544,-2.11499609829977,-2.49743875806199,-0.295261797998784,-0.653989520586729,0.634485147095033,1.14268123171401,1.35762883638238,0,1.45683771586128,205.888970932623,0.528516598238926,2.42932687513961,4.70356321298844,0.272982319786921,20.0283861931373,-0.133310830432926,-0.488216420153684,0.794141523473392,1.05866672603932,0.98169341619321
"RNA930","protein-coding-exon2",0.674490759476595,0.415071236600982,-1.08400300630167,1.70531625980875,0.115626987338845,3.22404610834609,3.16921320429566,11.5965077945099,11.3757396747545,-0.674490759476595,0.44966050631773,-0.964979405150881,0.109376879915124,0.775253977986327,9.17840465099306,0.380343213366746,1.69240355399805,0.328598062309111,0,1.0191804674124,98.442344130644,0.109143356597752,1.0834201002468,0,25.1350151474137,0,-1.26280688423091,-1.20778684794535,0.0758950801668603,1.11023320250354,2.37189819897032
"RNA931","protein-coding-exon2",1.09604748414947,-0.57072295032635,0.0240889556955927,1.22171911150478,-0.0770846582258967,3.2314418403579,5.81506326961555,67.2124125232818,80.838220874583,0.674490759476595,7.01970012640457,0.178073519094854,0.018229479985854,0.0198248518395206,-0.270616353346233,1.66168239254435,1.56887044786681,1.84187861241686,0,1.28059757388305,68.4056698464134,-1.25304873807681,4.17137390693742,17.2428514642085,9.32938277913418,23.1720814197304,-0.934948456287979,-1.01659596382243,1.40661127581349,0.466355822146349,1.73468151564886
"RNA932","protein-coding-exon2",1.01173613921489,0.726374664051718,-1.13218091769286,0.80175316692501,0.635948430363647,3.20185891231068,4.43928079333216,6.23608123235378,11.5267450686672,-0.674490759476595,0.852297691713345,0.343214324512427,-0.522578426261146,1.15972760926295,43.7004408176386,0.554473922331906,0.877085053531836,-0.719456810108368,0,1.08825690812882,214.221292210575,-0.297900045954743,3.57872368012769,2.82926806275428,27.1628246059617,9.66938052354038,-0.909970301296013,-0.946360797233315,0.0690998763769541,1.61818616418289,1.27353326858953
"RNA933","protein-coding-exon2",-0.674490759476595,1.91970446927954,-3.75787708851246,0.26725105564167,0.0770846582258967,3.2654622076122,4.61274254494148,85.3171644881798,94.0260252762896,5.39592607581276,2.9183848547288,-0.673495935347573,0.455736999646348,-1.5175583179616,-0.62938803391889,0.732276644027743,0.883261708838398,NA,0,2.91523354692669,144.807680274087,0.795307785052062,0.297426225303003,12.0750882111319,-0.674490759476595,0,-1.23533091373975,0.909894712660256,-0.0101775011718036,-0.894116608627167,1.48106957409066
"RNA934","protein-coding-exon2",0.421556724672872,0.882026377777086,0.746757626563373,1.57805385236034,0.0963558227823708,3.23538623076419,5.89844402575393,40.0079518910591,-0.825496153389266,-0.674490759476595,0.473172166778788,0.0766014579346575,-0.954009452593022,0.684848982329255,42.1628479008987,0.849587787581408,1.27856764845838,3.10438695707818,0,1.03199163686858,392.02227689978,0.657362824504321,0.5238182319057,0,4.89379844315738,0,0.951869141927698,-0.732545391450009,0.0545089479937553,0.803457806533975,2.19011649253388
"RNA935","protein-coding-exon2",-0.252934034803723,1.27115566209051,-1.03582509491049,0.610859555752388,-0.173440481008267,3.2654622076122,4.67527811204527,11.8923370749821,10.177763549714,-0.674490759476595,-0.379125524934557,-0.570034225929335,-0.941856465935786,-0.698249113665227,-0.479728990022867,0.368360856035069,1.57504710317337,0.977146869498144,0,1.78006005876241,189.829093630764,0.67330278362588,0,2.71999554842857,-0.469322163801839,2.00211598124942,1.20100609429917,0.71207907054219,-0.2339662126523,-0.0815812632890814,2.48132429378489
"RNA936","protein-coding-exon2",-0.674490759476595,1.11550394836514,0.120444778477964,0.458144666814291,0.269796303790638,3.22059476674058,3.74915614207962,24.7076615050374,19.1273498956049,-0.674490759476595,-0.49521434846103,-0.281535228513092,-0.388895573031551,0.447881689144299,2.41299581733724,0.601437032518959,2.75478826672675,2.10129813529247,0.578562014541248,1.56954138229333,0,0.698817614908138,0.383894012406637,2.14293482906509,-0.674490759476595,0,0.948243280719187,-0.127786849801828,-0.970933611789766,-0.0206600773173014,1.73795427967247
"RNA937","protein-coding-exon2",-0.168622689869149,-0.259419522875613,-1.54169316451793,-1.28535031522898,-0.0963558227823708,3.22453915714688,4.05066691204432,112.3322943809,34.6305703373058,0,-0.333571682791257,-0.171109750191702,-0.48004297296082,-0.757435212344853,-0.492029733356787,-2.08125816298093,2.2235959103624,1.06362004379002,0,1.97863318533316,174.105197025596,-1.33139876570906,0,5.66672229823787,4.61834518344051,0,1.15870438019988,0.776491695418126,0.0857632742056834,-0.262779308628367,1.66479585981623
"RNA938","protein-coding-exon2",-0.674490759476595,0.596664902613911,-0.650401803781003,-0.852658129904375,-1.1177275442755,3.2501776947878,5.4726065926186,124.390295852947,306.41007830133,0.674490759476595,-0.196910156361359,2.05431182642945,0.698796732791067,-2.4562230952045,-0.697042122255448,0.622116262107496,1.54416382664056,2.41260156274321,0,1.34032532337469,58.0574643883116,-1.33139876570906,0.557831688450358,22.1073932930269,-0.674490759476595,0,0.226132877370812,-0.53262129521576,-1.3694944869469,0.448289590139931,2.2178469005687
"RNA939","protein-coding-exon2",0.0843113449345744,-0.363187332025859,0.240889556955927,0.496323389048816,-1.1177275442755,3.2654622076122,3.89432799428485,130.874873680897,956.468165042856,4.04694455685957,1.19909468351395,0.0865496992248726,0.0729179199434156,0.0260135622021223,-0.619137414473957,0.935396927182442,1.91476314503429,2.09265081786328,0,1.51881607620333,146.890760593575,0.185017467262567,0.470022765056621,13.9316949973257,2.39570458303268,6.99761847171466,-0.952674888862923,0.578134936694216,-0.0532137918411285,0.332962898725748,0.853075189311097
"RNA940","protein-coding-exon2",0,1.16738785294026,-1.9752943670386,-1.42533896342224,0.809388911371914,0.158761713853409,-0.0982701768773847,15.9747811454983,10.9428575455382,-0.674490759476595,-0.220421816822417,-0.505370657542936,0.559037386232854,-0.0816332854185542,-0.684741378921528,0.166979947331742,-0.401482594926545,-0.295738256078199,0,0.600047477501509,0,-1.33139876570906,0,9.80154525220253,1.19309019640606,1.17256262690966,0.0479822299926308,0.397233376612198,0.561166357714099,-0.377301344381546,1.78200367251143
"RNA941","protein-coding-exon2",0.0843113449345744,0.804200520914402,-0.939469272128114,1.46351768565676,0.173440481008267,3.2654622076122,5.33711286389372,10.9693497199088,39.9258261505101,-0.674490759476595,1.59438447501548,-2.26322489352397,-0.388895573031551,-0.922616087658529,-0.686791502810515,1.1829678907611,2.58801857344957,2.33477570588052,0,1.43935220079271,319.316054135714,0.526948422739079,11.1060286263679,11.4353420352389,-0.137822108765021,13.5765681244662,-0.622076921340229,-0.839008799874063,-0.551103254059761,0.87261465659725,0.149354011598642
"RNA942","protein-coding-exon2",-0.505868069607446,0.596664902613911,-2.26436183538571,-1.043551741077,0.635948430363647,3.18410915548235,1.89318984696356,3.54995136566629,7.85228048345887,-0.674490759476595,0.461416336548259,1.14504257250378,-0.157988826544067,-1.7246572166423,8.17999431705658,-0.621536470623705,1.36504082275025,1.36627615381156,0,1.33807471252428,0,-1.33139876570906,0,0,2.64469461105248,0,0.724084483339675,-0.0412472508707303,-0.630406396112111,-0.101394035738316,1.87370671372715
"RNA943","protein-coding-exon2",1.43329286388776,-1.66028494640393,-0.168622689869149,0.330882259365877,-0.944287063267233,3.26398306120984,5.74806087629006,155.405037617651,45.180813858671,-0.674490759476595,-0.62746743855448,-2.19159755623442,-0.99046841256473,-0.0271280545343701,-0.551483326137399,1.07203445352913,1.56269379256024,1.63434299411637,0,1.08669879292469,0,0.608739908628393,0.473841153092126,0,5.5422424214869,0,-1.19947517512225,-1.04807509260358,2.9623024687283,-0.57523059451817,1.3952019672333
"RNA944","protein-coding-exon2",1.18035882908404,1.89376251699198,-2.93885259486231,-0.470870907559133,-1.46460850629204,3.1934770826973,3.10295528200712,86.2046523295964,76.5093995824198,-0.674490759476595,1.64581623227405,-0.392955530963503,0.625878812847651,-0.680509018070735,-0.674490759476595,-1.66612746058674,1.70475686461117,0.709080029193344,0,0.37810262286881,216.573157087417,-1.14794686821665,2.11245467368094,0,19.9782061743867,6.67309028325762,-1.19093425760887,-0.1753008162006,2.15013103703194,-0.171580982673873,1.85711732037624
"RNA945","protein-coding-exon2",0.168622689869149,1.08956199607758,0.0722668670867781,1.75622122278812,-0.250525139234164,3.20580330271697,1.85224393993131,14498.4983705723,-0.654356706954906,0,-0.339449597906522,-0.379027993157202,0.182294799858539,1.21361659144578,-0.172210406674875,0.97888128846675,1.08091467864839,NA,0,2.13565657312713,220.87371000507,0.227076313183697,1.42034433945085,4.67629208507065,8.01384596369989,0,0.782904009611078,-0.400687579887081,0.579690538771434,-0.181593666012932,1.67946478473154
"RNA946","protein-coding-exon2",0.252934034803723,0.622606854901472,-1.01173613921489,-0.203619851917463,-0.211982810121216,3.26398306120984,5.75699452873346,54.5154198054153,15.3320809952665,-0.674490759476595,-0.606894735651054,-0.986865535989355,-2.61896862463435,-0.453913059412936,-0.680641131143555,-0.790449056234749,1.7171101752243,NA,0,1.65333335549319,0,0.00866168234923186,0,0,-0.558277626453078,0,-0.951063394992473,-0.56888665726506,0.315806342330943,0.213085389187878,3.08193174919489
"RNA947","protein-coding-exon2",1.09604748414947,0.830142473201963,0.289067468347112,1.043551741077,-0.963558227823707,3.24623330438151,6.03393775447881,429.958276238282,409.274952634642,-0.674490759476595,-0.484927997009317,-1.13409950708454,-2.96532874436557,0.294029300596062,0.602736423362064,0.367781064551278,1.29092095907151,3.30327525794948,0,1.37893195565479,343.977037272878,0.675361310075075,1.17730964157031,3.0288248232967,2.8850035072822,8.89754156974139,-0.311622627198152,-0.818477678427886,0.812760349675832,1.01228450568601,1.25210611327884
"RNA948","protein-coding-exon2",2.10778362336436,-0.0259419522875614,0.240889556955927,1.76894746353296,-2.67869187334991,3.25806647560039,3.82583665888546,15.7144513786828,33.2211866607875,-0.674490759476595,4.59359066257916,0.0666532166444425,0.255212719801955,0.546311029593558,-0.684741378921528,-0.771315937269654,1.7171101752243,1.00308882178571,0,0.7603602196153,66.9945509203086,-0.936938668677994,0.640497089144619,0,5.99915977614189,0,1.03051004280563,-1.64031478016275,2.06094398728959,1.49886835439243,3.02549268961113
"RNA949","protein-coding-exon2",0.0843113449345744,1.55651713725368,-5.6127266770731,0.26725105564167,-0.963558227823707,3.2654622076122,4.77875958618131,20.6015510920834,21.8051788809896,-0.674490759476595,0.202788071476623,-0.368084927737965,-0.0607649332861797,-1.36792788860141,-0.658089768364702,0.686859644464132,2.66213843712832,1.50463323267856,0,3.05373267618267,154.954297314174,0.662038924861872,0.41552022635288,9.7536851478599,3.96247958230137,12.1657326184783,0.166749328244751,-0.470574948472035,0.445206504747827,-0.188229979388828,1.56726136955688
"RNA950","protein-coding-exon2",-0.252934034803723,0.648548807189034,0.409512246825076,0.71266948171112,0.289067468347112,3.2654622076122,3.47593527151901,35.2036843761907,15.7246950194394,-0.674490759476595,1.37837109452951,-1.67428900914323,-0.188371293187157,-0.426378542969157,-0.465378122799961,0.571094611533909,1.7171101752243,2.77578889476906,0,1.31470298446234,0,0.521464546179946,0.360172601769097,7.13126297713996,-0.674490759476595,0,-0.817148254358128,-0.649017906344052,-0.912135688852318,0.630063224421242,2.92059546453195
"RNA951","protein-coding-exon2",1.18035882908404,0.311303427450736,0.819024493650151,2.32890205630598,-2.81359002524523,3.24968464598702,6.08381731395446,370.472924520934,1664.21031225902,12.8153244300553,2.23213826502167,-1.21965438218039,-2.90456381107939,-2.13505262839957,-0.686791502810515,0.637577368341917,2.00123631932616,1.27115566209051,0,0.204459339564132,409.62766540642,-1.31966215651528,9.75749158417985,19.87821896057,27.2305401425458,11.4779525057774,1.27521538703337,-0.98358438252454,1.41818214604295,0.658500676816586,0.808822620187477
"RNA952","protein-coding-exon2",0.168622689869149,1.21927175751538,1.22853674047523,0.903563092883741,-4.72143531633617,3.26349001240905,5.7815620729528,29.7485924442835,106.126590841825,4.72143531633617,10.7345424792517,0.602863422187045,0.887168025978224,-0.792417159902949,-0.676540883365582,1.33274735740705,2.80420150917925,1.02038345664408,0,1.07873509299247,0,-1.07216182613008,4.92095008101038,11.0275911350538,1.20901689061065,14.3951918526418,1.24338838309199,-1.04639020017809,0.274792531638608,0.0896282765971136,2.77622902669648
"RNA953","protein-coding-exon2",0.0843113449345744,1.58245908954124,-2.19209496829893,-1.42533896342224,-2.54379372145459,3.24179586517442,4.4936271790295,33.2985438099498,6.7549746210268,-0.674490759476595,1.29167184657936,0.948067394957515,0.297748173102281,-1.872058661338,-0.688841626699501,0.435616668154798,1.06856136803527,NA,0,0.398184996610926,85.1375085416559,-1.33139876570906,0,0,8.27866788417306,0,0.633115654352807,-0.136233777161613,-0.672936377479449,0.954779141747973,1.81924943576057
"RNA954","protein-coding-exon2",2.86658572777553,-1.71216885097905,-2.72205199360197,2.45616446375439,0.79011774681544,3.06281915048875,5.31552320382217,4.87526654218171,10.9428575455382,-0.674490759476595,1.76484401335815,-1.43951051469415,-2.18753759830247,1.08704959752588,-0.647839148919769,0.000773055311720727,1.0623847127287,1.1414459006527,4.59656071474293,0.528374178111542,199.572533834821,-1.31378220904441,3.43323889554811,5.70443025923509,30.9249643875021,15.6310786600808,1.09303600497907,-1.3796681239977,3.7970820782865,0.970356338020008,1.20668099753071
"RNA955","protein-coding-exon2",2.10778362336436,-1.19332980522782,-3.17974215181823,2.18891340811272,2.04274344298626,3.26053171960433,5.62522315519333,32.5767203655977,63.1806568130614,-0.674490759476595,0.339449597906522,-1.80560579417407,-0.954009452593022,1.27474321795096,45.7772163171821,0.604915781421703,1.87152655788835,1.91105715185035,0,1.04428343459005,211.264662079689,-1.32126325896294,9.57897344265614,10.0614186358273,31.553635429149,2.89720755614539,-0.0221983280654404,-1.50713169252983,2.83119578051903,0.674490759476595,2.99851539946609
"RNA956","protein-coding-exon2",0.590179414542021,0.544780998038789,2.26436183538571,1.95984107470558,-1.17554103794492,3.24919159718623,1.99816026317349,26.0329766815528,50.4458685930928,-0.674490759476595,1.80158098282855,0.815755785797652,0.364589599717078,1.08263096322037,-0.602736423362064,-0.344396141371717,2.98332451306956,1.16738785294026,0,1.90921049679361,0,0.848516785169236,0.54186106547001,4.95225312441998,0.462309542833188,12.0835627401014,-0.642542893494936,-0.658272452671635,-0.0432823401482034,1.15009321808189,1.59673064351373
"RNA957","protein-coding-exon2",1.51760420882234,0.778258568626841,0.26497851265152,0.890836852138899,-1.13699870883197,3.25757342679961,5.39741501788666,15.477787954305,11.4160077797979,-0.674490759476595,-0.146947877881611,-0.420810606576106,-4.92195959618056,-0.188204975730474,-0.578134936694224,0.297239767356735,0.833848466385901,2.96602987821118,0,1.31903108225159,178.607338361264,0.71752201633834,1.32147429199408,5.40373344205211,1.93622758109481,11.3635165083587,-0.756878383603321,-0.310155658071597,0.834342177653081,1.68857867958226,1.75731317328178
"RNA958","protein-coding-exon2",1.77053824362606,0.907968330064647,-2.57751825942842,1.73076874129843,-3.08338632903586,3.01055597760533,2.27957031514055,130.756541968708,49.9928524113548,-0.674490759476595,0.577505160074732,0.53422055728456,0.492195959618056,0.499318788196176,-0.686791502810515,0.251242976309334,1.50092723949462,NA,0,-0.0792907514990453,39.9145067669642,-1.25413532735442,4.20439726286523,2.35260613242201,16.4193484336718,8.74495291828887,-0.103175895055523,-1.78209032506231,0.257063981210317,2.66895268266007,2.49722871147873
"RNA959","protein-coding-exon2",2.10778362336436,0.622606854901472,0.481779113911854,1.76894746353296,0.154169316451793,3.21862257153744,5.41007102551481,67.2124125232818,109.146698720078,-0.674490759476595,11.1019121739557,-0.972937998183053,-4.39938116991941,2.85299547715935,-0.586335432250171,-0.327002396857994,0.469425803298729,0.44966050631773,0,0.795850621487143,281.148646991546,-1.31177712374215,6.36751708528337,12.0462432324204,24.8833842134671,17.5057643375636,-1.23379999456282,-1.31475612150449,1.74713770115907,1.7507615083945,1.10417165475909
"RNA960","protein-coding-exon2",1.60191555375691,-1.50463323267856,-0.529957025303039,0.458144666814291,-1.77294713919562,3.11508232337217,2.21033450870421,119.420363941014,0.926166415997713,-0.674490759476595,11.2180009974822,-0.195980353417241,-1.74395358531336,1.01952447386613,0.0512530972246653,0.630233342880567,0.66707877310872,0.44966050631773,0,1.31279862143507,219.395394939626,0.499218721226674,5.4249212960055,0,1.75374775310793,0,1.06701037897131,-0.709977445383861,1.52907669065086,1.23410474726618,1.65933560286919
"RNA961","protein-coding-exon2",1.93916093349521,-0.415071236600981,0.433601202520668,1.38716024118771,0.0385423291129483,3.13332512900129,5.90663320716038,3.60911722176073,19.4293606834303,-0.674490759476595,5.24163080403707,0.416831310060019,-4.29000429000429,-0.0257644403866783,-0.492029733356787,-0.27810664839164,1.26621433784526,-0.72464520056588,0,1.17101013785926,386.915370310067,-1.12684685367015,3.70341635175333,8.02927108533307,19.5373780312241,13.0450667299293,-1.17199920463109,-1.04716278499758,1.20953395633451,2.00756965076733,1.51930829671704
"RNA962","protein-coding-exon2",1.68622689869149,0.129709761437807,-1.30080360756201,1.83257866725716,-3.23755564548766,2.90898792464321,3.37543168153078,15.4896211255239,52.3485365563925,-0.674490759476595,5.57667196560714,-1.24551980953495,-0.644108292833505,1.96482375840454,13.7235293128764,0.0239647146633522,0.228536246342802,0.069178539433497,0,0.767977671724378,206.292147768653,-1.21951986671369,4.0922958708014,3.84788793109435,40.3909192465959,0,1.18062069683799,-0.84355279976228,2.32850513651665,0.544325876068826,1.1021603194767
"RNA963","protein-coding-exon2",0.252934034803723,1.53057518496612,0.289067468347112,-0.0636312037242069,-0.346880962016535,3.17622037466976,5.55598734875699,11.1468472881922,43.8620334185004,-0.674490759476595,3.0462295084858,-0.125347840256713,1.07553931916538,-0.238147343889689,-0.684741378921528,0.676423397755899,0.450895837379043,0.466955141176104,0,1.64675464685354,64.8442744614822,-0.68361673547835,10.2199385793651,12.9546183441355,2.73020579065091,11.8065221958707,1.17860632949993,-0.400687579887081,0.279489839871756,0.27815537730552,1.67750062384412
"RNA964","protein-coding-exon2",1.43329286388776,0.207535618300491,-0.0963558227823708,0.44541842606945,-3.54589427839124,1.70940019232848,3.20345887199535,15.8801157757472,22.6508090869006,0,-0.448191027538914,-1.14006845185867,-1.44012891888246,1.4223937844621,31.1639332364855,0.349807528553765,NA,-0.195429373899629,0,1.30327680629872,0,0.57377575397923,2.79598413589828,8.94006337403522,3.46344316389106,11.9764849114227,-0.14451071283255,-0.729630424186274,1.55715767928547,0.91679093095524,0.79453153064471
"RNA965","protein-coding-exon2",1.34898151895319,-0.38912928431342,0.915380316432522,1.51442264863613,-3.62297893661714,2.34346095014054,3.877205160435,20.1992232706412,69.7644919876538,0,8.00865934454781,0.149223619353229,-1.53735281214035,1.93981979513869,0.571984565027265,0.251629503965195,1.32798089091088,-0.87943218254833,0,1.54080281297272,202.730752383722,0.704839219319938,0.916410128216156,4.89819967548621,1.58192635057939,8.34690893648052,0.152648756878319,-1.23690513791231,0.611977570460876,1.6960021270897,-0.388685058670851
"RNA966","protein-coding-exon2",0.0843113449345744,0.38912928431342,-1.42124838603997,1.2598978337393,0.443236784798905,0.670053320269512,4.1772269883258,94.4878721828178,84.271076829531,0,-0.631875874890928,-0.769993875862662,-0.279518693116427,-1.3475916814565,-0.612987042806997,1.27515473668383,NA,-0.757505006796791,0,0.385720074977889,339.474895937211,0.536177443505552,0,0,3.90933642919016,0,-1.03131578974085,0.254436613228301,-0.0403029046403298,0.229326858222038,1.83062631834689
"RNA967","protein-coding-exon2",1.43329286388776,-0.518839045751227,-1.90302749995182,0.509049629793657,-0.79011774681544,-0.641949538624654,-0.71022536925019,-0.224830253158865,-0.825496153389266,1.34898151895319,1.90885293368213,-1.02765332527924,-0.808173612706191,-1.75102479405585,-0.627337910029903,0.357731345498905,-0.413835905539669,-0.799876862199808,0,0.0614589886073386,0,0.512358705362101,0,0,3.67290086165305,0,0.659705303215222,-1.10189084468948,0.569157180915301,1.84764349070298,1.58064929134271
"RNA968","protein-coding-exon2",0.590179414542021,0.492897093463666,0.457690158216261,1.64168505608454,-0.847931240484862,2.47214668714594,5.55970970394174,6.38991245819932,26.6373514861951,-0.674490759476595,0.631875874890928,-0.366095279479922,-0.881091532649607,-0.594247311554726,-0.600686299473077,0.748317541745954,2.20506594444271,0.0518839045751227,0,1.27107575874671,332.956870421393,0.518738005393957,0.140032230475447,0,5.26470352324323,12.222225782655,-0.664459210133048,-0.637936804820222,-0.34710635575403,1.43920944949721,0.377914495857575
"RNA969","protein-coding-exon2",-0.0843113449345744,1.84187861241686,1.03582509491049,-1.15808790778057,-0.192711645564742,1.09013089854002,1.11521761335093,11.6793399930421,6.41269572815808,-0.674490759476595,0.171929017121485,-0.0686428649024853,0.808173612706191,-1.55326140761703,42.72663197037,1.0283568284169,2.7300816455005,-0.217047667472597,0,0.509676795661986,0,-1.33139876570906,1.41974427847094,4.02835973644829,0.621118727851725,0,-1.02309717100156,0.479646602982473,-1.42784354674965,1.4455262747214,2.52604643148788
"RNA970","protein-coding-exon2",0.927424794280318,-0.285361475163175,0.36133433543389,-0.878110611394058,0.0963558227823708,2.63337364500329,3.49008022122106,68.4075628163894,16.7414646717847,-0.674490759476595,1.67373632907155,-1.97771036849479,-0.230906746487483,-1.12905940261438,-0.539182582803479,-1.01444183280592,1.17356450824682,1.19332980522782,0,1.40316930327459,0,0.343535848076431,0,13.3709099363413,-0.322797931430393,0,-0.838258824061015,-1.34731198737032,0.931241357219743,0.705404919285936,0.737711581457674
"RNA971","protein-coding-exon2",0.505868069607446,1.29709761437807,0.216800601260334,1.34898151895319,-0.655219594920121,2.55547193447894,2.28924843862089,14.5903001128885,25.670916965154,-0.674490759476595,1.51062418462296,0.0964979405150885,0.802097119377573,-1.97195650933093,-0.694991998366461,1.00342579461389,2.26065584220178,1.18468248779864,0,1.36058082102838,0,-1.0661947051571,5.65462463911568,9.34394679104108,29.9184406517158,15.6517034972356,-0.200993572991801,-1.09616673640538,0.26955838817883,0.656825525299818,1.46159669473283
"RNA972","protein-coding-exon2",0.252934034803723,0.985794186927332,-1.75849376577827,-1.53987513012581,-2.54379372145459,0.357460380570564,0.926866441002606,1.18331712188876,-0.503351313042235,-0.674490759476595,-0.959569642566921,0.397929651608611,0.650184786162123,-1.73943407380046,-0.668340387809635,0.605495572905494,1.25386102723213,0.0518839045751227,0,2.02883911968846,0,-1.33139876570906,0,0,-0.549568731292995,0,-0.994654304188129,-0.949905900594385,-0.37375995682646,0.873478454801099,0.199534645938364
"RNA973","protein-coding-exon2",-0.75880210441117,-0.285361475163175,0.698579715172188,1.94711483396074,0.0770846582258967,1.76511470681741,1.45320746412617,-0.461493677536618,1.07717180991038,-0.674490759476595,-0.55546297839249,0.328291962577104,0.322054146416753,-0.492762950947657,46.7202733061159,-0.0861956672568937,1.78505338359648,0.441013188888543,0,1.58858501256603,0,0.0179854569223418,0,0,-0.411601440417537,0,1.17296610095336,-0.00294623220505457,-0.431047108452728,-0.634814832448569,1.69535065007608
"RNA974","protein-coding-exon2",-0.252934034803723,1.01173613921489,-0.433601202520668,1.2598978337393,0.308338632903586,2.68612986668749,6.05776082766121,10.3895243301833,21.3521626992516,-0.674490759476595,0.377656046155741,0.586946236122701,-0.212677266501629,-1.71078506502444,-0.674490759476595,-0.598538075100005,2.2730091528149,1.92835178670873,0,1.0070617936025,191.777781671575,-0.537480308346814,0.824092746660017,0,28.7540042846153,0,-0.0690122250019954,0.27864717263274,-0.636022150694064,0.31745398421375,2.07926669015906
"RNA975","protein-coding-exon2",-0.75880210441117,1.32303956666563,0.867202405041337,0.369060981600401,-2.52452255689811,1.34602322614847,1.42491756472208,12.8981566285875,24.2615332886357,-0.674490759476595,1.2681601861183,1.13807880360063,0.370666093045696,-1.0590561724747,114.960697074924,-1.54900958086101,1.37739413336338,0.804200520914402,0,0.790137532405334,0,0.516568143221963,0,3.02561803516061,-0.674490759476595,0,-0.0798092339340064,1.44617094973809,-0.91686440168093,-0.129877670514104,0.32812870319591
"RNA976","protein-coding-exon2",0.75880210441117,0.363187332025859,0.0481779113911854,0.229072333407146,-0.289067468347112,2.63140144980014,5.50164096305965,22.8735199661098,5.8086741525074,-0.674490759476595,0.640692747563825,-0.828688499474932,-0.018229479985854,-1.71563638458834,0.0717543361145314,0.294534073765712,0.951204917210583,1.61704835925799,0,0.589140671072601,127.06789948877,0.514874418928322,0,0,3.68961305608201,0,0.134197152061674,-0.267828013924521,-0.0260329766815577,1.40341410656007,0.910569359643646
"RNA977","protein-coding-exon2",0.337245379738298,0.415071236600982,1.34898151895319,0.547228352028181,-1.42606617717909,2.65457474343713,5.06463646437006,80.039570124556,5.20465257685671,-0.674490759476595,0.665673886803699,0.106446181805304,-0.996544905893348,-1.25428900573559,-0.289067468347112,1.09020125335458,2.21741925505584,0.847437108060338,0,0.528201054199972,250.843188149962,0.251364082670001,0.549363827922172,10.289170423047,9.67895746519603,0,-1.04598038396194,0.120994142802987,0.099830994640239,0.556391722002697,1.49530672734853
"RNA978","protein-coding-exon2",1.26467017401862,0.830142473201963,0.0240889556955927,0.916289333628582,-1.85003179742152,2.67478974426939,4.87702976305869,47.1551873072672,108.673548485819,-0.674490759476595,2.66710398355124,-1.29824548837309,-2.43667382477581,-1.07863190249878,-0.660139892253689,0.213556529862934,0.926498295984334,1.1414459006527,0,1.56919513447019,143.396561347982,0.622235219538709,0.267878222550521,6.23556461584554,0.0563183346216452,7.31970858038024,-0.811508025811555,-1.13319456186815,0.692265800858816,1.47706990837302,-0.652601868131617
"RNA979","protein-coding-exon2",1.34898151895319,-0.0259419522875614,-1.10809196199726,0.572680833517864,0.0963558227823708,2.66246352424972,1.9118016228873,6.16508220504046,1.58052312295262,-0.674490759476595,-0.152825792996876,-1.13409950708454,-1.59204125209791,-1.42198732255269,-0.672440635587609,1.00381232226975,1.11797461048776,1.08091467864839,0,0.984382561186838,0,-0.172481538644453,1.26267831697907,0,26.0621762743234,0,0.574054404000837,-1.02729475268923,1.49609267225466,0.823580324514558,0.618427362521318
"RNA980","protein-coding-exon2",1.01173613921489,0.466955141176104,-0.0240889556955927,0.750848203945644,-0.134898151895319,2.62301962018676,1.89840114422221,-0.319495622909966,-0.614088601911527,0,1.85007378252948,-1.43453639404904,-3.03824666430899,NA,NA,0.851133898204851,1.12415126579433,0.268066840304801,0,1.22467855044595,231.423503881186,-1.33139876570906,0,0,-0.674490759476595,0,0.666473577471109,-0.923662927661785,0.205003952174836,1.557752468315,1.51967037081505
"RNA981","protein-coding-exon2",0.337245379738298,1.478691280391,0.289067468347112,0.509049629793657,-0.925015898710759,2.60526986335843,4.87032952372614,0.627158074601045,0.070469183825913,-0.674490759476595,-0.602486299314606,-0.711299252250392,-0.443584012989112,-1.19557492733785,-0.444876883910095,1.05406091753162,1.29709761437807,0.250772205446426,0,1.34067157119783,92.4618877295332,0.495253274418904,0,6.14483990626675,2.29873593464423,0,-0.403397203120245,-0.302693334806,0.513742559150443,0.118931945511562,-0.728071334643472
"RNA982","protein-coding-exon2",1.26467017401862,-1.08956199607758,0.0481779113911854,0.954468055863106,-0.55886377213775,2.65210949943319,5.81506326961555,8.01105691518693,26.2246034095005,0,-0.182215368573198,-0.0666532166444425,-2.10854318503044,-1.73449097251508,-0.672440635587609,0.944673590923095,0.784435223933403,1.39221810609913,0,0.686436309374923,225.039870644046,0.625826388810263,4.14170089148079,9.33019573973725,1.84822446975009,11.3635165083587,1.12816657135486,-0.479511366094373,1.57017153324285,0.532589698056651,0.955317853063316
"RNA983","protein-coding-exon2",0.843113449345744,-0.544780998038788,0.746757626563373,0.470870907559133,-0.269796303790638,2.6708453538631,5.97586901359672,25.2401542098873,61.519597480022,-0.674490759476595,-0.276262010417429,-1.01273096334391,-2.23614954493141,-2.26332414000409,-0.688841626699501,0.867368059750992,1.28474430376494,2.65472645076045,0,1.18745690945841,208.84560106351,0.732133053321811,0,6.58379924710621,3.07921166620545,9.23573179090369,-1.26949458379327,-0.438848301781098,0.491912556637017,0.92311257381629,2.02270636997656
"RNA984","protein-coding-exon2",0.421556724672872,1.53057518496612,-0.9876471835193,-0.725395722455961,-1.61877782274383,2.6742966954686,5.91333344649293,34.860522410843,9.7952165518019,-0.674490759476595,4.34818770651687,-1.46239146966164,-0.729179199434157,-1.3706026701988,-0.274716601124206,0.965739348167493,1.6676969327718,1.72946348583742,0,2.77206007205833,230.48275793045,0.358495105299294,0,0,2.71888375293404,0,0.428697656886301,0.0560171781092116,0.27720299244246,0.454837518725989,1.3151214320996
"RNA985","protein-coding-exon2",1.60191555375691,0.415071236600982,-1.13218091769286,0.458144666814291,-0.597406101250699,2.59787413134662,2.69275174064773,5.58525681531496,1.18790909877968,-0.674490759476595,5.77505160074732,-0.250695680513425,-0.60157283953318,-1.14057145282278,-0.666290263920649,0.549062535149859,1.26003768253869,2.80173084705663,0,0.495653758824819,0,0.420189308800838,2.21585518153604,0,4.18292074009731,0,-0.349492733153713,-1.15197679217536,1.85284087122409,0.78296149564973,-0.159499173811296
"RNA986","protein-coding-exon2",0.674490759476595,0.492897093463666,-2.24027287969012,0.649038277986912,-1.59950665818735,2.69056730589458,4.94328768534723,23.2285151026764,23.1541603999428,0,1.55617802676626,-1.08236865237542,0.103300386586506,-1.49960843557515,-0.666290263920649,1.02429828803036,1.73564014114399,0.38912928431342,0,0.332397910214339,136.27377057812,-0.879003822454786,11.7781969340323,11.5288062120696,1.56834261394061,7.84486218158628,1.07796853729036,-0.659392386901136,-0.547195563002103,1.6960021270897,1.58911922902248
"RNA987","protein-coding-exon2",-0.421556724672872,1.19332980522782,-0.409512246825075,0.610859555752388,-0.250525139234164,2.70141437951189,5.7726284205094,40.9782719310079,46.0365110908428,1.34898151895319,0.0734739389408056,-0.340229852125362,-0.492195959618056,-2.13975971954401,1.70365295174787,1.48272008788093,2.26683249750834,0.890673695206273,0,1.08392881033957,183.445460393623,0.748584682999212,0,12.7895520134454,-0.657284512492717,0,0.0792452110793491,-0.114258567702181,-0.622099759126306,0.0819693631308355,0.223526497445928
"RNA988","protein-coding-exon2",-0.421556724672872,0.778258568626841,-0.337245379738297,-1.043551741077,-0.423965620242431,2.58258961852223,5.57757700882853,22.1871960354143,94.4991755105493,3.37245379738298,0.628936917333296,1.19776825134192,0.583343359547325,0.102153056006418,-0.670390511698622,0.736335184414278,2.12476942545741,-0.0172946348583741,0,0.209999304734371,72.8406150427427,-1.33139876570906,4.80028781896648,3.5067759146887,30.3195874904401,0,-1.31542215910108,0.0390914712084923,-1.03884981473134,0.448289590139931,2.31779131811887
"RNA989","protein-coding-exon2",0.168622689869149,0.985794186927332,0.409512246825076,0.165441129682938,-4.79851997456206,2.45883436952469,4.06183397759857,36.0911722176073,38.9191235244256,0,0.802335413233597,-0.134301257417906,0.966162439250258,-1.9216339026113,-0.692941874477475,1.26742418356662,2.85361475163175,0.311303427450736,0,1.40922864017954,0,0.696278212890259,0,4.94142417151821,-0.674490759476595,0,-0.41661145285793,0.568139105810048,-0.190030656207796,0.61912211504194,1.97454050439622
"RNA990","protein-coding-exon2",-0.168622689869149,1.84187861241686,-0.481779113911854,-1.28535031522898,-0.443236784798905,2.689581208293,1.49638678426927,119.952856645864,343.788946807847,0,-0.346796991800602,1.06545664218206,0.224830253158865,-1.93034005447733,-0.682691255032542,1.02855009224483,2.69919836896769,NA,0,1.44264155511254,0,-1.33139876570906,7.6860910825412,20.7981965218227,-0.322222349369428,0,0.577196817048213,0.150257842457658,-0.311431535857093,0.138645322781291,2.71393296791825
"RNA991","protein-coding-exon2",0.505868069607446,1.08956199607758,-0.240889556955927,0.139988648193255,-4.52872367077143,2.60181852175292,5.69669237474052,21.1577101393711,66.9155235558348,1.34898151895319,-0.673021280697779,0.613806487606282,-1.67103566536994,-2.71904661049762,-0.557633697804358,0.676423397755899,2.94008792592362,0.311303427450736,0,0.37792949895724,244.190770355468,0.787232391881399,0,2.8065949426162,-0.540453407482334,8.44045652055081,-1.02148567713111,-0.478407153572076,-0.217938904403036,1.18617340459677,-0.304430529990044
"RNA992","protein-coding-exon2",-0.75880210441117,1.478691280391,-2.38480661386368,-0.903563092883741,1.05991405060608,2.68563681788671,5.30063378308318,13.5489810456263,25.9829947792402,0,0.00440843633644834,1.32013161921157,0.431431026331876,-2.38707212390713,-0.682691255032542,0.897130689252251,1.14268123171401,-0.129709761437807,0,1.39295499249196,111.41119902294,-1.33139876570906,0,0,-0.552162913499532,0,-0.400174215379347,0.273442199787803,-0.580117566792627,-0.461813492974975,2.89096425065364
"RNA993","protein-coding-exon2",0.0843113449345744,-1.71216885097905,-1.30080360756201,1.80712618576748,1.13699870883197,2.63435974260486,1.49638678426927,14.5903001128885,-0.845630205910955,-0.674490759476595,-0.251280871177555,-0.401908948124697,1.17883970575189,-1.13885382346367,6.22622625085234,-1.24906411991325,1.24768437192557,NA,0,1.03735847812725,0,0.466251503052393,0,0,-0.674490759476595,0,-0.79829377607387,-0.831277217974691,1.22631293970068,-1.00502478837433,2.01903950182114
"RNA994","protein-coding-exon2",0.505868069607446,0.363187332025859,-0.939469272128114,-1.71804250055359,-0.481779113911854,-0.0226802448362012,0.863586402861866,0.0946653697511012,0,-0.674490759476595,0.534890275489065,-0.0527256788381409,-0.498272452946674,-1.7954864822753,159.401232616487,0.839151540873174,NA,0.268066840304801,0,1.70821363546087,0,-1.33139876570906,0,0,22.6747742722395,0,0.821741011888909,-0.00579506830415715,0.22634426159764,0.674490759476595,-0.536783959353913
"RNA995","protein-coding-exon2",0.168622689869149,0.804200520914402,-0.168622689869149,0.509049629793657,-1.85003179742152,-0.61976234258924,0.727348203100037,-0.875654670197685,-0.604021575650682,6.74490759476595,4.11894901702156,-0.619775432380411,0.151912333215449,-2.84367307659196,-0.709342865589368,0.840311123840756,0.895615019451523,NA,6.51810787000511,0.388490057563008,0,-1.05432205318544,0,0,-0.674490759476595,0,0.623285541743066,-2.0535238469213,-0.589512183258909,0.975705649926612,0.114998417051728
"RNA996","protein-coding-exon2",1.09604748414947,1.63434299411637,-1.83076063286504,-0.814479407669851,-3.89277524040778,-0.862835401377223,-0.0424348491061434,-0.863821498978797,0.453016181738012,6.07041683528936,8.16001565876587,-0.446676033930665,-0.625878812847651,-1.47136588870854,-0.596586051695104,-0.298399350324316,0.105003140211558,NA,0,-0.409438050862974,0,0.224913557547201,0,0,4.75179896294049,0,-0.211548857843245,-1.23840829447402,-0.263444167500138,2.14086152565432,0.714825464532718
"RNA997","protein-coding-exon2",0.505868069607446,0.752316616339279,-0.89129136073693,0.878110611394058,-2.85213235435817,1.77793397563787,1.49638678426927,-0.993986382386561,-0.674490759476595,-0.674490759476595,-0.120497259862921,-0.721247493540607,-0.346360119731225,-1.0471114370079,-0.63553840558585,1.06314431744434,1.18591781885995,-0.17467581206958,0,0.598835610120519,0,0.0861229192752213,0,0,-0.392115617610091,0,0.746000799977787,-0.907807798181673,0.260480420615767,0.684151434417012,1.20296403014755
"RNA998","protein-coding-exon2",0.674490759476595,1.1414459006527,0.843113449345744,-0.547228352028181,-2.38962440500279,-0.689775272300991,-0.544952799047315,0,-0.563753470607304,2.69796303790638,6.03661882337659,1.22860779934159,0.0121529866572359,-0.844313167562222,3.11003793959269,-1.26742418356662,1.75417010706367,0.155651713725368,0,-0.609742416549427,0,0.348522267150719,0,0,2.54397452193727,0,-0.382044909336791,-0.856014375213314,0.400623455217241,0.811887025295901,1.56178113962997
"RNA999","protein-coding-exon2",0.168622689869149,-0.0778258568626838,0.216800601260334,-0.509049629793657,-1.52242199996146,2.5796313257175,5.42496044625381,30.3994168613223,183.602424945286,-0.674490759476595,6.84483215172545,-0.731195734830823,-0.376742586374314,-1.07122380640795,-0.565834193360305,-0.379763421882954,NA,1.0722673612192,0,1.21169425707821,113.091102506399,-0.824591448993319,4.70489812519319,16.8362822949949,6.54613879445376,12.3426361737969,1.02204969998577,0.600294811779358,0.565749329844198,-0.134732835532709,1.95322969660418
"RNA1000","protein-coding-exon2",1.68622689869149,0.0778258568626841,-1.56578212021352,0.852658129904375,-1.46460850629204,2.55300669047501,0.762338341836682,2.24830253158865,12.1811017756221,-0.674490759476595,21.248663141681,-1.33704362940493,0.0425354533003258,1.07607512597185,1.14191900616554,-0.285064146197128,NA,1.0722673612192,0.973037899266154,0.683493202878234,0,0.132208801978436,4.03027956852753,9.37853927947728,17.2685012624367,11.3635165083587,0.556972568974073,-1.18749228221081,2.64633535014396,0.179864202527082,2.97221514852602
