chrom	start	end	region_id	callable_bp	n_variants	mean_DAF	median_DAF	fraction_rare	variants_per_Mb_callable
chr1	11062	11247	RNA1001	0	0				
chr1	11169	11328	RNA1002	0	0				
chr1	11310	11495	RNA1003	0	0				
chr1	11320	11505	RNA1004	0	0				
chr1	11701	11794	RNA1005	0	0				
chr1	859748	859933	RNA1006	185	0				0.0
chr1	859834	860019	RNA1007	185	0				0.0
chr1	965994	966179	RNA1008	185	60	0.03496676143501342	1.4700700376124589e-05	0.95	324324.3243243243
chr1	1019268	1019361	RNA1009	93	17	2.5082623752116115e-05	0.0	1.0	182795.6989247312
chr1	1123977	1124070	RNA1010	93	10	6.095387916501452e-05	7.423700026265578e-06	1.0	107526.88172043012
chr1	1124229	1124322	RNA1011	93	22	8.486348745215109e-05	1.4698549875902245e-05	1.0	236559.13978494625
chr1	1198414	1198507	RNA1012	93	21	0.03522456535249927	0.0	0.9523809523809523	225806.4516129032
chr1	1201092	1201185	RNA1013	93	23	5.246736169362266e-05	1.4706300135003405e-05	1.0	247311.82795698926
chr1	1241769	1241862	RNA1014	93	15	1.5681319988895364e-05	1.470200004405342e-05	1.0	161290.32258064515
chr1	1292086	1292245	RNA1015	159	55	0.018204534049370766	1.4697199731017465e-05	0.9818181818181818	345911.9496855346
chr1	1383601	1383760	RNA1016	159	42	0.02671517541730714	1.4703499800816644e-05	0.9523809523809523	264150.9433962264
chr1	1384280	1384439	RNA1017	159	31	3.84644609150666e-05	0.0	1.0	194968.55345911952
chr1	1410983	1411142	RNA1018	159	0				0.0
chr1	1411138	1411297	RNA1019	159	0				0.0
chr1	1541299	1541458	RNA1020	159	64	3.0099448593994122e-05	7.349050065386109e-06	1.0	402515.7232704403
chr1	1748841	1748946	RNA1021	105	0				0.0
chr1	1784811	1785133	RNA1022	322	56	1.5486325131469362e-05	1.4698500308440998e-05	1.0	173913.04347826086
chr1	1900085	1900270	RNA1023	185	45	3.104306696412419e-05	1.4699799976369832e-05	1.0	243243.24324324325
chr1	2047579	2047967	RNA1024	388	92	0.010719773268459427	1.4698300219606608e-05	0.967391304347826	237113.40206185565
chr1	2048583	2048676	RNA1025	93	21	1.9600047683823018e-05	0.0	1.0	225806.4516129032
chr1	2311735	2311894	RNA1026	159	30	3.332604695363539e-05	1.470200004405342e-05	1.0	188679.24528301888
chr1	2958335	2958723	RNA1027	388	87	0.0006823070706423589	0.0	0.9885057471264368	224226.80412371134
chr1	3032788	3033176	RNA1028	388	91	0.003967112208696418	1.470159986638464e-05	0.978021978021978	234536.0824742268
chr1	3034306	3034694	RNA1029	388	102	0.027712434387904425	7.347549853875535e-06	0.9509803921568627	262886.59793814435
chr1	3442467	3442855	RNA1030	388	98	0.022096515587236354	1.4695050140289823e-05	0.9591836734693877	252577.31958762885
chr1	3442786	3443174	RNA1031	388	87	0.00012012188788753961	1.4696799553348685e-05	1.0	224226.80412371134
chr1	3443572	3443960	RNA1032	388	69	0.000996147102157096	1.469590006308863e-05	1.0	177835.05154639177
chr1	3613084	3613226	RNA1033	142	34	3.977251093173392e-05	1.469744984206045e-05	1.0	239436.61971830984
chr1	4097849	4098237	RNA1034	388	80	0.00013689738850643365	0.0	1.0	206185.56701030926
chr1	4182808	4182920	RNA1035	112	21	3.50080809723571e-05	1.4697199731017465e-05	1.0	187500.0
chr1	4470127	4470269	RNA1036	142	24	8.390840105221036e-05	0.0	1.0	169014.08450704225
chr1	4557568	4557710	RNA1037	142	26	7.917330794253548e-06	7.349050065386109e-06	1.0	183098.5915492958
chr1	4557712	4557854	RNA1038	142	26	0.029691570232094254	1.469549988541985e-05	0.9615384615384616	183098.5915492958
chr1	4599424	4599566	RNA1039	142	26	1.8098192168294222e-05	7.347749942709925e-06	1.0	183098.5915492958
chr1	4600666	4600808	RNA1040	142	25	0.00015344326042395366	0.0	1.0	176056.338028169
chr1	4629587	4629729	RNA1041	142	28	1.889348592547642e-05	1.4694850051455433e-05	1.0	197183.0985915493
chr1	5503637	5503779	RNA1042	142	36	0.02779779461409109	0.0	0.9722222222222222	253521.12676056338
chr1	5776142	5776247	RNA1043	105	23	2.3007865266936743e-05	1.4699399798701052e-05	1.0	219047.61904761905
chr1	5811056	5811378	RNA1044	319	76	0.02980383061642562	1.4703100077895215e-05	0.9605263157894737	238244.51410658305
chr1	5853667	5853852	RNA1045	185	45	0.04504310377398926	1.469509970775107e-05	0.9555555555555556	243243.24324324325
chr1	6101342	6101577	RNA1046	235	57	6.808186956556338e-05	0.0	1.0	242553.1914893617
chr1	6101446	6101539	RNA1047	93	21	7.349395608408687e-05	0.0	1.0	225806.4516129032
chr1	6401438	6401597	RNA1048	159	31	0.03554462212618561	1.4698100130772218e-05	0.9354838709677419	194968.55345911952
chr1	6624033	6624615	RNA1049	582	138	0.014567442409276299	1.4698300219606608e-05	0.9855072463768116	237113.40206185565
chr1	6624426	6624531	RNA1050	105	20	0.000538107743705033	1.469964990974404e-05	1.0	190476.19047619047
chr1	6706046	6706368	RNA1051	321	41	0.05393590316397444	1.4734900105395354e-05	0.926829268292683	127725.8566978193
chr1	6707820	6707925	RNA1052	105	24	1.7758203663710325e-05	0.0	1.0	228571.42857142855
chr1	6719178	6719283	RNA1053	105	17	0.026549357527929876	1.4704999557579868e-05	0.9411764705882353	161904.76190476192
chr1	6751244	6751349	RNA1054	105	21	2.031581901800928e-05	0.0	1.0	200000.0
chr1	6752488	6752593	RNA1055	105	20	0.00029839650615030535	0.0	1.0	190476.19047619047
chr1	6770495	6770817	RNA1056	322	43	0.0232729095281853	0.0	0.9767441860465116	133540.37267080747
chr1	6771793	6772115	RNA1057	322	58	0.007903440065798224	0.0	0.9827586206896551	180124.22360248448
chr1	6774841	6774946	RNA1058	105	29	0.034763642111917355	1.4745800399396105e-05	0.9655172413793104	276190.4761904762
chr1	7769789	7770111	RNA1059	322	44	2.0377754749871086e-05	1.4696999642183075e-05	1.0	136645.96273291926
chr1	7769914	7770802	RNA1060	888	134	0.00144959976014026	1.4696999642183075e-05	0.9925373134328358	150900.90090090092
chr1	7770116	7770438	RNA1061	322	48	0.004012193407201409	1.4698749964736635e-05	0.9791666666666666	149068.32298136645
chr1	7770299	7770621	RNA1062	322	46	1.6618317441376502e-05	1.4696150174131617e-05	1.0	142857.14285714284
chr1	7770462	7770784	RNA1063	322	52	1.6962496252182777e-05	0.0	1.0	161490.68322981367
chr1	7770492	7770597	RNA1064	105	16	2.1129025299155776e-05	7.348200142587302e-06	1.0	152380.9523809524
chr1	7770536	7770757	RNA1065	221	40	2.058130262411971e-05	0.0	1.0	180995.47511312217
chr1	7854427	7854614	RNA1066	178	20	0.09985708592803347	0.0	0.9	112359.55056179775
chr1	7985891	7986279	RNA1067	388	88	1.5701860217052017e-05	0.0	1.0	226804.12371134022
chr1	8251619	8251731	RNA1068	112	22	0.0008069091540247298	7.348399776674342e-06	1.0	196428.57142857142
chr1	9027142	9027254	RNA1069	112	0				0.0
chr1	9028379	9028521	RNA1070	142	0				0.0
chr1	9028673	9028785	RNA1071	112	23	0.0001431522970723601	0.0	1.0	205357.14285714284
chr1	9030981	9031093	RNA1072	112	15	1.0778006617329083e-05	0.0	1.0	133928.57142857142
chr1	9823997	9824476	RNA1073	479	160	0.011961233863513594	1.4718450074724387e-05	0.9875	334029.22755741124
chr1	9824029	9824141	RNA1074	112	50	0.020051287671813044	1.5218600310618058e-05	0.98	446428.5714285715
chr1	9824282	9824394	RNA1075	112	31	0.02928883769888465	1.4716700206918176e-05	0.967741935483871	276785.7142857143
chr1	9824730	9824842	RNA1076	112	17	1.8159399855096696e-05	1.4698500308440998e-05	1.0	151785.71428571426
chr1	10030508	10030743	RNA1077	235	25	2.002728397200887e-05	0.0	1.0	106382.97872340426
chr1	10190067	10190179	RNA1078	112	0				0.0
chr1	10631506	10632088	RNA1079	582	121	0.01667382513935366	0.0	0.9834710743801653	207903.78006872852
chr1	10799142	10799602	RNA1080	460	109	0.007181207413099681	1.4697199731017465e-05	0.9908256880733946	236956.52173913043
chr1	10855809	10856697	RNA1081	885	190	0.00040133496323553413	1.4699399798701052e-05	1.0	214689.26553672316
chr1	11005488	11005723	RNA1082	235	0				0.0
chr1	11048256	11048491	RNA1083	235	66	2.59010727693898e-05	1.4708050002809614e-05	1.0	280851.06382978725
chr1	11048943	11049178	RNA1084	235	35	0.00011448390819817839	1.4697199731017465e-05	1.0	148936.17021276595
chr1	11102160	11102395	RNA1085	235	30	2.84210535331401e-05	0.0	1.0	127659.57446808509
chr1	11105243	11105478	RNA1086	235	46	0.06473598566989218	1.470005008741282e-05	0.9347826086956522	195744.68085106384
chr1	11267536	11267771	RNA1087	235	54	1.4159146303427406e-05	7.349699899350526e-06	1.0	229787.2340425532
chr1	11267715	11268294	RNA1088	579	38	0.0006886520461768234	1.4699199709866662e-05	1.0	65630.39723661487
chr1	11537916	11538498	RNA1089	582	143	0.04721878757080722	1.469509970775107e-05	0.9440559440559441	245704.46735395188
chr1	11538713	11538934	RNA1090	221	26	1.5265403887427125e-05	1.4698100130772218e-05	1.0	117647.05882352941
chr1	11603329	11603911	RNA1091	580	119	0.0014179308891547418	1.4697199731017465e-05	0.9915966386554622	205172.41379310345
chr1	11605595	11606177	RNA1092	582	105	0.01162510375803928	1.469590006308863e-05	0.9809523809523809	180412.37113402062
chr1	11614638	11615220	RNA1093	582	90	0.01755454779817632	1.4696799553348685e-05	0.9777777777777777	154639.17525773196
chr1	11616417	11616999	RNA1094	582	120	0.008416514774065333	1.4697199731017465e-05	0.9916666666666667	206185.56701030926
chr1	11619589	11619694	RNA1095	105	24	1.9008637536894823e-05	0.0	1.0	228571.42857142855
chr1	11731893	11732475	RNA1096	579	115	0.0087807134500785	1.4697699953103438e-05	0.991304347826087	198618.30742659757
chr1	11732834	11733722	RNA1097	888	174	0.015094762200580336	0.0	0.9770114942528736	195945.94594594595
chr1	11756996	11757884	RNA1098	888	161	0.006241041533030509	0.0	0.9937888198757764	181306.3063063063
chr1	11757050	11757372	RNA1099	322	49	0.02042046129799371	0.0	0.9795918367346939	152173.91304347827
chr1	11760246	11761134	RNA1100	881	135	0.007729890769722393	1.4697699953103438e-05	0.9925925925925926	153234.9602724177
chr1	11851493	11852381	RNA1101	888	186	0.014062376848972147	0.0	0.9838709677419355	209459.45945945947
chr1	11851687	11851874	RNA1102	187	36	0.01681264455292977	0.0	0.9722222222222222	192513.36898395722
chr1	11865054	11865942	RNA1103	888	189	0.018783278438243695	1.4696799553348685e-05	0.9682539682539683	212837.83783783784
chr1	11929524	11930412	RNA1104	887	149	0.0012345183814499057	0.0	0.9865771812080537	167981.96166854564
chr1	12150690	12150925	RNA1105	230	38	0.000729216208152424	1.4696800008096034e-05	1.0	165217.3913043478
chr1	12512312	12512533	RNA1106	221	54	2.96733942546013e-05	0.0	1.0	244343.89140271491
chr1	12513472	12513693	RNA1107	221	36	0.028107239284205807	0.0	0.9722222222222222	162895.92760180996
chr1	12514606	12514827	RNA1108	221	50	6.938403259481962e-05	1.4697199731017465e-05	1.0	226244.3438914027
chr1	12544721	12544942	RNA1109	221	42	0.00017677473418924758	7.347300197579898e-06	1.0	190045.24886877826
chr1	12549327	12549548	RNA1110	221	56	0.027960793339405297	1.4697699953103438e-05	0.9642857142857143	253393.66515837103
chr1	12631429	12632011	RNA1111	582	103	0.009035967709625534	0.0	0.9902912621359223	176975.94501718215
chr1	12633412	12633633	RNA1112	221	63	0.00014660793453552174	1.4702900443808176e-05	1.0	285067.8733031674
chr1	12697792	12697979	RNA1113	187	0				0.0
chr1	12813734	12813921	RNA1114	187	0				0.0
chr1	12819873	12820060	RNA1115	187	0				0.0
chr1	12821009	12821897	RNA1116	888	0				0.0
chr1	12878091	12878278	RNA1117	187	0				0.0
chr1	12878455	12878642	RNA1118	187	0				0.0
chr1	12925160	12925347	RNA1119	187	0				0.0
chr1	13068474	13068664	RNA1120	190	0				0.0
chr1	13348609	13349088	RNA1121	468	0				0.0
chr1	13520284	13520505	RNA1122	221	43	0.02400586832733774	1.4697699953103438e-05	0.9767441860465116	194570.13574660633
chr1	13825166	13825353	RNA1123	187	28	0.0627722203864453	1.4698300219606608e-05	0.9285714285714286	149732.6203208556
chr1	13870646	13871125	RNA1124	479	101	0.048074737174045916	0.0	0.9405940594059405	210855.94989561586
chr1	13875437	13875549	RNA1125	112	27	0.00021718672791461288	0.0	1.0	241071.42857142858
chr1	13879906	13880385	RNA1126	477	112	0.012721189817739285	1.469744984206045e-05	0.9732142857142857	234800.83857442348
chr1	13880639	13881118	RNA1127	479	113	0.011253926816422297	0.0	0.9734513274336283	235908.1419624217
chr1	15220916	15221395	RNA1128	479	81	0.03488169681756439	0.0	0.9629629629629629	169102.29645093947
chr1	15221197	15221657	RNA1129	460	73	0.013787219777254466	1.4696400285174605e-05	0.9863013698630136	158695.65217391305
chr1	15221717	15221890	RNA1130	173	20	0.050038973265145614	1.4705399735248648e-05	0.95	115606.93641618497
chr1	15221735	15222214	RNA1131	479	83	0.022467387554066392	1.4698500308440998e-05	0.9397590361445783	173277.6617954071
chr1	15224179	15224658	RNA1132	479	91	0.02690705051867513	1.4697699953103438e-05	0.967032967032967	189979.12317327768
chr1	15225406	15225985	RNA1133	574	113	0.021477387620700384	0.0	0.9557522123893806	196864.11149825784
chr1	15430466	15430676	RNA1134	210	0				0.0
chr1	15431354	15431473	RNA1135	119	0				0.0
chr1	15431362	15431841	RNA1136	479	0				0.0
chr1	15669665	15670125	RNA1137	460	85	0.01624932566015452	0.0	0.9764705882352941	184782.60869565216
chr1	15679130	15679590	RNA1138	460	56	0.013277760840862482	1.4696349808218656e-05	0.9821428571428571	121739.13043478261
chr1	15679997	15680457	RNA1139	460	80	0.01588077240382972	1.4696799553348685e-05	0.975	173913.04347826086
chr1	15751961	15752421	RNA1140	460	101	2.2436531631536713e-05	1.4700300198455809e-05	1.0	219565.21739130435
chr1	15754331	15754791	RNA1141	460	70	0.02104594434076716	1.470159986638464e-05	0.9714285714285714	152173.91304347827
chr1	15803499	15803959	RNA1142	460	86	0.0073976927874460875	1.4698999621032272e-05	0.9767441860465116	186956.52173913043
chr1	16084801	16085380	RNA1143	573	44	0.02276362400934059	7.347950031544315e-06	0.9772727272727273	76788.83071553228
chr1	16097913	16098148	RNA1144	233	0				0.0
chr1	16121613	16122192	RNA1145	579	115	0.015024319763103013	1.4696799553348685e-05	0.9739130434782609	198618.30742659757
chr1	16123586	16124165	RNA1146	579	129	0.0001232862443796927	1.4696400285174605e-05	1.0	222797.9274611399
chr1	16189382	16189961	RNA1147	570	119	0.006319278544338394	1.4700700376124589e-05	0.9831932773109243	208771.9298245614
chr1	16190235	16190814	RNA1148	576	121	0.01654508263119387	0.0	0.9752066115702479	210069.44444444444
chr1	16197014	16197593	RNA1149	579	110	0.012493793540439085	0.0	0.9727272727272728	189982.72884283247
chr1	16460116	16460698	RNA1150	582	0				0.0
chr1	16737317	16738205	RNA1151	0	0				
chr1	16738800	16739260	RNA1152	0	0				
chr1	17054036	17054120	RNA1153	84	22	2.0041409036568786e-05	1.4696150174131617e-05	1.0	261904.76190476192
chr1	17066124	17066314	RNA1154	188	35	0.03138002650482251	0.0	0.9428571428571428	186170.21276595743
chr1	17152143	17152722	RNA1155	579	113	0.01617643831371352	1.4697699953103438e-05	0.9823008849557522	195164.07599309154
chr1	17402552	17402773	RNA1156	221	35	0.02864873055937745	1.4702900443808176e-05	0.9714285714285714	158371.0407239819
chr1	17753504	17753691	RNA1157	187	31	0.0322798754779151	0.0	0.967741935483871	165775.4010695187
chr1	17974021	17974211	RNA1158	190	37	1.1539962100426704e-05	1.4706300135003405e-05	1.0	194736.84210526315
chr1	18062098	18062288	RNA1159	190	31	0.0004418697855374222	1.4698999621032272e-05	1.0	163157.8947368421
chr1	18064970	18065160	RNA1160	190	51	0.00018531111712874254	0.0	1.0	268421.05263157893
chr1	18075051	18075241	RNA1161	190	25	1.3529708157875575e-05	1.4698999621032272e-05	1.0	131578.94736842104
chr1	18081198	18081371	RNA1162	173	41	0.0005316113864221399	1.4697199731017465e-05	1.0	236994.21965317917
chr1	18081532	18081722	RNA1163	190	32	0.023340788800368273	7.348200142587302e-06	0.96875	168421.05263157893
chr1	18107457	18107647	RNA1164	190	34	0.008322925194025785	0.0	0.9705882352941176	178947.36842105264
chr1	18748968	18749172	RNA1165	204	37	0.00041035692614772	1.4696799553348685e-05	1.0	181372.54901960783
chr1	19068582	19068755	RNA1166	173	28	0.004239512530505504	0.0	0.9642857142857143	161849.71098265896
chr1	19068618	19068808	RNA1167	190	34	0.0036240702423075296	7.347950031544315e-06	0.9705882352941176	178947.36842105264
chr1	19068822	19068995	RNA1168	173	32	0.005235592274800633	0.0	0.96875	184971.09826589594
chr1	19070438	19070611	RNA1169	173	35	1.679673101274833e-05	0.0	1.0	202312.1387283237
chr1	19263942	19264093	RNA1170	151	23	1.5337051991079985e-05	0.0	1.0	152317.88079470198
chr1	19264132	19264305	RNA1171	173	38	3.251860047576104e-05	1.469984999857843e-05	1.0	219653.17919075146
chr1	19264574	19264693	RNA1172	119	19	8.539657803914069e-06	0.0	1.0	159663.86554621847
chr1	19265024	19265197	RNA1173	173	23	1.3421513042134313e-05	0.0	1.0	132947.9768786127
chr1	19334447	19334620	RNA1174	173	22	0.002190510907274234	0.0	1.0	127167.63005780346
chr1	19335470	19335680	RNA1175	205	20	0.0024594689296918606	7.351849944825517e-06	1.0	97560.9756097561
chr1	19338130	19338609	RNA1176	479	117	0.008560577432400993	0.0	0.9914529914529915	244258.87265135697
chr1	20121140	20121259	RNA1177	119	21	5.598452368022186e-06	0.0	1.0	176470.58823529413
chr1	20215520	20215730	RNA1178	210	31	9.956916103199606e-06	0.0	1.0	147619.04761904763
chr1	20216616	20216826	RNA1179	210	35	0.02858192749725796	1.4696400285174605e-05	0.9714285714285714	166666.66666666666
chr1	20217757	20217930	RNA1180	173	25	1.1764684059016872e-05	0.0	1.0	144508.67052023122
chr1	20219133	20219252	RNA1181	119	18	0.05577353942918409	0.0	0.9444444444444444	151260.50420168065
chr1	20219660	20219779	RNA1182	118	27	0.036926953522096385	1.469590006308863e-05	0.9629629629629629	228813.5593220339
chr1	20220204	20220414	RNA1183	210	31	3.3663989362988195e-05	1.469549988541985e-05	1.0	147619.04761904763
chr1	20432436	20432555	RNA1184	119	26	0.00042122572981146604	1.4698549875902245e-05	1.0	218487.3949579832
chr1	20433111	20433230	RNA1185	119	29	0.011029040286616533	0.0	0.9655172413793104	243697.47899159664
chr1	20433177	20433387	RNA1186	210	38	0.00013504950909822878	0.0	1.0	180952.38095238095
chr1	20433663	20433782	RNA1187	95	12	0.10331347523682173	1.8642750546860043e-05	0.8333333333333334	126315.78947368421
chr1	20440716	20440926	RNA1188	210	37	0.027103301970438788	1.4696799553348685e-05	0.972972972972973	176190.4761904762
chr1	20555457	20555667	RNA1189	210	42	1.6798009363853826e-05	0.0	1.0	200000.0
chr1	20737086	20737546	RNA1190	459	88	1.625668054120024e-05	0.0	1.0	191721.13289760347
chr1	20795348	20795927	RNA1191	579	124	0.00810283156314536	0.0	0.9919354838709677	214162.34887737478
chr1	21178248	21178332	RNA1192	84	18	7.349911053703788e-06	0.0	1.0	214285.71428571426
chr1	21202645	21202764	RNA1193	119	26	2.8284968930858028e-05	0.0	1.0	218487.3949579832
chr1	21428033	21428243	RNA1194	208	0				0.0
chr1	21939658	21939742	RNA1195	84	14	0.00024262494084073533	7.349250154220499e-06	1.0	166666.66666666666
chr1	21974168	21974252	RNA1196	84	17	4.322553008130267e-05	0.0	1.0	202380.9523809524
chr1	21974250	21974334	RNA1197	84	25	0.07306919048860436	1.4704200111737007e-05	0.92	297619.04761904763
chr1	22107692	22107776	RNA1198	84	21	0.004151816920706804	1.4698500308440998e-05	0.9523809523809523	250000.0
chr1	22109261	22109345	RNA1199	84	14	3.255267828145587e-05	7.349250154220499e-06	1.0	166666.66666666666
chr1	22114372	22114456	RNA1200	84	17	0.005111272960568699	1.4697699953103438e-05	0.9411764705882353	202380.9523809524
chr1	22630668	22630872	RNA1201	203	53	0.00010760873822120958	0.0	1.0	261083.74384236455
chr1	23004490	23004574	RNA1202	84	18	1.6338138670509617e-05	0.0	1.0	214285.71428571426
chr1	23010564	23010754	RNA1203	190	34	0.0049477375850448604	1.4706300135003405e-05	0.9705882352941176	178947.36842105264
chr1	23187165	23187316	RNA1204	151	35	0.03364779658958079	1.4697699953103438e-05	0.9428571428571428	231788.07947019866
chr1	23487083	23487287	RNA1205	199	57	0.0026593121925192463	1.5021800209069625e-05	0.9649122807017544	286432.1608040201
chr1	23489931	23490135	RNA1206	204	42	0.0027907686876893546	7.347549853875535e-06	0.9761904761904762	205882.35294117645
chr1	23491992	23492196	RNA1207	204	31	0.03141516909627465	1.4710600225953384e-05	0.967741935483871	151960.78431372548
chr1	23868344	23868548	RNA1208	204	43	0.004457749059267453	0.0	0.9534883720930233	210784.3137254902
chr1	23869355	23869862	RNA1209	501	101	8.698782548349887e-05	1.470460028940579e-05	1.0	201596.80638722554
chr1	23869960	23870164	RNA1210	204	32	7.901196420334459e-05	0.0	1.0	156862.74509803922
chr1	23870060	23870264	RNA1211	204	40	0.014379281799369892	7.349050065386109e-06	0.975	196078.431372549
chr1	24113435	24113586	RNA1212	151	25	0.017344803449304887	0.0	0.96	165562.9139072848
chr1	24192069	24192242	RNA1213	173	26	0.005424077842655186	0.0	0.9615384615384616	150289.01734104048
chr1	24192316	24192467	RNA1214	151	32	7.855698817138533e-05	7.348599865508732e-06	1.0	211920.5298013245
chr1	24192820	24192971	RNA1215	151	36	0.004082820582577059	0.0	0.9722222222222222	238410.59602649006
chr1	24477857	24478008	RNA1216	151	0				0.0
chr1	24477910	24478061	RNA1217	151	0				0.0
chr1	24478654	24478805	RNA1218	149	0				0.0
chr1	24609562	24609766	RNA1219	203	34	0.06639578524739001	1.4818450381426373e-05	0.9117647058823529	167487.68472906403
chr1	25211047	25211198	RNA1220	151	24	2.69509792284804e-05	0.0	1.0	158940.3973509934
chr1	25216598	25216808	RNA1221	210	47	2.409046573255619e-05	1.4699399798701052e-05	1.0	223809.52380952382
chr1	25217330	25217449	RNA1222	119	17	1.2105129559024457e-05	0.0	1.0	142857.14285714284
chr1	25789253	25790046	RNA1223	793	121	0.02286571593389799	0.0	0.9752066115702479	152585.11979823455
chr1	26874298	26874382	RNA1224	84	15	1.7643800007742053e-05	1.4703299711982254e-05	1.0	178571.42857142858
chr1	27638781	27639288	RNA1225	507	85	0.023325756364005537	1.4697699953103438e-05	0.9764705882352941	167652.85996055228
chr1	28543530	28544037	RNA1226	507	118	0.020116544244578784	1.470005008741282e-05	0.9745762711864406	232741.61735700196
chr1	28546549	28547056	RNA1227	507	108	0.010012523624136852	0.0	0.9907407407407407	213017.75147928996
chr1	28549455	28549659	RNA1228	204	31	0.0005357472479567302	0.0	1.0	151960.78431372548
chr1	28552041	28552548	RNA1229	507	103	0.012610981338219819	1.4706700312672185e-05	0.9805825242718447	203155.81854043395
chr1	29124723	29124816	RNA1230	93	20	2.3554405106544656e-05	0.0	1.0	215053.76344086023
chr1	29140971	29141478	RNA1231	506	0				0.0
chr1	29141350	29141857	RNA1232	507	0				0.0
chr1	29143521	29144028	RNA1233	505	110	0.01497598416807787	1.4712400115968194e-05	0.9818181818181818	217821.7821782178
chr1	29192483	29192634	RNA1234	151	30	3.03786736064131e-05	0.0	1.0	198675.4966887417
chr1	29597210	29597717	RNA1235	507	81	0.001995109024830052	0.0	0.9876543209876543	159763.31360946747
chr1	29719344	29720137	RNA1236	793	158	0.013317500287721024	0.0	0.9873417721518988	199243.37957124843
chr1	30656800	30657257	RNA1237	457	113	0.017782123967373453	1.4696400285174605e-05	0.9823008849557522	247264.77024070022
chr1	30658187	30658298	RNA1238	111	15	0.07148161840032116	1.4697699953103438e-05	0.9333333333333333	135135.13513513515
chr1	30659216	30660009	RNA1239	793	163	0.0066486911822989355	1.4698999621032272e-05	0.9938650306748467	205548.54981084488
chr1	30687285	30688078	RNA1240	793	185	0.003462204211236155	1.4696799553348685e-05	0.9891891891891892	233291.29886506934
chr1	30688622	30689415	RNA1241	793	172	0.0027512656935424805	1.4698300219606608e-05	0.9883720930232558	216897.85624211855
chr1	30757844	30758637	RNA1242	793	175	0.009997812654832417	1.4694600395159796e-05	0.9771428571428571	220680.95838587644
chr1	30758401	30759194	RNA1243	793	155	0.01052350324966204	0.0	0.9741935483870968	195460.27742749054
chr1	30821140	30821933	RNA1244	793	157	0.012621180419115653	1.4697199731017465e-05	0.9681528662420382	197982.34552332913
chr1	31723585	31724378	RNA1245	793	165	0.024193075427082836	0.0	0.9757575757575757	208070.6179066835
chr1	32456580	32456879	RNA1246	299	58	0.015228934678330475	1.4696799553348685e-05	0.9827586206896551	193979.9331103679
chr1	32873726	32873819	RNA1247	93	21	2.8005776671521093e-05	0.0	1.0	225806.4516129032
chr1	33238052	33238532	RNA1248	458	79	0.01243814298512789	1.469590006308863e-05	0.9746835443037974	172489.08296943232
chr1	33512923	33513430	RNA1249	489	62	0.012158580591682448	0.0	0.9516129032258065	126789.36605316974
chr1	33513053	33513146	RNA1250	93	8	0.0	0.0	1.0	86021.5053763441
chr1	33513063	33513156	RNA1251	93	8	3.6786375403607963e-06	0.0	1.0	86021.5053763441
chr1	33513815	33513908	RNA1252	93	18	2.287041671580087e-05	1.4697900041937828e-05	1.0	193548.38709677418
chr1	34165976	34166069	RNA1253	93	18	0.00013400603731699234	7.349499810516136e-06	1.0	193548.38709677418
chr1	34166005	34166098	RNA1254	93	21	0.00011416226533626492	0.0	1.0	225806.4516129032
chr1	34166266	34166359	RNA1255	93	12	5.520214343353151e-05	1.4696599919261644e-05	1.0	129032.25806451612
chr1	34166530	34166708	RNA1256	178	39	0.00012607103608621727	0.0	1.0	219101.12359550563
chr1	34310311	34310422	RNA1257	111	32	0.03129917839879681	7.35100002202671e-06	0.96875	288288.2882882883
chr1	34694893	34695350	RNA1258	457	113	0.025765973543135277	0.0	0.9734513274336283	247264.77024070022
chr1	34864940	34865033	RNA1259	93	20	0.0002491896510036861	0.0	1.0	215053.76344086023
chr1	34971500	34971611	RNA1260	111	12	6.12525847524618e-06	0.0	1.0	108108.10810810812
chr1	34971627	34971738	RNA1261	111	18	1.959903875103622e-05	0.0	1.0	162162.16216216216
chr1	34972358	34972469	RNA1262	111	14	3.9887814831925775e-05	7.347749942709925e-06	1.0	126126.12612612611
chr1	35567910	35568021	RNA1263	111	26	0.0001865846110236924	7.347300197579898e-06	1.0	234234.23423423423
chr1	35568056	35568167	RNA1264	111	27	1.5788718378137753e-05	0.0	1.0	243243.24324324325
chr1	35568388	35568499	RNA1265	111	16	6.707738754129647e-05	1.4698749964736635e-05	1.0	144144.14414414414
chr1	35568399	35568856	RNA1266	457	77	0.00020472688072016107	1.4697199731017465e-05	1.0	168490.15317286653
chr1	35568842	35569299	RNA1267	457	74	2.999341989600863e-05	7.347300197579898e-06	1.0	161925.60175054704
chr1	35568916	35569373	RNA1268	457	74	2.3437214524065168e-05	0.0	1.0	161925.60175054704
chr1	35645388	35645845	RNA1269	457	69	0.00010908054197067416	1.4697199731017465e-05	1.0	150984.68271334792
chr1	35649634	35650091	RNA1270	457	90	0.011139532705045791	0.0	0.9888888888888889	196936.54266958425
chr1	35657593	35658050	RNA1271	457	78	0.013064772898710188	1.469724975322606e-05	0.9871794871794872	170678.33698030634
chr1	35719266	35720059	RNA1272	786	124	0.024842565671618893	7.347100108745508e-06	0.967741935483871	157760.81424936387
chr1	36338813	36338924	RNA1273	111	33	1.915930600013903e-05	1.4701099644298664e-05	1.0	297297.29729729734
chr1	36465530	36465829	RNA1274	299	52	0.02102764150112517	0.0	0.9615384615384616	173913.04347826086
chr1	36578719	36579176	RNA1275	457	89	0.0007302646389168292	0.0	0.9887640449438202	194748.35886214444
chr1	37152948	37153247	RNA1276	299	58	0.0009350234383167968	0.0	0.9827586206896551	193979.9331103679
chr1	37153178	37153477	RNA1277	299	66	0.0010725189831370645	0.0	0.9848484848484849	220735.78595317726
chr1	37154016	37154496	RNA1278	480	82	0.021932966108557234	0.0	0.9634146341463414	170833.33333333334
chr1	37154286	37154585	RNA1279	299	50	0.014830000898928117	0.0	0.98	167224.08026755851
chr1	37486020	37486319	RNA1280	299	69	0.005612723632204001	1.4699799976369832e-05	0.9855072463768116	230769.23076923078
chr1	37489527	37489826	RNA1281	299	55	0.018208276892503567	1.469590006308863e-05	0.9818181818181818	183946.48829431436
chr1	37556597	37556896	RNA1282	299	66	0.02205172478906289	0.0	0.9696969696969697	220735.78595317726
chr1	37802273	37802451	RNA1283	178	40	0.025016187264918704	7.350150099227904e-06	0.975	224719.1011235955
chr1	37947234	37947714	RNA1284	480	94	1.7516264777324347e-05	0.0	1.0	195833.33333333334
chr1	38034177	38034657	RNA1285	480	79	0.00019879316370193274	0.0	1.0	164583.33333333334
chr1	38041208	38041688	RNA1286	480	83	0.0014310880006490436	0.0	1.0	172916.66666666666
chr1	38276813	38277112	RNA1287	299	57	0.007179742323754459	1.4697199731017465e-05	0.9824561403508771	190635.45150501674
chr1	38278869	38279349	RNA1288	480	77	0.0005228585672881146	1.4698500308440998e-05	1.0	160416.6666666667
chr1	38288291	38288771	RNA1289	480	90	7.889847770962059e-05	1.4697199731017465e-05	1.0	187500.0
chr1	38295536	38296016	RNA1290	480	98	8.520123328150911e-05	1.4696150174131617e-05	1.0	204166.66666666666
chr1	38730609	38730787	RNA1291	178	35	0.02890659395195273	1.4697199731017465e-05	0.9714285714285714	196629.21348314607
chr1	38730695	38730952	RNA1292	257	51	0.020045954068622196	0.0	0.9803921568627451	198443.57976653695
chr1	38732808	38732934	RNA1293	126	22	0.04441495138797274	0.0	0.9545454545454546	174603.1746031746
chr1	38832826	38832919	RNA1294	93	16	6.61628670286506e-05	7.349899988184916e-06	1.0	172043.0107526882
chr1	38836339	38836517	RNA1295	178	47	0.016093572551924687	1.4706300135003405e-05	0.9574468085106383	264044.9438202247
chr1	38836478	38836958	RNA1296	468	84	0.004318190668419397	1.4698500308440998e-05	0.9761904761904762	179487.1794871795
chr1	38837701	38837879	RNA1297	173	33	1.021201511651849e-05	0.0	1.0	190751.44508670518
chr1	39578382	39578560	RNA1298	178	40	1.4699270059281632e-05	0.0	1.0	224719.1011235955
chr1	39598747	39598925	RNA1299	178	27	0.03712523583329096	1.4696799553348685e-05	0.9629629629629629	151685.39325842698
chr1	39600111	39600289	RNA1300	178	20	0.00020488649079197595	7.349250154220499e-06	1.0	112359.55056179775
chr1	39902930	39903108	RNA1301	178	34	0.0016615495445180572	1.469724975322606e-05	1.0	191011.23595505618
chr1	40342242	40342353	RNA1302	101	12	8.396480613251074e-05	1.470159986638464e-05	1.0	118811.8811881188
chr1	40551032	40551489	RNA1303	455	58	0.00387037503260844	0.0	0.9827586206896551	127472.52747252746
chr1	42056372	42056555	RNA1304	183	33	3.696923335099664e-05	1.4696799553348685e-05	1.0	180327.868852459
chr1	42360280	42360537	RNA1305	254	38	0.00018541087063950402	1.4709949937241618e-05	1.0	149606.29921259845
chr1	42426396	42426522	RNA1306	126	13	0.07693664567705127	1.4697199731017465e-05	0.9230769230769231	103174.60317460317
chr1	42428328	42428627	RNA1307	299	41	0.0006649036835724684	1.470159986638464e-05	1.0	137123.745819398
chr1	42921301	42921781	RNA1308	480	88	0.0064318393264722355	0.0	0.9886363636363636	183333.3333333333
chr1	43279806	43280063	RNA1309	257	52	5.513356214018375e-05	1.4699799976369832e-05	1.0	202334.63035019455
chr1	43331864	43331990	RNA1310	126	13	2.940018447798151e-05	1.4704200111737007e-05	1.0	103174.60317460317
chr1	43332930	43333187	RNA1311	252	51	3.323648814008845e-05	1.470200004405342e-05	1.0	202380.9523809524
chr1	43335261	43335518	RNA1312	257	59	0.028435608840805728	1.470159986638464e-05	0.9661016949152542	229571.98443579767
chr1	43336416	43336542	RNA1313	126	19	2.399244730392027e-05	1.470200004405342e-05	1.0	150793.6507936508
chr1	43337039	43337165	RNA1314	126	15	1.1758340042433701e-05	0.0	1.0	119047.61904761904
chr1	43457142	43457268	RNA1315	126	21	0.04762464735237396	0.0	0.9523809523809523	166666.66666666666
chr1	43457454	43457711	RNA1316	257	62	5.8578519964345784e-05	1.4698549875902245e-05	1.0	241245.13618677043
chr1	43457827	43457953	RNA1317	126	23	0.04364700577456381	1.4698100130772218e-05	0.9565217391304348	182539.68253968252
chr1	43460136	43460393	RNA1318	257	53	0.001166420077081637	0.0	1.0	206225.68093385213
chr1	43462638	43462895	RNA1319	257	44	0.023465812687556365	1.4694850051455433e-05	0.9772727272727273	171206.22568093386
chr1	43517258	43517384	RNA1320	126	23	1.9812060758261435e-05	1.4696799553348685e-05	1.0	182539.68253968252
chr1	43643501	43643679	RNA1321	178	41	0.006023830559304146	0.0	0.975609756097561	230337.0786516854
chr1	44361536	44361793	RNA1322	257	42	1.644988088584728e-05	7.348200142587302e-06	1.0	163424.12451361868
chr1	44404665	44404791	RNA1323	126	19	9.285036915236178e-06	0.0	1.0	150793.6507936508
chr1	45761084	45761267	RNA1324	183	0				0.0
chr1	46521384	46521578	RNA1325	194	27	0.007951093383679915	1.4698500308440998e-05	0.9629629629629629	139175.25773195876
chr1	46617449	46617632	RNA1326	183	38	8.51268774136978e-05	0.0	1.0	207650.27322404372
chr1	46626884	46627067	RNA1327	183	27	4.028443756261117e-05	1.4696799553348685e-05	1.0	147540.98360655736
chr1	46628101	46628284	RNA1328	181	35	0.00021587234631234288	1.4727999769093005e-05	1.0	193370.16574585636
chr1	46728685	46728868	RNA1329	183	33	7.260633653706248e-05	0.0	1.0	180327.868852459
chr1	46728896	46729079	RNA1330	183	44	0.0060994567243555535	1.4700449810334248e-05	0.9772727272727273	240437.15846994534
chr1	46756256	46756439	RNA1331	183	36	0.027809629430622502	0.0	0.9722222222222222	196721.31147540984
chr1	47728114	47728297	RNA1332	183	35	0.05166247687086848	1.4696400285174605e-05	0.9428571428571428	191256.8306010929
chr1	48294783	48294909	RNA1333	126	19	1.1605668461063474e-05	0.0	1.0	150793.6507936508
chr1	48294788	48295045	RNA1334	257	47	0.0002814596808170874	0.0	1.0	182879.3774319066
chr1	50433027	50433221	RNA1335	194	32	0.09376515850934197	1.4699599887535442e-05	0.90625	164948.45360824742
chr1	51279417	51279611	RNA1336	194	29	0.0004313308358930491	1.4698500308440998e-05	1.0	149484.53608247422
chr1	51279558	51279752	RNA1337	194	33	0.05187038807448654	1.470200004405342e-05	0.9393939393939394	170103.09278350516
chr1	51279689	51279883	RNA1338	194	32	0.02499998102524614	7.347950031544315e-06	0.96875	164948.45360824742
chr1	51279888	51280071	RNA1339	183	45	2.2879962812614974e-05	0.0	1.0	245901.63934426228
chr1	51880595	51880789	RNA1340	194	32	0.0636687682899435	0.0	0.90625	164948.45360824742
chr1	51881294	51881488	RNA1341	194	28	0.0209524239962775	1.470220013288781e-05	0.9642857142857143	144329.8969072165
chr1	51885224	51885418	RNA1342	194	33	0.0012180603161223967	0.0	1.0	170103.09278350516
chr1	52596711	52596905	RNA1343	194	28	0.002243038383929677	0.0	0.9642857142857143	144329.8969072165
chr1	55064919	55065113	RNA1344	194	29	0.0002752554399131492	1.4698100130772218e-05	1.0	149484.53608247422
chr1	56821305	56821497	RNA1345	192	34	0.0049772559299633545	1.4698300219606608e-05	0.9705882352941176	177083.33333333334
chr1	60306943	60307135	RNA1346	192	29	6.242979145161645e-05	0.0	1.0	151041.66666666666
chr1	60307341	60307533	RNA1347	192	42	0.02394198297826646	1.4741850009158952e-05	0.9761904761904762	218750.0
chr1	60308241	60308433	RNA1348	192	37	2.7445251558868204e-05	0.0	1.0	192708.33333333334
chr1	60311689	60311881	RNA1349	192	46	1.664018695326018e-05	1.4706700312672185e-05	1.0	239583.33333333334
chr1	61462817	61463009	RNA1350	192	51	2.1614358689366664e-05	1.469590006308863e-05	1.0	265625.0
chr1	61465984	61466176	RNA1351	192	33	0.00031941848059927655	1.4696400285174605e-05	1.0	171875.0
chr1	61467270	61467462	RNA1352	166	2	0.0	0.0	1.0	12048.192771084337
chr1	62180968	62181160	RNA1353	192	37	0.02456345321887646	0.0	0.9459459459459459	192708.33333333334
chr1	64183694	64183843	RNA1354	149	25	0.0004903688262493156	1.4697199731017465e-05	1.0	167785.23489932888
chr1	65417530	65417722	RNA1355	192	32	1.837411895166841e-05	1.4696999642183075e-05	1.0	166666.66666666666
chr1	68236935	68237084	RNA1356	149	30	1.8618040242772646e-05	0.0	1.0	201342.2818791946
chr1	68677266	68677363	RNA1357	97	26	1.4145942469230458e-05	0.0	1.0	268041.23711340205
chr1	68959276	68959425	RNA1358	149	22	2.138044051620809e-05	0.0	1.0	147651.0067114094
chr1	68963960	68964109	RNA1359	149	0				0.0
chr1	68966041	68966190	RNA1360	149	27	8.166252040677204e-06	0.0	1.0	181208.05369127516
chr1	69566943	69567092	RNA1361	135	27	0.03705154536287914	0.0	0.9629629629629629	200000.0
chr1	69567158	69567307	RNA1362	149	30	1.960180658594682e-05	1.4699399798701052e-05	1.0	201342.2818791946
chr1	69567170	69567319	RNA1363	149	35	1.8902145607819516e-05	1.4699799976369832e-05	1.0	234899.3288590604
chr1	70254515	70254664	RNA1364	146	22	8.831810782794021e-05	1.4848050341242924e-05	1.0	150684.9315068493
chr1	72900574	72900671	RNA1365	97	0				0.0
chr1	73616709	73616806	RNA1366	97	22	1.7373527291717686e-05	1.4698749964736635e-05	1.0	226804.12371134022
chr1	73621378	73621475	RNA1367	97	23	1.7907504195096226e-05	0.0	1.0	237113.40206185565
chr1	73622873	73622970	RNA1368	97	31	0.03227657325791252	1.4704999557579868e-05	0.967741935483871	319587.6288659794
chr1	73746000	73746097	RNA1369	97	23	3.5803961430282496e-05	0.0	1.0	237113.40206185565
chr1	73749249	73749346	RNA1370	97	16	0.0001250257842570998	7.353150067501702e-06	1.0	164948.45360824742
chr1	73781933	73782030	RNA1371	97	18	1.0618827774224985e-05	0.0	1.0	185567.01030927835
chr1	73989114	73989263	RNA1372	149	24	3.188371200242913e-05	1.470674988013343e-05	1.0	161073.8255033557
chr1	74768538	74768635	RNA1373	97	18	6.536311047966592e-06	0.0	1.0	185567.01030927835
chr1	78218873	78218970	RNA1374	94	28	1.2334485778150597e-05	0.0	1.0	297872.3404255319
chr1	79407344	79407964	RNA1375	620	136	0.010167560552464663	7.348849976551719e-06	0.9852941176470589	219354.83870967742
chr1	81260026	81260646	RNA1376	620	123	0.012239583960622918	1.469590006308863e-05	0.975609756097561	198387.09677419355
chr1	81260136	81260756	RNA1377	613	118	0.012775643979231538	1.4696599919261644e-05	0.9745762711864406	192495.92169657422
chr1	81261331	81261951	RNA1378	619	121	0.021294855430778997	0.0	0.9669421487603306	195476.5751211632
chr1	81261453	81262073	RNA1379	619	130	0.02425317602690204	0.0	0.9538461538461539	210016.155088853
chr1	84005237	84005857	RNA1380	620	123	0.008495202274366969	1.469590006308863e-05	0.983739837398374	198387.09677419355
chr1	84005435	84006055	RNA1381	620	120	0.011322706843066039	0.0	0.9666666666666667	193548.38709677418
chr1	84007183	84007803	RNA1382	620	120	0.008259710054335298	0.0	0.9833333333333333	193548.38709677418
chr1	84007891	84007977	RNA1383	86	13	1.8097084648614083e-05	0.0	1.0	151162.7906976744
chr1	84803444	84804064	RNA1384	620	118	0.01755189732838809	1.469549988541985e-05	0.9830508474576272	190322.58064516127
chr1	86819956	86820042	RNA1385	86	0				0.0
chr1	86841859	86842379	RNA1386	520	69	0.0023765864558642344	1.4699399798701052e-05	0.9855072463768116	132692.3076923077
chr1	87293933	87294019	RNA1387	86	21	1.0501414397454245e-05	1.4696799553348685e-05	1.0	244186.0465116279
chr1	87350418	87350504	RNA1388	86	15	0.0661373788831649	1.4698500308440998e-05	0.9333333333333333	174418.6046511628
chr1	87350987	87351073	RNA1389	86	24	3.1859075155197706e-05	1.4699600342282793e-05	1.0	279069.76744186046
chr1	87373447	87373533	RNA1390	86	19	0.01187816710429806	1.469549988541985e-05	0.9473684210526315	220930.23255813954
chr1	87384879	87384965	RNA1391	86	22	0.010481304317595036	1.470005008741282e-05	0.9545454545454546	255813.9534883721
chr1	87387408	87387494	RNA1392	86	17	1.4700135205416968e-05	1.4696400285174605e-05	1.0	197674.41860465115
chr1	87566587	87567207	RNA1393	620	110	3.487197962550949e-05	0.0	1.0	177419.3548387097
chr1	88843482	88843568	RNA1394	86	12	3.676075039038551e-06	0.0	1.0	139534.88372093023
chr1	89938123	89938643	RNA1395	520	81	0.00012250124266610716	0.0	1.0	155769.23076923078
chr1	89938962	89939239	RNA1396	277	44	0.022975524481931967	1.4697900041937828e-05	0.9772727272727273	158844.7653429603
chr1	90654693	90654939	RNA1397	246	44	0.0002261738787348616	0.0	1.0	178861.78861788617
chr1	90655044	90655119	RNA1398	75	10	7.350910163950175e-06	0.0	1.0	133333.33333333334
chr1	90756342	90756862	RNA1399	520	91	5.4297661505925976e-05	0.0	1.0	175000.0
chr1	90760085	90760605	RNA1400	520	79	0.0038725692224655666	0.0	0.9873417721518988	151923.0769230769
chr1	90766148	90766668	RNA1401	520	105	0.01647271798723349	0.0	0.9714285714285714	201923.07692307694
chr1	90906214	90906734	RNA1402	520	95	0.002957406284947765	0.0	0.9789473684210527	182692.3076923077
chr1	90908279	90908799	RNA1403	520	100	8.599121930273749e-05	1.4698100130772218e-05	1.0	192307.6923076923
chr1	90914448	90914968	RNA1404	520	112	0.0042041088864428755	0.0	0.9732142857142857	215384.6153846154
chr1	91912271	91912791	RNA1405	520	79	0.020235726941584424	0.0	0.9746835443037974	151923.0769230769
chr1	92245899	92245985	RNA1406	86	14	1.784742127191298e-05	7.348599865508732e-06	1.0	162790.69767441862
chr1	92966168	92966335	RNA1407	167	26	9.045030800245093e-06	0.0	1.0	155688.62275449102
chr1	93554858	93555135	RNA1408	277	62	0.00010266336954783527	0.0	1.0	223826.71480144403
chr1	94411069	94411346	RNA1409	277	35	0.00041382363316577205	1.4698999621032272e-05	1.0	126353.7906137184
chr1	94411939	94412185	RNA1410	246	41	4.089094689821688e-05	0.0	1.0	166666.66666666666
chr1	94412678	94412753	RNA1411	75	10	1.0289759939041686e-05	7.349050065386109e-06	1.0	133333.33333333334
chr1	94415784	94416061	RNA1412	277	51	1.4700266832482963e-05	0.0	1.0	184115.52346570397
chr1	94417048	94417325	RNA1413	277	44	0.022773373083819846	7.347549853875535e-06	0.9772727272727273	158844.7653429603
chr1	94895718	94895995	RNA1414	277	47	0.022975319593163644	1.4696799553348685e-05	0.9574468085106383	169675.09025270757
chr1	94895826	94896103	RNA1415	277	46	0.023472867252048273	1.469724975322606e-05	0.9565217391304348	166064.98194945848
chr1	94896622	94896899	RNA1416	277	46	5.945724520326323e-05	0.0	1.0	166064.98194945848
chr1	95093181	95093701	RNA1417	520	85	0.0054250668155766376	1.469549988541985e-05	0.9882352941176471	163461.53846153847
chr1	95093891	95093966	RNA1418	75	12	0.0006037950732509964	7.349899988184916e-06	1.0	160000.0
chr1	95095866	95095941	RNA1419	75	13	0.014065289577606903	1.4696799553348685e-05	0.9230769230769231	173333.33333333334
chr1	95098895	95099141	RNA1420	234	47	0.017717480978872307	1.538789911137428e-05	0.9361702127659575	200854.70085470087
chr1	95102989	95103235	RNA1421	246	37	4.337013067285718e-05	0.0	1.0	150406.50406504067
chr1	95108839	95108914	RNA1422	75	12	8.573283063621298e-06	0.0	1.0	160000.0
chr1	95111448	95111694	RNA1423	246	42	0.023826673014181794	0.0	0.9761904761904762	170731.7073170732
chr1	95857354	95857429	RNA1424	75	17	6.0659646859515786e-06	0.0	1.0	226666.66666666666
chr1	95857361	95857436	RNA1425	75	17	1.039951177303652e-05	0.0	1.0	226666.66666666666
chr1	95857427	95857673	RNA1426	246	54	2.4535538934151478e-05	0.0	1.0	219512.19512195123
chr1	95857492	95857769	RNA1427	277	69	2.0052914529197526e-05	0.0	1.0	249097.47292418772
chr1	95857541	95857787	RNA1428	246	54	2.289600186284246e-05	0.0	1.0	219512.19512195123
chr1	95857724	95857970	RNA1429	246	52	0.01924689383659265	0.0	0.9807692307692307	211382.11382113822
chr1	95857931	95858006	RNA1430	75	14	2.521439988152972e-05	0.0	1.0	186666.6666666667
chr1	96026177	96026392	RNA1431	210	42	0.004563539425946918	7.350549822149332e-06	0.9523809523809523	200000.0
chr1	96240462	96240665	RNA1432	203	40	2.499362756225137e-05	0.0	1.0	197044.33497536948
chr1	96252843	96252918	RNA1433	75	8	9.193774985760683e-06	7.353999990300508e-06	1.0	106666.66666666667
chr1	96544632	96544878	RNA1434	246	43	1.3671999874720265e-05	0.0	1.0	174796.7479674797
chr1	96606321	96606488	RNA1435	167	0				0.0
chr1	96607084	96607251	RNA1436	63	0				0.0
chr1	96607499	96607666	RNA1437	167	0				0.0
chr1	96607830	96607997	RNA1438	167	0				0.0
chr1	98050175	98050342	RNA1439	167	31	1.6125448294791465e-05	0.0	1.0	185628.74251497004
chr1	98050721	98050888	RNA1440	167	32	6.752665271391661e-05	0.0	1.0	191616.76646706587
chr1	98051625	98051792	RNA1441	167	32	2.3428765246079245e-05	0.0	1.0	191616.76646706587
chr1	98765043	98765210	RNA1442	167	24	0.04093868407771121	0.0	0.9583333333333334	143712.5748502994
chr1	99808086	99808363	RNA1443	277	51	0.013526579242887448	0.0	0.9803921568627451	184115.52346570397
chr1	100179073	100179288	RNA1444	215	29	0.0004801756003871547	0.0	1.0	134883.72093023258
chr1	100181914	100182117	RNA1445	203	30	2.841940683234451e-05	0.0	1.0	147783.2512315271
chr1	100339509	100339724	RNA1446	215	44	0.0006592601101519045	0.0	1.0	204651.16279069768
chr1	100340384	100340587	RNA1447	203	36	5.348757761364434e-05	1.4696799553348685e-05	1.0	177339.90147783252
chr1	100341052	100341267	RNA1448	215	36	1.2657669281502927e-05	1.469549988541985e-05	1.0	167441.86046511628
chr1	100341486	100341732	RNA1449	246	42	8.750496703041155e-05	1.4696349808218656e-05	1.0	170731.7073170732
chr1	100341605	100341820	RNA1450	215	32	1.3781078195052032e-05	1.4698500308440998e-05	1.0	148837.2093023256
chr1	100342316	100342519	RNA1451	203	28	1.4172814254769556e-05	7.347749942709925e-06	1.0	137931.0344827586
chr1	100342696	100342899	RNA1452	203	38	0.05751544172691961	0.0	0.9210526315789473	187192.118226601
chr1	100343382	100343457	RNA1453	75	10	1.4696759990329156e-05	7.348200142587302e-06	1.0	133333.33333333334
chr1	102395245	102395460	RNA1454	215	42	0.07432606460070885	0.0	0.9047619047619048	195348.83720930232
chr1	102396363	102396578	RNA1455	215	49	0.0140535366859249	0.0	0.9795918367346939	227906.97674418605
chr1	102398767	102398970	RNA1456	203	42	0.007851339424502965	0.0	0.9761904761904762	206896.55172413794
chr1	102401885	102402088	RNA1457	203	40	0.029234616183566688	1.4701549844176043e-05	0.925	197044.33497536948
chr1	102408160	102408320	RNA1458	160	34	1.0819370586164843e-05	7.354649824264925e-06	1.0	212500.0
chr1	102410713	102410916	RNA1459	203	40	0.023360191758433752	7.352300144702895e-06	0.95	197044.33497536948
chr1	102415170	102415373	RNA1460	203	49	0.0003615071664356979	1.471149971621344e-05	1.0	241379.3103448276
chr1	102415998	102416445	RNA1461	445	90	0.019479509222603355	0.0	0.9666666666666667	202247.19101123596
chr1	102422521	102422736	RNA1462	215	45	4.316262456995468e-05	1.4712400115968194e-05	1.0	209302.32558139536
chr1	102423509	102423724	RNA1463	215	45	0.005001013938575242	1.4734099750057794e-05	0.9777777777777777	209302.32558139536
chr1	102424376	102424543	RNA1464	167	37	0.0012693417715667766	0.0	1.0	221556.88622754492
chr1	103890022	103890432	RNA1465	410	89	0.014583278047273246	1.4696799553348685e-05	0.9662921348314607	217073.1707317073
chr1	104581075	104581235	RNA1466	159	0				0.0
chr1	104886704	104887151	RNA1467	447	96	0.014828359724684029	0.0	0.9791666666666666	214765.10067114094
chr1	105520991	105521151	RNA1468	157	14	2.1044628608380444e-05	0.0	1.0	89171.97452229299
chr1	105521936	105522096	RNA1469	160	37	0.027016766178545565	1.4704999557579868e-05	0.9459459459459459	231250.0
chr1	105522002	105522162	RNA1470	154	35	0.04806577306751154	1.4776699572394136e-05	0.9428571428571428	227272.72727272726
chr1	105657900	105658060	RNA1471	160	28	0.21430672597492567	1.4712150004925206e-05	0.7857142857142857	175000.0
chr1	105660134	105660294	RNA1472	0	0				
chr1	105723785	105723945	RNA1473	160	37	4.3326726955526434e-05	1.4701099644298664e-05	1.0	231250.0
chr1	105829486	105829933	RNA1474	447	102	0.014473463569977274	0.0	0.9607843137254902	228187.91946308725
chr1	105896208	105896655	RNA1475	447	84	9.753481428257367e-05	1.4705649846291635e-05	1.0	187919.46308724832
chr1	105905794	105905997	RNA1476	203	42	4.657134680504136e-05	0.0	1.0	206896.55172413794
chr1	105906209	105906656	RNA1477	447	90	3.920177653829213e-05	0.0	1.0	201342.2818791946
chr1	105911804	105912019	RNA1478	215	41	0.00046637680657667677	0.0	1.0	190697.67441860467
chr1	106406929	106407376	RNA1479	447	68	4.324461051777564e-05	0.0	1.0	152125.27964205816
chr1	106407307	106407754	RNA1480	447	86	0.013467338078149873	1.4697900041937828e-05	0.9767441860465116	192393.73601789708
chr1	106408736	106409183	RNA1481	447	92	0.010227725792634845	0.0	0.967391304347826	205816.5548098434
chr1	106520899	106521059	RNA1482	160	30	0.03372097713624194	1.470159986638464e-05	0.9666666666666667	187500.0
chr1	107011583	107012030	RNA1483	447	88	0.017249359147399442	0.0	0.9545454545454546	196868.00894854587
chr1	107045467	107045877	RNA1484	410	116	0.008791761013228469	1.4699199709866662e-05	0.9913793103448276	282926.82926829264
chr1	107569820	107570230	RNA1485	410	65	4.1834791031407355e-05	0.0	1.0	158536.58536585365
chr1	107569821	107570231	RNA1486	410	65	4.1834791031407355e-05	0.0	1.0	158536.58536585365
chr1	107569851	107570261	RNA1487	410	68	0.0023453950379783133	7.347749942709925e-06	0.9852941176470589	165853.65853658537
chr1	108110234	108110644	RNA1488	410	82	0.05019078011102421	1.4697900041937828e-05	0.926829268292683	200000.0
chr1	108117227	108117637	RNA1489	410	73	0.009645342073520004	0.0	0.9452054794520548	178048.78048780488
chr1	108119474	108120781	RNA1490	1307	285	0.02345438614311046	0.0	0.9578947368421052	218056.6182096404
chr1	108122239	108122649	RNA1491	410	91	0.01868817175838538	0.0	0.978021978021978	221951.21951219512
chr1	109048535	109048945	RNA1492	410	19	2.0131205689572485e-05	0.0	1.0	46341.46341463415
chr1	110142316	110142487	RNA1493	171	23	0.022283514974570484	1.4697699953103438e-05	0.9565217391304348	134502.92397660817
chr1	110457791	110457951	RNA1494	160	38	1.6248457948101574e-05	0.0	1.0	237500.0
chr1	110934833	110935016	RNA1495	183	33	1.1579957379470931e-05	1.469549988541985e-05	1.0	180327.868852459
chr1	111027095	111027542	RNA1496	447	86	0.023390896700453422	1.469744984206045e-05	0.9767441860465116	192393.73601789708
chr1	112168822	112170129	RNA1497	1307	266	0.010082163870532195	1.4696400285174605e-05	0.981203007518797	203519.5103289977
chr1	112361909	112362146	RNA1498	237	0				0.0
chr1	112700944	112701068	RNA1499	124	35	0.0013259243606496154	0.0	1.0	282258.06451612903
chr1	112888632	112889939	RNA1500	1303	220	0.012609923787336311	0.0	0.9772727272727273	168841.1358403684
chr1	112901108	112901518	RNA1501	410	80	0.0005203107152169613	1.469764993089484e-05	1.0	195121.9512195122
chr1	112906031	112907338	RNA1502	1307	203	0.004434011743084505	1.469590006308863e-05	0.9852216748768473	155317.52104055087
chr1	112906258	112907565	RNA1503	1307	228	0.006907743055331877	1.4696400285174605e-05	0.9824561403508771	174445.29456771232
chr1	113213562	113214869	RNA1504	1306	246	0.01082207934931704	0.0	0.9715447154471545	188361.4088820827
chr1	113219030	113220337	RNA1505	1304	271	0.00888065229784131	1.4697199731017465e-05	0.981549815498155	207822.08588957053
chr1	113224603	113225910	RNA1506	1307	63	0.23792987937628954	1.471840005251579e-05	0.746031746031746	48201.98928844682
chr1	113978037	113979344	RNA1507	1299	266	0.007900980511438222	0.0	0.9849624060150376	204772.90223248655
chr1	114070615	114070786	RNA1508	171	30	2.1072686680173468e-05	0.0	1.0	175438.59649122806
chr1	114168548	114168945	RNA1509	397	87	0.01152230581284265	1.4698100130772218e-05	0.9885057471264368	219143.57682619648
chr1	114996088	114996259	RNA1510	171	21	3.5146952411326182e-06	0.0	1.0	122807.01754385965
chr1	115001197	115001380	RNA1511	183	36	0.027807140624973827	0.0	0.9722222222222222	196721.31147540984
chr1	115095438	115095609	RNA1512	171	31	1.5649955193725804e-05	0.0	1.0	181286.54970760233
chr1	115096933	115097104	RNA1513	171	38	2.6311081647258317e-05	1.4700900010211626e-05	1.0	222222.22222222222
chr1	115112846	115113017	RNA1514	171	30	1.3229850022371504e-05	1.4696549897053046e-05	1.0	175438.59649122806
chr1	115113691	115113862	RNA1515	171	24	1.1024691427033507e-05	0.0	1.0	140350.87719298244
chr1	115177567	115177738	RNA1516	171	51	0.0208788346382397	1.4698500308440998e-05	0.9607843137254902	298245.6140350877
chr1	115796423	115796606	RNA1517	183	44	5.714502694072942e-05	0.0	1.0	240437.15846994534
chr1	115845141	115845324	RNA1518	183	38	0.0004407055129329174	0.0	1.0	207650.27322404372
chr1	115845623	115845806	RNA1519	183	37	1.868010514118101e-05	0.0	1.0	202185.79234972678
chr1	116070163	116070346	RNA1520	183	0				0.0
chr1	116070903	116071086	RNA1521	183	0				0.0
chr1	116071170	116071353	RNA1522	175	0				0.0
chr1	116105299	116105470	RNA1523	171	32	1.699560297651948e-05	7.348399776674342e-06	1.0	187134.5029239766
chr1	116354129	116354366	RNA1524	237	33	0.030633727004042696	1.4709799870615823e-05	0.9696969696969697	139240.5063291139
chr1	116670711	116670835	RNA1525	124	18	1.0615366641609904e-05	0.0	1.0	145161.29032258067
chr1	116908349	116908532	RNA1526	183	53	0.018120801609960456	0.0	0.9811320754716981	289617.4863387978
chr1	117211589	117211826	RNA1527	237	48	0.003071590949559769	1.4696400285174605e-05	0.9791666666666666	202531.64556962025
chr1	117245280	117245517	RNA1528	237	49	1.2899108158456344e-05	0.0	1.0	206751.05485232067
chr1	117248736	117248973	RNA1529	237	45	0.006110314467777135	1.4698500308440998e-05	0.9555555555555556	189873.417721519
chr1	117351164	117351401	RNA1530	237	58	0.0005384402919656218	0.0	1.0	244725.73839662448
chr1	117351720	117351957	RNA1531	237	47	0.023805859280942733	0.0	0.9574468085106383	198312.23628691983
chr1	117356501	117356738	RNA1532	237	58	0.025792977820448613	0.0	0.9482758620689655	244725.73839662448
chr1	117541068	117541192	RNA1533	124	28	2.729717074803821e-05	0.0	1.0	225806.4516129032
chr1	117584211	117584335	RNA1534	124	32	1.5163593900524575e-05	0.0	1.0	258064.51612903224
chr1	117584581	117584705	RNA1535	124	22	0.045467289754593694	1.4743950032425346e-05	0.9545454545454546	177419.3548387097
chr1	117629967	117630091	RNA1536	124	15	7.839139955952608e-06	0.0	1.0	120967.74193548388
chr1	117632894	117633018	RNA1537	124	23	8.690762945701243e-05	1.4696799553348685e-05	1.0	185483.87096774194
chr1	117700932	117701056	RNA1538	124	22	0.04547058216336485	1.4700500287290199e-05	0.9545454545454546	177419.3548387097
chr1	117722120	117722517	RNA1539	397	0				0.0
chr1	117723141	117724448	RNA1540	1307	97	0.031227974790304	1.4697199731017465e-05	0.9690721649484536	74215.76128538638
chr1	117724606	117724843	RNA1541	237	72	0.028657264320284204	1.4696599919261644e-05	0.9583333333333334	303797.4683544304
chr1	118990894	118991018	RNA1542	124	31	1.517592590971617e-05	1.4699399798701052e-05	1.0	250000.0
chr1	119030259	119030656	RNA1543	396	91	0.02446684093137174	1.470200004405342e-05	0.9560439560439561	229797.97979797982
chr1	119030378	119030775	RNA1544	397	88	0.02578500132583692	1.4699799976369832e-05	0.9545454545454546	221662.4685138539
chr1	119030449	119030846	RNA1545	397	77	0.029458836593126852	1.4698500308440998e-05	0.948051948051948	193954.65994962215
chr1	119397059	119397456	RNA1546	397	74	0.0001196314152931876	0.0	1.0	186397.98488664988
chr1	119398509	119398906	RNA1547	396	75	0.00017726943520149664	1.47024002217222e-05	1.0	189393.9393939394
chr1	119402270	119402667	RNA1548	397	107	0.01524597866946096	1.4698100130772218e-05	0.9813084112149533	269521.4105793451
chr1	120100978	120101149	RNA1549	171	28	1.4237960678136525e-05	1.4700699921377236e-05	1.0	163742.69005847952
chr1	120182849	120183246	RNA1550	397	84	0.0008482640086986898	0.0	0.9880952380952381	211586.90176322416
chr1	120912039	120912222	RNA1551	48	0				0.0
chr1	121609340	121609577	RNA1552	199	0				0.0
chr1	122504094	122504491	RNA1553	0	0				
chr1	122510412	122510536	RNA1554	0	0				
chr1	145113182	145113297	RNA1555	0	0				
chr1	145113262	145113615	RNA1556	251	1	0.0	0.0	1.0	3984.06374501992
chr1	145863358	145863473	RNA1557	115	20	0.05012202628936393	7.348849976551719e-06	0.95	173913.04347826086
chr1	145910468	145910583	RNA1558	115	16	4.230920683312181e-05	0.0	1.0	139130.4347826087
chr1	145910989	145911104	RNA1559	115	12	1.1022891537019556e-05	7.348399776674342e-06	1.0	104347.82608695651
chr1	145983034	145983387	RNA1560	353	40	3.4174507982240055e-05	0.0	1.0	113314.44759206798
chr1	145983225	145983340	RNA1561	115	9	9.799320277022998e-05	0.0	1.0	78260.86956521739
chr1	145984338	145984453	RNA1562	115	18	6.620677863287856e-05	7.348599865508732e-06	1.0	156521.73913043478
chr1	146043096	146043449	RNA1563	353	0				0.0
chr1	146043579	146043694	RNA1564	115	0				0.0
chr1	146043744	146044097	RNA1565	353	0				0.0
chr1	146063575	146063928	RNA1566	123	0				0.0
chr1	146063604	146063957	RNA1567	94	0				0.0
chr1	146238735	146239088	RNA1568	0	1	8.898379746824503e-05	8.898379746824503e-05	1.0	
chr1	146285933	146286319	RNA1569	0	0				
chr1	146445489	146445921	RNA1570	409	69	0.014511973166443802	0.0	0.9855072463768116	168704.1564792176
chr1	146446310	146446488	RNA1571	171	37	6.161730067793688e-05	1.4731000192114152e-05	1.0	216374.26900584795
chr1	146917631	146918127	RNA1572	137	19	0.00015792972302924367	0.0	1.0	138686.13138686132
chr1	146922026	146922486	RNA1573	43	5	0.3999962979796691	7.959250069689006e-05	0.6	116279.06976744186
chr1	146938204	146938319	RNA1574	115	0				0.0
chr1	147074643	147074996	RNA1575	353	0				0.0
chr1	147154496	147154928	RNA1576	432	66	0.009534536856542463	0.0	0.9848484848484849	152777.77777777778
chr1	147154508	147154940	RNA1577	432	71	0.008863504770872653	0.0	0.9859154929577465	164351.85185185185
chr1	147154585	147155017	RNA1578	432	63	0.0004578802201851597	0.0	1.0	145833.33333333334
chr1	147154807	147155089	RNA1579	282	39	0.0007336200018331583	1.470159986638464e-05	1.0	138297.87234042553
chr1	147521812	147522244	RNA1580	432	96	0.022064296536872988	0.0	0.96875	222222.22222222222
chr1	147524529	147524961	RNA1581	431	84	0.005323264855362482	1.469744984206045e-05	0.9761904761904762	194895.59164733178
chr1	147626837	147627269	RNA1582	432	78	0.0031980084050724686	0.0	0.9743589743589743	180555.55555555556
chr1	148065806	148066088	RNA1583	282	0				0.0
chr1	148152538	148152820	RNA1584	282	0				0.0
chr1	148153746	148154028	RNA1585	282	0				0.0
chr1	148519981	148520413	RNA1586	430	0				0.0
chr1	148520044	148520326	RNA1587	281	0				0.0
chr1	148520230	148520512	RNA1588	277	0				0.0
chr1	148521591	148521873	RNA1589	282	0				0.0
chr1	149163902	149164184	RNA1590	0	0				
chr1	150145483	150146041	RNA1591	555	85	0.011785629576447448	1.4698100130772218e-05	0.9882352941176471	153153.15315315314
chr1	150242505	150242891	RNA1592	386	0				0.0
chr1	150318782	150318880	RNA1593	91	19	2.727138393023785e-05	1.4741400264028924e-05	1.0	208791.2087912088
chr1	150355993	150356171	RNA1594	178	35	0.028581928848663146	0.0	0.9714285714285714	196629.21348314607
chr1	150721411	150721671	RNA1595	260	31	1.6595761207419027e-05	0.0	1.0	119230.76923076923
chr1	150773671	150773786	RNA1596	115	20	3.8956185198911e-05	7.349699899350526e-06	1.0	173913.04347826086
chr1	150777984	150778480	RNA1597	496	94	9.523340071260932e-05	1.469549988541985e-05	1.0	189516.12903225806
chr1	150778360	150778820	RNA1598	460	77	9.926373977932245e-06	0.0	1.0	167391.30434782608
chr1	150978129	150978482	RNA1599	353	61	0.004239237489825617	0.0	0.9836065573770492	172804.53257790368
chr1	151195673	151196059	RNA1600	374	83	0.009115341287834302	0.0	0.9879518072289156	221925.13368983957
chr1	151253073	151253251	RNA1601	178	36	2.369554209103967e-05	1.4701099644298664e-05	1.0	202247.19101123596
chr1	151268112	151268498	RNA1602	386	77	0.012929951303349651	1.4717100384586956e-05	0.987012987012987	199481.86528497408
chr1	151268127	151268513	RNA1603	386	81	0.012293823564954278	1.471840005251579e-05	0.9876543209876543	209844.5595854922
chr1	151328595	151328981	RNA1604	386	55	0.00019619551646676373	0.0	1.0	142487.04663212437
chr1	151329370	151329756	RNA1605	386	22	0.005264185372859421	0.0	0.9545454545454546	56994.81865284974
chr1	151339323	151339501	RNA1606	178	18	9.858761081381494e-06	7.367249963863287e-06	1.0	101123.59550561798
chr1	151339472	151339650	RNA1607	177	28	2.2161546764564353e-05	1.4783500319026643e-05	1.0	158192.09039548025
chr1	151348277	151348455	RNA1608	178	30	2.3029299639645245e-05	0.0	1.0	168539.32584269662
chr1	151358691	151358869	RNA1609	178	32	0.054989237973643405	7.347549853875535e-06	0.9375	179775.2808988764
chr1	151383651	151384037	RNA1610	386	74	0.013549662287767055	0.0	0.9864864864864865	191709.84455958547
chr1	151463883	151464061	RNA1611	178	28	6.722584969663206e-05	0.0	1.0	157303.37078651684
chr1	151730016	151730476	RNA1612	460	86	0.011644830123227723	0.0	0.9883720930232558	186956.52173913043
chr1	151730784	151731280	RNA1613	496	86	0.0013346013665478604	7.347549853875535e-06	0.9883720930232558	173387.09677419357
chr1	151731360	151731856	RNA1614	495	97	0.012875747586532291	0.0	0.9587628865979382	195959.595959596
chr1	151732089	151732549	RNA1615	460	74	0.013529801198630495	0.0	0.9864864864864865	160869.5652173913
chr1	151732229	151732354	RNA1616	125	21	0.047628148100037446	0.0	0.9523809523809523	168000.0
chr1	151732401	151732897	RNA1617	496	81	0.01861207259825289	0.0	0.9753086419753086	163306.4516129032
chr1	151733086	151733546	RNA1618	460	80	2.1865275004981964e-05	0.0	1.0	173913.04347826086
chr1	151856452	151856948	RNA1619	496	96	0.0025624246000859286	1.469590006308863e-05	0.9895833333333334	193548.38709677418
chr1	151856723	151857183	RNA1620	460	92	0.003636450333774714	1.4698950053571025e-05	0.9782608695652174	200000.0
chr1	151856745	151857241	RNA1621	496	94	0.0035589224851893466	1.4698300219606608e-05	0.9787234042553191	189516.12903225806
chr1	151859734	151860194	RNA1622	460	86	0.0004957656615578161	0.0	1.0	186956.52173913043
chr1	151917880	151918376	RNA1623	496	68	0.0004411850509581268	1.469744984206045e-05	1.0	137096.77419354836
chr1	151966611	151967071	RNA1624	460	75	0.00038258788155265514	0.0	1.0	163043.47826086957
chr1	152118476	152118862	RNA1625	386	51	3.1992829106310586e-05	0.0	1.0	132124.3523316062
chr1	152118483	152118915	RNA1626	432	57	2.9140885696199727e-05	0.0	1.0	131944.44444444444
chr1	152118929	152119107	RNA1627	178	35	2.268093685415724e-05	0.0	1.0	196629.21348314607
chr1	152841214	152841710	RNA1628	496	89	7.896537806189588e-05	0.0	1.0	179435.48387096776
chr1	152853419	152853879	RNA1629	460	110	0.00015451166087090273	1.4697900041937828e-05	1.0	239130.4347826087
chr1	153035864	153036000	RNA1630	136	35	0.014688049479419922	1.4699799976369832e-05	0.9714285714285714	257352.94117647057
chr1	153143171	153143313	RNA1631	142	33	6.631411349988384e-05	0.0	1.0	232394.3661971831
chr1	153162115	153162397	RNA1632	282	58	0.028519288218893924	1.469724975322606e-05	0.9482758620689655	205673.7588652482
chr1	153989400	153989958	RNA1633	558	102	0.009937221340048076	7.352100055868504e-06	0.9901960784313726	182795.6989247312
chr1	154314167	154314265	RNA1634	98	18	2.3695183548016242e-05	7.351649855991127e-06	1.0	183673.46938775512
chr1	154559880	154560140	RNA1635	238	34	6.980411856548635e-05	1.4719299997523194e-05	1.0	142857.14285714284
chr1	154938827	154939385	RNA1636	558	34	0.0293944571796387	7.348849976551719e-06	0.9705882352941176	60931.89964157706
chr1	154981190	154981371	RNA1637	181	32	7.726694855136223e-05	0.0	1.0	176795.58011049722
chr1	154981596	154982154	RNA1638	558	113	0.000329398665164372	0.0	1.0	202508.9605734767
chr1	154981675	154982233	RNA1639	558	116	0.00896296502203548	0.0	0.9913793103448276	207885.3046594982
chr1	155120932	155121490	RNA1640	558	112	0.00036462842043809475	1.4699599887535442e-05	1.0	200716.8458781362
chr1	155122876	155123434	RNA1641	557	115	0.00789794113064525	1.4705899957334624e-05	0.9826086956521739	206463.19569120285
chr1	155149474	155150032	RNA1642	538	113	0.009999526631228974	1.470200004405342e-05	0.9823008849557522	210037.1747211896
chr1	155229247	155229345	RNA1643	98	22	7.690947363285146e-05	7.351649855991127e-06	1.0	224489.79591836734
chr1	155308139	155308312	RNA1644	173	33	0.022433478633033563	0.0	0.9696969696969697	190751.44508670518
chr1	155308403	155308501	RNA1645	98	14	7.349607260818759e-06	0.0	1.0	142857.14285714284
chr1	155308516	155308614	RNA1646	98	17	4.322129344098571e-06	0.0	1.0	173469.38775510204
chr1	155333354	155333614	RNA1647	260	0				0.0
chr1	155333394	155333492	RNA1648	98	0				0.0
chr1	155333544	155333642	RNA1649	98	0				0.0
chr1	155333690	155333950	RNA1650	260	0				0.0
chr1	155333693	155333953	RNA1651	260	0				0.0
chr1	155334575	155334673	RNA1652	98	25	1.4761944185010607e-05	1.471110044803936e-05	1.0	255102.04081632654
chr1	155739140	155739400	RNA1653	260	48	0.0010227089331162132	1.4704799923492828e-05	1.0	184615.38461538462
chr1	155739228	155739488	RNA1654	260	43	0.0011402673857615843	1.4704999557579868e-05	1.0	165384.61538461538
chr1	155740469	155740594	RNA1655	125	24	0.0002204594563863756	1.469744984206045e-05	1.0	192000.0
chr1	155741061	155741321	RNA1656	260	51	3.316918399850109e-05	1.4704200111737007e-05	1.0	196153.84615384616
chr1	156053925	156054483	RNA1657	558	98	0.0001286698364366392	0.0	1.0	175627.24014336916
chr1	156248554	156248940	RNA1658	377	152	0.01727581067917813	1.4719049886480207e-05	0.9802631578947368	403183.02387267904
chr1	156300369	156300547	RNA1659	178	14	0.30673840335839486	8.831909690339893e-05	0.6428571428571429	78651.68539325842
chr1	156304250	156304348	RNA1660	98	13	0.0769336013387986	0.0	0.9230769230769231	132653.0612244898
chr1	156519489	156519614	RNA1661	125	26	1.4136380776527893e-05	1.470005008741282e-05	1.0	208000.0
chr1	156578439	156578699	RNA1662	237	8	2.2363936977853882e-05	1.4867249774397351e-05	1.0	33755.27426160337
chr1	156611914	156612039	RNA1663	125	21	1.9602852435559422e-05	1.4697199731017465e-05	1.0	168000.0
chr1	156612062	156612187	RNA1664	125	17	0.014100125707848155	0.0	0.9411764705882353	136000.0
chr1	156662131	156662256	RNA1665	125	26	0.011129053942218328	0.0	0.9615384615384616	208000.0
chr1	156668505	156668630	RNA1666	125	31	4.6011127338832835e-05	0.0	1.0	248000.0
chr1	156721349	156721845	RNA1667	496	89	3.964036439744364e-05	1.469549988541985e-05	1.0	179435.48387096776
chr1	156721528	156721653	RNA1668	125	23	5.369368271044805e-05	1.4701099644298664e-05	1.0	184000.0
chr1	156801087	156801384	RNA1669	297	47	0.021536144970729972	0.0	0.9787234042553191	158249.15824915824
chr1	156805167	156805627	RNA1670	460	77	0.006343592586249125	1.47024002217222e-05	0.987012987012987	167391.30434782608
chr1	157049764	157049900	RNA1671	136	26	4.805090744550822e-05	0.0	1.0	191176.47058823527
chr1	157143980	157144122	RNA1672	142	19	0.005461830413591276	1.4696799553348685e-05	0.9473684210526315	133802.81690140843
chr1	157785269	157785394	RNA1673	125	28	0.0006047915331107188	0.0	1.0	224000.0
chr1	157923067	157923203	RNA1674	136	25	0.0003815646043949491	0.0	1.0	183823.52941176473
chr1	157961782	157961918	RNA1675	136	21	1.6098466620035218e-05	1.469590006308863e-05	1.0	154411.76470588235
chr1	157965333	157965469	RNA1676	136	27	1.906707139251657e-05	0.0	1.0	198529.41176470587
chr1	157992979	157993121	RNA1677	142	24	1.5392991448000732e-05	0.0	1.0	169014.08450704225
chr1	158101057	158101193	RNA1678	136	25	2.5870295976342594e-05	1.4698500308440998e-05	1.0	183823.52941176473
chr1	158101239	158101375	RNA1679	136	25	0.060948548040141756	0.0	0.92	183823.52941176473
chr1	158103024	158103166	RNA1680	142	32	3.215493441643388e-05	1.4697900041937828e-05	1.0	225352.11267605633
chr1	158103463	158103599	RNA1681	136	20	0.03098111969907221	1.4701749933010433e-05	0.9	147058.82352941178
chr1	158105306	158105448	RNA1682	142	20	2.939729984063888e-06	0.0	1.0	140845.0704225352
chr1	158170485	158170627	RNA1683	142	16	0.062475179606281024	0.0	0.9375	112676.05633802817
chr1	158174153	158174295	RNA1684	142	0				0.0
chr1	158248396	158248538	RNA1685	142	0				0.0
chr1	158884868	158885010	RNA1686	142	28	0.00015543121587922054	1.4701600321131991e-05	1.0	197183.0985915493
chr1	158890634	158890815	RNA1687	165	0				0.0
chr1	158902540	158902713	RNA1688	161	39	0.0008043286987884048	1.4698500308440998e-05	1.0	242236.02484472052
chr1	158909817	158909953	RNA1689	136	28	0.0007102876872652683	0.0	1.0	205882.35294117645
chr1	159903797	159903978	RNA1690	181	31	1.3275064526577042e-05	0.0	1.0	171270.7182320442
chr1	159954648	159954829	RNA1691	181	40	0.0030854781163952767	0.0	0.975	220994.47513812155
chr1	159956650	159956831	RNA1692	181	22	0.0014629008863845524	7.347950031544315e-06	1.0	121546.96132596684
chr1	159957084	159957642	RNA1693	549	102	0.01943901893750365	1.4701549844176043e-05	0.9803921568627451	185792.34972677598
chr1	160080907	160081088	RNA1694	181	29	0.0019647603294915468	1.4698999621032272e-05	1.0	160220.99447513814
chr1	160080991	160081172	RNA1695	181	31	0.015499609552212093	1.4698100130772218e-05	0.967741935483871	171270.7182320442
chr1	160081296	160081477	RNA1696	180	31	0.00010519861048270193	1.470200004405342e-05	1.0	172222.22222222222
chr1	160103976	160104074	RNA1697	98	8	5.511900099008926e-06	0.0	1.0	81632.65306122448
chr1	160104604	160104777	RNA1698	173	29	0.01601009839531139	1.4696400285174605e-05	0.9655172413793104	167630.0578034682
chr1	160106626	160106799	RNA1699	173	39	5.088635580016827e-05	0.0	1.0	225433.5260115607
chr1	160113316	160113489	RNA1700	173	36	0.027803907189081656	7.347549853875535e-06	0.9722222222222222	208092.48554913295
chr1	160359314	160359487	RNA1701	173	38	2.208070547662578e-05	1.470694996896782e-05	1.0	219653.17919075146
chr1	160361466	160361639	RNA1702	173	27	1.4155455708667566e-05	1.469549988541985e-05	1.0	156069.36416184972
chr1	160362381	160362554	RNA1703	173	19	4.0245652790432934e-05	1.4697699953103438e-05	1.0	109826.58959537573
chr1	160441572	160441832	RNA1704	260	45	0.03947084263864882	1.4699399798701052e-05	0.9333333333333333	173076.92307692306
chr1	160755245	160755542	RNA1705	297	54	0.0005644582669009158	0.0	1.0	181818.18181818182
chr1	160959752	160959933	RNA1706	181	16	1.7463275071343936e-05	1.4699399798701052e-05	1.0	88397.79005524861
chr1	161255638	161255811	RNA1707	173	0				0.0
chr1	161639232	161639357	RNA1708	0	8	4.6463089347517034e-05	0.0	1.0	
chr1	161641627	161641924	RNA1709	0	18	0.0018056313885810799	0.0	1.0	
chr1	161736890	161737187	RNA1710	297	44	2.7069693177588677e-05	1.4699599887535442e-05	1.0	148148.14814814815
chr1	161747048	161747345	RNA1711	297	47	0.001200843442792902	0.0	0.9787234042553191	158249.15824915824
chr1	161981325	161981622	RNA1712	297	75	0.0001221335028458246	1.4698999621032272e-05	1.0	252525.25252525255
chr1	161981553	161981850	RNA1713	297	58	9.226454990154709e-05	1.4697199731017465e-05	1.0	195286.1952861953
chr1	161982140	161982437	RNA1714	297	80	4.690174539518629e-05	7.347950031544315e-06	1.0	269360.26936026936
chr1	162788108	162788405	RNA1715	291	24	1.3520829270419199e-05	1.4714500139234588e-05	1.0	82474.22680412371
chr1	162869215	162869351	RNA1716	136	23	1.9532830383862778e-05	0.0	1.0	169117.64705882355
chr1	163100750	163100892	RNA1717	142	20	0.09998383211022883	0.0	0.9	140845.0704225352
chr1	163891103	163891390	RNA1718	285	54	0.0005703814046548213	0.0	1.0	189473.68421052632
chr1	164935633	164935814	RNA1719	181	43	0.00028303136347202575	0.0	1.0	237569.06077348065
chr1	165179775	165180102	RNA1720	327	58	0.03443409756586145	1.4696549897053046e-05	0.9655172413793104	177370.03058103975
chr1	165185751	165185924	RNA1721	173	24	8.269762630181739e-05	0.0	1.0	138728.32369942195
chr1	165470130	165470291	RNA1722	161	38	0.027990220215686253	0.0	0.9473684210526315	236024.84472049688
chr1	166762352	166762649	RNA1723	289	63	0.0001190999943886786	0.0	1.0	217993.07958477509
chr1	167792902	167793189	RNA1724	287	55	0.004945180974391396	0.0	0.9818181818181818	191637.6306620209
chr1	168314462	168314749	RNA1725	287	67	0.014999523900810139	1.4696400285174605e-05	0.9850746268656716	233449.47735191637
chr1	168315197	168315484	RNA1726	287	53	0.01888872397521825	1.469590006308863e-05	0.9811320754716981	184668.98954703833
chr1	168315258	168315545	RNA1727	287	48	4.225633563237179e-05	0.0	1.0	167247.3867595819
chr1	169104997	169105284	RNA1728	287	59	0.019019774567314632	0.0	0.9661016949152542	205574.91289198608
chr1	169105048	169105375	RNA1729	327	71	0.028359698056320527	0.0	0.971830985915493	217125.38226299692
chr1	169105249	169105536	RNA1730	287	65	0.017468481548362776	1.4696799553348685e-05	0.9692307692307692	226480.8362369338
chr1	169105328	169105615	RNA1731	287	57	0.002160736760679188	1.469590006308863e-05	0.9824561403508771	198606.27177700348
chr1	169461399	169461560	RNA1732	161	22	1.3364431693345653e-05	0.0	1.0	136645.96273291926
chr1	169461496	169462480	RNA1733	984	172	0.016885608023136055	1.4696599919261644e-05	0.9709302325581395	174796.7479674797
chr1	169462055	169462178	RNA1734	123	23	0.030912862406061635	0.0	0.9565217391304348	186991.86991869917
chr1	169902131	169902418	RNA1735	287	29	2.3328186655595203e-05	0.0	1.0	101045.29616724739
chr1	170107825	170108152	RNA1736	327	0				0.0
chr1	170171036	170171363	RNA1737	322	60	0.006364561758452203	1.4697900041937828e-05	0.9666666666666667	186335.40372670806
chr1	170171221	170171548	RNA1738	327	48	3.248319861389278e-05	1.469744984206045e-05	1.0	146788.9908256881
chr1	170409686	170409847	RNA1739	161	26	0.00036752955677981074	1.4714949884364614e-05	1.0	161490.68322981367
chr1	170410883	170411210	RNA1740	327	56	0.002043132330446234	0.0	0.9821428571428571	171253.82262996942
chr1	170415001	170415328	RNA1741	327	59	0.018779054150215056	0.0	0.9661016949152542	180428.13455657492
chr1	170417322	170417649	RNA1742	327	56	0.02124988291505555	1.469744984206045e-05	0.9642857142857143	171253.82262996942
chr1	170447861	170448022	RNA1743	161	28	0.0011216080155398676	1.4698300219606608e-05	1.0	173913.04347826086
chr1	170457755	170457916	RNA1744	161	39	0.004962764337342838	1.4703699889651034e-05	0.9743589743589743	242236.02484472052
chr1	170558057	170558218	RNA1745	161	23	2.6201143555222602e-05	1.469509970775107e-05	1.0	142857.14285714284
chr1	170558152	170558313	RNA1746	161	22	1.2025481944213176e-05	1.4696599919261644e-05	1.0	136645.96273291926
chr1	170661757	170661918	RNA1747	161	33	0.000795551825914031	0.0	1.0	204968.9440993789
chr1	171373078	171373405	RNA1748	327	82	0.00015343324041789563	0.0	1.0	250764.52599388376
chr1	171482310	171482471	RNA1749	161	24	6.736683303643076e-06	0.0	1.0	149068.32298136645
chr1	172478654	172479638	RNA1750	984	161	0.015179925023697232	0.0	0.9503105590062112	163617.88617886178
chr1	172672230	172672353	RNA1751	123	22	0.04547525661779548	1.4696599919261644e-05	0.9545454545454546	178861.78861788617
chr1	172674436	172675420	RNA1752	984	218	0.0009851173056573087	1.469744984206045e-05	0.9954128440366973	221544.71544715448
chr1	172674616	172675600	RNA1753	984	199	0.0010740025435547924	1.4696400285174605e-05	0.9949748743718593	202235.7723577236
chr1	172674833	172675817	RNA1754	984	182	0.00045796575733509965	1.4696150174131617e-05	1.0	184959.34959349595
chr1	173786929	173787913	RNA1755	984	136	0.007391100072174378	1.469744984206045e-05	0.9926470588235294	138211.38211382114
chr1	173787658	173787945	RNA1756	287	42	0.023886889052716593	1.4699199709866662e-05	0.9761904761904762	146341.46341463414
chr1	173787904	173788888	RNA1757	976	206	0.007659951526398548	0.0	0.9902912621359223	211065.5737704918
chr1	173787941	173788925	RNA1758	976	202	0.00780995992989227	0.0	0.9900990099009901	206967.2131147541
chr1	174030968	174031091	RNA1759	123	25	0.07520766933550477	1.4696400285174605e-05	0.92	203252.03252032519
chr1	174043485	174044469	RNA1760	984	215	0.019432934113514374	1.4702900443808176e-05	0.9767441860465116	218495.9349593496
chr1	174056388	174056511	RNA1761	109	41	0.024545577549471956	1.4704200111737007e-05	0.975609756097561	376146.7889908257
chr1	174056510	174056633	RNA1762	122	42	0.0001623162088002319	1.4702849966852227e-05	1.0	344262.2950819672
chr1	175024724	175024847	RNA1763	123	20	0.05001396367988491	0.0	0.95	162601.62601626015
chr1	175025349	175025472	RNA1764	123	14	7.349021416303003e-06	0.0	1.0	113821.1382113821
chr1	175031018	175031141	RNA1765	123	17	1.037462355752188e-05	0.0	1.0	138211.38211382114
chr1	175156712	175156835	RNA1766	123	25	0.004088830155124013	0.0	0.96	203252.03252032519
chr1	175239781	175240108	RNA1767	327	65	0.0031431425728022464	0.0	0.9846153846153847	198776.75840978592
chr1	175284597	175284758	RNA1768	161	28	1.0517742923963982e-05	0.0	1.0	173913.04347826086
chr1	175864767	175864848	RNA1769	81	23	4.602148316695026e-05	1.4699399798701052e-05	1.0	283950.6172839506
chr1	176448542	176448633	RNA1770	91	18	8.167111041580534e-06	0.0	1.0	197802.1978021978
chr1	176449345	176449564	RNA1771	219	43	0.009033221262270245	0.0	0.9767441860465116	196347.0319634703
chr1	178078388	178079372	RNA1772	982	172	0.02370417519517654	1.4700700376124589e-05	0.9651162790697675	175152.74949083503
chr1	178499745	178499873	RNA1773	128	41	0.049120565258130126	1.4698999621032272e-05	0.9512195121951219	320312.5
chr1	178551939	178553201	RNA1774	1262	240	0.0063706742152627735	0.0	0.9875	190174.3264659271
chr1	179099067	179099190	RNA1775	123	1	0.0	0.0	1.0	8130.081300813009
chr1	179576823	179576904	RNA1776	81	12	0.0006073771450398163	0.0	1.0	148148.14814814815
chr1	179880019	179880238	RNA1777	212	46	0.026124014795048268	1.4699199709866662e-05	0.9565217391304348	216981.13207547172
chr1	180115486	180115586	RNA1778	100	0				0.0
chr1	180204242	180204333	RNA1779	91	11	0.0005906138902156972	0.0	1.0	120879.12087912088
chr1	180503731	180503812	RNA1780	81	11	5.612518163449941e-05	1.4698500308440998e-05	1.0	135802.46913580247
chr1	180505953	180506034	RNA1781	81	10	1.028775004670024e-05	7.347549853875535e-06	1.0	123456.79012345678
chr1	180509045	180509126	RNA1782	81	20	2.3516684677814746e-05	0.0	1.0	246913.58024691357
chr1	180612048	180612267	RNA1783	219	36	0.02778717019446554	0.0	0.9722222222222222	164383.5616438356
chr1	180613528	180613609	RNA1784	81	18	0.006936363061767117	1.4738649952050764e-05	0.9444444444444444	222222.22222222222
chr1	180617047	180617128	RNA1785	81	15	8.81961332197534e-06	0.0	1.0	185185.18518518517
chr1	180622704	180622785	RNA1786	81	13	9.045615465416071e-06	0.0	1.0	160493.82716049382
chr1	180624355	180624574	RNA1787	217	57	0.00011233185836189905	0.0	1.0	262672.81105990784
chr1	180626716	180626935	RNA1788	219	25	0.0002645855478112872	1.4699799976369832e-05	1.0	114155.25114155251
chr1	181026687	181026906	RNA1789	219	46	2.0772485126853267e-05	1.4696150174131617e-05	1.0	210045.6621004566
chr1	181027714	181027933	RNA1790	219	34	1.9453940882050458e-05	0.0	1.0	155251.1415525114
chr1	181064158	181064377	RNA1791	219	46	0.005252468866017248	0.0	0.9782608695652174	210045.6621004566
chr1	181069533	181069624	RNA1792	91	18	0.014266161116312202	1.4703299711982254e-05	0.9444444444444444	197802.1978021978
chr1	181129988	181130079	RNA1793	91	24	0.03169146980026956	1.4696400285174605e-05	0.9583333333333334	263736.26373626373
chr1	181130542	181130633	RNA1794	91	17	0.0001028887575504166	0.0	1.0	186813.18681318683
chr1	181192822	181192913	RNA1795	89	19	0.052606239846777744	0.0	0.9473684210526315	213483.1460674157
chr1	181193408	181193499	RNA1796	91	17	0.05882957694735952	1.4699799976369832e-05	0.9411764705882353	186813.18681318683
chr1	181285424	181285515	RNA1797	91	19	1.007335772316621e-05	0.0	1.0	208791.2087912088
chr1	181315118	181315199	RNA1798	81	22	0.045459890004539455	0.0	0.9545454545454546	271604.93827160494
chr1	182353820	182354039	RNA1799	219	41	0.028971795819682195	1.4699399798701052e-05	0.9512195121951219	187214.6118721461
chr1	182354684	182354812	RNA1800	128	16	0.00974652590576851	0.0	0.9375	125000.0
chr1	182357210	182357301	RNA1801	91	9	0.003641865865069525	0.0	1.0	98901.0989010989
chr1	182406195	182407457	RNA1802	1262	235	0.006914058461610537	0.0	0.9872340425531915	186212.36133122028
chr1	183022645	183022773	RNA1803	128	26	5.428899609026487e-05	1.4700500287290199e-05	1.0	203125.0
chr1	183022651	183022779	RNA1804	128	29	4.9179903381340306e-05	1.4700300198455809e-05	1.0	226562.5
chr1	183023244	183023372	RNA1805	128	44	4.2800519250621345e-05	1.4747349723620573e-05	1.0	343750.0
chr1	183145732	183145860	RNA1806	128	24	0.022602402466153155	1.4707399714097846e-05	0.9583333333333334	187500.0
chr1	183176828	183176956	RNA1807	128	33	1.5224984853180096e-05	0.0	1.0	257812.5
chr1	183248051	183248179	RNA1808	128	18	4.981118167455798e-05	1.4697199731017465e-05	1.0	140625.0
chr1	183419486	183420748	RNA1809	1258	232	0.014402451021318294	1.4696999642183075e-05	0.978448275862069	184419.71383147853
chr1	183429152	183430414	RNA1810	1260	245	0.01977097133863304	0.0	0.9755102040816327	194444.44444444444
chr1	183430037	183431299	RNA1811	1262	231	0.011037929080054324	1.469590006308863e-05	0.9826839826839827	183042.78922345483
chr1	183598447	183599709	RNA1812	1258	202	0.03777351958898531	1.469744984206045e-05	0.9554455445544554	160572.3370429253
chr1	183599208	183600470	RNA1813	1258	211	0.028485243834779257	1.469590006308863e-05	0.9715639810426541	167726.55007949125
chr1	183599269	183600531	RNA1814	1258	216	0.027831306648994105	1.469590006308863e-05	0.9722222222222222	171701.11287758348
chr1	184041857	184041957	RNA1815	100	16	2.0210325203601025e-05	7.348399776674342e-06	1.0	160000.0
chr1	184048896	184049150	RNA1816	254	44	3.7091302932489634e-05	0.0	1.0	173228.3464566929
chr1	184154349	184154477	RNA1817	128	25	8.818468231763838e-06	0.0	1.0	195312.5
chr1	184378910	184380172	RNA1818	1251	223	0.02327208676370848	0.0	0.968609865470852	178257.3940847322
chr1	184983761	184983861	RNA1819	100	15	0.0006429096287926416	1.4697699953103438e-05	1.0	150000.0
chr1	184989246	184989346	RNA1820	100	27	4.358409242504351e-05	1.4700300198455809e-05	1.0	270000.0
chr1	184991070	184991170	RNA1821	100	20	0.050017636250049693	1.469590006308863e-05	0.95	200000.0
chr1	185014694	185014794	RNA1822	100	21	1.7518704962205775e-05	0.0	1.0	210000.0
chr1	185020376	185020476	RNA1823	100	17	6.312262260453792e-05	1.470200004405342e-05	1.0	170000.0
chr1	185104557	185104657	RNA1824	100	21	0.02753901420155238	0.0	0.9523809523809523	210000.0
chr1	185292228	185292309	RNA1825	81	10	1.0314269820810295e-05	0.0	1.0	123456.79012345678
chr1	185692132	185692223	RNA1826	91	12	9.802766650561049e-06	0.0	1.0	131868.13186813187
chr1	185693112	185693331	RNA1827	219	35	3.5706231054579786e-05	0.0	1.0	159817.3515981735
chr1	186246289	186246464	RNA1828	175	23	0.000454990937412173	0.0	1.0	131428.57142857142
chr1	186256069	186256169	RNA1829	100	20	0.01459807320102299	1.4696799553348685e-05	0.95	200000.0
chr1	187922291	187922545	RNA1830	254	58	0.00016411009216332176	1.4708250091644004e-05	1.0	228346.4566929134
chr1	187956663	187956791	RNA1831	128	24	0.0006399680841771736	0.0	1.0	187500.0
chr1	188453784	188455046	RNA1832	1261	232	0.011523336693730452	0.0	0.9741379310344828	183980.96748612213
chr1	188822485	188822739	RNA1833	254	53	0.00030310002127733265	0.0	1.0	208661.41732283463
chr1	188859292	188859546	RNA1834	253	1	0.0	0.0	1.0	3952.569169960474
chr1	188864113	188864367	RNA1835	254	62	0.032326528176004246	1.470889992560842e-05	0.967741935483871	244094.4881889764
chr1	189112297	189112551	RNA1836	253	42	1.716236879257573e-05	0.0	1.0	166007.90513833993
chr1	189128919	189129173	RNA1837	254	59	0.000403988866140529	1.470929964852985e-05	1.0	232283.46456692915
chr1	189139844	189140098	RNA1838	254	9	0.10979562011329513	0.0	0.8888888888888888	35433.07086614173
chr1	189769208	189769308	RNA1839	100	15	7.863373321015388e-06	0.0	1.0	150000.0
chr1	190042933	190043108	RNA1840	175	33	0.04962422004516129	1.4723200365551747e-05	0.9090909090909091	188571.42857142858
chr1	190046837	190047091	RNA1841	253	56	0.02649380242568051	1.473815018471214e-05	0.9642857142857143	221343.87351778656
chr1	191158969	191159144	RNA1842	175	31	0.032272767812819146	0.0	0.967741935483871	177142.85714285713
chr1	191162101	191162313	RNA1843	212	46	4.3254474605969565e-05	0.0	1.0	216981.13207547172
chr1	191180226	191180401	RNA1844	175	25	2.1756323767472725e-05	0.0	1.0	142857.14285714284
chr1	191181373	191181548	RNA1845	175	31	7.587764464974058e-06	0.0	1.0	177142.85714285713
chr1	191268210	191268385	RNA1846	175	40	2.6874507784667793e-05	1.471565019528498e-05	1.0	228571.42857142855
chr1	191292794	191292969	RNA1847	175	26	2.099273496451343e-05	7.364650173258269e-06	1.0	148571.42857142858
chr1	191292886	191293061	RNA1848	175	23	1.6039043776282983e-05	0.0	1.0	131428.57142857142
chr1	192152082	192152257	RNA1849	175	31	0.006597137086534908	0.0	0.967741935483871	177142.85714285713
chr1	193301854	193302108	RNA1850	254	48	0.020844974429091206	0.0	0.9791666666666666	188976.3779527559
chr1	195100645	195100857	RNA1851	212	38	0.034726084393098156	1.4698300219606608e-05	0.9210526315789473	179245.28301886792
chr1	195969806	195970018	RNA1852	212	0				0.0
chr1	196030536	196030748	RNA1853	212	58	0.0023063270772863925	0.0	0.9827586206896551	273584.90566037735
chr1	196031169	196031344	RNA1854	175	34	0.029378894198276502	0.0	0.9705882352941176	194285.7142857143
chr1	196038672	196038884	RNA1855	212	38	0.03140935203619895	0.0	0.9473684210526315	179245.28301886792
chr1	196618029	196618241	RNA1856	212	36	5.390406886362275e-05	0.0	1.0	169811.32075471696
chr1	196625445	196625657	RNA1857	212	45	0.00019798991902967062	0.0	1.0	212264.15094339623
chr1	196625561	196625773	RNA1858	212	58	0.0001490562381777245	1.4699599887535442e-05	1.0	273584.90566037735
chr1	197013527	197014080	RNA1859	553	96	0.011486784039324974	0.0	0.9791666666666666	173598.5533453888
chr1	197068351	197068563	RNA1860	212	51	0.0027313314719018883	1.4701099644298664e-05	0.9803921568627451	240566.03773584907
chr1	198154183	198154367	RNA1861	184	36	2.1231694315953636e-05	7.347749942709925e-06	1.0	195652.1739130435
chr1	198326560	198326719	RNA1862	159	28	0.023132972691330776	1.4699599887535442e-05	0.9642857142857143	176100.6289308176
chr1	200508566	200508732	RNA1863	166	33	0.004110723067766003	0.0	0.9696969696969697	198795.18072289156
chr1	200721140	200721316	RNA1864	176	43	0.04701438761538495	1.4739700418431312e-05	0.9534883720930233	244318.18181818182
chr1	200968557	200969110	RNA1865	553	115	0.009970796328177484	0.0	0.9826086956521739	207956.60036166367
chr1	200968724	200968936	RNA1866	212	55	0.01488337094021765	1.469590006308863e-05	0.9818181818181818	259433.96226415093
chr1	201885710	201886047	RNA1867	337	64	0.01577111014658783	1.4697199731017465e-05	0.984375	189910.97922848666
chr1	201887342	201887895	RNA1868	553	121	0.011471599024986989	1.4697699953103438e-05	0.9752066115702479	218806.50994575047
chr1	201980562	201981115	RNA1869	550	80	0.015884379550573154	1.469549988541985e-05	0.95	145454.54545454544
chr1	201981095	201981648	RNA1870	553	94	0.014897277752318566	1.4696349808218656e-05	0.9787234042553191	169981.91681735986
chr1	202017337	202017890	RNA1871	553	113	0.011427018897365106	1.4699399798701052e-05	0.9734513274336283	204339.96383363474
chr1	202025844	202026397	RNA1872	549	115	0.012363789491127647	0.0	0.9739130434782609	209471.766848816
chr1	202075936	202076120	RNA1873	184	27	0.0063730432991549015	0.0	0.9629629629629629	146739.13043478262
chr1	202120128	202120681	RNA1874	553	89	0.011372353658566934	0.0	0.9775280898876404	160940.3254972875
chr1	202328070	202328229	RNA1875	159	24	9.192795801027387e-06	0.0	1.0	150943.3962264151
chr1	202808868	202809367	RNA1876	499	100	0.010153406505523885	0.0	0.98	200400.8016032064
chr1	202984162	202984346	RNA1877	184	11	1.6047627055239744e-05	0.0	1.0	59782.608695652176
chr1	203001694	203002247	RNA1878	551	0				0.0
chr1	203080011	203080195	RNA1879	184	34	1.859522672020703e-05	7.349050065386109e-06	1.0	184782.60869565216
chr1	203082831	203083015	RNA1880	184	35	0.0037562285206149664	0.0	0.9714285714285714	190217.39130434784
chr1	203088770	203088954	RNA1881	184	34	1.426799412108855e-05	1.469744984206045e-05	1.0	184782.60869565216
chr1	203090113	203090297	RNA1882	184	33	0.030308380693923304	1.4699399798701052e-05	0.9696969696969697	179347.8260869565
chr1	203191792	203191951	RNA1883	159	28	1.469760708719726e-05	1.4696800008096034e-05	1.0	176100.6289308176
chr1	203192650	203192809	RNA1884	159	43	0.023277347902199663	1.469590006308863e-05	0.9767441860465116	270440.25157232705
chr1	203198268	203198452	RNA1885	184	35	1.0499342897674068e-05	1.4696799553348685e-05	1.0	190217.39130434784
chr1	203204016	203204175	RNA1886	159	22	1.870787264124374e-05	0.0	1.0	138364.77987421383
chr1	203312838	203312997	RNA1887	155	28	0.0029466670490429637	1.4805599676037671e-05	0.9642857142857143	180645.16129032258
chr1	203313447	203313606	RNA1888	159	27	3.593910002597795e-05	0.0	1.0	169811.32075471696
chr1	203431063	203431222	RNA1889	159	20	1.396501502312924e-05	7.348399776674342e-06	1.0	125786.16352201258
chr1	204063313	204063497	RNA1890	184	25	0.004976718924917799	1.4699399798701052e-05	0.96	135869.5652173913
chr1	204216491	204216650	RNA1891	159	28	3.097181115662678e-05	1.469744984206045e-05	1.0	176100.6289308176
chr1	204496106	204496265	RNA1892	151	8	0.00010612376445351126	7.422149792546406e-06	1.0	52980.132450331126
chr1	204497317	204497585	RNA1893	268	53	1.1928981192160688e-05	0.0	1.0	197761.19402985074
chr1	204503013	204503179	RNA1894	166	35	0.057194088733766475	0.0	0.9428571428571428	210843.37349397593
chr1	204559796	204559972	RNA1895	176	31	0.016319660343616565	1.4698999621032272e-05	0.9354838709677419	176136.36363636365
chr1	205328177	205328427	RNA1896	250	47	0.000398158389698624	1.4698999621032272e-05	1.0	188000.0
chr1	205367552	205367718	RNA1897	166	31	0.03305036297684461	1.4697699953103438e-05	0.967741935483871	186746.9879518072
chr1	205368588	205368754	RNA1898	166	31	0.04266231776572597	0.0	0.9354838709677419	186746.9879518072
chr1	205370175	205370341	RNA1899	166	32	2.4344643605894554e-05	0.0	1.0	192771.0843373494
chr1	205471235	205471401	RNA1900	166	51	0.04097306201075459	0.0	0.9215686274509803	307228.9156626506
chr1	205472422	205472598	RNA1901	163	20	0.08351528944217534	1.470414963478106e-05	0.9	122699.38650306748
chr1	205486955	205487121	RNA1902	164	33	0.01200273630520038	1.470200004405342e-05	0.9393939393939394	201219.51219512196
chr1	205490524	205490700	RNA1903	176	32	7.21195668233956e-05	1.4696799553348685e-05	1.0	181818.18181818182
chr1	205498332	205498508	RNA1904	176	45	0.00047439395247136446	0.0	1.0	255681.81818181818
chr1	205633608	205633774	RNA1905	166	41	1.0037646239739688e-05	0.0	1.0	246987.9518072289
chr1	205635325	205635662	RNA1906	336	60	2.2556958644294154e-05	1.4703499800816644e-05	1.0	178571.42857142858
chr1	205635392	205635568	RNA1907	175	34	3.287903879989529e-05	1.4705449757457245e-05	1.0	194285.7142857143
chr1	205639565	205639741	RNA1908	176	28	1.470343574640219e-05	1.4699150142405415e-05	1.0	159090.9090909091
chr1	205657003	205657179	RNA1909	176	31	3.557185473548488e-05	0.0	1.0	176136.36363636365
chr1	206166531	206166717	RNA1910	186	37	0.0009289956654086054	0.0	1.0	198924.7311827957
chr1	206464870	206465036	RNA1911	166	25	1.1760328088709542e-05	0.0	1.0	150602.40963855424
chr1	206468371	206468541	RNA1912	170	44	0.02593481354810219	7.347549853875535e-06	0.9318181818181818	258823.52941176473
chr1	206498335	206498672	RNA1913	337	60	0.007976972060760087	0.0	0.9833333333333333	178041.54302670623
chr1	206616493	206616830	RNA1914	337	61	0.01130988463243187	1.4698100130772218e-05	0.9672131147540983	181008.90207715135
chr1	206618713	206619050	RNA1915	337	70	1.4913381476485982e-05	0.0	1.0	207715.13353115728
chr1	206620919	206621095	RNA1916	176	45	2.1558284364190543e-05	0.0	1.0	255681.81818181818
chr1	206737822	206738159	RNA1917	337	52	0.025761193045145073	1.4698500308440998e-05	0.9423076923076923	154302.6706231454
chr1	206737826	206738163	RNA1918	337	52	0.025761193045145073	1.4698500308440998e-05	0.9423076923076923	154302.6706231454
chr1	206738378	206738459	RNA1919	81	12	1.3473158029834545e-05	7.348399776674342e-06	1.0	148148.14814814815
chr1	206738555	206738659	RNA1920	104	21	4.4117405542187435e-05	1.4699399798701052e-05	1.0	201923.07692307694
chr1	206739820	206740157	RNA1921	337	54	4.518565012605797e-05	1.4694649962621043e-05	1.0	160237.3887240356
chr1	206755387	206755886	RNA1922	499	102	0.0009464475515860764	0.0	0.9901960784313726	204408.81763527056
chr1	206956198	206956751	RNA1923	553	118	0.008664542439534777	0.0	0.9915254237288136	213381.55515370704
chr1	207642527	207643026	RNA1924	499	95	0.021111132878573503	0.0	0.9789473684210527	190380.7615230461
chr1	207642641	207642978	RNA1925	337	62	0.03227395236927482	0.0	0.967741935483871	183976.26112759643
chr1	207643201	207643700	RNA1926	499	88	0.01692526129360513	0.0	0.9772727272727273	176352.70541082165
chr1	207644056	207644555	RNA1927	496	98	0.009763898683958152	0.0	0.9795918367346939	197580.6451612903
chr1	207917960	207918459	RNA1928	499	91	0.011914853454442516	0.0	0.989010989010989	182364.72945891783
chr1	207926214	207926713	RNA1929	499	96	6.906361949176772e-05	0.0	1.0	192384.76953907814
chr1	207931247	207931746	RNA1930	499	79	0.0181912866452266	1.4697199731017465e-05	0.9746835443037974	158316.63326653306
chr1	207988910	207989069	RNA1931	159	37	1.0329753889448978e-05	0.0	1.0	232704.40251572328
chr1	207995151	207995335	RNA1932	184	44	0.003037655437724007	1.4701749933010433e-05	0.9772727272727273	239130.4347826087
chr1	208337747	208338246	RNA1933	499	101	0.008807244206557036	1.4698500308440998e-05	0.9900990099009901	202404.80961923848
chr1	208338078	208338237	RNA1934	159	34	0.0016578087228588257	1.4699399798701052e-05	1.0	213836.4779874214
chr1	208344419	208344687	RNA1935	268	54	8.411592682898425e-05	1.4697199731017465e-05	1.0	201492.53731343284
chr1	208346479	208346747	RNA1936	268	58	7.859024176937417e-06	0.0	1.0	216417.91044776118
chr1	208354820	208354979	RNA1937	159	31	9.009216140135146e-06	0.0	1.0	194968.55345911952
chr1	208356195	208356354	RNA1938	159	24	0.00017769327810886207	7.349250154220499e-06	1.0	150943.3962264151
chr1	208357537	208357805	RNA1939	265	46	3.070733903412684e-05	1.4698100130772218e-05	1.0	173584.90566037735
chr1	208363118	208363386	RNA1940	268	42	4.689280374458373e-05	0.0	1.0	156716.41791044778
chr1	208363320	208363479	RNA1941	159	34	5.0575195660603235e-05	0.0	1.0	213836.4779874214
chr1	209433488	209433738	RNA1942	250	54	0.001998301201436125	1.4699799976369832e-05	0.9814814814814815	216000.0
chr1	209433557	209433716	RNA1943	159	32	0.003340432283408737	1.4698749964736635e-05	0.96875	201257.86163522015
chr1	209433573	209433841	RNA1944	268	56	0.03763307790120506	1.4698500308440998e-05	0.9464285714285714	208955.223880597
chr1	209433953	209434112	RNA1945	159	42	1.854793791131534e-05	1.4697900041937828e-05	1.0	264150.9433962264
chr1	209438186	209438454	RNA1946	267	47	0.02142784639228069	0.0	0.9787234042553191	176029.9625468165
chr1	209508676	209508835	RNA1947	159	24	0.0804272144675527	1.4698099676024867e-05	0.875	150943.3962264151
chr1	209509056	209509324	RNA1948	268	62	0.00013797668725600904	0.0	1.0	231343.28358208956
chr1	210176206	210176392	RNA1949	186	39	1.7715930903827892e-05	0.0	1.0	209677.41935483873
chr1	210177036	210177286	RNA1950	250	44	0.023125640586406662	0.0	0.9772727272727273	176000.0
chr1	210197357	210197607	RNA1951	250	50	0.03414125848650655	0.0	0.92	200000.0
chr1	210199733	210199983	RNA1952	250	51	0.008617777660344701	0.0	0.9411764705882353	204000.0
chr1	210257210	210257460	RNA1953	250	52	0.019245470076926858	0.0	0.9807692307692307	208000.0
chr1	210263921	210264171	RNA1954	250	38	1.0058394716332642e-05	7.348849976551719e-06	1.0	152000.0
chr1	210312882	210313041	RNA1955	157	25	1.380729598167435e-05	0.0	1.0	159235.6687898089
chr1	210314696	210314872	RNA1956	176	25	3.645844772107976e-05	0.0	1.0	142045.45454545456
chr1	210316765	210317015	RNA1957	237	40	0.006548503979456647	7.348200142587302e-06	0.95	168776.37130801688
chr1	210318189	210318375	RNA1958	186	27	0.0002053371013567329	0.0	1.0	145161.29032258067
chr1	210319501	210319667	RNA1959	166	21	0.04862607062841562	0.0	0.9523809523809523	126506.02409638553
chr1	210319764	210319950	RNA1960	186	26	0.0001261241901164987	0.0	1.0	139784.94623655913
chr1	210321369	210321555	RNA1961	186	33	8.908991041993652e-06	0.0	1.0	177419.3548387097
chr1	210321651	210321919	RNA1962	268	69	0.0005560499517952699	1.4698500308440998e-05	1.0	257462.6865671642
chr1	210325246	210325416	RNA1963	170	25	0.0029158717530663085	0.0	0.96	147058.82352941178
chr1	210676309	210676390	RNA1964	81	17	5.9663565426646464e-05	0.0	1.0	209876.54320987655
chr1	210676332	210676436	RNA1965	104	19	6.962662188781504e-05	1.4698100130772218e-05	1.0	182692.3076923077
chr1	211213134	211213320	RNA1966	186	28	0.00033234546789831737	0.0	1.0	150537.63440860214
chr1	211217148	211217334	RNA1967	186	28	0.03573896250405336	7.347749942709925e-06	0.9642857142857143	150537.63440860214
chr1	211229602	211229788	RNA1968	186	37	0.027080262406933474	1.4697199731017465e-05	0.972972972972973	198924.7311827957
chr1	211232306	211232556	RNA1969	250	54	0.0022638218443818076	1.4703300166729605e-05	0.9629629629629629	216000.0
chr1	211238770	211238940	RNA1970	170	34	1.9475764769167118e-05	1.470910001444281e-05	1.0	200000.0
chr1	211325459	211325629	RNA1971	170	28	1.6799760585071995e-05	0.0	1.0	164705.88235294117
chr1	211325802	211325972	RNA1972	170	39	2.0350189539056908e-05	1.4694600395159796e-05	1.0	229411.76470588235
chr1	211444544	211444714	RNA1973	170	27	0.037044659155880164	0.0	0.9629629629629629	158823.5294117647
chr1	211445275	211445445	RNA1974	170	27	0.0005549893590392036	1.4696799553348685e-05	1.0	158823.5294117647
chr1	211526427	211526597	RNA1975	170	45	0.04515121405990309	1.4699799976369832e-05	0.9555555555555556	264705.8823529412
chr1	211554358	211554462	RNA1976	104	17	0.00015218588743984936	1.4698100130772218e-05	1.0	163461.53846153847
chr1	211554712	211554793	RNA1977	81	18	1.1436500093016852e-05	1.470005008741282e-05	1.0	222222.22222222222
chr1	211627062	211627399	RNA1978	337	59	0.0006249095721752847	0.0	1.0	175074.18397626112
chr1	211628059	211628140	RNA1979	81	7	8.398157141138135e-06	1.469549988541985e-05	1.0	86419.75308641975
chr1	211628504	211628585	RNA1980	81	16	1.9290581519722993e-05	0.0	1.0	197530.86419753084
chr1	211633129	211633233	RNA1981	104	34	0.019153280202317536	1.4699399798701052e-05	0.9411764705882353	326923.07692307694
chr1	211634217	211634321	RNA1982	104	12	0.0027145642307762788	1.4697050119139021e-05	1.0	115384.61538461539
chr1	211728030	211728111	RNA1983	81	15	1.9682000129250808e-06	0.0	1.0	185185.18518518517
chr1	211728038	211728142	RNA1984	104	17	1.7366470702280127e-06	0.0	1.0	163461.53846153847
chr1	211728284	211728388	RNA1985	104	16	2.2996087295721068e-05	0.0	1.0	153846.15384615384
chr1	211728750	211728831	RNA1986	77	17	0.059018349247815086	2.9408300179056823e-05	0.9411764705882353	220779.22077922078
chr1	211735829	211735910	RNA1987	81	16	0.03318011334812354	0.0	0.9375	197530.86419753084
chr1	211736965	211737069	RNA1988	104	22	0.00013695600451186962	0.0	1.0	211538.46153846153
chr1	212111386	212111572	RNA1989	186	33	0.0007296555359613206	1.469549988541985e-05	1.0	177419.3548387097
chr1	212425540	212425710	RNA1990	170	36	3.4704188515709064e-05	1.4699599887535442e-05	1.0	211764.70588235295
chr1	212666882	212666963	RNA1991	81	17	1.8157964618960964e-05	1.4699399798701052e-05	1.0	209876.54320987655
chr1	212682468	212682572	RNA1992	104	14	2.0998599406337717e-05	0.0	1.0	134615.3846153846
chr1	212816992	212817491	RNA1993	499	91	0.01175653884783369	1.4701099644298664e-05	0.978021978021978	182364.72945891783
chr1	214213945	214214263	RNA1994	284	60	0.003844106121217304	0.0	0.9833333333333333	211267.6056338028
chr1	214250628	214250896	RNA1995	268	51	0.0077655737926333466	0.0	0.9803921568627451	190298.50746268657
chr1	214252813	214252972	RNA1996	159	22	0.04547058371347454	0.0	0.9545454545454546	138364.77987421383
chr1	214554000	214554133	RNA1997	133	18	0.05686404815600729	1.4697199731017465e-05	0.8888888888888888	135338.34586466165
chr1	215003366	215003616	RNA1998	250	50	0.0011490331681488827	0.0	0.98	200000.0
chr1	215622638	215622824	RNA1999	174	42	0.04266669653887739	0.0	0.9285714285714286	241379.3103448276
chr1	216427542	216427712	RNA2000	170	34	6.1403956806314e-05	0.0	1.0	200000.0
chr1	216498208	216498289	RNA2001	81	18	0.00033728795940785456	1.469984999857843e-05	1.0	222222.22222222222
chr1	216500518	216500622	RNA2002	104	26	1.8659619469800843e-05	0.0	1.0	250000.0
chr1	217145273	217145433	RNA2003	160	35	9.245757090476608e-06	0.0	1.0	218750.0
chr1	218075987	218076305	RNA2004	318	77	0.014017689504560784	0.0	0.974025974025974	242138.36477987422
chr1	218451336	218451469	RNA2005	133	32	1.0105184429676228e-05	7.348200142587302e-06	1.0	240601.50375939847
chr1	218686190	218686508	RNA2006	318	69	0.00023137215117932053	0.0	1.0	216981.13207547172
chr1	218686675	218686993	RNA2007	318	46	0.007258729243897939	0.0	0.9782608695652174	144654.08805031446
chr1	218686733	218686866	RNA2008	133	13	1.6959369391904395e-05	0.0	1.0	97744.36090225563
chr1	218686773	218687091	RNA2009	318	43	0.0007712501783105294	1.4698500308440998e-05	1.0	135220.12578616352
chr1	218686813	218686946	RNA2010	133	13	2.148485390744201e-05	0.0	1.0	97744.36090225563
chr1	218687034	218687167	RNA2011	133	33	0.012294287687478625	1.469549988541985e-05	0.9696969696969697	248120.3007518797
chr1	219613622	219613755	RNA2012	133	0				0.0
chr1	219614174	219614492	RNA2013	318	0				0.0
chr1	219614979	219615297	RNA2014	318	0				0.0
chr1	219615743	219616061	RNA2015	318	0				0.0
chr1	219618338	219618471	RNA2016	133	0				0.0
chr1	219638354	219638487	RNA2017	133	26	0.0143453412636238	0.0	0.9615384615384616	195488.72180451127
chr1	220090743	220091061	RNA2018	309	36	1.1841255450740897e-05	1.474839973525377e-05	1.0	116504.85436893204
chr1	220527714	220527847	RNA2019	133	22	0.03180505513637399	1.4705250123370206e-05	0.9545454545454546	165413.53383458644
chr1	220785102	220785262	RNA2020	160	19	0.0002400287324378831	1.469590006308863e-05	1.0	118750.0
chr1	221767090	221767250	RNA2021	160	31	0.02429496096359681	0.0	0.967741935483871	193750.0
chr1	221768192	221768352	RNA2022	160	25	0.03501630484337511	1.4698100130772218e-05	0.96	156250.0
chr1	221769359	221769519	RNA2023	160	25	0.040064099186929526	0.0	0.96	156250.0
chr1	222471023	222471183	RNA2024	150	0				0.0
chr1	222471427	222471587	RNA2025	160	0				0.0
chr1	222471529	222471689	RNA2026	160	0				0.0
chr1	223012304	223012464	RNA2027	160	31	1.0904677383810086e-05	0.0	1.0	193750.0
chr1	223933208	223933526	RNA2028	0	0				
chr1	224380427	224380560	RNA2029	133	15	6.564399845955922e-05	0.0	1.0	112781.95488721805
chr1	225399810	225400086	RNA2030	276	55	0.0196387065297875	1.4703699889651034e-05	0.9454545454545454	199275.36231884058
chr1	226217743	226217854	RNA2031	111	17	3.458344166145977e-05	1.469590006308863e-05	1.0	153153.15315315314
chr1	226842927	226843087	RNA2032	160	36	0.00024342979771871094	1.471110044803936e-05	1.0	225000.0
chr1	228984884	228985160	RNA2033	276	64	0.008340660687395026	1.4695950085297227e-05	0.984375	231884.0579710145
chr1	229909917	229910193	RNA2034	276	60	0.016685286827168962	7.348849976551719e-06	0.9833333333333333	217391.30434782608
chr1	229980856	229981088	RNA2035	232	52	0.03851554131338512	1.4699399798701052e-05	0.9615384615384616	224137.93103448275
chr1	229984176	229984452	RNA2036	276	57	0.017593925258983	1.4699799976369832e-05	0.9824561403508771	206521.73913043478
chr1	229984970	229985215	RNA2037	245	56	2.310522508455708e-05	0.0	1.0	228571.42857142855
chr1	229994649	229994925	RNA2038	276	55	0.01498777154745105	0.0	0.9818181818181818	199275.36231884058
chr1	230007807	230008083	RNA2039	276	60	0.01537720833349946	1.4695050140289823e-05	0.9833333333333333	217391.30434782608
chr1	230012975	230013251	RNA2040	276	58	0.0026871238746307667	7.349499810516136e-06	0.9827586206896551	210144.92753623187
chr1	230028013	230028289	RNA2041	276	53	0.038016776180981815	0.0	0.9622641509433962	192028.98550724637
chr1	230282289	230282400	RNA2042	111	19	1.083258953976359e-05	1.4698500308440998e-05	1.0	171171.17117117118
chr1	231012413	231012689	RNA2043	276	63	0.021170816877158705	1.470159986638464e-05	0.9682539682539683	228260.86956521738
chr1	231089901	231090012	RNA2044	111	30	2.2055999973719458e-05	1.4701099644298664e-05	1.0	270270.2702702703
chr1	231139006	231139117	RNA2045	111	21	6.2993285176898575e-06	0.0	1.0	189189.1891891892
chr1	231155403	231155514	RNA2046	111	23	0.0003695279130782975	1.4697699953103438e-05	1.0	207207.2072072072
chr1	231222928	231223039	RNA2047	111	51	0.0002823066238395708	1.47024002217222e-05	1.0	459459.45945945947
chr1	231223146	231223257	RNA2048	111	19	0.032397035324241805	1.4706700312672185e-05	0.8947368421052632	171171.17117117118
chr1	231286166	231286277	RNA2049	111	19	0.05369619404174093	1.4698999621032272e-05	0.9473684210526315	171171.17117117118
chr1	232195597	232195708	RNA2050	111	12	4.2864666814536064e-05	1.4697199731017465e-05	1.0	108108.10810810812
chr1	233489128	233489360	RNA2051	232	46	0.024018816154278713	1.469529979658546e-05	0.9565217391304348	198275.86206896554
chr1	233890163	233890408	RNA2052	245	15	1.2741133468807675e-05	1.4700300198455809e-05	1.0	61224.489795918365
chr1	233896077	233896309	RNA2053	232	48	7.165317966458196e-05	1.4697699953103438e-05	1.0	206896.55172413794
chr1	234809106	234809338	RNA2054	232	48	0.00012319810196003965	1.470869983677403e-05	1.0	206896.55172413794
chr1	234809437	234809682	RNA2055	245	40	0.0022473333863217647	1.470889992560842e-05	0.975	163265.30612244896
chr1	234943953	234944185	RNA2056	232	46	0.0034034557656132404	1.4698999621032272e-05	0.9782608695652174	198275.86206896554
chr1	234944675	234944920	RNA2057	245	32	0.014070816807560503	0.0	0.96875	130612.2448979592
chr1	234951265	234951497	RNA2058	232	43	0.044365088564539516	1.4697699953103438e-05	0.9302325581395349	185344.8275862069
chr1	234951436	234951681	RNA2059	239	45	0.010011636655488272	0.0	0.9777777777777777	188284.51882845187
chr1	234985567	234985799	RNA2060	232	0				0.0
chr1	234985569	234985814	RNA2061	245	0				0.0
chr1	234986309	234986541	RNA2062	232	38	0.13165426970231478	1.4732950148754753e-05	0.868421052631579	163793.10344827586
chr1	234999023	234999268	RNA2063	245	66	0.015163989516636459	0.0	0.9848484848484849	269387.7551020408
chr1	235000103	235000379	RNA2064	276	65	0.032139877604654775	1.4700700376124589e-05	0.9384615384615385	235507.24637681158
chr1	235057361	235057593	RNA2065	232	41	2.2973431419455927e-05	0.0	1.0	176724.13793103446
chr1	235058144	235058389	RNA2066	243	42	0.024244157106057256	1.469744984206045e-05	0.9761904761904762	172839.5061728395
chr1	235888554	235888786	RNA2067	232	42	0.012024239331995408	7.347950031544315e-06	0.9523809523809523	181034.4827586207
chr1	235888847	235889092	RNA2068	245	53	0.029014461967562962	1.4700300198455809e-05	0.9622641509433962	216326.5306122449
chr1	236141697	236141808	RNA2069	111	23	0.00014635965797661114	0.0	1.0	207207.2072072072
chr1	237834750	237834982	RNA2070	232	49	0.0004119986846749904	0.0	1.0	211206.89655172414
chr1	238046673	238046905	RNA2071	231	43	0.00022112130246505172	0.0	1.0	186147.18614718615
chr1	238057786	238058018	RNA2072	232	54	0.0026604645455605602	7.347950031544315e-06	1.0	232758.62068965516
chr1	238059313	238059545	RNA2073	232	44	9.021718142321333e-06	0.0	1.0	189655.1724137931
chr1	238627931	238628163	RNA2074	232	56	4.6208500098793996e-05	1.470200004405342e-05	1.0	241379.3103448276
chr1	238628925	238629157	RNA2075	232	50	2.8518431845437516e-05	0.0	1.0	215517.24137931032
chr1	238628942	238629174	RNA2076	232	53	2.496283938836199e-05	0.0	1.0	228448.275862069
chr1	239377669	239377901	RNA2077	232	54	0.038382263912639984	0.0	0.9629629629629629	232758.62068965516
chr1	239953204	239953436	RNA2078	232	0				0.0
chr1	239955501	239955746	RNA2079	245	0				0.0
chr1	240477807	240477937	RNA2080	129	39	0.01822754435096822	1.4700300198455809e-05	0.8974358974358975	302325.5813953488
chr1	243121642	243121874	RNA2081	232	0				0.0
chr1	244138635	244138765	RNA2082	130	32	0.022631077368771454	1.4698099676024867e-05	0.96875	246153.84615384616
chr1	245127405	245127535	RNA2083	130	17	4.5901882752807206e-05	1.4707199625263456e-05	1.0	130769.23076923078
chr1	245134572	245134702	RNA2084	130	35	0.028589488434174973	1.4697699953103438e-05	0.9714285714285714	269230.7692307692
chr1	245135767	245135897	RNA2085	130	20	0.10001485070060882	1.4777149772271514e-05	0.9	153846.15384615384
chr1	245709661	245709791	RNA2086	130	28	0.03571691057881514	0.0	0.9642857142857143	215384.6153846154
chr1	245710448	245710578	RNA2087	130	18	0.01047752519343703	1.4695950085297227e-05	0.9444444444444444	138461.53846153847
chr1	245710465	245710595	RNA2088	130	16	0.01178078574275787	0.0	0.9375	123076.92307692308
chr1	246508092	246508222	RNA2089	130	0				0.0
chr10	38874	39239	RNA2090	0	0				
chr10	39065	39430	RNA2091	0	0				
chr10	39211	39576	RNA2092	86	0				0.0
chr10	772405	772770	RNA2093	365	88	0.026230358056409383	1.4695050140289823e-05	0.9659090909090909	241095.8904109589
chr10	772474	772839	RNA2094	365	77	0.0260230836866194	1.469509970775107e-05	0.974025974025974	210958.90410958903
chr10	772519	772884	RNA2095	365	71	0.028223873343270325	1.4694600395159796e-05	0.971830985915493	194520.54794520547
chr10	777322	777429	RNA2096	105	0				0.0
chr10	777485	777754	RNA2097	71	0				0.0
chr10	805404	805673	RNA2098	269	74	0.007404145927343834	1.4698100130772218e-05	0.9864864864864865	275092.93680297397
chr10	805408	805677	RNA2099	269	73	0.007505371240045383	1.4698100130772218e-05	0.9863013698630136	271375.46468401485
chr10	805777	806046	RNA2100	269	62	1.4702387048716196e-05	0.0	1.0	230483.27137546468
chr10	806125	806338	RNA2101	213	42	2.8002162534468883e-05	1.470005008741282e-05	1.0	197183.0985915493
chr10	1737623	1737892	RNA2102	269	73	1.0471424515069902e-05	0.0	1.0	271375.46468401485
chr10	1737932	1738201	RNA2103	269	50	0.020037030323201175	1.4695950085297227e-05	0.98	185873.60594795537
chr10	1738038	1738403	RNA2104	363	71	0.024325941205269125	1.469590006308863e-05	0.9577464788732394	195592.2865013774
chr10	1738103	1738372	RNA2105	267	49	0.035240294248384936	1.4696799553348685e-05	0.9387755102040817	183520.59925093633
chr10	1738106	1738352	RNA2106	244	46	0.03753729626894551	1.4696349808218656e-05	0.9347826086956522	188524.59016393442
chr10	1909344	1909557	RNA2107	213	48	0.02689057732137219	7.354899935307912e-06	0.9583333333333334	225352.11267605633
chr10	1962710	1962923	RNA2108	213	46	0.00867350384736631	0.0	0.9782608695652174	215962.441314554
chr10	1962858	1963071	RNA2109	213	48	4.898506362375324e-05	0.0	1.0	225352.11267605633
chr10	2085008	2085188	RNA2110	180	52	1.2723653893631326e-05	0.0	1.0	288888.8888888889
chr10	2092885	2093098	RNA2111	213	70	0.003699908210429769	7.348200142587302e-06	0.9857142857142858	328638.4976525822
chr10	2095038	2095251	RNA2112	213	64	0.0015175701299057196	7.347749942709925e-06	0.984375	300469.4835680751
chr10	2113904	2114072	RNA2113	168	30	1.2741486534647928e-05	0.0	1.0	178571.42857142858
chr10	2138861	2139074	RNA2114	213	34	2.118515872365461e-05	1.469744984206045e-05	1.0	159624.4131455399
chr10	2650611	2650880	RNA2115	269	67	0.0016014777895396728	1.4696400285174605e-05	0.9850746268656716	249070.63197026023
chr10	2990372	2990552	RNA2116	180	0				0.0
chr10	3014472	3014685	RNA2117	213	54	0.03893345703767812	1.4696599919261644e-05	0.9259259259259259	253521.12676056338
chr10	3024534	3024702	RNA2118	166	0				0.0
chr10	3025151	3025319	RNA2119	168	0				0.0
chr10	3025933	3026113	RNA2120	178	0				0.0
chr10	3026189	3026357	RNA2121	168	0				0.0
chr10	3026217	3026397	RNA2122	180	0				0.0
chr10	3185821	3185989	RNA2123	166	63	0.0007301011580657539	1.4861499948892742e-05	1.0	379518.0722891566
chr10	3187701	3187881	RNA2124	180	32	0.057558242957668426	1.4696150174131617e-05	0.9375	177777.77777777778
chr10	3187960	3188128	RNA2125	168	32	0.0005273521088326946	1.4696999642183075e-05	1.0	190476.19047619047
chr10	3192505	3192685	RNA2126	180	46	2.5614354478377914e-05	7.349050065386109e-06	1.0	255555.55555555553
chr10	3193106	3193286	RNA2127	180	32	1.745308762224203e-05	0.0	1.0	177777.77777777778
chr10	3227751	3227919	RNA2128	167	33	0.015588759983791422	0.0	0.9696969696969697	197604.79041916167
chr10	3774063	3774227	RNA2129	164	42	0.0023450885926303293	7.348399776674342e-06	0.9761904761904762	256097.56097560975
chr10	4095172	4095352	RNA2130	180	40	0.006937290200971796	0.0	0.975	222222.22222222222
chr10	4134721	4134889	RNA2131	168	43	3.9657413845960535e-05	1.4697699953103438e-05	1.0	255952.38095238092
chr10	4276852	4277099	RNA2132	247	57	0.023410486440840473	0.0	0.9649122807017544	230769.23076923078
chr10	4545577	4545684	RNA2133	107	27	1.905449964935768e-05	1.469590006308863e-05	1.0	252336.4485981308
chr10	4547679	4547843	RNA2134	164	39	1.3572707757703029e-05	1.4697199731017465e-05	1.0	237804.8780487805
chr10	4554191	4554355	RNA2135	164	32	1.5619603090044268e-05	0.0	1.0	195121.9512195122
chr10	4566542	4566706	RNA2136	164	42	0.012321368800474453	0.0	0.9523809523809523	256097.56097560975
chr10	4785191	4785355	RNA2137	164	33	7.126496932345837e-06	0.0	1.0	201219.51219512196
chr10	4785247	4785411	RNA2138	164	37	0.024853720889999802	0.0	0.972972972972973	225609.75609756098
chr10	4786359	4786523	RNA2139	164	33	0.0002819969546235853	0.0	1.0	201219.51219512196
chr10	5468520	5468681	RNA2140	161	45	1.6657653274401185e-05	1.4697699953103438e-05	1.0	279503.1055900621
chr10	5496538	5496645	RNA2141	107	16	0.06250918890611956	0.0	0.9375	149532.7102803738
chr10	5568935	5569042	RNA2142	107	20	4.115561587240706e-05	1.4698100130772218e-05	1.0	186915.8878504673
chr10	5569541	5569648	RNA2143	107	19	0.018158153024495197	0.0	0.9473684210526315	177570.0934579439
chr10	5636507	5636614	RNA2144	107	21	0.04724814670273537	1.4899999769113492e-05	0.9523809523809523	196261.68224299065
chr10	5637549	5637656	RNA2145	107	20	0.0003961021028771932	7.347749942709925e-06	1.0	186915.8878504673
chr10	5668634	5668999	RNA2146	365	66	0.011346555857044496	1.4696599919261644e-05	0.9848484848484849	180821.91780821918
chr10	5675980	5676144	RNA2147	164	32	0.026318884313553774	7.348200142587302e-06	0.9375	195121.9512195122
chr10	5683343	5683450	RNA2148	107	19	0.10581394745857228	1.4697199731017465e-05	0.8947368421052632	177570.0934579439
chr10	5684360	5684606	RNA2149	246	63	0.011648662035527405	1.4696799553348685e-05	0.9682539682539683	256097.56097560975
chr10	6117503	6117716	RNA2150	210	0				0.0
chr10	6117716	6117962	RNA2151	246	0				0.0
chr10	6118050	6118296	RNA2152	217	0				0.0
chr10	6118461	6118568	RNA2153	107	0				0.0
chr10	6118563	6118809	RNA2154	244	0				0.0
chr10	6118731	6119000	RNA2155	267	0				0.0
chr10	7120094	7120340	RNA2156	246	52	0.004561228659283111	0.0	0.9807692307692307	211382.11382113822
chr10	7121344	7121590	RNA2157	246	50	5.9382473500589345e-05	0.0	1.0	203252.03252032519
chr10	7124229	7124475	RNA2158	246	35	0.05131496106589891	1.4696400285174605e-05	0.9428571428571428	142276.42276422764
chr10	7124448	7124976	RNA2159	528	95	0.012180711299515675	0.0	0.9789473684210527	179924.24242424243
chr10	7750092	7750338	RNA2160	246	45	9.114916805022618e-05	0.0	1.0	182926.82926829267
chr10	7750630	7750810	RNA2161	180	42	0.0002660103714550215	1.4697699953103438e-05	1.0	233333.33333333334
chr10	8090516	8090684	RNA2162	168	40	0.011062327166814606	1.4696999642183075e-05	0.975	238095.23809523808
chr10	8269747	8269994	RNA2163	170	18	0.11110154624273288	1.9074000192631502e-05	0.8888888888888888	105882.35294117648
chr10	8372404	8372651	RNA2164	247	49	2.1719673636002658e-05	0.0	1.0	198380.56680161945
chr10	8372721	8372968	RNA2165	235	48	0.024414174466357963	1.4700700376124589e-05	0.9583333333333334	204255.31914893616
chr10	8377248	8377495	RNA2166	247	53	0.00011705702350157186	0.0	1.0	214574.8987854251
chr10	9313772	9314019	RNA2167	247	37	0.01238866108724323	1.4698100130772218e-05	0.972972972972973	149797.57085020244
chr10	9315031	9315278	RNA2168	247	61	0.03517876346688621	1.4698500308440998e-05	0.9508196721311475	246963.56275303644
chr10	9338936	9339097	RNA2169	161	29	0.07451547947575504	0.0	0.896551724137931	180124.22360248448
chr10	9350890	9351054	RNA2170	164	30	0.033376940119918194	1.4698100130772218e-05	0.9666666666666667	182926.82926829267
chr10	9363393	9363640	RNA2171	247	47	0.02020778728541351	1.4698100130772218e-05	0.9574468085106383	190283.40080971658
chr10	9946678	9946839	RNA2172	161	27	0.01831513867216051	1.4699799976369832e-05	0.9629629629629629	167701.86335403728
chr10	9946774	9947021	RNA2173	247	55	0.0001782709564973901	1.4701099644298664e-05	1.0	222672.06477732793
chr10	9947023	9947130	RNA2174	107	18	1.3069033431949922e-05	0.0	1.0	168224.29906542055
chr10	9947227	9947388	RNA2175	161	54	0.02599218640901839	1.4705899957334624e-05	0.9629629629629629	335403.72670807457
chr10	9947233	9947394	RNA2176	161	55	0.025520135694320985	1.4705899957334624e-05	0.9636363636363636	341614.9068322981
chr10	10762753	10762914	RNA2177	161	34	0.05206922585191077	1.4698100130772218e-05	0.9411764705882353	211180.1242236025
chr10	10763876	10764037	RNA2178	161	31	1.1378767545289931e-05	1.469590006308863e-05	1.0	192546.58385093167
chr10	10764145	10764306	RNA2179	161	29	0.0066654658973267665	0.0	0.9310344827586207	180124.22360248448
chr10	10796209	10796737	RNA2180	528	83	0.0008695253558668634	1.4696799553348685e-05	0.9879518072289156	157196.9696969697
chr10	11459766	11459927	RNA2181	156	33	0.030322387893895873	1.4698100130772218e-05	0.9696969696969697	211538.46153846153
chr10	11724516	11724762	RNA2182	243	73	0.015120730790080758	1.4745300177310128e-05	0.9863013698630136	300411.52263374487
chr10	11741477	11742005	RNA2183	528	123	0.0160515618480701	1.4697199731017465e-05	0.975609756097561	232954.54545454544
chr10	11818524	11819052	RNA2184	528	111	0.021482249120299047	1.4697199731017465e-05	0.972972972972973	210227.27272727274
chr10	11822317	11822845	RNA2185	528	91	0.0014876751685513425	0.0	0.989010989010989	172348.48484848486
chr10	12250962	12251490	RNA2186	528	119	0.008408057166384767	1.4697199731017465e-05	0.9915966386554622	225378.78787878787
chr10	12251268	12251796	RNA2187	525	106	0.023431411440032086	1.4699399798701052e-05	0.9622641509433962	201904.7619047619
chr10	12251867	12252395	RNA2188	528	136	0.014971572343898405	1.4701349755341653e-05	0.9779411764705882	257575.75757575757
chr10	12252790	12253430	RNA2189	640	135	0.013603125681853538	1.4698999621032272e-05	0.9777777777777777	210937.5
chr10	12842437	12842965	RNA2190	528	90	2.2211586747286582e-05	1.4697699953103438e-05	1.0	170454.54545454544
chr10	13585930	13586177	RNA2191	247	49	1.4102977525462865e-05	0.0	1.0	198380.56680161945
chr10	15451232	15451393	RNA2192	161	34	0.011655592594706828	7.347950031544315e-06	0.9411764705882353	211180.1242236025
chr10	15726086	15726614	RNA2193	519	95	0.05265694605058295	1.4696799553348685e-05	0.9473684210526315	183044.31599229286
chr10	15729985	15730625	RNA2194	640	154	9.346587436887486e-05	0.0	1.0	240625.0
chr10	15733353	15733993	RNA2195	638	151	0.0066496148504104685	1.4699399798701052e-05	0.9933774834437086	236677.11598746083
chr10	15734774	15735414	RNA2196	637	150	0.01210434795151741	1.470220013288781e-05	0.9866666666666667	235478.8069073783
chr10	15735501	15736141	RNA2197	640	137	0.00759136266689866	0.0	0.9927007299270073	214062.5
chr10	17238941	17239058	RNA2198	117	27	0.03698366889279391	0.0	0.9629629629629629	230769.23076923078
chr10	17238944	17239584	RNA2199	640	119	0.04214805509567699	0.0	0.957983193277311	185937.5
chr10	17239613	17240253	RNA2200	640	130	0.017533192904675858	0.0	0.9769230769230769	203125.0
chr10	17299837	17300477	RNA2201	640	119	0.0005889479223681634	0.0	0.9915966386554622	185937.5
chr10	18137934	18138574	RNA2202	640	136	0.005955544867447314	0.0	0.9852941176470589	212500.0
chr10	18695511	18695644	RNA2203	133	61	0.010815770203348092	1.4698100130772218e-05	0.9836065573770492	458646.61654135335
chr10	20292860	20292977	RNA2204	117	29	0.14129885515595905	1.4698999621032272e-05	0.8275862068965517	247863.24786324787
chr10	20681195	20681312	RNA2205	117	27	0.006011739165202279	1.4698100130772218e-05	0.9629629629629629	230769.23076923078
chr10	20682171	20682288	RNA2206	114	29	0.00010447712812209942	1.4958000065234955e-05	1.0	254385.9649122807
chr10	20691417	20691534	RNA2207	117	27	6.805146889139909e-05	1.4698100130772218e-05	1.0	230769.23076923078
chr10	21376083	21376200	RNA2208	117	38	6.698594042493974e-05	1.4704200111737007e-05	1.0	324786.3247863248
chr10	21378041	21378158	RNA2209	117	27	0.07409891963730102	1.4849600120214744e-05	0.9259259259259259	230769.23076923078
chr10	21378679	21378796	RNA2210	117	32	0.0006932031337782888	1.4697900041937828e-05	1.0	273504.27350427356
chr10	21753610	21754082	RNA2211	472	115	0.0002114682485625936	0.0	1.0	243644.06779661015
chr10	21753958	21754071	RNA2212	113	30	2.254682967758986e-05	1.4699150142405415e-05	1.0	265486.72566371685
chr10	22123710	22124350	RNA2213	634	7	6.386985530428189e-06	0.0	1.0	11041.009463722397
chr10	22124293	22124410	RNA2214	117	0				0.0
chr10	22511200	22511333	RNA2215	133	25	4.7144607924564057e-05	0.0	1.0	187969.92481203008
chr10	22745510	22745843	RNA2216	333	73	0.018244474816951062	0.0	0.9726027397260274	219219.21921921923
chr10	23202038	23202171	RNA2217	133	28	0.0005590191486005215	0.0	1.0	210526.31578947368
chr10	23202118	23202251	RNA2218	133	22	0.00017836616875270344	0.0	1.0	165413.53383458644
chr10	23202236	23202369	RNA2219	133	39	8.29072357821401e-05	0.0	1.0	293233.0827067669
chr10	23389476	23389609	RNA2220	133	29	3.246584809199006e-05	0.0	1.0	218045.11278195487
chr10	23391688	23391821	RNA2221	133	35	0.02859956972336346	0.0	0.9714285714285714	263157.8947368421
chr10	23435991	23436124	RNA2222	133	26	7.3498614396017865e-06	0.0	1.0	195488.72180451127
chr10	24563755	24563888	RNA2223	133	23	0.001536461244185086	1.4696400285174605e-05	1.0	172932.33082706766
chr10	24828238	24828355	RNA2224	117	25	0.039117576034986994	0.0	0.96	213675.21367521366
chr10	26216490	26216603	RNA2225	113	29	0.02843110587961966	1.4698500308440998e-05	0.9655172413793104	256637.16814159293
chr10	26307827	26307944	RNA2226	117	20	0.05001135824377343	0.0	0.9	170940.17094017094
chr10	26311168	26311640	RNA2227	472	100	0.022053732295926234	0.0	0.95	211864.40677966102
chr10	26435756	26436228	RNA2228	472	81	0.004799558114562517	0.0	0.9876543209876543	171610.16949152542
chr10	26438185	26438298	RNA2229	113	37	3.4967865094829735e-05	0.0	1.0	327433.62831858406
chr10	26567844	26567957	RNA2230	113	18	1.3882505653681517e-05	1.4698549875902245e-05	1.0	159292.03539823007
chr10	26568567	26569039	RNA2231	471	91	0.012716362564028562	0.0	0.978021978021978	193205.9447983015
chr10	26569259	26569731	RNA2232	472	88	1.3698100081620383e-05	0.0	1.0	186440.6779661017
chr10	26570060	26570173	RNA2233	113	23	2.1724704746026782e-05	0.0	1.0	203539.82300884958
chr10	26878610	26879082	RNA2234	472	91	3.26248467959818e-05	1.469509970775107e-05	1.0	192796.61016949153
chr10	26882168	26882349	RNA2235	181	40	0.0004877841567804281	0.0	1.0	220994.47513812155
chr10	26884410	26884523	RNA2236	113	25	0.08005115183608721	1.4698500308440998e-05	0.92	221238.93805309734
chr10	26885885	26886218	RNA2237	333	48	6.188286319759477e-05	0.0	1.0	144144.14414414414
chr10	26890353	26890466	RNA2238	113	27	0.0006185700938793283	1.4698999621032272e-05	1.0	238938.05309734514
chr10	26890698	26891170	RNA2239	472	102	0.018211429627822944	1.4696150174131617e-05	0.9803921568627451	216101.69491525425
chr10	26892536	26892649	RNA2240	113	26	0.0001098421343368229	1.4851450032438152e-05	1.0	230088.49557522123
chr10	26893016	26893488	RNA2241	472	106	0.01627952246396815	0.0	0.9811320754716981	224576.2711864407
chr10	27348260	27348371	RNA2242	36	6	0.00044915980015501443	7.923449629743118e-06	1.0	166666.66666666666
chr10	27622810	27623282	RNA2243	472	87	0.012114649975119804	1.4696400285174605e-05	0.9885057471264368	184322.0338983051
chr10	27623982	27624095	RNA2244	113	20	0.002081494308004038	1.4697900041937828e-05	1.0	176991.15044247787
chr10	27644958	27645291	RNA2245	311	52	0.010260047332044794	1.4720149920322001e-05	0.9615384615384616	167202.57234726686
chr10	27655501	27655834	RNA2246	333	59	0.03582047080108477	0.0	0.9491525423728814	177177.1771771772
chr10	27659377	27659710	RNA2247	333	74	0.01597506655579727	1.4698300219606608e-05	0.9594594594594594	222222.22222222222
chr10	27772594	27772927	RNA2248	333	61	0.016405975667112216	1.469590006308863e-05	0.9836065573770492	183183.1831831832
chr10	27773652	27773985	RNA2249	333	56	0.017873158046362338	0.0	0.9821428571428571	168168.1681681682
chr10	27773912	27774245	RNA2250	333	57	2.2837506995732623e-05	1.4698999621032272e-05	1.0	171171.17117117118
chr10	28343435	28343568	RNA2251	133	25	0.07371422081872879	0.0	0.84	187969.92481203008
chr10	28344996	28345332	RNA2252	336	64	0.02301840040109937	7.348399776674342e-06	0.9375	190476.19047619047
chr10	28707164	28707497	RNA2253	331	65	0.008097885953331847	1.4698500308440998e-05	0.9538461538461539	196374.62235649547
chr10	29228124	29228383	RNA2254	259	50	0.020013818385868944	0.0	0.98	193050.19305019305
chr10	29364752	29364869	RNA2255	117	21	3.639613346638004e-05	1.4697199731017465e-05	1.0	179487.1794871795
chr10	30632552	30632669	RNA2256	117	22	2.3386350180354257e-05	1.469785001972923e-05	1.0	188034.18803418803
chr10	30719337	30719518	RNA2257	181	35	0.02439202993970996	0.0	0.9714285714285714	193370.16574585636
chr10	30720692	30720809	RNA2258	117	31	0.03465371904219922	1.4699399798701052e-05	0.9354838709677419	264957.26495726494
chr10	30721300	30721417	RNA2259	117	20	2.1327284594005535e-05	0.0	1.0	170940.17094017094
chr10	30729160	30729277	RNA2260	111	15	2.4670346283526985e-05	0.0	1.0	135135.13513513515
chr10	30735027	30735144	RNA2261	117	26	1.6963642442882848e-05	0.0	1.0	222222.22222222222
chr10	30815110	30815227	RNA2262	117	23	0.03342059928020361	0.0	0.9565217391304348	196581.19658119656
chr10	31537454	31537565	RNA2263	111	23	0.00013994127727093062	0.0	1.0	207207.2072072072
chr10	31565968	31566081	RNA2264	113	16	1.2863293704867829e-05	7.348200142587302e-06	1.0	141592.9203539823
chr10	31591586	31592058	RNA2265	472	82	0.0044380044111632004	0.0	0.975609756097561	173728.81355932204
chr10	31600703	31600884	RNA2266	181	31	4.8368698116972436e-05	1.4699399798701052e-05	1.0	171270.7182320442
chr10	31678668	31678849	RNA2267	181	30	1.2248889743202565e-05	0.0	1.0	165745.85635359117
chr10	31678893	31679074	RNA2268	181	40	0.00520630157961932	0.0	0.975	220994.47513812155
chr10	31728121	31728302	RNA2269	181	39	0.0007937880016190575	1.4696799553348685e-05	1.0	215469.61325966852
chr10	31728900	31729017	RNA2270	117	22	0.0034441721836628815	0.0	0.9545454545454546	188034.18803418803
chr10	31730474	31730655	RNA2271	181	31	1.8494461191066232e-05	0.0	1.0	171270.7182320442
chr10	31801454	31801635	RNA2272	181	30	2.009191296868028e-05	0.0	1.0	165745.85635359117
chr10	32060057	32060393	RNA2273	336	51	0.014915281404219232	0.0	0.9803921568627451	151785.71428571426
chr10	32234570	32234681	RNA2274	111	16	2.5721230656471834e-05	1.4697900041937828e-05	1.0	144144.14414414414
chr10	32240373	32240484	RNA2275	111	16	1.1024412458482402e-05	7.349050065386109e-06	1.0	144144.14414414414
chr10	32260428	32260539	RNA2276	111	23	2.812420398581097e-05	1.470159986638464e-05	1.0	207207.2072072072
chr10	32380639	32380750	RNA2277	111	27	3.211784516881378e-05	0.0	1.0	243243.24324324325
chr10	32380650	32380761	RNA2278	111	24	3.552026331968967e-05	7.347549853875535e-06	1.0	216216.21621621624
chr10	32411761	32412094	RNA2279	333	47	0.00023047321790611207	0.0	1.0	141141.14114114115
chr10	32411812	32411923	RNA2280	111	10	1.4698700124426977e-05	7.347749942709925e-06	1.0	90090.09009009009
chr10	32885038	32885219	RNA2281	181	26	3.619113029064152e-05	1.4700500287290199e-05	1.0	143646.408839779
chr10	32885225	32885561	RNA2282	336	52	0.0020124852906939364	0.0	0.9807692307692307	154761.90476190476
chr10	32885313	32885649	RNA2283	336	51	3.2570028897857904e-05	0.0	1.0	151785.71428571426
chr10	32886020	32886279	RNA2284	259	44	0.026628432821884082	0.0	0.9545454545454546	169884.16988416988
chr10	32886213	32886549	RNA2285	335	46	0.002047759780373816	1.47004502650816e-05	0.9782608695652174	137313.4328358209
chr10	33161495	33161831	RNA2286	336	80	0.024894808817043666	0.0	0.95	238095.23809523808
chr10	33163140	33163476	RNA2287	336	66	0.000850504196850203	0.0	0.9848484848484849	196428.57142857142
chr10	33172294	33172630	RNA2288	336	70	0.027355805142139745	0.0	0.9714285714285714	208333.33333333334
chr10	33394898	33395009	RNA2289	111	24	1.353473328435939e-05	0.0	1.0	216216.21621621624
chr10	33455674	33455824	RNA2290	150	30	0.038362774232670434	1.4699399798701052e-05	0.9	200000.0
chr10	33776092	33776351	RNA2291	259	46	0.02175638767810438	0.0	0.9782608695652174	177606.1776061776
chr10	33887415	33887674	RNA2292	259	53	0.018895932213538642	0.0	0.9811320754716981	204633.20463320464
chr10	33896114	33896373	RNA2293	259	52	0.011795118192227304	7.347950031544315e-06	0.9423076923076923	200772.20077220077
chr10	33917826	33918085	RNA2294	259	45	0.00023583826326405605	1.469549988541985e-05	1.0	173745.17374517376
chr10	33917829	33918088	RNA2295	259	45	0.00023583826326405605	1.469549988541985e-05	1.0	173745.17374517376
chr10	34031463	34031722	RNA2296	259	55	0.013120471644585695	0.0	0.9636363636363636	212355.21235521234
chr10	34100007	34100343	RNA2297	336	53	0.01872717429417224	0.0	0.9811320754716981	157738.09523809524
chr10	34910168	34910427	RNA2298	254	47	0.006227499652247405	1.470159986638464e-05	0.9787234042553191	185039.37007874018
chr10	35708680	35708797	RNA2299	117	23	0.08697697921766319	0.0	0.9130434782608695	196581.19658119656
chr10	36704334	36704515	RNA2300	181	34	0.0020477688873036014	0.0	0.9705882352941176	187845.3038674033
chr10	36786131	36786242	RNA2301	111	22	5.210997700156087e-05	1.4698100130772218e-05	1.0	198198.1981981982
chr10	37754749	37755138	RNA2302	389	0				0.0
chr10	37755303	37755453	RNA2303	150	0				0.0
chr10	38092485	38092821	RNA2304	333	10	1.1268660091445782e-05	0.0	1.0	30030.03003003003
chr10	38378914	38379064	RNA2305	150	18	1.224997767066169e-05	0.0	1.0	120000.0
chr10	38379490	38379640	RNA2306	150	23	7.029400046082193e-06	0.0	1.0	153333.3333333333
chr10	38379562	38379712	RNA2307	150	24	1.1022841628497796e-05	7.347749942709925e-06	1.0	160000.0
chr10	38452712	38452862	RNA2308	148	0				0.0
chr10	38468351	38468501	RNA2309	92	0				0.0
chr10	38781496	38781816	RNA2310	320	0				0.0
chr10	38869094	38869353	RNA2311	0	0				
chr10	39303243	39303426	RNA2312	183	0				0.0
chr10	39454532	39454682	RNA2313	150	0				0.0
chr10	40018891	40019164	RNA2314	0	0				
chr10	41280908	41281297	RNA2315	0	0				
chr10	42382120	42382509	RNA2316	389	0				0.0
chr10	42403319	42403708	RNA2317	389	0				0.0
chr10	42403816	42404205	RNA2318	389	0				0.0
chr10	42499554	42499943	RNA2319	389	0				0.0
chr10	42501951	42502340	RNA2320	389	0				0.0
chr10	42570255	42570644	RNA2321	389	0				0.0
chr10	42771291	42771611	RNA2322	320	54	0.0006340451318465024	7.347549853875535e-06	1.0	168750.0
chr10	43285066	43285249	RNA2323	183	47	0.04203826384166453	1.4698100130772218e-05	0.9574468085106383	256830.6010928962
chr10	43311663	43311813	RNA2324	150	22	1.8039900086560838e-05	1.4698749964736635e-05	1.0	146666.66666666666
chr10	43503382	43503771	RNA2325	389	65	0.015438021111661395	0.0	0.9846153846153847	167095.11568123393
chr10	43681467	43681787	RNA2326	320	45	1.9271191073736645e-05	1.4697199731017465e-05	1.0	140625.0
chr10	43763337	43763520	RNA2327	183	40	0.00247445771919956	0.0	0.975	218579.2349726776
chr10	43764870	43765143	RNA2328	273	41	0.0003024196389227744	0.0	1.0	150183.15018315017
chr10	43767519	43767702	RNA2329	183	45	1.0816708971914421e-05	0.0	1.0	245901.63934426228
chr10	43768905	43769088	RNA2330	183	39	3.067994097923558e-05	1.4768000255571678e-05	1.0	213114.75409836063
chr10	43768982	43769302	RNA2331	320	71	0.007397929033289416	1.4770200323255269e-05	0.9577464788732394	221875.0
chr10	43771490	43771810	RNA2332	320	66	1.54143712913472e-05	0.0	1.0	206250.0
chr10	44467905	44468225	RNA2333	320	82	0.012261548333864943	1.469549988541985e-05	0.975609756097561	256249.99999999997
chr10	44469576	44469896	RNA2334	320	73	0.0031611852454548205	1.469549988541985e-05	0.9863013698630136	228125.0
chr10	44469777	44469960	RNA2335	183	49	0.00010767993821250841	1.4698100130772218e-05	1.0	267759.5628415301
chr10	44473051	44473234	RNA2336	183	36	5.224628049896693e-05	1.4697250207973411e-05	1.0	196721.31147540984
chr10	44473053	44473236	RNA2337	183	34	5.272550293631604e-05	1.4697250207973411e-05	1.0	185792.34972677598
chr10	44473488	44473808	RNA2338	320	66	2.0490449983434736e-05	1.4696799553348685e-05	1.0	206250.0
chr10	44782876	44783196	RNA2339	320	59	0.03394358157351297	1.4698100130772218e-05	0.9491525423728814	184375.0
chr10	44789541	44789814	RNA2340	273	49	2.3124179446014428e-05	1.4698100130772218e-05	1.0	179487.1794871795
chr10	44789541	44789814	RNA2341	273	49	2.3124179446014428e-05	1.4698100130772218e-05	1.0	179487.1794871795
chr10	44789569	44789842	RNA2342	273	48	2.2078724858448795e-05	1.4698100130772218e-05	1.0	175824.17582417585
chr10	45248164	45248437	RNA2343	273	0				0.0
chr10	45250064	45250337	RNA2344	273	0				0.0
chr10	45253477	45253750	RNA2345	273	0				0.0
chr10	45272385	45272568	RNA2346	183	40	1.0659365102583251e-05	0.0	1.0	218579.2349726776
chr10	45595263	45595574	RNA2347	310	66	0.0020594156651647824	0.0	0.9848484848484849	212903.2258064516
chr10	46004302	46004575	RNA2348	266	58	0.00287683085936554	7.353599812631728e-06	0.9827586206896551	218045.11278195487
chr10	46540256	46540567	RNA2349	311	77	0.013404603089720813	0.0	0.987012987012987	247588.42443729902
chr10	46557857	46558168	RNA2350	311	118	1.5068608417542313e-05	0.0	1.0	379421.2218649518
chr10	46566963	46567274	RNA2351	311	9	3.188004423766431e-05	1.6437099475297146e-05	1.0	28938.906752411574
chr10	46653944	46654255	RNA2352	311	67	0.01501745530485869	1.4743200154043734e-05	0.9850746268656716	215434.0836012862
chr10	46655425	46655736	RNA2353	305	50	3.349174769027525e-05	1.5095050002855714e-05	1.0	163934.4262295082
chr10	46694583	46694894	RNA2354	309	44	0.022757273015568815	0.0	0.9772727272727273	142394.8220064725
chr10	47298180	47298674	RNA2355	493	125	0.0017732966607582014	1.4697699953103438e-05	0.992	253549.69574036513
chr10	47492550	47492939	RNA2356	389	0				0.0
chr10	47586824	47587135	RNA2357	311	0				0.0
chr10	48681755	48682075	RNA2358	320	75	1.313218264840429e-05	0.0	1.0	234375.0
chr10	49278900	49279083	RNA2359	183	33	2.8059445426285835e-05	1.4697199731017465e-05	1.0	180327.868852459
chr10	49816841	49817114	RNA2360	273	42	2.555282335811788e-05	1.4698500308440998e-05	1.0	153846.15384615384
chr10	50984241	50984735	RNA2361	494	97	0.027665535283837743	0.0	0.9690721649484536	196356.27530364372
chr10	50984567	50985061	RNA2362	494	94	0.013189043068934472	0.0	0.9787234042553191	190283.40080971658
chr10	50985496	50985807	RNA2363	311	49	0.00026757688886632495	0.0	1.0	157556.27009646303
chr10	50985955	50986449	RNA2364	494	84	0.01571479095902023	0.0	0.9761904761904762	170040.4858299595
chr10	50986443	50986937	RNA2365	492	97	0.004950178199831814	1.4699399798701052e-05	0.979381443298969	197154.47154471543
chr10	52858793	52859287	RNA2366	494	95	0.021303943294811976	0.0	0.9789473684210527	192307.6923076923
chr10	52858867	52859361	RNA2367	494	94	0.02153151911809007	0.0	0.9787234042553191	190283.40080971658
chr10	52864773	52865267	RNA2368	494	54	0.006714066550119709	7.347749942709925e-06	0.9814814814814815	109311.74089068826
chr10	53312316	53312810	RNA2369	494	108	0.04400112858216003	0.0	0.9444444444444444	218623.48178137653
chr10	57085769	57086263	RNA2370	494	96	0.013139004472729233	0.0	0.9791666666666666	194331.98380566802
chr10	57993391	57993540	RNA2371	149	0				0.0
chr10	62099256	62099405	RNA2372	139	31	0.014826501889553078	0.0	0.967741935483871	223021.58273381295
chr10	62331482	62331631	RNA2373	149	28	0.022413612960073288	0.0	0.9642857142857143	187919.46308724832
chr10	62335310	62335459	RNA2374	149	22	0.00014708948591842265	0.0	1.0	147651.0067114094
chr10	62336698	62336847	RNA2375	149	35	0.0006212289475765088	1.4698100130772218e-05	1.0	234899.3288590604
chr10	62672331	62672480	RNA2376	147	35	2.853782043530246e-05	1.506609987700358e-05	1.0	238095.23809523808
chr10	62680597	62680746	RNA2377	149	29	0.006473885270177811	1.4699799976369832e-05	0.9655172413793104	194630.87248322146
chr10	62809302	62809451	RNA2378	149	27	2.8314070227168292e-05	1.4698500308440998e-05	1.0	181208.05369127516
chr10	63625568	63625717	RNA2379	149	18	3.5934778326100224e-05	7.348849976551719e-06	1.0	120805.36912751678
chr10	65912213	65912362	RNA2380	149	23	8.949456376126465e-06	0.0	1.0	154362.41610738254
chr10	73415437	73415581	RNA2381	144	25	1.2354324135227984e-05	1.4698500308440998e-05	1.0	173611.1111111111
chr10	74723810	74723934	RNA2382	124	20	0.0574299289515693	0.0	0.9	161290.32258064515
chr10	74726181	74726577	RNA2383	396	46	0.000899247011345676	0.0	1.0	116161.61616161616
chr10	76868799	76868943	RNA2384	144	29	1.1665644863036316e-05	1.4696400285174605e-05	1.0	201388.8888888889
chr10	77724090	77724234	RNA2385	144	25	2.704658010770329e-05	0.0	1.0	173611.1111111111
chr10	77724889	77725033	RNA2386	144	27	3.266255569339406e-05	0.0	1.0	187500.0
chr10	77726648	77726792	RNA2387	144	25	0.0004347356822472602	0.0	1.0	173611.1111111111
chr10	78745375	78745519	RNA2388	144	31	0.0004485064395515566	0.0	1.0	215277.77777777778
chr10	78746659	78746803	RNA2389	144	23	0.04350766217873531	1.4698500308440998e-05	0.9565217391304348	159722.22222222222
chr10	78747239	78747363	RNA2390	124	19	0.03202039706133961	1.4696799553348685e-05	0.9473684210526315	153225.8064516129
chr10	78747757	78747901	RNA2391	144	34	0.029577813330647854	7.348599865508732e-06	0.9705882352941176	236111.1111111111
chr10	78751470	78751866	RNA2392	396	100	0.010414338207601757	1.4696999642183075e-05	0.99	252525.25252525255
chr10	79322168	79322312	RNA2393	144	33	1.2472224019194244e-05	0.0	1.0	229166.66666666666
chr10	79545419	79545815	RNA2394	396	78	0.06696586922951096	1.469549988541985e-05	0.8974358974358975	196969.69696969696
chr10	79545729	79545853	RNA2395	124	28	0.11720090200914715	0.0	0.8571428571428571	225806.4516129032
chr10	79547579	79547975	RNA2396	396	40	0.0007645637207588095	7.349050065386109e-06	1.0	101010.101010101
chr10	79547863	79547987	RNA2397	124	0				0.0
chr10	79548317	79548441	RNA2398	124	0				0.0
chr10	79552558	79552954	RNA2399	396	86	0.018140368878797483	7.348200142587302e-06	0.9534883720930233	217171.71717171717
chr10	79851371	79851495	RNA2400	0	0				
chr10	79851551	79851675	RNA2401	61	0				0.0
chr10	79851613	79852009	RNA2402	13	0				0.0
chr10	79852292	79852688	RNA2403	0	0				
chr10	79893567	79893691	RNA2404	124	0				0.0
chr10	79901530	79901926	RNA2405	396	0				0.0
chr10	80927948	80928072	RNA2406	124	22	0.0035924022768499086	0.0	0.9545454545454546	177419.3548387097
chr10	80931805	80932389	RNA2407	584	112	0.018144703037259142	1.4754049971088534e-05	0.9642857142857143	191780.8219178082
chr10	80933045	80933414	RNA2408	369	67	0.015031193437607723	0.0	0.9850746268656716	181571.81571815716
chr10	80935221	80935617	RNA2409	396	64	0.006403605893211756	1.469549988541985e-05	0.96875	161616.16161616164
chr10	83115894	83116038	RNA2410	144	0				0.0
chr10	84520972	84521341	RNA2411	369	77	0.00016475197168931637	1.4697699953103438e-05	1.0	208672.0867208672
chr10	84521739	84522323	RNA2412	584	95	0.025713264847744492	0.0	0.968421052631579	162671.23287671234
chr10	84693141	84693265	RNA2413	124	31	0.0008488291993759686	0.0	1.0	250000.0
chr10	84698902	84699298	RNA2414	396	71	0.014098173574637536	1.4697699953103438e-05	0.9859154929577465	179292.92929292927
chr10	85020918	85021170	RNA2415	252	45	1.3087184419823137e-05	0.0	1.0	178571.42857142858
chr10	85030587	85030740	RNA2416	153	37	3.2177541126308964e-05	0.0	1.0	241830.06535947713
chr10	85294425	85294794	RNA2417	369	68	0.00010997495629079017	0.0	1.0	184281.84281842818
chr10	85308594	85309178	RNA2418	584	6	4.926299880025908e-06	0.0	1.0	10273.972602739725
chr10	85361274	85361643	RNA2419	35	2	0.28291296338466054	0.28291296338466054	0.5	57142.85714285714
chr10	85361509	85362093	RNA2420	483	131	0.010545836670561033	1.4698500308440998e-05	0.9770992366412213	271221.53209109727
chr10	85361671	85362040	RNA2421	369	103	0.007902285376552999	0.0	0.9805825242718447	279132.7913279133
chr10	85361785	85362369	RNA2422	582	179	0.0062301087127046885	0.0	0.9888268156424581	307560.1374570447
chr10	85492585	85493169	RNA2423	584	122	0.0034547942731120683	1.4699799976369832e-05	0.9836065573770492	208904.1095890411
chr10	85495525	85495894	RNA2424	369	77	0.005939047579024139	1.4703299711982254e-05	0.987012987012987	208672.0867208672
chr10	85497253	85497622	RNA2425	369	72	0.013397828004283635	0.0	0.9861111111111112	195121.9512195122
chr10	85501175	85501759	RNA2426	584	160	0.005390225942306864	0.0	0.9875	273972.602739726
chr10	85531751	85532120	RNA2427	369	79	0.02607268349666937	0.0	0.9620253164556962	214092.1409214092
chr10	85534284	85534868	RNA2428	584	108	0.0059092486864031945	0.0	0.9907407407407407	184931.50684931505
chr10	86367060	86367169	RNA2429	109	0				0.0
chr10	86418105	86418474	RNA2430	368	70	0.00030749810903216125	7.348399776674342e-06	1.0	190217.39130434784
chr10	86427801	86428385	RNA2431	583	0				0.0
chr10	89109766	89110202	RNA2432	436	70	0.0012973833069736419	0.0	0.9857142857142858	160550.45871559635
chr10	89111029	89111281	RNA2433	252	50	0.0045252100244579175	1.4697199731017465e-05	0.98	198412.6984126984
chr10	89115054	89115207	RNA2434	153	20	0.00046889084410394345	1.4712799838889623e-05	1.0	130718.95424836602
chr10	89426679	89426931	RNA2435	252	42	0.00017814003307475276	1.4696799553348685e-05	1.0	166666.66666666666
chr10	89427028	89427137	RNA2436	109	23	0.04176057498186666	0.0	0.9130434782608695	211009.17431192662
chr10	89427185	89427769	RNA2437	584	78	0.00016847846804105045	0.0	1.0	133561.64383561644
chr10	89427359	89427468	RNA2438	109	9	8.165911114903995e-06	1.4697699953103438e-05	1.0	82568.80733944954
chr10	89427453	89427606	RNA2439	153	15	3.037761252926356e-05	0.0	1.0	98039.2156862745
chr10	89427478	89427631	RNA2440	153	13	4.52272307973964e-06	0.0	1.0	84967.32026143791
chr10	89427586	89427838	RNA2441	252	44	0.0003006705774995701	1.4698549875902245e-05	1.0	174603.1746031746
chr10	89428066	89428175	RNA2442	109	27	7.406844913390567e-05	1.4700300198455809e-05	1.0	247706.42201834865
chr10	89428528	89428897	RNA2443	369	58	0.016881253256025075	0.0	0.9827586206896551	157181.57181571814
chr10	89428620	89428729	RNA2444	109	16	0.06115938284034427	1.4702250155096408e-05	0.9375	146788.9908256881
chr10	89428844	89429096	RNA2445	252	42	0.0004058117826952195	1.4699199709866662e-05	1.0	166666.66666666666
chr10	89429455	89429608	RNA2446	153	28	0.007546913845577102	1.4747099612577586e-05	0.9642857142857143	183006.5359477124
chr10	91755186	91755295	RNA2447	109	20	1.620898997316057e-05	7.349699899350526e-06	1.0	183486.2385321101
chr10	91755207	91755360	RNA2448	153	26	9.759339816529666e-05	7.353599812631728e-06	1.0	169934.64052287582
chr10	91755334	91755487	RNA2449	153	38	0.00014415311285406748	1.4728800124430563e-05	1.0	248366.01307189543
chr10	91755393	91755645	RNA2450	252	60	0.022521745289607983	1.4761000329599483e-05	0.9666666666666667	238095.23809523808
chr10	91755692	91755801	RNA2451	109	24	2.2052099742115664e-05	0.0	1.0	220183.48623853212
chr10	91755700	91755952	RNA2452	252	37	0.00026421571857172896	0.0	1.0	146825.39682539683
chr10	91755891	91756044	RNA2453	153	14	0.0006741308927432996	7.349499810516136e-06	1.0	91503.2679738562
chr10	91756143	91756395	RNA2454	252	47	0.014090568479700099	0.0	0.9574468085106383	186507.9365079365
chr10	91756162	91756315	RNA2455	153	27	0.0031532000449024677	0.0	0.9629629629629629	176470.58823529413
chr10	91756246	91756355	RNA2456	109	19	0.034831631112530494	0.0	0.8947368421052632	174311.9266055046
chr10	91756267	91756519	RNA2457	252	47	0.03537592382431187	0.0	0.9361702127659575	186507.9365079365
chr10	92657039	92657148	RNA2458	109	17	1.8173952412320603e-05	0.0	1.0	155963.3027522936
chr10	93100809	93101245	RNA2459	436	66	0.0013464430349455154	0.0	0.9848484848484849	151376.14678899082
chr10	93979121	93979557	RNA2460	436	70	0.007323594579559407	1.4698300219606608e-05	0.9857142857142858	160550.45871559635
chr10	93981484	93981920	RNA2461	436	65	2.6232650606496035e-05	1.4696799553348685e-05	1.0	149082.56880733944
chr10	93985089	93985525	RNA2462	436	86	0.014959281076508606	1.4704799923492828e-05	0.9767441860465116	197247.70642201835
chr10	94367351	94367787	RNA2463	436	68	0.003928473236529119	0.0	0.9705882352941176	155963.3027522936
chr10	94368572	94369008	RNA2464	436	76	0.023862052395220174	1.4696599919261644e-05	0.9605263157894737	174311.9266055046
chr10	94373521	94373957	RNA2465	436	78	0.02778172594314991	1.4698999621032272e-05	0.9615384615384616	178899.08256880735
chr10	94676434	94676686	RNA2466	252	48	0.022176767484988123	0.0	0.9583333333333334	190476.19047619047
chr10	94677651	94677804	RNA2467	153	28	8.926564175583604e-06	0.0	1.0	183006.5359477124
chr10	95231375	95231469	RNA2468	94	18	0.05557025305006391	1.4695749996462837e-05	0.9444444444444444	191489.36170212764
chr10	95236225	95236661	RNA2469	432	64	0.009150612669856171	0.0	0.96875	148148.14814814815
chr10	95565914	95566350	RNA2470	436	73	0.022367966489806865	1.469590006308863e-05	0.958904109589041	167431.19266055044
chr10	96271739	96271959	RNA2471	220	29	0.00017132430551508192	0.0	1.0	131818.1818181818
chr10	96517764	96517873	RNA2472	109	20	3.528178040140692e-05	1.4699600342282793e-05	1.0	183486.2385321101
chr10	96825615	96825795	RNA2473	179	7	0.11729133062648803	0.0	0.8571428571428571	39106.14525139665
chr10	97676729	97676934	RNA2474	205	34	0.0062611735519139435	0.0	0.9705882352941176	165853.65853658537
chr10	98456131	98456225	RNA2475	94	22	0.01615887531629182	0.0	0.9545454545454546	234042.55319148937
chr10	98456244	98456680	RNA2476	436	67	0.019712514770386647	0.0	0.9701492537313433	153669.7247706422
chr10	99494572	99495008	RNA2477	436	72	0.0035628342213082395	1.4700900010211626e-05	0.9722222222222222	165137.6146788991
chr10	99609662	99609756	RNA2478	74	24	0.042069366789367735	7.371800165856257e-06	0.9583333333333334	324324.3243243243
chr10	99609860	99609954	RNA2479	94	23	6.455518652490764e-05	1.4698500308440998e-05	1.0	244680.8510638298
chr10	99610264	99610358	RNA2480	94	20	9.771869963515201e-06	0.0	1.0	212765.95744680852
chr10	100013937	100014031	RNA2481	94	16	1.7451618589343868e-05	0.0	1.0	170212.7659574468
chr10	100015353	100015447	RNA2482	94	20	0.01714568511224569	1.469569997425424e-05	0.95	212765.95744680852
chr10	100018199	100018966	RNA2483	767	134	0.0034704231753467066	0.0	0.9925373134328358	174706.64928292047
chr10	100038147	100038241	RNA2484	94	19	0.017624650324490312	1.470159986638464e-05	0.9473684210526315	202127.65957446807
chr10	100268190	100268410	RNA2485	220	30	3.933654922244525e-05	1.4705450212204596e-05	1.0	136363.63636363635
chr10	100268657	100269093	RNA2486	436	62	0.008168173749298496	1.4698300219606608e-05	0.9838709677419355	142201.83486238532
chr10	100270155	100270591	RNA2487	436	0				0.0
chr10	100270164	100270600	RNA2488	436	0				0.0
chr10	100604562	100604998	RNA2489	436	73	0.007244808628705841	1.4697199731017465e-05	0.9863013698630136	167431.19266055044
chr10	100604766	100605202	RNA2490	436	63	0.008312852444673585	0.0	0.9841269841269841	144495.4128440367
chr10	100604814	100605250	RNA2491	436	66	0.007931430735135848	0.0	0.9848484848484849	151376.14678899082
chr10	100833512	100833692	RNA2492	180	34	0.002839791148664297	1.4705449757457245e-05	0.9705882352941176	188888.88888888888
chr10	100965138	100965232	RNA2493	94	13	1.244570005208236e-05	1.4701099644298664e-05	1.0	138297.87234042553
chr10	101170811	101171031	RNA2494	220	54	0.0019331441337137037	7.350549822149332e-06	1.0	245454.54545454544
chr10	101217579	101217799	RNA2495	220	55	1.0690590864792548e-05	0.0	1.0	250000.0
chr10	101218684	101218904	RNA2496	220	31	6.44868450176345e-05	0.0	1.0	140909.0909090909
chr10	101275945	101276165	RNA2497	220	35	3.275438352179945e-05	1.4696799553348685e-05	1.0	159090.9090909091
chr10	101277736	101277956	RNA2498	220	43	0.030873078724632012	1.4705399735248648e-05	0.9534883720930233	195454.54545454547
chr10	101349477	101349913	RNA2499	436	73	1.7519787733149848e-05	0.0	1.0	167431.19266055044
chr10	101350462	101350682	RNA2500	220	39	0.026117073353466712	1.4697699953103438e-05	0.9743589743589743	177272.72727272726
chr10	101353470	101353675	RNA2501	205	39	0.0009452266801814277	0.0	1.0	190243.9024390244
chr10	101731694	101731874	RNA2502	180	31	1.4338293523552917e-05	0.0	1.0	172222.22222222222
chr10	101818499	101818679	RNA2503	180	23	1.4057365028154733e-05	1.469509970775107e-05	1.0	127777.77777777777
chr10	101818575	101818755	RNA2504	180	43	3.691411402964892e-05	1.4696799553348685e-05	1.0	238888.8888888889
chr10	102061435	102061615	RNA2505	180	0				0.0
chr10	102062647	102062827	RNA2506	180	26	0.00011035050294175068	0.0	1.0	144444.44444444444
chr10	102064617	102064797	RNA2507	180	34	0.00016258212759994608	0.0	1.0	188888.88888888888
chr10	102164813	102165018	RNA2508	204	43	0.014341796540108144	0.0	0.9767441860465116	210784.3137254902
chr10	102166834	102167039	RNA2509	205	0				0.0
chr10	102172920	102173125	RNA2510	205	49	0.05457980263169274	0.0	0.9387755102040817	239024.39024390242
chr10	102173267	102173487	RNA2511	220	36	0.00010402533560712065	1.4702899989060825e-05	1.0	163636.36363636365
chr10	102503004	102503209	RNA2512	205	33	6.502880390171207e-05	1.469509970775107e-05	1.0	160975.60975609758
chr10	102503392	102503597	RNA2513	205	34	1.4702726516320009e-05	0.0	1.0	165853.65853658537
chr10	102503439	102503644	RNA2514	205	34	1.4270073546973559e-05	0.0	1.0	165853.65853658537
chr10	102837682	102837862	RNA2515	180	35	0.005982245261085538	1.4699399798701052e-05	0.9714285714285714	194444.44444444444
chr10	103294105	103294216	RNA2516	102	28	0.0007509398476810952	1.6403099834860768e-05	1.0	274509.8039215687
chr10	103452628	103452833	RNA2517	205	37	1.6684570206002005e-05	1.469509970775107e-05	1.0	180487.80487804877
chr10	103464434	103465201	RNA2518	765	0				0.0
chr10	104455730	104455824	RNA2519	94	16	2.0211937737702844e-05	0.0	1.0	170212.7659574468
chr10	104458303	104459070	RNA2520	760	127	0.03176634537387832	0.0	0.968503937007874	167105.26315789472
chr10	104459301	104460068	RNA2521	767	135	0.02993166530751397	0.0	0.9703703703703703	176010.4302477184
chr10	104462832	104463599	RNA2522	767	133	0.015127903777386362	1.4696400285174605e-05	0.9849624060150376	173402.86831812255
chr10	105274212	105274979	RNA2523	767	159	0.0137894514437394	1.469549988541985e-05	0.9685534591194969	207301.17340286833
chr10	105276849	105277616	RNA2524	767	137	0.04921619302786648	1.4696400285174605e-05	0.9416058394160584	178617.9921773142
chr10	105278543	105279310	RNA2525	761	135	0.0076271727884010924	0.0	0.9925925925925926	177398.1603153745
chr10	105384558	105384994	RNA2526	436	90	0.02603136692800439	1.4696400285174605e-05	0.9555555555555556	206422.01834862385
chr10	105459309	105460076	RNA2527	767	132	0.007755541574314601	0.0	0.9924242424242424	172099.08735332463
chr10	106088096	106088316	RNA2528	220	40	1.5862697523515528e-05	0.0	1.0	181818.18181818182
chr10	106572637	106572817	RNA2529	180	40	0.025113251156949446	0.0	0.975	222222.22222222222
chr10	107179957	107180068	RNA2530	111	16	7.431350013575866e-06	0.0	1.0	144144.14414414414
chr10	107450073	107450278	RNA2531	200	40	0.02528696606173071	1.4697899587190477e-05	0.975	200000.0
chr10	107587353	107587464	RNA2532	111	24	2.7563796038513298e-05	0.0	1.0	216216.21621621624
chr10	107589333	107589444	RNA2533	111	25	0.00039043763139488406	1.4694200217491016e-05	1.0	225225.22522522524
chr10	107595613	107595724	RNA2534	111	17	1.1241958632394124e-05	0.0	1.0	153153.15315315314
chr10	109611243	109611354	RNA2535	111	0				0.0
chr10	109614958	109615069	RNA2536	111	23	5.113965174962726e-06	0.0	1.0	207207.2072072072
chr10	109620676	109620787	RNA2537	111	29	2.0788614039766216e-05	1.4696799553348685e-05	1.0	261261.26126126124
chr10	109625559	109625670	RNA2538	111	20	9.262967555513345e-05	1.4699599887535442e-05	1.0	180180.18018018018
chr10	109663020	109663787	RNA2539	759	194	0.029100261887430586	1.4698549875902245e-05	0.9587628865979382	255599.47299077734
chr10	112238811	112238924	RNA2540	113	0				0.0
chr10	112864150	112864261	RNA2541	111	20	0.0007147098785026091	0.0	1.0	180180.18018018018
chr10	113171653	113171935	RNA2542	282	63	1.843170937515723e-05	0.0	1.0	223404.2553191489
chr10	116292095	116292208	RNA2543	113	21	1.3300404740827313e-05	0.0	1.0	185840.70796460178
chr10	117126682	117126964	RNA2544	240	37	0.022377827223125844	0.0	0.972972972972973	154166.6666666667
chr10	117126958	117127071	RNA2545	113	30	0.03336763359429824	1.4697699953103438e-05	0.9666666666666667	265486.72566371685
chr10	117228319	117228432	RNA2546	113	11	1.67070724769887e-05	1.5170799997576978e-05	1.0	97345.13274336283
chr10	117236673	117236786	RNA2547	113	20	1.5434415172421722e-05	7.349499810516136e-06	1.0	176991.15044247787
chr10	117376053	117376166	RNA2548	113	24	6.612940561959446e-05	0.0	1.0	212389.38053097346
chr10	117376142	117376255	RNA2549	113	20	0.05754402654033584	1.469529979658546e-05	0.9	176991.15044247787
chr10	117376694	117376807	RNA2550	113	34	1.1674276452940142e-05	0.0	1.0	300884.95575221244
chr10	117962408	117962690	RNA2551	282	53	3.7997895509211804e-05	0.0	1.0	187943.2624113475
chr10	118000777	118001059	RNA2552	282	58	0.01626997003144236	1.4698749964736635e-05	0.9827586206896551	205673.7588652482
chr10	118001008	118001290	RNA2553	281	77	0.013380449144030783	1.4698100130772218e-05	0.987012987012987	274021.35231316724
chr10	118220022	118220304	RNA2554	282	49	0.0021871896702132425	1.4703299711982254e-05	0.9591836734693877	173758.86524822694
chr10	118221099	118221381	RNA2555	282	50	0.00010626601153489621	0.0	1.0	177304.9645390071
chr10	118228426	118228539	RNA2556	113	25	0.0400051366664411	0.0	0.92	221238.93805309734
chr10	118286105	118286387	RNA2557	282	79	0.02891164637842653	1.4697199731017465e-05	0.9620253164556962	280141.8439716312
chr10	119192613	119192895	RNA2558	282	45	0.002353116112479049	1.4696400285174605e-05	0.9777777777777777	159574.4680851064
chr10	121984019	121984132	RNA2559	113	28	0.00020790288301343198	0.0	1.0	247787.61061946902
chr10	123201488	123201770	RNA2560	282	49	0.002515977148059576	0.0	0.9795918367346939	173758.86524822694
chr11	447717	447923	RNA2561	206	42	0.0005097889944149084	1.4717350040882593e-05	1.0	203883.49514563105
chr11	447759	447965	RNA2562	206	47	0.0004590019376105065	1.4723599633725826e-05	1.0	228155.33980582526
chr11	447965	448171	RNA2563	206	72	0.000706363851691088	1.4705000012327218e-05	1.0	349514.5631067961
chr11	568681	568887	RNA2564	206	97	2.7015206262484328e-05	0.0	1.0	470873.786407767
chr11	572026	572232	RNA2565	206	48	0.021952481443141394	1.470005008741282e-05	0.9375	233009.70873786407
chr11	643949	644155	RNA2566	206	74	0.005711512035280035	1.470200004405342e-05	0.9864864864864865	359223.3009708738
chr11	728740	729586	RNA2567	846	192	0.004065801725175786	1.4698999621032272e-05	0.9895833333333334	226950.35460992908
chr11	923480	924837	RNA2568	1357	291	0.012591672074846813	1.4698100130772218e-05	0.979381443298969	214443.6256448047
chr11	924352	924434	RNA2569	82	18	7.354450038595435e-06	0.0	1.0	219512.19512195123
chr11	1036776	1036858	RNA2570	82	35	6.132132826418358e-05	1.4701099644298664e-05	1.0	426829.26829268294
chr11	1037619	1037701	RNA2571	82	30	0.002753883752908829	7.352100055868504e-06	0.9666666666666667	365853.65853658534
chr11	1074542	1074624	RNA2572	82	16	0.06251562878782124	1.4703950000694022e-05	0.9375	195121.9512195122
chr11	1074596	1074678	RNA2573	82	20	0.05157008123946979	1.4705199646414258e-05	0.95	243902.43902439025
chr11	1143280	1143715	RNA2574	435	86	0.011793035380505473	0.0	0.9883720930232558	197701.14942528735
chr11	1146031	1146113	RNA2575	81	23	1.936433083123319e-05	1.4729300346516538e-05	1.0	283950.6172839506
chr11	1324187	1324593	RNA2576	406	57	1.2378108709652868e-05	0.0	1.0	140394.08866995072
chr11	1552340	1552546	RNA2577	206	38	3.2884155978915424e-05	1.4699399798701052e-05	1.0	184466.01941747573
chr11	1657059	1657905	RNA2578	841	175	0.004534108514245802	1.469509970775107e-05	0.9714285714285714	208085.6123662307
chr11	1657450	1658296	RNA2579	845	216	0.01292903628893782	1.4697900041937828e-05	0.9583333333333334	255621.3017751479
chr11	1657775	1658621	RNA2580	846	208	0.021618990148720756	1.4698300219606608e-05	0.9375	245862.88416075648
chr11	1804322	1805168	RNA2581	846	183	0.020703980980657736	1.469549988541985e-05	0.9726775956284153	216312.05673758866
chr11	1808523	1809369	RNA2582	845	141	0.0072357885258413955	1.4696799553348685e-05	0.9929078014184397	166863.9053254438
chr11	1849856	1850702	RNA2583	841	293	0.01421178157199311	1.4706300135003405e-05	0.9829351535836177	348394.76813317474
chr11	1892893	1894250	RNA2584	1262	70	0.014308175105803194	0.0	0.9857142857142858	55467.5118858954
chr11	1895763	1895879	RNA2585	116	0				0.0
chr11	1918002	1919359	RNA2586	1350	346	0.003345677465695922	7.347549853875535e-06	0.9942196531791907	256296.2962962963
chr11	1918203	1919560	RNA2587	1350	354	0.0032713985975600193	1.4697199731017465e-05	0.9943502824858758	262222.22222222225
chr11	2004747	2006104	RNA2588	0	0				
chr11	2004900	2006257	RNA2589	0	0				
chr11	2033199	2033634	RNA2590	0	0				
chr11	2077528	2077610	RNA2591	82	13	7.91468461941874e-06	0.0	1.0	158536.58536585365
chr11	2102134	2103491	RNA2592	1357	271	0.016260563057115533	1.4698100130772218e-05	0.9704797047970479	199705.23212969786
chr11	2128603	2129038	RNA2593	435	79	0.014506911080699654	1.4699799976369832e-05	0.9746835443037974	181609.19540229885
chr11	2128624	2129059	RNA2594	435	76	0.015080131698225252	1.4699599887535442e-05	0.9736842105263158	174712.6436781609
chr11	2189860	2190295	RNA2595	435	96	0.018453450179805483	1.4698300219606608e-05	0.9791666666666666	220689.6551724138
chr11	2193135	2193570	RNA2596	435	103	0.011644033649053663	1.4698999621032272e-05	0.970873786407767	236781.6091954023
chr11	2230051	2230457	RNA2597	406	71	0.014263403685425809	1.469509970775107e-05	0.9859154929577465	174876.8472906404
chr11	2240955	2241390	RNA2598	435	0				0.0
chr11	2318970	2319376	RNA2599	406	85	0.02075951763668212	1.4734499927726574e-05	0.9764705882352941	209359.60591133003
chr11	2327546	2327952	RNA2600	406	96	0.03270423639668251	0.0	0.9479166666666666	236453.20197044333
chr11	2404008	2404414	RNA2601	406	99	0.02022488709375503	0.0	0.9797979797979798	243842.3645320197
chr11	2404029	2404435	RNA2602	406	97	0.020642652628676966	0.0	0.979381443298969	238916.25615763548
chr11	2404078	2404484	RNA2603	406	92	0.02181630020739881	0.0	0.9782608695652174	226600.98522167487
chr11	2877685	2878531	RNA2604	836	161	0.01726883416268375	0.0	0.9751552795031055	192583.7320574163
chr11	2877847	2877963	RNA2605	114	19	1.6604079160298548e-05	0.0	1.0	166666.66666666666
chr11	2877976	2878092	RNA2606	116	23	1.7321222003374714e-05	0.0	1.0	198275.86206896554
chr11	2882129	2882245	RNA2607	116	29	2.6861438119997305e-05	1.4697199731017465e-05	1.0	250000.0
chr11	2926436	2926552	RNA2608	116	24	1.7157979376255145e-05	1.469529979658546e-05	1.0	206896.55172413794
chr11	2926861	2926977	RNA2609	116	23	0.04349104640855132	0.0	0.9565217391304348	198275.86206896554
chr11	2998033	2998149	RNA2610	116	28	5.933524055632594e-05	0.0	1.0	241379.3103448276
chr11	2998356	2999713	RNA2611	1347	271	0.01195007855011013	1.4697699953103438e-05	0.974169741697417	201187.8247958426
chr11	3170899	3171334	RNA2612	435	86	0.01591304118323404	1.4700699921377236e-05	0.9651162790697675	197701.14942528735
chr11	3380248	3380654	RNA2613	406	0				0.0
chr11	3852141	3852257	RNA2614	114	17	0.00043703183783851064	1.4759300029254518e-05	1.0	149122.80701754385
chr11	5124763	5124845	RNA2615	82	18	0.003657422860063275	0.0	0.9444444444444444	219512.19512195123
chr11	5126631	5126837	RNA2616	206	37	0.007337035417696965	0.0	0.9459459459459459	179611.6504854369
chr11	6755410	6756256	RNA2617	840	162	0.004513167949212793	1.4696549897053046e-05	0.9876543209876543	192857.14285714287
chr11	6802575	6803932	RNA2618	1357	246	0.008385068688160875	0.0	0.983739837398374	181282.2402358143
chr11	7125497	7125932	RNA2619	433	89	0.0007488762569899718	1.471110044803936e-05	0.9887640449438202	205542.72517321014
chr11	7235925	7236331	RNA2620	406	93	0.010549140214411586	0.0	0.989247311827957	229064.039408867
chr11	7663552	7663668	RNA2621	116	52	0.046580716577776765	1.4696150174131617e-05	0.9423076923076923	448275.8620689655
chr11	10696578	10696718	RNA2622	140	28	0.010557069257174579	0.0	0.9642857142857143	200000.0
chr11	13015440	13015560	RNA2623	120	31	0.03226754792593701	0.0	0.967741935483871	258333.33333333337
chr11	14443225	14443365	RNA2624	140	30	0.00036741693071840796	0.0	1.0	214285.71428571426
chr11	15082741	15082878	RNA2625	137	27	7.405118591392476e-05	0.0	1.0	197080.29197080294
chr11	15513629	15513769	RNA2626	140	12	0.08333455878331127	0.0	0.9166666666666666	85714.28571428571
chr11	15522798	15522938	RNA2627	140	20	1.763701529853181e-05	0.0	1.0	142857.14285714284
chr11	15523034	15523174	RNA2628	140	27	1.3083407254638612e-05	0.0	1.0	192857.14285714287
chr11	15773813	15773953	RNA2629	140	29	1.5248437789680259e-05	0.0	1.0	207142.85714285716
chr11	15774831	15774971	RNA2630	140	25	2.1168055718584333e-05	1.469590006308863e-05	1.0	178571.42857142858
chr11	15805250	15805390	RNA2631	140	26	6.847363556516867e-05	1.470889992560842e-05	1.0	185714.2857142857
chr11	16764318	16764438	RNA2632	120	22	3.808266340208344e-05	1.4699399798701052e-05	1.0	183333.3333333333
chr11	16767649	16767789	RNA2633	140	29	1.6728062511335e-05	0.0	1.0	207142.85714285716
chr11	17493244	17493348	RNA2634	104	26	0.03850676525724757	1.4708050002809614e-05	0.9615384615384616	250000.0
chr11	17545046	17545166	RNA2635	120	28	0.00025520558710922874	7.349250154220499e-06	1.0	233333.33333333334
chr11	17686565	17686685	RNA2636	120	18	1.4696066601674021e-05	0.0	1.0	150000.0
chr11	17691564	17691684	RNA2637	120	21	4.1994142607325645e-06	0.0	1.0	175000.0
chr11	17701613	17701733	RNA2638	120	22	1.0021604587316027e-05	1.469590006308863e-05	1.0	183333.3333333333
chr11	17707319	17707439	RNA2639	120	26	1.752827690254609e-05	7.348399776674342e-06	1.0	216666.6666666667
chr11	17714182	17714302	RNA2640	120	30	1.2736936575189854e-05	0.0	1.0	250000.0
chr11	18681777	18681897	RNA2641	120	16	0.0003160870712122148	0.0	1.0	133333.33333333334
chr11	18981634	18981771	RNA2642	137	23	0.04349487830436176	0.0	0.9565217391304348	167883.2116788321
chr11	19342471	19342608	RNA2643	137	30	0.038826109813120034	1.4700500287290199e-05	0.9333333333333333	218978.10218978103
chr11	19346255	19346392	RNA2644	137	43	2.289901863679173e-05	0.0	1.0	313868.6131386861
chr11	19348644	19348781	RNA2645	137	26	1.0175596064352878e-05	1.4697199731017465e-05	1.0	189781.02189781022
chr11	20221150	20221287	RNA2646	128	29	0.00011052631371371301	0.0	1.0	226562.5
chr11	20221970	20222107	RNA2647	137	27	2.3407974502465164e-05	0.0	1.0	197080.29197080294
chr11	20224467	20224604	RNA2648	137	32	0.0028853433335029846	0.0	1.0	233576.6423357664
chr11	20665627	20665767	RNA2649	140	31	0.026712990380709067	0.0	0.967741935483871	221428.57142857142
chr11	20667318	20667455	RNA2650	137	19	1.392333155978375e-05	0.0	1.0	138686.13138686132
chr11	21577265	21577369	RNA2651	104	18	1.9655705626872156e-05	0.0	1.0	173076.92307692306
chr11	22381262	22381366	RNA2652	104	14	0.00025943008449757707	0.0	1.0	134615.3846153846
chr11	22385660	22385764	RNA2653	104	24	0.016267737733907474	1.4700699921377236e-05	0.9583333333333334	230769.23076923078
chr11	22393829	22393933	RNA2654	104	20	1.6171655033757356e-05	0.0	1.0	192307.6923076923
chr11	22511694	22511798	RNA2655	104	17	2.593948834948118e-05	0.0	1.0	163461.53846153847
chr11	22512039	22512143	RNA2656	104	18	1.47017332589409e-05	0.0	1.0	173076.92307692306
chr11	22611964	22612068	RNA2657	104	0				0.0
chr11	22615242	22615362	RNA2658	120	0				0.0
chr11	23458942	23459046	RNA2659	104	27	0.006571059580521787	1.4708500202686992e-05	0.9629629629629629	259615.38461538462
chr11	24417549	24417686	RNA2660	137	26	1.8658354012864965e-05	7.348599865508732e-06	1.0	189781.02189781022
chr11	27363544	27363648	RNA2661	104	21	3.92835656298054e-05	0.0	1.0	201923.07692307694
chr11	30338664	30338998	RNA2662	334	62	0.005926790203199239	1.470005008741282e-05	0.967741935483871	185628.74251497004
chr11	34150391	34150725	RNA2663	334	56	0.019574101911643993	7.347749942709925e-06	0.9642857142857143	167664.67065868262
chr11	35123030	35123364	RNA2664	334	70	0.0006346602141872668	1.4698500308440998e-05	1.0	209580.83832335327
chr11	35126362	35126696	RNA2665	334	65	0.00020032382958910797	0.0	1.0	194610.77844311378
chr11	35127543	35127877	RNA2666	333	79	0.016180215590022178	0.0	0.9746835443037974	237237.23723723725
chr11	35236653	35236987	RNA2667	334	57	0.0022571659253611733	1.4696799553348685e-05	0.9824561403508771	170658.68263473056
chr11	35236815	35237149	RNA2668	334	57	9.851173897339323e-05	1.4697199731017465e-05	1.0	170658.68263473056
chr11	35237005	35237339	RNA2669	334	66	0.004412495100344431	0.0	0.9848484848484849	197604.79041916167
chr11	36233537	36233871	RNA2670	334	68	0.032129524419146675	1.4703749911859632e-05	0.9264705882352942	203592.81437125747
chr11	38571412	38571679	RNA2671	267	70	0.007808932143143464	0.0	0.9857142857142858	262172.2846441947
chr11	40105289	40105794	RNA2672	505	128	2.5846136004757857e-05	0.0	1.0	253465.34653465348
chr11	40113264	40113598	RNA2673	334	54	9.500596696751732e-05	0.0	1.0	161676.64670658682
chr11	41884374	41884656	RNA2674	282	57	0.01601305551515938	1.4700700376124589e-05	0.9649122807017544	202127.65957446807
chr11	42978761	42979028	RNA2675	267	66	0.0043670745500149315	0.0	0.9848484848484849	247191.01123595505
chr11	43516968	43517235	RNA2676	267	54	0.011504480175349099	1.4698100130772218e-05	0.9629629629629629	202247.19101123596
chr11	43553228	43553495	RNA2677	267	60	0.00010518119988773715	1.469590006308863e-05	1.0	224719.1011235955
chr11	43554580	43554847	RNA2678	267	52	0.00016410331246473258	1.470200004405342e-05	1.0	194756.5543071161
chr11	44003467	44003734	RNA2679	266	63	0.0015668751257469362	1.47024002217222e-05	0.9841269841269841	236842.1052631579
chr11	44021531	44021798	RNA2680	267	36	0.02779230048142583	1.4696400285174605e-05	0.9444444444444444	134831.4606741573
chr11	44026885	44027152	RNA2681	267	57	0.02028632511927864	1.4697199731017465e-05	0.9473684210526315	213483.1460674157
chr11	44030520	44031025	RNA2682	505	97	0.014649746042553102	0.0	0.9690721649484536	192079.20792079208
chr11	44558901	44559168	RNA2683	267	51	0.0005401557178344087	0.0	1.0	191011.23595505618
chr11	44713577	44713859	RNA2684	282	51	5.274789381313177e-05	1.4696400285174605e-05	1.0	180851.06382978725
chr11	44959404	44959909	RNA2685	505	108	0.009800899431638753	0.0	0.9907407407407407	213861.38613861386
chr11	44959652	44960157	RNA2686	505	115	0.009196764788272124	1.469590006308863e-05	0.991304347826087	227722.77227722772
chr11	44968441	44968946	RNA2687	505	90	1.6494382149780704e-05	7.346900019911118e-06	1.0	178217.82178217822
chr11	45045941	45046446	RNA2688	505	104	0.019246034666611404	0.0	0.9807692307692307	205940.59405940594
chr11	45051270	45051775	RNA2689	505	94	0.0215797154504934	0.0	0.9787234042553191	186138.61386138614
chr11	45070145	45070650	RNA2690	505	105	0.03600383071263336	1.4696400285174605e-05	0.9619047619047619	207920.79207920792
chr11	45670931	45671213	RNA2691	282	64	0.03126337763177389	1.4696799553348685e-05	0.953125	226950.35460992908
chr11	45761880	45762162	RNA2692	282	52	0.0004306471689862745	7.348849976551719e-06	1.0	184397.16312056736
chr11	45766251	45766533	RNA2693	282	54	2.700380139651938e-05	1.4704999557579868e-05	1.0	191489.36170212764
chr11	45783289	45783571	RNA2694	282	42	0.019291099424338296	0.0	0.9761904761904762	148936.17021276595
chr11	45783941	45784223	RNA2695	282	50	0.02006499738152342	1.469785001972923e-05	0.98	177304.9645390071
chr11	45883554	45883836	RNA2696	282	48	4.899311208342317e-05	0.0	1.0	170212.7659574468
chr11	45920330	45920835	RNA2697	505	0				0.0
chr11	46741880	46742162	RNA2698	279	59	2.857626905251009e-05	1.469549988541985e-05	1.0	211469.5340501792
chr11	48554284	48554551	RNA2699	267	0				0.0
chr11	49972296	49972801	RNA2700	505	100	0.0006460661052278729	0.0	0.99	198019.80198019804
chr11	50770754	50771036	RNA2701	282	0				0.0
chr11	55898406	55898507	RNA2702	101	35	0.0039403111285667165	1.4697699953103438e-05	0.9714285714285714	346534.6534653465
chr11	59252772	59252995	RNA2703	223	43	0.04351999510032159	1.4698100130772218e-05	0.9534883720930233	192825.1121076233
chr11	59669164	59669265	RNA2704	101	45	1.8945857846116187e-05	1.4696400285174605e-05	1.0	445544.55445544556
chr11	60321115	60321216	RNA2705	101	25	1.4109275798544032e-05	0.0	1.0	247524.75247524751
chr11	60322089	60322698	RNA2706	609	109	0.016018551486647305	1.4698100130772218e-05	0.963302752293578	178981.93760262727
chr11	60324907	60325008	RNA2707	101	20	9.577765058566002e-06	1.4727550023962976e-05	1.0	198019.80198019804
chr11	60326294	60326395	RNA2708	101	25	0.025666221338760807	1.4697199731017465e-05	0.96	247524.75247524751
chr11	60716267	60716368	RNA2709	101	18	7.104062201000332e-05	1.4698300219606608e-05	1.0	178217.82178217822
chr11	60723095	60723196	RNA2710	101	18	0.055547386211704484	1.4700300198455809e-05	0.9444444444444444	178217.82178217822
chr11	60784721	60784822	RNA2711	101	20	2.7933530691368263e-05	7.348200142587302e-06	1.0	198019.80198019804
chr11	61384077	61384156	RNA2712	79	11	4.814090061699102e-05	1.470460028940579e-05	1.0	139240.5063291139
chr11	61658013	61658114	RNA2713	101	21	1.959720941071894e-05	0.0	1.0	207920.79207920792
chr11	62624099	62624187	RNA2714	88	31	5.1641654980836544e-05	0.0	1.0	352272.7272727273
chr11	63346891	63347114	RNA2715	223	0				0.0
chr11	63972962	63973571	RNA2716	606	113	1.2744197361680593e-05	1.469549988541985e-05	1.0	186468.64686468648
chr11	64205097	64205320	RNA2717	223	73	0.013738525566810019	0.0	0.9863013698630136	327354.2600896861
chr11	64205553	64205747	RNA2718	194	52	3.674815210475399e-05	0.0	1.0	268041.23711340205
chr11	64239469	64239692	RNA2719	223	44	0.02654477632687634	0.0	0.9545454545454546	197309.41704035873
chr11	64240267	64240490	RNA2720	223	43	3.246913257858204e-05	1.469590006308863e-05	1.0	192825.1121076233
chr11	64269180	64269403	RNA2721	223	66	0.019976245489529407	1.4696599919261644e-05	0.9696969696969697	295964.12556053814
chr11	64269604	64269827	RNA2722	223	56	1.1285592904641551e-05	0.0	1.0	251121.07623318385
chr11	64358405	64358628	RNA2723	223	51	0.002721581278837772	1.4699799976369832e-05	0.9803921568627451	228699.55156950673
chr11	65061941	65062550	RNA2724	608	120	0.008352151420679849	0.0	0.9916666666666667	197368.42105263157
chr11	65164679	65165288	RNA2725	604	106	0.020594826147376837	1.4698950053571025e-05	0.9716981132075472	175496.68874172185
chr11	65165123	65165732	RNA2726	609	110	7.694946849699697e-05	1.4698950053571025e-05	1.0	180623.973727422
chr11	65176661	65176884	RNA2727	223	32	0.009256247822577269	1.471585028411937e-05	0.96875	143497.75784753362
chr11	65176700	65176779	RNA2728	79	8	0.03682226941327826	7.356400146818487e-06	0.875	101265.82278481012
chr11	65651132	65651741	RNA2729	609	124	0.008083125340267687	1.4696400285174605e-05	0.9919354838709677	203612.47947454845
chr11	65651377	65651986	RNA2730	609	116	0.011947672518897827	1.4694600395159796e-05	0.9827586206896551	190476.19047619047
chr11	65652186	65652795	RNA2731	609	172	4.2995146555385806e-05	1.4696400285174605e-05	1.0	282430.2134646962
chr11	65672793	65672894	RNA2732	101	16	1.2866481029050192e-05	0.0	1.0	158415.84158415842
chr11	66299225	66299304	RNA2733	79	7	4.198842881513494e-06	0.0	1.0	88607.59493670886
chr11	66301468	66302077	RNA2734	609	80	0.028053594661912477	1.4709749848407228e-05	0.9625	131362.88998357963
chr11	66322951	66323030	RNA2735	79	20	0.004239306849331107	1.4701600321131991e-05	0.95	253164.55696202532
chr11	66328031	66328110	RNA2736	79	16	1.5629000131411885e-05	1.4706300135003403e-05	1.0	202531.64556962025
chr11	66373085	66373164	RNA2737	79	8	1.1023574984392326e-05	1.4696150174131617e-05	1.0	101265.82278481012
chr11	66373627	66373706	RNA2738	79	15	1.9597526807040898e-05	1.4696400285174605e-05	1.0	189873.417721519
chr11	66433307	66433386	RNA2739	79	14	0.00038389374802655677	1.4700249721499858e-05	1.0	177215.18987341772
chr11	66570216	66570539	RNA2740	323	53	0.04741641187809124	1.469509970775107e-05	0.9245283018867925	164086.68730650155
chr11	66608960	66609048	RNA2741	88	19	8.523689470358045e-06	0.0	1.0	215909.0909090909
chr11	67314369	67314448	RNA2742	79	15	1.1760493301456638e-05	1.4698100130772218e-05	1.0	189873.417721519
chr11	67506380	67506468	RNA2743	88	17	7.612423852311141e-05	1.469590006308863e-05	1.0	193181.81818181818
chr11	67596953	67597041	RNA2744	88	18	0.11111356240644454	7.348849976551719e-06	0.8888888888888888	204545.45454545456
chr11	67601122	67601210	RNA2745	88	22	0.028047586555038088	1.4697250207973411e-05	0.9545454545454546	250000.0
chr11	67616371	67616459	RNA2746	88	16	0.00010294651610819896	7.349050065386109e-06	1.0	181818.18181818182
chr11	67618013	67618101	RNA2747	88	12	0.04787525634128542	1.4701099644298664e-05	0.9166666666666666	136363.63636363635
chr11	67703168	67703256	RNA2748	88	24	8.574500005427884e-06	0.0	1.0	272727.2727272727
chr11	68008316	68008510	RNA2749	194	39	0.02559311548166312	0.0	0.9743589743589743	201030.92783505155
chr11	68222529	68222650	RNA2750	121	22	0.004696938768492219	7.350150099227904e-06	0.9545454545454546	181818.18181818182
chr11	68310974	68311663	RNA2751	689	124	0.008214040720494881	0.0	0.9919354838709677	179970.97242380262
chr11	68636786	68636874	RNA2752	88	20	8.137040003930451e-06	0.0	1.0	227272.72727272726
chr11	68889307	68889501	RNA2753	194	42	7.005009809376654e-05	1.4711049971083412e-05	1.0	216494.84536082475
chr11	69000206	69000400	RNA2754	194	44	0.03363500884851915	0.0	0.9545454545454546	226804.12371134022
chr11	69000484	69000678	RNA2755	194	27	0.024725114054827253	0.0	0.9629629629629629	139175.25773195876
chr11	69179211	69179405	RNA2756	194	42	0.03612260958813013	1.4700699921377236e-05	0.9047619047619048	216494.84536082475
chr11	69180034	69180228	RNA2757	194	41	0.007227350154740939	0.0	0.975609756097561	211340.20618556702
chr11	69180535	69180729	RNA2758	194	37	0.018827431469641873	1.4698100130772218e-05	0.9459459459459459	190721.64948453606
chr11	69193428	69193651	RNA2759	223	39	0.00014057112023762168	1.4699399798701052e-05	1.0	174887.89237668162
chr11	69957367	69957561	RNA2760	194	46	1.597599129640997e-05	1.4696150174131617e-05	1.0	237113.40206185565
chr11	69957628	69958237	RNA2761	609	120	7.581557350325016e-05	1.4696349808218656e-05	1.0	197044.33497536948
chr11	70437476	70437799	RNA2762	323	69	0.014538550012216345	1.469509970775107e-05	0.9855072463768116	213622.29102167182
chr11	71337181	71337504	RNA2763	323	73	0.013798502400788164	1.4696799553348685e-05	0.9863013698630136	226006.1919504644
chr11	71356964	71357287	RNA2764	323	87	0.009585020769929077	1.4696799553348685e-05	0.9770114942528736	269349.8452012384
chr11	71357806	71357885	RNA2765	79	11	0.0008873338315011389	0.0	1.0	139240.5063291139
chr11	71363254	71363577	RNA2766	323	63	2.1714601384050247e-05	0.0	1.0	195046.43962848297
chr11	71524439	71524762	RNA2767	322	67	4.055007791894186e-05	0.0	1.0	208074.53416149068
chr11	71524510	71524833	RNA2768	322	64	0.015646777947111442	0.0	0.984375	198757.76397515528
chr11	71525091	71525574	RNA2769	483	76	4.23538184397887e-05	0.0	1.0	157349.89648033126
chr11	71568086	71568409	RNA2770	323	0				0.0
chr11	72154373	72154494	RNA2771	121	33	0.026798918087947775	1.4696799553348685e-05	0.9696969696969697	272727.2727272727
chr11	72260725	72261414	RNA2772	689	119	0.012678403259920708	0.0	0.9831932773109243	172714.07837445574
chr11	72447206	72447529	RNA2773	323	62	0.002850804122156275	0.0	0.9838709677419355	191950.46439628483
chr11	72567243	72567331	RNA2774	88	15	1.763988008557741e-05	1.4698100130772218e-05	1.0	170454.54545454544
chr11	72679458	72679579	RNA2775	121	25	0.040022345556280925	1.4699799976369832e-05	0.96	206611.57024793388
chr11	72680107	72680228	RNA2776	121	19	2.2436452558104418e-05	1.4698500308440998e-05	1.0	157024.79338842977
chr11	72682734	72682855	RNA2777	121	17	3.372138855731903e-05	1.4700300198455809e-05	1.0	140495.86776859505
chr11	73242437	73242558	RNA2778	121	24	6.61708064626495e-05	0.0	1.0	198347.10743801654
chr11	73242745	73243266	RNA2779	521	122	0.012578781182560674	1.469744984206045e-05	0.9754098360655737	234165.06717850288
chr11	73242842	73242963	RNA2780	121	34	0.007548325688249483	7.349499810516136e-06	0.9705882352941176	280991.7355371901
chr11	73243250	73243939	RNA2781	689	134	0.0029227466614823055	1.4698300219606608e-05	0.9850746268656716	194484.76052249636
chr11	73261119	73261808	RNA2782	689	136	6.876800064085357e-05	1.4696400285174605e-05	1.0	197387.51814223512
chr11	73261375	73261496	RNA2783	121	23	7.668947704508394e-06	0.0	1.0	190082.64462809917
chr11	73262021	73262710	RNA2784	689	108	0.025971466063571855	1.4696800008096034e-05	0.9722222222222222	156748.9114658926
chr11	73369906	73370595	RNA2785	689	125	0.008131834624349719	0.0	0.992	181422.35123367197
chr11	73370379	73371068	RNA2786	689	105	3.093439976336595e-05	0.0	1.0	152394.77503628447
chr11	73397905	73398594	RNA2787	689	138	0.008604140794933048	1.4698549875902245e-05	0.9855072463768116	200290.27576197387
chr11	73778246	73778382	RNA2788	136	25	0.04001001049200567	0.0	0.96	183823.52941176473
chr11	73992198	73992392	RNA2789	194	28	2.362491136408741e-05	0.0	1.0	144329.8969072165
chr11	73992525	73992646	RNA2790	121	29	0.034501534861819574	1.4703299711982254e-05	0.9655172413793104	239669.4214876033
chr11	74486717	74487406	RNA2791	689	115	0.011847722761621809	0.0	0.9565217391304348	166908.56313497823
chr11	75434077	75434560	RNA2792	483	83	0.012370329859396699	0.0	0.9879518072289156	171842.65010351967
chr11	76150787	76151612	RNA2793	824	143	0.0072168728213598396	0.0	0.986013986013986	173543.68932038837
chr11	76347102	76347585	RNA2794	483	92	0.00035289736378336033	0.0	1.0	190476.19047619047
chr11	76425211	76425694	RNA2795	483	62	0.007028312151775142	7.347749942709925e-06	0.9838709677419355	128364.38923395447
chr11	76425775	76426098	RNA2796	321	68	0.00012941706020629635	0.0	1.0	211838.0062305296
chr11	76426726	76427209	RNA2797	483	66	0.030331177669957077	7.348399776674342e-06	0.9696969696969697	136645.96273291926
chr11	76563667	76564150	RNA2798	483	89	0.004793245057790246	1.4696400285174605e-05	0.9887640449438202	184265.0103519669
chr11	76564141	76564624	RNA2799	483	90	0.006457731479561815	1.4697199731017465e-05	0.9888888888888889	186335.40372670806
chr11	76564748	76565231	RNA2800	483	99	0.034596733169086964	1.4697199731017465e-05	0.9393939393939394	204968.9440993789
chr11	76567353	76567874	RNA2801	514	92	0.017325552927658184	0.0	0.9782608695652174	178988.32684824904
chr11	77314188	77314324	RNA2802	136	33	2.6923902596256433e-05	1.475449971621856e-05	1.0	242647.0588235294
chr11	77316786	77317307	RNA2803	521	86	0.00018920916426035914	0.0	1.0	165067.17850287908
chr11	77317096	77317579	RNA2804	483	95	2.491618216529257e-05	0.0	1.0	196687.37060041408
chr11	77318358	77318879	RNA2805	521	89	0.007683003186347569	0.0	0.9775280898876404	170825.33589251438
chr11	77319461	77319982	RNA2806	521	101	0.0035022367039598224	0.0	0.9900990099009901	193857.96545105567
chr11	77999347	77999868	RNA2807	521	110	0.007474338684997662	1.469549988541985e-05	0.9727272727272728	211132.43761996162
chr11	77999711	77999847	RNA2808	136	36	0.01528910569236864	7.348200142587302e-06	0.9722222222222222	264705.8823529412
chr11	78000044	78000180	RNA2809	136	33	5.70259529040684e-05	0.0	1.0	242647.0588235294
chr11	78002002	78002123	RNA2810	121	26	2.1483949589863922e-05	0.0	1.0	214876.03305785125
chr11	78006369	78006505	RNA2811	136	21	0.04782412103126956	0.0	0.9523809523809523	154411.76470588235
chr11	78006591	78007112	RNA2812	521	92	0.021409525185756294	1.4700900010211626e-05	0.967391304347826	176583.4932821497
chr11	78008333	78009022	RNA2813	683	141	0.01610935849446264	1.4705899957334624e-05	0.950354609929078	206442.16691068816
chr11	78008761	78009282	RNA2814	521	120	0.01268306883885088	1.4700700376124589e-05	0.9583333333333334	230326.29558541268
chr11	78588540	78588676	RNA2815	136	25	2.6460700210004305e-05	0.0	1.0	183823.52941176473
chr11	78598887	78599023	RNA2816	136	30	0.0008215522304150545	1.4701549844176043e-05	1.0	220588.23529411765
chr11	78599004	78599525	RNA2817	521	105	0.009592713920799377	0.0	0.9904761904761905	201535.50863723608
chr11	78601668	78601804	RNA2818	136	32	0.03123436291647863	1.4696400285174605e-05	0.96875	235294.11764705883
chr11	79443480	79443616	RNA2819	136	26	1.1308788578809561e-05	1.4698500308440998e-05	1.0	191176.47058823527
chr11	79617824	79618649	RNA2820	825	153	0.015634645387127104	1.469590006308863e-05	0.9738562091503268	185454.54545454544
chr11	79617926	79618409	RNA2821	483	83	0.028799239361476967	1.4696799553348685e-05	0.9518072289156626	171842.65010351967
chr11	79618211	79619036	RNA2822	825	162	0.005363641366307372	0.0	0.9876543209876543	196363.63636363635
chr11	79618539	79619364	RNA2823	825	165	0.00010290299999751323	1.469549988541985e-05	1.0	200000.0
chr11	79618965	79619790	RNA2824	825	158	0.009734021975418724	0.0	0.9873417721518988	191515.15151515152
chr11	82723355	82724180	RNA2825	820	153	0.00033259974601950365	0.0	1.0	186585.36585365853
chr11	82724250	82725075	RNA2826	825	151	0.020376032460184344	1.4696400285174605e-05	0.9801324503311258	183030.30303030304
chr11	82726419	82727244	RNA2827	825	164	0.0003513680612186551	0.0	1.0	198787.87878787878
chr11	82728197	82729022	RNA2828	825	142	0.00042297288252522643	0.0	1.0	172121.21212121213
chr11	82734959	82735480	RNA2829	521	102	0.001656232181176163	0.0	0.9901960784313726	195777.35124760077
chr11	83429282	83429418	RNA2830	136	23	1.2783869391094651e-05	1.4697699953103438e-05	1.0	169117.64705882355
chr11	85693266	85694091	RNA2831	823	165	0.0242759427613595	0.0	0.9757575757575757	200486.02673147022
chr11	97472483	97472613	RNA2832	130	17	3.37386109094903e-05	0.0	1.0	130769.23076923078
chr11	101345329	101345459	RNA2833	129	29	0.06456349864536856	0.0	0.896551724137931	224806.2015503876
chr11	102343608	102343738	RNA2834	130	22	1.5369441081764474e-05	1.4696800008096034e-05	1.0	169230.76923076925
chr11	102386320	102386450	RNA2835	130	22	0.006350595657295333	1.4712350093759596e-05	0.9090909090909091	169230.76923076925
chr11	102389062	102389192	RNA2836	130	21	0.00037243390700798855	0.0	1.0	161538.46153846156
chr11	102505008	102505138	RNA2837	130	28	0.02747250062702733	1.4706100046169013e-05	0.9285714285714286	215384.6153846154
chr11	102507236	102507366	RNA2838	130	31	0.03227135554190623	0.0	0.9354838709677419	238461.53846153847
chr11	102535169	102535299	RNA2839	130	33	0.0026940050652366526	1.469590006308863e-05	0.9696969696969697	253846.15384615384
chr11	103104285	103104415	RNA2840	130	0				0.0
chr11	105563234	105563638	RNA2841	404	87	0.017947018914002973	1.4697199731017465e-05	0.9770114942528736	215346.53465346535
chr11	106105825	106105913	RNA2842	88	15	1.274003352591535e-05	0.0	1.0	170454.54545454544
chr11	107035056	107035327	RNA2843	271	37	1.0726102659275285e-05	0.0	1.0	136531.36531365314
chr11	107459240	107459370	RNA2844	130	32	0.007061114841548028	0.0	0.96875	246153.84615384616
chr11	107569439	107569564	RNA2845	125	28	2.3624346567879845e-05	0.0	1.0	224000.0
chr11	109288730	109289134	RNA2846	404	93	0.005920584584561755	0.0	0.989247311827957	230198.0198019802
chr11	110299411	110299499	RNA2847	84	16	4.114423211376306e-05	1.4697250207973411e-05	1.0	190476.19047619047
chr11	110299546	110299950	RNA2848	404	82	0.01883161363165771	1.4698100130772218e-05	0.975609756097561	202970.29702970298
chr11	110318570	110318974	RNA2849	404	60	2.057653335517184e-05	1.4696349808218656e-05	1.0	148514.8514851485
chr11	110323325	110323729	RNA2850	404	78	0.0008395680449258408	0.0	0.9871794871794872	193069.30693069307
chr11	110415010	110415414	RNA2851	404	79	0.012685391568498464	1.4697699953103438e-05	0.9873417721518988	195544.55445544556
chr11	110415138	110415542	RNA2852	404	74	0.013603675921613838	1.4696150174131617e-05	0.9864864864864865	183168.31683168316
chr11	110470750	110471154	RNA2853	404	63	0.02036483589320899	0.0	0.9523809523809523	155940.59405940594
chr11	110471275	110471546	RNA2854	271	59	0.016942676191397138	0.0	0.9830508474576272	217712.1771217712
chr11	110760695	110760865	RNA2855	170	30	0.035541265105136215	1.470219967814046e-05	0.9333333333333333	176470.58823529413
chr11	110886441	110886529	RNA2856	88	11	8.018645448001651e-06	1.4696799553348685e-05	1.0	125000.0
chr11	110888832	110888920	RNA2857	88	12	1.7219558609818716e-05	0.0	1.0	136363.63636363635
chr11	110889240	110889328	RNA2858	88	18	1.1432494324657859e-05	1.4696799553348685e-05	1.0	204545.45454545456
chr11	111199402	111199490	RNA2859	88	11	8.017618132395331e-06	0.0	1.0	125000.0
chr11	111205250	111205338	RNA2860	88	24	0.04910551690556985	1.4696400285174605e-05	0.9166666666666666	272727.2727272727
chr11	111215594	111215682	RNA2861	83	9	8.831357889800347e-05	3.946489960071631e-05	1.0	108433.73493975904
chr11	111350808	111351079	RNA2862	271	43	0.0013637514171974973	1.4696400285174605e-05	0.9767441860465116	158671.58671586716
chr11	111350995	111351266	RNA2863	271	51	0.0011445817943097696	0.0	0.9803921568627451	188191.88191881918
chr11	111351146	111351417	RNA2864	271	52	1.2440273202138172e-05	0.0	1.0	191881.9188191882
chr11	111351179	111351583	RNA2865	404	84	0.009172190268806106	0.0	0.9880952380952381	207920.79207920792
chr11	111538856	111538981	RNA2866	125	20	2.7923395009560092e-05	1.4696799553348685e-05	1.0	160000.0
chr11	111573795	111574066	RNA2867	271	57	0.00020529093206022225	1.4698999621032272e-05	1.0	210332.1033210332
chr11	111577916	111578187	RNA2868	271	44	2.472392510422895e-05	1.4697900041937828e-05	1.0	162361.62361623615
chr11	111583096	111583237	RNA2869	141	25	1.0585624004306737e-05	0.0	1.0	177304.9645390071
chr11	111593619	111593890	RNA2870	270	49	0.014293878706295646	0.0	0.9795918367346939	181481.4814814815
chr11	112024005	112024093	RNA2871	88	10	4.409949906403199e-06	0.0	1.0	113636.36363636363
chr11	112392081	112392206	RNA2872	125	18	0.004439893585590143	1.4697199731017465e-05	0.9444444444444444	144000.0
chr11	112392323	112392448	RNA2873	125	32	0.031258728009305514	0.0	0.96875	256000.0
chr11	112392801	112392926	RNA2874	125	25	0.028333741029309745	1.4698999621032272e-05	0.96	200000.0
chr11	112624996	112625121	RNA2875	125	26	1.97853382115453e-05	0.0	1.0	208000.0
chr11	112630907	112631032	RNA2876	125	29	1.9766324306864925e-05	1.4698999621032272e-05	1.0	232000.0
chr11	112632918	112633189	RNA2877	271	49	0.020422864236655985	1.4698500308440998e-05	0.9795918367346939	180811.8081180812
chr11	112633957	112634082	RNA2878	125	14	0.07142332027102125	0.0	0.9285714285714286	112000.0
chr11	113519861	113520132	RNA2879	271	52	0.003989625447117686	0.0	0.9807692307692307	191881.9188191882
chr11	113556133	113556258	RNA2880	125	21	1.4000395259201815e-05	1.4698500308440998e-05	1.0	168000.0
chr11	114799817	114799987	RNA2881	167	37	0.000982572227602186	1.4704200111737007e-05	1.0	221556.88622754492
chr11	115166336	115166740	RNA2882	404	75	0.02073344798785304	1.469590006308863e-05	0.96	185643.56435643564
chr11	115507913	115508054	RNA2883	141	29	0.002025026031991852	0.0	0.9655172413793104	205673.7588652482
chr11	115651137	115651225	RNA2884	88	13	0.007562388751326721	1.4756199561816176e-05	0.9230769230769231	147727.27272727274
chr11	115651186	115651356	RNA2885	163	24	8.231568968615592e-05	1.4809299955231836e-05	1.0	147239.26380368098
chr11	115651361	115651502	RNA2886	137	25	1.8602468298921406e-05	0.0	1.0	182481.7518248175
chr11	115652042	115652212	RNA2887	170	36	2.615105909676832e-05	1.4695950085297227e-05	1.0	211764.70588235295
chr11	115653695	115653836	RNA2888	141	30	3.6759906227712756e-05	1.4698749964736635e-05	1.0	212765.95744680852
chr11	115656433	115656574	RNA2889	141	30	0.003899862014835278	1.4696599919261644e-05	0.9666666666666667	212765.95744680852
chr11	115656686	115656957	RNA2890	261	50	0.022024660141105407	1.4698999621032272e-05	0.96	191570.88122605364
chr11	115656955	115657125	RNA2891	170	50	0.0024466845742972484	0.0	0.98	294117.64705882355
chr11	116669019	116669160	RNA2892	141	33	0.010375503230038285	0.0	0.9696969696969697	234042.55319148937
chr11	116669281	116669451	RNA2893	170	37	1.1523237771069313e-05	0.0	1.0	217647.05882352943
chr11	116675027	116675168	RNA2894	141	25	2.303659181052178e-05	1.4726199879078194e-05	1.0	177304.9645390071
chr11	116675872	116676042	RNA2895	170	38	0.0015027486614072629	1.4712600204802584e-05	0.9736842105263158	223529.4117647059
chr11	116679338	116679479	RNA2896	141	20	0.009465945433430534	7.349250154220499e-06	0.95	141843.97163120567
chr11	116684635	116684805	RNA2897	169	47	0.023062530818316045	1.4751900380360894e-05	0.9148936170212766	278106.50887573964
chr11	116745767	116745937	RNA2898	170	29	1.4697220618031454e-05	1.469590006308863e-05	1.0	170588.23529411765
chr11	117423159	117423430	RNA2899	271	77	0.00372042949209855	1.4696400285174605e-05	0.961038961038961	284132.8413284133
chr11	117423338	117423479	RNA2900	141	34	2.0316729392906693e-05	7.347300197579898e-06	1.0	241134.75177304962
chr11	117424232	117424357	RNA2901	125	20	0.049998780281794095	0.0	0.9	160000.0
chr11	118356467	118356738	RNA2902	266	42	3.159515325109816e-05	0.0	1.0	157894.73684210525
chr11	118356683	118356954	RNA2903	271	57	0.00024161115986013178	1.4699799976369832e-05	1.0	210332.1033210332
chr11	118357821	118358092	RNA2904	271	55	0.033606898615372215	0.0	0.9636363636363636	202952.0295202952
chr11	118682744	118683015	RNA2905	269	30	0.2775308451429131	2.2090100173954852e-05	0.7	111524.16356877323
chr11	118685332	118685603	RNA2906	271	0				0.0
chr11	118685361	118685632	RNA2907	271	0				0.0
chr11	119353945	119354216	RNA2908	271	56	0.031076154380457403	1.4708050002809614e-05	0.9642857142857143	206642.06642066423
chr11	120508867	120509037	RNA2909	170	27	0.00908123769355976	1.4700700376124589e-05	0.9629629629629629	158823.5294117647
chr11	121411749	121411890	RNA2910	141	20	9.555584802001249e-06	0.0	1.0	141843.97163120567
chr11	122027814	122027992	RNA2911	178	40	0.02511333845238823	0.0	0.95	224719.1011235955
chr11	122598493	122598596	RNA2912	103	17	1.1242805692955845e-05	0.0	1.0	165048.5436893204
chr11	123236892	123237068	RNA2913	176	42	2.5197616694290875e-05	0.0	1.0	238636.36363636365
chr11	123348857	123349128	RNA2914	271	55	0.012293373990376654	0.0	0.9818181818181818	202952.0295202952
chr11	123627804	123627977	RNA2915	173	50	0.01629487741043703	1.4702450243930798e-05	0.96	289017.34104046243
chr11	123899861	123899943	RNA2916	82	14	0.10847115628329058	1.470200004405342e-05	0.7857142857142857	170731.7073170732
chr11	125944867	125944989	RNA2917	122	16	0.0001575227649368468	1.469744984206045e-05	1.0	131147.54098360657
chr11	125945596	125945774	RNA2918	178	36	0.027794930749779363	1.4700700376124589e-05	0.9722222222222222	202247.19101123596
chr11	126194536	126194639	RNA2919	103	17	0.01580564730198495	1.4713699783897027e-05	0.9411764705882353	165048.5436893204
chr11	126194830	126195008	RNA2920	178	35	6.888195951301991e-05	1.4698100130772218e-05	1.0	196629.21348314607
chr11	126197513	126197691	RNA2921	178	19	0.0005228974646582269	1.4696400285174605e-05	1.0	106741.57303370786
chr11	126199772	126199950	RNA2922	178	25	0.008887565162476673	1.469549988541985e-05	0.96	140449.4382022472
chr11	127006208	127006386	RNA2923	178	34	0.029446349661825747	7.347100108745508e-06	0.9705882352941176	191011.23595505618
chr11	127007651	127007829	RNA2924	178	39	0.03210681156419107	0.0	0.9487179487179487	219101.12359550563
chr11	127013069	127013247	RNA2925	178	35	1.1344428587887836e-05	0.0	1.0	196629.21348314607
chr11	127179057	127179160	RNA2926	103	25	0.04002764177967037	1.4697199731017465e-05	0.96	242718.44660194175
chr11	127182312	127182415	RNA2927	103	18	0.05556844174831591	0.0	0.8888888888888888	174757.28155339806
chr11	127182889	127183065	RNA2928	176	19	2.0117563269049185e-05	0.0	1.0	107954.54545454546
chr11	127187535	127187638	RNA2929	103	19	0.05262848875793822	1.4697199731017465e-05	0.9473684210526315	184466.01941747573
chr11	127351861	127351964	RNA2930	103	26	9.62021151560923e-06	0.0	1.0	252427.18446601942
chr11	127353938	127354041	RNA2931	103	0				0.0
chr11	127393365	127393538	RNA2932	173	42	0.007443738535714925	0.0	0.9761904761904762	242774.56647398844
chr11	127398111	127398214	RNA2933	103	26	0.03856505286834222	1.469744984206045e-05	0.9615384615384616	252427.18446601942
chr11	127930306	127930388	RNA2934	82	0				0.0
chr11	127953729	127953907	RNA2935	178	37	1.430604292230809e-05	0.0	1.0	207865.16853932585
chr11	128011963	128012139	RNA2936	176	36	0.0030620209230013003	0.0	0.9722222222222222	204545.45454545456
chr11	128023563	128023739	RNA2937	176	23	0.03775696194699539	0.0	0.9565217391304348	130681.81818181818
chr11	128029296	128029472	RNA2938	176	49	0.0075581003072088294	1.4701099644298664e-05	0.9795918367346939	278409.0909090909
chr11	128246644	128246820	RNA2939	176	37	7.746753613605647e-05	1.4699799976369832e-05	1.0	210227.27272727274
chr11	128251398	128251574	RNA2940	176	36	0.012786978599453703	7.348599865508732e-06	0.9722222222222222	204545.45454545456
chr11	128367075	128367178	RNA2941	103	26	0.002014821591623889	1.4699199709866662e-05	0.9615384615384616	252427.18446601942
chr11	128370184	128370360	RNA2942	176	35	6.215686093387395e-05	1.4700300198455809e-05	1.0	198863.63636363635
chr11	128457626	128457799	RNA2943	173	35	0.057174352353831635	1.4697199731017465e-05	0.9428571428571428	202312.1387283237
chr11	128457797	128457970	RNA2944	173	34	0.0006793012036509618	1.4698099676024867e-05	1.0	196531.79190751447
chr11	128458553	128458726	RNA2945	173	32	2.5260565337245197e-05	0.0	1.0	184971.09826589594
chr11	128588440	128588613	RNA2946	173	35	1.1338411396925151e-05	0.0	1.0	202312.1387283237
chr11	128592975	128593148	RNA2947	173	40	0.0011107239834927834	0.0	1.0	231213.87283236993
chr11	128596455	128596628	RNA2948	170	39	3.9283229339976693e-05	1.469590006308863e-05	1.0	229411.76470588235
chr11	128813980	128814062	RNA2949	82	20	1.6901974913703636e-05	7.347950031544315e-06	1.0	243902.43902439025
chr11	128888005	128888087	RNA2950	82	5	5.879420132259838e-06	0.0	1.0	60975.60975609756
chr11	128889173	128889255	RNA2951	82	20	5.734171131734115e-05	7.349250154220499e-06	1.0	243902.43902439025
chr11	128922555	128922637	RNA2952	82	24	2.388686213331551e-05	0.0	1.0	292682.9268292683
chr11	128922698	128922780	RNA2953	82	13	5.766504609010284e-05	0.0	1.0	158536.58536585365
chr11	128964653	128964735	RNA2954	82	19	1.6248484299510686e-05	1.4697699953103438e-05	1.0	231707.31707317074
chr11	129338416	129338538	RNA2955	122	22	0.04546323057725617	0.0	0.9545454545454546	180327.868852459
chr11	129338744	129338920	RNA2956	175	25	1.5291220006471652e-05	1.4701099644298664e-05	1.0	142857.14285714284
chr11	129367488	129367661	RNA2957	173	25	0.0004745805653510602	1.469549988541985e-05	1.0	144508.67052023122
chr11	129899272	129899354	RNA2958	81	32	0.0009002946284795102	1.470454981244984e-05	1.0	395061.7283950617
chr11	130211272	130211394	RNA2959	122	32	0.00018741929326892792	1.4696999642183075e-05	1.0	262295.08196721313
chr11	130225729	130225851	RNA2960	115	32	2.338415288249367e-05	1.4943199857953005e-05	1.0	278260.8695652174
chr11	130225910	130226032	RNA2961	122	27	0.00016071207499879206	1.4701099644298664e-05	1.0	221311.47540983607
chr11	130447858	130447980	RNA2962	122	6	2.215455060650129e-05	0.0	1.0	49180.32786885246
chr11	130447865	130447987	RNA2963	122	6	2.215455060650129e-05	0.0	1.0	49180.32786885246
chr11	130492207	130492329	RNA2964	122	0				0.0
chr11	131018463	131018566	RNA2965	103	23	7.861572608500391e-05	0.0	1.0	223300.97087378643
chr11	131019345	131019523	RNA2966	178	30	1.9126613521314982e-05	0.0	1.0	168539.32584269662
chr11	131021129	131021251	RNA2967	122	26	0.007492775829947408	1.4697699953103438e-05	0.9615384615384616	213114.75409836063
chr11	132414022	132414195	RNA2968	173	28	1.5222928790791458e-05	0.0	1.0	161849.71098265896
chr11	132414161	132414337	RNA2969	176	34	0.0003264285116047673	0.0	1.0	193181.81818181818
chr11	133871332	133871414	RNA2970	82	12	2.6947783605153965e-05	1.4696999642183075e-05	1.0	146341.46341463414
chr12	48267	48598	RNA2971	331	0				0.0
chr12	53352	53683	RNA2972	331	0				0.0
chr12	60831	61162	RNA2973	331	0				0.0
chr12	184455	184786	RNA2974	331	115	0.018434763231538365	1.470460028940579e-05	0.9652173913043478	347432.02416918427
chr12	189212	189543	RNA2975	331	73	0.00837820738364178	0.0	0.9863013698630136	220543.80664652569
chr12	272045	272376	RNA2976	328	48	1.807246460808542e-05	7.348200142587302e-06	1.0	146341.46341463414
chr12	1499170	1499501	RNA2977	321	55	0.018891760079912435	0.0	0.9818181818181818	171339.56386292833
chr12	1790160	1790329	RNA2978	166	44	0.0020811153087627317	1.470414963478106e-05	0.9772727272727273	265060.24096385547
chr12	1945469	1945638	RNA2979	169	37	0.027740682315001118	1.4696400285174605e-05	0.972972972972973	218934.91124260356
chr12	1945472	1945641	RNA2980	169	36	0.02851125682375115	1.4696800008096034e-05	0.9722222222222222	213017.75147928996
chr12	1945667	1945836	RNA2981	169	42	0.0009042846136686558	1.4696599919261644e-05	1.0	248520.7100591716
chr12	2941793	2941962	RNA2982	169	44	5.813238052806617e-05	0.0	1.0	260355.02958579882
chr12	2942625	2942794	RNA2983	169	40	0.025019843434483845	7.349899988184916e-06	0.975	236686.39053254438
chr12	2943559	2943728	RNA2984	169	26	0.03847737141142296	1.470005008741282e-05	0.9615384615384616	153846.15384615384
chr12	3372747	3373229	RNA2985	482	68	0.01471863634706364	7.347549853875535e-06	0.9852941176470589	141078.83817427387
chr12	3764926	3765095	RNA2986	169	36	0.028727818815620285	1.4695950085297227e-05	0.9722222222222222	213017.75147928996
chr12	4231040	4231842	RNA2987	802	162	0.023287820928089783	1.469764993089484e-05	0.9506172839506173	201995.01246882792
chr12	5062179	5062510	RNA2988	331	57	1.495653512456686e-05	0.0	1.0	172205.43806646526
chr12	5384357	5384782	RNA2989	425	83	0.012910918799787894	1.469549988541985e-05	0.9879518072289156	195294.11764705883
chr12	5947796	5947933	RNA2990	137	32	0.0017973542084064285	0.0	0.96875	233576.6423357664
chr12	6556401	6556731	RNA2991	330	78	2.1117202602628686e-05	1.470460028940579e-05	1.0	236363.63636363635
chr12	7343657	7344139	RNA2992	482	85	0.002617587679710326	1.4699399798701052e-05	0.9647058823529412	176348.54771784233
chr12	7728548	7728717	RNA2993	169	40	0.025072097477732307	1.4703950000694022e-05	0.975	236686.39053254438
chr12	8067553	8068355	RNA2994	801	143	0.009488742659884775	1.4698999621032272e-05	0.986013986013986	178526.84144818975
chr12	8073467	8073949	RNA2995	481	78	0.0001602480071176993	0.0	1.0	162162.16216216216
chr12	8075243	8075725	RNA2996	482	70	2.6679443349815163e-05	1.4698100130772218e-05	1.0	145228.21576763486
chr12	8076229	8076711	RNA2997	482	73	0.015472442952009818	1.4696400285174605e-05	0.958904109589041	151452.28215767632
chr12	8453940	8454422	RNA2998	482	0				0.0
chr12	8454014	8454496	RNA2999	482	0				0.0
chr12	8488472	8488954	RNA3000	482	0				0.0
chr12	8672871	8673673	RNA3001	802	155	5.131334835881998e-05	0.0	1.0	193266.83291770573
chr12	8674387	8675189	RNA3002	801	145	0.013945470067464437	1.4712800293636974e-05	0.9862068965517241	181023.72034956305
chr12	8677573	8678375	RNA3003	802	148	0.022341842645321748	1.4706499769090442e-05	0.972972972972973	184538.65336658354
chr12	9662610	9662747	RNA3004	137	26	1.6395896042149358e-05	7.347100108745508e-06	1.0	189781.02189781022
chr12	9663020	9663502	RNA3005	482	85	0.010451695229184061	0.0	0.9764705882352941	176348.54771784233
chr12	9663242	9663667	RNA3006	425	70	0.04121762921879833	0.0	0.9428571428571428	164705.88235294117
chr12	9699900	9700702	RNA3007	802	170	0.012985571327402896	0.0	0.9588235294117647	211970.0748129676
chr12	9700921	9701723	RNA3008	802	176	0.022882412152672383	0.0	0.9488636363636364	219451.37157107232
chr12	9701011	9701813	RNA3009	802	177	0.015158826799077584	0.0	0.9548022598870056	220698.25436408978
chr12	10066225	10067027	RNA3010	802	167	0.013829860527376926	0.0	0.9820359281437125	208229.4264339152
chr12	10113942	10114367	RNA3011	425	89	0.011498119128610297	0.0	0.9887640449438202	209411.76470588235
chr12	10196640	10197065	RNA3012	425	84	0.001125816734018021	0.0	0.9880952380952381	197647.0588235294
chr12	10199820	10200245	RNA3013	425	72	0.013007214702472285	1.4697699953103438e-05	0.9583333333333334	169411.76470588235
chr12	10223313	10223738	RNA3014	417	79	0.016058530145424875	1.4697699953103438e-05	0.9746835443037974	189448.4412470024
chr12	10223547	10223972	RNA3015	425	91	1.809206584696784e-05	0.0	1.0	214117.64705882352
chr12	10331070	10331495	RNA3016	425	92	0.02039868428310792	0.0	0.967391304347826	216470.5882352941
chr12	10473777	10473914	RNA3017	137	0				0.0
chr12	10494752	10494889	RNA3018	137	21	7.00265135968646e-05	0.0	1.0	153284.67153284673
chr12	10495595	10495732	RNA3019	137	28	0.006818563427064612	0.0	0.9642857142857143	204379.56204379562
chr12	10552798	10553128	RNA3020	330	62	0.009754436607724322	1.4698500308440998e-05	0.9838709677419355	187878.78787878787
chr12	10577845	10577982	RNA3021	137	31	0.01752483435906939	0.0	0.967741935483871	226277.37226277372
chr12	10580479	10580616	RNA3022	137	24	0.00020089851686103493	1.4698100130772218e-05	1.0	175182.48175182482
chr12	10675923	10676060	RNA3023	137	25	2.1168223829586824e-05	1.4698999621032272e-05	1.0	182481.7518248175
chr12	11205461	11205886	RNA3024	425	71	5.197354181598524e-05	0.0	1.0	167058.82352941175
chr12	11501837	11502167	RNA3025	330	58	1.4192813852848699e-05	0.0	1.0	175757.57575757575
chr12	11502574	11502904	RNA3026	314	62	0.004114906289047326	1.4703299711982254e-05	0.9838709677419355	197452.22929936307
chr12	11503159	11503489	RNA3027	330	55	1.8976223476453152e-05	0.0	1.0	166666.66666666666
chr12	11602990	11603320	RNA3028	330	63	0.01659192941036645	1.469549988541985e-05	0.9841269841269841	190909.0909090909
chr12	11603257	11603587	RNA3029	330	63	0.02796211288304697	0.0	0.9523809523809523	190909.0909090909
chr12	11607577	11607714	RNA3030	137	30	1.3227696793667237e-05	0.0	1.0	218978.10218978103
chr12	11628721	11629051	RNA3031	327	48	0.0287103001721789	1.4696999642183075e-05	0.9375	146788.9908256881
chr12	12574325	12574655	RNA3032	327	37	0.027057714958868315	1.4726199879078194e-05	0.972972972972973	113149.84709480123
chr12	13369692	13370174	RNA3033	482	104	0.01590441939833034	1.4696400285174605e-05	0.9807692307692307	215767.6348547718
chr12	14042726	14043528	RNA3034	800	157	0.0005559951540684298	0.0	0.9936305732484076	196250.0
chr12	15007151	15007576	RNA3035	425	84	0.0015091723699221017	1.47044002005714e-05	0.9880952380952381	197647.0588235294
chr12	15017054	15017191	RNA3036	137	32	8.731776358672315e-05	0.0	1.0	233576.6423357664
chr12	15614121	15614206	RNA3037	85	22	2.809707707869567e-05	1.4710600225953384e-05	1.0	258823.52941176473
chr12	16051637	16051967	RNA3038	330	60	0.014681966790840304	1.4700900010211626e-05	0.9833333333333333	181818.18181818182
chr12	19123436	19123521	RNA3039	85	18	6.779953865689283e-05	1.4701749933010433e-05	1.0	211764.70588235295
chr12	19127190	19127275	RNA3040	85	20	1.3233180061429624e-05	0.0	1.0	235294.11764705883
chr12	19128052	19128137	RNA3041	85	16	2.480631275147354e-05	1.4696150174131617e-05	1.0	188235.29411764705
chr12	19128637	19128722	RNA3042	85	16	0.06240442946290159	1.4696999642183075e-05	0.9375	188235.29411764705
chr12	20168659	20168744	RNA3043	85	13	1.4708130877876942e-05	1.47024002217222e-05	1.0	152941.17647058825
chr12	20169900	20170133	RNA3044	233	68	0.006217834414241328	7.348599865508732e-06	0.9705882352941176	291845.4935622318
chr12	20170024	20170109	RNA3045	85	27	0.008254087574473316	1.4699799976369832e-05	0.9629629629629629	317647.0588235294
chr12	20220579	20220664	RNA3046	85	7	0.04665081383232711	2.94247001875192e-05	0.8571428571428571	82352.94117647059
chr12	21521757	21521889	RNA3047	128	24	1.9744675038660382e-05	1.4698749964736635e-05	1.0	187500.0
chr12	21522618	21522703	RNA3048	85	14	1.9949400276730003e-05	7.348399776674342e-06	1.0	164705.88235294117
chr12	22692488	22692625	RNA3049	137	24	7.350345830066847e-06	0.0	1.0	175182.48175182482
chr12	23512104	23512337	RNA3050	233	51	1.556361951538775e-05	0.0	1.0	218884.12017167383
chr12	24563456	24563629	RNA3051	161	29	0.001074804247701675	0.0	1.0	180124.22360248448
chr12	24964820	24965053	RNA3052	233	42	0.003009786304942063	1.4698749964736635e-05	0.9761904761904762	180257.51072961374
chr12	24966179	24966311	RNA3053	132	21	0.01198111781299563	0.0	0.9523809523809523	159090.9090909091
chr12	24969499	24969732	RNA3054	233	44	0.014151042616752168	0.0	0.9318181818181818	188841.2017167382
chr12	24975987	24976220	RNA3055	233	34	0.04543749885148346	1.4697699953103438e-05	0.8823529411764706	145922.7467811159
chr12	24990411	24990496	RNA3056	85	27	0.003759681609221	1.4698500308440998e-05	0.9629629629629629	317647.0588235294
chr12	25257603	25257836	RNA3057	233	55	0.0014385019452840214	0.0	0.9818181818181818	236051.50214592274
chr12	25258927	25259160	RNA3058	233	45	0.0034943273156386556	1.4697199731017465e-05	0.9555555555555556	193133.04721030043
chr12	25264605	25264838	RNA3059	233	34	6.139298137199578e-05	1.4698300219606608e-05	1.0	145922.7467811159
chr12	25850626	25850758	RNA3060	130	25	4.3340792544759145e-05	0.0	1.0	192307.6923076923
chr12	25913641	25913773	RNA3061	132	22	0.004439438237155129	7.349250154220499e-06	0.9545454545454546	166666.66666666666
chr12	25915832	25915964	RNA3062	132	23	1.2782443342945518e-05	1.469590006308863e-05	1.0	174242.42424242425
chr12	25917072	25917305	RNA3063	233	46	0.002105052893077061	0.0	0.9782608695652174	197424.89270386266
chr12	26079896	26080020	RNA3064	124	0				0.0
chr12	26079942	26080074	RNA3065	132	0				0.0
chr12	26083056	26083188	RNA3066	132	21	2.3851709686691357e-05	1.469590006308863e-05	1.0	159090.9090909091
chr12	26083402	26083534	RNA3067	132	21	0.0033849189984764497	0.0	0.9523809523809523	159090.9090909091
chr12	26114996	26115133	RNA3068	137	19	3.0942052322452104e-06	0.0	1.0	138686.13138686132
chr12	26967016	26967148	RNA3069	132	25	3.410774872463253e-05	1.4699399798701052e-05	1.0	189393.9393939394
chr12	27231933	27232070	RNA3070	137	21	0.004566314971097671	1.4697699953103438e-05	0.9523809523809523	153284.67153284673
chr12	27234875	27235012	RNA3071	137	31	0.003112817864172438	0.0	0.967741935483871	226277.37226277372
chr12	27235916	27236053	RNA3072	137	16	2.0214187372851775e-05	0.0	1.0	116788.3211678832
chr12	27502671	27502808	RNA3073	137	17	1.6427858634627354e-05	1.469509970775107e-05	1.0	124087.59124087592
chr12	27502832	27502969	RNA3074	137	19	0.00100568816718517	0.0	1.0	138686.13138686132
chr12	27513984	27514121	RNA3075	137	25	0.0400029400395215	1.4696400285174605e-05	0.96	182481.7518248175
chr12	28008319	28008492	RNA3076	173	34	1.385797360639721e-05	0.0	1.0	196531.79190751447
chr12	28022852	28022989	RNA3077	137	22	0.005379193704232988	1.4699799976369832e-05	0.9545454545454546	160583.9416058394
chr12	29382442	29382615	RNA3078	173	34	1.9458297067417417e-05	7.347950031544315e-06	1.0	196531.79190751447
chr12	29383180	29383353	RNA3079	173	27	0.011857257952046714	0.0	0.9629629629629629	156069.36416184972
chr12	29387543	29387716	RNA3080	171	25	1.75353559461624e-05	1.4699799976369832e-05	1.0	146198.8304093567
chr12	29497978	29498151	RNA3081	173	40	0.017872215138845602	1.4696400285174605e-05	0.975	231213.87283236993
chr12	29498707	29498880	RNA3082	173	24	0.006232468309804049	1.469785001972923e-05	0.9583333333333334	138728.32369942195
chr12	29498904	29499077	RNA3083	173	35	1.9742062899495493e-05	1.4699799976369832e-05	1.0	202312.1387283237
chr12	29790681	29790805	RNA3084	124	28	0.005763088259884947	0.0	0.9642857142857143	225806.4516129032
chr12	29794410	29794643	RNA3085	233	51	2.7954409697305802e-05	1.4696400285174605e-05	1.0	218884.12017167383
chr12	30385361	30385534	RNA3086	173	34	0.014993209981211661	0.0	0.9705882352941176	196531.79190751447
chr12	30896774	30896898	RNA3087	124	32	0.012278375952035956	1.469509970775107e-05	0.9375	258064.51612903224
chr12	30906387	30906519	RNA3088	132	19	1.8590699877864654e-05	0.0	1.0	143939.39393939395
chr12	30907979	30908103	RNA3089	124	28	0.0027345343618695233	7.347749942709925e-06	0.9642857142857143	225806.4516129032
chr12	30911529	30911653	RNA3090	124	26	0.03522548594429071	0.0	0.9615384615384616	209677.41935483873
chr12	31010284	31010408	RNA3091	124	0				0.0
chr12	31016053	31016177	RNA3092	124	0				0.0
chr12	31104976	31105100	RNA3093	124	35	0.01574194385450807	1.469329981773626e-05	0.9714285714285714	282258.06451612903
chr12	31995892	31996016	RNA3094	124	20	0.022853712862342942	1.4698549875902245e-05	0.9	161290.32258064515
chr12	32386242	32386379	RNA3095	137	34	0.027736629926681303	1.4740549886482768e-05	0.9411764705882353	248175.18248175184
chr12	33230646	33230819	RNA3096	173	0				0.0
chr12	35091919	35092043	RNA3097	0	0				
chr12	35180804	35180908	RNA3098	0	0				
chr12	38981132	38981236	RNA3099	104	21	4.901281023367552e-06	0.0	1.0	201923.07692307694
chr12	40108279	40108383	RNA3100	104	18	1.1453311193084422e-05	7.35100002202671e-06	1.0	173076.92307692306
chr12	40126546	40126650	RNA3101	104	17	7.697094652565418e-05	1.4699799976369832e-05	1.0	163461.53846153847
chr12	40129832	40129936	RNA3102	104	17	7.005644355932803e-05	1.47024002217222e-05	1.0	163461.53846153847
chr12	40574487	40574591	RNA3103	104	20	9.999496451200511e-05	1.4698100130772218e-05	1.0	192307.6923076923
chr12	40578893	40578997	RNA3104	104	21	0.009550412861851017	1.4696400285174605e-05	0.9523809523809523	201923.07692307694
chr12	40579962	40580066	RNA3105	104	23	1.405937390423471e-05	1.4696799553348685e-05	1.0	221153.84615384616
chr12	41180761	41180865	RNA3106	104	18	0.05680390280202926	7.350150099227904e-06	0.9444444444444444	173076.92307692306
chr12	44417420	44417505	RNA3107	85	16	1.930207514532917e-05	1.4703499800816644e-05	1.0	188235.29411764705
chr12	45139528	45139632	RNA3108	104	15	5.881746680339953e-06	0.0	1.0	144230.76923076922
chr12	47067365	47067764	RNA3109	399	68	0.01676093969185518	0.0	0.9558823529411765	170426.06516290727
chr12	47236911	47237001	RNA3110	90	24	0.0009471063433844966	1.4710850336996373e-05	1.0	266666.6666666667
chr12	47326792	47327063	RNA3111	271	47	3.756492627330036e-05	0.0	1.0	173431.7343173432
chr12	48146850	48146968	RNA3112	118	17	3.286129948023205e-05	1.470159986638464e-05	1.0	144067.7966101695
chr12	48309659	48309891	RNA3113	232	32	0.010683789397290864	0.0	0.96875	137931.0344827586
chr12	48311130	48311215	RNA3114	85	12	8.574541576914877e-06	7.348599865508732e-06	1.0	141176.4705882353
chr12	48963537	48963676	RNA3115	139	37	0.0007813224888072809	1.4697699953103438e-05	1.0	266187.0503597122
chr12	49275111	49275196	RNA3116	85	16	7.901900147543604e-05	0.0	1.0	188235.29411764705
chr12	49276572	49276657	RNA3117	85	22	0.04171274981602189	1.469744984206045e-05	0.9090909090909091	258823.52941176473
chr12	49277070	49277611	RNA3118	541	102	0.007162581980136402	0.0	0.9901960784313726	188539.74121996303
chr12	49277356	49277441	RNA3119	85	21	1.6803600287637653e-05	0.0	1.0	247058.82352941178
chr12	49528512	49528597	RNA3120	85	0				0.0
chr12	49528680	49528765	RNA3121	85	0				0.0
chr12	49528858	49528943	RNA3122	85	0				0.0
chr12	50175057	50175142	RNA3123	85	23	0.009176286659685897	1.4971899872762153e-05	0.9565217391304348	270588.23529411765
chr12	50825536	50825797	RNA3124	257	38	0.0007296551158393174	1.4706500223837795e-05	1.0	147859.92217898832
chr12	51060470	51060869	RNA3125	399	100	0.00014651645961748547	1.4698749964736635e-05	1.0	250626.5664160401
chr12	51233401	51233491	RNA3126	90	0				0.0
chr12	51236371	51236642	RNA3127	271	49	0.01298710446412677	1.4696799553348685e-05	0.9795918367346939	180811.8081180812
chr12	51930605	51931004	RNA3128	399	52	0.00013456439058665023	0.0	1.0	130325.81453634084
chr12	52019650	52020049	RNA3129	399	67	0.0002972606237820872	1.4698500308440998e-05	1.0	167919.79949874687
chr12	52021922	52022321	RNA3130	397	65	0.02581627903533584	1.4708500202686992e-05	0.9538461538461539	163727.959697733
chr12	52059698	52060097	RNA3131	399	82	0.01156468975833798	1.4697199731017465e-05	0.9878048780487805	205513.78446115289
chr12	52059977	52060376	RNA3132	399	85	0.012098323334601657	1.4697699953103438e-05	0.9882352941176471	213032.58145363408
chr12	52060384	52060502	RNA3133	118	23	0.043483373230470614	0.0	0.9565217391304348	194915.25423728814
chr12	52119308	52119398	RNA3134	88	15	4.579593957411223e-05	0.0	1.0	170454.54545454544
chr12	52147412	52147683	RNA3135	271	81	0.028516162058914215	1.470460028940579e-05	0.9629629629629629	298892.9889298893
chr12	52147521	52147792	RNA3136	271	71	0.018429380220291464	1.4705899957334624e-05	0.971830985915493	261992.61992619926
chr12	52147917	52148007	RNA3137	90	24	1.959865862014589e-05	1.4699199709866662e-05	1.0	266666.6666666667
chr12	52148461	52148860	RNA3138	399	86	0.0019501298987178895	1.4702250155096408e-05	0.9883720930232558	215538.84711779447
chr12	52148576	52148666	RNA3139	90	18	2.4514910718506867e-05	1.4706300135003405e-05	1.0	200000.0
chr12	52148781	52149052	RNA3140	271	66	0.00046302438752745796	7.349050065386109e-06	1.0	243542.43542435425
chr12	52322828	52322918	RNA3141	90	15	0.0017681047133616262	1.470159986638464e-05	1.0	166666.66666666666
chr12	52322999	52323089	RNA3142	90	15	6.862800122083475e-06	0.0	1.0	166666.66666666666
chr12	52323365	52323597	RNA3143	232	47	0.00015638776767445324	1.469590006308863e-05	1.0	202586.2068965517
chr12	52323841	52323931	RNA3144	90	12	0.03028551456842857	1.469590006308863e-05	0.9166666666666666	133333.33333333334
chr12	52324648	52324919	RNA3145	271	53	4.8808111267066e-05	0.0	1.0	195571.95571955718
chr12	52327579	52327850	RNA3146	271	39	0.05129637508975858	1.4700700376124589e-05	0.9487179487179487	143911.43911439113
chr12	52328017	52328288	RNA3147	271	52	0.0002702184467055329	7.348200142587302e-06	1.0	191881.9188191882
chr12	52726722	52726860	RNA3148	138	30	0.006264681101674793	1.4696150174131617e-05	0.9666666666666667	217391.30434782608
chr12	52954445	52954770	RNA3149	325	51	1.5314933365266816e-05	0.0	1.0	156923.0769230769
chr12	52958691	52958809	RNA3150	118	0				0.0
chr12	52986993	52987132	RNA3151	139	25	7.658070564502431e-05	1.4705899957334624e-05	1.0	179856.11510791365
chr12	52992106	52992224	RNA3152	118	17	3.4601058252840576e-06	0.0	1.0	144067.7966101695
chr12	52993971	52994089	RNA3153	118	21	1.9606109379394304e-05	1.4698100130772218e-05	1.0	177966.10169491524
chr12	53082414	53082813	RNA3154	399	61	0.016414866290583856	1.4698999621032272e-05	0.9836065573770492	152882.20551378446
chr12	53084261	53084379	RNA3155	118	23	3.324388652127089e-05	0.0	1.0	194915.25423728814
chr12	53086283	53086401	RNA3156	118	30	1.81308129867823e-05	1.4696799553348685e-05	1.0	254237.2881355932
chr12	53134735	53135276	RNA3157	541	88	0.03191566780837589	0.0	0.9659090909090909	162661.73752310537
chr12	53156153	53156271	RNA3158	118	23	5.6249617006431105e-05	1.4697199731017465e-05	1.0	194915.25423728814
chr12	53208850	53209082	RNA3159	232	33	7.130293990044403e-06	0.0	1.0	142241.37931034484
chr12	53210351	53210441	RNA3160	90	21	2.52053478973134e-05	0.0	1.0	233333.33333333334
chr12	53248856	53249127	RNA3161	271	43	0.010344810976718242	1.4706700312672185e-05	0.9767441860465116	158671.58671586716
chr12	53293688	53293920	RNA3162	232	29	2.2805721026339382e-05	1.469590006308863e-05	1.0	125000.0
chr12	53293948	53294180	RNA3163	232	40	0.025039328580533038	1.4701350210089004e-05	0.975	172413.7931034483
chr12	53325385	53325617	RNA3164	232	53	1.775425470492425e-05	0.0	1.0	228448.275862069
chr12	53325739	53325971	RNA3165	232	61	1.5663001622518925e-05	0.0	1.0	262931.0344827586
chr12	53379632	53379864	RNA3166	232	58	1.3941096501088449e-05	0.0	1.0	250000.0
chr12	53900854	53900993	RNA3167	139	26	8.482505910041074e-05	0.0	1.0	187050.35971223022
chr12	53923463	53923619	RNA3168	156	34	0.03717637253312739	1.4699199709866662e-05	0.9411764705882353	217948.71794871794
chr12	53951561	53951700	RNA3169	139	28	1.4697003604981072e-05	0.0	1.0	201438.8489208633
chr12	53960591	53960730	RNA3170	139	27	0.0002558353675744369	1.4696799553348685e-05	1.0	194244.60431654679
chr12	53977839	53977978	RNA3171	139	26	1.4132984408486383e-05	7.347749942709925e-06	1.0	187050.35971223022
chr12	53977896	53978014	RNA3172	118	22	1.4029572536277225e-05	7.347549853875535e-06	1.0	186440.6779661017
chr12	53978037	53978176	RNA3173	139	40	0.0074878132732692365	0.0	0.975	287769.78417266184
chr12	53978265	53978806	RNA3174	528	117	0.008572542582947384	0.0	0.9829059829059829	221590.9090909091
chr12	53978852	53979393	RNA3175	541	125	0.008488390352780692	0.0	0.992	231053.60443622922
chr12	53978995	53979536	RNA3176	541	108	0.01872560484087915	0.0	0.9814814814814815	199630.31423290205
chr12	53979296	53979435	RNA3177	139	25	0.0007837946868676212	0.0	1.0	179856.11510791365
chr12	54203784	54204325	RNA3178	541	97	1.4850158709357072e-05	1.4696400285174605e-05	1.0	179297.59704251387
chr12	54209025	54209566	RNA3179	510	99	0.016536082199024225	1.4713699783897027e-05	0.9797979797979798	194117.64705882352
chr12	54226279	54226820	RNA3180	541	80	0.00667027707265788	0.0	0.9875	147874.3068391867
chr12	54227048	54227280	RNA3181	232	47	1.4387423571531236e-05	0.0	1.0	202586.2068965517
chr12	54227948	54228033	RNA3182	85	13	2.6044476936263324e-05	0.0	1.0	152941.17647058825
chr12	54720499	54720760	RNA3183	261	49	0.00042594551001567997	0.0	1.0	187739.46360153257
chr12	54738920	54739181	RNA3184	261	36	4.9861238039737867e-05	0.0	1.0	137931.0344827586
chr12	54739281	54739822	RNA3185	539	102	0.005835111462156237	1.4704150089528412e-05	0.9803921568627451	189239.33209647494
chr12	54741227	54741488	RNA3186	261	54	0.018626135805149074	1.4706700312672185e-05	0.9814814814814815	206896.55172413794
chr12	54741276	54741415	RNA3187	139	31	0.03226801775118445	1.4706300135003405e-05	0.967741935483871	223021.58273381295
chr12	54741420	54741681	RNA3188	261	47	0.029439610892892383	1.4703299711982254e-05	0.9574468085106383	180076.62835249043
chr12	55845561	55845822	RNA3189	261	47	0.042570703634389265	0.0	0.9574468085106383	180076.62835249043
chr12	55845813	55846074	RNA3190	261	44	0.022750450008784763	7.348599865508732e-06	0.9772727272727273	168582.37547892722
chr12	55846648	55846909	RNA3191	261	55	5.0002901182527304e-05	1.4698999621032272e-05	1.0	210727.969348659
chr12	56710709	56710970	RNA3192	257	66	0.04547959365319195	1.4703499800816644e-05	0.9545454545454546	256809.33852140076
chr12	56711995	56712133	RNA3193	138	35	2.4033005216288168e-05	0.0	1.0	253623.18840579712
chr12	56812657	56813056	RNA3194	399	69	0.004181810209930528	1.4696400285174605e-05	0.9855072463768116	172932.33082706766
chr12	56820401	56820726	RNA3195	325	55	6.974935100019481e-05	1.469549988541985e-05	1.0	169230.76923076925
chr12	57216483	57216573	RNA3196	90	29	2.2362545145178558e-05	0.0	1.0	322222.22222222225
chr12	57241045	57241316	RNA3197	271	56	1.8900062400458084e-05	1.4698549875902245e-05	1.0	206642.06642066423
chr12	57241933	57242071	RNA3198	138	32	2.0677671869859334e-05	7.349250154220499e-06	1.0	231884.0579710145
chr12	57242126	57242264	RNA3199	138	28	0.0013147528152330774	7.3512001108611e-06	1.0	202898.5507246377
chr12	57242141	57242279	RNA3200	138	26	0.0014153240971819072	7.3512001108611e-06	1.0	188405.79710144928
chr12	57818949	57819274	RNA3201	325	56	4.961484004134926e-05	0.0	1.0	172307.6923076923
chr12	57903974	57904112	RNA3202	138	20	1.2499890090111876e-05	0.0	1.0	144927.53623188406
chr12	57903974	57904130	RNA3203	156	21	1.1904657228677978e-05	0.0	1.0	134615.3846153846
chr12	57904102	57904427	RNA3204	324	73	0.005220704041501646	1.4697199731017465e-05	0.9863013698630136	225308.64197530865
chr12	57904416	57904554	RNA3205	138	17	0.0013979690524245233	1.4697699953103438e-05	1.0	123188.40579710146
chr12	57904597	57904922	RNA3206	321	55	0.00023323007614883202	1.4696400285174605e-05	1.0	171339.56386292833
chr12	57905028	57905166	RNA3207	138	26	1.3012842303466572e-05	7.349499810516136e-06	1.0	188405.79710144928
chr12	57960497	57960822	RNA3208	325	54	8.1443893005019e-05	1.4699799976369832e-05	1.0	166153.84615384616
chr12	57965835	57966160	RNA3209	325	65	2.7141473779357136e-05	1.4700300198455809e-05	1.0	200000.0
chr12	57994422	57994540	RNA3210	118	22	0.07553361076274583	1.4698500308440998e-05	0.9090909090909091	186440.6779661017
chr12	58004261	58004586	RNA3211	325	47	0.015535867883761266	1.4698500308440998e-05	0.9787234042553191	144615.38461538462
chr12	58107027	58107259	RNA3212	232	40	3.344554063459786e-05	1.4696799553348685e-05	1.0	172413.7931034483
chr12	58413220	58413359	RNA3213	139	22	7.349486292117614e-06	0.0	1.0	158273.38129496403
chr12	58413320	58413458	RNA3214	138	18	8.167177687331181e-06	7.349050065386109e-06	1.0	130434.78260869565
chr12	58425330	58425486	RNA3215	156	0				0.0
chr12	58427430	58427586	RNA3216	156	18	1.1434177849874008e-05	0.0	1.0	115384.61538461539
chr12	58432254	58432795	RNA3217	511	90	0.04717813598548067	1.4701349755341653e-05	0.9222222222222223	176125.24461839529
chr12	58437025	58437181	RNA3218	156	34	0.031987909593360245	1.470025017624721e-05	0.9411764705882353	217948.71794871794
chr12	59170652	59170808	RNA3219	156	26	3.3382346548298514e-05	1.4708700291521382e-05	1.0	166666.66666666666
chr12	59170962	59171287	RNA3220	325	48	0.032245980123983976	0.0	0.9583333333333334	147692.30769230772
chr12	59172529	59172685	RNA3221	156	22	1.2696454591191882e-05	1.469744984206045e-05	1.0	141025.64102564103
chr12	59175026	59175182	RNA3222	156	44	0.003054096585360221	0.0	0.9772727272727273	282051.28205128206
chr12	59883736	59883892	RNA3223	156	27	1.4181429563633525e-05	1.4722800187882967e-05	1.0	173076.92307692306
chr12	59883823	59883914	RNA3224	91	15	9.821453265127881e-06	0.0	1.0	164835.16483516482
chr12	60605504	60605616	RNA3225	112	26	8.485038436517174e-06	0.0	1.0	232142.85714285716
chr12	60710793	60711054	RNA3226	261	49	0.032487466050191205	1.4700700376124589e-05	0.9591836734693877	187739.46360153257
chr12	62633886	62634024	RNA3227	138	26	0.006906915735166525	7.349050065386109e-06	0.9615384615384616	188405.79710144928
chr12	62935229	62935554	RNA3228	325	74	0.0002322779957983154	0.0	1.0	227692.3076923077
chr12	62935530	62935682	RNA3229	152	19	5.106578871498485e-05	0.0	1.0	125000.0
chr12	63827188	63827279	RNA3230	91	13	0.00015263580574425504	0.0	1.0	142857.14285714284
chr12	63837070	63837226	RNA3231	156	26	5.088105791190955e-05	7.348399776674342e-06	1.0	166666.66666666666
chr12	64699534	64699646	RNA3232	112	24	0.0010495956964101968	0.0	1.0	214285.71428571426
chr12	64710957	64711048	RNA3233	91	20	0.00010663479079084677	7.348599865508732e-06	1.0	219780.21978021978
chr12	64711422	64711513	RNA3234	91	17	3.1994411288253115e-05	1.4699799976369832e-05	1.0	186813.18681318683
chr12	64712857	64712948	RNA3235	91	13	0.04480918193803518	1.4698100130772218e-05	0.9230769230769231	142857.14285714284
chr12	64998156	64998247	RNA3236	91	12	5.145528295239076e-05	7.354899935307912e-06	1.0	131868.13186813187
chr12	64998731	64998822	RNA3237	91	16	4.594456243012246e-06	0.0	1.0	175824.17582417585
chr12	65121966	65122057	RNA3238	91	30	0.0022750201933680095	0.0	0.9666666666666667	329670.32967032964
chr12	65250007	65250119	RNA3239	112	26	0.0004094092011235672	1.4702449789183447e-05	1.0	232142.85714285716
chr12	65268554	65268666	RNA3240	112	12	0.008635735928237397	1.4697199731017465e-05	0.9166666666666666	107142.85714285713
chr12	65269226	65269338	RNA3241	112	22	5.946870574420357e-05	0.0	1.0	196428.57142857142
chr12	65967116	65967228	RNA3242	112	13	1.130699225681243e-05	1.4697199731017465e-05	1.0	116071.42857142858
chr12	65968394	65968485	RNA3243	91	17	2.853204140966693e-05	1.4696799553348685e-05	1.0	186813.18681318683
chr12	65972901	65973013	RNA3244	112	11	0.008473264174757456	0.0	0.9090909090909091	98214.28571428571
chr12	65975150	65975262	RNA3245	112	21	0.008825238132452617	1.4696799553348685e-05	0.9523809523809523	187500.0
chr12	66346837	66346949	RNA3246	112	23	4.5378265381054654e-05	1.4698500308440998e-05	1.0	205357.14285714284
chr12	67121907	67122059	RNA3247	152	27	1.2520755532288888e-05	0.0	1.0	177631.57894736843
chr12	67322577	67323321	RNA3248	735	193	0.019966390582245704	1.469509970775107e-05	0.9740932642487047	262585.03401360544
chr12	67770754	67770906	RNA3249	152	0				0.0
chr12	67771089	67771241	RNA3250	152	0				0.0
chr12	67771143	67771295	RNA3251	152	0				0.0
chr12	68793973	68794125	RNA3252	152	26	3.73126890386012e-05	1.470005008741282e-05	1.0	171052.63157894736
chr12	68794419	68794571	RNA3253	152	25	0.04047814761084737	0.0	0.96	164473.68421052632
chr12	68795100	68795252	RNA3254	150	23	2.507124400321575e-05	0.0	1.0	153333.3333333333
chr12	68971817	68971969	RNA3255	152	20	2.0583030027405647e-05	1.4698100130772218e-05	1.0	131578.94736842104
chr12	69467829	69468145	RNA3256	316	53	1.4701015061290826e-05	0.0	1.0	167721.51898734178
chr12	69702622	69702713	RNA3257	91	14	8.399192860711732e-06	0.0	1.0	153846.15384615384
chr12	70466749	70466861	RNA3258	112	21	3.4357470992416526e-05	1.4717100384586956e-05	1.0	187500.0
chr12	71120149	71120893	RNA3259	740	122	0.0047256811240227615	0.0	0.9754098360655737	164864.86486486488
chr12	71927716	71928460	RNA3260	744	149	0.0011188387007134819	1.4696799553348685e-05	0.9865771812080537	200268.81720430107
chr12	71929463	71930207	RNA3261	737	163	0.009323638226339248	1.4700700376124589e-05	0.9693251533742331	221166.89280868386
chr12	71932219	71932963	RNA3262	744	140	0.007171517302133775	0.0	0.9928571428571429	188172.04301075268
chr12	72853827	72854571	RNA3263	743	0				0.0
chr12	72854092	72854836	RNA3264	744	0				0.0
chr12	72854923	72855667	RNA3265	744	0				0.0
chr12	72875918	72876662	RNA3266	744	149	0.005493922443729264	0.0	0.9932885906040269	200268.81720430107
chr12	72877361	72877677	RNA3267	316	61	0.00010212381523876301	0.0	1.0	193037.9746835443
chr12	72877371	72877687	RNA3268	316	56	0.00010966317019470442	0.0	1.0	177215.18987341772
chr12	72881122	72881438	RNA3269	316	59	0.009407122521872101	0.0	0.9830508474576272	186708.86075949366
chr12	72887546	72887862	RNA3270	316	53	0.018890572769706977	0.0	0.9622641509433962	167721.51898734178
chr12	72890836	72890988	RNA3271	152	31	0.00017365526802618593	1.47024002217222e-05	1.0	203947.36842105264
chr12	74647097	74647413	RNA3272	316	57	0.002026934949753919	0.0	0.9824561403508771	180379.74683544302
chr12	74655245	74655561	RNA3273	316	50	0.002811459806762279	1.4701099644298664e-05	0.98	158227.84810126584
chr12	74655465	74655781	RNA3274	316	68	0.01475842234335419	0.0	0.9852941176470589	215189.87341772154
chr12	75221585	75221901	RNA3275	316	70	1.5958204377444698e-05	0.0	1.0	221518.98734177212
chr12	77120738	77121482	RNA3276	744	141	0.009208484781528897	1.4700300198455809e-05	0.9787234042553191	189516.12903225806
chr12	78726957	78727273	RNA3277	316	64	3.927482387666492e-05	1.469569997425424e-05	1.0	202531.64556962025
chr12	87332449	87332673	RNA3278	224	42	3.255023492394075e-05	0.0	1.0	187500.0
chr12	90894139	90894312	RNA3279	173	36	6.381174812809413e-05	7.361600182775874e-06	1.0	208092.48554913295
chr12	90959111	90959335	RNA3280	223	41	0.020335869338096675	0.0	0.975609756097561	183856.50224215246
chr12	91675925	91676149	RNA3281	224	43	0.008962683121903545	1.4698100130772218e-05	0.9767441860465116	191964.28571428574
chr12	91676250	91676474	RNA3282	224	40	0.010003119717976	7.347549853875535e-06	0.975	178571.42857142858
chr12	91677889	91678113	RNA3283	224	39	0.00034996401852064154	0.0	1.0	174107.14285714284
chr12	92399362	92399586	RNA3284	224	40	1.1433897611821875e-05	0.0	1.0	178571.42857142858
chr12	92400099	92400323	RNA3285	224	48	0.020934087453914188	1.4696799553348685e-05	0.9791666666666666	214285.71428571426
chr12	92400223	92400447	RNA3286	224	40	0.007804924533661497	1.4699399798701052e-05	0.975	178571.42857142858
chr12	92935723	92935947	RNA3287	224	66	0.045585905759019094	1.4707800346513977e-05	0.9545454545454546	294642.85714285716
chr12	94799737	94799910	RNA3288	173	35	0.02859368691175145	1.4696400285174605e-05	0.9714285714285714	202312.1387283237
chr12	95515846	95516019	RNA3289	172	22	3.60750457068856e-05	7.349699899350526e-06	1.0	127906.97674418605
chr12	95515888	95516061	RNA3290	168	26	0.00010323412467326266	1.473734982937458e-05	1.0	154761.90476190476
chr12	95516325	95516498	RNA3291	173	32	2.3052487421178606e-05	1.4706100046169013e-05	1.0	184971.09826589594
chr12	95968812	95968985	RNA3292	173	35	7.012809850753381e-05	0.0	1.0	202312.1387283237
chr12	95969510	95969683	RNA3293	173	51	0.010705562049189009	1.4698500308440998e-05	0.9607843137254902	294797.68786127167
chr12	95969645	95969818	RNA3294	170	25	3.0091952212382942e-05	1.471579980716342e-05	1.0	147058.82352941178
chr12	96890480	96890653	RNA3295	173	38	3.9065466473012255e-05	7.347549853875535e-06	1.0	219653.17919075146
chr12	96981940	96982164	RNA3296	224	31	0.011295582726996786	0.0	0.967741935483871	138392.85714285716
chr12	100714259	100714432	RNA3297	173	19	3.7902547726268424e-05	1.4697199731017465e-05	1.0	109826.58959537573
chr12	106059775	106059871	RNA3298	96	22	3.607625091138457e-05	1.4696599919261644e-05	1.0	229166.66666666666
chr12	109537631	109537721	RNA3299	90	13	1.2438684559758538e-05	1.4696799553348685e-05	1.0	144444.44444444444
chr12	109996970	109997066	RNA3300	96	17	1.1255199965757236e-05	0.0	1.0	177083.33333333334
chr12	110829091	110829187	RNA3301	96	19	1.7022368650172615e-05	0.0	1.0	197916.66666666666
chr12	110925531	110925627	RNA3302	96	14	4.207694999941876e-05	0.0	1.0	145833.33333333334
chr12	110926113	110926209	RNA3303	96	17	0.058832175041221915	1.469549988541985e-05	0.9411764705882353	177083.33333333334
chr12	110968126	110968222	RNA3304	96	12	0.04260087593411299	1.4698499853693647e-05	0.9166666666666666	125000.0
chr12	110968949	110969045	RNA3305	96	24	0.021986012194740088	0.0	0.9583333333333334	250000.0
chr12	111034008	111034104	RNA3306	96	38	8.882799982912778e-06	0.0	1.0	395833.3333333333
chr12	111929478	111929574	RNA3307	91	0				0.0
chr12	113392335	113392425	RNA3308	90	19	6.188952619068962e-06	0.0	1.0	211111.11111111112
chr12	113774425	113774513	RNA3309	88	14	1.575007893604034e-05	0.0	1.0	159090.9090909091
chr12	113978482	113978631	RNA3310	149	19	1.7791705144381623e-05	1.469590006308863e-05	1.0	127516.77852348995
chr12	114312816	114312906	RNA3311	90	12	9.79985838966968e-06	7.349499810516136e-06	1.0	133333.33333333334
chr12	114346679	114346769	RNA3312	90	13	1.6962577249680074e-05	0.0	1.0	144444.44444444444
chr12	114347418	114347508	RNA3313	90	19	0.008250171150250117	0.0	0.9473684210526315	211111.11111111112
chr12	114413412	114413502	RNA3314	90	20	0.04280371092386303	1.4696999642183075e-05	0.95	222222.22222222222
chr12	114413440	114413530	RNA3315	90	18	0.047401303041877126	1.4696999642183075e-05	0.9444444444444444	200000.0
chr12	114449550	114449640	RNA3316	90	17	8.645388066617992e-06	0.0	1.0	188888.88888888888
chr12	115211795	115211930	RNA3317	135	19	0.00025680822718161756	1.4696799553348685e-05	1.0	140740.74074074076
chr12	115338453	115338543	RNA3318	90	17	1.0374846972220385e-05	0.0	1.0	188888.88888888888
chr12	115935780	115935876	RNA3319	96	22	0.046522828436991404	1.4704799923492828e-05	0.8636363636363636	229166.66666666666
chr12	117193349	117193591	RNA3320	242	43	0.023280431154003158	0.0	0.9767441860465116	177685.95041322312
chr12	117452379	117452467	RNA3321	84	13	5.257685174560506e-05	0.0	1.0	154761.90476190476
chr12	117452584	117452707	RNA3322	123	30	6.93832007527817e-06	0.0	1.0	243902.43902439025
chr12	118148375	118148524	RNA3323	149	32	1.1023040570987477e-05	0.0	1.0	214765.10067114094
chr12	118605300	118605449	RNA3324	149	29	1.0137655188937688e-05	0.0	1.0	194630.87248322146
chr12	118612015	118612103	RNA3325	88	8	6.431353881452107e-05	1.4698549875902245e-05	1.0	90909.09090909091
chr12	118614373	118614522	RNA3326	149	24	0.0587387320902432	0.0	0.875	161073.8255033557
chr12	118614709	118614797	RNA3327	88	19	1.1655683968117848e-05	0.0	1.0	215909.0909090909
chr12	118614903	118614991	RNA3328	88	28	0.026030678645318914	1.471799987484701e-05	0.9285714285714286	318181.8181818182
chr12	118616910	118617059	RNA3329	148	32	0.006419363320276256	0.0	0.96875	216216.21621621624
chr12	118956420	118956508	RNA3330	88	13	1.696496103529309e-05	0.0	1.0	147727.27272727274
chr12	118957174	118957323	RNA3331	149	28	0.03992353419380378	1.4696799553348685e-05	0.9285714285714286	187919.46308724832
chr12	118964061	118964149	RNA3332	88	9	8.16633332255555e-06	0.0	1.0	102272.72727272728
chr12	118967887	118968036	RNA3333	149	28	0.07147267031947582	0.0	0.9285714285714286	187919.46308724832
chr12	118969579	118969728	RNA3334	149	33	0.00869054417147929	1.4697199731017465e-05	0.9696969696969697	221476.5100671141
chr12	118969759	118969847	RNA3335	88	26	4.6355726191483567e-05	0.0	1.0	295454.54545454547
chr12	119163877	119164012	RNA3336	135	20	0.0003307091131773582	1.4700500287290199e-05	1.0	148148.14814814815
chr12	119303760	119303850	RNA3337	90	20	1.765138508744299e-05	1.4705899957334623e-05	1.0	222222.22222222222
chr12	119685564	119685652	RNA3338	88	15	1.763967314521627e-05	1.4696799553348685e-05	1.0	170454.54545454544
chr12	119889809	119889958	RNA3339	149	24	0.04167156727919519	0.0	0.9583333333333334	161073.8255033557
chr12	119987903	119988038	RNA3340	135	30	1.1270056559927373e-05	1.4698300219606608e-05	1.0	222222.22222222222
chr12	119988154	119988289	RNA3341	135	33	0.003128521420959174	0.0	0.9696969696969697	244444.44444444444
chr12	119988289	119988424	RNA3342	135	23	4.2177612474756065e-05	1.4697699953103438e-05	1.0	170370.37037037036
chr12	120331288	120331423	RNA3343	135	30	0.03447552522196322	1.4703749911859632e-05	0.9666666666666667	222222.22222222222
chr12	120331921	120332056	RNA3344	135	23	1.7256847652037244e-05	1.4700300198455809e-05	1.0	170370.37037037036
chr12	120333320	120333455	RNA3345	135	18	0.024779814930550655	1.4698549875902245e-05	0.9444444444444444	133333.33333333334
chr12	121050828	121050963	RNA3346	135	23	3.1318617639833674e-05	1.4696799553348685e-05	1.0	170370.37037037036
chr12	121051298	121051421	RNA3347	123	19	0.0029176113186239368	1.4697199731017465e-05	0.9473684210526315	154471.54471544715
chr12	121052710	121052952	RNA3348	179	34	0.03026474925945876	1.4749949968972942e-05	0.9117647058823529	189944.1340782123
chr12	121833380	121833488	RNA3349	108	19	0.05272440465782174	1.4697199731017465e-05	0.9473684210526315	175925.92592592593
chr12	122062197	122062507	RNA3350	310	63	9.497394412824573e-05	1.4697699953103438e-05	1.0	203225.8064516129
chr12	122062316	122062558	RNA3351	242	57	0.00010342531015594309	1.4698100130772218e-05	1.0	235537.1900826446
chr12	122062623	122062856	RNA3352	230	48	0.01103184133228296	7.350150099227904e-06	0.9791666666666666	208695.65217391303
chr12	122062633	122062875	RNA3353	239	46	0.011511154914130553	7.350150099227904e-06	0.9782608695652174	192468.61924686193
chr12	122062850	122063092	RNA3354	242	49	0.020436061857513517	0.0	0.9795918367346939	202479.3388429752
chr12	122150624	122150866	RNA3355	242	44	0.00013832198090891256	7.348399776674342e-06	1.0	181818.18181818182
chr12	122159803	122160045	RNA3356	242	35	0.010004942008111223	1.469590006308863e-05	0.9714285714285714	144628.0991735537
chr12	122160614	122160856	RNA3357	240	44	1.6070209291928356e-05	0.0	1.0	183333.3333333333
chr12	122269207	122269330	RNA3358	123	20	1.3229594833312023e-05	0.0	1.0	162601.62601626015
chr12	122270297	122270420	RNA3359	122	25	0.040326723457619666	0.0	0.96	204918.03278688525
chr12	122270818	122270941	RNA3360	123	20	2.79359449905313e-05	1.4701150121254614e-05	1.0	162601.62601626015
chr12	122626915	122627038	RNA3361	123	16	0.0002489571449473222	7.348399776674342e-06	1.0	130081.30081300814
chr12	122626929	122627070	RNA3362	141	18	1.143277217528925e-05	1.4696799553348685e-05	1.0	127659.57446808509
chr12	122627580	122627703	RNA3363	123	16	1.9293606328574242e-05	1.4699599887535442e-05	1.0	130081.30081300814
chr12	122628094	122628217	RNA3364	123	17	0.05885206461741343	1.469590006308863e-05	0.9411764705882353	138211.38211382114
chr12	122898652	122898894	RNA3365	242	42	0.022709705860160325	0.0	0.9761904761904762	173553.71900826448
chr12	123414482	123414605	RNA3366	123	0				0.0
chr12	123540549	123540637	RNA3367	88	7	5.464851593776801e-05	2.943079925898928e-05	1.0	79545.45454545454
chr12	123540701	123540850	RNA3368	149	20	0.00031853507039158476	1.4707349691889249e-05	1.0	134228.1879194631
chr12	124316149	124316501	RNA3369	352	79	0.0021916187764458553	1.4696799553348685e-05	0.9746835443037974	224431.81818181818
chr12	125144039	125144342	RNA3370	303	53	0.011357560915420655	1.4697199731017465e-05	0.9811320754716981	174917.49174917492
chr12	125185291	125185426	RNA3371	135	24	3.7972079780954915e-05	1.4698100130772218e-05	1.0	177777.77777777778
chr12	125186018	125186126	RNA3372	108	26	3.621100810190427e-05	0.0	1.0	240740.74074074073
chr12	125895154	125895387	RNA3373	233	46	4.731937872787347e-05	0.0	1.0	197424.89270386266
chr12	125906071	125906381	RNA3374	310	81	8.837692755071737e-05	1.4697699953103438e-05	1.0	261290.32258064515
chr12	126053755	126053863	RNA3375	108	37	0.007960777444905769	1.4698500308440998e-05	0.972972972972973	342592.59259259264
chr12	126059893	126060034	RNA3376	141	31	0.03072483181556655	1.4696400285174605e-05	0.9354838709677419	219858.1560283688
chr12	126063496	126063604	RNA3377	108	28	0.007218506789903196	0.0	0.9642857142857143	259259.25925925924
chr12	126079766	126079874	RNA3378	108	24	0.050798378754128244	0.0	0.9166666666666666	222222.22222222222
chr12	126526115	126526223	RNA3379	108	19	0.00012151034719097217	0.0	1.0	175925.92592592593
chr12	126527564	126527672	RNA3380	108	16	1.1980118699737428e-05	0.0	1.0	148148.14814814815
chr12	126568893	126569001	RNA3381	108	40	2.0947447637806587e-05	0.0	1.0	370370.37037037034
chr12	126772554	126772864	RNA3382	308	64	0.01570846991877772	1.469724975322606e-05	0.984375	207792.2077922078
chr12	126772646	126772879	RNA3383	231	48	0.020928703495314945	1.4703499800816644e-05	0.9791666666666666	207792.2077922078
chr12	126772754	126772987	RNA3384	233	62	3.7732775508041116e-05	0.0	1.0	266094.42060085834
chr12	126772871	126773104	RNA3385	233	54	0.007433073140806233	0.0	0.9814814814814815	231759.6566523605
chr12	126890333	126890566	RNA3386	233	44	1.4700468000226343e-05	0.0	1.0	188841.2017167382
chr12	126895693	126895926	RNA3387	233	0				0.0
chr12	126905414	126905724	RNA3388	310	0				0.0
chr12	126912624	126912934	RNA3389	310	98	0.05521365632983694	1.4699199709866662e-05	0.9387755102040817	316129.0322580645
chr12	126913107	126913349	RNA3390	238	74	0.013892096799736459	1.5294250260922126e-05	0.9864864864864865	310924.3697478992
chr12	126913585	126913818	RNA3391	233	40	3.0876207483735576e-05	1.469744984206045e-05	1.0	171673.81974248926
chr12	127207913	127208054	RNA3392	141	26	0.03846663033849696	0.0	0.9615384615384616	184397.16312056736
chr12	127207991	127208132	RNA3393	141	25	7.646811900484468e-06	0.0	1.0	177304.9645390071
chr12	127208060	127208370	RNA3394	310	55	0.00014302780169104493	0.0	1.0	177419.3548387097
chr12	127208110	127208420	RNA3395	310	51	0.00018104818749027825	0.0	1.0	164516.12903225806
chr12	127208250	127208391	RNA3396	141	22	7.01536938653219e-05	0.0	1.0	156028.36879432623
chr12	127208276	127208586	RNA3397	310	42	7.107718595631641e-05	0.0	1.0	135483.87096774194
chr12	127304135	127304580	RNA3398	445	103	0.010287209391791084	1.4698100130772218e-05	0.9805825242718447	231460.67415730338
chr12	127306430	127306571	RNA3399	141	33	0.0005104839014110775	0.0	1.0	234042.55319148937
chr12	127313448	127313589	RNA3400	141	26	3.844046977973853e-05	1.4698300219606608e-05	1.0	184397.16312056736
chr12	127393374	127393497	RNA3401	123	30	5.344770891799571e-05	1.4703749911859632e-05	1.0	243902.43902439025
chr12	127396884	127397025	RNA3402	141	20	0.06441015919058372	1.4696399830427254e-05	0.9	141843.97163120567
chr12	127446606	127446714	RNA3403	108	21	0.010647611738758785	1.4697199731017465e-05	0.9523809523809523	194444.44444444444
chr12	127999285	127999518	RNA3404	233	44	1.1023940900980791e-05	0.0	1.0	188841.2017167382
chr12	128042372	128042682	RNA3405	273	32	6.431473448741932e-05	1.4698300219606608e-05	1.0	117216.11721611721
chr12	128211468	128211820	RNA3406	352	74	0.0004582844880550871	0.0	1.0	210227.27272727274
chr12	128254181	128254322	RNA3407	141	25	0.04000999497176963	0.0	0.96	177304.9645390071
chr12	128989151	128989503	RNA3408	352	57	0.0006024883551665488	1.4697199731017465e-05	1.0	161931.81818181818
chr12	128990219	128990522	RNA3409	303	72	0.03504080130622039	7.348200142587302e-06	0.9305555555555556	237623.7623762376
chr12	128992838	128993190	RNA3410	352	81	0.012364009019777623	0.0	0.9876543209876543	230113.63636363635
chr12	128994473	128994825	RNA3411	347	76	0.02709381442041615	1.4709550214320188e-05	0.9605263157894737	219020.17291066283
chr12	129904685	129905037	RNA3412	352	66	0.015160816147051788	0.0	0.9848484848484849	187500.0
chr12	129907056	129907408	RNA3413	352	74	0.01668939160878368	1.469744984206045e-05	0.972972972972973	210227.27272727274
chr12	129911123	129911475	RNA3414	352	71	0.000625583674135807	0.0	1.0	201704.54545454544
chr12	129941889	129942192	RNA3415	303	72	0.01388460353834691	0.0	0.9861111111111112	237623.7623762376
chr12	129951154	129951457	RNA3416	303	55	0.024327186402313763	1.469549988541985e-05	0.9636363636363636	181518.1518151815
chr12	129954322	129954625	RNA3417	303	61	0.016530305454729326	0.0	0.9836065573770492	201320.1320132013
chr12	130167740	130168043	RNA3418	303	42	7.42259716216243e-05	1.469569997425424e-05	1.0	138613.86138613863
chr12	130169319	130169622	RNA3419	303	52	2.657289634883213e-05	1.4698099676024867e-05	1.0	171617.1617161716
chr12	130174871	130175174	RNA3420	301	81	0.004403198537293512	1.4700700376124589e-05	0.9876543209876543	269102.9900332226
chr12	130223761	130224113	RNA3421	350	69	0.02901708897264841	1.4747500244993716e-05	0.9710144927536232	197142.85714285716
chr12	131144668	131144971	RNA3422	303	40	0.050008705611367076	0.0	0.9	132013.201320132
chr12	131157083	131157528	RNA3423	445	69	9.79802166841472e-06	0.0	1.0	155056.1797752809
chr12	131163119	131163227	RNA3424	108	19	0.025544177708070485	1.4703699889651034e-05	0.9473684210526315	175925.92592592593
chr12	131867703	131867936	RNA3425	233	49	0.034247893586919466	1.469590006308863e-05	0.9591836734693877	210300.42918454937
chr12	131947571	131947881	RNA3426	310	72	4.245900613063233e-05	0.0	1.0	232258.06451612903
chr12	132175835	132176280	RNA3427	442	97	0.011635170362901534	1.4704200111737007e-05	0.979381443298969	219457.01357466064
chr12	132176083	132176224	RNA3428	141	35	0.003603512268429238	1.4699399798701052e-05	0.9714285714285714	248226.95035460993
chr12	132176317	132176762	RNA3429	445	132	0.008180400391293828	1.469569997425424e-05	0.9848484848484849	296629.2134831461
chr12	132177019	132177464	RNA3430	445	119	0.0015177434222608099	1.4697199731017465e-05	0.9915966386554622	267415.7303370787
chr12	132338547	132338992	RNA3431	445	113	0.02252755911191761	1.469549988541985e-05	0.9557522123893806	253932.5842696629
chr12	132339247	132339692	RNA3432	445	105	0.012575203381623259	1.4694200217491016e-05	0.9714285714285714	235955.05617977527
chr12	132390599	132391044	RNA3433	445	79	0.018857038334087365	1.4696799553348685e-05	0.9620253164556962	177528.08988764047
chr12	133255366	133255811	RNA3434	445	0				0.0
chr12	133259120	133259472	RNA3435	352	0				0.0
chr13	17879979	17880630	RNA3436	0	0				
chr13	18551256	18551430	RNA3437	174	0				0.0
chr13	19348853	19348939	RNA3438	86	0				0.0
chr13	19416257	19416431	RNA3439	174	27	0.037050646744689775	0.0	0.9629629629629629	155172.41379310345
chr13	19417278	19417452	RNA3440	174	23	3.8344869529307265e-05	1.469509970775107e-05	1.0	132183.908045977
chr13	19418392	19418566	RNA3441	174	26	0.0008819657065172415	1.4700249721499858e-05	1.0	149425.28735632185
chr13	19594360	19594534	RNA3442	174	10	0.0001073604176781366	0.0	1.0	57471.26436781609
chr13	19599282	19599456	RNA3443	174	0				0.0
chr13	19673682	19673856	RNA3444	174	39	0.02583628487653373	1.4696799553348685e-05	0.9743589743589743	224137.93103448275
chr13	19953368	19953492	RNA3445	124	25	3.706195970152501e-05	1.4700700376124589e-05	1.0	201612.90322580643
chr13	20544533	20544707	RNA3446	174	33	0.028352152799815285	1.4696400285174605e-05	0.9696969696969697	189655.1724137931
chr13	20776807	20776931	RNA3447	124	19	1.00573788107477e-05	0.0	1.0	153225.8064516129
chr13	20926537	20926661	RNA3448	124	26	0.02427953385918394	1.4699799976369832e-05	0.9615384615384616	209677.41935483873
chr13	20933359	20933483	RNA3449	124	25	5.350477742467454e-05	1.4700300198455809e-05	1.0	201612.90322580643
chr13	20954882	20955006	RNA3450	124	28	0.035730053107077504	7.349250154220499e-06	0.9642857142857143	225806.4516129032
chr13	20959749	20959873	RNA3451	117	21	0.013466124436274087	0.0	0.9047619047619048	179487.1794871795
chr13	21062301	21062425	RNA3452	124	26	1.9905023061883786e-05	1.4699150142405415e-05	1.0	209677.41935483873
chr13	21878392	21879043	RNA3453	651	166	0.025294893358236495	1.4697900041937828e-05	0.9698795180722891	254992.31950844853
chr13	21972059	21972183	RNA3454	124	27	2.016108538993077e-05	0.0	1.0	217741.93548387097
chr13	22834458	22834599	RNA3455	141	22	1.7386358980395458e-05	0.0	1.0	156028.36879432623
chr13	22836109	22836760	RNA3456	651	115	0.002314898681011662	1.4699399798701052e-05	0.991304347826087	176651.30568356375
chr13	22854507	22855158	RNA3457	651	103	0.0036196088774762777	1.4697699953103438e-05	0.9805825242718447	158218.12596006144
chr13	22854510	22855161	RNA3458	651	103	0.0036196088774762777	1.4697699953103438e-05	0.9805825242718447	158218.12596006144
chr13	23031969	23032620	RNA3459	651	118	0.0016600456751802955	0.0	0.9830508474576272	181259.60061443932
chr13	23031985	23032636	RNA3460	651	121	0.0016190089683566966	0.0	0.9834710743801653	185867.8955453149
chr13	23032514	23033165	RNA3461	651	143	0.007081406264259786	0.0	0.993006993006993	219662.0583717358
chr13	23439221	23439307	RNA3462	86	12	1.4700000065199863e-05	7.348849976551719e-06	1.0	139534.88372093023
chr13	23950206	23950857	RNA3463	651	176	0.016779788959643775	0.0	0.9829545454545454	270353.30261136714
chr13	24324387	24324473	RNA3464	86	9	0.0035461649991298636	0.0	1.0	104651.16279069768
chr13	24324449	24324535	RNA3465	86	10	1.4701089730806416e-05	0.0	1.0	116279.06976744186
chr13	24331235	24331321	RNA3466	86	14	0.07143067261430198	0.0	0.9285714285714286	162790.69767441862
chr13	24364991	24365077	RNA3467	86	1	0.0	0.0	1.0	11627.906976744185
chr13	24367393	24367479	RNA3468	86	0				0.0
chr13	24401278	24401452	RNA3469	174	23	1.086629997545218e-05	0.0	1.0	132183.908045977
chr13	24404261	24404347	RNA3470	86	14	0.009190121101775197	1.4697699953103438e-05	0.9285714285714286	162790.69767441862
chr13	24598791	24599041	RNA3471	250	0				0.0
chr13	25369737	25369861	RNA3472	124	18	9.227062355420992e-05	0.0	1.0	145161.29032258067
chr13	25370164	25370250	RNA3473	86	17	0.00024556512974359445	0.0	1.0	197674.41860465115
chr13	26031460	26031557	RNA3474	97	20	0.04457439834532123	7.348200142587302e-06	0.85	206185.56701030926
chr13	26039274	26039606	RNA3475	332	59	0.03598709064966496	1.469590006308863e-05	0.9322033898305084	177710.84337349396
chr13	26821331	26821472	RNA3476	141	28	0.015512420275269629	1.470005008741282e-05	0.9285714285714286	198581.56028368796
chr13	27744480	27744621	RNA3477	141	31	4.125332610959298e-05	0.0	1.0	219858.1560283688
chr13	27799922	27800063	RNA3478	141	36	1.4699708546888562e-05	1.4696800008096034e-05	1.0	255319.14893617018
chr13	27809448	27810077	RNA3479	629	137	0.007945156678982853	0.0	0.9781021897810219	217806.04133545308
chr13	27814498	27814639	RNA3480	141	28	1.5751774623952356e-05	1.4696799553348685e-05	1.0	198581.56028368796
chr13	27816565	27817216	RNA3481	651	163	0.00679175734837422	0.0	0.9877300613496932	250384.02457757297
chr13	27934008	27934149	RNA3482	141	30	0.0334560718725091	1.4697699953103438e-05	0.9666666666666667	212765.95744680852
chr13	27936146	27936287	RNA3483	141	12	9.801949924318858e-06	7.350150099227904e-06	1.0	85106.3829787234
chr13	27998324	27998465	RNA3484	141	31	0.03230834141425388	1.4700700376124589e-05	0.967741935483871	219858.1560283688
chr13	28296372	28296515	RNA3485	143	38	0.00019929542436090573	0.0	1.0	265734.26573426573
chr13	28499164	28499425	RNA3486	261	41	0.0018707939959379622	0.0	0.975609756097561	157088.12260536398
chr13	28500396	28500646	RNA3487	250	48	0.03890933446009133	0.0	0.9583333333333334	192000.0
chr13	28794888	28795138	RNA3488	250	35	0.009141667737250309	0.0	0.9714285714285714	140000.0
chr13	28797844	28798094	RNA3489	250	38	0.04219186976438562	1.469984999857843e-05	0.9473684210526315	152000.0
chr13	28799595	28799736	RNA3490	141	37	2.4676164856996187e-05	1.4702900443808176e-05	1.0	262411.3475177305
chr13	28799774	28799860	RNA3491	86	20	4.639676503756606e-05	0.0	1.0	232558.13953488372
chr13	28807108	28807358	RNA3492	250	37	0.012671736535446903	0.0	0.972972972972973	148000.0
chr13	29506116	29506366	RNA3493	250	59	2.841380149729058e-05	1.4697199731017465e-05	1.0	236000.0
chr13	29506448	29506698	RNA3494	234	47	0.021415191236670537	1.4697199731017465e-05	0.9787234042553191	200854.70085470087
chr13	29509067	29509148	RNA3495	81	12	0.08334190639160018	0.0	0.9166666666666666	148148.14814814815
chr13	29602516	29602766	RNA3496	250	58	5.0932280891139544e-05	1.4696400285174605e-05	1.0	232000.0
chr13	29889272	29889369	RNA3497	97	26	2.1496384236409402e-05	0.0	1.0	268041.23711340205
chr13	29934829	29935161	RNA3498	332	66	0.010078703890664627	0.0	0.9696969696969697	198795.18072289156
chr13	30661075	30661325	RNA3499	250	35	1.259965411009034e-05	0.0	1.0	140000.0
chr13	30769185	30769282	RNA3500	97	19	0.0009563626535007035	0.0	1.0	195876.28865979382
chr13	30819069	30819166	RNA3501	97	24	9.800020810265172e-06	0.0	1.0	247422.68041237115
chr13	30820626	30820958	RNA3502	332	69	0.043503932042424996	1.4697199731017465e-05	0.9565217391304348	207831.3253012048
chr13	30822126	30822458	RNA3503	332	76	0.014638486186868246	1.469744984206045e-05	0.9736842105263158	228915.6626506024
chr13	30824521	30824853	RNA3504	332	79	0.00029210109127395043	1.4697199731017465e-05	1.0	237951.80722891566
chr13	30824896	30824993	RNA3505	97	27	0.03704389531123053	0.0	0.9259259259259259	278350.5154639175
chr13	30978119	30978451	RNA3506	328	36	0.000267545678272853	0.0	1.0	109756.09756097561
chr13	30978330	30978427	RNA3507	97	13	9.072330682941425e-06	0.0	1.0	134020.61855670103
chr13	30980207	30980304	RNA3508	97	16	0.0033891298067487653	1.4698300219606608e-05	0.9375	164948.45360824742
chr13	30981180	30981512	RNA3509	332	63	0.03176493090948151	1.4698999621032272e-05	0.9682539682539683	189759.0361445783
chr13	30984078	30984175	RNA3510	97	19	0.00694948963035513	1.469590006308863e-05	0.9473684210526315	195876.28865979382
chr13	31024217	31024549	RNA3511	332	70	0.01430356287862326	1.4696150174131617e-05	0.9857142857142858	210843.37349397593
chr13	31600883	31601215	RNA3512	332	84	0.023819848488160676	0.0	0.9761904761904762	253012.04819277106
chr13	31601515	31601612	RNA3513	97	32	0.031259650984509335	0.0	0.96875	329896.90721649484
chr13	31602073	31602702	RNA3514	353	65	0.017986336730315917	0.0	0.9692307692307692	184135.9773371105
chr13	32299437	32299580	RNA3515	143	25	3.585978378395851e-05	1.4698999621032272e-05	1.0	174825.17482517482
chr13	32301220	32301481	RNA3516	261	44	0.0010119775428889105	1.4697199731017465e-05	1.0	168582.37547892722
chr13	32778656	32779285	RNA3517	629	109	0.009275311628056055	0.0	0.9908256880733946	173290.93799682034
chr13	32804766	32805395	RNA3518	629	119	0.00019763950250238846	0.0	1.0	189189.1891891892
chr13	32808040	32808669	RNA3519	629	120	0.0168235146886218	0.0	0.9833333333333333	190779.0143084261
chr13	32914922	32915063	RNA3520	141	29	4.6125658314096266e-05	0.0	1.0	205673.7588652482
chr13	32917751	32918380	RNA3521	622	97	0.0033252181214847173	1.4696799553348685e-05	0.9896907216494846	155948.55305466236
chr13	32924147	32924776	RNA3522	629	122	0.01707832714859638	1.469590006308863e-05	0.9590163934426229	193958.66454689985
chr13	33000222	33000851	RNA3523	629	107	0.033492546735891596	0.0	0.9532710280373832	170111.2877583466
chr13	33069376	33069519	RNA3524	143	34	3.242345300189478e-05	1.4698549875902245e-05	1.0	237762.23776223775
chr13	33070029	33070290	RNA3525	261	54	0.00865303261180425	1.4696599919261644e-05	0.9814814814814815	206896.55172413794
chr13	33076411	33076672	RNA3526	261	47	0.00022954565620819238	0.0	1.0	180076.62835249043
chr13	33078435	33078516	RNA3527	81	17	0.021478374482766783	0.0	0.9411764705882353	209876.54320987655
chr13	33079968	33080111	RNA3528	143	34	8.905328735742655e-05	1.4698549875902245e-05	1.0	237762.23776223775
chr13	33093833	33094094	RNA3529	261	38	0.01680255477757734	0.0	0.9736842105263158	145593.86973180078
chr13	33101277	33101420	RNA3530	143	35	2.0157117355013426e-05	1.4697699953103438e-05	1.0	244755.24475524476
chr13	33677263	33677406	RNA3531	143	25	1.2347627816777678e-05	0.0	1.0	174825.17482517482
chr13	33678041	33678302	RNA3532	261	65	0.04560024381553376	0.0	0.9538461538461539	249042.14559386973
chr13	33678059	33678320	RNA3533	261	65	0.0458988020270296	0.0	0.9538461538461539	249042.14559386973
chr13	33678098	33678241	RNA3534	143	31	0.03169074062518648	1.4699799976369832e-05	0.967741935483871	216783.21678321678
chr13	33678445	33678706	RNA3535	261	47	0.0005592680987668169	0.0	1.0	180076.62835249043
chr13	33678507	33678650	RNA3536	143	20	1.8377515061726322e-05	0.0	1.0	139860.13986013987
chr13	33966620	33967249	RNA3537	629	121	0.008889559985588618	0.0	0.9834710743801653	192368.83942766296
chr13	34254407	34254488	RNA3538	81	20	5.292241476126257e-05	0.0	1.0	246913.58024691357
chr13	34291545	34291688	RNA3539	143	33	0.0016042464191989643	1.4700300198455809e-05	0.9696969696969697	230769.23076923078
chr13	34326009	34326090	RNA3540	74	14	0.07143277178569665	0.0	0.9285714285714286	189189.1891891892
chr13	34327338	34327419	RNA3541	81	21	9.801066664205817e-06	0.0	1.0	259259.25925925924
chr13	34337118	34337379	RNA3542	261	58	0.003782514669575018	1.4696599919261644e-05	0.9827586206896551	222222.22222222222
chr13	34342997	34343247	RNA3543	250	58	0.006557188804749625	1.4698749964736635e-05	0.9827586206896551	232000.0
chr13	34818586	34818667	RNA3544	81	15	3.0406839626567325e-05	0.0	1.0	185185.18518518517
chr13	34822162	34822243	RNA3545	81	12	3.6758583519258536e-06	0.0	1.0	148148.14814814815
chr13	34822477	34822558	RNA3546	81	16	1.65372310902967e-05	1.4699199709866662e-05	1.0	197530.86419753084
chr13	35674015	35674096	RNA3547	81	13	0.08071335699129961	0.0	0.9230769230769231	160493.82716049382
chr13	35674842	35674939	RNA3548	97	17	1.7291335525973027e-05	0.0	1.0	175257.7319587629
chr13	35763261	35763358	RNA3549	97	0				0.0
chr13	35764683	35765015	RNA3550	329	66	0.025428359967394717	0.0	0.9696969696969697	200607.9027355623
chr13	37885218	37885847	RNA3551	629	132	0.030540875171537307	0.0	0.9696969696969697	209856.91573926868
chr13	37887328	37887589	RNA3552	261	71	0.011828317313135713	1.4700300198455809e-05	0.9577464788732394	272030.6513409962
chr13	37901914	37902085	RNA3553	171	33	2.7623348917885557e-05	0.0	1.0	192982.45614035087
chr13	37906722	37906865	RNA3554	143	23	0.007393506620325713	0.0	0.9565217391304348	160839.16083916085
chr13	39050982	39051063	RNA3555	81	0				0.0
chr13	39641404	39641778	RNA3556	374	74	0.01031088205769953	1.4698100130772218e-05	0.972972972972973	197860.96256684494
chr13	39643188	39643285	RNA3557	97	22	1.4707300083087334e-05	7.349699899350526e-06	1.0	226804.12371134022
chr13	39644115	39644483	RNA3558	368	63	0.013607180480051728	1.4698999621032272e-05	0.9682539682539683	171195.65217391305
chr13	39644325	39644695	RNA3559	370	62	0.0038997047538560405	0.0	0.9838709677419355	167567.56756756757
chr13	39647147	39647221	RNA3560	74	7	8.40175718102338e-06	0.0	1.0	94594.5945945946
chr13	39949089	39949186	RNA3561	97	13	3.507646817104582e-05	1.4703699889651034e-05	1.0	134020.61855670103
chr13	39952675	39952772	RNA3562	97	19	6.198526391113103e-06	0.0	1.0	195876.28865979382
chr13	39957199	39957296	RNA3563	97	17	4.32307056411553e-06	0.0	1.0	175257.7319587629
chr13	40666709	40666806	RNA3564	97	35	1.1054568494727057e-05	0.0	1.0	360824.74226804124
chr13	40666898	40666995	RNA3565	97	32	0.00012245517891073642	0.0	1.0	329896.90721649484
chr13	40667084	40667181	RNA3566	94	16	6.389439391796225e-05	1.4707599802932236e-05	1.0	170212.7659574468
chr13	41485400	41485497	RNA3567	97	21	0.024169770373624656	1.4702900443808176e-05	0.9523809523809523	216494.84536082475
chr13	42022275	42022446	RNA3568	171	25	0.007551233913909517	1.4694600395159796e-05	0.96	146198.8304093567
chr13	42687612	42687783	RNA3569	171	38	0.0003434757108343969	0.0	1.0	222222.22222222222
chr13	42773662	42773833	RNA3570	171	29	1.473118635626914e-05	0.0	1.0	169590.6432748538
chr13	42773932	42774103	RNA3571	171	36	0.024956511355715822	0.0	0.9444444444444444	210526.31578947368
chr13	42993660	42993831	RNA3572	171	24	0.0001514388698827364	1.470200004405342e-05	1.0	140350.87719298244
chr13	42993883	42994054	RNA3573	171	25	2.3515783905164486e-05	0.0	1.0	146198.8304093567
chr13	42994378	42994549	RNA3574	171	29	0.01130455592167358	1.4698999621032272e-05	0.9655172413793104	169590.6432748538
chr13	43162807	43163175	RNA3575	368	0				0.0
chr13	43186199	43186569	RNA3576	370	69	0.014509584020268683	0.0	0.9855072463768116	186486.4864864865
chr13	43815884	43816258	RNA3577	372	75	3.7307020769120575e-05	0.0	1.0	201612.90322580643
chr13	43816796	43817207	RNA3578	411	53	2.3574663913982254e-05	0.0	1.0	128953.77128953772
chr13	43818281	43818649	RNA3579	368	73	0.04664249652899978	1.4698500308440998e-05	0.9452054794520548	198369.5652173913
chr13	43819284	43819455	RNA3580	171	27	0.0001791435092012748	0.0	1.0	157894.73684210525
chr13	43820028	43820396	RNA3581	368	49	0.02164724222815753	1.4697699953103438e-05	0.9795918367346939	133152.1739130435
chr13	43821545	43821913	RNA3582	368	56	3.544375608400867e-05	0.0	1.0	152173.91304347827
chr13	43823214	43823288	RNA3583	74	13	0.001031731824836096	0.0	1.0	175675.67567567568
chr13	44330018	44330388	RNA3584	370	56	0.01787236652491434	1.469509970775107e-05	0.9821428571428571	151351.35135135136
chr13	44332195	44332563	RNA3585	368	61	0.01642211813943176	0.0	0.9836065573770492	165760.86956521738
chr13	44334860	44335228	RNA3586	368	59	0.021303214193614032	0.0	0.9661016949152542	160326.08695652173
chr13	44338910	44339278	RNA3587	368	72	1.776327787360226e-05	0.0	1.0	195652.1739130435
chr13	44361295	44361665	RNA3588	370	79	8.53473515741742e-05	1.4702900443808176e-05	1.0	213513.51351351352
chr13	44364657	44365027	RNA3589	370	69	1.1715982601751865e-05	0.0	1.0	186486.4864864865
chr13	44417281	44417651	RNA3590	370	67	0.02205274759107037	1.4697699953103438e-05	0.9701492537313433	181081.0810810811
chr13	44420305	44420675	RNA3591	364	79	0.00012806394543191498	1.4698500308440998e-05	1.0	217032.96703296705
chr13	44429000	44429370	RNA3592	370	72	0.00015357489710115174	1.469764993089484e-05	1.0	194594.59459459462
chr13	44430731	44431105	RNA3593	374	79	8.148895714056563e-05	0.0	1.0	211229.94652406417
chr13	44431019	44431393	RNA3594	374	62	0.00012689923818059602	0.0	1.0	165775.4010695187
chr13	44431298	44431672	RNA3595	374	64	0.014397763694418583	0.0	0.984375	171122.9946524064
chr13	44580922	44581296	RNA3596	374	79	3.302784287232199e-05	1.470200004405342e-05	1.0	211229.94652406417
chr13	44584836	44584910	RNA3597	74	13	1.3568577042650968e-05	1.4698100130772218e-05	1.0	175675.67567567568
chr13	44592897	44593271	RNA3598	374	92	0.009562337911584897	1.4696799553348685e-05	0.9891304347826086	245989.30481283425
chr13	44629162	44629236	RNA3599	74	9	0.0003608985592412227	0.0	1.0	121621.62162162163
chr13	44636196	44636270	RNA3600	74	17	1.642763543392384e-05	0.0	1.0	229729.72972972973
chr13	44638454	44638828	RNA3601	374	66	0.00020712079699616168	0.0	1.0	176470.58823529413
chr13	44899949	44900023	RNA3602	74	15	9.80153314837177e-06	1.4698999621032272e-05	1.0	202702.70270270272
chr13	44900454	44900528	RNA3603	74	26	2.2021223265673095e-05	1.4696800008096034e-05	1.0	351351.35135135136
chr13	44901009	44901083	RNA3604	74	18	9.30990994574009e-05	0.0	1.0	243243.24324324325
chr13	45090733	45091101	RNA3605	368	52	0.016050132838140243	0.0	0.9807692307692307	141304.34782608695
chr13	45422128	45422498	RNA3606	370	61	0.01651851417190315	1.4697699953103438e-05	0.9836065573770492	164864.86486486488
chr13	45460544	45460641	RNA3607	97	0				0.0
chr13	45639313	45639687	RNA3608	374	70	0.001127356066198051	7.348200142587302e-06	0.9857142857142858	187165.77540106952
chr13	45701781	45701855	RNA3609	74	15	1.567856682716196e-05	0.0	1.0	202702.70270270272
chr13	45942279	45942410	RNA3610	131	19	0.01640466562764087	1.4698100130772218e-05	0.9473684210526315	145038.1679389313
chr13	46438569	46438740	RNA3611	171	0				0.0
chr13	48097127	48097200	RNA3612	73	13	0.0014959922824485847	0.0	1.0	178082.19178082192
chr13	48097455	48097866	RNA3613	411	75	0.0015166825044919553	0.0	0.9733333333333334	182481.7518248175
chr13	48271871	48272282	RNA3614	411	74	0.00021284727162727956	7.347950031544315e-06	1.0	180048.66180048662
chr13	48275025	48275436	RNA3615	411	79	0.012707555962404948	1.4698100130772218e-05	0.9873417721518988	192214.1119221411
chr13	48279041	48279452	RNA3616	411	64	6.937429880337926e-05	1.4697900041937828e-05	1.0	155717.7615571776
chr13	48650464	48650875	RNA3617	411	69	4.729052088277871e-05	0.0	1.0	167883.2116788321
chr13	48650707	48651118	RNA3618	411	58	0.001111545401084274	0.0	0.9827586206896551	141119.2214111922
chr13	48650806	48651217	RNA3619	411	58	0.001114338295980716	1.4697199731017465e-05	0.9827586206896551	141119.2214111922
chr13	48852981	48853349	RNA3620	368	70	2.20528713595856e-05	0.0	1.0	190217.39130434784
chr13	49294919	49295177	RNA3621	258	51	0.019634364757157702	0.0	0.9803921568627451	197674.41860465115
chr13	49300217	49300628	RNA3622	411	79	0.012830533759646452	1.4698100130772218e-05	0.9873417721518988	192214.1119221411
chr13	49305083	49305453	RNA3623	370	73	0.013736692575710623	1.4696799553348685e-05	0.9863013698630136	197297.2972972973
chr13	49306447	49306821	RNA3624	374	60	0.0006404302359745373	0.0	1.0	160427.807486631
chr13	49308537	49308611	RNA3625	74	16	0.001650031352141916	1.4699599887535442e-05	1.0	216216.21621621624
chr13	49795815	49795946	RNA3626	131	17	0.023035550338938577	1.472100029786816e-05	0.9411764705882353	129770.9923664122
chr13	49909253	49909326	RNA3627	73	10	0.00027451988471511484	1.4749949968972942e-05	1.0	136986.301369863
chr13	49909286	49909417	RNA3628	131	31	0.0028624053205226793	1.4713199561811052e-05	0.967741935483871	236641.2213740458
chr13	49909787	49909918	RNA3629	131	23	0.004633907809756749	0.0	0.9565217391304348	175572.51908396944
chr13	49911617	49911748	RNA3630	131	27	0.0048951622840023535	0.0	0.9629629629629629	206106.87022900765
chr13	51201001	51201132	RNA3631	131	40	0.03536995909425968	0.0	0.95	305343.5114503817
chr13	51201176	51201307	RNA3632	131	26	5.088296890019751e-05	7.348399776674342e-06	1.0	198473.28244274808
chr13	51201464	51201595	RNA3633	131	19	2.6302515547476464e-05	0.0	1.0	145038.1679389313
chr13	51326732	51326805	RNA3634	73	8	0.1250110237873514	1.4698549875902245e-05	0.875	109589.04109589041
chr13	51326740	51326813	RNA3635	73	9	0.11112417656648985	1.4698999621032272e-05	0.8888888888888888	123287.6712328767
chr13	51334474	51334547	RNA3636	73	10	8.671677069286706e-05	7.350350188062294e-06	1.0	136986.301369863
chr13	51555142	51555215	RNA3637	73	16	4.9623069003234864e-05	7.349499810516136e-06	1.0	219178.08219178082
chr13	51556210	51556283	RNA3638	73	16	7.351262411248172e-06	0.0	1.0	219178.08219178082
chr13	51563112	51563185	RNA3639	73	14	1.0505435706623498e-05	0.0	1.0	191780.8219178082
chr13	51860816	51860947	RNA3640	130	16	0.12302625412036149	0.0	0.875	123076.92307692308
chr13	52452911	52452984	RNA3641	63	19	6.029561058982197e-05	1.4719699720444623e-05	1.0	301587.3015873016
chr13	53053286	53053544	RNA3642	258	54	0.01920951078150042	1.4697900041937828e-05	0.9814814814814815	209302.32558139536
chr13	53207209	53207620	RNA3643	411	62	0.009241067295269816	0.0	0.9838709677419355	150851.58150851584
chr13	53943883	53944141	RNA3644	258	55	0.003211624952498159	1.4699399798701052e-05	0.9818181818181818	213178.2945736434
chr13	53944422	53944680	RNA3645	258	44	2.3386624434348903e-05	0.0	1.0	170542.63565891472
chr13	53945077	53945335	RNA3646	258	52	9.896842287232106e-06	0.0	1.0	201550.38759689924
chr13	54367875	54368133	RNA3647	258	46	0.016821618146877878	0.0	0.9782608695652174	178294.57364341087
chr13	54373382	54373640	RNA3648	258	63	0.009906169707810763	0.0	0.9523809523809523	244186.0465116279
chr13	54388593	54388851	RNA3649	258	39	0.01703154607793504	0.0	0.9230769230769231	151162.7906976744
chr13	55022204	55022344	RNA3650	140	31	1.5188115984557146e-05	1.471149971621344e-05	1.0	221428.57142857142
chr13	55035683	55035941	RNA3651	258	48	0.0005219389195000645	1.4708450180478394e-05	1.0	186046.51162790696
chr13	55407298	55407447	RNA3652	149	30	0.0310869245427663	1.4698749964736635e-05	0.9333333333333333	201342.2818791946
chr13	55824925	55825056	RNA3653	131	34	1.0822329386428464e-05	0.0	1.0	259541.9847328244
chr13	56196994	56197067	RNA3654	73	12	1.9625666254795572e-05	0.0	1.0	164383.5616438356
chr13	57235364	57235622	RNA3655	258	49	0.025092041658131253	1.4697699953103438e-05	0.9591836734693877	189922.48062015505
chr13	57243261	57243401	RNA3656	140	31	0.00027110835291691953	0.0	1.0	221428.57142857142
chr13	57243519	57243659	RNA3657	140	33	0.06072946857702019	1.480209994042525e-05	0.9393939393939394	235714.2857142857
chr13	57243576	57243716	RNA3658	140	35	0.05726089392114122	1.479599995946046e-05	0.9428571428571428	250000.0
chr13	57247073	57247213	RNA3659	140	29	0.04122764098099588	1.492669980507344e-05	0.9310344827586207	207142.85714285716
chr13	60175260	60175557	RNA3660	297	55	5.3722615352438355e-05	0.0	1.0	185185.18518518517
chr13	60175553	60175702	RNA3661	149	30	7.83996656537056e-06	0.0	1.0	201342.2818791946
chr13	60176085	60176225	RNA3662	140	19	7.736300080738912e-06	0.0	1.0	135714.2857142857
chr13	60177287	60177427	RNA3663	140	30	0.027318091950170726	0.0	0.9333333333333333	214285.71428571426
chr13	60177811	60177960	RNA3664	149	37	0.001710446382374454	1.4699799976369832e-05	0.972972972972973	248322.1476510067
chr13	60178423	60178563	RNA3665	140	27	1.580221817642166e-05	0.0	1.0	192857.14285714287
chr13	60199429	60199578	RNA3666	149	29	0.008941807122749286	1.4701099644298664e-05	0.9655172413793104	194630.87248322146
chr13	60202830	60202979	RNA3667	149	27	0.009552780609064261	0.0	0.9629629629629629	181208.05369127516
chr13	60279964	60280113	RNA3668	149	36	0.060529898937425566	0.0	0.9166666666666666	241610.73825503356
chr13	60284506	60284655	RNA3669	149	30	0.022494811960890117	1.4699000075779622e-05	0.9666666666666667	201342.2818791946
chr13	60323273	60323422	RNA3670	149	30	0.001955684834198711	1.4732499948877376e-05	0.9666666666666667	201342.2818791946
chr13	61253786	61253926	RNA3671	140	25	1.1792155928560533e-05	0.0	1.0	178571.42857142858
chr13	61259017	61259166	RNA3672	149	26	1.696763855271809e-05	0.0	1.0	174496.64429530202
chr13	61350272	61350569	RNA3673	297	67	0.015180542674029098	1.4698100130772218e-05	0.9850746268656716	225589.2255892256
chr13	62202247	62202544	RNA3674	297	64	0.02206806351172474	0.0	0.953125	215488.21548821547
chr13	62295490	62295787	RNA3675	297	67	0.030120624650190792	1.473320025979774e-05	0.9701492537313433	225589.2255892256
chr13	62322672	62322969	RNA3676	297	69	0.001018536991187313	1.4700300198455809e-05	0.9855072463768116	232323.2323232323
chr13	62339942	62340239	RNA3677	297	64	0.014317462756352478	0.0	0.96875	215488.21548821547
chr13	62341034	62341331	RNA3678	297	62	0.03265980444153214	0.0	0.967741935483871	208754.20875420875
chr13	62385514	62385597	RNA3679	83	10	7.348879898927408e-06	0.0	1.0	120481.92771084337
chr13	62410200	62410497	RNA3680	297	64	0.002931907692413912	0.0	0.984375	215488.21548821547
chr13	63180655	63180952	RNA3681	295	69	0.016934184195502047	1.4783299775444902e-05	0.9710144927536232	233898.30508474578
chr13	64880790	64880930	RNA3682	140	25	1.4701268009957016e-05	1.4699799976369832e-05	1.0	178571.42857142858
chr13	65232049	65232198	RNA3683	149	29	0.014919435688421672	1.4699799976369832e-05	0.9655172413793104	194630.87248322146
chr13	66235924	66236007	RNA3684	83	19	0.00013540563371574664	0.0	1.0	228915.6626506024
chr13	67234114	67234197	RNA3685	83	25	3.950440361222679e-05	0.0	1.0	301204.8192771085
chr13	67235471	67235768	RNA3686	297	54	0.021228574932154978	1.4714749795530224e-05	0.9629629629629629	181818.18181818182
chr13	67235522	67235605	RNA3687	83	16	4.232064480901852e-05	1.4717749763804022e-05	1.0	192771.0843373494
chr13	67241464	67241547	RNA3688	83	20	0.04605425536806251	7.348599865508732e-06	0.95	240963.85542168675
chr13	67391068	67391151	RNA3689	83	16	0.06251378160641252	1.4696149719384266e-05	0.9375	192771.0843373494
chr13	67392447	67392530	RNA3690	83	14	2.625147869496161e-05	0.0	1.0	168674.6987951807
chr13	67505774	67505857	RNA3691	83	18	1.3076177563356654e-05	0.0	1.0	216867.4698795181
chr13	68348282	68348365	RNA3692	83	13	1.1344784839956034e-05	0.0	1.0	156626.5060240964
chr13	70873535	70873740	RNA3693	204	0				0.0
chr13	72290299	72290382	RNA3694	83	12	4.28941658962361e-05	0.0	1.0	144578.31325301205
chr13	74411176	74411344	RNA3695	168	26	0.03847567286955102	0.0	0.9615384615384616	154761.90476190476
chr13	75228947	75229045	RNA3696	98	18	6.546083315899725e-06	0.0	1.0	183673.46938775512
chr13	75231316	75231521	RNA3697	205	37	1.8670286555933102e-05	0.0	1.0	180487.80487804877
chr13	75485002	75485207	RNA3698	205	38	2.0126436730174004e-05	0.0	1.0	185365.8536585366
chr13	75488981	75489186	RNA3699	205	48	0.0002932591403350645	0.0	1.0	234146.34146341466
chr13	75491241	75491446	RNA3700	205	34	0.001723733253557456	0.0	0.9705882352941176	165853.65853658537
chr13	77345290	77345495	RNA3701	205	50	0.0027361601936172508	0.0	0.98	243902.43902439025
chr13	77345375	77345580	RNA3702	205	37	0.0036685152923087716	0.0	0.972972972972973	180487.80487804877
chr13	77345843	77346048	RNA3703	201	51	0.020664021233446246	1.4743600331712514e-05	0.9607843137254902	253731.3432835821
chr13	77347371	77347576	RNA3704	205	39	1.3947746223351519e-05	0.0	1.0	190243.9024390244
chr13	78659673	78659841	RNA3705	168	23	1.4702143625586556e-05	0.0	1.0	136904.76190476192
chr13	78769580	78769678	RNA3706	98	19	0.056746175820176416	1.4700700376124589e-05	0.8947368421052632	193877.55102040817
chr13	79302930	79303098	RNA3707	168	41	1.0398316967106571e-05	0.0	1.0	244047.61904761905
chr13	79303740	79303908	RNA3708	168	40	0.052188333060757944	1.469569997425424e-05	0.925	238095.23809523808
chr13	79311357	79311525	RNA3709	168	31	0.032335496140295884	0.0	0.967741935483871	184523.80952380953
chr13	79556220	79556388	RNA3710	168	29	1.8772375557906157e-05	1.4698999621032272e-05	1.0	172619.0476190476
chr13	79556416	79556584	RNA3711	168	35	0.001020592287386526	0.0	1.0	208333.33333333334
chr13	79556834	79557002	RNA3712	168	25	0.00012115386765798784	1.4699799976369832e-05	1.0	148809.52380952382
chr13	79600405	79600503	RNA3713	98	55	1.4697623638229316e-05	1.469549988541985e-05	1.0	561224.4897959183
chr13	79600992	79601090	RNA3714	98	22	1.4030381945220442e-05	1.4696799553348685e-05	1.0	224489.79591836734
chr13	79601669	79601767	RNA3715	98	22	3.808572666292167e-05	0.0	1.0	224489.79591836734
chr13	79811227	79811325	RNA3716	98	21	0.07952989918491464	1.4697699953103438e-05	0.8571428571428571	214285.71428571426
chr13	79815938	79816036	RNA3717	98	17	0.02612403365444205	1.4714099961565807e-05	0.9411764705882353	173469.38775510204
chr13	79870390	79870488	RNA3718	98	10	7.800798139213521e-05	7.354899935307912e-06	1.0	102040.81632653062
chr13	80390299	80390467	RNA3719	168	28	0.0017009314886828539	0.0	1.0	166666.66666666666
chr13	80620163	80620368	RNA3720	204	38	1.5487494597195827e-05	1.4697250207973411e-05	1.0	186274.50980392157
chr13	80650539	80650637	RNA3721	98	16	0.00030464506033922134	1.47240998558118e-05	1.0	163265.30612244896
chr13	84086059	84086227	RNA3722	168	42	0.04520580630070894	1.4699150142405415e-05	0.9523809523809523	250000.0
chr13	84086303	84086401	RNA3723	98	27	0.001953892387468331	1.4698500308440998e-05	0.9629629629629629	275510.2040816326
chr13	92899779	92899892	RNA3724	113	22	6.019281747946727e-06	0.0	1.0	194690.26548672566
chr13	96055381	96055494	RNA3725	113	14	0.02997095466064689	1.4698749964736635e-05	0.9285714285714286	123893.80530973451
chr13	96857915	96858028	RNA3726	113	20	0.00022713802204633862	1.4698349787067855e-05	1.0	176991.15044247787
chr13	96926379	96926492	RNA3727	113	34	0.019197768131535294	7.347749942709925e-06	0.9705882352941176	300884.95575221244
chr13	96937398	96937511	RNA3728	113	27	3.0485004033288183e-05	1.4699799976369832e-05	1.0	238938.05309734514
chr13	97012918	97013031	RNA3729	113	22	0.04546122772262606	0.0	0.9545454545454546	194690.26548672566
chr13	97013645	97013758	RNA3730	113	16	0.0014515954335365545	1.469764993089484e-05	1.0	141592.9203539823
chr13	97095701	97095814	RNA3731	113	22	0.0004438324430835021	7.348399776674342e-06	1.0	194690.26548672566
chr13	97938456	97938567	RNA3732	111	15	6.860179989113628e-06	0.0	1.0	135135.13513513515
chr13	98029996	98030109	RNA3733	113	23	1.599158242796562e-05	1.470159986638464e-05	1.0	203539.82300884958
chr13	101417964	101418065	RNA3734	101	15	1.175911329482915e-05	1.4697199731017465e-05	1.0	148514.8514851485
chr13	101418270	101418381	RNA3735	111	23	7.0296044055873566e-06	0.0	1.0	207207.2072072072
chr13	101422240	101422353	RNA3736	113	16	0.007911958071304062	0.0	0.9375	141592.9203539823
chr13	101423033	101423144	RNA3737	111	16	0.04021202137499812	1.4696349808218656e-05	0.9375	144144.14414414414
chr13	101425961	101426072	RNA3738	111	20	9.554370035402825e-06	0.0	1.0	180180.18018018018
chr13	101436981	101437092	RNA3739	111	25	1.9402187717786036e-05	0.0	1.0	225225.22522522524
chr13	102403545	102403656	RNA3740	111	22	0.001724749561948218	0.0	1.0	198198.1981981982
chr13	102404761	102404872	RNA3741	111	24	7.657001253846668e-05	7.3512001108611e-06	1.0	216216.21621621624
chr13	102411815	102412089	RNA3742	274	0				0.0
chr13	102531656	102531767	RNA3743	111	23	0.0004368309603349754	1.470929964852985e-05	1.0	207207.2072072072
chr13	103538173	103538284	RNA3744	111	10	0.002070951233781663	0.0	1.0	90090.09009009009
chr13	104108008	104108423	RNA3745	415	77	4.1996034919323905e-05	1.4696799553348685e-05	1.0	185542.1686746988
chr13	104177493	104177777	RNA3746	284	66	0.020218619160445855	1.4717550129716983e-05	0.9393939393939394	232394.3661971831
chr13	104403674	104403786	RNA3747	112	20	3.0146268863968435e-05	0.0	1.0	178571.42857142858
chr13	105136665	105136890	RNA3748	225	42	0.005370297753978811	1.4697199731017465e-05	0.9523809523809523	186666.6666666667
chr13	105376550	105376651	RNA3749	101	24	0.00010596460822397585	7.349699899350526e-06	1.0	237623.7623762376
chr13	105456833	105457097	RNA3750	259	44	0.010402483868967295	7.358350103459088e-06	0.9772727272727273	169884.16988416988
chr13	105532125	105532399	RNA3751	274	50	0.004493938464183882	1.4698100130772218e-05	0.98	182481.7518248175
chr13	106374166	106374267	RNA3752	101	27	1.5242526320364213e-05	0.0	1.0	267326.73267326737
chr13	106374180	106374281	RNA3753	101	29	1.5204827957793484e-05	0.0	1.0	287128.71287128713
chr13	106374199	106374300	RNA3754	101	25	9.994252141041215e-06	0.0	1.0	247524.75247524751
chr13	106385014	106385106	RNA3755	92	19	0.05263931492634966	1.4697699953103438e-05	0.9473684210526315	206521.73913043478
chr13	106387714	106387815	RNA3756	101	20	2.0580674527078686e-05	0.0	1.0	198019.80198019804
chr13	106395109	106395210	RNA3757	101	16	1.4698656343625771e-05	1.4698500308440998e-05	1.0	158415.84158415842
chr13	106487914	106488015	RNA3758	101	22	0.00012310293256879783	1.4709550214320188e-05	1.0	217821.7821782178
chr13	106539967	106540241	RNA3759	274	87	3.570333566371079e-05	1.4700700376124589e-05	1.0	317518.2481751825
chr13	106540320	106540594	RNA3760	259	63	0.01661374103316611	0.0	0.9841269841269841	243243.24324324325
chr13	106540861	106541135	RNA3761	274	69	5.476404601432416e-05	1.4698100130772218e-05	1.0	251824.8175182482
chr13	106726232	106726506	RNA3762	274	66	9.019370141190051e-05	0.0	1.0	240875.91240875915
chr13	106737699	106737973	RNA3763	274	43	0.023362139516541713	1.4698999621032272e-05	0.9767441860465116	156934.30656934305
chr13	106763674	106763948	RNA3764	274	51	0.01415086511400766	1.4698100130772218e-05	0.9607843137254902	186131.38686131386
chr13	107106531	107106814	RNA3765	283	60	0.006192746034321314	1.4704200111737007e-05	0.9833333333333333	212014.1342756184
chr13	107162124	107162235	RNA3766	111	26	0.03847341116541148	0.0	0.9615384615384616	234234.23423423423
chr13	107162931	107163032	RNA3767	101	22	0.045719176808854	1.4698549875902245e-05	0.9545454545454546	217821.7821782178
chr13	107937841	107938115	RNA3768	274	49	0.02084832441984445	0.0	0.9795918367346939	178832.11678832117
chr13	107946852	107946927	RNA3769	75	8	1.2863749816460768e-05	7.349050065386109e-06	1.0	106666.66666666667
chr13	108106861	108107276	RNA3770	415	95	0.02149350401936987	0.0	0.9789473684210527	228915.6626506024
chr13	108148105	108148389	RNA3771	284	55	0.00022981947012422335	0.0	1.0	193661.97183098592
chr13	108319455	108319567	RNA3772	112	24	1.8985974975292343e-05	7.348849976551719e-06	1.0	214285.71428571426
chr13	108585667	108586082	RNA3773	409	76	0.003136830934145586	0.0	0.9868421052631579	185819.0709046455
chr13	108585677	108585961	RNA3774	281	58	0.00379589850725661	7.348399776674342e-06	0.9827586206896551	206405.69395017793
chr13	108585694	108585806	RNA3775	112	26	0.008389387742611757	1.4698999621032272e-05	0.9615384615384616	232142.85714285716
chr13	108585707	108585991	RNA3776	278	54	4.1694692838600786e-05	0.0	1.0	194244.60431654679
chr13	108585713	108586128	RNA3777	409	76	0.0002704543208820755	0.0	1.0	185819.0709046455
chr13	108585738	108586022	RNA3778	278	57	0.0003569931822583587	0.0	1.0	205035.9712230216
chr13	108585805	108586030	RNA3779	219	42	0.0004795893283006138	0.0	1.0	191780.8219178082
chr13	108585812	108586227	RNA3780	409	78	0.0002661647216276207	0.0	1.0	190709.04645476773
chr13	108585943	108586055	RNA3781	106	18	0.0010230021987101474	0.0	1.0	169811.32075471696
chr13	108586056	108586168	RNA3782	112	22	1.0029799961392365e-05	0.0	1.0	196428.57142857142
chr13	109808274	109808558	RNA3783	284	52	0.07693324883615997	0.0	0.9230769230769231	183098.5915492958
chr13	109808646	109808910	RNA3784	264	52	0.0003765258859402794	0.0	1.0	196969.69696969696
chr13	109808667	109808951	RNA3785	284	52	0.0003768087013633258	0.0	1.0	183098.5915492958
chr13	109808708	109808820	RNA3786	112	23	0.0008391337202698612	1.469509970775107e-05	1.0	205357.14285714284
chr13	109808862	109809277	RNA3787	415	76	5.3759844999336254e-05	0.0	1.0	183132.5301204819
chr13	109808884	109808996	RNA3788	112	16	2.5723224609915605e-05	1.4698749964736635e-05	1.0	142857.14285714284
chr13	109808942	109809054	RNA3789	112	23	2.4285430299638815e-05	1.4698100130772218e-05	1.0	205357.14285714284
chr13	109809195	109809610	RNA3790	415	92	0.013073678038865728	0.0	0.9782608695652174	221686.7469879518
chr13	109809499	109809783	RNA3791	284	53	0.018745688827828347	1.4697199731017465e-05	0.9811320754716981	186619.71830985916
chr13	109809540	109809955	RNA3792	415	91	0.01091733374045821	1.469509970775107e-05	0.989010989010989	219277.10843373495
chr13	109809873	109809954	RNA3793	81	26	9.612242313148901e-06	0.0	1.0	320987.65432098764
chr13	109852721	109853859	RNA3794	1138	200	0.009897171268403325	0.0	0.99	175746.9244288225
chr13	109967819	109967911	RNA3795	92	0				0.0
chr13	109968336	109968600	RNA3796	264	0				0.0
chr13	109970968	109971193	RNA3797	225	0				0.0
chr13	109971038	109971322	RNA3798	284	0				0.0
chr13	109971598	109971823	RNA3799	225	0				0.0
chr13	109971633	109972048	RNA3800	415	0				0.0
chr13	109972168	109972393	RNA3801	225	0				0.0
chr13	109972332	109972596	RNA3802	264	0				0.0
chr13	109973070	109973334	RNA3803	264	0				0.0
chr13	110522409	110522634	RNA3804	223	50	0.0495141771780618	1.4749699857929954e-05	0.92	224215.2466367713
chr13	110522492	110522717	RNA3805	224	52	0.028205314347430357	0.0	0.9615384615384616	232142.85714285716
chr13	110522492	110522717	RNA3806	224	52	0.028205314347430357	0.0	0.9615384615384616	232142.85714285716
chr13	110522492	110522756	RNA3807	263	55	0.026675394782994934	0.0	0.9636363636363636	209125.47528517112
chr13	110522531	110522795	RNA3808	263	60	0.0243102967756234	0.0	0.9666666666666667	228136.88212927757
chr13	110522668	110522780	RNA3809	112	23	2.8122447711998503e-05	0.0	1.0	205357.14285714284
chr13	110578251	110578515	RNA3810	264	61	0.020357966853747498	0.0	0.9672131147540983	231060.60606060605
chr13	110854615	110854707	RNA3811	92	24	6.675690046146011e-05	0.0	1.0	260869.5652173913
chr13	110942295	110942387	RNA3812	92	0				0.0
chr13	110942587	110942679	RNA3813	92	0				0.0
chr13	110993141	110993233	RNA3814	92	23	1.78934866673176e-05	1.4696400285174605e-05	1.0	250000.0
chr13	110993949	110994041	RNA3815	92	15	0.00016076834029566368	0.0	1.0	163043.47826086957
chr13	111015521	111015804	RNA3816	283	40	0.026204479172702123	0.0	0.975	141342.7561837456
chr13	111015588	111015813	RNA3817	225	36	0.027942769571154713	1.4720400031364989e-05	0.9722222222222222	160000.0
chr13	111015651	111015743	RNA3818	92	16	0.06284443761626335	0.0	0.9375	173913.04347826086
chr13	111016730	111016831	RNA3819	101	31	0.032268021873835914	1.4698100130772218e-05	0.967741935483871	306930.6930693069
chr13	111018719	111018794	RNA3820	75	0				0.0
chr13	111509760	111510024	RNA3821	264	53	0.01890508560751735	1.4697699953103438e-05	0.9811320754716981	200757.57575757575
chr13	111586978	111587252	RNA3822	274	74	8.463399398031903e-05	1.469549988541985e-05	1.0	270072.9927007299
chr13	111860791	111861074	RNA3823	283	49	0.0004631296242965901	0.0	1.0	173144.87632508835
chr13	111862131	111862414	RNA3824	283	50	0.020121995552362926	0.0	0.98	176678.445229682
chr13	111862248	111862531	RNA3825	283	50	0.02012405363246216	1.4695749996462837e-05	0.98	176678.445229682
chr13	112113193	112113268	RNA3826	75	9	3.2666777972028485e-06	0.0	1.0	120000.0
chr13	112134270	112134553	RNA3827	283	67	0.015553315450206481	1.469549988541985e-05	0.9850746268656716	236749.11660777385
chr13	112134325	112134417	RNA3828	92	23	0.000663276220344082	0.0	1.0	250000.0
chr13	112148362	112148645	RNA3829	275	0				0.0
chr13	112169607	112169682	RNA3830	75	16	0.0017144983929142522	7.347549853875535e-06	1.0	213333.33333333334
chr13	112177512	112177587	RNA3831	75	16	9.18584981945969e-06	0.0	1.0	213333.33333333334
chr13	112217631	112217914	RNA3832	283	50	1.3824409870719398e-05	0.0	1.0	176678.445229682
chr13	112218574	112218649	RNA3833	75	19	0.052646275184279626	0.0	0.9473684210526315	253333.33333333334
chr13	112222333	112222408	RNA3834	75	9	0.00010618852350792446	1.4700700376124589e-05	1.0	120000.0
chr13	112250923	112250998	RNA3835	75	26	8.592093830044658e-05	1.4696999642183075e-05	1.0	346666.6666666667
chr13	112684756	112684837	RNA3836	81	12	2.4493700114664997e-05	1.4696799553348685e-05	1.0	148148.14814814815
chr13	113102466	113103604	RNA3837	1138	203	0.013151018748220368	1.469509970775107e-05	0.9753694581280788	178383.12829525484
chr13	113103945	113104228	RNA3838	283	61	0.0002571464358984234	1.4697699953103438e-05	1.0	215547.70318021203
chr13	113176515	113176590	RNA3839	35	29	0.05781354558875419	1.469549988541985e-05	0.896551724137931	828571.4285714286
chr13	113740082	113740163	RNA3840	81	12	0.0383236237651848	1.4699199709866662e-05	0.9166666666666666	148148.14814814815
chr13	113758666	113758747	RNA3841	81	0				0.0
chr13	113758810	113758891	RNA3842	81	0				0.0
chr13	113871006	113871087	RNA3843	81	8	0.039307995290300816	1.4705899957334623e-05	0.875	98765.43209876542
chr13	113875893	113875974	RNA3844	81	12	0.10369276603122064	7.347950031544315e-06	0.8333333333333334	148148.14814814815
chr13	113934737	113935152	RNA3845	415	110	0.027724333035563504	1.4696400285174605e-05	0.9727272727272728	265060.24096385547
chr13	113940238	113941376	RNA3846	307	48	4.378274208722868e-05	1.4695250229124213e-05	1.0	156351.7915309446
chr13	113946685	113946766	RNA3847	81	12	0.08693458028650035	2.204804968641838e-05	0.9166666666666666	148148.14814814815
chr13	113946786	113947924	RNA3848	1138	265	0.012374599312509947	1.469590006308863e-05	0.9660377358490566	232864.67486818982
chr13	113948191	113949329	RNA3849	1138	239	0.008597984005908861	1.4696799553348685e-05	0.9916317991631799	210017.5746924429
chr13	114135020	114136158	RNA3850	1138	251	0.031859065180281344	1.469509970775107e-05	0.9561752988047809	220562.39015817223
chr13	114139046	114140184	RNA3851	750	55	0.0510704287923793	0.0	0.9272727272727272	73333.33333333333
chr13	114139621	114140759	RNA3852	1021	161	0.017602672479296644	0.0	0.9751552795031055	157688.54064642507
chr13	114154166	114154450	RNA3853	284	59	0.04195488699235161	0.0	0.9491525423728814	207746.47887323945
chr13	114352025	114353163	RNA3854	1138	0				0.0
chr13	114352865	114352946	RNA3855	81	0				0.0
chr14	16198525	16199604	RNA3856	0	0				
chr14	17385184	17385290	RNA3857	0	0				
chr14	18622537	18623313	RNA3858	776	0				0.0
chr14	18917244	18918323	RNA3859	83	0				0.0
chr14	18960712	18961791	RNA3860	517	0				0.0
chr14	18960992	18962071	RNA3861	556	0				0.0
chr14	19398484	19399563	RNA3862	634	0				0.0
chr14	19400031	19401110	RNA3863	61	0				0.0
chr14	19400151	19401230	RNA3864	0	0				
chr14	20058579	20059658	RNA3865	1068	258	0.027866770991288144	1.4704999557579868e-05	0.9263565891472868	241573.03370786516
chr14	21279891	21279997	RNA3866	106	13	1.018034611031628e-05	1.469549988541985e-05	1.0	122641.50943396226
chr14	21766513	21766619	RNA3867	106	17	2.4229535269753737e-05	1.470200004405342e-05	1.0	160377.35849056602
chr14	21767787	21767893	RNA3868	106	23	0.08353540747999512	1.4700700376124589e-05	0.8695652173913043	216981.13207547172
chr14	21767948	21768054	RNA3869	106	21	0.006060123335720117	0.0	0.9523809523809523	198113.20754716982
chr14	22554132	22554238	RNA3870	105	6	1.4906583298094725e-05	1.4922799891792238e-05	1.0	57142.85714285714
chr14	22554960	22555121	RNA3871	161	28	1.6275610732915947e-05	7.348849976551719e-06	1.0	173913.04347826086
chr14	22555398	22555504	RNA3872	106	24	3.061931211807675e-05	0.0	1.0	226415.09433962265
chr14	22562516	22563292	RNA3873	776	131	0.01003089152571275	1.4696400285174605e-05	0.9694656488549618	168814.43298969074
chr14	22594890	22594996	RNA3874	106	19	4.3317952986390904e-05	1.4696799553348685e-05	1.0	179245.28301886792
chr14	22615629	22615718	RNA3875	89	28	0.03740871372292531	1.4704599834658438e-05	0.9642857142857143	314606.7415730337
chr14	23449788	23450564	RNA3876	776	171	0.011744378788529637	1.4696799553348685e-05	0.9707602339181286	220360.82474226804
chr14	23462892	23462998	RNA3877	106	21	0.048881651443913314	1.4697699953103438e-05	0.9523809523809523	198113.20754716982
chr14	23510172	23510948	RNA3878	776	147	0.011113809658386991	0.0	0.9659863945578231	189432.98969072165
chr14	23510290	23511066	RNA3879	776	138	0.011781318771701752	0.0	0.9637681159420289	177835.05154639177
chr14	23668733	23669509	RNA3880	776	135	0.049671518164359434	1.469590006308863e-05	0.9259259259259259	173969.07216494845
chr14	23669670	23670446	RNA3881	776	162	0.012452221057578245	0.0	0.9876543209876543	208762.88659793817
chr14	23690244	23691020	RNA3882	776	168	0.020460298278559698	1.4696799553348685e-05	0.9523809523809523	216494.84536082475
chr14	23770942	23772021	RNA3883	1079	209	0.01030762378957478	0.0	0.9856459330143541	193697.86839666357
chr14	23775262	23775413	RNA3884	151	31	0.04155605158335205	1.4697699953103438e-05	0.9032258064516129	205298.0132450331
chr14	24567486	24568262	RNA3885	776	130	0.01662580367569367	0.0	0.9769230769230769	167525.77319587627
chr14	25638900	25639061	RNA3886	161	35	3.240572774042517e-05	1.4726199879078194e-05	1.0	217391.30434782608
chr14	26352850	26352939	RNA3887	89	14	2.6528792594550397e-05	0.0	1.0	157303.37078651684
chr14	26357193	26357299	RNA3888	106	16	1.5625781713877586e-05	0.0	1.0	150943.3962264151
chr14	26361292	26361453	RNA3889	161	32	0.0005549127810411296	7.349050065386109e-06	1.0	198757.76397515528
chr14	26361873	26361962	RNA3890	89	18	2.2871094592518326e-05	0.0	1.0	202247.19101123596
chr14	26362907	26363068	RNA3891	161	26	0.00026123175922083427	1.470220013288781e-05	1.0	161490.68322981367
chr14	26364053	26364142	RNA3892	89	14	5.255621350183251e-06	0.0	1.0	157303.37078651684
chr14	26365446	26365535	RNA3893	89	25	0.00013116739315591607	1.4704200111737007e-05	1.0	280898.8764044944
chr14	26366222	26366383	RNA3894	161	37	1.0076205374364665e-05	0.0	1.0	229813.66459627327
chr14	27845618	27845707	RNA3895	89	36	5.799302056806703e-05	7.349899988184916e-06	1.0	404494.3820224719
chr14	27845672	27845761	RNA3896	89	31	0.032316177004964454	1.4700700376124589e-05	0.9354838709677419	348314.6067415731
chr14	27845687	27845776	RNA3897	89	32	0.03130629587977296	1.4696349808218656e-05	0.9375	359550.5617977528
chr14	27845691	27845946	RNA3898	255	74	0.014936827535915947	0.0	0.9594594594594594	290196.0784313726
chr14	27845702	27845863	RNA3899	161	47	0.02347204277470774	0.0	0.9361702127659575	291925.4658385093
chr14	27845707	27845868	RNA3900	161	46	0.023982304574157908	0.0	0.9347826086956522	285714.2857142857
chr14	27845747	27845908	RNA3901	161	43	0.0024071879673122775	0.0	0.9767441860465116	267080.74534161494
chr14	27845851	27846002	RNA3902	151	31	1.4465725965442052e-05	0.0	1.0	205298.0132450331
chr14	27848022	27848183	RNA3903	161	32	1.9758131116981987e-05	7.349899988184916e-06	1.0	198757.76397515528
chr14	28316533	28317309	RNA3904	776	0				0.0
chr14	28317549	28317700	RNA3905	151	0				0.0
chr14	28317639	28317790	RNA3906	151	0				0.0
chr14	28317692	28317843	RNA3907	151	0				0.0
chr14	28317705	28317794	RNA3908	89	0				0.0
chr14	29526095	29526246	RNA3909	149	30	2.043582335317991e-05	7.359200026257895e-06	1.0	201342.2818791946
chr14	29526150	29526301	RNA3910	149	31	0.0015336866524868966	0.0	1.0	208053.6912751678
chr14	29530423	29530574	RNA3911	151	25	0.042251740464525935	1.4693800039822236e-05	0.92	165562.9139072848
chr14	29572205	29572356	RNA3912	151	36	2.0843055507508993e-05	1.4707599802932236e-05	1.0	238410.59602649006
chr14	30852892	30853034	RNA3913	142	18	2.5317805213690214e-05	1.469984999857843e-05	1.0	126760.56338028169
chr14	30861853	30862108	RNA3914	255	35	0.003730869197767912	1.4700300198455809e-05	0.9714285714285714	137254.90196078434
chr14	31889642	31889803	RNA3915	161	22	0.0005306248098432511	0.0	1.0	136645.96273291926
chr14	31900775	31901030	RNA3916	255	56	0.007666709615266747	1.4698950053571025e-05	0.9821428571428571	219607.8431372549
chr14	31935253	31935508	RNA3917	255	36	0.02779734862130883	1.4698549875902245e-05	0.9444444444444444	141176.4705882353
chr14	31938689	31938944	RNA3918	254	55	0.032649269948210116	1.4701099644298664e-05	0.9090909090909091	216535.43307086616
chr14	31963346	31963601	RNA3919	255	49	6.0397678068081045e-05	1.469549988541985e-05	1.0	192156.86274509804
chr14	31963832	31964087	RNA3920	255	59	6.054005668482582e-05	0.0	1.0	231372.54901960786
chr14	32060622	32060877	RNA3921	255	32	0.03125964731867725	0.0	0.96875	125490.19607843137
chr14	32325442	32325531	RNA3922	89	0				0.0
chr14	32926307	32926562	RNA3923	255	36	0.027794519602846575	1.4698749964736635e-05	0.9722222222222222	141176.4705882353
chr14	32927751	32927902	RNA3924	151	22	8.68707275003544e-06	0.0	1.0	145695.36423841058
chr14	33829437	33829579	RNA3925	142	0				0.0
chr14	34746174	34746316	RNA3926	142	15	2.2548293297100885e-05	1.4699399798701052e-05	1.0	105633.8028169014
chr14	34746982	34747124	RNA3927	142	22	0.04658103540660621	1.470159986638464e-05	0.9545454545454546	154929.57746478872
chr14	34749580	34749722	RNA3928	142	27	0.014451469941343885	1.4699799976369832e-05	0.9629629629629629	190140.84507042254
chr14	35319128	35319270	RNA3929	142	25	0.0012480084775233912	0.0	1.0	176056.338028169
chr14	35319421	35319563	RNA3930	142	34	0.0009039240117892701	0.0	1.0	239436.61971830984
chr14	35319461	35319603	RNA3931	142	35	0.0008772578199828502	0.0	1.0	246478.87323943662
chr14	35813486	35813628	RNA3932	142	0				0.0
chr14	36266617	36266872	RNA3933	255	43	9.915688425215001e-06	0.0	1.0	168627.45098039217
chr14	39221390	39221532	RNA3934	142	28	1.3165296455294343e-05	7.351849944825517e-06	1.0	197183.0985915493
chr14	40952097	40952247	RNA3935	71	37	0.0005285375304870156	1.6377300198655576e-05	1.0	521126.76056338026
chr14	42866370	42866520	RNA3936	150	22	0.010083824201418871	1.4719949831487611e-05	0.9545454545454546	146666.66666666666
chr14	42867372	42867522	RNA3937	150	37	0.0002675309447236114	1.4707599802932236e-05	1.0	246666.6666666667
chr14	42868030	42868180	RNA3938	150	32	0.0008351190454618502	0.0	1.0	213333.33333333334
chr14	42868166	42868316	RNA3939	150	41	2.1534407407179218e-05	0.0	1.0	273333.3333333333
chr14	46821175	46821325	RNA3940	150	28	8.348741114007107e-05	0.0	1.0	186666.6666666667
chr14	46822505	46822655	RNA3941	150	26	1.0182403807098475e-05	1.4705000012327218e-05	1.0	173333.33333333334
chr14	46823018	46823168	RNA3942	150	21	0.0009901098369699006	0.0	1.0	140000.0
chr14	46823105	46823255	RNA3943	150	23	0.0024516033505753232	0.0	1.0	153333.3333333333
chr14	46824102	46824237	RNA3944	135	31	0.01606274553808273	1.471189989388222e-05	0.967741935483871	229629.62962962964
chr14	46825009	46825264	RNA3945	255	48	1.964986929199927e-05	0.0	1.0	188235.29411764705
chr14	49543824	49543974	RNA3946	150	25	0.040013523979723686	0.0	0.96	166666.66666666666
chr14	50232800	50233055	RNA3947	255	46	0.011769401392899923	1.4696400285174605e-05	0.9347826086956522	180392.1568627451
chr14	50236288	50236423	RNA3948	135	28	1.365086801082985e-05	0.0	1.0	207407.4074074074
chr14	51211834	51212089	RNA3949	255	51	8.386457853238967e-05	1.4697199731017465e-05	1.0	200000.0
chr14	51295078	51295213	RNA3950	135	31	0.030104363655394286	0.0	0.9354838709677419	229629.62962962964
chr14	51296559	51296814	RNA3951	255	53	0.016807042028699894	0.0	0.9622641509433962	207843.13725490196
chr14	51298102	51298357	RNA3952	255	42	0.00010955602601825274	1.4698100130772218e-05	1.0	164705.88235294117
chr14	51302382	51302517	RNA3953	135	20	1.6169619902936397e-05	0.0	1.0	148148.14814814815
chr14	51303251	51303386	RNA3954	135	22	0.007384181483799196	0.0	0.9545454545454546	162962.96296296298
chr14	51735493	51735628	RNA3955	126	26	0.013396836765423359	7.358350103459088e-06	0.9615384615384616	206349.20634920633
chr14	51737340	51737595	RNA3956	255	60	0.004701071131588224	0.0	0.9833333333333333	235294.11764705883
chr14	51738892	51739147	RNA3957	255	39	1.7340238348246227e-05	0.0	1.0	152941.17647058825
chr14	51739026	51739161	RNA3958	135	28	0.015723697384536144	0.0	0.9642857142857143	207407.4074074074
chr14	51742885	51743020	RNA3959	135	30	0.04959755551978257	1.4708250091644004e-05	0.9	222222.22222222222
chr14	51745973	51746228	RNA3960	254	61	0.019127223076256847	0.0	0.9672131147540983	240157.48031496062
chr14	51825826	51826137	RNA3961	311	69	7.029411605891664e-06	0.0	1.0	221864.95176848874
chr14	52188252	52188387	RNA3962	135	23	6.389247162429535e-05	1.469549988541985e-05	1.0	170370.37037037036
chr14	52188287	52188542	RNA3963	254	48	0.01401798865672769	0.0	0.9791666666666666	188976.3779527559
chr14	53947981	53948249	RNA3964	268	56	0.028526244723528695	0.0	0.9642857142857143	208955.223880597
chr14	55412408	55412488	RNA3965	80	16	1.5618143947903217e-05	7.349050065386109e-06	1.0	200000.0
chr14	55467772	55468083	RNA3966	311	75	0.04256579345203741	1.4696799553348685e-05	0.9466666666666667	241157.55627009648
chr14	55485978	55486113	RNA3967	135	34	0.019735343759240253	0.0	0.9705882352941176	251851.85185185182
chr14	55486317	55486572	RNA3968	255	41	0.004499952553509847	1.4697199731017465e-05	0.9512195121951219	160784.3137254902
chr14	56737755	56738066	RNA3969	311	60	0.0016305055465030227	0.0	0.9833333333333333	192926.04501607714
chr14	56785283	56785594	RNA3970	308	68	0.026480169390692133	1.4704150089528412e-05	0.9705882352941176	220779.22077922078
chr14	56790016	56790327	RNA3971	307	56	0.017880071175259867	1.4696149719384266e-05	0.9821428571428571	182410.42345276874
chr14	57193859	57194170	RNA3972	311	41	2.2594524191998135e-05	1.4697699953103438e-05	1.0	131832.79742765272
chr14	57194417	57194728	RNA3973	311	47	4.598160610336354e-05	0.0	1.0	151125.40192926044
chr14	57196976	57197287	RNA3974	311	58	0.00024272649758632747	1.4719699720444623e-05	1.0	186495.1768488746
chr14	57468749	57469060	RNA3975	301	60	8.732739490065718e-05	0.0	1.0	199335.54817275747
chr14	57468916	57469184	RNA3976	258	42	0.023917111901742564	0.0	0.9761904761904762	162790.69767441862
chr14	58631706	58631974	RNA3977	262	51	2.9054297698950892e-05	1.469590006308863e-05	1.0	194656.4885496183
chr14	58632904	58633172	RNA3978	268	33	0.031973034108528794	0.0	0.9393939393939394	123134.32835820895
chr14	58633192	58633460	RNA3979	268	69	0.005966820066928247	1.4712400115968194e-05	0.9855072463768116	257462.6865671642
chr14	59186449	59186717	RNA3980	268	54	0.002772974760874703	0.0	0.9814814814814815	201492.53731343284
chr14	59186582	59186850	RNA3981	268	49	1.289881828950212e-05	0.0	1.0	182835.8208955224
chr14	59187030	59187298	RNA3982	268	41	0.021329476333604117	1.469549988541985e-05	0.975609756097561	152985.07462686568
chr14	59372736	59372816	RNA3983	80	16	2.480644400293149e-05	1.4699199709866662e-05	1.0	200000.0
chr14	59907145	59907225	RNA3984	80	14	0.016301319762598198	7.350350188062294e-06	0.9285714285714286	175000.0
chr14	59907725	59907805	RNA3985	80	11	1.3381082019556992e-05	0.0	1.0	137500.0
chr14	59909166	59909434	RNA3986	268	57	0.0002608786681504829	1.4704999557579868e-05	1.0	212686.5671641791
chr14	59911744	59911824	RNA3987	80	19	0.0002692233463102075	0.0	1.0	237500.0
chr14	60576898	60576978	RNA3988	80	20	2.279643986184952e-05	0.0	1.0	250000.0
chr14	60587685	60587765	RNA3989	80	12	1.5929108409788267e-05	1.4701350210089004e-05	1.0	150000.0
chr14	60599824	60599904	RNA3990	80	13	0.0010300316803645354	0.0	1.0	162500.0
chr14	61184774	61184854	RNA3991	80	15	0.06670585854002033	1.4698500308440998e-05	0.9333333333333333	187500.0
chr14	61808070	61808381	RNA3992	311	44	0.024386940968724954	1.469785001972923e-05	0.9545454545454546	141479.09967845658
chr14	63756258	63756526	RNA3993	268	50	1.0291866001352108e-05	0.0	1.0	186567.1641791045
chr14	64911604	64911684	RNA3994	80	17	0.0012857950369460245	0.0	1.0	212500.0
chr14	65854108	65855076	RNA3995	968	195	0.023926041453607747	1.4696400285174605e-05	0.9641025641025641	201446.28099173552
chr14	68819412	68819561	RNA3996	149	32	0.007044701459193447	1.4698549875902245e-05	0.96875	214765.10067114094
chr14	69806545	69807513	RNA3997	965	150	2.608898699084615e-05	0.0	1.0	155440.41450777202
chr14	70718916	70719884	RNA3998	968	163	0.011762357713121702	0.0	0.9754601226993865	168388.42975206612
chr14	70721136	70722104	RNA3999	968	183	0.008828195495343456	0.0	0.9890710382513661	189049.5867768595
chr14	70721530	70722498	RNA4000	968	182	0.006589246010907327	0.0	0.989010989010989	188016.52892561984
chr14	70836991	70837959	RNA4001	968	201	0.02801716884056276	1.4696400285174605e-05	0.9701492537313433	207644.62809917357
chr14	70840636	70841604	RNA4002	968	170	0.006213739601309282	1.469569997425424e-05	0.9941176470588236	175619.8347107438
chr14	70900390	70901358	RNA4003	964	196	0.003202285263893954	0.0	0.9897959183673469	203319.5020746888
chr14	71815920	71816888	RNA4004	968	160	0.01291394550292466	0.0	0.98125	165289.2561983471
chr14	72895998	72896147	RNA4005	149	30	3.3831044129328455e-05	0.0	1.0	201342.2818791946
chr14	73705359	73705508	RNA4006	149	0				0.0
chr14	73714592	73714741	RNA4007	149	30	2.5479283218977758e-05	1.469964990974404e-05	1.0	201342.2818791946
chr14	73714706	73714855	RNA4008	149	30	1.5188876720153004e-05	0.0	1.0	201342.2818791946
chr14	73821196	73821345	RNA4009	149	18	4.737144970729275e-05	0.0	1.0	120805.36912751678
chr14	73821589	73821738	RNA4010	136	11	0.0005392943428225998	1.5687799532315694e-05	1.0	80882.35294117648
chr14	73821681	73821830	RNA4011	136	1	0.0	0.0	1.0	7352.941176470588
chr14	74750650	74750799	RNA4012	149	14	1.1549100106224483e-05	7.348200142587302e-06	1.0	93959.73154362416
chr14	75547019	75547987	RNA4013	961	197	0.016042747919130716	1.4698500308440998e-05	0.9695431472081218	204994.79708636837
chr14	78161336	78161485	RNA4014	149	34	7.74064623168195e-05	1.469724975322606e-05	1.0	228187.91946308725
chr14	81233281	81233464	RNA4015	183	27	2.5583622691215165e-05	0.0	1.0	147540.98360655736
chr14	83045442	83045667	RNA4016	225	57	0.03512925805009952	1.4705899957334624e-05	0.9649122807017544	253333.33333333334
chr14	83048002	83048121	RNA4017	119	29	0.006574747894680102	1.4703299711982254e-05	0.9655172413793104	243697.47899159664
chr14	84907020	84907203	RNA4018	183	37	1.0329354080494267e-05	1.4696799553348685e-05	1.0	202185.79234972678
chr14	85660526	85660674	RNA4019	148	32	6.845141118105651e-05	0.0	1.0	216216.21621621624
chr14	85795561	85795744	RNA4020	183	32	0.013365855785309569	0.0	0.96875	174863.38797814207
chr14	85795648	85795873	RNA4021	225	41	6.169066861131089e-05	1.4703299711982254e-05	1.0	182222.22222222222
chr14	85795844	85795963	RNA4022	119	29	0.00018711543418311466	1.4705899957334624e-05	1.0	243697.47899159664
chr14	85795913	85796138	RNA4023	225	57	0.025015653893668763	1.470460028940579e-05	0.9649122807017544	253333.33333333334
chr14	85796205	85796388	RNA4024	183	44	0.03450692203579241	1.4708050002809614e-05	0.9545454545454546	240437.15846994534
chr14	85796500	85796683	RNA4025	183	35	0.02699342743373043	0.0	0.9714285714285714	191256.8306010929
chr14	85796615	85796734	RNA4026	119	16	7.354887429755763e-06	0.0	1.0	134453.78151260503
chr14	85797631	85797856	RNA4027	225	40	2.095051509058878e-05	7.349899988184916e-06	1.0	177777.77777777778
chr14	85797707	85797826	RNA4028	119	24	9.189370871354186e-06	0.0	1.0	201680.67226890757
chr14	85797861	85797980	RNA4029	119	26	0.05469387946057115	0.0	0.9230769230769231	218487.3949579832
chr14	85798841	85799066	RNA4030	225	35	1.596141100890138e-05	0.0	1.0	155555.55555555556
chr14	88131405	88131588	RNA4031	183	31	0.03227276370017212	1.4697699953103438e-05	0.967741935483871	169398.90710382513
chr14	88131553	88131778	RNA4032	225	50	0.04200933940026516	0.0	0.92	222222.22222222222
chr14	88131579	88131762	RNA4033	183	46	0.023917762291682226	0.0	0.9347826086956522	251366.12021857925
chr14	88131617	88131800	RNA4034	183	43	0.02231889035590219	0.0	0.9534883720930233	234972.67759562843
chr14	88131848	88132073	RNA4035	225	58	2.382299337489753e-05	1.469744984206045e-05	1.0	257777.77777777778
chr14	88131859	88131978	RNA4036	119	38	2.2047571172528187e-05	0.0	1.0	319327.73109243694
chr14	88131890	88132009	RNA4037	119	31	2.7026122728365727e-05	1.4697199731017465e-05	1.0	260504.2016806723
chr14	88131949	88132068	RNA4038	119	29	2.7371876497227123e-05	1.4698500308440998e-05	1.0	243697.47899159664
chr14	88131950	88132175	RNA4039	225	60	0.0013544526049675614	1.469724975322606e-05	0.9833333333333333	266666.6666666667
chr14	88131951	88132134	RNA4040	183	47	2.2205402487122347e-05	1.4698100130772218e-05	1.0	256830.6010928962
chr14	88913211	88913307	RNA4041	96	13	6.790169279086583e-06	0.0	1.0	135416.66666666666
chr14	89003957	89004182	RNA4042	225	28	1.2599010655580428e-05	0.0	1.0	124444.44444444444
chr14	89116248	89116367	RNA4043	119	26	0.001283490728138315	1.469744984206045e-05	1.0	218487.3949579832
chr14	89122300	89122448	RNA4044	148	29	2.7371355168599615e-05	1.4698999621032272e-05	1.0	195945.94594594595
chr14	90047299	90048098	RNA4045	798	144	0.007091703371524241	0.0	0.9930555555555556	180451.12781954886
chr14	90359347	90359495	RNA4046	148	21	0.0006554036029532006	0.0	1.0	141891.8918918919
chr14	90422983	90423131	RNA4047	148	32	3.628469329441543e-05	7.347749942709925e-06	1.0	216216.21621621624
chr14	90432497	90432645	RNA4048	147	34	0.06846704701659773	1.470849974793964e-05	0.9117647058823529	231292.51700680272
chr14	90494717	90494865	RNA4049	148	34	2.0318696629946922e-05	0.0	1.0	229729.72972972973
chr14	90495094	90495242	RNA4050	148	38	0.05265208097372172	7.347950031544315e-06	0.9473684210526315	256756.75675675675
chr14	90517604	90517752	RNA4051	148	32	0.021415329483801315	1.4698349787067855e-05	0.96875	216216.21621621624
chr14	90816995	90817115	RNA4052	120	15	8.821653379224396e-06	1.4698500308440998e-05	1.0	125000.0
chr14	90817970	90819149	RNA4053	1169	209	0.008088638482197553	1.4697199731017465e-05	0.9856459330143541	178785.28656971772
chr14	90818186	90818315	RNA4054	129	17	0.0004004494144015395	0.0	1.0	131782.9457364341
chr14	90847414	90847597	RNA4055	183	41	0.021396015795600267	0.0	0.9512195121951219	224043.71584699454
chr14	91513207	91513355	RNA4056	148	0				0.0
chr14	92689553	92689664	RNA4057	111	32	0.001833253806466927	1.4888949863234302e-05	0.96875	288288.2882882883
chr14	92895284	92895380	RNA4058	96	16	0.0112419318293746	1.4698549875902245e-05	0.9375	166666.66666666666
chr14	92935464	92935583	RNA4059	119	20	0.0002682485544937615	1.4698100130772218e-05	1.0	168067.2268907563
chr14	92935555	92935703	RNA4060	148	31	0.03229125531306049	1.4696799553348685e-05	0.967741935483871	209459.45945945947
chr14	92935713	92935938	RNA4061	225	45	0.03460527431416267	1.4696799553348685e-05	0.9555555555555556	200000.0
chr14	93136327	93136517	RNA4062	166	36	0.01920852157917983	1.4745600310561713e-05	0.9722222222222222	216867.4698795181
chr14	93714919	93715092	RNA4063	171	35	0.02877931448014611	1.4699399798701052e-05	0.9714285714285714	204678.3625730994
chr14	93790368	93790464	RNA4064	96	15	7.841053350906199e-06	1.4697199731017465e-05	1.0	156250.0
chr14	93798614	93799413	RNA4065	799	174	0.011128369902633427	1.4694850051455433e-05	0.9827586206896551	217772.21526908636
chr14	93892566	93892662	RNA4066	96	20	0.00208342590599385	7.352499778789934e-06	1.0	208333.33333333334
chr14	93900072	93900168	RNA4067	96	27	1.960367794877187e-05	1.4697699953103438e-05	1.0	281250.0
chr14	93930933	93931029	RNA4068	96	16	6.338692992357283e-05	1.469764993089484e-05	1.0	166666.66666666666
chr14	93933699	93933795	RNA4069	96	13	9.043646129542209e-06	0.0	1.0	135416.66666666666
chr14	94023649	94023745	RNA4070	96	18	7.349350097582727e-06	0.0	1.0	187500.0
chr14	94528852	94530031	RNA4071	1179	237	0.014127237720957529	0.0	0.9789029535864979	201017.8117048346
chr14	94529788	94529908	RNA4072	120	25	0.013816258730039405	1.4697199731017465e-05	0.92	208333.33333333334
chr14	94652629	94652758	RNA4073	129	18	2.287570578118351e-05	0.0	1.0	139534.88372093023
chr14	94664460	94665259	RNA4074	798	168	0.013629305175375825	0.0	0.9702380952380952	210526.31578947368
chr14	94737913	94738712	RNA4075	799	154	0.022317268673576744	1.4700500287290199e-05	0.948051948051948	192740.9261576971
chr14	94739452	94740251	RNA4076	798	144	0.0009313366365151691	1.4696999642183075e-05	0.9930555555555556	180451.12781954886
chr14	94777237	94778036	RNA4077	784	162	0.0007558075475470887	0.0	0.9938271604938271	206632.6530612245
chr14	94778417	94779216	RNA4078	799	184	0.0005312503302992894	1.4698100130772218e-05	0.9945652173913043	230287.859824781
chr14	94869819	94870618	RNA4079	779	163	0.02838234302665789	1.4696799553348685e-05	0.950920245398773	209242.61874197688
chr14	94929504	94929600	RNA4080	96	24	1.2249137398608982e-05	0.0	1.0	250000.0
chr14	95405920	95407099	RNA4081	1176	214	0.003647450146774776	1.4696999642183075e-05	0.9813084112149533	181972.78911564627
chr14	95406738	95406886	RNA4082	148	21	0.0002638971521567547	1.4699799976369832e-05	1.0	141891.8918918919
chr14	95519957	95521136	RNA4083	1164	181	0.01615954552945865	1.4697199731017465e-05	0.9723756906077348	155498.28178694157
chr14	95520069	95521248	RNA4084	1164	186	0.01572539355755643	1.4697199731017465e-05	0.9731182795698925	159793.8144329897
chr14	95520269	95520389	RNA4085	120	18	6.0431027375466976e-05	1.4698950053571025e-05	1.0	150000.0
chr14	95546985	95548164	RNA4086	1179	236	0.01578822163865124	0.0	0.9703389830508474	200169.6352841391
chr14	95547950	95549129	RNA4087	1179	244	0.0059945930403515705	0.0	0.9918032786885246	206955.04664970312
chr14	95561278	95561407	RNA4088	129	21	4.90327576612522e-05	1.469590006308863e-05	1.0	162790.69767441862
chr14	95562502	95562622	RNA4089	120	32	0.03772243366302064	0.0	0.9375	266666.6666666667
chr14	95572281	95572401	RNA4090	120	21	0.012164932742572479	0.0	0.9523809523809523	175000.0
chr14	95583728	95583848	RNA4091	120	29	0.03450911359332481	1.469590006308863e-05	0.9655172413793104	241666.66666666666
chr14	95584869	95584989	RNA4092	120	19	0.00016865172926228256	0.0	1.0	158333.3333333333
chr14	95612630	95612759	RNA4093	129	16	2.388250641160501e-05	1.4696400285174605e-05	1.0	124031.00775193798
chr14	95616289	95617468	RNA4094	1175	225	0.03702386059634187	0.0	0.9377777777777778	191489.36170212764
chr14	95620342	95620471	RNA4095	129	30	4.360429569108355e-05	1.4699199709866662e-05	1.0	232558.13953488372
chr14	95692861	95692990	RNA4096	129	29	2.2300920230415865e-05	0.0	1.0	224806.2015503876
chr14	95693378	95693507	RNA4097	129	28	8.923553618192922e-06	0.0	1.0	217054.26356589148
chr14	95696821	95696941	RNA4098	120	25	4.880624044744668e-05	1.4697199731017465e-05	1.0	208333.33333333334
chr14	95759216	95759345	RNA4099	129	23	0.03289880848933535	1.4697699953103438e-05	0.9565217391304348	178294.57364341087
chr14	95759235	95760034	RNA4100	799	156	0.017096899498057653	1.4696599919261644e-05	0.9807692307692307	195244.05506883605
chr14	95936032	95937343	RNA4101	1311	276	0.01806859498082883	1.4694600395159796e-05	0.9746376811594203	210526.31578947368
chr14	96203634	96203922	RNA4102	288	74	1.2512345853569548e-05	0.0	1.0	256944.4444444444
chr14	96490097	96490278	RNA4103	181	40	8.418152438025353e-05	0.0	1.0	220994.47513812155
chr14	96492244	96492355	RNA4104	111	15	0.0009339856219715616	0.0	1.0	135135.13513513515
chr14	96568040	96569219	RNA4105	1179	178	0.004486161150769759	0.0	0.9943820224719101	150975.40288379983
chr14	96570442	96570562	RNA4106	120	23	8.947839057288112e-06	0.0	1.0	191666.6666666667
chr14	96629588	96629717	RNA4107	129	0				0.0
chr14	96795751	96795899	RNA4108	148	29	7.247919228543539e-05	1.469590006308863e-05	1.0	195945.94594594595
chr14	97135941	97136131	RNA4109	188	1	1.5016399629530495e-05	1.5016399629530495e-05	1.0	5319.148936170212
chr14	97353007	97353118	RNA4110	111	17	8.650805766057388e-06	0.0	1.0	153153.15315315314
chr14	97417411	97417522	RNA4111	111	26	0.0007332625151110875	0.0	1.0	234234.23423423423
chr14	97417685	97417796	RNA4112	111	24	0.05075762323773839	0.0	0.9166666666666666	216216.21621621624
chr14	97703613	97703786	RNA4113	173	30	0.00013376725322207384	0.0	1.0	173410.40462427746
chr14	97703904	97704015	RNA4114	111	21	1.5399756843436412e-05	0.0	1.0	189189.1891891892
chr14	97704090	97704201	RNA4115	111	29	0.027902224018236728	0.0	0.9655172413793104	261261.26126126124
chr14	97704251	97704362	RNA4116	111	24	0.004431804298140674	7.348200142587302e-06	0.9583333333333334	216216.21621621624
chr14	97830358	97830506	RNA4117	147	29	0.006497523555575246	1.4700700376124589e-05	0.9655172413793104	197278.91156462586
chr14	97916982	97917172	RNA4118	190	35	0.004536646032387835	0.0	0.9714285714285714	184210.52631578947
chr14	97919486	97919676	RNA4119	188	40	3.4438452803441096e-05	0.0	1.0	212765.95744680852
chr14	97919950	97920098	RNA4120	148	44	2.5130343043531598e-05	1.4698999621032272e-05	1.0	297297.29729729734
chr14	97920795	97920943	RNA4121	148	48	0.021151062513638408	1.470005008741282e-05	0.9791666666666666	324324.3243243243
chr14	97924304	97924494	RNA4122	190	29	2.0275489360158358e-05	0.0	1.0	152631.57894736843
chr14	98543769	98544069	RNA4123	297	87	0.017078693057451397	1.4698100130772218e-05	0.9770114942528736	292929.29292929295
chr14	98544533	98544681	RNA4124	148	40	2.4623747412985213e-05	1.4696400285174605e-05	1.0	270270.2702702703
chr14	98544577	98544767	RNA4125	190	51	0.019627732256826586	0.0	0.9803921568627451	268421.05263157893
chr14	98544604	98544794	RNA4126	190	53	0.01888706319619334	0.0	0.9811320754716981	278947.3684210526
chr14	98545076	98545187	RNA4127	111	23	1.2801091226877177e-05	0.0	1.0	207207.2072072072
chr14	98545524	98545672	RNA4128	148	27	5.225912284205718e-05	0.0	1.0	182432.43243243243
chr14	98545567	98545757	RNA4129	190	35	0.005180591369441698	1.4698500308440998e-05	0.9714285714285714	184210.52631578947
chr14	98545966	98546114	RNA4130	148	36	9.79968611621492e-06	0.0	1.0	243243.24324324325
chr14	98616270	98616443	RNA4131	173	31	0.03120511635581586	0.0	0.967741935483871	179190.7514450867
chr14	98702876	98703049	RNA4132	173	45	0.01600587872728485	0.0	0.9777777777777777	260115.60693641615
chr14	98705949	98706122	RNA4133	173	35	0.009001165006962505	1.4698500308440998e-05	0.9714285714285714	202312.1387283237
chr14	98721352	98721525	RNA4134	173	39	0.025688221541946776	0.0	0.9487179487179487	225433.5260115607
chr14	98737349	98737522	RNA4135	173	37	0.02704212355404928	1.469590006308863e-05	0.972972972972973	213872.8323699422
chr14	98808687	98808860	RNA4136	173	39	0.00012706108578314215	1.469590006308863e-05	1.0	225433.5260115607
chr14	98846451	98846599	RNA4137	148	27	0.0002106748233253826	1.4698999621032272e-05	1.0	182432.43243243243
chr14	98853138	98853234	RNA4138	96	19	0.00042468902273340713	1.4697699953103438e-05	1.0	197916.66666666666
chr14	99144898	99145997	RNA4139	1099	206	0.012916234076761362	0.0	0.9805825242718447	187443.13011828935
chr14	99154105	99154295	RNA4140	190	26	0.0032969655876513545	7.356599780905526e-06	0.9615384615384616	136842.1052631579
chr14	99640945	99641744	RNA4141	799	68	1.86655161354891e-05	0.0	1.0	85106.3829787234
chr14	99642397	99642570	RNA4142	171	40	0.006309539886865419	7.348200142587302e-06	0.975	233918.12865497076
chr14	99958322	99959633	RNA4143	1309	137	0.0073710720461395846	0.0	0.9927007299270073	104660.04583651642
chr14	99966824	99967112	RNA4144	288	44	0.040956397390800696	1.4700700376124589e-05	0.9545454545454546	152777.77777777778
chr14	100531752	100532931	RNA4145	1179	252	0.010284880222978618	1.4696150174131617e-05	0.9841269841269841	213740.45801526718
chr14	100532997	100533117	RNA4146	120	18	1.0614933317911993e-05	0.0	1.0	150000.0
chr14	100534661	100534842	RNA4147	181	40	0.025024261265025417	0.0	0.975	220994.47513812155
chr14	100656884	100657013	RNA4148	129	37	0.0014843989016741453	1.469549988541985e-05	0.972972972972973	286821.7054263566
chr14	100740349	100741660	RNA4149	1293	233	0.003640899917873305	0.0	0.9914163090128756	180201.08275328693
chr14	100741527	100742838	RNA4150	1311	234	0.025162294832563586	7.347300197579898e-06	0.9572649572649573	178489.70251716248
chr14	100741804	100743115	RNA4151	1311	255	0.020500897101702123	0.0	0.9647058823529412	194508.0091533181
chr14	101041462	101042773	RNA4152	1311	274	0.00754708637769198	1.469509970775107e-05	0.9927007299270073	209000.76277650648
chr14	101041464	101042775	RNA4153	1311	272	0.007602525617969867	1.469509970775107e-05	0.9926470588235294	207475.2097635393
chr14	101041530	101041818	RNA4154	288	67	0.03005939835308179	0.0	0.9701492537313433	232638.8888888889
chr14	101041591	101042902	RNA4155	1311	282	0.007367121995952694	7.347300197579898e-06	0.9929078014184397	215102.9748283753
chr14	101041692	101042530	RNA4156	838	176	0.005994628175063673	1.4696799553348685e-05	0.9943181818181818	210023.8663484487
chr14	101113329	101113617	RNA4157	288	69	0.02900724063503098	1.4697699953103438e-05	0.9710144927536232	239583.33333333334
chr14	101115861	101116149	RNA4158	286	71	0.05048331416517766	0.0	0.8873239436619719	248251.74825174824
chr14	101127143	101127431	RNA4159	288	67	0.00347925776517133	0.0	0.9850746268656716	232638.8888888889
chr14	101127264	101127552	RNA4160	288	61	0.00704655410064318	1.4696799553348685e-05	0.9672131147540983	211805.55555555556
chr14	101218996	101219284	RNA4161	288	70	0.01819261846597198	1.469764993089484e-05	0.9571428571428572	243055.55555555556
chr14	101305487	101305780	RNA4162	293	66	3.275248007577319e-05	1.4698549875902245e-05	1.0	225255.97269624574
chr14	101338017	101338198	RNA4163	181	23	0.0019357343239987407	1.4697199731017465e-05	1.0	127071.8232044199
chr14	101381469	101381650	RNA4164	177	27	1.4334163097373676e-05	0.0	1.0	152542.37288135593
chr14	101402457	101402638	RNA4165	181	41	0.024406377375404503	1.469509970775107e-05	0.975609756097561	226519.3370165746
chr14	101928014	101928195	RNA4166	181	44	3.9076363009369665e-05	0.0	1.0	243093.92265193368
chr14	101928237	101928418	RNA4167	181	26	0.04240683547322987	0.0	0.9230769230769231	143646.408839779
chr14	101928555	101929866	RNA4168	1311	267	0.008574635228068016	1.469549988541985e-05	0.9850187265917603	203661.32723112128
chr14	101929917	101930098	RNA4169	181	36	0.0002813381966259629	0.0	1.0	198895.02762430938
chr14	101932249	101932447	RNA4170	198	71	0.02454039727043391	1.4699399798701052e-05	0.9577464788732394	358585.85858585854
chr14	102077993	102078281	RNA4171	288	85	0.011795902610356271	1.4715000361320564e-05	0.9882352941176471	295138.8888888889
chr14	102078936	102079236	RNA4172	300	88	7.186046346676644e-05	1.4698300219606608e-05	1.0	293333.3333333333
chr14	102316645	102316756	RNA4173	111	18	9.802050095054761e-06	0.0	1.0	162162.16216216216
chr14	102514912	102515093	RNA4174	181	39	0.003176761828492596	0.0	0.9487179487179487	215469.61325966852
chr14	102914914	102915062	RNA4175	148	44	0.02284855310195284	1.4696799553348685e-05	0.9772727272727273	297297.29729729734
chr14	103075779	103076079	RNA4176	300	94	0.0008208485087863552	1.4700500287290199e-05	1.0	313333.3333333334
chr14	103115051	103115351	RNA4177	300	55	2.9663570934312408e-05	0.0	1.0	183333.3333333333
chr14	103115600	103115900	RNA4178	300	64	0.03130168991903304	1.4701099644298664e-05	0.96875	213333.33333333334
chr14	103137510	103137810	RNA4179	300	63	0.01945711815189122	1.4696400285174605e-05	0.9523809523809523	210000.0
chr14	103138113	103138413	RNA4180	300	71	1.5122732357140047e-05	0.0	1.0	236666.66666666666
chr14	103143170	103144269	RNA4181	1086	224	0.01360244125531754	1.4697199731017465e-05	0.9776785714285714	206261.51012891345
chr14	103143705	103143895	RNA4182	190	31	0.0005070104144256324	1.4697199731017465e-05	1.0	163157.8947368421
chr14	103192968	103193268	RNA4183	300	65	0.03438001161160243	1.4698500308440998e-05	0.9538461538461539	216666.6666666667
chr14	103524204	103524377	RNA4184	173	33	0.030322618829841573	0.0	0.9696969696969697	190751.44508670518
chr14	104054646	104055745	RNA4185	1099	207	0.005022685707611861	1.4696799553348685e-05	0.9951690821256038	188353.04822565967
chr14	104124014	104125113	RNA4186	1099	177	0.0175773598649167	1.4696799553348685e-05	0.9774011299435028	161055.5050045496
chr14	104124711	104125011	RNA4187	300	60	0.034843512291672596	1.4697699953103438e-05	0.95	200000.0
chr14	104128620	104129719	RNA4188	1080	170	0.008906220461459963	1.4698500308440998e-05	0.9823529411764705	157407.40740740742
chr14	104182722	104183821	RNA4189	1097	238	0.0034610610749866767	1.4697900041937828e-05	0.9915966386554622	216955.33272561533
chr14	104183659	104184758	RNA4190	1083	264	0.009963150898570482	0.0	0.9848484848484849	243767.3130193906
chr14	104219473	104220572	RNA4191	1088	289	0.008247407791751824	1.4697699953103438e-05	0.9826989619377162	265625.0
chr14	104912671	104913509	RNA4192	834	134	0.008440110579939033	1.469569997425424e-05	0.9850746268656716	160671.4628297362
chr14	105139021	105140120	RNA4193	1091	248	0.015278056703477299	1.4698749964736635e-05	0.9838709677419355	227314.39046746105
chr14	105207010	105207303	RNA4194	293	72	2.431150279688593e-05	0.0	1.0	245733.78839590444
chr14	105483656	105483854	RNA4195	198	0				0.0
chr14	105515054	105515347	RNA4196	291	0				0.0
chr14	105515207	105516045	RNA4197	838	0				0.0
chr14	105515593	105516904	RNA4198	1311	0				0.0
chr14	105517653	105518491	RNA4199	838	0				0.0
chr14	105518898	105519096	RNA4200	198	0				0.0
chr14	105521187	105522025	RNA4201	616	0				0.0
chr14	105523880	105524173	RNA4202	293	0				0.0
chr14	105523993	105524191	RNA4203	198	0				0.0
chr14	105524602	105524800	RNA4204	198	0				0.0
chr14	105524732	105525020	RNA4205	288	0				0.0
chr14	105525881	105526174	RNA4206	293	0				0.0
chr14	105526291	105526472	RNA4207	181	0				0.0
chr14	106878012	106878305	RNA4208	293	0				0.0
chr14	106878099	106878297	RNA4209	198	0				0.0
chr14	106878130	106878423	RNA4210	293	0				0.0
chr14	106878333	106879171	RNA4211	838	0				0.0
chr14	106878357	106879195	RNA4212	838	0				0.0
chr14	106878723	106879561	RNA4213	836	0				0.0
chr14	106878898	106879096	RNA4214	198	0				0.0
chr14	106879008	106879301	RNA4215	291	0				0.0
chr14	106879174	106879372	RNA4216	196	0				0.0
chr15	18985643	18985752	RNA4217	0	0				
chr15	19565197	19565361	RNA4218	0	0				
chr15	19789153	19789481	RNA4219	0	0				
chr15	20148502	20149473	RNA4220	971	0				0.0
chr15	20149068	20149550	RNA4221	482	0				0.0
chr15	20592698	20592790	RNA4222	92	0				0.0
chr15	20834222	20834550	RNA4223	328	9	0.09344890988864386	1.5073400390974712e-05	0.8888888888888888	27439.024390243903
chr15	20908767	20909249	RNA4224	0	0				
chr15	20912918	20913400	RNA4225	0	0				
chr15	20913084	20913412	RNA4226	0	0				
chr15	20915440	20915768	RNA4227	0	4	4.828082455787808e-05	4.145234925090335e-05	1.0	
chr15	20915853	20916335	RNA4228	0	5	0.00013117189955664428	5.189410148886964e-05	1.0	
chr15	21058510	21058992	RNA4229	192	0				0.0
chr15	21059283	21059765	RNA4230	255	0				0.0
chr15	21060477	21060805	RNA4231	328	0				0.0
chr15	21060512	21060840	RNA4232	328	0				0.0
chr15	21090595	21090923	RNA4233	0	0				
chr15	21117682	21117891	RNA4234	209	0				0.0
chr15	21155574	21156056	RNA4235	0	0				
chr15	21405016	21405108	RNA4236	0	1	0.0	0.0	1.0	
chr15	21405028	21405120	RNA4237	0	1	0.0	0.0	1.0	
chr15	21405101	21405193	RNA4238	0	3	5.167323494485269e-05	6.766820297343656e-05	1.0	
chr15	21843875	21843967	RNA4239	0	0				
chr15	21844939	21845031	RNA4240	0	0				
chr15	21845151	21845243	RNA4241	0	0				
chr15	21946675	21947003	RNA4242	0	16	3.932012509721603e-05	2.7917500119656324e-05	1.0	
chr15	21949676	21950158	RNA4243	0	23	0.043560308323598605	4.10745014960412e-05	0.9565217391304348	
chr15	22159523	22159820	RNA4244	0	0				
chr15	22486582	22486674	RNA4245	92	16	2.4476718863297208e-05	0.0	1.0	173913.04347826086
chr15	23138424	23138533	RNA4246	0	0				
chr15	23561881	23562045	RNA4247	164	0				0.0
chr15	23865358	23865467	RNA4248	109	9	3.434185590675757e-05	1.4710200048284603e-05	1.0	82568.80733944954
chr15	23905736	23905900	RNA4249	164	36	0.01707579280337591	0.0	0.9722222222222222	219512.19512195123
chr15	23906531	23907502	RNA4250	970	213	0.009581024442461923	0.0	0.9765258215962441	219587.62886597938
chr15	23906650	23906814	RNA4251	164	36	9.390069458782415e-06	0.0	1.0	219512.19512195123
chr15	23907731	23907840	RNA4252	109	25	6.467155853896716e-05	0.0	1.0	229357.79816513762
chr15	23908103	23908212	RNA4253	109	22	0.011721524861100487	0.0	0.9545454545454546	201834.86238532112
chr15	23908280	23909251	RNA4254	963	137	0.007585377411553956	0.0	0.9854014598540146	142263.75908618898
chr15	23908846	23909817	RNA4255	963	20	1.4860889859845161e-05	7.348849976551719e-06	1.0	20768.431983385257
chr15	23909623	23909787	RNA4256	164	0				0.0
chr15	23910021	23910992	RNA4257	971	0				0.0
chr15	25580216	25580325	RNA4258	109	20	0.0322028863110063	1.4698950053571025e-05	0.95	183486.2385321101
chr15	25580245	25580409	RNA4259	164	33	0.019520910885396668	1.4697199731017465e-05	0.9696969696969697	201219.51219512196
chr15	25580361	25580570	RNA4260	209	38	0.010494275463746526	0.0	0.9736842105263158	181818.18181818182
chr15	25580468	25580577	RNA4261	109	18	1.3882955803031413e-05	0.0	1.0	165137.6146788991
chr15	25580657	25580821	RNA4262	164	29	1.1152403485852872e-05	1.4698100130772218e-05	1.0	176829.26829268291
chr15	25580734	25580898	RNA4263	164	20	7.349614998020116e-06	0.0	1.0	121951.21951219512
chr15	25580735	25580844	RNA4264	109	15	7.839773328062923e-06	0.0	1.0	137614.6788990826
chr15	25580801	25580910	RNA4265	109	14	0.014170792576286267	0.0	0.9285714285714286	128440.36697247707
chr15	25582725	25583696	RNA4266	971	32	3.078405291034658e-05	7.349499810516136e-06	1.0	32955.7157569516
chr15	25588038	25588202	RNA4267	164	0				0.0
chr15	25589926	25590897	RNA4268	971	0				0.0
chr15	25593846	25594817	RNA4269	966	186	0.002098290496545109	0.0	0.9946236559139785	192546.58385093167
chr15	25877828	25878310	RNA4270	482	75	0.0003017307113623191	1.4697199731017465e-05	1.0	155601.65975103734
chr15	25887436	25887764	RNA4271	328	66	0.020597908960112495	0.0	0.9696969696969697	201219.51219512196
chr15	26054923	26055132	RNA4272	209	44	1.069027507582909e-05	0.0	1.0	210526.31578947368
chr15	26083554	26083763	RNA4273	209	48	0.03235475100901415	1.4697199731017465e-05	0.9583333333333334	229665.07177033494
chr15	26084646	26084855	RNA4274	209	46	0.019138538957122364	1.4704150089528412e-05	0.9782608695652174	220095.6937799043
chr15	26144556	26144765	RNA4275	209	47	0.0023721482764309963	1.4697199731017465e-05	0.9787234042553191	224880.38277511962
chr15	26145335	26145544	RNA4276	209	51	5.6200581639127985e-05	1.4696400285174605e-05	1.0	244019.13875598085
chr15	26148485	26149456	RNA4277	971	222	0.01716590938612753	1.469590006308863e-05	0.9774774774774775	228630.2780638517
chr15	26153167	26153464	RNA4278	297	50	0.02001381931193464	0.0	0.98	168350.16835016836
chr15	26244429	26244638	RNA4279	208	48	0.003677118125096964	7.347300197579898e-06	0.9583333333333334	230769.23076923078
chr15	26542192	26542284	RNA4280	92	11	2.271777215023999e-05	0.0	1.0	119565.21739130435
chr15	26970471	26970768	RNA4281	297	46	0.019430331560966883	1.4696149719384266e-05	0.9782608695652174	154882.15488215486
chr15	26970812	26971021	RNA4282	209	52	0.017234594386344233	1.4699199709866662e-05	0.9807692307692307	248803.82775119616
chr15	26970820	26971117	RNA4283	297	73	0.012282951224521749	1.4699399798701052e-05	0.9863013698630136	245791.24579124578
chr15	26970842	26971139	RNA4284	297	73	0.012237448357304294	1.4699399798701052e-05	0.9863013698630136	245791.24579124578
chr15	27633060	27633370	RNA4285	310	70	0.008009706333619495	0.0	0.9571428571428572	225806.4516129032
chr15	27649469	27649766	RNA4286	297	50	0.008499154614710274	1.4697699953103438e-05	0.98	168350.16835016836
chr15	27653037	27653334	RNA4287	297	45	1.7636471016479233e-05	0.0	1.0	151515.15151515152
chr15	27655463	27655760	RNA4288	297	150	0.05476792296147323	1.4696799553348685e-05	0.9133333333333333	505050.5050505051
chr15	28104400	28104697	RNA4289	297	81	5.063164666981633e-05	0.0	1.0	272727.2727272727
chr15	28323708	28323803	RNA4290	0	0				
chr15	28879439	28879548	RNA4291	109	27	0.00102293974264789	1.469509970775107e-05	1.0	247706.42201834865
chr15	29574078	29574242	RNA4292	164	23	0.00013420574020488578	0.0	1.0	140243.90243902442
chr15	30077329	30078300	RNA4293	971	0				0.0
chr15	30889528	30889737	RNA4294	208	49	0.00032166781446513036	1.485089978814358e-05	1.0	235576.92307692306
chr15	31474239	31474549	RNA4295	310	67	0.0037064967976886054	1.4696799553348685e-05	0.9850746268656716	216129.03225806452
chr15	31474888	31475185	RNA4296	294	60	0.005082056812852895	1.4750799891771749e-05	0.9833333333333333	204081.63265306124
chr15	32436289	32436384	RNA4297	95	0				0.0
chr15	32486603	32486913	RNA4298	310	0				0.0
chr15	32509888	32510198	RNA4299	0	0				
chr15	32512557	32512867	RNA4300	146	60	0.0004680849574469851	1.4713199561811052e-05	1.0	410958.904109589
chr15	32697321	32697631	RNA4301	310	52	2.7419317295701675e-05	0.0	1.0	167741.93548387097
chr15	32698634	32698944	RNA4302	310	36	1.6334389051230054e-05	0.0	1.0	116129.03225806452
chr15	32705639	32705949	RNA4303	310	50	0.00017228722394065172	0.0	1.0	161290.32258064515
chr15	33212930	33213077	RNA4304	147	40	0.04786790459540952	0.0	0.95	272108.84353741497
chr15	33213179	33213274	RNA4305	95	17	0.0035318638498103884	1.471110044803936e-05	0.9411764705882353	178947.36842105264
chr15	33284217	33284527	RNA4306	308	57	0.03408634021376967	0.0	0.9473684210526315	185064.93506493507
chr15	33286211	33286306	RNA4307	82	17	0.0014575058484136625	0.0	1.0	207317.0731707317
chr15	33287164	33287259	RNA4308	95	18	7.934368538068502e-05	0.0	1.0	189473.68421052632
chr15	34082370	34082465	RNA4309	95	10	1.4711549829371506e-05	7.357500180660282e-06	1.0	105263.15789473684
chr15	34082641	34082736	RNA4310	95	12	0.00011637368834271341	7.349250154220499e-06	1.0	126315.78947368421
chr15	34082875	34082970	RNA4311	95	13	9.048615398709304e-06	0.0	1.0	136842.1052631579
chr15	34358019	34358114	RNA4312	95	16	2.1130212701333125e-05	7.349699899350526e-06	1.0	168421.05263157893
chr15	36400782	36400902	RNA4313	120	29	0.004713560261577712	0.0	0.9310344827586207	241666.66666666666
chr15	37129998	37130322	RNA4314	324	64	0.015706540001957592	0.0	0.984375	197530.86419753084
chr15	37142576	37142723	RNA4315	147	29	1.1161062314478529e-05	0.0	1.0	197278.91156462586
chr15	37216949	37217259	RNA4316	310	48	0.02094206082976294	1.4700300198455809e-05	0.9791666666666666	154838.70967741936
chr15	37899957	37900104	RNA4317	147	36	0.001577843589807849	0.0	0.9722222222222222	244897.95918367346
chr15	37902973	37903120	RNA4318	147	23	8.309087009009723e-06	0.0	1.0	156462.5850340136
chr15	37903929	37904076	RNA4319	147	27	0.057242032699967374	0.0	0.8888888888888888	183673.46938775512
chr15	37909458	37909553	RNA4320	95	22	3.34018184069216e-06	0.0	1.0	231578.94736842104
chr15	38359311	38359458	RNA4321	147	39	0.01692486282774133	0.0	0.9743589743589743	265306.1224489796
chr15	38361120	38361267	RNA4322	147	17	6.054376439458472e-06	0.0	1.0	115646.25850340136
chr15	38361185	38361332	RNA4323	147	26	5.6547345803455055e-06	0.0	1.0	176870.74829931973
chr15	39560930	39561810	RNA4324	880	142	0.021164765571906885	0.0	0.9788732394366197	161363.63636363638
chr15	39561588	39561735	RNA4325	147	32	5.8788085055981484e-05	0.0	1.0	217687.07482993195
chr15	40277938	40278058	RNA4326	120	28	1.417444647293693e-05	1.4696800008096034e-05	1.0	233333.33333333334
chr15	40926392	40926716	RNA4327	324	89	0.0052926623310658	0.0	0.9887640449438202	274691.35802469135
chr15	41167276	41167396	RNA4328	120	33	0.017859422242619258	1.4862799616821576e-05	0.9696969696969697	275000.0
chr15	41282030	41282150	RNA4329	120	27	1.143339613918215e-05	1.4697199731017465e-05	1.0	225000.0
chr15	41282156	41282276	RNA4330	120	18	1.4703055209488114e-05	7.348849976551719e-06	1.0	150000.0
chr15	41515642	41515762	RNA4331	120	21	8.398947535343246e-06	0.0	1.0	175000.0
chr15	41516121	41516241	RNA4332	120	0				0.0
chr15	41516691	41516811	RNA4333	120	19	1.5478447302915522e-05	1.4699399798701052e-05	1.0	158333.3333333333
chr15	41773518	41773842	RNA4334	324	58	0.0003996015200378801	1.4699399798701052e-05	1.0	179012.34567901233
chr15	41773916	41774240	RNA4335	324	76	0.004660371939519933	0.0	0.9868421052631579	234567.9012345679
chr15	41774041	41774365	RNA4336	324	79	0.003869405251194458	1.4696799553348685e-05	0.9873417721518988	243827.16049382716
chr15	42052713	42053037	RNA4337	321	67	0.004670351223372125	1.4696799553348685e-05	0.9850746268656716	208722.74143302182
chr15	42052922	42053246	RNA4338	324	65	0.0176340892540723	0.0	0.9692307692307692	200617.28395061727
chr15	42053600	42053924	RNA4339	324	46	0.0020030486548816753	0.0	0.9782608695652174	141975.3086419753
chr15	42157869	42157989	RNA4340	120	29	0.0007293716612209682	0.0	1.0	241666.66666666666
chr15	42925585	42925693	RNA4341	108	20	5.301687424434545e-05	1.4703299711982254e-05	1.0	185185.18518518517
chr15	42930941	42931265	RNA4342	324	61	3.542752120501325e-05	1.4696799553348685e-05	1.0	188271.6049382716
chr15	43226711	43226858	RNA4343	147	46	0.02176598165033283	1.4700900010211626e-05	0.9782608695652174	312925.1700680272
chr15	43590900	43591780	RNA4344	148	1	0.0	0.0	1.0	6756.756756756758
chr15	44197024	44197904	RNA4345	874	181	0.0034773131114461987	1.4699399798701052e-05	0.994475138121547	207093.82151029748
chr15	44199622	44200502	RNA4346	880	175	0.011314902257773998	1.469509970775107e-05	0.9885714285714285	198863.63636363635
chr15	44200728	44201608	RNA4347	880	183	0.005659808142247595	0.0	0.9836065573770492	207954.54545454544
chr15	44663747	44664627	RNA4348	880	199	0.00010453151160380283	1.4696799553348685e-05	1.0	226136.36363636365
chr15	44664110	44664990	RNA4349	880	196	0.00010260735784496834	1.4696799553348685e-05	1.0	222727.2727272727
chr15	44664715	44665595	RNA4350	880	198	0.015158718778857659	7.347549853875535e-06	0.9848484848484849	225000.0
chr15	45692170	45693050	RNA4351	880	178	0.05277487206209893	1.4697699953103438e-05	0.9325842696629213	202272.72727272726
chr15	45703270	45703378	RNA4352	108	17	0.031144433906346795	0.0	0.9411764705882353	157407.40740740742
chr15	45703415	45703535	RNA4353	120	24	0.01966284181673927	0.0	0.9583333333333334	200000.0
chr15	45703524	45703632	RNA4354	108	13	0.019631730245097196	0.0	0.9230769230769231	120370.37037037036
chr15	45703704	45703812	RNA4355	108	18	2.449836665618894e-05	0.0	1.0	166666.66666666666
chr15	45704072	45704180	RNA4356	108	22	0.026959257062902572	1.4705000012327218e-05	0.9090909090909091	203703.70370370368
chr15	45704205	45704529	RNA4357	323	75	0.014316630463096463	0.0	0.96	232198.14241486066
chr15	48362391	48362499	RNA4358	108	15	7.849393356688477e-06	0.0	1.0	138888.8888888889
chr15	48363252	48363360	RNA4359	108	18	8.986165069775375e-05	1.4696800008096034e-05	1.0	166666.66666666666
chr15	48363457	48363565	RNA4360	108	12	4.8995350577263625e-05	1.4699799976369832e-05	1.0	111111.11111111111
chr15	48821472	48821580	RNA4361	108	23	8.950295760650592e-06	0.0	1.0	212962.96296296298
chr15	49084315	49085195	RNA4362	880	158	0.019607270492214626	1.469724975322606e-05	0.9620253164556962	179545.45454545453
chr15	52113027	52113987	RNA4363	960	31	0.0004600020998153778	1.4699399798701052e-05	1.0	32291.66666666667
chr15	52798115	52798223	RNA4364	108	25	0.04001058210807969	0.0	0.96	231481.4814814815
chr15	53219947	53220464	RNA4365	517	118	0.02668648415738832	7.347100108745508e-06	0.9661016949152542	228239.84526112184
chr15	55745675	55746101	RNA4366	426	65	0.004371722382543687	0.0	0.9846153846153847	152582.15962441315
chr15	55823155	55824115	RNA4367	960	143	0.0034303043466807235	0.0	0.993006993006993	148958.33333333334
chr15	55824090	55825050	RNA4368	957	171	0.010222032058264992	1.4696799553348685e-05	0.9590643274853801	178683.38557993728
chr15	55824367	55825327	RNA4369	957	178	0.005348725973786975	1.469744984206045e-05	0.9775280898876404	185997.91013584117
chr15	55824988	55825948	RNA4370	960	179	0.010273273078519956	0.0	0.9832402234636871	186458.33333333334
chr15	57328289	57329249	RNA4371	960	242	0.026720900282319885	1.469549988541985e-05	0.9669421487603306	252083.3333333333
chr15	57333383	57333723	RNA4372	340	82	0.01221358472078397	0.0	0.9878048780487805	241176.4705882353
chr15	57334043	57335003	RNA4373	960	219	0.004762185624912649	1.4696400285174605e-05	0.9954337899543378	228125.0
chr15	57337939	57338456	RNA4374	517	123	9.371271163565058e-05	1.4697199731017465e-05	1.0	237911.02514506772
chr15	57346582	57347542	RNA4375	958	225	0.013711299358797582	0.0	0.9866666666666667	234864.30062630482
chr15	57350177	57350263	RNA4376	86	14	0.07144537124284918	1.4698099676024867e-05	0.9285714285714286	162790.69767441862
chr15	57917079	57917596	RNA4377	517	122	0.013970491765479383	0.0	0.9836065573770492	235976.7891682785
chr15	57921129	57921646	RNA4378	517	118	0.02201331440626406	1.4695749996462837e-05	0.9576271186440678	228239.84526112184
chr15	57943060	57944020	RNA4379	960	199	0.014436523172603003	0.0	0.9798994974874372	207291.6666666667
chr15	57943702	57944219	RNA4380	517	113	0.01712159956528857	1.469590006308863e-05	0.9734513274336283	218568.66537717602
chr15	58576417	58576934	RNA4381	517	102	0.0002489798805660971	0.0	1.0	197292.06963249514
chr15	58576898	58577415	RNA4382	501	123	0.0003236954383512052	1.4700700376124589e-05	1.0	245508.98203592814
chr15	58584288	58584805	RNA4383	517	93	0.021205195506554836	1.4697199731017465e-05	0.978494623655914	179883.94584139265
chr15	58762284	58762522	RNA4384	238	53	0.01888068196976232	1.4696400285174605e-05	0.9811320754716981	222689.0756302521
chr15	59103604	59104121	RNA4385	509	110	0.013289231969338285	7.348399776674342e-06	0.9818181818181818	216110.01964636543
chr15	59719028	59719454	RNA4386	426	106	0.014709542047649795	0.0	0.9811320754716981	248826.29107981222
chr15	60415812	60416238	RNA4387	423	65	0.024485957791218347	1.470200004405342e-05	0.9692307692307692	153664.30260047282
chr15	60416394	60416820	RNA4388	426	96	0.006029564926440872	1.469569997425424e-05	0.9895833333333334	225352.11267605633
chr15	60417189	60417615	RNA4389	426	104	0.01282392828214212	1.469549988541985e-05	0.9807692307692307	244131.45539906103
chr15	60417920	60418006	RNA4390	86	19	9.282373675408675e-06	1.469549988541985e-05	1.0	220930.23255813954
chr15	61230226	61230652	RNA4391	426	66	1.9374448432545872e-05	0.0	1.0	154929.57746478872
chr15	61232391	61232731	RNA4392	340	57	4.6929311952621264e-05	1.4696400285174605e-05	1.0	167647.0588235294
chr15	61233759	61234185	RNA4393	426	91	0.02997074087461742	0.0	0.967032967032967	213615.0234741784
chr15	61236670	61237096	RNA4394	397	77	0.013068418160767212	1.4729699614690617e-05	0.987012987012987	193954.65994962215
chr15	61264357	61264443	RNA4395	86	20	2.2082970190239954e-05	1.4711899893882219e-05	1.0	232558.13953488372
chr15	61271904	61271990	RNA4396	86	14	9.456028627547702e-06	1.4707999980601016e-05	1.0	162790.69767441862
chr15	61280693	61280779	RNA4397	86	20	1.322978496318683e-05	1.4697199731017465e-05	1.0	232558.13953488372
chr15	61828462	61828802	RNA4398	339	76	0.003664155448117714	1.4700300198455809e-05	0.9868421052631579	224188.79056047197
chr15	61828591	61828931	RNA4399	340	68	0.015000424673737993	0.0	0.9852941176470589	200000.0
chr15	61828691	61829031	RNA4400	340	58	0.01757174819839088	0.0	0.9827586206896551	170588.23529411765
chr15	61829133	61830093	RNA4401	960	197	0.01008327111685041	1.469549988541985e-05	0.9898477157360406	205208.3333333333
chr15	61829878	61829964	RNA4402	86	16	2.296771850751611e-05	1.4699150142405415e-05	1.0	186046.51162790696
chr15	61830760	61831186	RNA4403	426	106	0.007857680133100689	1.469509970775107e-05	0.9905660377358491	248826.29107981222
chr15	61831045	61831131	RNA4404	86	21	1.049866174677542e-05	0.0	1.0	244186.0465116279
chr15	61831226	61831312	RNA4405	86	19	0.1052730349521976	1.470159986638464e-05	0.8947368421052632	220930.23255813954
chr15	62063168	62063508	RNA4406	339	65	0.015534538838367615	0.0	0.9846153846153847	191740.41297935104
chr15	62077126	62077466	RNA4407	340	75	0.018128945776115863	1.4696400285174605e-05	0.96	220588.23529411765
chr15	62086939	62087279	RNA4408	340	74	0.005972178469668554	0.0	0.9864864864864865	217647.05882352943
chr15	62377215	62377453	RNA4409	230	43	1.2443872079995006e-05	0.0	1.0	186956.52173913043
chr15	63024390	63024476	RNA4410	86	19	0.006203693864144472	0.0	0.9473684210526315	220930.23255813954
chr15	63024854	63025023	RNA4411	169	39	0.003056903327421581	0.0	0.9743589743589743	230769.23076923078
chr15	63072038	63072555	RNA4412	517	88	0.000318511125091055	0.0	1.0	170212.7659574468
chr15	63074634	63074974	RNA4413	340	75	0.0028125717550453004	0.0	0.9866666666666667	220588.23529411765
chr15	63310907	63311145	RNA4414	237	48	2.092371475252132e-05	0.0	1.0	202531.64556962025
chr15	63311205	63311443	RNA4415	238	48	0.028857136130208492	0.0	0.9375	201680.67226890757
chr15	63313122	63313360	RNA4416	238	51	0.001824522936622799	0.0	0.9803921568627451	214285.71428571426
chr15	63605491	63605729	RNA4417	238	40	2.4619667942712156e-05	7.348849976551719e-06	1.0	168067.2268907563
chr15	63605614	63605852	RNA4418	238	39	0.013934719399563053	1.4698999621032272e-05	0.9743589743589743	163865.5462184874
chr15	63605989	63606227	RNA4419	238	54	1.3882038981844024e-05	0.0	1.0	226890.756302521
chr15	64686544	64686782	RNA4420	238	49	5.249717317066925e-05	1.4696400285174605e-05	1.0	205882.35294117645
chr15	64781277	64782154	RNA4421	867	180	0.011991868022000234	0.0	0.9833333333333333	207612.45674740482
chr15	65518898	65519324	RNA4422	421	66	0.0003113402614844407	0.0	1.0	156769.59619952494
chr15	66579867	66580242	RNA4423	375	60	0.012012674477485533	0.0	0.9666666666666667	160000.0
chr15	66700037	66700123	RNA4424	86	17	0.0002965777007107892	1.4698500308440998e-05	1.0	197674.41860465115
chr15	66830477	66830646	RNA4425	169	42	0.02580805817151919	1.4696150174131617e-05	0.9523809523809523	248520.7100591716
chr15	66972415	66972755	RNA4426	340	78	3.411309709031568e-05	0.0	1.0	229411.76470588235
chr15	67536363	67536532	RNA4427	168	34	2.860218295180781e-05	1.4710400137118995e-05	1.0	202380.9523809524
chr15	67537726	67537895	RNA4428	169	25	6.47122800728539e-06	0.0	1.0	147928.99408284025
chr15	67537777	67537946	RNA4429	169	24	9.806012523464839e-06	1.469984999857843e-05	1.0	142011.83431952662
chr15	67883674	67883843	RNA4430	169	37	0.029397312278986745	1.4697199731017465e-05	0.9459459459459459	218934.91124260356
chr15	67885337	67885506	RNA4431	169	30	0.003071211463793585	0.0	0.9666666666666667	177514.79289940826
chr15	67929697	67929866	RNA4432	169	42	0.020594436618878158	1.4734499927726574e-05	0.9523809523809523	248520.7100591716
chr15	68432775	68433652	RNA4433	850	147	0.009757187329051037	1.4697199731017465e-05	0.9863945578231292	172941.17647058822
chr15	68564831	68565069	RNA4434	238	40	0.0006201937597324978	0.0	1.0	168067.2268907563
chr15	68768501	68768670	RNA4435	169	39	0.026066817310493207	0.0	0.9487179487179487	230769.23076923078
chr15	69067583	69067715	RNA4436	132	18	1.0616766556065866e-05	7.348399776674342e-06	1.0	136363.63636363635
chr15	69156439	69157316	RNA4437	877	171	0.006192326527355239	1.469509970775107e-05	0.9824561403508771	194982.8962371722
chr15	69157298	69158175	RNA4438	877	151	0.005323065356702459	0.0	0.9801324503311258	172177.87913340935
chr15	69159416	69160293	RNA4439	877	122	1.3012541792881128e-05	0.0	1.0	139110.60433295325
chr15	69449629	69450506	RNA4440	877	140	0.021626833678036358	1.4698100130772218e-05	0.9714285714285714	159635.1197263398
chr15	69450652	69451529	RNA4441	877	164	0.012322045111570729	0.0	0.9878048780487805	187001.14025085518
chr15	69450714	69451591	RNA4442	877	163	0.012396917949071353	0.0	0.9877300613496932	185860.88939566707
chr15	70106849	70107224	RNA4443	375	80	0.001647508842199839	0.0	0.975	213333.33333333334
chr15	70599761	70600638	RNA4444	876	109	0.009337068405571749	1.469549988541985e-05	0.9908256880733946	124429.22374429223
chr15	71095811	71096186	RNA4445	305	80	0.03794451604671848	0.0	0.9625	262295.08196721313
chr15	71095859	71096234	RNA4446	305	81	0.02512735043875844	0.0	0.9753086419753086	265573.77049180324
chr15	71096191	71096566	RNA4447	375	77	0.001989175295338178	1.4698500308440998e-05	0.987012987012987	205333.33333333334
chr15	71791068	71791443	RNA4448	375	72	0.00869126987314909	0.0	0.9861111111111112	192000.0
chr15	71791520	71791895	RNA4449	375	69	0.014491263685250898	0.0	0.9855072463768116	184000.0
chr15	71791687	71792062	RNA4450	375	72	0.0003932150450635959	7.348200142587302e-06	1.0	192000.0
chr15	71791795	71792170	RNA4451	375	72	0.00046833263350738854	7.348200142587302e-06	1.0	192000.0
chr15	72642127	72642320	RNA4452	0	0				
chr15	72814527	72814696	RNA4453	169	29	6.588655196537729e-06	0.0	1.0	171597.63313609466
chr15	72926188	72926320	RNA4454	132	18	5.2272998800615285e-05	0.0	1.0	136363.63636363635
chr15	73811191	73811323	RNA4455	132	25	2.2452943994721308e-05	0.0	1.0	189393.9393939394
chr15	73889882	73890014	RNA4456	132	17	5.1890176430734915e-06	0.0	1.0	128787.87878787878
chr15	73894274	73894406	RNA4457	132	27	0.01414101116696892	0.0	0.9629629629629629	204545.45454545456
chr15	73953176	73953308	RNA4458	132	24	4.4721725240976636e-05	1.4702849966852227e-05	1.0	181818.18181818182
chr15	73955209	73955341	RNA4459	131	17	0.002178823408939926	1.5233699741656892e-05	1.0	129770.9923664122
chr15	74047993	74048125	RNA4460	132	27	0.02862794663222437	1.4699799976369832e-05	0.9629629629629629	204545.45454545456
chr15	74402199	74403076	RNA4461	877	158	0.0013326663678227193	0.0	0.9936708860759493	180159.63511972636
chr15	74918298	74918430	RNA4462	132	25	1.0001155897043645e-05	0.0	1.0	189393.9393939394
chr15	75902240	75902615	RNA4463	375	90	4.6407622772266636e-05	1.4697900041937828e-05	1.0	240000.0
chr15	76907563	76907756	RNA4464	193	37	0.000692026563843382	1.4813899724686053e-05	1.0	191709.84455958547
chr15	77554754	77554947	RNA4465	193	33	0.0005180975942053085	1.4704999557579868e-05	1.0	170984.45595854922
chr15	77555911	77556104	RNA4466	193	33	0.00011448423017347698	0.0	1.0	170984.45595854922
chr15	77556741	77556934	RNA4467	193	38	0.0691073692386166	1.469590006308863e-05	0.8947368421052632	196891.19170984457
chr15	77820968	77821252	RNA4468	284	56	0.025470710329289298	0.0	0.9464285714285714	197183.0985915493
chr15	77821450	77821643	RNA4469	193	45	0.024328281123921942	1.469509970775107e-05	0.9555555555555556	233160.62176165803
chr15	77822269	77822462	RNA4470	193	39	0.0013742022949885797	1.469549988541985e-05	0.9743589743589743	202072.5388601036
chr15	77822717	77822910	RNA4471	193	42	1.1900097606916452e-05	0.0	1.0	217616.58031088082
chr15	78623584	78623777	RNA4472	193	38	1.4311871214692974e-05	0.0	1.0	196891.19170984457
chr15	78920493	78920625	RNA4473	131	3	5.355943358153911e-05	2.42670994339278e-05	1.0	22900.763358778626
chr15	82017364	82017648	RNA4474	284	52	0.00021904876559976228	0.0	1.0	183098.5915492958
chr15	82531152	82531345	RNA4475	193	0				0.0
chr15	82714124	82714408	RNA4476	284	58	1.6221000178433006e-05	0.0	1.0	204225.35211267608
chr15	82715058	82715342	RNA4477	284	49	0.004499335493257637	1.4697699953103438e-05	0.9795918367346939	172535.21126760563
chr15	82715578	82715862	RNA4478	284	59	2.4647536982658236e-05	1.4696799553348685e-05	1.0	207746.47887323945
chr15	82836130	82836414	RNA4479	284	65	1.288833212199095e-05	0.0	1.0	228873.2394366197
chr15	82836218	82836502	RNA4480	284	63	0.00012903654346917178	0.0	1.0	221830.98591549296
chr15	82836516	82836800	RNA4481	284	65	2.622729203161982e-05	0.0	1.0	228873.2394366197
chr15	83653287	83653571	RNA4482	284	76	0.01318119982742198	0.0	0.9868421052631579	267605.63380281685
chr15	85151227	85151995	RNA4483	763	260	0.013797044348509112	1.4701349755341653e-05	0.9807692307692307	340760.15727391874
chr15	85799944	85800534	RNA4484	590	121	0.008219791140092171	0.0	0.9752066115702479	205084.74576271186
chr15	85955644	85955802	RNA4485	158	34	1.4266911768891124e-05	0.0	1.0	215189.87341772154
chr15	86040381	86040499	RNA4486	118	28	0.00012018666750788854	1.4695949630549876e-05	1.0	237288.13559322036
chr15	86046975	86047259	RNA4487	283	65	0.01085308440215158	1.4698500308440998e-05	0.9846153846153847	229681.97879858656
chr15	89019243	89020011	RNA4488	768	174	0.012719235503111078	0.0	0.9770114942528736	226562.5
chr15	89020199	89020447	RNA4489	248	60	0.001456095296801624	1.469764993089484e-05	0.9833333333333333	241935.48387096776
chr15	89663428	89664018	RNA4490	267	23	1.6089052065659202e-05	0.0	1.0	86142.32209737827
chr15	89952612	89953380	RNA4491	768	157	0.006516015147128059	1.4698100130772218e-05	0.9936305732484076	204427.08333333334
chr15	89970100	89970258	RNA4492	158	42	0.023170180816578064	0.0	0.9761904761904762	265822.7848101266
chr15	89996614	89997382	RNA4493	768	146	0.006945911851981028	1.4695250229124213e-05	0.9931506849315068	190104.16666666666
chr15	89999388	90000156	RNA4494	768	156	0.0007809956390211956	7.348200142587302e-06	0.9935897435897436	203125.0
chr15	90000228	90000346	RNA4495	118	32	0.030393823311356972	1.4698950053571025e-05	0.96875	271186.4406779661
chr15	90138296	90139064	RNA4496	768	140	0.0021530357175184394	0.0	0.9928571428571429	182291.66666666666
chr15	90138453	90139221	RNA4497	768	145	0.0062385787290873684	1.469509970775107e-05	0.9793103448275862	188802.08333333334
chr15	90138463	90139231	RNA4498	768	145	0.0062387815035655275	1.469509970775107e-05	0.9793103448275862	188802.08333333334
chr15	90502654	90502924	RNA4499	270	72	0.009525817882680105	0.0	0.9722222222222222	266666.6666666667
chr15	90526561	90527151	RNA4500	582	0				0.0
chr15	90528861	90529451	RNA4501	590	120	8.342065946180455e-05	1.469549988541985e-05	1.0	203389.83050847458
chr15	90528927	90529517	RNA4502	590	126	8.201499003772277e-05	1.469549988541985e-05	1.0	213559.3220338983
chr15	90816446	90816604	RNA4503	158	31	0.04244612831570844	0.0	0.9354838709677419	196202.5316455696
chr15	90817115	90817273	RNA4504	158	25	1.6465191911264897e-05	1.4698500308440998e-05	1.0	158227.84810126584
chr15	90817643	90818233	RNA4505	590	106	0.01190899132359605	1.4697900041937828e-05	0.9716981132075472	179661.01694915254
chr15	90817752	90818342	RNA4506	590	109	0.011583029582460755	1.4697699953103438e-05	0.9724770642201835	184745.7627118644
chr15	90817836	90817994	RNA4507	158	34	0.002152425989259101	0.0	0.9705882352941176	215189.87341772154
chr15	90818153	90818743	RNA4508	590	116	0.005554876587705712	1.4696799553348685e-05	0.9655172413793104	196610.16949152542
chr15	90868065	90868183	RNA4509	118	24	9.675835390982839e-05	0.0	1.0	203389.83050847458
chr15	90868072	90868190	RNA4510	118	23	9.521263014586441e-05	0.0	1.0	194915.25423728814
chr15	90868182	90868300	RNA4511	118	19	4.796353258777147e-05	0.0	1.0	161016.94915254237
chr15	91037022	91037140	RNA4512	77	0				0.0
chr15	91037370	91037528	RNA4513	158	0				0.0
chr15	91038562	91038720	RNA4514	158	22	0.04559421372447436	1.4698349787067855e-05	0.9545454545454546	139240.5063291139
chr15	91040181	91040299	RNA4515	118	15	0.006543859473943782	1.4699799976369832e-05	0.9333333333333333	127118.6440677966
chr15	91045275	91045433	RNA4516	158	29	0.04942783308041694	1.469549988541985e-05	0.9310344827586207	183544.30379746837
chr15	91079418	91080186	RNA4517	768	144	0.007071306784698409	0.0	0.9930555555555556	187500.0
chr15	91094329	91094447	RNA4518	118	26	2.7716595783343504e-05	1.4702649878017837e-05	1.0	220338.98305084746
chr15	91657531	91658121	RNA4519	590	95	0.00032490659746384036	1.4694600395159796e-05	1.0	161016.94915254237
chr15	91781476	91781637	RNA4520	161	32	7.349343832174782e-06	0.0	1.0	198757.76397515528
chr15	91797439	91797597	RNA4521	158	18	3.51121279891183e-05	0.0	1.0	113924.05063291139
chr15	91799670	91799788	RNA4522	118	28	0.035694342804552956	0.0	0.9642857142857143	237288.13559322036
chr15	92372595	92372825	RNA4523	230	47	0.021288796080896528	0.0	0.9787234042553191	204347.82608695654
chr15	92811840	92812088	RNA4524	248	51	8.850709018944802e-05	0.0	1.0	205645.1612903226
chr15	93028153	93028401	RNA4525	248	64	0.01868058201898748	0.0	0.96875	258064.51612903224
chr15	93028244	93028492	RNA4526	248	52	0.003752802929301861	0.0	0.9807692307692307	209677.41935483873
chr15	93028670	93028918	RNA4527	248	73	0.055270292660243775	1.4696400285174605e-05	0.9452054794520548	294354.83870967745
chr15	94111690	94111927	RNA4528	237	32	0.03239317309169109	0.0	0.96875	135021.0970464135
chr15	94112975	94113223	RNA4529	248	45	0.0001212512627615867	0.0	1.0	181451.61290322582
chr15	94115777	94116025	RNA4530	248	54	2.9409203829408002e-05	0.0	1.0	217741.93548387097
chr15	94118488	94118736	RNA4531	248	37	0.007918238277975555	0.0	0.972972972972973	149193.5483870968
chr15	94217083	94217353	RNA4532	270	51	0.0004025636146038421	1.4705899957334624e-05	1.0	188888.88888888888
chr15	94797291	94798059	RNA4533	768	135	4.672514931169124e-05	0.0	1.0	175781.25
chr15	94797408	94797678	RNA4534	270	43	3.1799953788763496e-05	0.0	1.0	159259.25925925927
chr15	94797726	94797974	RNA4535	248	40	2.279937536968351e-05	0.0	1.0	161290.32258064515
chr15	94801249	94801519	RNA4536	270	49	2.1611741097009898e-05	1.47024002217222e-05	1.0	181481.4814814815
chr15	94806195	94806465	RNA4537	270	60	0.00017539078374586827	0.0	1.0	222222.22222222222
chr15	95522462	95522732	RNA4538	270	50	1.7934300140038204e-05	0.0	1.0	185185.18518518517
chr15	95527838	95528428	RNA4539	590	141	0.00019307289418349347	0.0	1.0	238983.05084745763
chr15	95528939	95529209	RNA4540	270	52	4.240126998830832e-05	1.4697199731017465e-05	1.0	192592.59259259258
chr15	95533488	95533758	RNA4541	270	75	2.2931238502978785e-05	1.4697199731017465e-05	1.0	277777.7777777778
chr15	95928701	95928859	RNA4542	158	33	2.5386605805330075e-05	0.0	1.0	208860.7594936709
chr15	95929622	95929783	RNA4543	161	36	0.00015556845028185903	0.0	1.0	223602.4844720497
chr15	95929732	95929850	RNA4544	118	29	0.00020579400461428568	0.0	1.0	245762.7118644068
chr15	95930552	95930710	RNA4545	158	39	3.316798947940578e-05	0.0	1.0	246835.4430379747
chr15	96340342	96340572	RNA4546	230	49	9.000028568356802e-06	0.0	1.0	213043.47826086957
chr15	96340913	96341183	RNA4547	270	94	0.004445556687129434	1.4698999621032272e-05	0.9893617021276596	348148.14814814815
chr15	96487072	96487233	RNA4548	161	17	3.112934171119265e-05	1.4697199731017465e-05	1.0	105590.06211180125
chr15	96487588	96487749	RNA4549	161	24	0.007012877166213603	1.4699799976369832e-05	0.9583333333333334	149068.32298136645
chr15	96489123	96489284	RNA4550	161	22	1.0689563706281744e-05	0.0	1.0	136645.96273291926
chr15	96898648	96898809	RNA4551	157	37	4.249515982460257e-05	1.4782400285184847e-05	1.0	235668.7898089172
chr15	96901767	96901928	RNA4552	161	36	1.3475214068924056e-05	0.0	1.0	223602.4844720497
chr15	96903436	96903597	RNA4553	161	37	0.027048082362115738	1.4696400285174605e-05	0.972972972972973	229813.66459627327
chr15	97043922	97044152	RNA4554	230	40	3.343473017593724e-05	0.0	1.0	173913.04347826086
chr15	97044637	97044867	RNA4555	229	48	0.020872335137312344	1.4716300029249396e-05	0.9791666666666666	209606.98689956332
chr15	97051516	97051746	RNA4556	230	38	2.088705519111088e-05	0.0	1.0	165217.3913043478
chr15	97054884	97055121	RNA4557	237	37	3.734720037853254e-05	1.4698500308440998e-05	1.0	156118.14345991562
chr15	97875678	97875908	RNA4558	230	21	0.02409607167802668	1.4698500308440998e-05	0.9523809523809523	91304.34782608696
chr15	97875958	97876188	RNA4559	230	58	0.027231533806335733	1.4698749964736635e-05	0.9655172413793104	252173.91304347824
chr15	97875999	97876229	RNA4560	230	59	0.04370767418961388	1.4699799976369832e-05	0.9491525423728814	256521.7391304348
chr15	97876004	97876165	RNA4561	161	39	0.04047971149931329	1.4698999621032272e-05	0.9487179487179487	242236.02484472052
chr15	97910078	97910315	RNA4562	237	42	0.021221891128161155	1.4701550298923394e-05	0.9761904761904762	177215.18987341772
chr15	97914509	97914746	RNA4563	237	49	5.129311529696948e-05	1.4696799553348685e-05	1.0	206751.05485232067
chr15	97919818	97920055	RNA4564	237	44	0.0010585472763605921	1.4701800409966381e-05	1.0	185654.00843881856
chr15	98427332	98427569	RNA4565	237	54	0.014273501350797028	1.469569997425424e-05	0.9814814814814815	227848.10126582277
chr15	98429519	98429756	RNA4566	229	58	0.06055984933022798	1.4698100130772218e-05	0.9310344827586207	253275.10917030566
chr15	98429889	98430126	RNA4567	237	47	0.0017625352443149966	0.0	0.9787234042553191	198312.23628691983
chr15	98436399	98436629	RNA4568	230	45	5.197246211738877e-05	1.4700700376124589e-05	1.0	195652.1739130435
chr15	98624787	98625035	RNA4569	245	53	0.01931986089638022	1.4698100130772218e-05	0.9811320754716981	216326.5306122449
chr15	99459828	99460065	RNA4570	237	46	0.004242936579766647	1.4699199709866662e-05	0.9782608695652174	194092.8270042194
chr15	99782104	99782374	RNA4571	270	46	1.9173691508391724e-05	1.469549988541985e-05	1.0	170370.37037037036
chr15	99789215	99789373	RNA4572	158	25	3.351342475070567e-05	0.0	1.0	158227.84810126584
chr15	100715210	100715368	RNA4573	158	36	0.0002739643471411669	1.4696150174131617e-05	1.0	227848.10126582277
chr15	100842961	100843119	RNA4574	158	24	3.429691211446506e-05	0.0	1.0	151898.7341772152
chr15	100847471	100847629	RNA4575	158	38	3.44293237168605e-05	0.0	1.0	240506.32911392406
chr15	101165381	101165539	RNA4576	158	20	2.8664389901677827e-05	1.4696599919261644e-05	1.0	126582.27848101266
chr15	101166721	101166879	RNA4577	158	28	0.0005462342792270542	0.0	1.0	177215.18987341772
chr15	101167489	101167647	RNA4578	158	34	0.0030288829572033497	1.469724975322606e-05	0.9705882352941176	215189.87341772154
chr15	101748853	101749014	RNA4579	161	0				0.0
chr15	101807019	101807177	RNA4580	158	0				0.0
chr16	57743	58016	RNA4581	273	57	3.7194539433116966e-05	0.0	1.0	208791.2087912088
chr16	711637	711854	RNA4582	217	51	1.527744515281883e-05	0.0	1.0	235023.0414746544
chr16	816511	816645	RNA4583	133	46	0.022164389050312424	0.0	0.9782608695652174	345864.6616541353
chr16	989172	989445	RNA4584	273	64	0.0008197941586161032	1.4696150174131617e-05	1.0	234432.23443223443
chr16	1054538	1054811	RNA4585	273	97	0.0072361317870485225	1.4696400285174605e-05	0.9690721649484536	355311.3553113553
chr16	1058703	1058976	RNA4586	273	105	0.009163668452969257	0.0	0.9904761904761905	384615.3846153846
chr16	1084971	1085244	RNA4587	273	56	2.2310041198837857e-05	0.0	1.0	205128.20512820513
chr16	1087348	1087621	RNA4588	273	47	2.0954638223862248e-05	1.4696799553348685e-05	1.0	172161.17216117217
chr16	1150929	1151202	RNA4589	273	67	0.00010330679905659189	1.469590006308863e-05	1.0	245421.2454212454
chr16	1703950	1704167	RNA4590	217	37	2.0330300021911296e-05	1.4703299711982254e-05	1.0	170506.91244239634
chr16	1703993	1704210	RNA4591	217	29	2.2377279335690097e-05	1.4703299711982254e-05	1.0	133640.5529953917
chr16	1704329	1704546	RNA4592	217	37	8.742062188527623e-06	0.0	1.0	170506.91244239634
chr16	1771697	1771831	RNA4593	129	58	4.990743149517287e-05	0.0	1.0	449612.4031007752
chr16	1795051	1795268	RNA4594	217	80	0.045200521970105	1.4697199731017465e-05	0.9375	368663.5944700461
chr16	1795067	1795201	RNA4595	134	43	0.06081049178615209	1.4698999621032272e-05	0.9069767441860465	320895.5223880597
chr16	1795154	1795288	RNA4596	134	59	0.0021998136412625813	0.0	0.9830508474576272	440298.50746268657
chr16	1795262	1795479	RNA4597	217	80	0.012834831820543966	1.4695050140289823e-05	0.9875	368663.5944700461
chr16	1795336	1795553	RNA4598	217	68	0.01796145648222591	1.4697199731017465e-05	0.9558823529411765	313364.0552995391
chr16	1887533	1887667	RNA4599	134	0				0.0
chr16	1892106	1892240	RNA4600	134	30	0.0009897982118369888	0.0	1.0	223880.59701492538
chr16	1996910	1997044	RNA4601	134	29	0.021342701973951293	1.4699399798701052e-05	0.9655172413793104	216417.91044776118
chr16	2039168	2039441	RNA4602	273	56	0.018111567746846694	0.0	0.9821428571428571	205128.20512820513
chr16	2039338	2039712	RNA4603	374	90	0.00011483463800282352	1.4698999621032272e-05	1.0	240641.71122994652
chr16	2139250	2139502	RNA4604	252	0				0.0
chr16	2710388	2710605	RNA4605	217	62	5.452942405685573e-05	1.469764993089484e-05	1.0	285714.2857142857
chr16	2878009	2878143	RNA4606	134	29	0.006968134785799108	1.4696400285174605e-05	0.9655172413793104	216417.91044776118
chr16	2960452	2960826	RNA4607	374	92	0.02481170523247269	1.4698999621032272e-05	0.9565217391304348	245989.30481283425
chr16	3009784	3010158	RNA4608	374	81	0.012367094244522666	1.4698100130772218e-05	0.9876543209876543	216577.54010695187
chr16	3010730	3011104	RNA4609	374	86	4.411043912198329e-05	1.4698500308440998e-05	1.0	229946.52406417113
chr16	3012583	3012835	RNA4610	252	81	0.00011424450389717378	0.0	1.0	321428.5714285715
chr16	3088166	3088540	RNA4611	374	104	0.004978361458274073	7.347950031544315e-06	0.9903846153846154	278074.86631016043
chr16	3088234	3088608	RNA4612	374	105	0.004933327831029251	1.4696799553348685e-05	0.9904761904761905	280748.66310160427
chr16	3099912	3100164	RNA4613	252	46	0.0003556216941472885	0.0	1.0	182539.68253968252
chr16	3100005	3100257	RNA4614	252	56	0.00026174027103869274	7.348200142587302e-06	1.0	222222.22222222222
chr16	3150805	3151057	RNA4615	252	104	0.013685421361716315	1.4696400285174605e-05	0.9807692307692307	412698.41269841266
chr16	3150872	3151124	RNA4616	252	83	0.017105862214203255	1.4697199731017465e-05	0.9759036144578314	329365.07936507935
chr16	3159329	3159703	RNA4617	352	91	0.03386130937421542	1.4699799976369832e-05	0.945054945054945	258522.7272727273
chr16	3240011	3240263	RNA4618	252	48	0.02085017465429928	1.4695050140289823e-05	0.9791666666666666	190476.19047619047
chr16	4155883	4156135	RNA4619	252	53	0.006756947797187435	0.0	0.9811320754716981	210317.46031746033
chr16	4156007	4156381	RNA4620	374	89	0.018227272885892844	1.469509970775107e-05	0.9662921348314607	237967.9144385027
chr16	5238649	5238866	RNA4621	217	76	0.003108307865300285	0.0	0.9868421052631579	350230.41474654374
chr16	5238964	5239098	RNA4622	134	47	4.815350166609114e-05	0.0	1.0	350746.26865671645
chr16	5239114	5239387	RNA4623	273	108	0.009280980286617975	0.0	0.9907407407407407	395604.3956043956
chr16	7819641	7820106	RNA4624	465	135	0.03026398344765632	1.4698100130772218e-05	0.9629629629629629	290322.58064516133
chr16	7820242	7820348	RNA4625	106	25	0.0031739934090728628	1.4698999621032272e-05	0.96	235849.05660377358
chr16	7850381	7850755	RNA4626	374	97	0.010310836937624678	1.469509970775107e-05	0.979381443298969	259358.28877005345
chr16	8113952	8114204	RNA4627	252	81	0.0069908081023966565	0.0	0.9753086419753086	321428.5714285715
chr16	9182062	9182168	RNA4628	106	41	5.234212086378741e-05	1.4696799553348685e-05	1.0	386792.45283018873
chr16	10484872	10484978	RNA4629	106	34	0.014995070737848644	1.4696349808218656e-05	0.9705882352941176	320754.71698113205
chr16	10499470	10499576	RNA4630	0	0				
chr16	10513472	10513578	RNA4631	106	25	0.00011934542279049499	0.0	1.0	235849.05660377358
chr16	10581673	10581779	RNA4632	106	23	7.669686886441449e-06	0.0	1.0	216981.13207547172
chr16	10584534	10584640	RNA4633	106	29	0.003558420710729037	1.4700300198455809e-05	0.9655172413793104	273584.90566037735
chr16	10624475	10624581	RNA4634	106	24	7.473336779639338e-05	0.0	1.0	226415.09433962265
chr16	10829860	10830325	RNA4635	465	189	0.02948704090629199	1.469590006308863e-05	0.9629629629629629	406451.6129032258
chr16	11534055	11534161	RNA4636	106	29	0.04099808789892292	1.472100029786816e-05	0.896551724137931	273584.90566037735
chr16	11648825	11649290	RNA4637	465	0				0.0
chr16	11654565	11655030	RNA4638	465	0				0.0
chr16	11658910	11659375	RNA4639	465	0				0.0
chr16	11917432	11917897	RNA4640	455	0				0.0
chr16	11920833	11921298	RNA4641	465	0				0.0
chr16	11926455	11926920	RNA4642	306	0				0.0
chr16	12899108	12899573	RNA4643	465	101	0.010056913220951442	0.0	0.9900990099009901	217204.3010752688
chr16	15385578	15385684	RNA4644	106	0				0.0
chr16	16451996	16452461	RNA4645	462	26	0.0031650407594707437	1.4835250112810172e-05	0.9615384615384616	56277.05627705628
chr16	20331088	20331861	RNA4646	773	138	0.01926707678154159	1.4696799553348685e-05	0.9710144927536232	178525.22639068562
chr16	22004369	22004457	RNA4647	88	10	1.1759299741243013e-05	0.0	1.0	113636.36363636363
chr16	22540262	22540558	RNA4648	296	0				0.0
chr16	24224137	24224910	RNA4649	773	165	0.020536887455852013	1.469549988541985e-05	0.9575757575757575	213454.07503234153
chr16	24914507	24915280	RNA4650	773	153	0.007841365462417002	0.0	0.9803921568627451	197930.14230271667
chr16	25029510	25030283	RNA4651	769	134	0.0057694739995365904	0.0	0.9850746268656716	174252.2756827048
chr16	25030620	25031393	RNA4652	761	131	0.005239968084327418	0.0	0.9923664122137404	172141.9185282523
chr16	25178399	25179172	RNA4653	773	175	0.0014968282634124181	1.469590006308863e-05	0.9942857142857143	226390.6856403622
chr16	25181136	25181909	RNA4654	768	35	0.006314486680483753	1.4987599570304155e-05	0.9714285714285714	45572.916666666664
chr16	25182194	25182967	RNA4655	768	60	0.005717879559188076	0.0	0.9833333333333333	78125.0
chr16	25593214	25593302	RNA4656	88	30	1.2767510058135183e-05	0.0	1.0	340909.0909090909
chr16	26152418	26153191	RNA4657	747	129	0.016887157228736682	0.0	0.9689922480620154	172690.76305220884
chr16	26441737	26441825	RNA4658	88	20	4.042221557938094e-05	7.347950031544315e-06	1.0	227272.72727272726
chr16	26457342	26457638	RNA4659	296	50	0.007454317692427135	1.4696800008096034e-05	0.98	168918.9189189189
chr16	26538784	26538872	RNA4660	88	21	0.016902341105941594	1.4707199625263456e-05	0.9523809523809523	238636.36363636365
chr16	26541159	26541247	RNA4661	88	22	0.013215634856681967	1.4701349755341653e-05	0.9545454545454546	250000.0
chr16	26650174	26650262	RNA4662	88	0				0.0
chr16	26650921	26651009	RNA4663	88	0				0.0
chr16	26718912	26719000	RNA4664	88	10	7.347840164584341e-06	0.0	1.0	113636.36363636363
chr16	27366450	27366746	RNA4665	295	62	0.018022753481413776	1.4698500308440998e-05	0.967741935483871	210169.4915254237
chr16	27393253	27393549	RNA4666	296	62	0.003200021362391127	0.0	0.9838709677419355	209459.45945945947
chr16	27400014	27400310	RNA4667	296	48	1.5011566821004556e-05	0.0	1.0	162162.16216216216
chr16	27454125	27454421	RNA4668	296	56	2.4423496418938288e-05	1.4696400285174605e-05	1.0	189189.1891891892
chr16	27454254	27454550	RNA4669	296	53	3.2196986930492796e-05	1.4703699889651034e-05	1.0	179054.05405405405
chr16	27454948	27455244	RNA4670	296	54	3.130220698544526e-05	1.4695950085297227e-05	1.0	182432.43243243243
chr16	27457097	27457185	RNA4671	88	17	1.3833582349487937e-05	1.4696799553348685e-05	1.0	193181.81818181818
chr16	28450674	28450970	RNA4672	0	0				
chr16	29938157	29938930	RNA4673	773	160	9.618866520213138e-05	1.4700900010211626e-05	1.0	206985.7697283312
chr16	31341204	31341292	RNA4674	88	19	1.547202636605729e-05	1.4696799553348685e-05	1.0	215909.0909090909
chr16	32447372	32447668	RNA4675	296	76	0.025426562766381864	0.0	0.9736842105263158	256756.75675675675
chr16	46875028	46875364	RNA4676	336	54	6.277808947911716e-05	0.0	1.0	160714.28571428574
chr16	46931972	46932308	RNA4677	336	65	0.00045769758403016615	1.4699799976369832e-05	1.0	193452.38095238095
chr16	46934081	46934417	RNA4678	336	57	2.373667499149952e-05	0.0	1.0	169642.85714285716
chr16	46987976	46988312	RNA4679	315	40	9.663614994223727e-05	1.4698300219606608e-05	1.0	126984.12698412698
chr16	46994300	46994621	RNA4680	321	62	0.000189436505523539	1.4696349808218656e-05	1.0	193146.41744548286
chr16	46996111	46996447	RNA4681	335	47	0.02110988317473768	0.0	0.9787234042553191	140298.50746268657
chr16	47046691	47047027	RNA4682	336	64	0.015635564156312398	7.347300197579898e-06	0.984375	190476.19047619047
chr16	47929715	47930036	RNA4683	321	50	2.3811067931090325e-05	1.4696999642183075e-05	1.0	155763.2398753894
chr16	47932883	47933331	RNA4684	448	91	9.292125720933363e-05	0.0	1.0	203125.0
chr16	47951805	47952126	RNA4685	321	74	0.0008059544706451805	1.4696599919261644e-05	1.0	230529.5950155763
chr16	47951916	47952237	RNA4686	321	76	0.0008065973243470822	1.4696999642183075e-05	1.0	236760.1246105919
chr16	47952057	47952393	RNA4687	336	74	0.005225067995611053	0.0	0.9864864864864865	220238.09523809524
chr16	48031375	48031696	RNA4688	321	65	1.8770050841196987e-05	1.4696799553348685e-05	1.0	202492.21183800622
chr16	48036212	48036533	RNA4689	321	49	3.1800587544698644e-05	0.0	1.0	152647.97507788162
chr16	48072712	48073033	RNA4690	321	66	0.001302997581440264	0.0	0.9848484848484849	205607.476635514
chr16	48964641	48964962	RNA4691	321	65	5.2024175084411936e-05	1.4697199731017465e-05	1.0	202492.21183800622
chr16	49277451	49277815	RNA4692	364	86	0.0003017099783032441	0.0	1.0	236263.73626373627
chr16	49878338	49878473	RNA4693	133	22	0.036603158028604164	1.4704599834658438e-05	0.9545454545454546	165413.53383458644
chr16	50547776	50547898	RNA4694	122	28	0.07143804756430784	7.351649855991127e-06	0.9285714285714286	229508.19672131148
chr16	50683744	50683879	RNA4695	135	26	2.4305845692228975e-05	0.0	1.0	192592.59259259258
chr16	50686701	50686836	RNA4696	135	27	0.00020521930370401794	0.0	1.0	200000.0
chr16	50692109	50692244	RNA4697	135	25	0.04126518516943179	1.469590006308863e-05	0.96	185185.18518518517
chr16	50808164	50808299	RNA4698	135	27	0.09549176874299048	1.4700300198455809e-05	0.8148148148148148	200000.0
chr16	50811866	50812001	RNA4699	135	20	0.0019458364010915756	0.0	1.0	148148.14814814815
chr16	50950741	50950876	RNA4700	135	28	0.0292295030402069	1.4699199709866662e-05	0.9642857142857143	207407.4074074074
chr16	51656276	51656724	RNA4701	448	121	0.0035948451489779174	1.4696799553348685e-05	0.9917355371900827	270089.2857142857
chr16	51692455	51692791	RNA4702	335	74	0.02553049805349449	7.352699867624324e-06	0.972972972972973	220895.5223880597
chr16	51694141	51694276	RNA4703	135	37	1.670244315342125e-05	1.4698500308440998e-05	1.0	274074.0740740741
chr16	52430136	52430584	RNA4704	440	92	0.0044876912903201475	1.4696400285174605e-05	0.9891304347826086	209090.9090909091
chr16	52430454	52430902	RNA4705	440	89	0.0029281523628403136	0.0	0.9887640449438202	202272.72727272726
chr16	52435278	52435726	RNA4706	441	92	0.01004217456253449	0.0	0.9782608695652174	208616.78004535148
chr16	52679140	52679588	RNA4707	445	86	0.012042471556332049	1.4698749964736635e-05	0.9883720930232558	193258.42696629214
chr16	52679158	52679606	RNA4708	445	84	0.012329022025531745	1.4698749964736635e-05	0.9880952380952381	188764.04494382025
chr16	52703975	52704423	RNA4709	445	106	0.03608898888243411	1.4698999621032272e-05	0.9528301886792453	238202.24719101124
chr16	52929083	52929404	RNA4710	321	63	0.008842177455595185	0.0	0.9841269841269841	196261.68224299065
chr16	53330288	53330652	RNA4711	364	67	0.00446363289680828	1.4699799976369832e-05	0.9850746268656716	184065.93406593407
chr16	53596348	53596796	RNA4712	446	80	0.0003013723047502018	0.0	1.0	179372.19730941704
chr16	54158694	54159058	RNA4713	364	88	0.00012694886080763027	0.0	1.0	241758.24175824175
chr16	54221724	54222088	RNA4714	364	65	0.004217262670233765	0.0	0.9692307692307692	178571.42857142858
chr16	54243626	54243990	RNA4715	364	74	0.026076549546999287	0.0	0.9594594594594594	203296.7032967033
chr16	54301088	54301452	RNA4716	364	83	5.171188466367853e-05	1.4697699953103438e-05	1.0	228021.97802197802
chr16	54304937	54305301	RNA4717	364	69	0.02788642713382443	1.4697199731017465e-05	0.9420289855072463	189560.43956043955
chr16	54405006	54405370	RNA4718	364	71	0.014106503920091603	0.0	0.971830985915493	195054.94505494507
chr16	54422232	54422354	RNA4719	122	18	6.532411084157906e-06	0.0	1.0	147540.98360655736
chr16	55256354	55256718	RNA4720	364	74	0.00023642906559895676	7.348849976551719e-06	1.0	203296.7032967033
chr16	55336861	55336983	RNA4721	122	24	1.5924237383539246e-05	1.4698500308440998e-05	1.0	196721.31147540984
chr16	55386561	55386683	RNA4722	122	17	1.8157635328377648e-05	0.0	1.0	139344.26229508195
chr16	55387225	55387347	RNA4723	122	22	2.4051636377073993e-05	1.4697699953103438e-05	1.0	180327.868852459
chr16	55506993	55507115	RNA4724	122	23	0.01987115859185945	0.0	0.9565217391304348	188524.59016393442
chr16	55507885	55508007	RNA4725	122	23	8.309691269380931e-06	0.0	1.0	188524.59016393442
chr16	55598475	55598597	RNA4726	122	29	0.00013385660657087059	0.0	1.0	237704.91803278687
chr16	55800996	55801131	RNA4727	0	0				
chr16	56426591	56426713	RNA4728	122	22	3.6747494546444065e-05	1.4697900041937828e-05	1.0	180327.868852459
chr16	57607418	57607866	RNA4729	447	98	0.020852126477713718	1.4700700376124589e-05	0.9795918367346939	219239.3736017897
chr16	59244299	59244663	RNA4730	364	78	0.030578559290461264	0.0	0.9615384615384616	214285.71428571426
chr16	60330412	60330534	RNA4731	122	18	1.3065589124985977e-05	0.0	1.0	147540.98360655736
chr16	63693073	63693262	RNA4732	189	44	0.026576668103023785	0.0	0.9545454545454546	232804.2328042328
chr16	64828894	64829056	RNA4733	162	28	7.666153750765553e-05	1.4698549875902245e-05	1.0	172839.5061728395
chr16	66166615	66166769	RNA4734	154	42	2.869860920673928e-05	1.469744984206045e-05	1.0	272727.2727272727
chr16	66174431	66174979	RNA4735	548	132	0.006654232129070195	1.4696599919261644e-05	0.9772727272727273	240875.91240875915
chr16	66419719	66420022	RNA4736	302	65	0.007623804283181155	0.0	0.9846153846153847	215231.7880794702
chr16	67385415	67385493	RNA4737	78	19	1.9338957779258837e-05	1.4696799553348685e-05	1.0	243589.7435897436
chr16	67644541	67644730	RNA4738	189	33	1.4253766769825509e-05	1.4698100130772218e-05	1.0	174603.1746031746
chr16	67672503	67672703	RNA4739	200	38	5.4537668634827264e-05	0.0	1.0	190000.0
chr16	68519878	68520514	RNA4740	624	122	0.0007108449424359544	7.349699899350526e-06	0.9918032786885246	195512.8205128205
chr16	68527734	68527923	RNA4741	189	139	0.028863895029035965	1.4696799553348685e-05	0.9712230215827338	735449.7354497354
chr16	68527907	68528096	RNA4742	189	142	0.028337546368034754	1.4697199731017465e-05	0.9647887323943662	751322.7513227513
chr16	68528842	68529004	RNA4743	162	85	0.009043585836693903	0.0	0.9882352941176471	524691.3580246913
chr16	68529482	68529671	RNA4744	189	73	0.024293202180733837	0.0	0.9726027397260274	386243.3862433862
chr16	69088389	69088578	RNA4745	188	40	0.0005490633442605024	1.4724500033480581e-05	1.0	212765.95744680852
chr16	69090722	69090911	RNA4746	189	36	1.3199627725649816e-05	0.0	1.0	190476.19047619047
chr16	69091919	69092108	RNA4747	189	27	8.983382627371204e-05	1.4696400285174605e-05	1.0	142857.14285714284
chr16	69474899	69475447	RNA4748	548	0				0.0
chr16	69509235	69509397	RNA4749	162	38	4.4521692751385176e-05	1.469984999857843e-05	1.0	234567.9012345679
chr16	69509738	69509927	RNA4750	189	37	2.3866437889383633e-05	1.4704999557579868e-05	1.0	195767.19576719575
chr16	69509968	69510130	RNA4751	162	18	1.0618944492711711e-05	0.0	1.0	111111.11111111111
chr16	69510078	69510240	RNA4752	162	22	1.671322735835882e-05	0.0	1.0	135802.46913580247
chr16	69945371	69945533	RNA4753	162	0				0.0
chr16	69945965	69946119	RNA4754	104	0				0.0
chr16	69948622	69948784	RNA4755	162	0				0.0
chr16	69949712	69949874	RNA4756	83	0				0.0
chr16	70216063	70216611	RNA4757	548	0				0.0
chr16	70217670	70218218	RNA4758	548	0				0.0
chr16	70218603	70219151	RNA4759	548	0				0.0
chr16	70440110	70440413	RNA4760	303	82	0.0002645687161641854	1.4697199731017465e-05	1.0	270627.0627062706
chr16	70441004	70441552	RNA4761	548	128	0.023488030944072587	1.4700500287290199e-05	0.9765625	233576.6423357664
chr16	70443359	70443907	RNA4762	548	95	0.02147966044851368	1.4696799553348685e-05	0.9789473684210527	173357.66423357665
chr16	70448420	70448968	RNA4763	548	0				0.0
chr16	70660728	70660882	RNA4764	147	54	0.01867372507841638	1.4700449810334248e-05	0.9814814814814815	367346.93877551024
chr16	70686328	70686482	RNA4765	154	47	0.0022165279621557143	0.0	0.9787234042553191	305194.8051948052
chr16	70686494	70686656	RNA4766	162	41	0.00015919006064661146	1.4697699953103438e-05	1.0	253086.41975308643
chr16	70686717	70686871	RNA4767	154	38	0.013005987860723458	7.349899988184916e-06	0.9736842105263158	246753.24675324676
chr16	70801355	70801509	RNA4768	154	32	0.003099274344947384	1.469569997425424e-05	0.96875	207792.2077922078
chr16	70801502	70801656	RNA4769	154	16	0.00012125191767608445	1.469549988541985e-05	1.0	103896.1038961039
chr16	70801750	70801904	RNA4770	154	28	1.4697121352062813e-05	0.0	1.0	181818.18181818182
chr16	71270265	71270343	RNA4771	78	0				0.0
chr16	71274423	71274726	RNA4772	303	60	0.01668038584659067	0.0	0.9833333333333333	198019.80198019804
chr16	71357298	71357601	RNA4773	303	70	0.014301712009923251	0.0	0.9857142857142858	231023.102310231
chr16	71357442	71357990	RNA4774	548	94	0.0038383849169475316	0.0	0.9893617021276596	171532.8467153285
chr16	71358147	71358450	RNA4775	303	63	0.002210449877031986	0.0	0.9841269841269841	207920.79207920792
chr16	71427946	71428249	RNA4776	303	87	3.176873499681518e-05	0.0	1.0	287128.71287128713
chr16	71442123	71442426	RNA4777	303	76	0.013193876252121057	1.4699799976369832e-05	0.9868421052631579	250825.0825082508
chr16	71446856	71447159	RNA4778	303	49	7.319950787971066e-05	1.469549988541985e-05	1.0	161716.17161716172
chr16	71622297	71622497	RNA4779	200	39	3.090510250704009e-05	0.0	1.0	195000.0
chr16	71728497	71728651	RNA4780	154	36	0.0014001093388995032	1.469984999857843e-05	1.0	233766.23376623375
chr16	72043605	72044241	RNA4781	636	97	0.003060866704781236	0.0	0.979381443298969	152515.72327044024
chr16	72180269	72180347	RNA4782	78	21	1.1897023753027026e-05	0.0	1.0	269230.7692307692
chr16	72196344	72196647	RNA4783	303	72	0.007660470739059138	0.0	0.9861111111111112	237623.7623762376
chr16	72196372	72196450	RNA4784	78	22	2.6733904302419005e-05	0.0	1.0	282051.28205128206
chr16	72197016	72197652	RNA4785	636	133	0.00818731529819304	0.0	0.9849624060150376	209119.49685534593
chr16	72198257	72198446	RNA4786	189	30	0.05398659997602711	1.4698500308440998e-05	0.9333333333333333	158730.15873015873
chr16	72198879	72199079	RNA4787	200	51	0.020309656840949812	1.4696400285174605e-05	0.9803921568627451	255000.0
chr16	72198905	72199541	RNA4788	626	147	0.013009488099774574	1.4696799553348685e-05	0.9863945578231292	234824.28115015975
chr16	72199323	72199959	RNA4789	633	126	9.655759965555764e-05	0.0	1.0	199052.1327014218
chr16	72199455	72199655	RNA4790	197	51	0.00010949219626234069	0.0	1.0	258883.24873096446
chr16	72199946	72200024	RNA4791	78	15	8.818379986526756e-06	1.4694200217491016e-05	1.0	192307.6923076923
chr16	72200037	72200237	RNA4792	200	47	0.000588539841451257	1.469590006308863e-05	1.0	235000.0
chr16	73894224	73894302	RNA4793	78	20	1.32329750158533e-05	0.0	1.0	256410.25641025638
chr16	73895401	73895601	RNA4794	200	41	7.350765363519726e-05	1.4701099644298664e-05	1.0	205000.0
chr16	73895432	73896068	RNA4795	636	153	0.006592437253477052	1.4700700376124589e-05	0.9934640522875817	240566.03773584907
chr16	73895600	73895678	RNA4796	78	13	1.1312184701987113e-05	0.0	1.0	166666.66666666666
chr16	73895618	73895818	RNA4797	200	48	0.020913591234659634	1.4699150142405415e-05	0.9791666666666666	240000.0
chr16	73896300	73896936	RNA4798	636	151	0.0008600109933998049	1.4696799553348685e-05	0.9933774834437086	237421.38364779874
chr16	73898034	73898112	RNA4799	78	15	1.8620973545081232e-05	0.0	1.0	192307.6923076923
chr16	73899653	73899853	RNA4800	200	31	6.400244432546186e-05	0.0	1.0	155000.0
chr16	73899852	73900488	RNA4801	636	151	0.02213587433129308	0.0	0.9735099337748344	237421.38364779874
chr16	73900620	73900698	RNA4802	78	21	4.410793393443908e-05	0.0	1.0	269230.7692307692
chr16	73901356	73901556	RNA4803	200	49	0.00022763639792953622	1.4704200111737007e-05	1.0	245000.0
chr16	73942119	73942755	RNA4804	636	137	0.007228516027242446	0.0	0.9854014598540146	215408.80503144654
chr16	74710122	74710284	RNA4805	162	39	1.2061925563333765e-05	0.0	1.0	240740.74074074073
chr16	74798560	74798722	RNA4806	162	35	0.009111795975929584	0.0	0.9714285714285714	216049.38271604938
chr16	75276651	75277199	RNA4807	548	129	0.01553908043066018	1.4710600225953384e-05	0.9844961240310077	235401.4598540146
chr16	75771644	75771798	RNA4808	154	35	0.028585291416935173	0.0	0.9714285714285714	227272.72727272726
chr16	76262862	76263165	RNA4809	303	70	1.8279338590735845e-05	0.0	1.0	231023.102310231
chr16	77175642	77175720	RNA4810	78	15	1.9600520075373326e-05	0.0	1.0	192307.6923076923
chr16	77180619	77180819	RNA4811	200	49	1.4716451246663441e-05	1.4700700376124589e-05	1.0	245000.0
chr16	78081458	78082094	RNA4812	636	174	0.015858527880581452	1.4697199731017465e-05	0.9655172413793104	273584.90566037735
chr16	79240149	79240311	RNA4813	162	44	0.03881733716864552	1.4726449990121182e-05	0.9318181818181818	271604.93827160494
chr16	79625026	79625188	RNA4814	162	41	1.685364642936464e-05	0.0	1.0	253086.41975308643
chr16	79626601	79626763	RNA4815	162	51	2.3057343366643346e-05	0.0	1.0	314814.81481481483
chr16	79627587	79627749	RNA4816	162	52	0.00342702783954197	1.469590006308863e-05	0.9807692307692307	320987.65432098764
chr16	79876599	79876761	RNA4817	162	62	0.01613685575186478	0.0	0.9838709677419355	382716.049382716
chr16	79880207	79880369	RNA4818	162	60	0.016822481982823472	7.347950031544315e-06	0.9833333333333333	370370.37037037034
chr16	79919992	79920154	RNA4819	162	65	0.015441623595730695	1.4699799976369832e-05	0.9846153846153847	401234.56790123455
chr16	80824628	80824790	RNA4820	162	32	0.0030185190994416167	7.348399776674342e-06	0.96875	197530.86419753084
chr16	81291902	81292020	RNA4821	118	24	0.009373022368890812	0.0	0.9583333333333334	203389.83050847458
chr16	81291938	81292169	RNA4822	231	45	1.666953776293312e-05	0.0	1.0	194805.19480519483
chr16	81291957	81292071	RNA4823	114	22	1.4704231902706558e-05	0.0	1.0	192982.45614035087
chr16	83966777	83967256	RNA4824	479	133	0.015092583433263487	0.0	0.9849624060150376	277661.79540709814
chr16	83967018	83967248	RNA4825	230	61	6.266800008860121e-05	0.0	1.0	265217.39130434784
chr16	83967634	83967902	RNA4826	255	23	4.880684386791772e-05	1.5720299415988848e-05	1.0	90196.07843137255
chr16	84813496	84813658	RNA4827	162	31	0.07501173726110034	1.4699399798701052e-05	0.9032258064516129	191358.024691358
chr16	84925549	84925663	RNA4828	114	26	2.6569919520201934e-05	1.4694400306325406e-05	1.0	228070.1754385965
chr16	85124940	85125171	RNA4829	231	50	0.040017344774150844	7.347749942709925e-06	0.96	216450.21645021645
chr16	85125342	85125460	RNA4830	118	31	0.0005049837504444497	1.469509970775107e-05	1.0	262711.8644067797
chr16	85884536	85884650	RNA4831	114	30	6.027069039190861e-05	1.4698749964736635e-05	1.0	263157.8947368421
chr16	85923653	85923884	RNA4832	231	61	0.01668303451804634	0.0	0.9836065573770492	264069.26406926406
chr16	85924104	85924335	RNA4833	231	54	0.0597242781384045	1.4698549875902245e-05	0.9074074074074074	233766.23376623375
chr16	85924366	85924480	RNA4834	114	18	6.534866618797726e-06	0.0	1.0	157894.73684210525
chr16	85924629	85924860	RNA4835	231	52	0.004417212391567423	7.347749942709925e-06	0.9807692307692307	225108.22510822513
chr16	85924828	85924942	RNA4836	114	28	5.6166176266612e-05	0.0	1.0	245614.0350877193
chr16	86214987	86215218	RNA4837	231	62	0.01614681168559635	1.4696999642183075e-05	0.9838709677419355	268398.26839826844
chr16	86215004	86215118	RNA4838	114	32	0.03125918576557751	0.0	0.96875	280701.7543859649
chr16	86215925	86216043	RNA4839	118	23	0.0005310745229270651	1.4696799553348685e-05	1.0	194915.25423728814
chr16	86216756	86216987	RNA4840	231	70	0.0013865086255204228	0.0	0.9857142857142858	303030.30303030304
chr16	86216956	86217070	RNA4841	114	31	0.03537923008195409	1.4696799553348685e-05	0.9354838709677419	271929.82456140354
chr16	86217402	86217633	RNA4842	231	61	0.01647945922774002	1.4697199731017465e-05	0.9836065573770492	264069.26406926406
chr16	86217818	86217936	RNA4843	118	43	0.05667919920637528	0.0	0.9069767441860465	364406.77966101695
chr16	86217858	86217972	RNA4844	114	32	0.019355285179585728	0.0	0.9375	280701.7543859649
chr16	86217921	86218039	RNA4845	118	28	0.0005922169404714458	0.0	1.0	237288.13559322036
chr16	86420848	86420966	RNA4846	118	37	9.539305426949494e-05	0.0	1.0	313559.3220338983
chr16	86421450	86421568	RNA4847	118	38	2.786374742706531e-05	7.350150099227904e-06	1.0	322033.89830508473
chr16	86424442	86424560	RNA4848	118	30	0.03334753989341455	0.0	0.9666666666666667	254237.2881355932
chr16	86839293	86839407	RNA4849	114	24	0.041683200387637946	7.347950031544315e-06	0.9583333333333334	210526.31578947368
chr16	87082663	87082893	RNA4850	230	65	0.01792630736941086	1.4697199731017465e-05	0.9692307692307692	282608.6956521739
chr16	87083150	87083381	RNA4851	231	54	0.007226899426853003	7.347300197579898e-06	0.9814814814814815	233766.23376623375
chr16	87405522	87405640	RNA4852	118	30	0.033040848943680125	7.348849976551719e-06	0.9333333333333333	254237.2881355932
chr16	87567259	87567738	RNA4853	479	134	0.014950494206622443	0.0	0.9850746268656716	279749.4780793319
chr16	87827954	87828222	RNA4854	268	61	0.007083900708419631	1.4704200111737007e-05	0.9836065573770492	227611.94029850746
chr16	88103170	88103400	RNA4855	230	53	2.3584288512964418e-05	1.4694600395159796e-05	1.0	230434.78260869565
chr16	88166175	88166405	RNA4856	230	50	7.849034480386487e-05	0.0	1.0	217391.30434782608
chr16	88172699	88172929	RNA4857	230	47	0.0021361973343099355	0.0	0.9787234042553191	204347.82608695654
chr16	88195494	88195724	RNA4858	230	77	0.013474233184799182	1.4697699953103438e-05	0.987012987012987	334782.60869565216
chr16	88222633	88222863	RNA4859	229	59	2.2717979599119022e-05	0.0	1.0	257641.9213973799
chr16	88309127	88309357	RNA4860	230	64	0.015769246760441998	1.469549988541985e-05	0.984375	278260.8695652174
chr16	88442881	88443360	RNA4861	479	153	0.008782555317808454	1.4699799976369832e-05	0.9869281045751634	319415.4488517745
chr16	88551975	88552454	RNA4862	479	128	0.0105297756877718	1.469569997425424e-05	0.9765625	267223.382045929
chr16	88552568	88553047	RNA4863	479	127	0.049767452467662454	1.4698100130772218e-05	0.9448818897637795	265135.6993736952
chr16	88632208	88632476	RNA4864	268	93	0.01390255414215609	1.4697199731017465e-05	0.978494623655914	347014.9253731343
chr16	88632363	88632842	RNA4865	479	160	0.019428536981916975	1.4698100130772218e-05	0.975	334029.22755741124
chr16	88632425	88632904	RNA4866	478	146	0.021301540132261744	1.4698100130772218e-05	0.9726027397260274	305439.3305439331
chr16	88651196	88651675	RNA4867	479	144	0.0025405048074528818	1.469549988541985e-05	0.9930555555555556	300626.30480167014
chr16	88689329	88689597	RNA4868	268	61	3.903429642675616e-05	0.0	1.0	227611.94029850746
chr16	88691753	88692021	RNA4869	268	61	0.016406696667218057	1.4697699953103438e-05	0.9836065573770492	227611.94029850746
chr16	88796389	88796657	RNA4870	268	58	0.006436349888394156	0.0	0.9827586206896551	216417.91044776118
chr16	88796746	88797014	RNA4871	268	48	9.829225461999021e-05	0.0	1.0	179104.4776119403
chr16	88867975	88868243	RNA4872	268	61	0.0007845806521949184	1.4699399798701052e-05	1.0	227611.94029850746
chr16	89208756	89208986	RNA4873	221	100	0.04128275121986007	1.4721900242875563e-05	0.93	452488.6877828054
chr16	89558082	89558561	RNA4874	479	130	0.013914857861527708	0.0	0.9846153846153847	271398.74739039666
chr16	89706023	89706291	RNA4875	268	106	0.004891436256929284	1.469549988541985e-05	0.9905660377358491	395522.3880597015
chr17	501002	501176	RNA4876	174	29	0.023741783964114485	1.4696400285174605e-05	0.9655172413793104	166666.66666666666
chr17	1277622	1277796	RNA4877	174	45	0.038296092303102734	0.0	0.9333333333333333	258620.68965517243
chr17	1277960	1278134	RNA4878	174	66	0.04598435273022583	1.4722749710927019e-05	0.9545454545454546	379310.3448275862
chr17	1278808	1278982	RNA4879	174	43	0.008829839972138358	1.469549988541985e-05	0.9767441860465116	247126.4367816092
chr17	1685413	1685587	RNA4880	173	51	0.00040556163618448864	0.0	1.0	294797.68786127167
chr17	1686510	1686684	RNA4881	173	48	0.021708154452388346	1.4704150089528412e-05	0.9791666666666666	277456.6473988439
chr17	1686845	1687019	RNA4882	174	44	0.045480270351617946	1.4698300219606608e-05	0.9545454545454546	252873.56321839083
chr17	2751978	2752152	RNA4883	174	26	1.469921933396376e-05	0.0	1.0	149425.28735632185
chr17	3271353	3271737	RNA4884	384	82	0.01220874687313459	0.0	0.9878048780487805	213541.66666666666
chr17	4564572	4564956	RNA4885	327	83	0.011750038577395245	1.4714500139234588e-05	0.9759036144578314	253822.62996941895
chr17	4580663	4581047	RNA4886	384	69	0.0001667954537734254	0.0	1.0	179687.5
chr17	4581890	4582274	RNA4887	384	90	0.011133325568809796	0.0	0.9888888888888889	234375.0
chr17	4643659	4644043	RNA4888	379	70	0.010446910059012481	0.0	0.9857142857142858	184696.5699208443
chr17	4644257	4644641	RNA4889	384	96	0.012975266868750166	1.470460028940579e-05	0.9791666666666666	250000.0
chr17	4722674	4723058	RNA4890	384	100	0.014089417302920983	1.4701349755341653e-05	0.95	260416.6666666667
chr17	5470667	5470742	RNA4891	75	13	3.395094567026739e-05	1.4700300198455809e-05	1.0	173333.33333333334
chr17	5667249	5667633	RNA4892	384	72	0.01839148375033043	1.4697199731017465e-05	0.9583333333333334	187500.0
chr17	6436387	6436561	RNA4893	172	50	0.00496722747233434	7.349499810516136e-06	0.98	290697.67441860464
chr17	9016815	9017199	RNA4894	384	70	1.7218308377254755e-05	0.0	1.0	182291.66666666666
chr17	9732583	9732658	RNA4895	75	10	7.3485700340825135e-06	0.0	1.0	133333.33333333334
chr17	10198937	10199096	RNA4896	159	56	1.2869691253009795e-05	7.349050065386109e-06	1.0	352201.2578616352
chr17	10230508	10230583	RNA4897	75	7	8.399157065598826e-06	0.0	1.0	93333.33333333334
chr17	10237234	10237309	RNA4898	75	12	0.00013359987724469538	0.0	1.0	160000.0
chr17	10237878	10237953	RNA4899	75	18	0.005978181750934805	0.0	0.9444444444444444	240000.0
chr17	10661146	10661221	RNA4900	75	0				0.0
chr17	10663442	10663517	RNA4901	75	18	6.777548120832226e-05	0.0	1.0	240000.0
chr17	10667382	10667457	RNA4902	75	0				0.0
chr17	11190701	11190776	RNA4903	75	18	6.941342053323097e-05	1.4696800008096034e-05	1.0	240000.0
chr17	12146122	12146316	RNA4904	194	32	0.0015253405201178767	1.4696400285174605e-05	1.0	164948.45360824742
chr17	14231999	14232158	RNA4905	159	26	7.93497037403241e-05	0.0	1.0	163522.01257861636
chr17	14232413	14232592	RNA4906	179	32	0.014592656410371774	0.0	0.96875	178770.9497206704
chr17	15004715	15004874	RNA4907	157	53	0.0035851262600772207	1.4738800018676557e-05	0.9811320754716981	337579.6178343949
chr17	15056836	15056995	RNA4908	159	27	0.037055001840969826	1.4698100130772218e-05	0.9629629629629629	169811.32075471696
chr17	15058817	15058976	RNA4909	159	34	2.3389067497616955e-05	1.4726449990121182e-05	1.0	213836.4779874214
chr17	15132923	15133082	RNA4910	159	21	0.013018313645088273	1.4698500308440998e-05	0.9047619047619048	132075.4716981132
chr17	15138373	15138532	RNA4911	159	28	3.569788646018021e-05	7.348849976551719e-06	1.0	176100.6289308176
chr17	15193028	15193187	RNA4912	159	37	1.7083167295894747e-05	1.469549988541985e-05	1.0	232704.40251572328
chr17	15564529	15564604	RNA4913	75	0				0.0
chr17	16353821	16354015	RNA4914	194	33	1.8264811925206406e-05	0.0	1.0	170103.09278350516
chr17	16354110	16354324	RNA4915	214	36	0.027853329522107135	0.0	0.9722222222222222	168224.29906542055
chr17	16354206	16354365	RNA4916	159	28	0.035807225207106184	1.470179995521903e-05	0.9642857142857143	176100.6289308176
chr17	16354237	16354395	RNA4917	158	28	9.399841785904613e-05	1.4703950000694022e-05	1.0	177215.18987341772
chr17	16865984	16866178	RNA4918	194	0				0.0
chr17	16866297	16866491	RNA4919	194	0				0.0
chr17	16866351	16866545	RNA4920	194	0				0.0
chr17	17003923	17004117	RNA4921	194	45	0.04442191825518319	0.0	0.9555555555555556	231958.76288659795
chr17	17004279	17004473	RNA4922	194	48	0.020893981824353123	1.470159986638464e-05	0.9791666666666666	247422.68041237115
chr17	17023554	17023748	RNA4923	194	42	0.0003304255192016936	1.4709749848407228e-05	1.0	216494.84536082475
chr17	17972542	17972736	RNA4924	194	58	0.0058264022975044035	0.0	0.9827586206896551	298969.07216494845
chr17	18081247	18081426	RNA4925	179	25	0.00012875929660367084	1.4697199731017465e-05	1.0	139664.80446927375
chr17	19059676	19059855	RNA4926	0	0				
chr17	19060714	19060893	RNA4927	0	0				
chr17	19060732	19060911	RNA4928	0	0				
chr17	19190453	19190632	RNA4929	0	0				
chr17	19194574	19194753	RNA4930	0	0				
chr17	19215413	19215592	RNA4931	0	0				
chr17	19723206	19723420	RNA4932	214	43	0.015255481081027917	0.0	0.9767441860465116	200934.57943925232
chr17	19769886	19770045	RNA4933	159	24	1.4087129405497232e-05	0.0	1.0	150943.3962264151
chr17	19770625	19770783	RNA4934	150	23	0.0013925934241816973	0.0	1.0	153333.3333333333
chr17	20404442	20404621	RNA4935	179	0				0.0
chr17	20518481	20518695	RNA4936	92	0				0.0
chr17	20605010	20605224	RNA4937	214	0				0.0
chr17	20607534	20607748	RNA4938	208	0				0.0
chr17	20699512	20699726	RNA4939	214	0				0.0
chr17	20701768	20701982	RNA4940	214	0				0.0
chr17	20739027	20739241	RNA4941	214	0				0.0
chr17	20767699	20767857	RNA4942	158	0				0.0
chr17	20808784	20808942	RNA4943	158	0				0.0
chr17	20811898	20812056	RNA4944	158	0				0.0
chr17	21044948	21045106	RNA4945	158	41	4.231019064296838e-05	0.0	1.0	259493.67088607594
chr17	21047373	21047531	RNA4946	157	38	0.033458365473411265	1.4714749795530224e-05	0.9473684210526315	242038.21656050955
chr17	21047707	21047865	RNA4947	158	40	0.025235517869236897	0.0	0.975	253164.55696202532
chr17	21646432	21646646	RNA4948	214	0				0.0
chr17	21867234	21867392	RNA4949	158	0				0.0
chr17	21956093	21956287	RNA4950	194	0				0.0
chr17	22954148	22954462	RNA4951	0	0				
chr17	23605258	23605371	RNA4952	0	0				
chr17	24115887	24116066	RNA4953	0	0				
chr17	25243737	25243951	RNA4954	0	0				
chr17	25686281	25686439	RNA4955	0	0				
chr17	26621280	26621500	RNA4956	212	0				0.0
chr17	27223061	27223375	RNA4957	314	0				0.0
chr17	27651133	27651246	RNA4958	113	0				0.0
chr17	27895891	27896205	RNA4959	314	36	1.0206194449185406e-05	0.0	1.0	114649.68152866242
chr17	27912333	27912647	RNA4960	314	61	0.033338749392881804	1.4699399798701052e-05	0.9672131147540983	194267.51592356688
chr17	27918313	27918627	RNA4961	314	67	0.00015333269162347635	0.0	1.0	213375.79617834397
chr17	27997468	27997782	RNA4962	314	63	0.04765218019312871	1.4699399798701052e-05	0.9523809523809523	200636.94267515925
chr17	27998516	27998830	RNA4963	314	54	0.0032518568097185795	7.348599865508732e-06	0.9814814814814815	171974.5222929936
chr17	28026523	28026837	RNA4964	314	26	1.0176957717843694e-05	0.0	1.0	82802.54777070064
chr17	28197222	28197335	RNA4965	113	19	1.08360737182298e-05	1.4702900443808176e-05	1.0	168141.59292035399
chr17	28197240	28197353	RNA4966	113	23	1.0870826174694862e-05	1.4703699889651034e-05	1.0	203539.82300884958
chr17	28197274	28197387	RNA4967	113	20	1.02966100712365e-05	1.4703499800816644e-05	1.0	176991.15044247787
chr17	28863059	28863172	RNA4968	113	23	0.00024309121881347116	1.4705899957334624e-05	1.0	203539.82300884958
chr17	28865374	28865487	RNA4969	113	15	7.838426899979282e-05	0.0	1.0	132743.36283185842
chr17	28867595	28867708	RNA4970	113	15	0.02012867975348247	1.4698100130772218e-05	0.9333333333333333	132743.36283185842
chr17	28904822	28905136	RNA4971	314	71	3.064249546734463e-05	1.4698999621032272e-05	1.0	226114.64968152868
chr17	29255649	29255762	RNA4972	113	21	0.04800959909421397	1.469590006308863e-05	0.9523809523809523	185840.70796460178
chr17	30571954	30572174	RNA4973	220	0				0.0
chr17	30572791	30573178	RNA4974	387	0				0.0
chr17	31538386	31538704	RNA4975	318	57	0.0011070652294700003	0.0	0.9824561403508771	179245.28301886792
chr17	31539069	31539289	RNA4976	220	35	0.00016629490466064904	1.4700300198455809e-05	1.0	159090.9090909091
chr17	31556085	31556305	RNA4977	220	38	0.005154665749375308	1.4699399798701052e-05	0.9736842105263158	172727.27272727274
chr17	31557275	31557495	RNA4978	220	34	0.013896406003341858	0.0	0.9705882352941176	154545.45454545453
chr17	31795137	31795357	RNA4979	220	46	0.04334607393801217	7.3512001108611e-06	0.9565217391304348	209090.9090909091
chr17	31795648	31795868	RNA4980	220	32	1.7457584334576323e-05	7.349050065386109e-06	1.0	145454.54545454544
chr17	31796502	31796722	RNA4981	220	48	0.0013728080661508082	1.4695950085297227e-05	0.9791666666666666	218181.81818181818
chr17	32491824	32491937	RNA4982	113	15	1.7640640059350214e-05	1.470159986638464e-05	1.0	132743.36283185842
chr17	32491860	32492174	RNA4983	314	52	2.4311019282877956e-05	1.4698749964736635e-05	1.0	165605.09554140127
chr17	32492266	32492486	RNA4984	220	51	0.00035820842107318717	1.4697699953103438e-05	1.0	231818.18181818182
chr17	34572681	34573068	RNA4985	387	84	0.01193345915709999	0.0	0.9880952380952381	217054.26356589148
chr17	35144996	35145314	RNA4986	318	44	3.3418886129181674e-05	7.347549853875535e-06	1.0	138364.77987421383
chr17	35462959	35463346	RNA4987	387	64	0.0006460526474683057	1.469569997425424e-05	1.0	165374.67700258398
chr17	35564310	35564697	RNA4988	387	77	0.03588707145760739	1.4696400285174605e-05	0.948051948051948	198966.40826873385
chr17	35566889	35567276	RNA4989	387	0				0.0
chr17	35727458	35727845	RNA4990	387	67	0.00017223817076906898	1.469549988541985e-05	1.0	173126.6149870801
chr17	35728651	35729038	RNA4991	387	62	0.007695452911291555	1.4697699953103438e-05	0.967741935483871	160206.7183462532
chr17	35730292	35730679	RNA4992	387	86	0.0007318113566302463	0.0	1.0	222222.22222222222
chr17	35887106	35887200	RNA4993	94	9	0.0112718210568548	0.0	0.8888888888888888	95744.68085106382
chr17	35981989	35982307	RNA4994	317	60	0.01322140786526991	0.0	0.9833333333333333	189274.4479495268
chr17	36063030	36063348	RNA4995	318	63	0.029097001072278496	0.0	0.9682539682539683	198113.20754716982
chr17	36063252	36063570	RNA4996	318	69	0.013110102294033988	1.4698100130772218e-05	0.9855072463768116	216981.13207547172
chr17	36441433	36441751	RNA4997	318	0				0.0
chr17	36441823	36442141	RNA4998	15	0				0.0
chr17	36442998	36443316	RNA4999	216	0				0.0
chr17	36471111	36471331	RNA5000	220	43	3.2478643820361244e-05	0.0	1.0	195454.54545454547
chr17	36652195	36652582	RNA5001	364	69	0.014522895480154866	1.47240998558118e-05	0.9855072463768116	189560.43956043955
chr17	37071550	37071868	RNA5002	318	55	0.0052336726288558545	0.0	0.9818181818181818	172955.9748427673
chr17	38407567	38408176	RNA5003	604	34	0.029475435380524734	7.353999990300508e-06	0.9411764705882353	56291.39072847682
chr17	38607739	38607940	RNA5004	201	32	0.03131567992954842	1.4698749964736635e-05	0.96875	159203.98009950249
chr17	39867318	39867412	RNA5005	94	20	0.00043287308940307274	1.4698749964736635e-05	1.0	212765.95744680852
chr17	40572091	40572478	RNA5006	387	61	0.0005600744883492114	0.0	1.0	157622.73901808786
chr17	40727723	40727817	RNA5007	94	14	2.6248471645623693e-05	1.469764993089484e-05	1.0	148936.17021276595
chr17	40728253	40728347	RNA5008	94	12	0.001488896785682903	7.350350188062294e-06	1.0	127659.57446808509
chr17	40731156	40731250	RNA5009	94	16	5.145451819998002e-05	1.4697199731017465e-05	1.0	170212.7659574468
chr17	40987514	40987608	RNA5010	94	6	0.055898642950220755	2.9400549465208314e-05	0.8333333333333334	63829.787234042546
chr17	40988355	40988673	RNA5011	297	71	0.00519998367377718	1.4721899788128212e-05	0.971830985915493	239057.23905723906
chr17	40990800	40990894	RNA5012	93	9	0.03737512702031784	2.940140075224917e-05	0.8888888888888888	96774.19354838709
chr17	40992873	40992967	RNA5013	94	25	0.00020229751306032352	0.0	1.0	265957.44680851063
chr17	41287894	41288059	RNA5014	165	36	0.005095576461498134	0.0	0.9722222222222222	218181.81818181818
chr17	41795225	41795319	RNA5015	94	14	8.408706954859165e-06	0.0	1.0	148936.17021276595
chr17	42389707	42390316	RNA5016	609	107	0.021075653469209858	0.0	0.9719626168224299	175697.86535303778
chr17	42456272	42456473	RNA5017	201	0				0.0
chr17	43032834	43033443	RNA5018	607	118	0.00010009261544282072	1.470005008741282e-05	1.0	194398.68204283362
chr17	43034335	43034944	RNA5019	609	128	3.904804568577167e-05	1.4695950085297227e-05	1.0	210180.6239737274
chr17	43034514	43035123	RNA5020	609	110	0.000159050065923853	1.469549988541985e-05	1.0	180623.973727422
chr17	43043611	43043812	RNA5021	201	32	0.03127831589867469	0.0	0.9375	159203.98009950249
chr17	43043789	43043990	RNA5022	201	37	0.00010487762672808461	1.469590006308863e-05	1.0	184079.60199004973
chr17	43043996	43044197	RNA5023	201	36	1.3881780609556695e-05	1.4695050140289823e-05	1.0	179104.4776119403
chr17	43708511	43709120	RNA5024	607	88	0.027304617926068368	1.4697199731017465e-05	0.9545454545454546	144975.28830313013
chr17	43708712	43709321	RNA5025	609	103	0.01949047214174181	1.4696799553348685e-05	0.970873786407767	169129.72085385877
chr17	43709614	43709815	RNA5026	201	43	7.419910174533644e-05	0.0	1.0	213930.34825870648
chr17	43711175	43711376	RNA5027	201	41	0.024437936884124805	1.469509970775107e-05	0.975609756097561	203980.09950248754
chr17	43711487	43711688	RNA5028	201	31	2.039379028100206e-05	1.4700700376124589e-05	1.0	154228.85572139302
chr17	43711714	43712323	RNA5029	603	111	0.020014164339143554	0.0	0.963963963963964	184079.60199004973
chr17	43712979	43713407	RNA5030	428	70	0.0285934784269557	0.0	0.9714285714285714	163551.40186915887
chr17	43715883	43716043	RNA5031	160	27	0.02275677820785791	0.0	0.9629629629629629	168750.0
chr17	44393201	44393810	RNA5032	609	96	0.010447818922993214	1.4697199731017465e-05	0.9895833333333334	157635.46798029557
chr17	44521686	44521887	RNA5033	201	31	9.913524196059076e-05	0.0	1.0	154228.85572139302
chr17	45188770	45188935	RNA5034	163	0				0.0
chr17	45189705	45189799	RNA5035	91	18	8.22276671088831e-06	0.0	1.0	197802.1978021978
chr17	46028522	46029060	RNA5036	538	90	0.011163257895411031	1.4696400285174605e-05	0.9777777777777777	167286.24535315987
chr17	46029149	46029314	RNA5037	165	37	0.00036732418568528213	0.0	1.0	224242.42424242425
chr17	46029150	46029315	RNA5038	165	37	0.00036732418568528213	0.0	1.0	224242.42424242425
chr17	46029711	46029876	RNA5039	165	48	1.5312131210976077e-05	1.4696150174131617e-05	1.0	290909.0909090909
chr17	46487303	46487468	RNA5040	0	0				
chr17	46487353	46487518	RNA5041	0	0				
chr17	46487569	46487838	RNA5042	83	0				0.0
chr17	46487607	46487772	RNA5043	83	0				0.0
chr17	46580697	46581513	RNA5044	0	0				
chr17	46907101	46907529	RNA5045	428	85	0.0005985160471348425	0.0	1.0	198598.13084112148
chr17	47232097	47232262	RNA5046	165	30	1.470489320733039e-05	0.0	1.0	181818.18181818182
chr17	47516498	47516658	RNA5047	148	22	1.3278177282863295e-05	0.0	1.0	148648.64864864867
chr17	48012412	48012628	RNA5048	212	21	0.00031177113673731214	0.0	1.0	99056.60377358491
chr17	48020360	48020788	RNA5049	428	63	0.001613894487823087	0.0	0.9841269841269841	147196.26168224297
chr17	48020893	48021321	RNA5050	428	95	6.823483837299476e-05	1.4696799553348685e-05	1.0	221962.6168224299
chr17	48025573	48026001	RNA5051	428	75	0.0010662286942048585	0.0	0.9866666666666667	175233.64485981307
chr17	48062961	48063162	RNA5052	201	41	1.9244539366697397e-05	0.0	1.0	203980.09950248754
chr17	48063182	48063610	RNA5053	427	71	0.028194337641944515	0.0	0.971830985915493	166276.34660421545
chr17	48063240	48063668	RNA5054	427	71	0.02820054967886931	0.0	0.971830985915493	166276.34660421545
chr17	48063979	48064588	RNA5055	609	103	0.0012435288317735336	0.0	0.9902912621359223	169129.72085385877
chr17	48064290	48064718	RNA5056	428	74	0.0016524020713675112	1.4696999642183075e-05	0.9864864864864865	172897.19626168223
chr17	48517552	48517712	RNA5057	160	20	6.6139699356426714e-06	0.0	1.0	125000.0
chr17	48518322	48518482	RNA5058	160	25	1.5878227968641905e-05	1.4696400285174605e-05	1.0	156250.0
chr17	48519361	48519521	RNA5059	160	26	9.05790777603845e-06	0.0	1.0	162500.0
chr17	48707931	48708091	RNA5060	160	33	0.025782909694912214	1.4699799976369832e-05	0.9393939393939394	206250.0
chr17	48708000	48708160	RNA5061	160	31	0.009565139766950335	1.4698999621032272e-05	0.967741935483871	193750.0
chr17	48731599	48731759	RNA5062	160	28	8.399331948437197e-06	0.0	1.0	175000.0
chr17	49076771	49077199	RNA5063	428	0				0.0
chr17	49598307	49598467	RNA5064	160	31	0.03227893000310418	1.4699799976369832e-05	0.967741935483871	193750.0
chr17	49871809	49872347	RNA5065	538	98	0.012270596411419352	7.348599865508732e-06	0.9795918367346939	182156.13382899627
chr17	50305570	50306386	RNA5066	816	136	0.00294929938377877	0.0	0.9852941176470589	166666.66666666666
chr17	50424184	50424453	RNA5067	269	39	0.01323804768470346	1.469590006308863e-05	0.9743589743589743	144981.4126394052
chr17	50773354	50773892	RNA5068	538	87	0.013523129556578452	1.4702900443808176e-05	0.9770114942528736	161710.0371747212
chr17	50855918	50856456	RNA5069	538	96	0.010779231545209688	0.0	0.9895833333333334	178438.66171003718
chr17	50858621	50859159	RNA5070	538	111	0.02676444626026218	1.4698100130772218e-05	0.954954954954955	206319.70260223048
chr17	50957486	50958024	RNA5071	537	103	0.004348442071575632	0.0	0.9902912621359223	191806.33147113593
chr17	50957643	50958181	RNA5072	537	109	0.004107056740737012	0.0	0.9908256880733946	202979.51582867786
chr17	50961525	50962063	RNA5073	538	83	0.012152860727596757	1.4696799553348685e-05	0.9879518072289156	154275.09293680298
chr17	51172113	51172278	RNA5074	165	12	2.2278782807916286e-05	1.4708449725731043e-05	1.0	72727.27272727272
chr17	51174709	51175525	RNA5075	813	39	0.01332621164683354	0.0	0.9743589743589743	47970.47970479705
chr17	51303368	51304184	RNA5076	813	135	0.0034425689866380937	0.0	0.9925925925925926	166051.66051660516
chr17	51310865	51311681	RNA5077	816	136	0.008151675871545189	1.4696599919261644e-05	0.9852941176470589	166666.66666666666
chr17	51311166	51311435	RNA5078	269	46	0.0015538162243580594	0.0	0.9782608695652174	171003.71747211897
chr17	51312251	51312520	RNA5079	269	42	2.0650547520785953e-05	1.469964990974404e-05	1.0	156133.82899628254
chr17	51312329	51312598	RNA5080	269	30	1.3232583326801734e-05	1.4701350210089004e-05	1.0	111524.16356877323
chr17	52160608	52161424	RNA5081	808	149	0.0034141986844838487	0.0	0.9865771812080537	184405.94059405942
chr17	52160859	52161128	RNA5082	267	48	0.005785297696585682	0.0	0.9791666666666666	179775.2808988764
chr17	52161550	52161819	RNA5083	269	44	0.0001650758804316858	0.0	1.0	163568.77323420075
chr17	52162094	52162363	RNA5084	269	61	0.0005321399423605794	0.0	1.0	226765.7992565056
chr17	52162141	52162957	RNA5085	816	172	0.00031747803648105705	0.0	1.0	210784.3137254902
chr17	52162277	52162461	RNA5086	184	44	1.4032004628459527e-05	1.4696800008096034e-05	1.0	239130.4347826087
chr17	52162800	52163616	RNA5087	816	158	0.0017424967292719873	0.0	0.9936708860759493	193627.45098039217
chr17	52163271	52163809	RNA5088	538	105	0.00014405381760817582	0.0	1.0	195167.28624535314
chr17	52163283	52163499	RNA5089	216	45	1.0789046690559997e-05	1.4704200111737007e-05	1.0	208333.33333333334
chr17	52205566	52206382	RNA5090	816	132	0.0004470901519584206	0.0	1.0	161764.70588235295
chr17	52208836	52209105	RNA5091	269	62	1.3294158018270993e-05	0.0	1.0	230483.27137546468
chr17	52829157	52829585	RNA5092	428	84	0.0003013374992059675	0.0	1.0	196261.68224299065
chr17	52836791	52837007	RNA5093	216	49	0.015830214322853194	0.0	0.9591836734693877	226851.85185185185
chr17	52840847	52841007	RNA5094	160	26	9.612327001097741e-06	0.0	1.0	162500.0
chr17	52842438	52842654	RNA5095	216	46	0.021482175275729744	1.4698749964736635e-05	0.9782608695652174	212962.96296296298
chr17	52851858	52852074	RNA5096	216	40	0.05001289033750709	1.4727099824085599e-05	0.95	185185.18518518517
chr17	54375488	54375704	RNA5097	216	47	0.00013268877936500938	0.0	1.0	217592.59259259258
chr17	54376317	54376533	RNA5098	216	42	5.1108385248099154e-05	1.470200004405342e-05	1.0	194444.44444444444
chr17	54385685	54385901	RNA5099	216	30	1.5190410037270197e-05	0.0	1.0	138888.8888888889
chr17	54389862	54390078	RNA5100	216	56	0.0019604142335733015	7.347549853875535e-06	0.9821428571428571	259259.25925925924
chr17	55206184	55206347	RNA5101	163	32	1.1027506417346207e-05	0.0	1.0	196319.01840490798
chr17	55734637	55735175	RNA5102	538	99	0.0010625035934164273	0.0	0.98989898989899	184014.86988847583
chr17	55874052	55874321	RNA5103	269	45	9.569969687516694e-05	0.0	1.0	167286.24535315987
chr17	55877939	55878123	RNA5104	184	42	3.67554904360442e-05	1.4702649878017837e-05	1.0	228260.86956521738
chr17	55878052	55878868	RNA5105	816	179	0.005072070749941926	1.469549988541985e-05	0.994413407821229	219362.74509803922
chr17	56977475	56977659	RNA5106	182	26	2.4909746326346655e-05	1.4700499832542846e-05	1.0	142857.14285714284
chr17	57056884	57057068	RNA5107	184	34	5.2763202534950606e-05	0.0	1.0	184782.60869565216
chr17	57058685	57058869	RNA5108	184	32	0.0073327096592947765	0.0	0.96875	173913.04347826086
chr17	57124256	57124440	RNA5109	184	31	0.00676960540227634	0.0	0.9354838709677419	168478.26086956522
chr17	57125493	57125677	RNA5110	184	34	0.019237793289207994	1.4696999642183075e-05	0.9705882352941176	184782.60869565216
chr17	57175299	57175483	RNA5111	184	36	2.2049536306035302e-05	0.0	1.0	195652.1739130435
chr17	57970367	57970583	RNA5112	216	53	0.0023678803444505854	0.0	0.9811320754716981	245370.37037037036
chr17	58076447	58076631	RNA5113	184	18	0.05557270835535948	1.4699200164614012e-05	0.9444444444444444	97826.08695652174
chr17	59215313	59215476	RNA5114	138	33	0.007328433817085825	1.6714600860723294e-05	0.9696969696969697	239130.4347826087
chr17	60020427	60020590	RNA5115	0	0				
chr17	60020473	60020636	RNA5116	0	0				
chr17	60020658	60020821	RNA5117	0	0				
chr17	60099990	60100153	RNA5118	163	0				0.0
chr17	60101356	60101519	RNA5119	163	0				0.0
chr17	60145882	60146045	RNA5120	163	0				0.0
chr17	61416739	61416902	RNA5121	163	36	9.799900074843512e-06	0.0	1.0	220858.89570552149
chr17	62070379	62070563	RNA5122	180	41	1.7814970660987e-05	1.4703699889651034e-05	1.0	227777.77777777778
chr17	63449345	63449749	RNA5123	404	62	0.00041153811845662887	0.0	1.0	153465.34653465345
chr17	65075964	65076127	RNA5124	163	32	2.5725969067024974e-05	0.0	1.0	196319.01840490798
chr17	67033533	67033614	RNA5125	81	18	0.008712993412751125	1.4698100130772218e-05	0.9444444444444444	222222.22222222222
chr17	67057072	67057476	RNA5126	404	79	0.050770223717151994	0.0	0.9493670886075949	195544.55445544556
chr17	67762770	67763371	RNA5127	601	132	0.01398707189070702	1.4700699921377236e-05	0.9772727272727273	219633.94342762063
chr17	68026620	68027024	RNA5128	404	64	0.023666116738226606	1.469590006308863e-05	0.96875	158415.84158415842
chr17	68082498	68082902	RNA5129	404	95	0.010577511677959252	1.4697199731017465e-05	0.9894736842105263	235148.51485148515
chr17	68083356	68083760	RNA5130	404	0				0.0
chr17	68163953	68164357	RNA5131	404	85	0.011849308020656969	1.4708900380355772e-05	0.9882352941176471	210396.03960396038
chr17	68164374	68164778	RNA5132	403	90	0.022456877603720685	1.469964990974404e-05	0.9666666666666667	223325.06203473944
chr17	68258013	68258417	RNA5133	404	68	0.00021663862395036686	0.0	1.0	168316.83168316833
chr17	68788822	68789814	RNA5134	990	148	0.004393043733874011	1.4696400285174605e-05	0.9932432432432432	149494.94949494948
chr17	69146167	69146571	RNA5135	352	70	0.006570687582370722	1.7310199837083928e-05	0.9285714285714286	198863.63636363635
chr17	70312315	70312396	RNA5136	81	17	9.510217697585604e-06	0.0	1.0	209876.54320987655
chr17	71775064	71775665	RNA5137	600	102	6.2175122803082e-05	0.0	1.0	170000.0
chr17	71802010	71802091	RNA5138	81	24	4.2872062635975486e-05	1.469724975322606e-05	1.0	296296.2962962963
chr17	72020598	72020679	RNA5139	81	19	7.737457867494269e-06	0.0	1.0	234567.9012345679
chr17	72021246	72021327	RNA5140	81	19	1.5475468659899077e-05	1.470159986638464e-05	1.0	234567.9012345679
chr17	72238309	72238390	RNA5141	81	12	3.430133362295589e-05	1.4699399798701052e-05	1.0	148148.14814814815
chr17	72239251	72239332	RNA5142	81	13	0.0001107933476305139	1.469590006308863e-05	1.0	160493.82716049382
chr17	72239362	72239443	RNA5143	81	17	2.4299400673252764e-05	0.0	1.0	209876.54320987655
chr17	72240608	72240914	RNA5144	306	60	0.0003251099493202919	1.469744984206045e-05	1.0	196078.431372549
chr17	72276920	72277521	RNA5145	601	115	3.4765952343305944e-05	0.0	1.0	191347.7537437604
chr17	72280495	72281096	RNA5146	601	110	0.020294624801483054	1.4694850051455433e-05	0.9727272727272728	183028.28618968386
chr17	72280895	72281496	RNA5147	601	99	0.012045030165563266	1.4696400285174605e-05	0.9797979797979798	164725.45757071546
chr17	73092825	73092906	RNA5148	81	15	1.0776500009039106e-05	0.0	1.0	185185.18518518517
chr17	73094260	73094861	RNA5149	601	126	0.006955030531694243	1.469569997425424e-05	0.9761904761904762	209650.5823627288
chr17	73094539	73095531	RNA5150	992	204	0.006794323940824799	0.0	0.9852941176470589	205645.1612903226
chr17	73095884	73096485	RNA5151	601	115	0.01025720376813336	0.0	0.9826086956521739	191347.7537437604
chr17	73098758	73099359	RNA5152	601	123	5.61701255305422e-05	1.4696799553348685e-05	1.0	204658.90183028288
chr17	73120438	73120842	RNA5153	401	66	0.029198196345036682	1.4696799553348685e-05	0.9696969696969697	164588.52867830422
chr17	73646686	73647287	RNA5154	601	129	2.9398381138181053e-05	0.0	1.0	214642.2628951747
chr17	73694601	73695593	RNA5155	992	207	0.018281141384737774	1.4699399798701052e-05	0.9758454106280193	208669.3548387097
chr17	73727961	73728953	RNA5156	992	225	0.0048465991511855225	1.469549988541985e-05	0.9955555555555555	226814.51612903224
chr17	73729401	73730393	RNA5157	992	221	0.006612930160401147	0.0	0.9773755656108597	222782.25806451612
chr17	74016016	74017008	RNA5158	992	228	0.011137165885250058	1.4696799553348685e-05	0.9736842105263158	229838.70967741933
chr17	74016035	74017027	RNA5159	992	228	0.011136779008941292	1.4696599919261644e-05	0.9736842105263158	229838.70967741933
chr17	74019601	74020593	RNA5160	992	203	8.126512142633646e-05	1.4696400285174605e-05	1.0	204637.09677419357
chr17	74769421	74770413	RNA5161	991	232	0.01918579613460883	1.4696799553348685e-05	0.9698275862068966	234106.9626639758
chr17	76134791	76135097	RNA5162	306	58	1.6473253426422757e-05	1.4696400285174605e-05	1.0	189542.4836601307
chr17	76388425	76388955	RNA5163	513	102	0.05883746119521746	1.4724049833603203e-05	0.9411764705882353	198830.40935672514
chr17	76389107	76389360	RNA5164	253	54	0.018542479344281066	1.4698749964736635e-05	0.9814814814814815	213438.7351778656
chr17	76981175	76981481	RNA5165	306	60	0.03359157970955191	7.347950031544315e-06	0.95	196078.431372549
chr17	77018661	77018742	RNA5166	81	23	0.03894668458902426	1.4697199731017465e-05	0.9565217391304348	283950.6172839506
chr17	77079298	77079604	RNA5167	306	75	0.051558682499441295	1.469590006308863e-05	0.92	245098.03921568627
chr17	77079524	77079830	RNA5168	306	57	0.07410174077457461	1.4699399798701052e-05	0.8771929824561403	186274.50980392157
chr17	77235264	77235570	RNA5169	306	0				0.0
chr17	77235655	77235961	RNA5170	304	0				0.0
chr17	77239438	77239744	RNA5171	305	64	0.01600387083007604	1.4711049971083412e-05	0.984375	209836.0655737705
chr17	77505109	77505213	RNA5172	104	21	0.04762674730469977	1.4697699953103438e-05	0.9523809523809523	201923.07692307694
chr17	77508801	77509402	RNA5173	601	99	0.07936479468685549	1.4697199731017465e-05	0.9090909090909091	164725.45757071546
chr17	78144547	78144853	RNA5174	306	61	0.0545198186869651	1.4697699953103438e-05	0.9344262295081968	199346.40522875817
chr17	78783645	78784637	RNA5175	992	189	0.010876063732789513	0.0	0.9894179894179894	190524.1935483871
chr17	80253793	80254323	RNA5176	478	92	0.025689322123090944	1.4696799553348685e-05	0.9565217391304348	192468.61924686193
chr17	80256640	80257170	RNA5177	529	129	0.004003953647198197	0.0	0.9922480620155039	243856.33270321361
chr17	80256909	80257439	RNA5178	516	125	0.00820594800786057	1.4699399798701052e-05	0.984	242248.06201550385
chr17	80257134	80257664	RNA5179	509	110	0.008297485105677795	1.4700500287290199e-05	0.9818181818181818	216110.01964636543
chr17	80260448	80260701	RNA5180	101	27	0.03122660854889411	1.5000599887571298e-05	0.9629629629629629	267326.73267326737
chr17	80260451	80260704	RNA5181	98	24	0.035129934617505874	1.8238350094179623e-05	0.9583333333333334	244897.95918367346
chr17	80260484	80260737	RNA5182	65	16	0.05268840225130589	2.173714983655373e-05	0.9375	246153.84615384616
chr17	80260570	80260823	RNA5183	4	0				0.0
chr17	81394099	81394629	RNA5184	530	113	0.0024277198876312676	1.4694200217491016e-05	0.9911504424778761	213207.54716981133
chr17	81394115	81394645	RNA5185	530	111	0.0024713302189427818	1.4694200217491016e-05	0.990990990990991	209433.96226415096
chr17	81394194	81394447	RNA5186	253	46	0.005926368713279885	1.4694649962621043e-05	0.9782608695652174	181818.18181818182
chr17	81394442	81394972	RNA5187	530	112	0.0019493882243263431	1.469509970775107e-05	0.9910714285714286	211320.75471698114
chr17	81394597	81394850	RNA5188	253	49	0.004218516744505009	1.469509970775107e-05	0.9795918367346939	193675.88932806323
chr17	81474171	81474275	RNA5189	104	31	1.8966884014052113e-05	1.4698999621032272e-05	1.0	298076.92307692306
chr17	81491240	81491493	RNA5190	253	55	0.036469945230568214	1.4704200111737007e-05	0.9454545454545454	217391.30434782608
chr17	82077941	82078247	RNA5191	304	99	0.017781138635223435	1.4698500308440998e-05	0.9696969696969697	325657.8947368421
chr17	82358298	82358828	RNA5192	529	110	0.01830450249884631	1.4696800008096034e-05	0.9727272727272728	207939.50850661626
chr17	82358612	82358716	RNA5193	104	20	0.00022119987638688602	1.4697050119139021e-05	1.0	192307.6923076923
chr17	82384561	82384814	RNA5194	252	68	0.028076943413345674	1.4697900041937828e-05	0.9558823529411765	269841.2698412698
chr17	82452472	82452576	RNA5195	104	23	1.4773191295440167e-05	0.0	1.0	221153.84615384616
chr17	82453052	82453156	RNA5196	104	14	1.4699042757065227e-05	0.0	1.0	134615.3846153846
chr17	82490690	82490794	RNA5197	104	15	1.3718173492331214e-05	1.4696799553348685e-05	1.0	144230.76923076922
chr17	82492159	82492263	RNA5198	104	25	0.0009270554426984732	1.4697699953103438e-05	1.0	240384.6153846154
chr17	82506352	82506456	RNA5199	104	15	0.00010201962686550356	0.0	1.0	144230.76923076922
chr17	83243734	83243838	RNA5200	0	0				
chr17	83245540	83246070	RNA5201	0	0				
chr18	10283	10592	RNA5202	11	0				0.0
chr18	22868	23177	RNA5203	0	0				
chr18	25769	26078	RNA5204	0	0				
chr18	122702	123011	RNA5205	309	0				0.0
chr18	295312	296262	RNA5206	942	195	0.00014370099465733298	0.0	1.0	207006.3694267516
chr18	547747	548196	RNA5207	448	110	0.02743928442592236	1.4706700312672185e-05	0.9727272727272728	245535.71428571426
chr18	591741	592190	RNA5208	398	71	0.0045926173462107695	1.4698100130772218e-05	0.9859154929577465	178391.95979899497
chr18	592708	593157	RNA5209	449	64	0.015773081973193822	1.4697050119139021e-05	0.984375	142538.97550111357
chr18	712788	713237	RNA5210	449	112	0.00903619917452098	1.4697699953103438e-05	0.9910714285714286	249443.20712694878
chr18	714358	714807	RNA5211	449	63	0.026903989927415665	0.0	0.9365079365079365	140311.8040089087
chr18	718247	718696	RNA5212	446	98	0.01451194145303296	0.0	0.9693877551020408	219730.94170403588
chr18	819636	819782	RNA5213	146	20	0.0002944818812466039	1.4727299912919989e-05	1.0	136986.301369863
chr18	915021	915470	RNA5214	447	103	0.009746376981506152	1.4698500308440998e-05	0.9902912621359223	230425.05592841163
chr18	921575	921884	RNA5215	309	62	0.016151792487151748	1.4696999642183075e-05	0.9838709677419355	200647.2491909385
chr18	2505484	2506031	RNA5216	547	102	0.021139403345431688	7.348399776674342e-06	0.9607843137254902	186471.66361974407
chr18	2505527	2505669	RNA5217	142	31	0.06941888805636888	1.4698999621032272e-05	0.8709677419354839	218309.85915492955
chr18	2505920	2506049	RNA5218	129	19	1.6245774053167457e-05	0.0	1.0	147286.82170542638
chr18	3013512	3013590	RNA5219	78	20	1.2236559678055099e-05	0.0	1.0	256410.25641025638
chr18	3064652	3065199	RNA5220	545	106	0.03654593427239339	1.4700700376124589e-05	0.9433962264150944	194495.4128440367
chr18	3064781	3065328	RNA5221	545	113	0.025449202002446082	1.4698999621032272e-05	0.9557522123893806	207339.4495412844
chr18	3066056	3066603	RNA5222	538	104	0.00441485362569857	0.0	0.9711538461538461	193308.5501858736
chr18	3281368	3281915	RNA5223	542	106	0.02328007268535554	1.469724975322606e-05	0.9716981132075472	195571.95571955718
chr18	3281518	3282065	RNA5224	528	99	0.02044691937158179	1.4698100130772218e-05	0.9797979797979798	187500.0
chr18	3383683	3384230	RNA5225	547	124	0.0019717550502601575	1.4698100130772218e-05	0.9919354838709677	226691.04204753198
chr18	3488812	3488890	RNA5226	78	0				0.0
chr18	3489629	3489707	RNA5227	78	12	1.2252966750262809e-05	1.4698349787067855e-05	1.0	153846.15384615384
chr18	3490007	3490085	RNA5228	65	10	0.09995709490194712	1.5211299796646927e-05	0.9	153846.15384615384
chr18	4455408	4455486	RNA5229	78	29	9.671968968930366e-06	0.0	1.0	371794.8717948718
chr18	4455482	4455560	RNA5230	78	31	0.0007615628515967729	0.0	1.0	397435.89743589744
chr18	4455501	4455579	RNA5231	78	24	3.4372233509807114e-05	1.4720400031364989e-05	1.0	307692.3076923077
chr18	4485763	4486071	RNA5232	308	51	0.01971966031009751	1.4698100130772218e-05	0.9803921568627451	165584.41558441558
chr18	4593288	4593835	RNA5233	547	91	0.01151550720278264	1.4698999621032272e-05	0.989010989010989	166361.9744058501
chr18	4610303	4611253	RNA5234	950	176	0.011182966057715885	7.349899988184916e-06	0.9829545454545454	185263.15789473685
chr18	4759003	4759149	RNA5235	146	25	0.038700594639485636	1.469590006308863e-05	0.92	171232.87671232875
chr18	4761644	4761851	RNA5236	207	40	0.021018839812791158	7.347950031544315e-06	0.975	193236.71497584542
chr18	4772809	4773118	RNA5237	309	68	0.05185486272961604	1.4696999642183075e-05	0.9264705882352942	220064.72491909386
chr18	5139392	5140342	RNA5238	950	194	0.008610161843825686	1.4696400285174605e-05	0.9845360824742269	204210.5263157895
chr18	5140418	5141368	RNA5239	947	172	0.003570051710656028	0.0	0.9941860465116279	181626.1879619852
chr18	5140423	5140501	RNA5240	78	16	1.1944606171709893e-05	0.0	1.0	205128.20512820513
chr18	5141020	5141970	RNA5241	947	168	0.009591571289022445	0.0	0.9761904761904762	177402.32312565998
chr18	5299259	5300209	RNA5242	950	194	0.025012239436101792	7.347549853875535e-06	0.9484536082474226	204210.5263157895
chr18	5302479	5302608	RNA5243	129	24	0.04341746027205317	1.4696799553348685e-05	0.9583333333333334	186046.51162790696
chr18	5305497	5306447	RNA5244	944	194	0.016147451410393164	0.0	0.979381443298969	205508.4745762712
chr18	5347073	5348023	RNA5245	947	188	0.004856481514668709	0.0	0.9893617021276596	198521.64730728616
chr18	5631769	5631915	RNA5246	146	24	0.0006357470681071584	1.4696149719384266e-05	1.0	164383.5616438356
chr18	5633422	5633551	RNA5247	129	25	1.76381241180934e-05	1.4697199731017465e-05	1.0	193798.4496124031
chr18	5633562	5633708	RNA5248	146	29	2.4833192834066394e-05	1.469509970775107e-05	1.0	198630.13698630137
chr18	5634639	5634768	RNA5249	129	21	0.006590172339201668	1.4699799976369832e-05	0.9523809523809523	162790.69767441862
chr18	5635312	5635761	RNA5250	449	91	0.01675208008410853	1.4698500308440998e-05	0.967032967032967	202672.60579064587
chr18	5636621	5636767	RNA5251	146	27	0.0002482559620720725	0.0	1.0	184931.50684931505
chr18	5637509	5637651	RNA5252	142	17	0.03777061744275509	0.0	0.9411764705882353	119718.30985915492
chr18	5638499	5638628	RNA5253	129	24	0.026758055548270928	1.4698749964736635e-05	0.9583333333333334	186046.51162790696
chr18	6443320	6443466	RNA5254	146	38	0.0004542560908416072	0.0	1.0	260273.9726027397
chr18	6444345	6444474	RNA5255	129	28	4.724595295815731e-05	1.4698500308440998e-05	1.0	217054.26356589148
chr18	6444991	6445137	RNA5256	146	28	2.6258493107885154e-05	0.0	1.0	191780.8219178082
chr18	6449064	6449193	RNA5257	123	31	0.020011291968946725	1.6112400771817192e-05	0.9354838709677419	252032.52032520322
chr18	6449362	6449508	RNA5258	146	39	0.025661000371772574	0.0	0.9743589743589743	267123.2876712329
chr18	6450646	6450775	RNA5259	129	28	0.015006220795450125	0.0	0.9642857142857143	217054.26356589148
chr18	6453716	6454666	RNA5260	948	196	0.021885858730892858	0.0	0.9642857142857143	206751.05485232067
chr18	6650300	6650442	RNA5261	142	31	1.2327770960954724e-05	1.4697199731017465e-05	1.0	218309.85915492955
chr18	6709914	6710060	RNA5262	146	26	3.0533327215097825e-05	1.4696999642183075e-05	1.0	178082.19178082192
chr18	6710231	6710373	RNA5263	142	27	9.798829591158278e-06	0.0	1.0	190140.84507042254
chr18	6711142	6711284	RNA5264	142	26	7.46324665389904e-05	0.0	1.0	183098.5915492958
chr18	6930416	6930558	RNA5265	142	23	2.2366486321159855e-05	0.0	1.0	161971.8309859155
chr18	6930741	6930883	RNA5266	142	26	0.006411755479383338	1.4698299764859257e-05	0.9615384615384616	183098.5915492958
chr18	6936253	6936395	RNA5267	142	23	8.499809052369065e-05	1.469590006308863e-05	1.0	161971.8309859155
chr18	7271700	7271829	RNA5268	129	33	0.0025436382872033965	1.473540032748133e-05	1.0	255813.9534883721
chr18	7466748	7467295	RNA5269	547	126	0.00839560459531813	0.0	0.9841269841269841	230347.3491773309
chr18	7469948	7470090	RNA5270	142	31	8.060529023256798e-06	0.0	1.0	218309.85915492955
chr18	8409839	8409968	RNA5271	129	25	1.234595591085963e-05	0.0	1.0	193798.4496124031
chr18	8411706	8412014	RNA5272	308	56	3.2807774654686425e-05	7.34664990886813e-06	1.0	181818.18181818182
chr18	8424235	8424389	RNA5273	154	41	0.022423778437392104	0.0	0.9512195121951219	266233.7662337662
chr18	8608831	8609038	RNA5274	207	47	0.03317251920454625	1.4701099644298664e-05	0.9574468085106383	227053.14009661836
chr18	9007945	9008023	RNA5275	78	15	2.0585246177986508e-05	0.0	1.0	192307.6923076923
chr18	9055799	9056107	RNA5276	308	65	0.01365444074048215	0.0	0.9846153846153847	211038.96103896102
chr18	9056515	9056823	RNA5277	308	65	0.01631329187071409	0.0	0.9846153846153847	211038.96103896102
chr18	9056871	9057179	RNA5278	308	48	0.016650606602847045	0.0	0.9791666666666666	155844.15584415584
chr18	9402474	9402782	RNA5279	308	59	3.4382029020810166e-05	0.0	1.0	191558.44155844155
chr18	9403817	9404125	RNA5280	308	64	9.922397524064351e-05	0.0	1.0	207792.2077922078
chr18	9424778	9425086	RNA5281	308	68	0.006904746939573453	0.0	0.9705882352941176	220779.22077922078
chr18	9538224	9538431	RNA5282	207	24	0.04166789793290112	0.0	0.9583333333333334	115942.02898550725
chr18	9539216	9539423	RNA5283	207	42	2.5570990384858505e-05	1.4698999621032272e-05	1.0	202898.5507246377
chr18	9542079	9542286	RNA5284	207	42	0.055727014498123534	1.4705250123370206e-05	0.9285714285714286	202898.5507246377
chr18	9633973	9634180	RNA5285	207	50	2.4994567684187803e-05	1.4698749964736635e-05	1.0	241545.89371980674
chr18	9634690	9634897	RNA5286	207	40	0.0036769441322576264	1.4709350125485798e-05	0.975	193236.71497584542
chr18	9707913	9708120	RNA5287	207	47	0.020119014510899116	1.4701099644298664e-05	0.9361702127659575	227053.14009661836
chr18	9879762	9879895	RNA5288	131	23	0.0001158018236784876	0.0	1.0	175572.51908396944
chr18	10205959	10206909	RNA5289	950	208	0.004951135775819725	7.347300197579898e-06	0.9951923076923077	218947.36842105264
chr18	10258548	10258856	RNA5290	308	73	3.82774554191814e-05	0.0	1.0	237012.987012987
chr18	10609405	10609612	RNA5291	207	45	0.005561493724316171	0.0	0.9777777777777777	217391.30434782608
chr18	10659873	10660019	RNA5292	146	30	0.03188122953439839	0.0	0.9666666666666667	205479.4520547945
chr18	11254386	11254515	RNA5293	129	38	0.00011798303198941649	7.348200142587302e-06	1.0	294573.64341085276
chr18	11587814	11587943	RNA5294	129	24	0.041525795603812796	1.4696799553348685e-05	0.9583333333333334	186046.51162790696
chr18	11589675	11589817	RNA5295	142	50	0.0001261714123029285	1.470200004405342e-05	1.0	352112.676056338
chr18	12407720	12407874	RNA5296	154	53	0.00023188118709339503	1.4699799976369832e-05	1.0	344155.8441558442
chr18	12728989	12729118	RNA5297	129	0				0.0
chr18	12729031	12729160	RNA5298	128	0				0.0
chr18	12733022	12733151	RNA5299	129	0				0.0
chr18	13149401	13149530	RNA5300	129	22	0.00011758687415666724	0.0	1.0	170542.63565891472
chr18	13149438	13149567	RNA5301	129	22	0.005836399489784194	0.0	0.9545454545454546	170542.63565891472
chr18	13150999	13151128	RNA5302	129	22	1.0023277189413255e-05	7.348399776674342e-06	1.0	170542.63565891472
chr18	13189459	13189613	RNA5303	154	0				0.0
chr18	13191420	13191574	RNA5304	152	27	3.616194448517547e-05	1.4700300198455809e-05	1.0	177631.57894736843
chr18	13191532	13191686	RNA5305	154	23	0.05146004404132722	0.0	0.9130434782608695	149350.64935064936
chr18	13655103	13655257	RNA5306	154	34	4.4964269604585535e-05	0.0	1.0	220779.22077922078
chr18	13655201	13655355	RNA5307	154	27	0.03315278963897003	1.4696400285174605e-05	0.9629629629629629	175324.67532467534
chr18	13655376	13655530	RNA5308	154	22	1.1357172752468614e-05	0.0	1.0	142857.14285714284
chr18	13765654	13765783	RNA5309	129	21	1.960302874760514e-05	1.47024002217222e-05	1.0	162790.69767441862
chr18	13878130	13878263	RNA5310	133	24	2.9396042009466128e-05	1.469590006308863e-05	1.0	180451.12781954886
chr18	13925096	13925404	RNA5311	308	50	0.051421610715024144	0.0	0.94	162337.66233766233
chr18	14400760	14400914	RNA5312	154	31	0.00037078750738732527	1.469549988541985e-05	1.0	201298.70129870131
chr18	14503414	14503621	RNA5313	207	0				0.0
chr18	14644978	14645111	RNA5314	133	0				0.0
chr18	14657245	14657378	RNA5315	133	0				0.0
chr18	14658980	14659113	RNA5316	133	0				0.0
chr18	15295723	15295856	RNA5317	133	54	0.018538115703702514	7.348399776674342e-06	0.9814814814814815	406015.0375939849
chr18	15295748	15295881	RNA5318	133	48	0.00010043245401902415	7.348200142587302e-06	1.0	360902.2556390977
chr18	15295749	15295882	RNA5319	133	48	0.00010043245401902415	7.348200142587302e-06	1.0	360902.2556390977
chr18	15792459	15792613	RNA5320	0	0				
chr18	15803708	15803841	RNA5321	0	0				
chr18	15807095	15807224	RNA5322	0	0				
chr18	18994499	18994655	RNA5323	0	0				
chr18	19959664	19960286	RNA5324	0	0				
chr18	23035810	23035966	RNA5325	156	44	1.839711583008817e-05	1.4699799976369832e-05	1.0	282051.28205128206
chr18	23983422	23983578	RNA5326	156	24	0.00047158061549149467	1.4698100130772218e-05	1.0	153846.15384615384
chr18	23984053	23984209	RNA5327	156	32	4.042950564552934e-05	0.0	1.0	205128.20512820513
chr18	23985217	23985839	RNA5328	622	99	0.0005718383882328506	1.469509970775107e-05	0.98989898989899	159163.98713826365
chr18	23985961	23986117	RNA5329	156	38	2.746149177829694e-05	1.4696150174131617e-05	1.0	243589.7435897436
chr18	24405492	24405648	RNA5330	156	25	0.040007646195990676	1.4698100130772218e-05	0.96	160256.41025641028
chr18	24407071	24407227	RNA5331	156	29	2.9405152386531257e-05	1.4698500308440998e-05	1.0	185897.4358974359
chr18	24424804	24424960	RNA5332	156	28	4.515012493096777e-05	0.0	1.0	179487.1794871795
chr18	24714469	24715091	RNA5333	461	117	0.03343401099195594	0.0	0.9316239316239316	253796.09544468546
chr18	24714589	24715211	RNA5334	396	120	0.03246549187350259	0.0	0.9416666666666667	303030.30303030304
chr18	24714607	24715229	RNA5335	378	119	0.032737388813602435	0.0	0.9411764705882353	314814.81481481483
chr18	24998096	24998252	RNA5336	156	30	5.898769965521448e-06	0.0	1.0	192307.6923076923
chr18	24998650	24999272	RNA5337	621	119	6.072724351701868e-05	0.0	1.0	191626.40901771336
chr18	24998660	24999282	RNA5338	621	120	6.034373232068798e-05	7.349499810516136e-06	1.0	193236.71497584542
chr18	25060481	25061103	RNA5339	621	118	0.0027566309365777064	1.469785001972923e-05	0.9830508474576272	190016.10305958134
chr18	26000566	26001188	RNA5340	622	120	4.976397566830584e-05	0.0	1.0	192926.04501607714
chr18	28557894	28558050	RNA5341	154	33	0.030395952554334308	1.4758799807168543e-05	0.9696969696969697	214285.71428571426
chr18	29924351	29924973	RNA5342	516	116	0.02129903492635972	0.0	0.9568965517241379	224806.2015503876
chr18	31184703	31184903	RNA5343	200	32	1.424673436645122e-05	7.352499778789934e-06	1.0	160000.0
chr18	34948301	34948504	RNA5344	203	29	7.603841211299556e-06	0.0	1.0	142857.14285714284
chr18	35181814	35182014	RNA5345	200	0				0.0
chr18	36072402	36072602	RNA5346	200	33	0.0003516763244161548	0.0	1.0	165000.0
chr18	36104044	36104244	RNA5347	200	34	8.215079400114893e-06	0.0	1.0	170000.0
chr18	36107428	36107628	RNA5348	200	45	0.00024564686294373283	1.4696400285174605e-05	1.0	225000.0
chr18	36272546	36272746	RNA5349	200	35	0.009709076274754928	1.4696400285174605e-05	0.9428571428571428	175000.0
chr18	36272664	36272864	RNA5350	200	29	7.755914082044658e-05	1.469590006308863e-05	1.0	145000.0
chr18	36293965	36294165	RNA5351	200	32	4.822339502652525e-05	0.0	1.0	160000.0
chr18	37232754	37232848	RNA5352	94	16	2.5722325347027343e-05	0.0	1.0	170212.7659574468
chr18	37233809	37234009	RNA5353	200	40	1.543695248074073e-05	7.349499810516136e-06	1.0	200000.0
chr18	39029511	39029714	RNA5354	203	34	3.512068216128952e-05	7.368999831669498e-06	1.0	167487.68472906403
chr18	39803798	39804001	RNA5355	203	35	1.8061277296508118e-05	0.0	1.0	172413.7931034483
chr18	39833301	39833504	RNA5356	203	20	8.45703823870213e-05	0.0	1.0	98522.16748768474
chr18	39838634	39838837	RNA5357	202	39	1.8590889899661966e-05	0.0	1.0	193069.30693069307
chr18	40110689	40110892	RNA5358	200	39	2.9032874198697087e-05	0.0	1.0	195000.0
chr18	40110771	40110974	RNA5359	200	40	0.01800309703562561	1.4704599834658438e-05	0.975	200000.0
chr18	40114997	40115200	RNA5360	203	67	7.965870407866129e-05	1.4698100130772218e-05	1.0	330049.2610837438
chr18	40891796	40891999	RNA5361	203	49	2.1239934354449623e-05	0.0	1.0	241379.3103448276
chr18	41134124	41134218	RNA5362	93	20	0.003944712561406043	1.4801649740547871e-05	0.95	215053.76344086023
chr18	41134644	41134844	RNA5363	200	59	4.13433038729459e-05	0.0	1.0	295000.0
chr18	42120339	42120433	RNA5364	94	10	1.4712590109411395e-05	1.4714550161443185e-05	1.0	106382.97872340426
chr18	42124848	42124942	RNA5365	94	23	0.00034267796783513257	1.4697699953103438e-05	1.0	244680.8510638298
chr18	42130611	42130705	RNA5366	94	20	0.049974268154119275	0.0	0.95	212765.95744680852
chr18	43164427	43164521	RNA5367	94	19	1.0055663216534364e-05	1.469590006308863e-05	1.0	202127.65957446807
chr18	43164835	43164929	RNA5368	94	18	7.3491499076933705e-06	0.0	1.0	191489.36170212764
chr18	43168691	43168785	RNA5369	94	8	9.187287673739775e-06	0.0	1.0	85106.3829787234
chr18	43942905	43942999	RNA5370	94	21	2.1004476322901414e-05	0.0	1.0	223404.2553191489
chr18	44650689	44650892	RNA5371	202	45	6.508795884453615e-05	1.469590006308863e-05	1.0	222772.27722772278
chr18	46475104	46475320	RNA5372	216	29	2.1812572695437243e-05	0.0	1.0	134259.25925925927
chr18	47186857	47186951	RNA5373	94	12	0.009739234319340538	1.4700699921377236e-05	0.9166666666666666	127659.57446808509
chr18	50441950	50442166	RNA5374	216	35	0.017617142299838764	0.0	0.9714285714285714	162037.03703703702
chr18	51286980	51287196	RNA5375	216	39	0.023780429443039066	1.4698100130772218e-05	0.9743589743589743	180555.55555555556
chr18	51305401	51305617	RNA5376	216	55	3.8226435605214236e-05	0.0	1.0	254629.62962962966
chr18	51330127	51330343	RNA5377	216	48	7.745134416836385e-05	1.4696999642183075e-05	1.0	222222.22222222222
chr18	52311787	52312003	RNA5378	216	43	1.6750916159272992e-05	1.4698100130772218e-05	1.0	199074.07407407407
chr18	52313965	52314181	RNA5379	216	52	0.0036727924536640215	0.0	0.9807692307692307	240740.74074074073
chr18	52319026	52319242	RNA5380	216	37	0.008405313217268926	0.0	0.972972972972973	171296.29629629632
chr18	52319799	52320015	RNA5381	216	46	1.6298141259618588e-05	0.0	1.0	212962.96296296298
chr18	52339374	52339590	RNA5382	216	45	1.3065917866899529e-05	1.4694200217491016e-05	1.0	208333.33333333334
chr18	54052716	54052790	RNA5383	74	15	4.8010919393461905e-05	1.4697699953103438e-05	1.0	202702.70270270272
chr18	54054606	54054793	RNA5384	187	35	3.82262380558755e-05	0.0	1.0	187165.77540106952
chr18	54060986	54061390	RNA5385	404	69	0.005286145251783886	0.0	0.9710144927536232	170792.07920792082
chr18	56193641	56193857	RNA5386	216	30	0.0058459615406718434	1.4701349755341653e-05	0.9333333333333333	138888.8888888889
chr18	56347195	56347411	RNA5387	216	46	0.022085901063351423	1.469785001972923e-05	0.9782608695652174	212962.96296296298
chr18	56595435	56595622	RNA5388	187	33	0.000857612620193595	1.4699799976369832e-05	1.0	176470.58823529413
chr18	57044975	57045191	RNA5389	216	45	0.0010516217230057557	1.4698999621032272e-05	1.0	208333.33333333334
chr18	57045184	57045400	RNA5390	216	36	0.009769193614905207	1.4698549875902245e-05	0.9722222222222222	166666.66666666666
chr18	57052201	57052417	RNA5391	216	38	0.02633203735534775	7.349499810516136e-06	0.9736842105263158	175925.92592592593
chr18	57434529	57434603	RNA5392	74	12	7.582666739835986e-06	0.0	1.0	162162.16216216216
chr18	57434545	57434761	RNA5393	216	36	0.0017549970431345032	0.0	0.9722222222222222	166666.66666666666
chr18	57435008	57435224	RNA5394	216	72	0.0009313657504637546	1.470434972361545e-05	0.9861111111111112	333333.3333333333
chr18	57435074	57435290	RNA5395	216	67	0.0010245930442674242	1.4710200048284603e-05	0.9850746268656716	310185.18518518517
chr18	57527001	57527188	RNA5396	187	28	0.004675771302540197	0.0	0.9642857142857143	149732.6203208556
chr18	57623180	57623367	RNA5397	187	40	1.5084962547006967e-05	7.35079993319232e-06	1.0	213903.743315508
chr18	57623977	57624164	RNA5398	187	34	0.011808452271158303	0.0	0.9411764705882353	181818.18181818182
chr18	57625819	57626223	RNA5399	404	74	0.00133618529311993	1.4699199709866662e-05	0.9864864864864865	183168.31683168316
chr18	57902289	57902476	RNA5400	187	21	4.1298138144366196e-05	1.4697199731017465e-05	1.0	112299.46524064172
chr18	57904928	57905115	RNA5401	186	37	0.0008178184630810995	0.0	1.0	198924.7311827957
chr18	57906468	57906655	RNA5402	187	52	0.0017763838915330833	1.4699199709866662e-05	0.9807692307692307	278074.86631016043
chr18	58040965	58041181	RNA5403	210	30	4.4173832854226664e-05	1.4696999642183075e-05	1.0	142857.14285714284
chr18	58432169	58432733	RNA5404	564	88	0.023767646459294734	0.0	0.9545454545454546	156028.36879432623
chr18	58433054	58433128	RNA5405	74	17	3.2871806551526966e-05	1.4700700376124589e-05	1.0	229729.72972972973
chr18	58440589	58440663	RNA5406	74	11	1.4698418040511156e-05	1.4696799553348685e-05	1.0	148648.64864864867
chr18	58445044	58445118	RNA5407	5	20	0.0018766663053611157	1.2444599633454345e-05	1.0	4000000.0
chr18	58454154	58454228	RNA5408	74	11	0.00017903512244546378	1.4696400285174605e-05	1.0	148648.64864864867
chr18	58456695	58456769	RNA5409	74	10	0.10007349096840698	1.470025017624721e-05	0.9	135135.13513513515
chr18	58629872	58629946	RNA5410	74	15	0.09426962040621827	0.0	0.8666666666666667	202702.70270270272
chr18	58630187	58630591	RNA5411	404	44	0.022747798661446886	0.0	0.9772727272727273	108910.8910891089
chr18	58648670	58649074	RNA5412	404	60	0.00022273298694320328	0.0	1.0	148514.8514851485
chr18	58650068	58650472	RNA5413	404	76	0.016493796826376927	1.4697199731017465e-05	0.9736842105263158	188118.81188118813
chr18	58650537	58650724	RNA5414	187	35	0.028740274940927117	1.4697199731017465e-05	0.9714285714285714	187165.77540106952
chr18	58839995	58840399	RNA5415	404	82	0.024406562134018026	0.0	0.975609756097561	202970.29702970298
chr18	58842987	58843391	RNA5416	404	89	0.000730366507657767	0.0	0.9887640449438202	220297.0297029703
chr18	58859809	58860213	RNA5417	404	67	0.003553136462557371	0.0	0.9850746268656716	165841.58415841585
chr18	59215238	59215378	RNA5418	140	24	2.817037905818032e-05	1.469744984206045e-05	1.0	171428.57142857142
chr18	59426037	59426111	RNA5419	74	9	4.2464542982787624e-05	0.0	1.0	121621.62162162163
chr18	59720025	59720429	RNA5420	404	67	0.005139661753972501	0.0	0.9850746268656716	165841.58415841585
chr18	61794236	61794452	RNA5421	216	36	0.0019725261487969336	1.4696800008096034e-05	0.9722222222222222	166666.66666666666
chr18	62594812	62595376	RNA5422	559	4	3.936507482648926e-05	2.5461150471528526e-05	1.0	7155.6350626118065
chr18	62622661	62622848	RNA5423	187	39	0.0028697381400585647	0.0	0.9743589743589743	208556.1497326203
chr18	62986533	62987097	RNA5424	564	85	0.017496251738060995	1.4697199731017465e-05	0.9647058823529412	150709.21985815602
chr18	62987095	62987659	RNA5425	563	123	0.017244014284069558	0.0	0.975609756097561	218472.46891651864
chr18	62991014	62991578	RNA5426	564	105	0.00028320424525667034	0.0	1.0	186170.21276595743
chr18	63381656	63381796	RNA5427	140	24	1.5927508305442945e-05	7.349050065386109e-06	1.0	171428.57142857142
chr18	63382082	63382646	RNA5428	564	111	1.615796122063563e-05	1.4696400285174605e-05	1.0	196808.51063829788
chr18	63387680	63388244	RNA5429	564	120	0.012889124214946908	0.0	0.9833333333333333	212765.95744680852
chr18	63450288	63450362	RNA5430	74	0				0.0
chr18	63458988	63459552	RNA5431	564	136	0.01533105410247598	7.347300197579898e-06	0.9852941176470589	241134.75177304962
chr18	63645406	63645810	RNA5432	404	0				0.0
chr18	64040341	64040481	RNA5433	140	28	1.1024821560565604e-05	0.0	1.0	200000.0
chr18	64040656	64040796	RNA5434	140	21	1.960886177021831e-05	1.4699399798701052e-05	1.0	150000.0
chr18	64040766	64040906	RNA5435	140	26	2.092954628096636e-05	0.0	1.0	185714.2857142857
chr18	64511916	64512056	RNA5436	140	20	8.093184987956192e-06	0.0	1.0	142857.14285714284
chr18	64513727	64513867	RNA5437	140	27	0.0371236617364856	0.0	0.9629629629629629	192857.14285714287
chr18	64523234	64523374	RNA5438	140	22	0.0004120935303200686	0.0	1.0	157142.85714285713
chr18	64527008	64527572	RNA5439	564	112	0.05201214431414363	1.4696799553348685e-05	0.9464285714285714	198581.56028368796
chr18	65240490	65240630	RNA5440	140	39	0.032666762243747934	0.0	0.9487179487179487	278571.4285714286
chr18	66051575	66051919	RNA5441	344	81	1.0893522161450153e-05	0.0	1.0	235465.11627906977
chr18	66621388	66621537	RNA5442	149	30	0.016349613068177858	0.0	0.9666666666666667	201342.2818791946
chr18	67913178	67913278	RNA5443	100	20	1.0291849866916891e-05	0.0	1.0	200000.0
chr18	68123633	68124197	RNA5444	557	126	0.019809704181813086	0.0	0.9761904761904762	226211.84919210055
chr18	68588407	68588659	RNA5445	252	52	0.00424470109064364	1.4697450296807801e-05	0.9807692307692307	206349.20634920633
chr18	68612860	68613118	RNA5446	258	41	0.020051935850549447	1.4698999621032272e-05	0.975609756097561	158914.72868217053
chr18	69142867	69143007	RNA5447	140	22	0.04078319550531391	0.0	0.9545454545454546	157142.85714285713
chr18	69399747	69400091	RNA5448	344	64	4.7778171520459886e-05	1.4696400285174605e-05	1.0	186046.51162790696
chr18	70361326	70361670	RNA5449	342	57	3.553257157730651e-05	1.4699399798701052e-05	1.0	166666.66666666666
chr18	70364959	70365303	RNA5450	344	60	0.03816836956113244	1.4698749964736635e-05	0.95	174418.6046511628
chr18	70366957	70367106	RNA5451	149	25	1.469733597332379e-05	0.0	1.0	167785.23489932888
chr18	70371938	70372282	RNA5452	344	55	0.018206465460422223	1.4696799553348685e-05	0.9818181818181818	159883.72093023258
chr18	70987153	70987302	RNA5453	149	28	0.013642536590525972	0.0	0.9642857142857143	187919.46308724832
chr18	70987180	70987524	RNA5454	344	53	0.02709104331207304	0.0	0.9433962264150944	154069.76744186046
chr18	70987293	70987637	RNA5455	344	59	0.02432854776541994	1.4697199731017465e-05	0.9491525423728814	171511.62790697673
chr18	70987438	70987587	RNA5456	149	25	2.645884382218023e-05	1.4697199731017465e-05	1.0	167785.23489932888
chr18	70987767	70987916	RNA5457	149	0				0.0
chr18	70988526	70988870	RNA5458	344	0				0.0
chr18	72216354	72216698	RNA5459	335	75	0.026684366961308114	0.0	0.9733333333333334	223880.59701492538
chr18	72216501	72216650	RNA5460	149	29	0.03449189536896201	1.4725400433235336e-05	0.9655172413793104	194630.87248322146
chr18	72217447	72217547	RNA5461	100	18	0.029910244087305828	0.0	0.9444444444444444	180000.0
chr18	72221505	72221763	RNA5462	258	44	2.2413040782831695e-05	0.0	1.0	170542.63565891472
chr18	72223328	72223607	RNA5463	279	54	0.0001742316276418163	1.471189989388222e-05	1.0	193548.38709677418
chr18	72223852	72224160	RNA5464	308	59	0.00043333813106474127	0.0	1.0	191558.44155844155
chr18	72226030	72226179	RNA5465	149	26	1.9798869183992134e-05	1.4700699921377236e-05	1.0	174496.64429530202
chr18	72228672	72228821	RNA5466	149	35	0.028626076080035995	0.0	0.9714285714285714	234899.3288590604
chr18	72314475	72314727	RNA5467	252	57	0.009673807691047327	1.4696799553348685e-05	0.9824561403508771	226190.47619047618
chr18	72496681	72496830	RNA5468	149	27	0.03704575789635311	0.0	0.9629629629629629	181208.05369127516
chr18	72736659	72736759	RNA5469	100	14	9.345297894469423e-05	0.0	1.0	140000.0
chr18	72738801	72738901	RNA5470	100	12	0.0003860049987451834	1.4703499800816644e-05	1.0	120000.0
chr18	72740834	72740934	RNA5471	100	12	1.5926766839887325e-05	7.349699899350526e-06	1.0	120000.0
chr18	72882359	72882459	RNA5472	100	23	2.1774743562785584e-05	0.0	1.0	230000.0
chr18	72883269	72883369	RNA5473	100	28	0.0004887803935227012	0.0	1.0	280000.0
chr18	72972746	72972846	RNA5474	100	22	0.00022334176934566153	1.4708700291521382e-05	1.0	220000.0
chr18	73036106	73036364	RNA5475	258	55	0.01820266744758886	0.0	0.9818181818181818	213178.2945736434
chr18	73094478	73094736	RNA5476	257	49	0.04388813836378956	1.4704200111737007e-05	0.9183673469387755	190661.47859922177
chr18	73095272	73095530	RNA5477	253	51	0.0007535993295723668	0.0	1.0	201581.0276679842
chr18	73266818	73267076	RNA5478	258	44	0.023474061069216325	0.0	0.9772727272727273	170542.63565891472
chr18	73266922	73267180	RNA5479	258	48	0.0006977231491305192	1.4695950085297227e-05	1.0	186046.51162790696
chr18	73270434	73270686	RNA5480	252	54	0.03706507287413977	0.0	0.9629629629629629	214285.71428571426
chr18	73278457	73278715	RNA5481	258	58	7.475622385691872e-05	1.4696999642183075e-05	1.0	224806.2015503876
chr18	73279804	73280056	RNA5482	252	44	4.9128089172384295e-05	1.4698099676024867e-05	1.0	174603.1746031746
chr18	73282400	73282652	RNA5483	216	58	0.015150685471216374	1.488920042902464e-05	0.9655172413793104	268518.51851851854
chr18	73716682	73716934	RNA5484	252	51	0.0009522303999427294	0.0	1.0	202380.9523809524
chr18	73717068	73717320	RNA5485	252	56	0.007643318143826554	0.0	0.9821428571428571	222222.22222222222
chr18	73717179	73717431	RNA5486	252	55	4.944820648233456e-05	0.0	1.0	218253.96825396825
chr18	73886802	73886902	RNA5487	100	20	0.0008340817647876856	1.469764993089484e-05	1.0	200000.0
chr18	74247214	74247472	RNA5488	258	48	2.0596151917590274e-05	0.0	1.0	186046.51162790696
chr18	74425617	74425869	RNA5489	252	55	0.003328466311987456	1.470159986638464e-05	0.9818181818181818	218253.96825396825
chr18	75154800	75155130	RNA5490	330	89	0.011364936852505395	0.0	0.9887640449438202	269696.9696969697
chr18	75526707	75527015	RNA5491	308	78	0.038054105175794974	1.4697699953103438e-05	0.9615384615384616	253246.75324675321
chr18	75641035	75641379	RNA5492	344	78	0.0007332695683124601	1.4696599919261644e-05	1.0	226744.1860465116
chr18	75786744	75787023	RNA5493	279	60	0.003753321873197513	7.347950031544315e-06	0.9833333333333333	215053.76344086023
chr18	76501327	76501635	RNA5494	308	0				0.0
chr18	76501568	76501876	RNA5495	308	0				0.0
chr18	76502071	76502220	RNA5496	149	0				0.0
chr18	76504356	76504664	RNA5497	308	0				0.0
chr18	76670499	76670807	RNA5498	302	71	0.034788234961614393	1.4699799976369832e-05	0.9577464788732394	235099.33774834438
chr18	76672536	76672844	RNA5499	308	58	0.0026764397302156675	1.469549988541985e-05	0.9827586206896551	188311.6883116883
chr18	76673993	76674301	RNA5500	308	63	0.03176423185079098	1.4698500308440998e-05	0.9682539682539683	204545.45454545456
chr18	76696916	76697195	RNA5501	279	54	0.016676388518135354	0.0	0.9814814814814815	193548.38709677418
chr18	76778835	76779114	RNA5502	279	65	0.0007858170244966988	1.4698100130772218e-05	1.0	232974.91039426523
chr18	76779213	76779492	RNA5503	279	61	0.024325172456033734	1.4696799553348685e-05	0.9672131147540983	218637.99283154123
chr18	76973289	76973568	RNA5504	279	45	0.024035164676408587	0.0	0.9555555555555556	161290.32258064515
chr18	76973763	76974042	RNA5505	279	52	2.628745190891722e-05	7.347950031544315e-06	1.0	186379.9283154122
chr18	76974318	76974597	RNA5506	279	50	4.8799579453765926e-05	1.4696999642183075e-05	1.0	179211.46953405018
chr18	77792807	77793115	RNA5507	308	57	0.0001353845845458827	0.0	1.0	185064.93506493507
chr18	77798600	77798879	RNA5508	279	52	0.002291510975265524	1.4698100130772218e-05	0.9807692307692307	186379.9283154122
chr18	77868395	77868495	RNA5509	100	22	0.04550265546843299	0.0	0.9545454545454546	220000.0
chr18	78244382	78244640	RNA5510	258	53	0.016485199013485087	1.4697699953103438e-05	0.9811320754716981	205426.3565891473
chr18	78348029	78348281	RNA5511	252	58	7.096917231357456e-06	0.0	1.0	230158.73015873015
chr18	79062833	79063163	RNA5512	330	86	0.001260992799299934	0.0	0.9883720930232558	260606.0606060606
chr18	80106851	80107181	RNA5513	330	45	0.014929858327842438	0.0	0.9777777777777777	136363.63636363635
chr18	80107518	80107848	RNA5514	330	46	2.269358259107075e-05	0.0	1.0	139393.9393939394
chr18	80108307	80108637	RNA5515	330	77	9.621390992313757e-05	1.4698999621032272e-05	1.0	233333.33333333334
chr18	80251017	80251347	RNA5516	330	0				0.0
chr18	80251019	80251349	RNA5517	330	0				0.0
chr18	80260008	80260338	RNA5518	330	0				0.0
chr19	277934	278369	RNA5519	435	94	0.018027660268449215	0.0	0.9787234042553191	216091.9540229885
chr19	461531	461608	RNA5520	62	0				0.0
chr19	526226	526303	RNA5521	77	17	4.0699070161593526e-05	1.4718900274601763e-05	1.0	220779.22077922078
chr19	529080	529157	RNA5522	77	28	2.520536801446815e-05	1.470220013288781e-05	1.0	363636.36363636365
chr19	584553	584630	RNA5523	77	34	0.05883866133238852	1.4698500308440998e-05	0.9411764705882353	441558.44155844155
chr19	584569	584646	RNA5524	77	35	0.028586127360046832	1.4697699953103438e-05	0.9714285714285714	454545.45454545453
chr19	672271	672348	RNA5525	77	18	1.3914466712271355e-05	1.4713250038767e-05	1.0	233766.23376623375
chr19	1175862	1176297	RNA5526	435	78	0.006132786986071525	1.4707599802932236e-05	0.9743589743589743	179310.3448275862
chr19	1239641	1240076	RNA5527	435	109	0.0018534771345687004	1.4699399798701052e-05	0.9908256880733946	250574.71264367815
chr19	1239741	1240176	RNA5528	435	103	0.001958877256937147	1.4696799553348685e-05	0.9902912621359223	236781.6091954023
chr19	1279962	1280397	RNA5529	435	125	4.223379954782672e-05	1.4699799976369832e-05	1.0	287356.3218390804
chr19	1281914	1282349	RNA5530	204	6	1.4714749795530224e-05	1.4711299627379049e-05	1.0	29411.764705882353
chr19	1382364	1382799	RNA5531	435	86	3.9501865262003614e-05	7.348399776674342e-06	1.0	197701.14942528735
chr19	1573405	1573482	RNA5532	77	11	5.347709206530866e-06	0.0	1.0	142857.14285714284
chr19	2063305	2063463	RNA5533	158	42	0.024169353815934637	1.4704150089528412e-05	0.9761904761904762	265822.7848101266
chr19	2066590	2067025	RNA5534	434	0				0.0
chr19	3048506	3048664	RNA5535	156	47	0.00010462954695809102	1.473320025979774e-05	1.0	301282.05128205125
chr19	3131669	3131827	RNA5536	156	37	0.005593398067356097	0.0	0.972972972972973	237179.48717948716
chr19	3135694	3135852	RNA5537	136	52	0.03365828177860608	1.4740350252395729e-05	0.8846153846153846	382352.94117647054
chr19	3164382	3164540	RNA5538	158	39	0.12821681983615024	1.4698500308440998e-05	0.8717948717948718	246835.4430379747
chr19	3166317	3166475	RNA5539	156	32	0.021014745641025453	1.4704150089528412e-05	0.96875	205128.20512820513
chr19	3209670	3209828	RNA5540	158	30	0.025694567331205075	1.4699599887535442e-05	0.9333333333333333	189873.417721519
chr19	3470273	3470955	RNA5541	682	135	0.01813778679885824	0.0	0.9703703703703703	197947.21407624634
chr19	4291851	4292009	RNA5542	158	35	0.023556684766013598	0.0	0.9428571428571428	221518.98734177212
chr19	5368665	5368742	RNA5543	77	11	5.7501100441586394e-05	1.4706700312672185e-05	1.0	142857.14285714284
chr19	6209553	6209988	RNA5544	430	45	0.023200862732321376	1.4698999621032272e-05	0.9777777777777777	104651.16279069768
chr19	7307125	7307807	RNA5545	676	0				0.0
chr19	8038735	8039417	RNA5546	671	122	0.022885253309036888	1.4699599887535442e-05	0.9508196721311475	181818.18181818182
chr19	8041182	8041864	RNA5547	682	139	0.015687178446222517	1.4698500308440998e-05	0.9712230215827338	203812.31671554255
chr19	8041408	8041566	RNA5548	158	35	1.2478628481663431e-05	0.0	1.0	221518.98734177212
chr19	8047435	8048117	RNA5549	663	139	0.023609699255803532	0.0	0.9568345323741008	209653.0920060332
chr19	8489125	8489807	RNA5550	682	175	0.011482222044448591	1.4699799976369832e-05	0.9885714285714285	256598.2404692082
chr19	8489257	8489939	RNA5551	682	182	0.016679571479621548	1.4699150142405415e-05	0.978021978021978	266862.1700879765
chr19	8489362	8490044	RNA5552	682	184	0.016481246435744095	0.0	0.9782608695652174	269794.7214076246
chr19	9321058	9321740	RNA5553	641	164	0.021509145209060207	1.4698100130772218e-05	0.9695121951219512	255850.23400936034
chr19	10952697	10953530	RNA5554	830	146	0.014093621393348164	1.4696799553348685e-05	0.9794520547945206	175903.6144578313
chr19	10952746	10953137	RNA5555	391	55	0.0008118009637076808	1.4696799553348685e-05	1.0	140664.96163682864
chr19	13156042	13156724	RNA5556	682	154	0.006873889561598817	0.0	0.987012987012987	225806.4516129032
chr19	14781478	14781564	RNA5557	86	21	0.021495275310631508	0.0	0.9523809523809523	244186.0465116279
chr19	14836887	14837278	RNA5558	391	0				0.0
chr19	14838450	14839283	RNA5559	833	0				0.0
chr19	14930946	14931779	RNA5560	833	197	0.005848303480233137	0.0	0.9898477157360406	236494.59783913565
chr19	14931251	14932084	RNA5561	833	198	0.018380526326813872	1.4697199731017465e-05	0.9747474747474747	237695.07803121247
chr19	14931418	14931809	RNA5562	391	102	0.010524295506198256	0.0	0.9803921568627451	260869.5652173913
chr19	14931472	14932305	RNA5563	833	193	0.017924515869557758	1.4696799553348685e-05	0.9740932642487047	231692.67707082833
chr19	14932587	14932978	RNA5564	391	65	0.031506025831549773	0.0	0.9538461538461539	166240.40920716114
chr19	14932933	14933324	RNA5565	391	79	0.027546718370196017	1.4699799976369832e-05	0.9493670886075949	202046.0358056266
chr19	16690399	16690790	RNA5566	375	74	0.02530792761699312	1.4812649624218466e-05	0.972972972972973	197333.33333333334
chr19	16694108	16694941	RNA5567	824	145	0.03221998566687347	1.4700700376124589e-05	0.9586206896551724	175970.87378640778
chr19	16694936	16695327	RNA5568	382	74	0.01645451339145192	7.351649855991127e-06	0.972972972972973	193717.277486911
chr19	16695143	16695534	RNA5569	378	72	0.00027202378434291183	0.0	1.0	190476.19047619047
chr19	16695192	16696025	RNA5570	820	155	0.001351813011335191	0.0	0.9935483870967742	189024.39024390245
chr19	16696858	16697691	RNA5571	830	133	0.019874653790171382	1.470159986638464e-05	0.9774436090225563	160240.9638554217
chr19	16823095	16823928	RNA5572	833	175	0.005792396719968692	1.4699399798701052e-05	0.9942857142857143	210084.03361344538
chr19	16825156	16825547	RNA5573	391	73	0.0003459092615529418	0.0	1.0	186700.76726342711
chr19	18782345	18782431	RNA5574	86	24	1.8995816655355635e-05	0.0	1.0	279069.76744186046
chr19	19560821	19560907	RNA5575	86	16	1.6545050186772437e-05	7.349250154220499e-06	1.0	186046.51162790696
chr19	19756112	19756198	RNA5576	86	0				0.0
chr19	19756260	19756346	RNA5577	86	0				0.0
chr19	20322530	20322616	RNA5578	86	0				0.0
chr19	20323417	20323503	RNA5579	86	0				0.0
chr19	20323421	20323507	RNA5580	86	0				0.0
chr19	20759919	20760310	RNA5581	389	82	0.02475964383891151	1.4700900010211626e-05	0.975609756097561	210796.9151670951
chr19	20761135	20761968	RNA5582	826	210	0.00957832481981746	1.4746649867447559e-05	0.9904761904761905	254237.2881355932
chr19	20762617	20762703	RNA5583	86	18	0.008107997962623712	1.4697050119139021e-05	0.9444444444444444	209302.32558139536
chr19	22792123	22792531	RNA5584	408	0				0.0
chr19	22802106	22802284	RNA5585	178	0				0.0
chr19	24421905	24422231	RNA5586	0	0				
chr19	24446590	24446676	RNA5587	0	0				
chr19	27249552	27249730	RNA5588	178	0				0.0
chr19	27249860	27249939	RNA5589	79	0				0.0
chr19	27250507	27250653	RNA5590	146	0				0.0
chr19	27250557	27250965	RNA5591	408	0				0.0
chr19	27390429	27390977	RNA5592	520	0				0.0
chr19	27418360	27418768	RNA5593	408	0				0.0
chr19	27418985	27419163	RNA5594	178	0				0.0
chr19	27419368	27419776	RNA5595	408	0				0.0
chr19	27423099	27423507	RNA5596	408	0				0.0
chr19	27423448	27423626	RNA5597	178	0				0.0
chr19	27425041	27425219	RNA5598	178	0				0.0
chr19	28042579	28042980	RNA5599	401	94	0.010649243223318252	0.0	0.9893617021276596	234413.9650872818
chr19	28042816	28043224	RNA5600	408	87	2.280647471518537e-05	0.0	1.0	213235.29411764705
chr19	28043542	28043720	RNA5601	178	37	4.490075086839237e-05	0.0	1.0	207865.16853932585
chr19	28045529	28045937	RNA5602	408	87	0.0002805715548988529	1.4699399798701052e-05	1.0	213235.29411764705
chr19	28051169	28051347	RNA5603	178	56	0.01788548813918363	7.347749942709925e-06	0.9821428571428571	314606.7415730337
chr19	28051566	28051974	RNA5604	408	100	0.02021640475563799	1.469529979658546e-05	0.96	245098.03921568627
chr19	28186232	28186410	RNA5605	178	32	3.9506747015131763e-05	7.348200142587302e-06	1.0	179775.2808988764
chr19	28283585	28283911	RNA5606	326	89	0.033469739138494776	1.4727999769093005e-05	0.9438202247191011	273006.13496932515
chr19	28728262	28728670	RNA5607	408	0				0.0
chr19	29015508	29015686	RNA5608	164	0				0.0
chr19	29202225	29202551	RNA5609	326	71	0.00787270283868104	1.469549988541985e-05	0.9859154929577465	217791.4110429448
chr19	29262631	29262957	RNA5610	326	71	7.431704143271262e-05	0.0	1.0	217791.4110429448
chr19	29266111	29266437	RNA5611	326	76	0.006891209869715898	0.0	0.9605263157894737	233128.8343558282
chr19	29617523	29617849	RNA5612	326	0				0.0
chr19	29619030	29619356	RNA5613	326	0				0.0
chr19	29621751	29622077	RNA5614	326	79	0.02248372322430694	1.469549988541985e-05	0.9620253164556962	242331.28834355826
chr19	29833270	29833414	RNA5615	144	37	0.00022898741207353284	1.47024002217222e-05	1.0	256944.4444444444
chr19	29862020	29862500	RNA5616	480	103	0.02699046068238265	1.4700300198455809e-05	0.970873786407767	214583.3333333333
chr19	29895044	29895134	RNA5617	90	19	0.002684816317636622	1.4712800293636974e-05	0.9473684210526315	211111.11111111112
chr19	30141550	30141629	RNA5618	0	0				
chr19	30714941	30715267	RNA5619	326	68	0.014721230307219123	0.0	0.9852941176470589	208588.9570552147
chr19	31022757	31022903	RNA5620	146	29	0.034489858465411964	0.0	0.9655172413793104	198630.13698630137
chr19	31079757	31079836	RNA5621	79	20	0.050020579460169745	1.469764993089484e-05	0.95	253164.55696202532
chr19	31148115	31148194	RNA5622	79	12	6.123849971118034e-06	0.0	1.0	151898.7341772152
chr19	31148450	31148529	RNA5623	79	23	1.5339860866606936e-05	0.0	1.0	291139.2405063291
chr19	31431149	31431228	RNA5624	79	18	7.758793844913633e-05	7.349499810516136e-06	1.0	227848.10126582277
chr19	31431670	31431749	RNA5625	77	21	4.2883229633881655e-05	1.4854400433250705e-05	1.0	272727.2727272727
chr19	31432025	31432104	RNA5626	79	14	1.5749892684522352e-05	7.348200142587302e-06	1.0	177215.18987341772
chr19	31432765	31433313	RNA5627	548	111	0.009158898323303298	1.4696400285174605e-05	0.990990990990991	202554.74452554746
chr19	31700771	31701172	RNA5628	401	101	0.03179527838328975	1.4696799553348685e-05	0.9405940594059405	251870.3241895262
chr19	31780754	31780900	RNA5629	146	26	0.00033859564844253395	1.4698100130772218e-05	1.0	178082.19178082192
chr19	31781456	31781602	RNA5630	146	25	1.3524515743479925e-05	0.0	1.0	171232.87671232875
chr19	31782309	31782455	RNA5631	146	29	2.5851079169958607e-05	1.4698500308440998e-05	1.0	198630.13698630137
chr19	32078354	32078500	RNA5632	146	34	4.928424087826011e-05	7.349050065386109e-06	1.0	232876.7123287671
chr19	32083622	32083768	RNA5633	146	30	0.033363229606644985	0.0	0.9666666666666667	205479.4520547945
chr19	32122029	32122175	RNA5634	146	27	0.07415139540858541	1.4698100130772218e-05	0.9259259259259259	184931.50684931505
chr19	32193568	32193647	RNA5635	79	9	2.2865222793673425e-05	0.0	1.0	113924.05063291139
chr19	32290695	32291243	RNA5636	548	98	0.021253585217724615	0.0	0.9795918367346939	178832.11678832117
chr19	32337456	32338004	RNA5637	548	97	0.0019341723157866829	1.469590006308863e-05	0.9896907216494846	177007.299270073
chr19	32338810	32339358	RNA5638	548	102	0.019813382707757135	1.469569997425424e-05	0.9705882352941176	186131.38686131386
chr19	32488150	32488698	RNA5639	548	107	1.5522948602647328e-05	1.469590006308863e-05	1.0	195255.47445255474
chr19	32489081	32489629	RNA5640	548	122	0.0092367604381744	0.0	0.9836065573770492	222627.7372262774
chr19	32499282	32499830	RNA5641	548	90	0.01112532117553605	0.0	0.9888888888888889	164233.57664233577
chr19	32511564	32511812	RNA5642	247	53	0.02004731778799636	1.471759969717823e-05	0.9811320754716981	214574.8987854251
chr19	32588116	32588517	RNA5643	401	90	0.03343857661231797	0.0	0.9666666666666667	224438.90274314216
chr19	32593254	32593655	RNA5644	401	121	0.068011839916369	1.4696400285174605e-05	0.9256198347107438	301745.63591022446
chr19	32593540	32593941	RNA5645	400	98	0.031292132190767964	1.4697199731017465e-05	0.9693877551020408	245000.0
chr19	32715222	32715623	RNA5646	401	72	0.00026280113077821536	1.470005008741282e-05	1.0	179551.1221945137
chr19	32715572	32715980	RNA5647	408	76	0.00014763351640268208	0.0	1.0	186274.50980392157
chr19	32715760	32716161	RNA5648	401	72	0.00015439504084547697	0.0	1.0	179551.1221945137
chr19	32715911	32716312	RNA5649	399	74	0.00010949111185402108	0.0	1.0	185463.65914786965
chr19	32875158	32875336	RNA5650	178	48	0.023989015027154892	1.4710400137118995e-05	0.9583333333333334	269662.9213483146
chr19	33076406	33076552	RNA5651	145	32	0.004964503908553292	1.4714550161443185e-05	0.96875	220689.6551724138
chr19	33384987	33385535	RNA5652	539	111	0.006855994233856188	0.0	0.9819819819819819	205936.9202226345
chr19	33599956	33600045	RNA5653	89	15	0.04641568594015552	0.0	0.8666666666666667	168539.32584269662
chr19	33618247	33618648	RNA5654	358	64	0.04071652526508273	7.349250154220499e-06	0.9375	178770.9497206704
chr19	33819740	33819884	RNA5655	144	23	1.0864639040411692e-05	0.0	1.0	159722.22222222222
chr19	33852835	33853315	RNA5656	480	88	0.004309313671921117	0.0	0.9772727272727273	183333.3333333333
chr19	33896218	33896308	RNA5657	90	16	0.00013872736229813442	0.0	1.0	177777.77777777778
chr19	34522476	34522802	RNA5658	326	41	0.0036637635935997935	1.4704200111737007e-05	0.9512195121951219	125766.87116564417
chr19	34718066	34718210	RNA5659	144	15	0.008973016378210245	1.4699399798701052e-05	0.9333333333333333	104166.66666666667
chr19	34748444	34748924	RNA5660	480	91	0.020885858061194657	1.4699399798701052e-05	0.8791208791208791	189583.3333333333
chr19	34780810	34781290	RNA5661	478	115	0.03188071755951608	1.4710600225953384e-05	0.9304347826086956	240585.7740585774
chr19	34781419	34781563	RNA5662	144	21	0.04145430018104975	0.0	0.9523809523809523	145833.33333333334
chr19	34784718	34785198	RNA5663	480	85	8.281157445119514e-05	1.471579980716342e-05	1.0	177083.33333333334
chr19	34784905	34785049	RNA5664	144	23	2.9061574186133378e-05	1.4906199794495478e-05	1.0	159722.22222222222
chr19	34788374	34788464	RNA5665	90	9	8.166288959425097e-06	0.0	1.0	100000.0
chr19	34873244	34873334	RNA5666	90	18	0.0012617356845920633	0.0	1.0	200000.0
chr19	34875186	34875666	RNA5667	480	84	0.01630028961026905	0.0	0.9761904761904762	175000.0
chr19	34875756	34875900	RNA5668	144	32	0.031281699468593153	0.0	0.96875	222222.22222222222
chr19	34877072	34877552	RNA5669	469	110	0.0006709160499915653	1.470200004405342e-05	0.990909090909091	234541.5778251599
chr19	34878045	34878135	RNA5670	90	20	0.05000735088997317	7.348399776674342e-06	0.95	222222.22222222222
chr19	34884888	34885032	RNA5671	144	25	1.0612332080199848e-05	1.469590006308863e-05	1.0	173611.1111111111
chr19	34946574	34946664	RNA5672	90	14	3.14922999677881e-05	1.469510016249842e-05	1.0	155555.55555555556
chr19	34947881	34948025	RNA5673	144	27	0.01121658902135364	1.4698100130772218e-05	0.9629629629629629	187500.0
chr19	34948165	34948255	RNA5674	90	14	0.017888184781895685	2.3742699340800755e-05	0.8571428571428571	155555.55555555556
chr19	34951798	34952278	RNA5675	473	15	0.020937950652235787	1.515930034656776e-05	0.9333333333333333	31712.47357293869
chr19	34991054	34991144	RNA5676	90	14	0.0714600677846907	1.469744984206045e-05	0.9285714285714286	155555.55555555556
chr19	35824629	35824773	RNA5677	144	9	1.7967233260504952e-05	0.0	1.0	62500.0
chr19	35886897	35887377	RNA5678	480	106	0.005444218082449773	1.469590006308863e-05	0.9811320754716981	220833.3333333333
chr19	35911542	35911632	RNA5679	90	19	2.6306741873619792e-05	1.4699399798701052e-05	1.0	211111.11111111112
chr19	36176312	36176391	RNA5680	79	15	0.06679917635004433	2.965420026157517e-05	0.9333333333333333	189873.417721519
chr19	36442102	36442350	RNA5681	248	61	0.003907334972430614	1.4701099644298664e-05	0.9836065573770492	245967.74193548388
chr19	36792497	36792898	RNA5682	401	0				0.0
chr19	36793266	36793514	RNA5683	156	0				0.0
chr19	36793375	36793623	RNA5684	47	0				0.0
chr19	36793410	36793556	RNA5685	12	0				0.0
chr19	36793441	36793689	RNA5686	0	0				
chr19	36793610	36794158	RNA5687	395	0				0.0
chr19	37719776	37719908	RNA5688	132	40	1.433106006061275e-05	0.0	1.0	303030.30303030304
chr19	37719871	37719960	RNA5689	89	27	0.006652412210112539	1.4698999621032272e-05	0.9629629629629629	303370.78651685396
chr19	37725219	37725467	RNA5690	248	51	0.01966519295950217	1.4697199731017465e-05	0.9803921568627451	205645.1612903226
chr19	37725787	37726035	RNA5691	248	27	1.2527066650768069e-05	1.4701099644298664e-05	1.0	108870.96774193548
chr19	37726062	37726310	RNA5692	248	42	2.1000830829938267e-05	1.469744984206045e-05	1.0	169354.8387096774
chr19	38371883	38372083	RNA5693	200	44	0.0009729449047261523	0.0	1.0	220000.0
chr19	38429177	38429425	RNA5694	248	39	0.0006453182940719797	1.4699399798701052e-05	1.0	157258.06451612903
chr19	38430787	38430876	RNA5695	89	15	1.0919939874535582e-05	0.0	1.0	168539.32584269662
chr19	38430892	38430981	RNA5696	89	13	0.07677261141641514	0.0	0.9230769230769231	146067.4157303371
chr19	38432787	38432876	RNA5697	89	13	0.0001278506596673363	0.0	1.0	146067.4157303371
chr19	38638377	38638466	RNA5698	89	0				0.0
chr19	38639831	38639920	RNA5699	89	12	0.08376326610148983	2.2047800030122744e-05	0.9166666666666666	134831.4606741573
chr19	38646795	38646884	RNA5700	89	16	0.0003473794832871078	1.4766900221729884e-05	1.0	179775.2808988764
chr19	38913788	38914028	RNA5701	239	57	5.305238640798063e-05	1.4697199731017465e-05	1.0	238493.72384937239
chr19	39601200	39601289	RNA5702	89	0				0.0
chr19	39661730	39661820	RNA5703	90	0				0.0
chr19	39663211	39663355	RNA5704	144	0				0.0
chr19	39664449	39664929	RNA5705	480	0				0.0
chr19	40105554	40105876	RNA5706	320	51	0.01966659307812483	0.0	0.9803921568627451	159375.0
chr19	41110119	41110251	RNA5707	132	0				0.0
chr19	41997694	41997826	RNA5708	121	27	4.224918440605997e-05	1.4703299711982254e-05	1.0	223140.4958677686
chr19	42083083	42083215	RNA5709	132	25	0.04001882498385385	1.4697699953103438e-05	0.96	189393.9393939394
chr19	42084113	42084245	RNA5710	132	17	2.251960011241822e-05	1.469590006308863e-05	1.0	128787.87878787878
chr19	42197304	42197436	RNA5711	132	24	7.105159238562771e-05	0.0	1.0	181818.18181818182
chr19	42197617	42197749	RNA5712	132	27	1.4704525778208034e-05	1.4696799553348685e-05	1.0	204545.45454545456
chr19	42263316	42263448	RNA5713	132	25	0.037250974743546966	1.471149971621344e-05	0.96	189393.9393939394
chr19	42312149	42312349	RNA5714	200	33	0.0016589964041927323	0.0	0.9696969696969697	165000.0
chr19	42393047	42393295	RNA5715	248	58	0.017323472650614662	0.0	0.9827586206896551	233870.96774193548
chr19	42720643	42720883	RNA5716	240	0				0.0
chr19	43288107	43288307	RNA5717	200	0				0.0
chr19	43291782	43291914	RNA5718	132	0				0.0
chr19	43319442	43319642	RNA5719	200	0				0.0
chr19	43320029	43320229	RNA5720	200	0				0.0
chr19	43345720	43345920	RNA5721	200	0				0.0
chr19	43345725	43345925	RNA5722	200	0				0.0
chr19	43454225	43454425	RNA5723	200	25	2.1190331826800814e-05	1.4698500308440998e-05	1.0	125000.0
chr19	43596273	43596362	RNA5724	89	29	0.00010137136764412597	1.4694600395159796e-05	1.0	325842.6966292135
chr19	43782943	43783183	RNA5725	239	78	0.018824021144260208	1.4699199709866662e-05	0.9743589743589743	326359.8326359833
chr19	43869168	43869490	RNA5726	322	62	0.04843142426987822	1.4698099676024867e-05	0.9516129032258065	192546.58385093167
chr19	43872092	43872332	RNA5727	240	30	0.03331566535607635	0.0	0.9666666666666667	125000.0
chr19	43872095	43872335	RNA5728	240	29	0.0344644814028376	0.0	0.9655172413793104	120833.33333333333
chr19	44305152	44305392	RNA5729	240	46	0.021765330317402517	0.0	0.9782608695652174	191666.6666666667
chr19	44305346	44305586	RNA5730	240	33	1.4251048317719769e-05	0.0	1.0	137500.0
chr19	44305447	44305687	RNA5731	240	41	1.6131153798352616e-05	0.0	1.0	170833.33333333334
chr19	44314690	44314890	RNA5732	200	26	0.08358356028265217	2.2051299765735166e-05	0.8461538461538461	130000.0
chr19	44904361	44904444	RNA5733	83	30	0.00034343254992562496	1.4698950053571025e-05	1.0	361445.7831325301
chr19	44934379	44934619	RNA5734	240	43	2.770157894955046e-05	1.470159986638464e-05	1.0	179166.66666666666
chr19	44993536	44993858	RNA5735	322	75	0.01717708514223583	0.0	0.9733333333333334	232919.2546583851
chr19	45038229	45038551	RNA5736	322	55	0.0008719169491252434	1.4698500308440998e-05	1.0	170807.45341614904
chr19	45038540	45038862	RNA5737	322	58	1.8032724240362238e-05	0.0	1.0	180124.22360248448
chr19	45305445	45306050	RNA5738	605	111	0.0037274338733245564	1.4697199731017465e-05	0.9819819819819819	183471.0743801653
chr19	45305650	45305972	RNA5739	322	56	0.005605061928430845	1.4696800008096034e-05	0.9821428571428571	173913.04347826086
chr19	45305898	45306220	RNA5740	322	52	0.025116609668185238	0.0	0.9615384615384616	161490.68322981367
chr19	45305940	45306262	RNA5741	322	52	0.025116326912404056	0.0	0.9615384615384616	161490.68322981367
chr19	46084746	46085068	RNA5742	322	74	0.09376498045917656	1.4698999621032272e-05	0.9054054054054054	229813.66459627327
chr19	46418208	46418616	RNA5743	408	39	0.013909728645907867	1.47024002217222e-05	0.9743589743589743	95588.23529411764
chr19	47062443	47062575	RNA5744	132	26	0.038468325299863174	0.0	0.9615384615384616	196969.69696969696
chr19	48330626	48330826	RNA5745	200	40	0.0035926349334886227	0.0	0.975	200000.0
chr19	48868810	48868893	RNA5746	83	14	0.07236074868738536	7.348599865508732e-06	0.9285714285714286	168674.6987951807
chr19	48899771	48900011	RNA5747	240	47	0.02688263648590865	1.4699799976369832e-05	0.9148936170212766	195833.33333333334
chr19	49050939	49051544	RNA5748	602	0				0.0
chr19	49763869	49763952	RNA5749	83	13	5.54364323061878e-05	1.471189989388222e-05	1.0	156626.5060240964
chr19	49817961	49818044	RNA5750	83	23	7.029765267519827e-06	0.0	1.0	277108.4337349398
chr19	49818010	49818093	RNA5751	83	18	1.1430694485170534e-05	1.469569997425424e-05	1.0	216867.4698795181
chr19	49961353	49961958	RNA5752	605	145	0.03450252398501546	0.0	0.9586206896551724	239669.4214876033
chr19	49961694	49961777	RNA5753	83	15	9.024479368235305e-05	0.0	1.0	180722.89156626505
chr19	49962532	49963137	RNA5754	605	129	0.014673818321685655	1.4700700376124589e-05	0.9689922480620154	213223.14049586776
chr19	49962735	49963340	RNA5755	605	131	0.014921673784771553	1.4703699889651034e-05	0.9618320610687023	216528.9256198347
chr19	49962867	49962950	RNA5756	83	24	0.0419001644720538	1.4708700291521382e-05	0.9583333333333334	289156.6265060241
chr19	49963242	49963325	RNA5757	83	12	0.005159013752063392	1.4703499800816644e-05	0.9166666666666666	144578.31325301205
chr19	50082698	50083303	RNA5758	605	0				0.0
chr19	50083257	50083862	RNA5759	605	0				0.0
chr19	50083589	50083911	RNA5760	322	0				0.0
chr19	50164410	50165015	RNA5761	605	86	0.027352031706974485	1.469744984206045e-05	0.9534883720930233	142148.76033057852
chr19	50310767	50311175	RNA5762	407	70	7.592372117608827e-05	1.469549988541985e-05	1.0	171990.171990172
chr19	50854804	50854887	RNA5763	83	14	1.2609642713609251e-05	0.0	1.0	168674.6987951807
chr19	51071216	51071821	RNA5764	595	135	0.0018534746047373957	1.4696400285174605e-05	0.9851851851851852	226890.756302521
chr19	51303321	51303729	RNA5765	408	76	0.013187678215732182	0.0	0.9868421052631579	186274.50980392157
chr19	51377125	51377533	RNA5766	408	0				0.0
chr19	51379367	51379775	RNA5767	408	81	0.02079491803440894	1.4700300198455809e-05	0.9629629629629629	198529.41176470587
chr19	51424418	51424826	RNA5768	408	63	0.006194196234525674	0.0	0.9841269841269841	154411.76470588235
chr19	51425965	51426342	RNA5769	377	77	0.001989079694168763	0.0	0.987012987012987	204244.03183023873
chr19	51430550	51430958	RNA5770	408	73	0.01184573950319633	0.0	0.9863013698630136	178921.568627451
chr19	51502874	51503381	RNA5771	507	0				0.0
chr19	51510241	51510649	RNA5772	408	0				0.0
chr19	52418783	52419191	RNA5773	398	74	0.015845866344104273	0.0	0.9594594594594594	185929.64824120604
chr19	53584658	53584881	RNA5774	223	0				0.0
chr19	54553461	54553544	RNA5775	83	21	0.04794036288595158	1.4700300198455809e-05	0.9523809523809523	253012.04819277106
chr19	55004619	55005224	RNA5776	605	148	0.0015266945592024074	0.0	0.9864864864864865	244628.09917355372
chr19	55385332	55385709	RNA5777	377	93	0.011189124830228244	0.0	0.956989247311828	246684.350132626
chr19	55474507	55475014	RNA5778	507	101	0.011800134145268747	1.4696799553348685e-05	0.9801980198019802	199211.0453648915
chr19	56209497	56209905	RNA5779	406	0				0.0
chr19	56210299	56210676	RNA5780	375	0				0.0
chr19	56210910	56211287	RNA5781	371	0				0.0
chr19	56211126	56211503	RNA5782	377	0				0.0
chr19	56436510	56437017	RNA5783	507	81	0.0005170530761528473	1.4696400285174605e-05	1.0	159763.31360946747
chr19	56436514	56436891	RNA5784	377	61	0.0006805543814048376	0.0	1.0	161803.71352785148
chr19	56437183	56437690	RNA5785	507	122	0.041441755755982496	1.4700900010211626e-05	0.9508196721311475	240631.1637080868
chr19	56437666	56438173	RNA5786	507	87	0.011903058859179609	0.0	0.9885057471264368	171597.63313609466
chr19	56438538	56438915	RNA5787	377	49	0.023772794666948184	0.0	0.9387755102040817	129973.474801061
chr19	56530362	56530739	RNA5788	377	76	0.002983792541236219	0.0	0.9868421052631579	201591.51193633952
chr19	56533586	56534093	RNA5789	507	84	8.805011393199917e-05	1.4697199731017465e-05	1.0	165680.47337278107
chr19	56533747	56534254	RNA5790	507	87	9.312411261241698e-05	1.4697199731017465e-05	1.0	171597.63313609466
chr19	56592187	56592694	RNA5791	506	77	2.4641335254598317e-05	0.0	1.0	152173.91304347827
chr19	57360588	57360965	RNA5792	377	63	0.01902547652507709	1.4699399798701052e-05	0.9523809523809523	167108.75331564987
chr19	57487175	57487682	RNA5793	507	110	0.017575355909866627	0.0	0.9727272727272728	216962.52465483235
chr19	57565382	57565605	RNA5794	223	41	0.00026211260836400414	0.0	1.0	183856.50224215246
chr19	58462799	58463022	RNA5795	223	47	0.005948412904836774	0.0	0.9787234042553191	210762.33183856503
chr19	58550751	58550974	RNA5796	223	62	0.002950083545901207	0.0	0.9838709677419355	278026.90582959645
chr19	58555201	58555424	RNA5797	223	68	0.0009628144371965683	1.469590006308863e-05	0.9852941176470589	304932.73542600893
chr19	58606062	58606285	RNA5798	223	0				0.0
chr19	58606076	58606299	RNA5799	223	0				0.0
chr2	921775	921882	RNA5800	107	28	0.03583764710499183	1.4698950053571025e-05	0.9642857142857143	261682.24299065417
chr2	922526	922633	RNA5801	107	29	6.132729438455381e-05	0.0	1.0	271028.03738317755
chr2	924499	924606	RNA5802	107	18	0.00012249748326412994	1.4698950053571025e-05	1.0	168224.29906542055
chr2	1745134	1745547	RNA5803	412	97	0.028703623792793707	1.4694600395159796e-05	0.9381443298969072	235436.8932038835
chr2	1746541	1746648	RNA5804	107	29	0.0026198225448689242	1.4701099644298664e-05	0.9655172413793104	271028.03738317755
chr2	1748738	1748845	RNA5805	107	24	0.02138472688212308	1.4699199709866662e-05	0.9583333333333334	224299.06542056074
chr2	1748992	1749099	RNA5806	107	17	1.2106411732555203e-05	0.0	1.0	158878.5046728972
chr2	1774667	1774774	RNA5807	107	23	9.457102647581203e-05	0.0	1.0	214953.2710280374
chr2	5724058	5724471	RNA5808	413	87	0.016272522326289614	1.4697199731017465e-05	0.9770114942528736	210653.7530266344
chr2	5920910	5921017	RNA5809	107	0				0.0
chr2	6553367	6553780	RNA5810	411	61	0.016415711865848885	0.0	0.9836065573770492	148418.49148418492
chr2	6554060	6554473	RNA5811	413	78	0.004082399298941033	1.4700700376124589e-05	0.9871794871794872	188861.98547215498
chr2	6555151	6555564	RNA5812	410	93	0.0007382626536714351	0.0	0.989247311827957	226829.26829268294
chr2	6688864	6689277	RNA5813	413	100	0.03411349955361401	1.4703499800816644e-05	0.95	242130.75060532687
chr2	6694019	6694432	RNA5814	413	89	0.009188391680867566	0.0	0.9775280898876404	215496.3680387409
chr2	6712237	6712650	RNA5815	413	84	0.011865500026899447	1.4699199709866662e-05	0.9880952380952381	203389.83050847458
chr2	7652142	7652555	RNA5816	413	77	0.006384021095533615	1.4698100130772218e-05	0.987012987012987	186440.6779661017
chr2	11648363	11648776	RNA5817	413	90	0.0014112652867677526	7.347100108745508e-06	0.9888888888888889	217917.67554479418
chr2	15109323	15109421	RNA5818	98	15	1.4704513462973125e-05	0.0	1.0	153061.22448979592
chr2	15111984	15112364	RNA5819	380	63	1.5236884185769588e-05	1.4722299965796992e-05	1.0	165789.4736842105
chr2	18548492	18548590	RNA5820	98	18	0.05556617060564248	1.4696599919261644e-05	0.9444444444444444	183673.46938775512
chr2	19359448	19359828	RNA5821	380	76	2.9203686979501268e-05	0.0	1.0	200000.0
chr2	19387976	19388074	RNA5822	98	22	0.003991669838094152	1.4696150174131617e-05	1.0	224489.79591836734
chr2	19390756	19390854	RNA5823	98	21	4.013037154695797e-05	0.0	1.0	214285.71428571426
chr2	19395338	19395436	RNA5824	98	16	0.0002912065137934397	1.469764993089484e-05	1.0	163265.30612244896
chr2	19896402	19896500	RNA5825	98	11	4.009599995862862e-06	0.0	1.0	112244.89795918367
chr2	19896442	19896540	RNA5826	98	22	3.3411090705406177e-06	0.0	1.0	224489.79591836734
chr2	19904400	19904780	RNA5827	380	59	0.018217840209988442	1.4697699953103438e-05	0.9661016949152542	155263.15789473685
chr2	20016997	20017095	RNA5828	98	18	2.205631653850553e-05	7.349899988184916e-06	1.0	183673.46938775512
chr2	20017156	20017276	RNA5829	120	28	0.04252802773969831	0.0	0.9285714285714286	233333.33333333334
chr2	20028645	20029025	RNA5830	380	63	0.003958451181331053	1.4697199731017465e-05	0.9841269841269841	165789.4736842105
chr2	20029139	20029519	RNA5831	380	53	0.019037098745375604	0.0	0.9811320754716981	139473.6842105263
chr2	20126790	20127170	RNA5832	380	72	0.01565978139424512	0.0	0.9722222222222222	189473.68421052632
chr2	20127139	20127519	RNA5833	380	84	0.006056542664401555	1.4702650332765188e-05	0.9761904761904762	221052.63157894736
chr2	20152161	20152541	RNA5834	380	68	0.03029346103906337	0.0	0.9558823529411765	178947.36842105264
chr2	20906799	20906897	RNA5835	98	23	0.11314355487470693	1.4696799553348685e-05	0.8695652173913043	234693.8775510204
chr2	21064198	21064578	RNA5836	379	71	0.04222152561058619	0.0	0.9577464788732394	187335.09234828496
chr2	24005767	24005887	RNA5837	120	22	0.001424125157510303	0.0	1.0	183333.3333333333
chr2	24788747	24788845	RNA5838	98	14	0.00676685260512905	1.470200004405342e-05	0.9285714285714286	142857.14285714284
chr2	24789188	24789568	RNA5839	380	86	0.017568064369391134	0.0	0.9651162790697675	226315.7894736842
chr2	24943401	24943521	RNA5840	119	12	2.231892441765478e-05	0.0	1.0	100840.33613445378
chr2	24943408	24943528	RNA5841	120	12	2.231892441765478e-05	0.0	1.0	100000.0
chr2	24943429	24943549	RNA5842	120	13	2.1732607120400463e-05	0.0	1.0	108333.33333333334
chr2	25159644	25159764	RNA5843	120	26	0.039461838804912136	0.0	0.9615384615384616	216666.6666666667
chr2	25159814	25159934	RNA5844	120	17	3.0264276628096796e-05	0.0	1.0	141666.66666666666
chr2	25159887	25160007	RNA5845	120	17	0.05885293369411717	0.0	0.9411764705882353	141666.66666666666
chr2	26033909	26034029	RNA5846	120	45	0.004670486947624236	0.0	0.9777777777777777	375000.0
chr2	27704993	27705228	RNA5847	235	46	0.0013650497110614622	7.347300197579898e-06	0.9782608695652174	195744.68085106384
chr2	29055953	29056073	RNA5848	120	15	0.04093323343907589	0.0	0.9333333333333333	125000.0
chr2	31417304	31417786	RNA5849	482	85	0.00471642159775322	1.4696799553348685e-05	0.9882352941176471	176348.54771784233
chr2	31512664	31512899	RNA5850	235	53	2.7456715079608183e-05	0.0	1.0	225531.914893617
chr2	32352854	32353089	RNA5851	235	53	6.247774516215396e-05	1.4702900443808176e-05	1.0	225531.914893617
chr2	32353960	32354195	RNA5852	235	53	0.006343536770214513	0.0	0.9811320754716981	225531.914893617
chr2	32354164	32354399	RNA5853	235	66	1.963676045719978e-05	1.470025017624721e-05	1.0	280851.06382978725
chr2	32620338	32620573	RNA5854	235	56	0.018401821436831202	0.0	0.9821428571428571	238297.87234042553
chr2	32621490	32621725	RNA5855	235	39	1.4327571895986378e-05	0.0	1.0	165957.44680851063
chr2	32621927	32622398	RNA5856	471	91	2.713586181326317e-05	0.0	1.0	193205.9447983015
chr2	32626827	32627062	RNA5857	235	43	4.0340484765479504e-05	0.0	1.0	182978.72340425532
chr2	33403213	33403298	RNA5858	85	16	0.003682473055334866	0.0	0.9375	188235.29411764705
chr2	33433155	33433390	RNA5859	235	48	0.010214977967943161	0.0	0.9791666666666666	204255.31914893616
chr2	36173573	36173866	RNA5860	293	66	0.0006730536814426449	1.4698100130772218e-05	1.0	225255.97269624574
chr2	36173604	36173724	RNA5861	120	27	1.5788029553799856e-05	1.4698100130772218e-05	1.0	225000.0
chr2	36174682	36175164	RNA5862	482	133	0.03149048239663529	1.4696799553348685e-05	0.9624060150375939	275933.60995850625
chr2	36271810	36272292	RNA5863	482	114	0.0007323340304410161	1.4698100130772218e-05	0.9912280701754386	236514.52282157674
chr2	36325720	36326202	RNA5864	473	101	0.007350445547429143	0.0	0.9702970297029703	213530.6553911205
chr2	36328435	36328917	RNA5865	482	94	4.95961412041717e-05	1.4703499800816644e-05	1.0	195020.74688796682
chr2	36655366	36655848	RNA5866	481	102	0.011646842208927621	1.4696999642183075e-05	0.9803921568627451	212058.21205821208
chr2	36655566	36656048	RNA5867	482	96	0.0047085071847258525	0.0	0.9895833333333334	199170.12448132777
chr2	36655727	36656209	RNA5868	482	97	0.010154397424249157	0.0	0.979381443298969	201244.8132780083
chr2	36656964	36657435	RNA5869	471	97	0.001643125318972207	0.0	0.9896907216494846	205944.7983014862
chr2	36968164	36968243	RNA5870	79	12	6.368609069795223e-05	1.469549988541985e-05	1.0	151898.7341772152
chr2	37164105	37164190	RNA5871	85	0				0.0
chr2	37164449	37164920	RNA5872	471	129	0.09821773100432529	1.4698100130772218e-05	0.8914728682170543	273885.3503184713
chr2	37165645	37166116	RNA5873	471	105	0.0005932195123542802	1.4696799553348685e-05	1.0	222929.9363057325
chr2	37165805	37166276	RNA5874	468	100	0.007001281258717422	0.0	0.99	213675.21367521366
chr2	37373745	37374227	RNA5875	482	103	0.029003783585845596	0.0	0.9611650485436893	213692.94605809127
chr2	37373854	37374089	RNA5876	235	51	0.03748237017247019	0.0	0.9607843137254902	217021.27659574468
chr2	37374305	37374598	RNA5877	293	60	0.046474437787674114	7.349250154220499e-06	0.95	204778.15699658703
chr2	37921859	37921944	RNA5878	85	15	0.06268867722780366	1.4694600395159796e-05	0.8666666666666667	176470.58823529413
chr2	37922184	37922269	RNA5879	85	17	0.05882698722940832	0.0	0.9411764705882353	200000.0
chr2	37922959	37923044	RNA5880	85	22	0.04546790756367872	1.4698100130772218e-05	0.9545454545454546	258823.52941176473
chr2	38378689	38379160	RNA5881	471	85	0.01163169716042723	1.4698500308440998e-05	0.9764705882352941	180467.09129511676
chr2	38380721	38380806	RNA5882	85	19	1.0829447427041535e-05	0.0	1.0	223529.4117647059
chr2	38381228	38381699	RNA5883	464	113	0.008938712222145947	1.4699399798701052e-05	0.9911504424778761	243534.4827586207
chr2	38381506	38381977	RNA5884	471	108	0.013175558565106053	0.0	0.9814814814814815	229299.36305732484
chr2	38381657	38382067	RNA5885	410	94	0.015072206528047704	0.0	0.9787234042553191	229268.29268292684
chr2	38381742	38381827	RNA5886	85	17	7.780858836400404e-06	0.0	1.0	200000.0
chr2	38382048	38382341	RNA5887	292	47	2.2789221068879828e-05	1.4698999621032272e-05	1.0	160958.90410958906
chr2	38382432	38382517	RNA5888	85	3	5.14706637962566e-06	0.0	1.0	35294.117647058825
chr2	38403366	38403659	RNA5889	266	0				0.0
chr2	38403475	38403595	RNA5890	120	0				0.0
chr2	38403487	38403780	RNA5891	225	0				0.0
chr2	38519904	38520197	RNA5892	293	68	0.0003251245171026379	1.4697199731017465e-05	1.0	232081.91126279865
chr2	38531031	38531324	RNA5893	293	50	0.016296903357651896	1.469590006308863e-05	0.98	170648.46416382253
chr2	38610162	38610633	RNA5894	471	65	0.0002883018952930886	0.0	1.0	138004.24628450105
chr2	38621929	38622222	RNA5895	293	76	1.9727310533005552e-05	1.4694850051455433e-05	1.0	259385.6655290102
chr2	39165572	39165657	RNA5896	85	17	1.9042406058676275e-05	1.4707599802932236e-05	1.0	200000.0
chr2	39248338	39248458	RNA5897	120	17	1.124436467387782e-05	1.4698100130772218e-05	1.0	141666.66666666666
chr2	39248542	39248662	RNA5898	120	20	1.910975529425832e-05	0.0	1.0	166666.66666666666
chr2	39248868	39248988	RNA5899	120	26	0.0034504090026879993	1.4697199731017465e-05	0.9615384615384616	216666.6666666667
chr2	39718331	39718451	RNA5900	120	25	1.4109419971642952e-05	1.4696799553348685e-05	1.0	208333.33333333334
chr2	39723192	39723312	RNA5901	120	28	1.259891067612833e-05	1.4696800008096034e-05	1.0	233333.33333333334
chr2	39724572	39724692	RNA5902	120	29	1.5712210181937076e-05	1.4696400285174605e-05	1.0	241666.66666666666
chr2	39724594	39724887	RNA5903	293	71	0.00022574097298453898	0.0	1.0	242320.81911262797
chr2	41137845	41137965	RNA5904	120	30	5.145835997002271e-05	1.469984999857843e-05	1.0	250000.0
chr2	41138500	41138982	RNA5905	482	105	4.1603943533288604e-05	0.0	1.0	217842.3236514523
chr2	41140773	41141047	RNA5906	274	57	0.000426090433967671	0.0	1.0	208029.19708029195
chr2	41142056	41142135	RNA5907	79	18	0.0008157664805771142	1.4704599834658438e-05	1.0	227848.10126582277
chr2	41157712	41157791	RNA5908	79	23	3.203492158955517e-05	1.471759969717823e-05	1.0	291139.2405063291
chr2	41157834	41157913	RNA5909	70	18	0.01624787424963061	7.77555032982491e-06	0.9444444444444444	257142.85714285713
chr2	41157994	41158073	RNA5910	79	0				0.0
chr2	42030402	42030481	RNA5911	79	25	3.414791972318156e-05	0.0	1.0	316455.6962025317
chr2	42031806	42032009	RNA5912	203	38	0.006257586393626533	0.0	0.9736842105263158	187192.118226601
chr2	42032288	42032377	RNA5913	89	27	0.004579273296426597	0.0	0.9629629629629629	303370.78651685396
chr2	42032523	42032602	RNA5914	79	24	2.3924832779201525e-05	7.352699867624324e-06	1.0	303797.4683544304
chr2	42036732	42036881	RNA5915	149	47	0.04520736774805086	1.472060012019938e-05	0.9148936170212766	315436.2416107382
chr2	42038905	42039149	RNA5916	244	51	2.8901551345101213e-05	1.4704200111737007e-05	1.0	209016.39344262297
chr2	42062661	42062740	RNA5917	79	13	1.0177669047642177e-05	0.0	1.0	164556.96202531643
chr2	42115197	42115607	RNA5918	404	86	0.022311614415367477	0.0	0.9534883720930233	212871.28712871287
chr2	42441127	42441598	RNA5919	471	108	0.02781250599894149	1.470005008741282e-05	0.9722222222222222	229299.36305732484
chr2	43044310	43044395	RNA5920	85	21	2.2406942922054254e-05	0.0	1.0	247058.82352941178
chr2	43044382	43044792	RNA5921	410	112	0.017926856622758735	1.4697699953103438e-05	0.9642857142857143	273170.7317073171
chr2	43044940	43045350	RNA5922	410	82	2.7892213194450968e-05	0.0	1.0	200000.0
chr2	43045042	43045452	RNA5923	406	82	0.0013400648202194821	0.0	0.9878048780487805	201970.4433497537
chr2	43045128	43045421	RNA5924	289	60	0.0004285369437487418	0.0	1.0	207612.45674740482
chr2	43046041	43046120	RNA5925	79	13	0.006631306268760579	1.4697699953103438e-05	0.9230769230769231	164556.96202531643
chr2	43606139	43606549	RNA5926	410	97	2.4243996768304097e-05	1.469549988541985e-05	1.0	236585.36585365853
chr2	43609064	43609474	RNA5927	410	105	0.009581764927497712	1.4696400285174605e-05	0.9904761904761905	256097.56097560975
chr2	43609408	43609818	RNA5928	410	108	0.014712905272281874	0.0	0.9722222222222222	263414.6341463415
chr2	44128425	44128545	RNA5929	120	24	1.592254579918482e-05	7.347950031544315e-06	1.0	200000.0
chr2	44131722	44132132	RNA5930	410	112	0.004630413743549458	7.348599865508732e-06	0.9910714285714286	273170.7317073171
chr2	44132790	44133064	RNA5931	274	56	0.000791980951865814	1.4699799976369832e-05	1.0	204379.56204379562
chr2	45030364	45030638	RNA5932	274	42	3.185287148100812e-05	0.0	1.0	153284.67153284673
chr2	45031169	45031443	RNA5933	274	76	0.00781720063216533	1.469744984206045e-05	0.9736842105263158	277372.26277372264
chr2	45031313	45031587	RNA5934	274	74	0.013833584848885647	1.470005008741282e-05	0.9864864864864865	270072.9927007299
chr2	45338905	45339179	RNA5935	274	53	0.018902311255071663	1.4696400285174605e-05	0.9811320754716981	193430.65693430658
chr2	45339895	45340169	RNA5936	274	83	0.0007866408910909311	0.0	0.9879518072289156	302919.7080291971
chr2	45341152	45341426	RNA5937	274	57	7.093753054887869e-05	0.0	1.0	208029.19708029195
chr2	45387887	45387976	RNA5938	89	14	6.3016213971422985e-06	0.0	1.0	157303.37078651684
chr2	45388125	45388274	RNA5939	149	32	1.699679683042351e-05	0.0	1.0	214765.10067114094
chr2	45639031	45639234	RNA5940	203	57	0.020731845489328344	0.0	0.9649122807017544	280788.17733990145
chr2	45642763	45642966	RNA5941	203	53	0.01560560860378005	0.0	0.9622641509433962	261083.74384236455
chr2	45642889	45643092	RNA5942	203	49	0.00024339059942872588	0.0	1.0	241379.3103448276
chr2	45642917	45643066	RNA5943	149	41	0.00027402696557655905	1.4698999621032272e-05	1.0	275167.7852348993
chr2	45643429	45643518	RNA5944	89	22	0.0355001165321069	7.348200142587302e-06	0.9090909090909091	247191.01123595505
chr2	45643688	45643837	RNA5945	149	58	0.005199417999643498	7.347100108745508e-06	0.9655172413793104	389261.74496644293
chr2	45643817	45644061	RNA5946	244	82	0.012247469410007523	1.4699399798701052e-05	0.9878048780487805	336065.5737704918
chr2	45644051	45644254	RNA5947	203	51	0.004470904290446563	0.0	0.9803921568627451	251231.5270935961
chr2	45644495	45644584	RNA5948	89	22	0.00029124872154087417	1.4697000096930424e-05	1.0	247191.01123595505
chr2	45644557	45644706	RNA5949	149	34	7.522975257041028e-05	1.4696799553348685e-05	1.0	228187.91946308725
chr2	45645151	45645240	RNA5950	89	20	0.018706395258550394	0.0	0.95	224719.1011235955
chr2	46686176	46686379	RNA5951	203	44	1.7037352542746755e-05	0.0	1.0	216748.7684729064
chr2	46686404	46686493	RNA5952	89	13	7.914523009206347e-06	0.0	1.0	146067.4157303371
chr2	46686511	46686660	RNA5953	149	37	0.014184241336020146	1.4696400285174605e-05	0.972972972972973	248322.1476510067
chr2	46686664	46686813	RNA5954	149	26	1.0176392396925412e-05	0.0	1.0	174496.64429530202
chr2	46687258	46687347	RNA5955	89	21	2.8711571022055158e-05	1.4703299711982254e-05	1.0	235955.05617977527
chr2	46687289	46687492	RNA5956	203	36	0.00019120014157022477	1.4703499800816644e-05	1.0	177339.90147783252
chr2	46687420	46687569	RNA5957	149	23	0.0001074920266309245	0.0	1.0	154362.41610738254
chr2	46687904	46688178	RNA5958	274	55	8.285970295466906e-05	0.0	1.0	200729.92700729927
chr2	46688950	46689039	RNA5959	89	13	6.7854999332876805e-06	0.0	1.0	146067.4157303371
chr2	46689027	46689230	RNA5960	203	35	0.028593269674508648	0.0	0.9714285714285714	172413.7931034483
chr2	46690417	46690661	RNA5961	244	59	0.021286792311079574	0.0	0.9661016949152542	241803.2786885246
chr2	46694097	46694341	RNA5962	244	48	0.007439508937371401	0.0	0.9791666666666666	196721.31147540984
chr2	46695548	46695792	RNA5963	244	47	0.009211916382984315	0.0	0.9574468085106383	192622.9508196721
chr2	46881621	46881865	RNA5964	244	0				0.0
chr2	46884035	46884279	RNA5965	244	56	0.004660555988704926	1.469549988541985e-05	0.9642857142857143	229508.19672131148
chr2	46898545	46898624	RNA5966	79	23	2.173320887738113e-05	0.0	1.0	291139.2405063291
chr2	46898578	46898822	RNA5967	244	47	0.019216170014473427	0.0	0.9787234042553191	192622.9508196721
chr2	47666697	47666846	RNA5968	149	35	0.028639455680370567	1.4697199731017465e-05	0.9714285714285714	234899.3288590604
chr2	47668060	47668263	RNA5969	203	50	4.6471203077086705e-05	1.469764993089484e-05	1.0	246305.41871921183
chr2	47669991	47670080	RNA5970	89	28	1.1552260697759006e-05	7.348849976551719e-06	1.0	314606.7415730337
chr2	47691720	47691964	RNA5971	244	0				0.0
chr2	47692455	47692865	RNA5972	410	0				0.0
chr2	49903939	49904088	RNA5973	149	33	1.560365779534276e-05	0.0	1.0	221476.5100671141
chr2	49905165	49905409	RNA5974	244	51	0.02712214389025486	1.470159986638464e-05	0.9607843137254902	209016.39344262297
chr2	49907783	49908057	RNA5975	274	55	0.003153564142849061	1.4699399798701052e-05	0.9818181818181818	200729.92700729927
chr2	49907829	49907918	RNA5976	89	14	1.6801542772425038e-05	1.4700700376124589e-05	1.0	157303.37078651684
chr2	49910043	49910246	RNA5977	203	40	4.597697843564428e-05	0.0	1.0	197044.33497536948
chr2	55421895	55421988	RNA5978	93	18	0.006237918927076343	1.4697900041937828e-05	0.9444444444444444	193548.38709677418
chr2	57070148	57070586	RNA5979	438	121	0.024847602006288487	0.0	0.9752066115702479	276255.7077625571
chr2	60101964	60102056	RNA5980	92	12	0.08334680569153836	1.4696800008096034e-05	0.9166666666666666	130434.78260869565
chr2	60102590	60102692	RNA5981	102	19	0.017326374638861653	1.4701099644298664e-05	0.9473684210526315	186274.50980392157
chr2	60111999	60112092	RNA5982	93	18	0.007931427820292604	7.350549822149332e-06	0.9444444444444444	193548.38709677418
chr2	60306033	60306126	RNA5983	93	25	0.0371181463380708	0.0	0.96	268817.20430107525
chr2	60315641	60315734	RNA5984	93	15	1.6657640056412978e-05	1.469590006308863e-05	1.0	161290.32258064515
chr2	60317136	60317229	RNA5985	93	16	1.4698568747917307e-05	1.4697699953103438e-05	1.0	172043.0107526882
chr2	60441322	60441415	RNA5986	93	19	1.2378421017370114e-05	1.4697199731017465e-05	1.0	204301.07526881722
chr2	60442243	60442681	RNA5987	438	100	0.008260653466295478	0.0	0.98	228310.50228310502
chr2	60443043	60443136	RNA5988	93	21	0.0039652195619488476	0.0	0.9523809523809523	225806.4516129032
chr2	60447925	60448018	RNA5989	93	16	0.06250459144388287	1.4699399798701052e-05	0.9375	172043.0107526882
chr2	61063160	61063598	RNA5990	438	92	1.1343203180765357e-05	0.0	1.0	210045.6621004566
chr2	61063361	61063799	RNA5991	438	91	1.1629608657180182e-05	0.0	1.0	207762.55707762556
chr2	61065364	61065802	RNA5992	438	113	0.00023397854478936583	1.469590006308863e-05	1.0	257990.8675799087
chr2	61539899	61539992	RNA5993	93	20	3.968689406974117e-05	0.0	1.0	215053.76344086023
chr2	61540252	61540431	RNA5994	179	41	1.8651278168826753e-05	1.4703699889651034e-05	1.0	229050.27932960895
chr2	61542003	61542441	RNA5995	438	89	0.011250984644851834	0.0	0.9887640449438202	203196.34703196347
chr2	61545079	61545517	RNA5996	438	76	0.008275355280925632	1.4697699953103438e-05	0.9868421052631579	173515.98173515982
chr2	61621213	61621651	RNA5997	438	87	0.007042810578763884	1.4699799976369832e-05	0.9885057471264368	198630.13698630137
chr2	63058191	63058629	RNA5998	438	81	2.7404767844229223e-05	0.0	1.0	184931.50684931505
chr2	63058631	63058740	RNA5999	109	29	1.7236889608940518e-05	1.469590006308863e-05	1.0	266055.04587155965
chr2	63891588	63891690	RNA6000	102	31	1.1393106521403928e-05	0.0	1.0	303921.56862745096
chr2	64021841	64022118	RNA6001	277	43	1.1621295333346602e-05	0.0	1.0	155234.6570397112
chr2	64022447	64022539	RNA6002	92	13	1.2488615119274562e-05	0.0	1.0	141304.34782608695
chr2	64629402	64629494	RNA6003	92	11	1.0694754399248103e-05	0.0	1.0	119565.21739130435
chr2	64629776	64629868	RNA6004	92	13	1.8092354226745367e-05	1.4699399798701052e-05	1.0	141304.34782608695
chr2	64630064	64630166	RNA6005	102	26	3.8447766200983254e-05	7.348599865508732e-06	1.0	254901.9607843137
chr2	64630383	64630485	RNA6006	102	19	6.9635263667135546e-06	0.0	1.0	186274.50980392157
chr2	64630419	64630521	RNA6007	102	14	5.249935709019025e-06	0.0	1.0	137254.90196078434
chr2	64630740	64630832	RNA6008	92	24	0.0002946171755790262	0.0	1.0	260869.5652173913
chr2	65134845	65134937	RNA6009	92	13	1.9223261705729572e-05	1.4700700376124589e-05	1.0	141304.34782608695
chr2	65137476	65137578	RNA6010	102	22	0.03582221929987513	0.0	0.9090909090909091	215686.27450980394
chr2	65139927	65140029	RNA6011	102	13	1.4698830455017742e-05	1.4697699953103438e-05	1.0	127450.98039215685
chr2	65140286	65140496	RNA6012	210	46	6.01031008796822e-05	0.0	1.0	219047.61904761905
chr2	65141872	65141964	RNA6013	92	26	6.784588444693677e-06	0.0	1.0	282608.6956521739
chr2	65145949	65146041	RNA6014	91	14	3.150146436122253e-05	7.350350188062294e-06	1.0	153846.15384615384
chr2	65147694	65147796	RNA6015	101	2	7.353799901466118e-06	7.353799901466118e-06	1.0	19801.980198019803
chr2	65310328	65310421	RNA6016	93	16	8.272412458154577e-06	0.0	1.0	172043.0107526882
chr2	65432778	65432957	RNA6017	177	42	0.0044434356597039745	1.47113000821264e-05	0.9761904761904762	237288.13559322036
chr2	65433230	65433409	RNA6018	179	32	1.058602504144801e-05	0.0	1.0	178770.9497206704
chr2	65433427	65433606	RNA6019	179	41	0.004930025948696547	0.0	0.975609756097561	229050.27932960895
chr2	65433548	65433640	RNA6020	92	23	0.0075965027960947975	0.0	0.9565217391304348	250000.0
chr2	65433826	65433928	RNA6021	100	19	0.022816858035950738	1.487119970988715e-05	0.9473684210526315	190000.0
chr2	65434098	65434207	RNA6022	109	19	0.05266949233713315	1.4708500202686992e-05	0.9473684210526315	174311.9266055046
chr2	65434842	65435280	RNA6023	438	90	0.014806301566255163	1.4696150174131617e-05	0.9777777777777777	205479.4520547945
chr2	65435468	65435647	RNA6024	179	32	1.653425599101617e-05	0.0	1.0	178770.9497206704
chr2	66831244	66831423	RNA6025	179	34	3.4582014423528014e-05	0.0	1.0	189944.1340782123
chr2	66834905	66835084	RNA6026	179	34	2.4645161374790333e-05	0.0	1.0	189944.1340782123
chr2	66840711	66840820	RNA6027	109	21	0.01296972945748989	1.4699399798701052e-05	0.9523809523809523	192660.55045871562
chr2	66841055	66841164	RNA6028	109	18	4.573338300258705e-05	1.4698349787067855e-05	1.0	165137.6146788991
chr2	66844705	66844814	RNA6029	109	19	0.0018728471055318933	0.0	1.0	174311.9266055046
chr2	66850263	66850442	RNA6030	179	38	0.05394732723004238	7.348599865508732e-06	0.9473684210526315	212290.5027932961
chr2	67888565	67888744	RNA6031	179	35	3.275300545542549e-05	1.4693800039822236e-05	1.0	195530.72625698324
chr2	67892005	67892114	RNA6032	109	24	1.531032921775477e-05	1.469724975322606e-05	1.0	220183.48623853212
chr2	67896329	67896606	RNA6033	277	59	0.008197682486829531	1.4696799553348685e-05	0.9830508474576272	212996.38989169674
chr2	67898183	67898292	RNA6034	109	25	0.04000823144000606	0.0	0.96	229357.79816513762
chr2	67916822	67916931	RNA6035	109	22	1.2028190874181472e-05	0.0	1.0	201834.86238532112
chr2	68352733	68352842	RNA6036	109	25	0.017248108533931363	1.4700700376124589e-05	0.88	229357.79816513762
chr2	68664630	68664907	RNA6037	272	56	0.018425194533587524	1.4710600225953385e-05	0.9821428571428571	205882.35294117645
chr2	68667473	68667750	RNA6038	277	43	7.624282997587273e-05	0.0	1.0	155234.6570397112
chr2	68667722	68667999	RNA6039	277	48	4.3797287143355637e-05	0.0	1.0	173285.19855595668
chr2	68839455	68839732	RNA6040	277	51	0.00021817251338992005	0.0	1.0	184115.52346570397
chr2	68839733	68839943	RNA6041	210	47	0.027014782765268426	1.4698100130772218e-05	0.9574468085106383	223809.52380952382
chr2	68852360	68852637	RNA6042	277	62	0.0030207603603553093	1.4697900041937828e-05	0.9516129032258065	223826.71480144403
chr2	68930634	68930911	RNA6043	272	46	4.8401253123932364e-05	0.0	1.0	169117.64705882355
chr2	68961066	68961396	RNA6044	330	55	0.00022538142642257515	0.0	1.0	166666.66666666666
chr2	69390592	69390839	RNA6045	247	42	0.023816524233271116	0.0	0.9761904761904762	170040.4858299595
chr2	69438519	69438621	RNA6046	102	0				0.0
chr2	69438551	69438761	RNA6047	210	0				0.0
chr2	69438579	69438671	RNA6048	92	0				0.0
chr2	69438584	69438794	RNA6049	210	0				0.0
chr2	69438632	69438842	RNA6050	210	0				0.0
chr2	70104026	70104236	RNA6051	210	20	1.1025759977201233e-05	0.0	1.0	95238.09523809524
chr2	70104997	70105207	RNA6052	210	16	3.766350619116116e-05	0.0	1.0	76190.4761904762
chr2	70105044	70105254	RNA6053	210	24	2.694662915321718e-05	0.0	1.0	114285.71428571428
chr2	70105147	70105424	RNA6054	277	38	4.682692789221797e-05	0.0	1.0	137184.1155234657
chr2	70798372	70798582	RNA6055	210	34	0.027386722167220254	0.0	0.9411764705882353	161904.76190476192
chr2	71243821	71244000	RNA6056	179	33	0.005149963197089321	0.0	0.9696969696969697	184357.54189944133
chr2	72169671	72169780	RNA6057	109	16	1.1028462608919654e-05	7.350549822149332e-06	1.0	146788.9908256881
chr2	72939783	72940113	RNA6058	330	45	1.6008499854554368e-05	0.0	1.0	136363.63636363635
chr2	73351496	73351743	RNA6059	247	36	0.000158538747377349	0.0	1.0	145748.987854251
chr2	73820051	73820328	RNA6060	277	53	4.890749446444969e-05	1.4734499927726574e-05	1.0	191335.74007220217
chr2	73875265	73875595	RNA6061	330	53	0.02076768170347762	0.0	0.9811320754716981	160606.0606060606
chr2	73921058	73921388	RNA6062	330	70	0.015159011670013047	1.4696799553348685e-05	0.9714285714285714	212121.21212121213
chr2	73923139	73923469	RNA6063	330	53	2.8844475772922145e-05	1.469590006308863e-05	1.0	160606.0606060606
chr2	74180659	74180989	RNA6064	330	45	2.1239375766728857e-05	0.0	1.0	136363.63636363635
chr2	74181270	74181600	RNA6065	330	50	0.020019371341404624	0.0	0.98	151515.15151515152
chr2	74182221	74182551	RNA6066	330	27	0.03719439604315589	0.0	0.9629629629629629	81818.18181818182
chr2	74183953	74184200	RNA6067	247	0				0.0
chr2	74184180	74184427	RNA6068	247	0				0.0
chr2	74184573	74184820	RNA6069	247	0				0.0
chr2	74447174	74447421	RNA6070	247	30	2.5476160014170616e-05	0.0	1.0	121457.4898785425
chr2	74453123	74453370	RNA6071	247	43	1.0941793080683266e-05	0.0	1.0	174089.06882591094
chr2	74494790	74495037	RNA6072	246	63	0.006530224887365683	0.0	0.9841269841269841	256097.56097560975
chr2	74683998	74684208	RNA6073	208	41	2.4869497593031248e-05	0.0	1.0	197115.3846153846
chr2	74975653	74975983	RNA6074	330	61	0.00031704982964464207	0.0	1.0	184848.48484848483
chr2	75417365	75417612	RNA6075	247	43	0.06419790780601456	1.4698100130772218e-05	0.9302325581395349	174089.06882591094
chr2	78826207	78826537	RNA6076	330	68	0.03297350121644793	0.0	0.9558823529411765	206060.60606060605
chr2	79147218	79147465	RNA6077	247	44	0.04317840914644545	0.0	0.9545454545454546	178137.65182186232
chr2	82462986	82463143	RNA6078	157	40	0.045118477210644416	1.4707399714097846e-05	0.925	254777.07006369426
chr2	84913539	84914442	RNA6079	903	47	0.002003155762201665	1.470159986638464e-05	0.9787234042553191	52048.72646733112
chr2	86496801	86496958	RNA6080	157	0				0.0
chr2	87381994	87382151	RNA6081	157	0				0.0
chr2	87431427	87432330	RNA6082	903	183	0.005717866740199947	1.4696400285174605e-05	0.994535519125683	202657.8073089701
chr2	87436035	87436192	RNA6083	157	36	0.02777450962528545	0.0	0.9722222222222222	229299.36305732484
chr2	87437803	87437960	RNA6084	157	27	0.0005957986040812067	1.4706300135003405e-05	1.0	171974.5222929936
chr2	87841717	87841874	RNA6085	157	0				0.0
chr2	87848182	87848339	RNA6086	157	0				0.0
chr2	87850106	87850263	RNA6087	157	0				0.0
chr2	88501007	88501910	RNA6088	900	214	0.018159269343001803	1.4705399735248648e-05	0.9626168224299065	237777.77777777778
chr2	88501258	88502161	RNA6089	900	217	0.013004682793163844	1.470159986638464e-05	0.9723502304147466	241111.1111111111
chr2	88502570	88503473	RNA6090	903	283	0.0015607650662825424	0.0	0.9858657243816255	313399.7785160576
chr2	88757687	88757844	RNA6091	157	0				0.0
chr2	88757708	88758611	RNA6092	903	0				0.0
chr2	88759128	88760031	RNA6093	903	0				0.0
chr2	88760791	88761694	RNA6094	903	0				0.0
chr2	89619929	89620832	RNA6095	903	348	0.003530845870947246	1.469329981773626e-05	0.9942528735632183	385382.0598006645
chr2	92071236	92072139	RNA6096	898	0				0.0
chr2	92084269	92084426	RNA6097	0	0				
chr2	94857371	94857609	RNA6098	238	0				0.0
chr2	95205315	95205878	RNA6099	563	106	0.00015342445800891922	0.0	1.0	188277.08703374778
chr2	95778358	95778509	RNA6100	0	0				
chr2	95778622	95778860	RNA6101	0	0				
chr2	95800224	95800462	RNA6102	229	0				0.0
chr2	95803965	95804203	RNA6103	238	0				0.0
chr2	95836007	95836245	RNA6104	238	56	0.018486068471020183	1.4700900010211626e-05	0.9821428571428571	235294.11764705883
chr2	95836445	95836683	RNA6105	238	28	0.001218052793969292	1.4701950021844823e-05	1.0	117647.05882352941
chr2	95992332	95992570	RNA6106	238	51	0.02773798995586534	0.0	0.9607843137254902	214285.71428571426
chr2	96093369	96093932	RNA6107	563	108	0.0053735179395196725	0.0	0.9907407407407407	191829.48490230905
chr2	96182621	96183184	RNA6108	562	132	0.0077775188604694715	1.4708500202686992e-05	0.9924242424242424	234875.44483985764
chr2	96182627	96183190	RNA6109	562	131	0.00783677658688692	1.4705899957334624e-05	0.9923664122137404	233096.08540925267
chr2	96322164	96322727	RNA6110	558	54	7.1676055692175096e-06	0.0	1.0	96774.19354838709
chr2	96324741	96325304	RNA6111	563	112	4.620175218405892e-05	0.0	1.0	198934.2806394316
chr2	96331212	96331775	RNA6112	563	97	3.6217998133426696e-05	0.0	1.0	172291.29662522202
chr2	96859405	96859643	RNA6113	238	47	9.446570638441622e-05	0.0	1.0	197478.99159663866
chr2	97316885	97317448	RNA6114	0	0				
chr2	99490690	99490866	RNA6115	176	37	1.6684540536809247e-05	0.0	1.0	210227.27272727274
chr2	99490937	99491113	RNA6116	176	39	0.0034821707514334434	1.4696400285174605e-05	0.9743589743589743	221590.9090909091
chr2	99544207	99544358	RNA6117	151	34	2.7242147258644776e-05	7.348599865508732e-06	1.0	225165.56291390728
chr2	100508676	100508827	RNA6118	151	31	1.4698858003902934e-05	0.0	1.0	205298.0132450331
chr2	100583013	100583164	RNA6119	151	39	0.014846292335301442	0.0	0.9743589743589743	258278.14569536422
chr2	100583445	100583596	RNA6120	151	24	1.3081300077525762e-05	7.348599865508732e-06	1.0	158940.3973509934
chr2	100771184	100771335	RNA6121	151	27	0.00022653831574306004	1.47024002217222e-05	1.0	178807.94701986754
chr2	100771377	100771528	RNA6122	151	27	5.825323299816979e-05	1.4698999621032272e-05	1.0	178807.94701986754
chr2	100771667	100771818	RNA6123	151	36	0.027820660542374746	0.0	0.9722222222222222	238410.59602649006
chr2	100810833	100811071	RNA6124	238	43	0.021869570514100753	0.0	0.9767441860465116	180672.26890756303
chr2	100813668	100814231	RNA6125	563	97	0.021910274500695184	0.0	0.9587628865979382	172291.29662522202
chr2	101627757	101627908	RNA6126	151	27	1.687704069034028e-05	1.469590006308863e-05	1.0	178807.94701986754
chr2	102545123	102545403	RNA6127	280	59	0.016992036685732567	1.4707999980601016e-05	0.9830508474576272	210714.2857142857
chr2	103028084	103028172	RNA6128	88	10	4.409429948282195e-06	0.0	1.0	113636.36363636363
chr2	103180230	103180377	RNA6129	147	33	3.073976668846178e-05	1.4697699953103438e-05	1.0	224489.79591836734
chr2	103481035	103481211	RNA6130	176	24	1.5310862446919298e-05	0.0	1.0	136363.63636363635
chr2	103490509	103490685	RNA6131	176	29	0.00012471640983958496	0.0	1.0	164772.72727272726
chr2	104288182	104288358	RNA6132	176	39	2.449625175451934e-05	0.0	1.0	221590.9090909091
chr2	104376522	104376698	RNA6133	176	34	9.078588337776155e-06	0.0	1.0	193181.81818181818
chr2	104377387	104377563	RNA6134	176	30	2.49892233114202e-05	0.0	1.0	170454.54545454544
chr2	104377734	104377910	RNA6135	176	30	0.00013671372835233158	1.469549988541985e-05	1.0	170454.54545454544
chr2	104378055	104378231	RNA6136	176	37	5.561572908010095e-06	0.0	1.0	210227.27272727274
chr2	104378196	104378372	RNA6137	176	37	9.259670148182684e-05	0.0	1.0	210227.27272727274
chr2	104533864	104534040	RNA6138	176	44	0.0007326257322430027	0.0	1.0	250000.0
chr2	104534203	104534379	RNA6139	176	22	5.4836964616032445e-05	7.348599865508732e-06	1.0	125000.0
chr2	104534889	104535065	RNA6140	176	41	2.9063685471507277e-05	1.4702900443808176e-05	1.0	232954.54545454544
chr2	104535124	104535300	RNA6141	176	23	1.9175182585413323e-05	0.0	1.0	130681.81818181818
chr2	104535142	104535318	RNA6142	176	23	2.045448257811687e-05	1.4696400285174605e-05	1.0	130681.81818181818
chr2	104535285	104535461	RNA6143	176	33	8.161149346987958e-05	1.4703699889651034e-05	1.0	187500.0
chr2	105110489	105110710	RNA6144	221	39	1.3568417974357522e-05	1.469590006308863e-05	1.0	176470.58823529413
chr2	105573631	105573807	RNA6145	176	30	4.948735019448383e-05	0.0	1.0	170454.54545454544
chr2	105575698	105575874	RNA6146	176	32	1.470069696551898e-05	1.4698999621032272e-05	1.0	181818.18181818182
chr2	105592205	105592356	RNA6147	151	28	0.03635684600297801	1.4696599919261644e-05	0.9642857142857143	185430.46357615895
chr2	106381644	106381924	RNA6148	280	0				0.0
chr2	106922949	106923037	RNA6149	88	17	4.150155339575976e-05	0.0	1.0	193181.81818181818
chr2	107188780	107188927	RNA6150	147	39	0.05127263068180373	0.0	0.9487179487179487	265306.1224489796
chr2	107219018	107219298	RNA6151	280	47	0.0018639270689899074	1.4698500308440998e-05	0.9787234042553191	167857.14285714284
chr2	107219662	107219942	RNA6152	280	53	0.01739173863679409	0.0	0.9811320754716981	189285.7142857143
chr2	107224705	107224793	RNA6153	88	12	0.006618133749119207	7.360949894064106e-06	0.9166666666666666	136363.63636363635
chr2	107228449	107228537	RNA6154	88	17	0.05418846517755702	0.0	0.9411764705882353	193181.81818181818
chr2	107241569	107241849	RNA6155	280	0				0.0
chr2	107244736	107244824	RNA6156	88	0				0.0
chr2	107895481	107895569	RNA6157	75	50	0.015140311603390721	2.1511349586944565e-05	0.98	666666.6666666666
chr2	107895867	107895955	RNA6158	44	7	2.2666428776569222e-05	0.0	1.0	159090.9090909091
chr2	107896049	107896329	RNA6159	273	96	0.006099116109131345	0.0	0.9791666666666666	351648.3516483517
chr2	107896408	107896688	RNA6160	273	118	0.002890122566780403	1.4709550214320188e-05	0.9915254237288136	432234.43223443226
chr2	107896669	107896949	RNA6161	280	93	0.0027493743526319624	1.469549988541985e-05	0.989247311827957	332142.8571428571
chr2	107952532	107952620	RNA6162	88	0				0.0
chr2	108033720	108033867	RNA6163	147	50	0.0011099997166456872	0.0	0.98	340136.0544217687
chr2	108034494	108034641	RNA6164	147	43	0.00833775603775372	1.4696400285174605e-05	0.9767441860465116	292517.00680272107
chr2	108037504	108037651	RNA6165	147	32	1.4710809409734793e-05	1.4699799976369832e-05	1.0	217687.07482993195
chr2	108315984	108316131	RNA6166	147	0				0.0
chr2	108316728	108317081	RNA6167	353	0				0.0
chr2	108316860	108317007	RNA6168	147	0				0.0
chr2	108316893	108317040	RNA6169	147	0				0.0
chr2	108438430	108438651	RNA6170	221	46	0.021786098421196817	1.4696150174131617e-05	0.9782608695652174	208144.7963800905
chr2	108439992	108440213	RNA6171	221	35	0.017169625417279476	1.4699399798701052e-05	0.9714285714285714	158371.0407239819
chr2	108440141	108440229	RNA6172	88	14	0.04224054986148725	0.0	0.9285714285714286	159090.9090909091
chr2	108440411	108440632	RNA6173	219	32	0.00010340744168501818	0.0	1.0	146118.7214611872
chr2	108440646	108440793	RNA6174	146	28	0.07115682953336286	1.470005008741282e-05	0.9285714285714286	191780.8219178082
chr2	108440874	108441050	RNA6175	176	22	1.603450461763755e-05	0.0	1.0	125000.0
chr2	108440956	108441132	RNA6176	176	26	1.6961484456817675e-05	0.0	1.0	147727.27272727274
chr2	108441112	108441392	RNA6177	279	59	0.013835358202213374	1.4697199731017465e-05	0.9830508474576272	211469.5340501792
chr2	108445565	108445786	RNA6178	221	0				0.0
chr2	110473253	110473474	RNA6179	0	0				
chr2	110473732	110473953	RNA6180	0	0				
chr2	110474216	110474775	RNA6181	0	0				
chr2	110474628	110474849	RNA6182	0	0				
chr2	110727329	110727550	RNA6183	221	36	2.1256969502144453e-05	0.0	1.0	162895.92760180996
chr2	112261249	112261602	RNA6184	353	67	9.568025424373229e-05	1.4698100130772218e-05	1.0	189801.69971671386
chr2	112469837	112470117	RNA6185	280	0				0.0
chr2	112826041	112826129	RNA6186	88	13	5.6532845309657905e-06	0.0	1.0	147727.27272727274
chr2	112987032	112987591	RNA6187	559	85	0.011771506849928462	0.0	0.9764705882352941	152057.2450805009
chr2	113053901	113054254	RNA6188	353	66	0.007720395085622536	1.4696799553348685e-05	0.9848484848484849	186968.83852691218
chr2	113054004	113054357	RNA6189	353	55	0.009274631024196752	1.4697199731017465e-05	0.9818181818181818	155807.3654390935
chr2	113055183	113055536	RNA6190	353	82	0.021316582611101375	0.0	0.975609756097561	232294.61756373936
chr2	113055468	113055615	RNA6191	147	28	0.015211418063310176	0.0	0.9642857142857143	190476.19047619047
chr2	113436071	113436630	RNA6192	559	81	0.0027424818038604254	0.0	0.9876543209876543	144901.6100178891
chr2	113436102	113436661	RNA6193	559	81	4.900008907834492e-05	0.0	1.0	144901.6100178891
chr2	113436292	113436851	RNA6194	559	63	1.2134809511490092e-05	0.0	1.0	112701.25223613596
chr2	113436563	113436916	RNA6195	353	48	1.4707712523431837e-05	7.346900019911118e-06	1.0	135977.3371104816
chr2	113436621	113436974	RNA6196	353	46	0.01166581847748761	1.4698950053571025e-05	0.9565217391304348	130311.61473087818
chr2	113436626	113436979	RNA6197	353	46	0.01166581847748761	1.4698950053571025e-05	0.9565217391304348	130311.61473087818
chr2	114028659	114029218	RNA6198	559	0				0.0
chr2	114031951	114032510	RNA6199	556	127	2.399162431675981e-05	0.0	1.0	228417.26618705035
chr2	114103339	114103898	RNA6200	559	117	1.2868271874645206e-05	1.472100029786816e-05	1.0	209302.32558139536
chr2	114136001	114136354	RNA6201	353	70	0.03296364608409671	1.469744984206045e-05	0.9428571428571428	198300.283286119
chr2	114433277	114433498	RNA6202	221	51	4.987603708785944e-05	1.470200004405342e-05	1.0	230769.23076923078
chr2	114441456	114442015	RNA6203	559	111	0.015630257271450395	1.4696799553348685e-05	0.972972972972973	198568.87298747763
chr2	118113723	118114052	RNA6204	329	48	0.02058307891307246	0.0	0.9583333333333334	145896.6565349544
chr2	118125957	118126310	RNA6205	353	45	0.0001610528660522589	0.0	1.0	127478.75354107648
chr2	119005159	119005718	RNA6206	559	130	0.0012223422786868995	0.0	0.9923076923076923	232558.13953488372
chr2	121895345	121895674	RNA6207	329	72	0.0001024812152460642	0.0	1.0	218844.9848024316
chr2	122917851	122917978	RNA6208	127	0				0.0
chr2	122962067	122962396	RNA6209	329	74	0.03018962819824328	1.4710200048284605e-05	0.9594594594594594	224924.0121580547
chr2	122964216	122964545	RNA6210	329	94	0.031278147971863006	1.4700449810334248e-05	0.9361702127659575	285714.2857142857
chr2	122975813	122976142	RNA6211	329	64	0.0010533076981431514	1.4696599919261644e-05	1.0	194528.8753799392
chr2	123152838	123153167	RNA6212	329	70	0.014836355736328443	0.0	0.9857142857142858	212765.95744680852
chr2	123154412	123154741	RNA6213	329	69	0.013963674861954945	0.0	0.9565217391304348	209726.44376899695
chr2	123186428	123186757	RNA6214	329	61	0.01641924848904562	0.0	0.9836065573770492	185410.33434650456
chr2	123964653	123964982	RNA6215	329	70	6.698959090759001e-05	1.4696799553348685e-05	1.0	212765.95744680852
chr2	126488079	126488206	RNA6216	127	31	3.0348757542420332e-05	1.4697699953103438e-05	1.0	244094.4881889764
chr2	127041350	127041462	RNA6217	112	19	6.188936870450179e-06	0.0	1.0	169642.85714285716
chr2	127250309	127250436	RNA6218	127	16	4.318574934813191e-05	7.347100108745508e-06	1.0	125984.25196850393
chr2	127254204	127254331	RNA6219	127	19	0.052647840636765114	1.4713699783897027e-05	0.9473684210526315	149606.29921259845
chr2	127254664	127254791	RNA6220	127	23	0.04348720819989862	1.4697199731017465e-05	0.9565217391304348	181102.36220472443
chr2	127409092	127409219	RNA6221	127	27	7.624299979835524e-06	0.0	1.0	212598.4251968504
chr2	127409238	127409365	RNA6222	127	22	1.2695804467842787e-05	1.469764993089484e-05	1.0	173228.3464566929
chr2	127533298	127533425	RNA6223	127	24	2.3888212240305235e-05	0.0	1.0	188976.3779527559
chr2	128071161	128071490	RNA6224	329	57	0.01935055318654919	0.0	0.9473684210526315	173252.27963525837
chr2	128233831	128233958	RNA6225	127	19	9.282515700186578e-06	0.0	1.0	149606.29921259845
chr2	131047409	131047521	RNA6226	112	23	0.00013870287840171791	0.0	1.0	205357.14285714284
chr2	131884994	131885106	RNA6227	112	10	1.0294649837305769e-05	7.351649855991127e-06	1.0	89285.71428571429
chr2	131980866	131980978	RNA6228	112	0				0.0
chr2	131981641	131981753	RNA6229	112	0				0.0
chr2	132039037	132039149	RNA6230	112	0				0.0
chr2	132045504	132045616	RNA6231	112	0				0.0
chr2	132141440	132141552	RNA6232	112	0				0.0
chr2	132147125	132147252	RNA6233	127	0				0.0
chr2	133916217	133917102	RNA6234	881	118	0.0014152029449116703	0.0	0.9915254237288136	133938.70601589102
chr2	133916816	133916928	RNA6235	112	25	2.999072381498714e-05	1.4698999621032272e-05	1.0	223214.28571428574
chr2	136606384	136606496	RNA6236	112	17	0.05736113633616589	1.4700300198455809e-05	0.9411764705882353	151785.71428571426
chr2	137686817	137687702	RNA6237	885	0				0.0
chr2	138580756	138581641	RNA6238	885	171	0.017787825802541683	0.0	0.9824561403508771	193220.33898305087
chr2	138582042	138582927	RNA6239	885	181	0.011757173189960776	0.0	0.9834254143646409	204519.77401129945
chr2	138588083	138588968	RNA6240	885	180	2.82600552458849e-05	1.4697900041937828e-05	1.0	203389.83050847458
chr2	138617741	138618626	RNA6241	885	134	0.020333656580736603	0.0	0.9776119402985075	151412.4293785311
chr2	138619790	138620675	RNA6242	885	157	0.012773682636434617	0.0	0.9872611464968153	177401.12994350283
chr2	138791531	138792416	RNA6243	885	152	2.2235567185863834e-05	0.0	1.0	171751.4124293785
chr2	139720152	139720293	RNA6244	141	19	0.0002870675298732961	0.0	1.0	134751.7730496454
chr2	139727207	139728092	RNA6245	885	145	0.023837920968366358	1.469590006308863e-05	0.9655172413793104	163841.8079096045
chr2	142146614	142146871	RNA6246	257	43	1.9166578525516032e-05	0.0	1.0	167315.17509727625
chr2	143089944	143090829	RNA6247	885	177	0.02374169896801643	0.0	0.9717514124293786	200000.0
chr2	143908973	143909114	RNA6248	141	32	2.2136997017692384e-05	7.348599865508732e-06	1.0	226950.35460992908
chr2	144333488	144333629	RNA6249	141	20	0.0008850155543313942	1.4699199709866662e-05	1.0	141843.97163120567
chr2	144336685	144336826	RNA6250	141	29	1.2675910386014008e-05	1.4700300198455809e-05	1.0	205673.7588652482
chr2	144347209	144347350	RNA6251	141	25	2.292882792971406e-05	1.4697199731017465e-05	1.0	177304.9645390071
chr2	145272963	145273104	RNA6252	141	18	0.01576609205499657	7.358350103459088e-06	0.9444444444444444	127659.57446808509
chr2	145274427	145274568	RNA6253	141	29	0.003498310988922225	0.0	0.9655172413793104	205673.7588652482
chr2	145276611	145276752	RNA6254	141	25	1.1782144028984189e-05	0.0	1.0	177304.9645390071
chr2	145771268	145771525	RNA6255	257	56	0.003099194689915353	0.0	0.9642857142857143	217898.8326848249
chr2	146047408	146047549	RNA6256	141	30	0.011548881260144599	7.356400146818487e-06	0.9666666666666667	212765.95744680852
chr2	146199228	146199485	RNA6257	257	48	0.04167891632071511	0.0	0.9583333333333334	186770.42801556422
chr2	146199672	146199929	RNA6258	257	44	0.022742638098014304	0.0	0.9772727272727273	171206.22568093386
chr2	146200821	146201078	RNA6259	257	53	3.356388927231697e-05	1.4697699953103438e-05	1.0	206225.68093385213
chr2	147730076	147730333	RNA6260	257	0				0.0
chr2	147736245	147736502	RNA6261	208	46	0.010553539821320674	7.353150067501702e-06	0.9782608695652174	221153.84615384616
chr2	147740295	147740552	RNA6262	257	44	0.000779185480723748	1.4697900041937828e-05	1.0	171206.22568093386
chr2	147833731	147833988	RNA6263	257	49	0.02053174143011161	1.4696400285174605e-05	0.9795918367346939	190661.47859922177
chr2	149542656	149542797	RNA6264	141	27	1.5244218351047704e-05	0.0	1.0	191489.36170212764
chr2	151053164	151053317	RNA6265	153	33	7.57286061619225e-06	0.0	1.0	215686.27450980394
chr2	151760295	151760552	RNA6266	257	48	0.017449217935279645	1.4698500308440998e-05	0.9791666666666666	186770.42801556422
chr2	155358723	155358876	RNA6267	153	32	0.00014286856097099873	1.4700699921377236e-05	1.0	209150.3267973856
chr2	155361334	155361509	RNA6268	175	43	1.8133155652658745e-05	0.0	1.0	245714.2857142857
chr2	155966394	155966547	RNA6269	153	53	0.05763803781380529	1.4766699678148145e-05	0.9245283018867925	346405.2287581699
chr2	155974157	155974310	RNA6270	153	26	0.04113603228450721	1.4718450074724387e-05	0.9230769230769231	169934.64052287582
chr2	155976512	155976665	RNA6271	153	25	1.8824747930921147e-05	1.4704999557579868e-05	1.0	163398.69281045752
chr2	156320743	156320896	RNA6272	153	37	5.5643993496104546e-05	1.4698999621032272e-05	1.0	241830.06535947713
chr2	156322273	156322426	RNA6273	153	35	0.019699128180997963	1.4698999621032272e-05	0.9714285714285714	228758.16993464052
chr2	156372854	156373007	RNA6274	153	45	0.0010595389802296646	1.4697699953103438e-05	1.0	294117.64705882355
chr2	156761523	156761676	RNA6275	153	35	6.132878770585677e-05	0.0	1.0	228758.16993464052
chr2	157736062	157736140	RNA6276	78	17	1.64407119347483e-05	0.0	1.0	217948.71794871794
chr2	159233728	159233903	RNA6277	175	12	0.03956510167404303	2.9416500183288008e-05	0.9166666666666666	68571.42857142858
chr2	159317205	159317380	RNA6278	175	27	0.001472664822190209	1.4698500308440998e-05	1.0	154285.7142857143
chr2	159317343	159317518	RNA6279	175	25	1.1759728004108183e-05	1.4698500308440998e-05	1.0	142857.14285714284
chr2	159317658	159317833	RNA6280	175	28	4.0952856807052164e-05	0.0	1.0	160000.0
chr2	160493907	160494082	RNA6281	163	48	0.00010617604884070085	0.0	1.0	294478.52760736196
chr2	160498932	160499107	RNA6282	175	23	7.0295261099565085e-06	0.0	1.0	131428.57142857142
chr2	160502387	160502562	RNA6283	175	37	2.9025229491090272e-05	1.4708900380355772e-05	1.0	211428.57142857145
chr2	160898537	160898615	RNA6284	78	16	2.7565338371000657e-05	0.0	1.0	205128.20512820513
chr2	160916192	160916345	RNA6285	153	32	0.01715672807452506	7.349050065386109e-06	0.9375	209150.3267973856
chr2	161412737	161412912	RNA6286	175	29	8.311796083379784e-05	1.4696799553348685e-05	1.0	165714.2857142857
chr2	161985483	161985561	RNA6287	78	19	2.4012047058357306e-05	0.0	1.0	243589.7435897436
chr2	161985697	161985775	RNA6288	78	13	3.847692341178768e-05	0.0	1.0	166666.66666666666
chr2	161989298	161989376	RNA6289	78	19	0.029776106105505032	1.4696799553348685e-05	0.9473684210526315	243589.7435897436
chr2	162081730	162081808	RNA6290	78	12	7.35109999065268e-06	0.0	1.0	153846.15384615384
chr2	162085435	162085513	RNA6291	78	14	2.2054599997184216e-05	1.470159986638464e-05	1.0	179487.1794871795
chr2	162107592	162107670	RNA6292	78	23	2.9396108877097203e-05	0.0	1.0	294871.7948717949
chr2	163060141	163060219	RNA6293	78	5	2.0593699991877658e-05	0.0	1.0	64102.564102564094
chr2	164647596	164647771	RNA6294	175	29	0.0006859078710727561	0.0	1.0	165714.2857142857
chr2	166768636	166768714	RNA6295	78	16	0.022291330663790628	1.469590006308863e-05	0.9375	205128.20512820513
chr2	168279646	168280000	RNA6296	354	50	0.01485665484322453	7.348399776674342e-06	0.98	141242.93785310735
chr2	169527726	169527875	RNA6297	149	24	6.737058280729495e-06	0.0	1.0	161073.8255033557
chr2	169573960	169575343	RNA6298	1323	102	0.03450469622309944	0.0	0.9607843137254902	77097.50566893423
chr2	171234826	171234913	RNA6299	87	10	8.818990045256214e-06	1.4696800008096034e-05	1.0	114942.52873563218
chr2	172096455	172096809	RNA6300	350	93	2.4476972494962222e-05	0.0	1.0	265714.28571428574
chr2	173055185	173055539	RNA6301	351	75	0.01755141756916903	1.4703699889651034e-05	0.9733333333333334	213675.21367521366
chr2	173055235	173055589	RNA6302	351	75	0.01752554949841093	1.4705899957334624e-05	0.9733333333333334	213675.21367521366
chr2	173056493	173056847	RNA6303	354	73	0.03303326908563539	1.4697199731017465e-05	0.958904109589041	206214.6892655367
chr2	173370445	173370799	RNA6304	354	61	0.0005356169917011669	0.0	1.0	172316.38418079095
chr2	173372757	173373111	RNA6305	349	66	0.006805750323675245	7.349899988184916e-06	0.9848484848484849	189111.74785100287
chr2	173374322	173374676	RNA6306	353	75	8.316941610245852e-05	1.4699799976369832e-05	1.0	212464.5892351275
chr2	173377252	173378635	RNA6307	1383	260	0.011379455435973372	1.4700700376124589e-05	0.9807692307692307	187997.10773680406
chr2	173413859	173414313	RNA6308	443	52	0.012731794353997499	0.0	0.9807692307692307	117381.48984198646
chr2	173503684	173503833	RNA6309	149	25	1.881465999758612e-05	1.4697699953103438e-05	1.0	167785.23489932888
chr2	174250140	174250289	RNA6310	149	34	1.4702243922380093e-05	0.0	1.0	228187.91946308725
chr2	174250274	174251657	RNA6311	1377	253	5.1509600050509156e-05	0.0	1.0	183732.75236020333
chr2	174250854	174251003	RNA6312	149	36	1.5533194578487127e-05	0.0	1.0	241610.73825503356
chr2	174251479	174251628	RNA6313	149	25	0.0002643931206694086	0.0	1.0	167785.23489932888
chr2	174251571	174252954	RNA6314	1383	278	0.02603510857935368	1.469529979658546e-05	0.9640287769784173	201012.2921185828
chr2	174252915	174254298	RNA6315	949	194	0.04143117311948876	1.4701099644298664e-05	0.9484536082474226	204425.71127502635
chr2	174254064	174254418	RNA6316	326	52	0.004273008529025897	0.0	0.9807692307692307	159509.20245398773
chr2	174490433	174490582	RNA6317	149	24	0.007342884463203817	0.0	0.9583333333333334	161073.8255033557
chr2	174492750	174492899	RNA6318	149	28	2.46817577850092e-05	1.4698100130772218e-05	1.0	187919.46308724832
chr2	174493723	174495106	RNA6319	1383	258	0.009635586034013004	0.0	0.9844961240310077	186550.9761388286
chr2	174494389	174495772	RNA6320	1381	246	0.013771562683304202	0.0	0.983739837398374	178131.7885590152
chr2	174499953	174501336	RNA6321	1383	252	0.013548302969649649	1.469590006308863e-05	0.9801587301587301	182212.5813449024
chr2	174531043	174531192	RNA6322	149	23	4.025726423644753e-05	1.4698500308440998e-05	1.0	154362.41610738254
chr2	175229174	175230557	RNA6323	1374	257	0.013389844545316656	1.4698999621032272e-05	0.9727626459143969	187045.12372634644
chr2	175230868	175230955	RNA6324	87	10	8.819689992378698e-06	1.469744984206045e-05	1.0	114942.52873563218
chr2	175587134	175587283	RNA6325	149	20	1.102398005059095e-05	0.0	1.0	134228.1879194631
chr2	176072354	176072441	RNA6326	87	18	7.3488832741633005e-06	0.0	1.0	206896.55172413794
chr2	176103490	176103577	RNA6327	87	22	0.009063652362866293	1.4698999621032272e-05	0.9545454545454546	252873.56321839083
chr2	176103779	176103866	RNA6328	87	15	0.008336846687719416	0.0	0.9333333333333333	172413.7931034483
chr2	176197348	176197435	RNA6329	87	22	1.404224994158457e-05	7.349699899350526e-06	1.0	252873.56321839083
chr2	176199239	176199326	RNA6330	87	18	5.717444411048847e-06	0.0	1.0	206896.55172413794
chr2	176267418	176267505	RNA6331	87	11	1.0690554518077988e-05	1.4697699953103438e-05	1.0	126436.78160919542
chr2	176830076	176830163	RNA6332	87	18	1.9601755512759787e-05	0.0	1.0	206896.55172413794
chr2	177569745	177570199	RNA6333	454	86	0.011714347246610014	0.0	0.9767441860465116	189427.31277533039
chr2	177618918	177619372	RNA6334	454	109	0.009325718806386087	1.4694600395159796e-05	0.9908256880733946	240088.10572687225
chr2	177619053	177619507	RNA6335	454	88	0.01153865113414295	0.0	0.9886363636363636	193832.59911894274
chr2	177619762	177621145	RNA6336	1383	240	0.014043336673447959	0.0	0.9666666666666667	173535.79175704988
chr2	177620122	177620576	RNA6337	454	77	0.013913458069297332	0.0	0.974025974025974	169603.52422907492
chr2	177621488	177621637	RNA6338	149	29	1.3684258568712816e-05	1.4694600395159796e-05	1.0	194630.87248322146
chr2	177621614	177621968	RNA6339	354	69	0.01470555295543528	0.0	0.9855072463768116	194915.25423728814
chr2	180013807	180014261	RNA6340	454	71	0.0010200486109733593	1.470159986638464e-05	0.9859154929577465	156387.66519823787
chr2	180014520	180014974	RNA6341	454	92	2.476357257285483e-05	1.4696150174131617e-05	1.0	202643.1718061674
chr2	180015470	180015924	RNA6342	454	85	0.03998175440279096	0.0	0.9529411764705882	187224.66960352423
chr2	180028095	180028549	RNA6343	454	82	0.019665759184557294	0.0	0.975609756097561	180616.74008810573
chr2	180029040	180029127	RNA6344	87	13	2.944533816144e-05	0.0	1.0	149425.28735632185
chr2	181445962	181446060	RNA6345	98	22	1.3366731970810793e-05	7.3512001108611e-06	1.0	224489.79591836734
chr2	183236448	183236902	RNA6346	454	82	0.011841664671975173	0.0	0.975609756097561	180616.74008810573
chr2	183902998	183903258	RNA6347	260	51	1.354921971819579e-05	0.0	1.0	196153.84615384616
chr2	184587604	184587702	RNA6348	94	3	2.390743369081368e-05	0.0	1.0	31914.893617021273
chr2	184943873	184944085	RNA6349	212	41	1.5069131755228575e-05	0.0	1.0	193396.22641509437
chr2	185625042	185625140	RNA6350	98	19	7.201518636926951e-05	0.0	1.0	193877.55102040817
chr2	185633739	185633837	RNA6351	98	19	0.016443327541836826	1.4702900443808176e-05	0.9473684210526315	193877.55102040817
chr2	185641043	185641141	RNA6352	98	20	2.867480548047294e-05	0.0	1.0	204081.63265306124
chr2	186509713	186509811	RNA6353	98	23	4.2181999086328264e-05	0.0	1.0	234693.8775510204
chr2	186509745	186509843	RNA6354	98	15	5.881140108006851e-06	0.0	1.0	153061.22448979592
chr2	186509865	186509963	RNA6355	98	19	0.019465629825151005	1.4698500308440998e-05	0.9473684210526315	193877.55102040817
chr2	186860248	186860346	RNA6356	95	18	0.05555356377201154	7.356200057984097e-06	0.9444444444444444	189473.68421052632
chr2	187625590	187625850	RNA6357	260	37	0.00014549581029879154	0.0	1.0	142307.6923076923
chr2	187628041	187628301	RNA6358	260	51	0.00010350185429534909	1.4697199731017465e-05	1.0	196153.84615384616
chr2	187631832	187632092	RNA6359	260	44	0.02274732030220796	7.349250154220499e-06	0.9772727272727273	169230.76923076925
chr2	187632783	187633043	RNA6360	260	39	0.00015226679263436333	1.4734499927726574e-05	1.0	150000.0
chr2	189017567	189017827	RNA6361	260	58	0.034512426979604084	1.470005008741282e-05	0.9655172413793104	223076.9230769231
chr2	189018761	189018973	RNA6362	212	40	0.04453767440659249	1.4698100130772218e-05	0.95	188679.24528301888
chr2	189027081	189027341	RNA6363	129	0				0.0
chr2	189027386	189027646	RNA6364	25	0				0.0
chr2	189654597	189654809	RNA6365	212	37	0.027042923508373413	0.0	0.972972972972973	174528.30188679244
chr2	189671639	189671851	RNA6366	212	42	3.219774771423404e-05	0.0	1.0	198113.20754716982
chr2	189672695	189672907	RNA6367	203	25	3.7953974024269715e-05	1.469509970775107e-05	1.0	123152.70935960591
chr2	189768458	189768718	RNA6368	260	40	1.2861270010944282e-05	0.0	1.0	153846.15384615384
chr2	189768800	189769012	RNA6369	212	40	0.00039553838234951036	1.4696799553348685e-05	1.0	188679.24528301888
chr2	189768902	189769114	RNA6370	212	38	2.4763749742731928e-05	7.347749942709925e-06	1.0	179245.28301886792
chr2	189769453	189769665	RNA6371	212	39	1.3950174410962777e-05	0.0	1.0	183962.26415094337
chr2	190379098	190379196	RNA6372	98	31	0.00010197023866273618	1.4698500308440998e-05	1.0	316326.5306122449
chr2	190849448	190849660	RNA6373	212	43	0.023273247990568215	1.4696799553348685e-05	0.9767441860465116	202830.1886792453
chr2	193783278	193783538	RNA6374	260	60	0.026741915834524354	0.0	0.9666666666666667	230769.23076923078
chr2	194196755	194196967	RNA6375	212	38	0.026355328134908818	7.359650226135272e-06	0.9736842105263158	179245.28301886792
chr2	201619578	201619880	RNA6376	302	42	0.00020824120857858744	1.4697699953103438e-05	1.0	139072.8476821192
chr2	202303698	202303820	RNA6377	122	12	0.06256749366616532	7.350350188062294e-06	0.9166666666666666	98360.65573770492
chr2	203310105	203310303	RNA6378	198	27	7.635885224401676e-06	0.0	1.0	136363.63636363635
chr2	205621408	205621530	RNA6379	122	26	1.922253869242087e-05	1.4696999642183075e-05	1.0	213114.75409836063
chr2	205623888	205624190	RNA6380	302	58	0.0011570601584559158	1.469724975322606e-05	0.9827586206896551	192052.98013245035
chr2	206107987	206108289	RNA6381	298	68	0.06940843417779059	1.4896750144544058e-05	0.9117647058823529	228187.91946308725
chr2	206173448	206173750	RNA6382	302	48	0.02084926286679926	1.4698100130772218e-05	0.9791666666666666	158940.3973509934
chr2	206173529	206173831	RNA6383	302	46	0.021767361493501714	1.4709350125485798e-05	0.9782608695652174	152317.88079470198
chr2	206267228	206267530	RNA6384	302	68	2.2067697246334583e-05	0.0	1.0	225165.56291390728
chr2	206271027	206271329	RNA6385	302	60	0.016767401497509122	1.469744984206045e-05	0.9833333333333333	198675.4966887417
chr2	206271708	206271830	RNA6386	122	24	0.022765999513429353	7.349499810516136e-06	0.9583333333333334	196721.31147540984
chr2	206348284	206348586	RNA6387	302	41	0.024826601109364164	0.0	0.975609756097561	135761.5894039735
chr2	207073396	207073698	RNA6388	302	47	1.4700387316436542e-05	0.0	1.0	155629.13907284767
chr2	207073403	207073525	RNA6389	122	13	9.044323073444852e-06	0.0	1.0	106557.37704918032
chr2	207073411	207073533	RNA6390	122	13	9.044323073444852e-06	0.0	1.0	106557.37704918032
chr2	207073563	207073685	RNA6391	122	26	2.0355915519476254e-05	0.0	1.0	213114.75409836063
chr2	207073597	207073795	RNA6392	198	39	0.00038372862456106547	0.0	1.0	196969.69696969696
chr2	207627250	207627372	RNA6393	122	0				0.0
chr2	207629428	207629550	RNA6394	120	28	0.032883452740244526	0.0	0.8928571428571429	233333.33333333334
chr2	207633281	207633403	RNA6395	122	19	7.735594695795475e-06	0.0	1.0	155737.7049180328
chr2	208194144	208194342	RNA6396	198	44	4.71195184921005e-05	1.4696800008096034e-05	1.0	222222.22222222222
chr2	208227714	208227912	RNA6397	198	0				0.0
chr2	208230430	208230628	RNA6398	198	0				0.0
chr2	208231957	208232079	RNA6399	122	0				0.0
chr2	208358927	208359125	RNA6400	198	33	0.0005597692836476311	0.0	1.0	166666.66666666666
chr2	208359172	208359370	RNA6401	198	54	9.529129649173485e-06	0.0	1.0	272727.2727272727
chr2	208359221	208359419	RNA6402	198	59	1.1213300009114564e-05	0.0	1.0	297979.79797979794
chr2	209325871	209326069	RNA6403	198	41	0.00012261114237089923	1.4694200217491016e-05	1.0	207070.70707070708
chr2	209333246	209333368	RNA6404	122	10	7.366070076386677e-06	0.0	1.0	81967.2131147541
chr2	210242114	210242236	RNA6405	122	25	2.9406832036328927e-05	1.470200004405342e-05	1.0	204918.03278688525
chr2	210243726	210243848	RNA6406	122	23	1.8538738913771686e-05	1.4702900443808176e-05	1.0	188524.59016393442
chr2	210244608	210244730	RNA6407	122	9	4.908688929895612e-06	0.0	1.0	73770.49180327868
chr2	210687095	210687245	RNA6408	150	40	0.01373592910767911	0.0	0.95	266666.6666666667
chr2	210687235	210687357	RNA6409	122	20	1.2497654870457996e-05	0.0	1.0	163934.4262295082
chr2	210690269	210690391	RNA6410	122	20	1.5454559979843906e-05	1.4716300029249396e-05	1.0	163934.4262295082
chr2	210701080	210701202	RNA6411	122	20	2.2790940056435293e-05	1.4702450243930798e-05	1.0	163934.4262295082
chr2	211263561	211263863	RNA6412	302	0				0.0
chr2	211368318	211368440	RNA6413	122	24	0.04175123854349749	1.4708250091644004e-05	0.9583333333333334	196721.31147540984
chr2	211372044	211372166	RNA6414	122	22	0.014260904380659089	0.0	0.9545454545454546	180327.868852459
chr2	212573741	212573866	RNA6415	125	14	0.06329640124886282	7.349899988184916e-06	0.9285714285714286	112000.0
chr2	213245496	213245694	RNA6416	198	38	0.008667116508843857	1.4698950053571025e-05	0.9736842105263158	191919.19191919192
chr2	214685408	214686046	RNA6417	35	20	0.028880882614612337	3.41437007591594e-05	0.95	571428.5714285714
chr2	214686670	214686820	RNA6418	0	10	0.00021961217025815994	7.121545058907941e-05	1.0	
chr2	214699333	214699483	RNA6419	150	33	0.005840971781942764	0.0	0.9696969696969697	220000.0
chr2	214705953	214706103	RNA6420	150	31	9.493571034850433e-06	0.0	1.0	206666.66666666666
chr2	214710691	214710813	RNA6421	122	25	0.0029484297082672094	0.0	0.96	204918.03278688525
chr2	214714247	214714397	RNA6422	150	28	0.049505685656478296	0.0	0.9285714285714286	186666.6666666667
chr2	215886967	215887117	RNA6423	150	24	0.00012187575922931403	0.0	1.0	160000.0
chr2	215889268	215889418	RNA6424	150	31	1.3276196700791197e-05	1.4694600395159796e-05	1.0	206666.66666666666
chr2	215889283	215889433	RNA6425	150	32	1.7455262394602592e-05	1.4696799553348685e-05	1.0	213333.33333333334
chr2	216249046	216249171	RNA6426	125	17	0.00010552610520414456	0.0	1.0	136000.0
chr2	216256561	216256711	RNA6427	147	30	1.4900273314800101e-05	0.0	1.0	204081.63265306124
chr2	216619295	216619420	RNA6428	125	18	1.3067488958363861e-05	0.0	1.0	144000.0
chr2	216619314	216619439	RNA6429	125	24	0.00809051322437426	7.349699899350526e-06	0.9583333333333334	192000.0
chr2	216619533	216619658	RNA6430	125	26	6.332104595247316e-05	1.4698300219606608e-05	1.0	208000.0
chr2	217798189	217799088	RNA6431	899	165	0.006116016124503923	1.4698100130772218e-05	0.9939393939393939	183537.2636262514
chr2	217798262	217798387	RNA6432	125	24	0.0394129485268877	7.349499810516136e-06	0.9583333333333334	192000.0
chr2	217798624	217798749	RNA6433	125	15	0.0005868930143454495	0.0	1.0	120000.0
chr2	217799111	217799236	RNA6434	125	23	7.285036115163576e-05	0.0	1.0	184000.0
chr2	218093500	218093726	RNA6435	226	32	2.0673850286811172e-05	0.0	1.0	141592.9203539823
chr2	218094328	218094966	RNA6436	638	132	0.007847705788359837	1.4699199709866662e-05	0.9924242424242424	206896.55172413794
chr2	218816086	218816211	RNA6437	125	26	0.0003194744400179124	1.4698749964736635e-05	1.0	208000.0
chr2	218879726	218880364	RNA6438	638	114	7.507685663049497e-05	0.0	1.0	178683.38557993728
chr2	218971992	218972630	RNA6439	638	106	0.019055562199492615	1.4699150142405415e-05	0.9811320754716981	166144.20062695927
chr2	218972318	218972956	RNA6440	638	126	0.007984811154131863	0.0	0.9920634920634921	197492.16300940438
chr2	218997746	218998384	RNA6441	638	143	2.323349153621077e-05	0.0	1.0	224137.93103448275
chr2	218998333	218998971	RNA6442	638	139	0.014365067272448616	1.469549988541985e-05	0.9784172661870504	217868.33855799373
chr2	219061269	219061907	RNA6443	638	121	0.013006538066503166	0.0	0.9752066115702479	189655.1724137931
chr2	219669736	219670374	RNA6444	638	99	0.0028816206768353366	0.0	0.98989898989899	155172.41379310345
chr2	219684859	219685009	RNA6445	150	64	0.03140845775867262	1.469509970775107e-05	0.96875	426666.6666666667
chr2	221283975	221284874	RNA6446	899	147	0.013658087284854944	0.0	0.9863945578231292	163515.0166852058
chr2	221284433	221284659	RNA6447	226	36	0.02793187054347375	1.4706100046169014e-05	0.9722222222222222	159292.03539823007
chr2	222082924	222083150	RNA6448	226	44	0.012162902102917622	0.0	0.9772727272727273	194690.26548672566
chr2	222083165	222083391	RNA6449	226	37	0.02939428533256825	1.469549988541985e-05	0.9459459459459459	163716.81415929203
chr2	222084686	222084912	RNA6450	218	0				0.0
chr2	222307514	222308413	RNA6451	899	203	0.012012101476393758	0.0	0.9802955665024631	225806.4516129032
chr2	222308362	222309261	RNA6452	898	192	0.0023834750453393815	0.0	0.9947916666666666	213808.4632516704
chr2	222310449	222310675	RNA6453	226	55	0.00022049042090656971	0.0	1.0	243362.83185840707
chr2	222312268	222313167	RNA6454	896	221	0.011389540113532963	0.0	0.9819004524886877	246651.78571428574
chr2	222312308	222312534	RNA6455	226	72	0.017502148973954315	1.4696999642183075e-05	0.9722222222222222	318584.07079646015
chr2	222362994	222363893	RNA6456	899	170	0.008708064326171603	0.0	0.9882352941176471	189098.99888765294
chr2	222373113	222373339	RNA6457	226	45	0.010430489201725216	1.4697199731017465e-05	0.9777777777777777	199115.04424778762
chr2	222390670	222391569	RNA6458	899	174	2.5969215266217566e-05	0.0	1.0	193548.38709677418
chr2	222418284	222419183	RNA6459	899	154	0.030816490234617768	0.0	0.9675324675324676	171301.44605116796
chr2	222731776	222731901	RNA6460	125	17	1.2103835348063834e-05	0.0	1.0	136000.0
chr2	223329922	223330821	RNA6461	899	195	0.007218106279105992	1.469590006308863e-05	0.9846153846153847	216907.67519466073
chr2	223348263	223348489	RNA6462	226	41	1.293241472544946e-05	0.0	1.0	181415.92920353982
chr2	223588655	223588798	RNA6463	143	25	2.646113996888382e-05	0.0	1.0	174825.17482517482
chr2	223972530	223973168	RNA6464	638	117	0.017558351221120188	1.4696799553348685e-05	0.9743589743589743	183385.57993730408
chr2	226551607	226551864	RNA6465	257	46	6.457024034281326e-05	7.349499810516136e-06	1.0	178988.32684824904
chr2	226829124	226830023	RNA6466	899	155	0.01940283932766643	1.4699799976369832e-05	0.9806451612903225	172413.7931034483
chr2	226830860	226831086	RNA6467	226	46	0.021815813251459586	1.4696799553348685e-05	0.9782608695652174	203539.82300884958
chr2	227563004	227563147	RNA6468	143	30	1.9108706631714125e-05	0.0	1.0	209790.2097902098
chr2	228368945	228369088	RNA6469	143	20	1.7098694934245035e-05	0.0	1.0	139860.13986013987
chr2	228393606	228393749	RNA6470	143	23	7.034878209473707e-06	0.0	1.0	160839.16083916085
chr2	228396203	228396346	RNA6471	143	31	0.0015852791311772294	0.0	1.0	216783.21678321678
chr2	228843645	228843788	RNA6472	143	34	0.005860684961402617	1.4702250155096408e-05	0.9705882352941176	237762.23776223775
chr2	228845647	228845790	RNA6473	143	33	2.272176673365596e-05	0.0	1.0	230769.23076923078
chr2	228845880	228846023	RNA6474	143	24	1.3478679155317272e-05	1.470220013288781e-05	1.0	167832.16783216785
chr2	229720862	229721005	RNA6475	143	22	0.0003155016400093868	7.350150099227904e-06	1.0	153846.15384615384
chr2	230581002	230581259	RNA6476	257	0				0.0
chr2	231395252	231395646	RNA6477	394	83	1.2757915824458348e-05	0.0	1.0	210659.89847715735
chr2	231409817	231410074	RNA6478	257	55	0.043323069489055004	1.4700300198455809e-05	0.8727272727272727	214007.7821011673
chr2	231490046	231490303	RNA6479	254	76	0.01911363208745043	1.4709999959450213e-05	0.9736842105263158	299212.5984251969
chr2	231490451	231490708	RNA6480	257	49	0.009206753455758604	1.4697199731017465e-05	0.9795918367346939	190661.47859922177
chr2	231521210	231521467	RNA6481	257	30	1.470120984474003e-05	1.469744984206045e-05	1.0	116731.51750972762
chr2	231521473	231521730	RNA6482	257	43	0.024981136205750834	0.0	0.9534883720930233	167315.17509727625
chr2	231639304	231639561	RNA6483	255	38	0.0027793718206674733	0.0	0.9736842105263158	149019.60784313726
chr2	232517405	232517662	RNA6484	256	57	0.0042731544445543225	1.4712400115968194e-05	0.9824561403508771	222656.25
chr2	233607265	233607408	RNA6485	143	24	0.0005591249530804449	0.0	1.0	167832.16783216785
chr2	235401821	235402215	RNA6486	394	65	0.00321328793638363	1.4696400285174605e-05	0.9846153846153847	164974.6192893401
chr2	235454528	235454631	RNA6487	103	18	5.145563919641924e-05	1.4703300166729607e-05	1.0	174757.28155339806
chr2	236299896	236300290	RNA6488	394	72	0.014129612805479351	1.4696999642183075e-05	0.9861111111111112	182741.11675126903
chr2	236312185	236312579	RNA6489	394	65	0.0002118853310653642	1.4697199731017465e-05	1.0	164974.6192893401
chr2	236319758	236320152	RNA6490	394	75	0.013358610741355123	0.0	0.9866666666666667	190355.32994923857
chr2	236512305	236512562	RNA6491	257	56	0.01787079155368636	0.0	0.9821428571428571	217898.8326848249
chr2	236512488	236512882	RNA6492	394	87	0.06885841141042195	0.0	0.9310344827586207	220812.18274111676
chr2	236516079	236516473	RNA6493	394	85	0.03507743736628233	1.471799987484701e-05	0.9529411764705882	215736.04060913707
chr2	236524814	236525208	RNA6494	394	87	0.010924868873513623	0.0	0.9885057471264368	220812.18274111676
chr2	237414729	237415123	RNA6495	394	65	7.011235050482881e-05	0.0	1.0	164974.6192893401
chr2	239434028	239434131	RNA6496	103	20	0.017569490830646815	1.4699599887535442e-05	0.9	194174.7572815534
chr2	240340748	240340851	RNA6497	103	18	0.007434699074918965	2.2054050077713327e-05	0.9444444444444444	174757.28155339806
chr2	240434275	240434378	RNA6498	103	29	0.004638807568410589	1.4700700376124589e-05	0.9655172413793104	281553.3980582524
chr2	240434619	240434722	RNA6499	103	27	9.26044072844821e-06	0.0	1.0	262135.9223300971
chr2	240468112	240468215	RNA6500	103	19	2.785390571308949e-05	1.470159986638464e-05	1.0	184466.01941747573
chr2	240468377	240468480	RNA6501	103	15	8.819199744417952e-06	0.0	1.0	145631.06796116504
chr2	240643955	240644058	RNA6502	103	27	4.3559840546714474e-05	1.47024002217222e-05	1.0	262135.9223300971
chr2	241355633	241356027	RNA6503	87	8	0.1595407114967884	7.364199973380892e-06	0.75	91954.02298850575
chr2	241525084	241525187	RNA6504	103	22	0.007442238089590142	0.0	0.9545454545454546	213592.23300970873
chr20	466599	466844	RNA6505	237	47	0.045545833586750614	1.476540001021931e-05	0.9361702127659575	198312.23628691983
chr20	1212676	1213267	RNA6506	591	131	0.00944381730141338	1.469590006308863e-05	0.9770992366412213	221658.20642978005
chr20	2053055	2053414	RNA6507	359	77	0.02781073109315014	1.4696400285174605e-05	0.961038961038961	214484.67966573816
chr20	2087988	2088579	RNA6508	591	115	0.02609973857213291	0.0	0.9739130434782609	194585.44839255497
chr20	2090227	2090818	RNA6509	591	87	0.011518585521702039	0.0	0.9885057471264368	147208.12182741117
chr20	2090800	2091391	RNA6510	590	103	7.818711902004827e-05	1.469590006308863e-05	1.0	174576.27118644066
chr20	2341458	2342049	RNA6511	591	112	0.011540738515756334	1.4696599919261644e-05	0.9821428571428571	189509.3062605753
chr20	2345935	2346526	RNA6512	591	106	0.00849306471631074	0.0	0.9716981132075472	179357.02199661592
chr20	2346409	2347000	RNA6513	591	88	0.017742573679387613	1.4694400306325406e-05	0.9545454545454546	148900.16920473773
chr20	2809504	2809612	RNA6514	108	0				0.0
chr20	3207294	3207885	RNA6515	591	99	2.141572136366758e-05	1.4697199731017465e-05	1.0	167512.69035532995
chr20	3207335	3207491	RNA6516	156	27	1.7423166893960998e-05	1.4700300198455809e-05	1.0	173076.92307692306
chr20	3714475	3714583	RNA6517	108	18	0.0011649602185773058	0.0	1.0	166666.66666666666
chr20	3806142	3806250	RNA6518	107	17	0.023503272993954903	0.0	0.9411764705882353	158878.5046728972
chr20	3806829	3806937	RNA6519	108	29	0.07385459026358901	0.0	0.8620689655172413	268518.51851851854
chr20	3834551	3834659	RNA6520	108	24	0.04167586198335963	0.0	0.9583333333333334	222222.22222222222
chr20	3835129	3835237	RNA6521	108	18	1.1441300102887908e-05	0.0	1.0	166666.66666666666
chr20	3843647	3843755	RNA6522	108	14	6.317704992397128e-05	1.4739000107510947e-05	1.0	129629.62962962962
chr20	4068129	4068285	RNA6523	138	43	0.024881943755348773	1.4702900443808176e-05	0.9534883720930233	311594.2028985507
chr20	4068166	4068322	RNA6524	138	35	0.030555386716878262	1.4704999557579868e-05	0.9428571428571428	253623.18840579712
chr20	4068634	4068790	RNA6525	156	24	2.2664270924601166e-05	1.4698999621032272e-05	1.0	153846.15384615384
chr20	4397263	4397419	RNA6526	155	41	0.015455109427221473	1.4703699889651034e-05	0.975609756097561	264516.12903225806
chr20	4403403	4403559	RNA6527	156	34	2.9403331823496065e-05	1.4698749964736635e-05	1.0	217948.71794871794
chr20	4404693	4404938	RNA6528	245	45	0.04116439817842345	1.4698500308440998e-05	0.9555555555555556	183673.46938775512
chr20	4407210	4407366	RNA6529	156	28	0.005592924148978842	7.348399776674342e-06	0.9642857142857143	179487.1794871795
chr20	4828205	4828313	RNA6530	108	34	0.029489008169468228	1.470220013288781e-05	0.9411764705882353	314814.81481481483
chr20	5012647	5012833	RNA6531	186	0				0.0
chr20	5227636	5227792	RNA6532	156	26	1.9787577212595983e-05	1.4696800008096034e-05	1.0	166666.66666666666
chr20	5316994	5317239	RNA6533	245	59	0.004077674559901698	0.0	0.9830508474576272	240816.32653061225
chr20	5317402	5317647	RNA6534	245	36	3.144279450376859e-05	0.0	1.0	146938.77551020408
chr20	5317430	5317675	RNA6535	245	34	3.1995311795016524e-05	0.0	1.0	138775.51020408163
chr20	5530921	5531166	RNA6536	245	0				0.0
chr20	5531281	5531526	RNA6537	245	0				0.0
chr20	5542162	5542407	RNA6538	245	0				0.0
chr20	5720446	5720805	RNA6539	359	68	0.009234861839572388	0.0	0.9852941176470589	189415.0417827298
chr20	6581019	6581264	RNA6540	245	49	2.1901110423118965e-05	1.4697199731017465e-05	1.0	200000.0
chr20	6627124	6627483	RNA6541	359	61	0.016417067654371943	0.0	0.9836065573770492	169916.43454038995
chr20	6704973	6705332	RNA6542	359	84	0.0002672076064495055	0.0	1.0	233983.28690807798
chr20	6726826	6727185	RNA6543	357	72	1.679727082167102e-05	0.0	1.0	201680.67226890757
chr20	6737171	6737530	RNA6544	359	77	0.006583147044634694	0.0	0.987012987012987	214484.67966573816
chr20	6737336	6737695	RNA6545	359	79	0.007475821253586821	1.4697699953103438e-05	0.9746835443037974	220055.7103064067
chr20	6835935	6836526	RNA6546	591	120	0.025046310759186476	1.4696549897053046e-05	0.975	203045.6852791878
chr20	6836608	6836967	RNA6547	359	73	0.00071829512071168	0.0	0.9863013698630136	203342.61838440114
chr20	7756401	7756760	RNA6548	359	77	1.6418820935055612e-05	0.0	1.0	214484.67966573816
chr20	7950886	7951307	RNA6549	421	96	0.03165745309781679	0.0	0.96875	228028.50356294538
chr20	8069800	8069908	RNA6550	108	24	0.0417310405448461	1.471364976168843e-05	0.9583333333333334	222222.22222222222
chr20	8972763	8972997	RNA6551	234	42	0.023899466687171727	1.4698749964736635e-05	0.9761904761904762	179487.1794871795
chr20	8986508	8986694	RNA6552	186	36	7.309459556381272e-05	1.469984999857843e-05	1.0	193548.38709677418
chr20	9014620	9014776	RNA6553	156	37	2.0263718790765392e-05	0.0	1.0	237179.48717948716
chr20	9883215	9883401	RNA6554	186	35	0.010848936989636316	0.0	0.9714285714285714	188172.04301075268
chr20	9956051	9956237	RNA6555	186	0				0.0
chr20	9958450	9958636	RNA6556	186	0				0.0
chr20	10434614	10434800	RNA6557	186	68	0.04342339400247564	1.469549988541985e-05	0.9411764705882353	365591.3978494624
chr20	10434666	10434911	RNA6558	245	78	0.045015465040472546	1.469549988541985e-05	0.9358974358974359	318367.3469387755
chr20	10434788	10434974	RNA6559	186	44	0.02289536753369248	1.4696400285174605e-05	0.9545454545454546	236559.13978494625
chr20	10435047	10435233	RNA6560	186	52	1.1023559566708103e-05	0.0	1.0	279569.89247311826
chr20	11078832	11079018	RNA6561	186	35	1.0505768503727657e-05	0.0	1.0	188172.04301075268
chr20	11670679	11671038	RNA6562	359	71	0.039135786354473935	1.4698100130772218e-05	0.9577464788732394	197771.5877437326
chr20	11931409	11931830	RNA6563	421	68	2.637324989924946e-05	1.469724975322606e-05	1.0	161520.19002375298
chr20	12233462	12233696	RNA6564	234	61	2.4118593381763513e-05	1.470460028940579e-05	1.0	260683.7606837607
chr20	12807871	12808292	RNA6565	421	91	0.001256618324407677	0.0	0.989010989010989	216152.0190023753
chr20	12808385	12808806	RNA6566	421	98	0.010223433718553622	1.469744984206045e-05	0.9897959183673469	232779.0973871734
chr20	12809130	12809551	RNA6567	421	92	0.012106255732918644	0.0	0.9782608695652174	218527.31591448933
chr20	13173939	13174360	RNA6568	421	88	0.011706704487489165	0.0	0.9886363636363636	209026.12826603325
chr20	13177614	13178035	RNA6569	421	59	0.001209746638516535	0.0	1.0	140142.51781472683
chr20	13180069	13180303	RNA6570	234	42	0.0006926020375344476	0.0	1.0	179487.1794871795
chr20	13180172	13180593	RNA6571	421	71	0.0014795310762052945	0.0	1.0	168646.080760095
chr20	13195629	13195863	RNA6572	234	25	1.1759747976611835e-05	1.4698100130772218e-05	1.0	106837.60683760683
chr20	13198085	13198319	RNA6573	234	41	8.248819473764587e-06	0.0	1.0	175213.6752136752
chr20	13330354	13330588	RNA6574	234	43	2.877140766856105e-05	0.0	1.0	183760.68376068378
chr20	13330441	13330675	RNA6575	234	42	3.3288148253107304e-05	1.4695749996462837e-05	1.0	179487.1794871795
chr20	13334210	13334444	RNA6576	234	40	1.7269827458219396e-05	0.0	1.0	170940.17094017094
chr20	13822709	13823125	RNA6577	416	89	0.0016848777433061154	1.469549988541985e-05	0.9887640449438202	213942.3076923077
chr20	13829958	13830142	RNA6578	184	36	0.027796974808249313	7.349699899350526e-06	0.9722222222222222	195652.1739130435
chr20	13836615	13836849	RNA6579	234	45	0.00029949879917693506	1.469549988541985e-05	1.0	192307.6923076923
chr20	13838554	13838975	RNA6580	421	76	0.0016340636607190713	1.4696799553348685e-05	0.9868421052631579	180522.56532066507
chr20	13840903	13841089	RNA6581	186	35	0.018184038384918364	1.469549988541985e-05	0.9714285714285714	188172.04301075268
chr20	17485088	17485282	RNA6582	194	35	7.731076140251308e-05	1.4696400285174605e-05	1.0	180412.37113402062
chr20	17569442	17569574	RNA6583	38	24	0.00012138801321270449	1.6829249943839386e-05	1.0	631578.947368421
chr20	17688179	17688407	RNA6584	228	44	8.685500068333402e-06	0.0	1.0	192982.45614035087
chr20	17769096	17769512	RNA6585	416	87	0.040631350837105555	1.4697199731017465e-05	0.9540229885057471	209134.6153846154
chr20	17769553	17769737	RNA6586	184	19	0.04018402445001955	1.4697699953103438e-05	0.9473684210526315	103260.86956521739
chr20	17931519	17931940	RNA6587	421	79	0.007891837425251905	0.0	0.9746835443037974	187648.4560570071
chr20	17933443	17933677	RNA6588	234	40	2.499608037851222e-05	0.0	1.0	170940.17094017094
chr20	18501414	18501551	RNA6589	135	32	0.03154225965647583	1.4701800409966381e-05	0.96875	237037.03703703705
chr20	18501608	18501780	RNA6590	172	30	0.0001631703400562373	0.0	1.0	174418.6046511628
chr20	18565820	18566236	RNA6591	416	60	0.023795142662766007	1.4698999621032272e-05	0.95	144230.76923076922
chr20	18565837	18566021	RNA6592	184	31	0.0136665851464826	1.469549988541985e-05	0.967741935483871	168478.26086956522
chr20	18566491	18566675	RNA6593	184	28	0.004235883046703743	0.0	0.9642857142857143	152173.91304347827
chr20	18566578	18566994	RNA6594	416	77	0.0015450937429492288	0.0	0.987012987012987	185096.15384615384
chr20	18566630	18567046	RNA6595	416	81	0.0014697002766465763	0.0	0.9876543209876543	194711.53846153847
chr20	18566722	18566906	RNA6596	184	33	1.8706215280067942e-05	1.4694200217491016e-05	1.0	179347.8260869565
chr20	20004277	20004693	RNA6597	416	0				0.0
chr20	20004343	20004527	RNA6598	184	0				0.0
chr20	20004374	20004558	RNA6599	184	0				0.0
chr20	20004406	20004822	RNA6600	411	0				0.0
chr20	20004420	20004836	RNA6601	411	0				0.0
chr20	20004438	20004622	RNA6602	184	0				0.0
chr20	20004444	20004860	RNA6603	411	0				0.0
chr20	20004686	20004870	RNA6604	179	0				0.0
chr20	20713317	20713407	RNA6605	90	17	0.00018770599217532145	0.0	1.0	188888.88888888888
chr20	21119378	21119572	RNA6606	192	35	0.01825145195289224	0.0	0.9714285714285714	182291.66666666666
chr20	21390058	21390220	RNA6607	162	28	0.002072353590230184	0.0	0.9642857142857143	172839.5061728395
chr20	21390366	21390476	RNA6608	110	13	0.00012484741126592144	1.4700700376124589e-05	1.0	118181.81818181818
chr20	21550704	21550836	RNA6609	132	22	1.3360745428638e-05	0.0	1.0	166666.66666666666
chr20	21718524	21718752	RNA6610	228	34	0.0004543694601713497	0.0	1.0	149122.80701754385
chr20	22047794	22047988	RNA6611	194	35	0.0010686900996006408	1.4697699953103438e-05	1.0	180412.37113402062
chr20	22050807	22051001	RNA6612	194	50	0.011069579202303425	7.348599865508732e-06	0.98	257731.95876288658
chr20	22051455	22051649	RNA6613	194	33	3.073861229164067e-05	0.0	1.0	170103.09278350516
chr20	22075806	22076000	RNA6614	194	29	1.5209116915277013e-05	1.469590006308863e-05	1.0	149484.53608247422
chr20	22097176	22097370	RNA6615	192	66	0.024687009910807807	1.4738800018676557e-05	0.9696969696969697	343750.0
chr20	22124311	22124448	RNA6616	132	29	0.034506945358583015	1.4697699953103438e-05	0.9655172413793104	219696.9696969697
chr20	22133898	22134092	RNA6617	194	69	3.537675066594783e-05	1.469549988541985e-05	1.0	355670.10309278354
chr20	22344001	22344173	RNA6618	172	39	2.41305001859104e-05	0.0	1.0	226744.1860465116
chr20	22477927	22478059	RNA6619	132	21	0.04532800336662712	1.4696799553348685e-05	0.9523809523809523	159090.9090909091
chr20	22527415	22527547	RNA6620	132	35	0.02954043507639393	0.0	0.9714285714285714	265151.51515151514
chr20	22529530	22529662	RNA6621	132	36	0.027938286523168338	7.348399776674342e-06	0.9722222222222222	272727.2727272727
chr20	22531901	22532129	RNA6622	228	51	3.1416519228581814e-05	1.4696799553348685e-05	1.0	223684.2105263158
chr20	22580821	22580953	RNA6623	132	24	2.4495308631834084e-05	1.4696150174131617e-05	1.0	181818.18181818182
chr20	22580824	22580956	RNA6624	132	24	2.4495308631834084e-05	1.4696150174131617e-05	1.0	181818.18181818182
chr20	22653614	22653842	RNA6625	228	41	1.8645360707920993e-05	0.0	1.0	179824.56140350876
chr20	22662252	22662384	RNA6626	127	28	0.04667065555690896	1.6447000234620646e-05	0.9285714285714286	220472.44094488188
chr20	22663033	22663261	RNA6627	228	40	0.00011099075150013205	0.0	1.0	175438.59649122806
chr20	22747607	22747835	RNA6628	228	68	0.00038201995792351746	1.4696150174131617e-05	1.0	298245.6140350877
chr20	22752762	22752990	RNA6629	228	48	0.005810596395046253	0.0	0.9791666666666666	210526.31578947368
chr20	22781885	22782113	RNA6630	228	42	0.00010078860807316413	0.0	1.0	184210.52631578947
chr20	23043486	23043623	RNA6631	137	26	0.1301192897544052	1.4698749964736635e-05	0.8461538461538461	189781.02189781022
chr20	23063704	23063898	RNA6632	194	36	0.01819857635945886	1.4696999642183075e-05	0.9722222222222222	185567.01030927835
chr20	23103344	23103481	RNA6633	137	17	1.4704076580956634e-05	1.4697199731017465e-05	1.0	124087.59124087592
chr20	23121725	23121862	RNA6634	137	41	1.8651309956777202e-05	0.0	1.0	299270.07299270073
chr20	23143551	23143688	RNA6635	137	29	0.001017909554540326	0.0	1.0	211678.8321167883
chr20	23143789	23143926	RNA6636	136	28	0.036634776140187696	1.470025017624721e-05	0.9642857142857143	205882.35294117645
chr20	23247451	23247623	RNA6637	172	44	0.04080937998159326	0.0	0.9545454545454546	255813.9534883721
chr20	23262101	23262238	RNA6638	136	0				0.0
chr20	23273605	23273777	RNA6639	172	36	5.349034891979339e-05	0.0	1.0	209302.32558139536
chr20	23275385	23275557	RNA6640	172	32	0.017369493484636678	0.0	0.96875	186046.51162790696
chr20	23359015	23359187	RNA6641	172	32	0.0003403330770481664	0.0	1.0	186046.51162790696
chr20	23374147	23374319	RNA6642	172	22	0.0036086687520186012	7.349499810516136e-06	0.9545454545454546	127906.97674418605
chr20	23466545	23466717	RNA6643	172	0				0.0
chr20	23580805	23580937	RNA6644	132	32	0.012752372053114408	1.4696799553348685e-05	0.96875	242424.24242424243
chr20	23676122	23676350	RNA6645	228	59	0.001958433557913432	1.4702900443808176e-05	0.9830508474576272	258771.92982456143
chr20	23792499	23792915	RNA6646	416	0				0.0
chr20	23829828	23830012	RNA6647	184	0				0.0
chr20	24060176	24060313	RNA6648	137	35	0.028584454340073406	0.0	0.9714285714285714	255474.45255474455
chr20	24352069	24352241	RNA6649	172	33	1.202714550648428e-05	1.469329981773626e-05	1.0	191860.46511627908
chr20	24464586	24464676	RNA6650	90	11	9.887645145763035e-05	1.4697199731017465e-05	1.0	122222.22222222222
chr20	25180237	25180347	RNA6651	110	22	0.09144409429501882	0.0	0.9090909090909091	200000.0
chr20	25228658	25228820	RNA6652	162	37	0.013334088346169122	1.471539962949464e-05	0.972972972972973	228395.06172839506
chr20	25585939	25586029	RNA6653	90	18	1.224818333867006e-05	1.469509970775107e-05	1.0	200000.0
chr20	25611349	25611439	RNA6654	90	18	9.006033451441908e-06	0.0	1.0	200000.0
chr20	25611723	25611813	RNA6655	88	23	0.025363971660107888	1.4777199794480111e-05	0.9130434782608695	261363.63636363635
chr20	25870699	25870789	RNA6656	90	0				0.0
chr20	25873968	25874058	RNA6657	90	0				0.0
chr20	25874638	25874728	RNA6658	90	0				0.0
chr20	25984719	25984829	RNA6659	110	0				0.0
chr20	25984780	25984942	RNA6660	162	0				0.0
chr20	25984828	25984990	RNA6661	162	0				0.0
chr20	25984842	25985004	RNA6662	162	0				0.0
chr20	25984935	25985045	RNA6663	110	0				0.0
chr20	25984968	25985078	RNA6664	110	0				0.0
chr20	26276891	26277001	RNA6665	110	0				0.0
chr20	26277249	26277359	RNA6666	110	0				0.0
chr20	26277339	26277501	RNA6667	162	0				0.0
chr20	26277839	26278001	RNA6668	162	0				0.0
chr20	26313245	26313355	RNA6669	110	0				0.0
chr20	26346562	26346790	RNA6670	228	0				0.0
chr20	26351212	26351344	RNA6671	132	0				0.0
chr20	26356321	26356411	RNA6672	90	0				0.0
chr20	26357434	26357571	RNA6673	137	0				0.0
chr20	26361105	26361267	RNA6674	162	0				0.0
chr20	26366417	26366589	RNA6675	172	0				0.0
chr20	26369692	26369886	RNA6676	194	0				0.0
chr20	26369719	26369881	RNA6677	162	0				0.0
chr20	28428653	28428730	RNA6678	0	0				
chr20	30477494	30477643	RNA6679	149	0				0.0
chr20	30655488	30655578	RNA6680	90	0				0.0
chr20	31190044	31190154	RNA6681	110	0				0.0
chr20	31201857	31202021	RNA6682	0	0				
chr20	31245990	31246152	RNA6683	162	0				0.0
chr20	31512973	31513336	RNA6684	363	76	0.02627609746636345	0.0	0.9605263157894737	209366.391184573
chr20	31585072	31585149	RNA6685	77	14	7.358571500455062e-06	0.0	1.0	181818.18181818182
chr20	32439841	32439918	RNA6686	77	14	1.7851121356216026e-05	1.4698749964736635e-05	1.0	181818.18181818182
chr20	32440171	32440248	RNA6687	77	21	0.03622440860614179	0.0	0.9047619047619048	272727.2727272727
chr20	32441184	32441261	RNA6688	77	15	0.037146252031319195	0.0	0.8666666666666667	194805.19480519483
chr20	32613636	32613713	RNA6689	77	0				0.0
chr20	32614270	32614347	RNA6690	74	11	0.09091806571830768	1.4823600395175164e-05	0.9090909090909091	148648.64864864867
chr20	32743924	32744001	RNA6691	77	9	9.800811110633529e-06	1.4696799553348685e-05	1.0	116883.11688311688
chr20	33449370	33449728	RNA6692	358	25	0.0002143834936214227	0.0	1.0	69832.40223463687
chr20	33693882	33693959	RNA6693	77	19	1.093154198889878e-05	0.0	1.0	246753.24675324676
chr20	34357443	34357577	RNA6694	134	32	1.470802183689319e-05	0.0	1.0	238805.97014925373
chr20	34540967	34541116	RNA6695	149	40	1.6167630087690092e-05	0.0	1.0	268456.3758389262
chr20	35152494	35152658	RNA6696	164	32	0.0001153797300332795	1.470025017624721e-05	1.0	195121.9512195122
chr20	35299191	35299325	RNA6697	134	29	3.1429361930849935e-05	1.4697199731017465e-05	1.0	216417.91044776118
chr20	35413379	35413528	RNA6698	149	5	5.88294005865464e-06	0.0	1.0	33557.04697986577
chr20	35422469	35422618	RNA6699	149	25	0.002186753111091091	1.4698100130772218e-05	0.96	167785.23489932888
chr20	35423313	35423447	RNA6700	134	22	2.539574548294922e-05	0.0	1.0	164179.10447761195
chr20	35424385	35424534	RNA6701	149	25	0.00301719837629207	0.0	0.96	167785.23489932888
chr20	35426930	35427064	RNA6702	134	11	3.075169925894786e-05	1.4706700312672185e-05	1.0	82089.55223880598
chr20	35519460	35519594	RNA6703	130	15	8.459915394874005e-05	1.533410068077501e-05	1.0	115384.61538461539
chr20	35519717	35519866	RNA6704	149	24	3.483645745441961e-05	1.477364958191174e-05	1.0	161073.8255033557
chr20	35519809	35520172	RNA6705	363	57	0.033679750506069056	1.4698100130772218e-05	0.9473684210526315	157024.79338842977
chr20	35520145	35520279	RNA6706	133	22	0.0381246675375554	7.349050065386109e-06	0.9545454545454546	165413.53383458644
chr20	35520355	35520504	RNA6707	149	45	0.01658915582417345	1.4703299711982254e-05	0.9777777777777777	302013.42281879194
chr20	35532180	35532314	RNA6708	134	24	0.04765487448147116	1.4702250155096408e-05	0.9166666666666666	179104.4776119403
chr20	35614415	35614564	RNA6709	149	27	0.0011702863222564199	1.4697699953103438e-05	1.0	181208.05369127516
chr20	36042554	36042917	RNA6710	363	52	0.00012155192383453231	7.348399776674342e-06	1.0	143250.68870523418
chr20	36042572	36042935	RNA6711	363	47	0.0001335440199793349	1.4696799553348685e-05	1.0	129476.58402203857
chr20	36043701	36044064	RNA6712	363	69	1.5124753678019579e-05	1.4697699953103438e-05	1.0	190082.64462809917
chr20	36044963	36045127	RNA6713	164	52	0.00019750565724489325	1.469984999857843e-05	1.0	317073.1707317073
chr20	36045030	36045194	RNA6714	164	48	4.043596428951755e-05	1.4700900010211626e-05	1.0	292682.9268292683
chr20	36045047	36045211	RNA6715	164	50	3.7936735843682405e-05	1.4700500287290199e-05	1.0	304878.0487804878
chr20	36746339	36746503	RNA6716	164	35	8.820374231228405e-06	0.0	1.0	213414.63414634147
chr20	36746474	36746608	RNA6717	134	27	0.0002324822487059432	0.0	1.0	201492.53731343284
chr20	36746489	36746775	RNA6718	286	51	0.00016775424126749266	1.4697699953103438e-05	1.0	178321.67832167834
chr20	36746495	36746659	RNA6719	164	28	0.0002966262751929786	7.348399776674342e-06	1.0	170731.7073170732
chr20	36746509	36746872	RNA6720	363	69	0.00012740276531036403	1.4697699953103438e-05	1.0	190082.64462809917
chr20	36746954	36747118	RNA6721	164	35	0.00400455475087905	1.4698100130772218e-05	0.9714285714285714	213414.63414634147
chr20	36748180	36748543	RNA6722	363	57	0.01786282536063242	1.469549988541985e-05	0.9824561403508771	157024.79338842977
chr20	36748573	36748722	RNA6723	149	25	3.1745379892521434e-05	1.469590006308863e-05	1.0	167785.23489932888
chr20	36748597	36748960	RNA6724	363	70	0.01452914368461019	1.4698299764859257e-05	0.9857142857142858	192837.4655647383
chr20	37099429	37099593	RNA6725	164	23	1.2144582639018115e-05	0.0	1.0	140243.90243902442
chr20	37454881	37455239	RNA6726	358	62	0.01613756697908332	0.0	0.9838709677419355	173184.35754189946
chr20	37569228	37569591	RNA6727	357	66	0.015165838780224776	0.0	0.9848484848484849	184873.94957983194
chr20	37603576	37603653	RNA6728	77	21	1.4714809324123918e-05	1.4706700312672185e-05	1.0	272727.2727272727
chr20	38341771	38342129	RNA6729	358	63	0.00588182069945076	1.4697199731017465e-05	0.9841269841269841	175977.65363128492
chr20	38440924	38441282	RNA6730	358	54	0.018617721631286523	1.469785001972923e-05	0.9814814814814815	150837.98882681565
chr20	38444011	38444369	RNA6731	358	64	2.6450484369886803e-05	1.4696549897053046e-05	1.0	178770.9497206704
chr20	38451002	38451360	RNA6732	358	54	0.018556644887768117	0.0	0.9814814814814815	150837.98882681565
chr20	38461386	38461744	RNA6733	356	0				0.0
chr20	38579298	38579656	RNA6734	358	75	5.645079756504715e-05	0.0	1.0	209497.2067039106
chr20	38925807	38925886	RNA6735	79	24	1.4700383227742956e-05	1.4696800008096034e-05	1.0	303797.4683544304
chr20	39077400	39077758	RNA6736	358	54	2.0695359580713035e-05	0.0	1.0	150837.98882681565
chr20	40285437	40285778	RNA6737	341	65	0.015430069396951197	1.469590006308863e-05	0.9846153846153847	190615.8357771261
chr20	40286086	40286349	RNA6738	263	47	0.02128941852117079	1.4698100130772218e-05	0.9787234042553191	178707.22433460076
chr20	40286556	40286961	RNA6739	405	80	0.0015800873502712382	0.0	0.9875	197530.86419753084
chr20	40287111	40287397	RNA6740	286	76	0.0006074049206170826	7.348200142587302e-06	1.0	265734.26573426573
chr20	40296823	40296957	RNA6741	134	25	0.00020883540335489358	0.0	1.0	186567.1641791045
chr20	40297548	40297697	RNA6742	149	28	1.1612764280601238e-05	1.4773250313737663e-05	1.0	187919.46308724832
chr20	41025853	41026403	RNA6743	550	105	0.01281692173439902	1.4698100130772218e-05	0.9714285714285714	190909.0909090909
chr20	41025917	41026203	RNA6744	286	56	0.017960087737508595	1.4698549875902245e-05	0.9821428571428571	195804.1958041958
chr20	41025924	41026210	RNA6745	286	55	0.01828663478728148	1.4698999621032272e-05	0.9818181818181818	192307.6923076923
chr20	41025949	41026235	RNA6746	286	54	0.01863670882236571	1.4698549875902245e-05	0.9814814814814815	188811.1888111888
chr20	41026097	41026261	RNA6747	164	31	5.8804641412273936e-05	1.4698999621032272e-05	1.0	189024.39024390245
chr20	41367215	41367501	RNA6748	286	55	0.017459592422115252	0.0	0.9818181818181818	192307.6923076923
chr20	41367860	41368146	RNA6749	286	48	0.023986849669465	0.0	0.9583333333333334	167832.16783216785
chr20	41367871	41368157	RNA6750	286	45	0.025585646260757735	0.0	0.9555555555555556	157342.65734265733
chr20	41392168	41392531	RNA6751	363	69	1.9442101657277436e-05	0.0	1.0	190082.64462809917
chr20	41619619	41619905	RNA6752	286	37	3.8930892859184274e-05	1.4698500308440998e-05	1.0	129370.62937062938
chr20	43448594	43448696	RNA6753	102	30	0.00010051275682295399	1.4701350210089004e-05	1.0	294117.64705882355
chr20	43448649	43449054	RNA6754	405	78	0.007588241552686011	0.0	0.9743589743589743	192592.59259259258
chr20	43448829	43449068	RNA6755	239	47	1.157233616159778e-05	0.0	1.0	196652.719665272
chr20	43448931	43449226	RNA6756	295	72	0.004753393276157813	0.0	0.9861111111111112	244067.7966101695
chr20	43449221	43449347	RNA6757	126	28	0.07220665558890817	1.4696599919261644e-05	0.9285714285714286	222222.22222222222
chr20	43449250	43449329	RNA6758	79	16	0.06385797267421367	1.4698549875902245e-05	0.9375	202531.64556962025
chr20	43449595	43449953	RNA6759	358	62	0.0011439044275697741	0.0	0.9838709677419355	173184.35754189946
chr20	43719691	43719770	RNA6760	79	19	3.946105823016712e-05	1.4698500308440998e-05	1.0	240506.32911392406
chr20	43723324	43723587	RNA6761	262	54	3.8896360314938735e-05	1.469704966439167e-05	1.0	206106.87022900765
chr20	43877105	43877184	RNA6762	79	27	1.687838923519097e-05	0.0	1.0	341772.15189873416
chr20	43890369	43890448	RNA6763	79	0				0.0
chr20	43897501	43897580	RNA6764	79	8	7.350024816332734e-06	0.0	1.0	101265.82278481012
chr20	43901034	43901113	RNA6765	79	20	0.10941700847924948	1.4696999642183075e-05	0.8	253164.55696202532
chr20	43901797	43902138	RNA6766	341	64	0.010127180327032187	1.4699399798701052e-05	0.984375	187683.284457478
chr20	44080746	44081151	RNA6767	405	85	0.011988104978263437	0.0	0.9882352941176471	209876.54320987655
chr20	44081201	44081280	RNA6768	79	8	2.9400512744350755e-05	2.204455040555331e-05	1.0	101265.82278481012
chr20	44191390	44191795	RNA6769	405	68	2.2698819213258653e-05	1.4695950085297227e-05	1.0	167901.23456790124
chr20	44193486	44193891	RNA6770	405	78	0.0008336570311793987	1.469744984206045e-05	1.0	192592.59259259258
chr20	44281199	44281604	RNA6771	403	70	0.006592569969650086	1.4701549844176043e-05	0.9571428571428572	173697.27047146403
chr20	44283106	44283511	RNA6772	405	62	0.002464517526879068	1.4696400285174605e-05	0.9838709677419355	153086.41975308643
chr20	44330311	44330716	RNA6773	405	77	0.0021376396348682302	1.470159986638464e-05	0.987012987012987	190123.45679012345
chr20	44527243	44527506	RNA6774	263	61	0.01658796676504413	1.4696799553348685e-05	0.9836065573770492	231939.16349809887
chr20	44528555	44528818	RNA6775	263	61	2.025953949296237e-05	1.4697199731017465e-05	1.0	231939.16349809887
chr20	44528763	44529026	RNA6776	263	66	0.00045039304729994456	1.4705899957334624e-05	1.0	250950.5703422053
chr20	44834755	44835018	RNA6777	263	44	0.00012795502503980128	0.0	1.0	167300.38022813687
chr20	44838195	44838458	RNA6778	263	35	2.5621819596768834e-05	1.469590006308863e-05	1.0	133079.84790874526
chr20	44846875	44847138	RNA6779	263	44	2.4053727036678604e-05	0.0	1.0	167300.38022813687
chr20	44858786	44859127	RNA6780	341	40	0.025023516057444795	0.0	0.975	117302.05278592376
chr20	44862777	44862856	RNA6781	79	16	0.005226711614227492	0.0	0.9375	202531.64556962025
chr20	44962944	44963285	RNA6782	341	73	0.008581775523353288	0.0	0.9863013698630136	214076.24633431085
chr20	44963044	44963594	RNA6783	550	108	0.015698528018489283	0.0	0.9722222222222222	196363.63636363635
chr20	44963246	44963587	RNA6784	341	71	0.0238715844266217	1.469549988541985e-05	0.9577464788732394	208211.14369501467
chr20	45082337	45082678	RNA6785	341	53	0.003282557336394842	0.0	0.9811320754716981	155425.21994134897
chr20	45083458	45083799	RNA6786	341	55	0.003746538323436898	0.0	0.9818181818181818	161290.32258064515
chr20	45085422	45085763	RNA6787	341	73	0.007085385016281388	0.0	0.9863013698630136	214076.24633431085
chr20	45172866	45173065	RNA6788	199	37	1.6317946254865364e-05	0.0	1.0	185929.64824120604
chr20	45225234	45225639	RNA6789	402	62	0.06456844879286079	1.4709550214320188e-05	0.9354838709677419	154228.85572139302
chr20	45746583	45746846	RNA6790	263	38	0.0041425265922043755	7.352949978667312e-06	0.9736842105263158	144486.69201520912
chr20	45912784	45913334	RNA6791	542	108	0.018620623705483345	1.4701099644298664e-05	0.9814814814814815	199261.9926199262
chr20	45973123	45973464	RNA6792	341	63	4.573298333742011e-05	0.0	1.0	184750.73313782993
chr20	45995713	45996263	RNA6793	514	108	0.001200570642182619	0.0	0.9907407407407407	210116.73151750973
chr20	46007564	46008114	RNA6794	550	90	0.011469225262721412	1.4699199709866662e-05	0.9888888888888889	163636.36363636365
chr20	46060263	46060813	RNA6795	550	122	0.003872138101847724	0.0	0.9918032786885246	221818.18181818182
chr20	46060369	46060919	RNA6796	550	114	0.00418719283132368	0.0	0.9912280701754386	207272.72727272726
chr20	46111454	46112004	RNA6797	549	87	0.0030005399552485825	1.4696799553348685e-05	0.9885057471264368	158469.94535519127
chr20	46112102	46112388	RNA6798	286	46	1.6617393493619e-05	0.0	1.0	160839.16083916085
chr20	46317326	46317452	RNA6799	126	23	0.04351531900928145	0.0	0.9565217391304348	182539.68253968252
chr20	46870762	46871057	RNA6800	295	82	0.025277665438818247	1.4696599919261644e-05	0.975609756097561	277966.10169491527
chr20	46875274	46875824	RNA6801	550	109	0.011095100810787096	1.4697199731017465e-05	0.9724770642201835	198181.81818181818
chr20	46885389	46885491	RNA6802	100	20	3.3904764404722895e-05	7.349050065386109e-06	1.0	200000.0
chr20	47359671	47359910	RNA6803	239	42	1.3299216529308227e-05	0.0	1.0	175732.21757322174
chr20	47359861	47359987	RNA6804	126	32	0.02650172866421484	0.0	0.96875	253968.25396825396
chr20	47368663	47368902	RNA6805	239	47	1.3447389392237908e-05	0.0	1.0	196652.719665272
chr20	47369144	47369439	RNA6806	295	57	1.3667233313178086e-05	0.0	1.0	193220.33898305087
chr20	47369850	47369976	RNA6807	126	26	0.030942078264056018	1.4707399714097846e-05	0.9615384615384616	206349.20634920633
chr20	47370729	47371024	RNA6808	295	63	0.00018747415123514038	1.4699799976369832e-05	1.0	213559.3220338983
chr20	47375396	47375635	RNA6809	239	51	0.035773894638516456	0.0	0.9607843137254902	213389.12133891214
chr20	47379714	47379840	RNA6810	126	24	3.368900009566392e-05	0.0	1.0	190476.19047619047
chr20	47380889	47381184	RNA6811	295	56	0.007099098790815461	1.4699599887535442e-05	0.9642857142857143	189830.5084745763
chr20	47381700	47381939	RNA6812	238	27	0.05054556940076846	0.0	0.8888888888888888	113445.3781512605
chr20	47492638	47492764	RNA6813	126	26	1.5899303749530985e-05	1.4700249721499858e-05	1.0	206349.20634920633
chr20	47492708	47492834	RNA6814	126	20	1.5435424984386774e-05	1.4698300219606608e-05	1.0	158730.15873015873
chr20	47492755	47492881	RNA6815	126	23	0.00020449834989013648	1.4698100130772218e-05	1.0	182539.68253968252
chr20	47492781	47492883	RNA6816	102	18	0.0002572191749297533	1.469764993089484e-05	1.0	176470.58823529413
chr20	47492800	47492902	RNA6817	102	19	0.000246774955150222	1.4698100130772218e-05	1.0	186274.50980392157
chr20	47492843	47492945	RNA6818	101	22	0.00021513357031917744	1.4698300219606608e-05	1.0	217821.7821782178
chr20	48517735	48517837	RNA6819	102	0				0.0
chr20	48517759	48517861	RNA6820	102	0				0.0
chr20	48517836	48517962	RNA6821	126	0				0.0
chr20	48517915	48518017	RNA6822	102	0				0.0
chr20	48521035	48521330	RNA6823	295	0				0.0
chr20	48521054	48521349	RNA6824	295	0				0.0
chr20	48521122	48521361	RNA6825	239	0				0.0
chr20	48521307	48521546	RNA6826	239	0				0.0
chr20	48521822	48522061	RNA6827	239	0				0.0
chr20	48521873	48522168	RNA6828	295	0				0.0
chr20	48888682	48888761	RNA6829	79	12	5.768970883460785e-05	3.0092850465734948e-05	1.0	151898.7341772152
chr20	48888815	48888917	RNA6830	102	10	2.6021300345746568e-05	2.2405699837690918e-05	1.0	98039.2156862745
chr20	48892594	48892889	RNA6831	295	50	0.017232616526634957	0.0	0.98	169491.5254237288
chr20	49211707	49211906	RNA6832	199	34	1.0810329326084362e-05	0.0	1.0	170854.27135678392
chr20	49217770	49218009	RNA6833	239	0				0.0
chr20	49218217	49218622	RNA6834	404	0				0.0
chr20	49723543	49723806	RNA6835	263	39	0.025714139550426545	0.0	0.9743589743589743	148288.9733840304
chr20	49963048	49963389	RNA6836	341	67	0.015011221573168664	1.4709799870615823e-05	0.9850746268656716	196480.9384164223
chr20	50043525	50043724	RNA6837	199	60	0.0336220831678626	1.4706100046169014e-05	0.9666666666666667	301507.53768844216
chr20	50043572	50043771	RNA6838	199	58	0.05201497209438833	1.4699599887535442e-05	0.9482758620689655	291457.28643216076
chr20	50045312	50045511	RNA6839	199	0				0.0
chr20	50178428	50178627	RNA6840	199	35	1.3439720039189395e-05	1.4698100130772218e-05	1.0	175879.39698492465
chr20	50178636	50178835	RNA6841	199	44	7.218259146280565e-05	1.4699599887535442e-05	1.0	221105.52763819098
chr20	50322176	50322375	RNA6842	199	47	5.815830323587544e-05	1.469590006308863e-05	1.0	236180.90452261307
chr20	50996442	50996992	RNA6843	550	103	1.6127569889574506e-05	0.0	1.0	187272.7272727273
chr20	51167418	51167617	RNA6844	179	12	2.0898633389757986e-05	1.4712150004925206e-05	1.0	67039.1061452514
chr20	52050271	52050373	RNA6845	102	20	8.016657261578068e-05	0.0	1.0	196078.431372549
chr20	52050279	52050518	RNA6846	239	41	7.895756137192466e-06	0.0	1.0	171548.1171548117
chr20	52050559	52050854	RNA6847	295	35	0.003915852806182682	0.0	0.9714285714285714	118644.06779661018
chr20	52051294	52051420	RNA6848	126	24	0.00540122894074102	0.0	0.9583333333333334	190476.19047619047
chr20	53511929	53512706	RNA6849	777	143	0.014028372279178504	1.4694600395159796e-05	0.986013986013986	184041.18404118405
chr20	53718478	53718839	RNA6850	360	45	0.02226898998746442	0.0	0.9777777777777777	125000.0
chr20	54793034	54793233	RNA6851	199	40	0.02502132019483269	1.4699599887535442e-05	0.975	201005.02512562816
chr20	56314505	56314771	RNA6852	266	40	1.3963514879830974e-05	1.4697050119139021e-05	1.0	150375.93984962406
chr20	56407985	56408762	RNA6853	777	173	0.016461103737864732	1.4700300198455809e-05	0.9710982658959537	222651.22265122263
chr20	57346115	57346892	RNA6854	777	143	0.013677446134593747	1.4698100130772218e-05	0.986013986013986	184041.18404118405
chr20	57346297	57347074	RNA6855	777	140	0.0069968749368659435	1.4697699953103438e-05	0.9928571428571429	180180.18018018018
chr20	57346791	57347568	RNA6856	777	164	0.012961060837020205	1.4697199731017465e-05	0.9817073170731707	211068.2110682111
chr20	57409776	57410553	RNA6857	777	185	0.006678598269113654	1.4696799553348685e-05	0.9837837837837838	238095.23809523808
chr20	57410084	57410861	RNA6858	777	168	0.006100859418102981	1.4698100130772218e-05	0.9940476190476191	216216.21621621624
chr20	57533457	57534234	RNA6859	777	156	0.00921548233414936	1.4699399798701052e-05	0.9871794871794872	200772.20077220077
chr20	57534489	57534850	RNA6860	354	55	0.02989283972353653	0.0	0.9454545454545454	155367.2316384181
chr20	57551279	57551865	RNA6861	586	128	0.026453802542597767	1.4696799553348685e-05	0.96875	218430.03412969282
chr20	57720141	57720377	RNA6862	236	51	2.885691204330925e-05	1.4698100130772218e-05	1.0	216101.69491525425
chr20	58379621	58379982	RNA6863	361	52	0.0017883677964548963	1.469785001972923e-05	0.9807692307692307	144044.3213296399
chr20	58380245	58381022	RNA6864	776	131	0.009531236144476946	1.4697199731017465e-05	0.9694656488549618	168814.43298969074
chr20	58456512	58456873	RNA6865	361	68	0.016773504364998776	0.0	0.9705882352941176	188365.6509695291
chr20	58457981	58458342	RNA6866	361	69	0.00021048831527824797	1.4696400285174605e-05	1.0	191135.73407202217
chr20	58620380	58620741	RNA6867	361	89	0.014087343401749079	1.4696799553348685e-05	0.9775280898876404	246537.39612188365
chr20	58628693	58629054	RNA6868	361	72	0.03256789507093395	1.4696599919261644e-05	0.9444444444444444	199445.98337950138
chr20	58636895	58637256	RNA6869	361	80	0.01732957313886345	1.4696999642183075e-05	0.975	221606.64819944598
chr20	59577095	59577456	RNA6870	361	55	0.004520598362350107	0.0	0.9818181818181818	152354.5706371191
chr20	60073556	60073822	RNA6871	266	56	0.015038589358141508	1.4697900041937828e-05	0.9642857142857143	210526.31578947368
chr20	61030501	61030767	RNA6872	265	58	0.01723652900850068	0.0	0.9655172413793104	218867.9245283019
chr20	61076946	61077212	RNA6873	266	69	0.0010188114433928943	1.469590006308863e-05	0.9855072463768116	259398.49624060153
chr20	61078625	61078891	RNA6874	266	48	2.2969493916960913e-05	0.0	1.0	180451.12781954886
chr20	61089803	61090069	RNA6875	266	70	0.015885899352763636	1.4696799553348685e-05	0.9714285714285714	263157.8947368421
chr20	61090545	61090811	RNA6876	266	70	0.02040988812694714	1.4696799553348685e-05	0.9571428571428572	263157.8947368421
chr20	61168838	61169104	RNA6877	266	63	0.006617860504501012	1.4698100130772218e-05	0.9682539682539683	236842.1052631579
chr20	61245480	61246066	RNA6878	586	110	0.009107880400080665	0.0	0.990909090909091	187713.31058020476
chr20	62071164	62071400	RNA6879	236	63	0.01809290195099796	0.0	0.9682539682539683	266949.1525423729
chr20	62076771	62077037	RNA6880	266	38	0.037558973787087634	0.0	0.9473684210526315	142857.14285714284
chr20	62370054	62370831	RNA6881	777	192	0.006351441205216207	1.4695950085297227e-05	0.984375	247104.2471042471
chr20	62453165	62453751	RNA6882	583	145	0.02459835380269114	1.470159986638464e-05	0.9586206896551724	248713.55060034306
chr20	62538454	62539040	RNA6883	577	124	0.010900645919234866	1.4698100130772218e-05	0.9758064516129032	214904.6793760832
chr20	62540899	62541485	RNA6884	586	97	0.007667333157422535	1.469509970775107e-05	0.979381443298969	165529.01023890785
chr20	62570795	62571031	RNA6885	236	43	0.01800538455118353	1.4696400285174605e-05	0.9534883720930233	182203.38983050847
chr20	62570799	62571385	RNA6886	585	116	0.018951709880615574	1.469744984206045e-05	0.9655172413793104	198290.59829059828
chr20	62580806	62581392	RNA6887	585	163	0.011258181759180252	1.4708900380355772e-05	0.9693251533742331	278632.4786324786
chr20	62629732	62629968	RNA6888	236	45	0.02230880085161414	1.4698999621032272e-05	0.9777777777777777	190677.9661016949
chr20	62630583	62630819	RNA6889	236	45	0.00022901702159287845	1.4698100130772218e-05	1.0	190677.9661016949
chr20	62686804	62687390	RNA6890	586	104	0.01927360844570103	1.4704599834658438e-05	0.9807692307692307	177474.40273037544
chr20	62688016	62688252	RNA6891	236	33	0.06522557760011048	1.4696799553348685e-05	0.9090909090909091	139830.50847457626
chr20	62690208	62690444	RNA6892	236	39	0.012954739309721975	1.4700300198455809e-05	0.9487179487179487	165254.2372881356
chr20	62781413	62781649	RNA6893	236	44	0.04551368276718842	1.470005008741282e-05	0.9545454545454546	186440.6779661017
chr20	63575748	63576109	RNA6894	361	74	2.2849018797705716e-05	0.0	1.0	204986.14958448755
chr20	63579406	63579992	RNA6895	551	105	0.012783727770355257	1.4696400285174605e-05	0.9809523809523809	190562.61343012704
chr20	63632196	63632432	RNA6896	236	0				0.0
chr21	5392720	5392921	RNA6897	201	0				0.0
chr21	5536657	5536827	RNA6898	0	0				
chr21	5539812	5540013	RNA6899	0	0				
chr21	5547642	5547812	RNA6900	0	0				
chr21	5548434	5548635	RNA6901	0	0				
chr21	5624400	5624601	RNA6902	0	0				
chr21	5625702	5625872	RNA6903	0	0				
chr21	5695811	5696012	RNA6904	0	0				
chr21	5702273	5702443	RNA6905	0	0				
chr21	6223786	6223956	RNA6906	0	0				
chr21	6224670	6224871	RNA6907	0	0				
chr21	9842329	9842826	RNA6908	497	0				0.0
chr21	10139416	10139586	RNA6909	170	0				0.0
chr21	10141281	10141482	RNA6910	201	0				0.0
chr21	12470318	12470425	RNA6911	0	0				
chr21	13812658	13813155	RNA6912	497	0				0.0
chr21	14471227	14471724	RNA6913	497	90	1.062260106563199e-05	0.0	1.0	181086.51911468813
chr21	14473486	14473983	RNA6914	497	108	0.0014739193610424695	1.4695949630549876e-05	0.9722222222222222	217303.82293762575
chr21	14476217	14476714	RNA6915	472	69	0.05395012261709305	1.4696799553348685e-05	0.9420289855072463	146186.4406779661
chr21	15073276	15073773	RNA6916	497	103	0.011363384983128213	0.0	0.9805825242718447	207243.46076458754
chr21	15085476	15085973	RNA6917	497	109	0.04413593010096953	1.470200004405342e-05	0.944954128440367	219315.89537223338
chr21	15097353	15097850	RNA6918	497	112	0.008978717479189003	1.4697900041937828e-05	0.9910714285714286	225352.11267605633
chr21	15326191	15326324	RNA6919	133	33	2.8953581683950145e-05	0.0	1.0	248120.3007518797
chr21	15918504	15919001	RNA6920	497	140	0.007427579452457522	1.469569997425424e-05	0.9928571428571429	281690.1408450704
chr21	15920578	15920685	RNA6921	107	35	0.03120930377889245	1.4698100130772218e-05	0.9428571428571428	327102.80373831774
chr21	17333882	17333989	RNA6922	107	39	0.025675203366914402	0.0	0.9743589743589743	364485.9813084112
chr21	17428038	17428145	RNA6923	107	26	0.0006367968642105222	0.0	1.0	242990.65420560748
chr21	17433251	17433358	RNA6924	107	27	0.06847710767174753	1.4703299711982254e-05	0.8518518518518519	252336.4485981308
chr21	17451122	17451229	RNA6925	107	34	0.015499951379190266	1.4699200164614012e-05	0.9705882352941176	317757.0093457944
chr21	17458321	17458428	RNA6926	107	28	3.1496010186463894e-05	1.469744984206045e-05	1.0	261682.24299065417
chr21	17476782	17476889	RNA6927	107	28	7.879117902120925e-06	0.0	1.0	261682.24299065417
chr21	18503994	18504101	RNA6928	107	16	0.04674347633169873	0.0	0.9375	149532.7102803738
chr21	19261695	19261828	RNA6929	133	23	0.00013637977296994795	0.0	1.0	172932.33082706766
chr21	19494354	19494518	RNA6930	164	71	0.014132121379371308	1.4698100130772218e-05	0.9859154929577465	432926.8292682927
chr21	19882356	19882853	RNA6931	497	85	0.0027935617408515706	0.0	0.9882352941176471	171026.1569416499
chr21	19882484	19882617	RNA6932	133	18	0.010190977005853096	1.470200004405342e-05	0.9444444444444444	135338.34586466165
chr21	19883504	19883637	RNA6933	133	32	0.03136486260319771	1.4699799976369832e-05	0.96875	240601.50375939847
chr21	19884902	19885035	RNA6934	133	30	0.07592883740453543	0.0	0.8666666666666667	225563.9097744361
chr21	20336721	20336854	RNA6935	133	34	0.017976556524150932	0.0	0.9705882352941176	255639.0977443609
chr21	20337940	20338073	RNA6936	133	33	6.28228268176395e-05	0.0	1.0	248120.3007518797
chr21	20348968	20349101	RNA6937	133	25	1.2944902227898457e-05	0.0	1.0	187969.92481203008
chr21	20562955	20563067	RNA6938	112	20	0.0001080426912267247	7.349050065386109e-06	1.0	178571.42857142858
chr21	21560392	21560525	RNA6939	133	25	1.589475999935093e-05	0.0	1.0	187969.92481203008
chr21	22198576	22198683	RNA6940	107	29	0.03452285929265129	1.471539962949464e-05	0.9655172413793104	271028.03738317755
chr21	23471204	23471368	RNA6941	164	33	0.010327997125001051	1.4700700376124589e-05	0.9696969696969697	201219.51219512196
chr21	24301994	24302158	RNA6942	164	26	1.9304592429899476e-05	0.0	1.0	158536.58536585365
chr21	24303061	24303225	RNA6943	164	30	2.653927980039245e-05	1.4745150110684335e-05	1.0	182926.82926829267
chr21	24303642	24303806	RNA6944	164	27	1.0368440901705375e-05	0.0	1.0	164634.14634146343
chr21	24556265	24556429	RNA6945	164	0				0.0
chr21	24556328	24556519	RNA6946	191	0				0.0
chr21	24560209	24560321	RNA6947	112	0				0.0
chr21	24560238	24560402	RNA6948	164	0				0.0
chr21	24625174	24625912	RNA6949	738	0				0.0
chr21	24625414	24625578	RNA6950	164	0				0.0
chr21	24774745	24774870	RNA6951	122	31	5.587486767551514e-05	1.4719699720444623e-05	1.0	254098.36065573772
chr21	24820796	24820929	RNA6952	133	32	1.7005265760869682e-05	1.4698749964736635e-05	1.0	240601.50375939847
chr21	25467047	25467159	RNA6953	112	24	0.00018744730239934944	1.4702250155096408e-05	1.0	214285.71428571426
chr21	25492712	25492876	RNA6954	164	27	8.714903574232099e-06	0.0	1.0	164634.14634146343
chr21	25492882	25492994	RNA6955	112	24	1.8379020654416916e-05	1.4702849966852227e-05	1.0	214285.71428571426
chr21	25493305	25493417	RNA6956	112	23	0.03469319636311095	0.0	0.9565217391304348	205357.14285714284
chr21	26218390	26218502	RNA6957	112	24	3.7363471354479544e-05	0.0	1.0	214285.71428571426
chr21	26218931	26219043	RNA6958	112	20	2.498857525096887e-05	1.4698749964736635e-05	1.0	178571.42857142858
chr21	26220510	26220622	RNA6959	112	20	0.05001763862983353	1.4699150142405415e-05	0.95	178571.42857142858
chr21	26606054	26606166	RNA6960	112	21	0.047655477819586976	0.0	0.9523809523809523	187500.0
chr21	26610121	26610483	RNA6961	362	72	0.00487771328274296	1.4696999642183075e-05	0.9583333333333334	198895.02762430938
chr21	28925457	28925552	RNA6962	95	14	0.006398136569194829	1.4697199731017465e-05	0.9285714285714286	147368.42105263157
chr21	28926350	28927088	RNA6963	734	139	0.012752772595579717	1.4698999621032272e-05	0.9784172661870504	189373.29700272478
chr21	28926864	28927065	RNA6964	201	40	2.6115327113982995e-05	7.352949978667312e-06	1.0	199004.9751243781
chr21	28926879	28927004	RNA6965	125	29	2.9915144264591342e-05	1.4705899957334624e-05	1.0	232000.0
chr21	28927317	28927508	RNA6966	156	46	0.04775327005678342	1.4879849913995713e-05	0.8695652173913043	294871.7948717949
chr21	28927342	28927539	RNA6967	151	63	0.05094565263141067	1.556370079924818e-05	0.8888888888888888	417218.54304635763
chr21	29188889	29189014	RNA6968	125	29	0.00034822733342197373	1.4697699953103438e-05	1.0	232000.0
chr21	29189934	29190098	RNA6969	164	35	4.8308037678773905e-05	0.0	1.0	213414.63414634147
chr21	29190169	29190907	RNA6970	738	108	0.06438974353021944	1.4697199731017465e-05	0.9166666666666666	146341.46341463414
chr21	29190275	29190466	RNA6971	191	32	0.05366472290120328	1.4696999642183075e-05	0.9375	167539.2670157068
chr21	29190337	29190528	RNA6972	191	31	0.055396317736736936	1.4696799553348685e-05	0.9354838709677419	162303.66492146597
chr21	29190655	29190780	RNA6973	125	16	0.1314740281963509	1.4699199709866662e-05	0.8125	128000.0
chr21	29190744	29190935	RNA6974	191	22	0.05150808698144002	0.0	0.9090909090909091	115183.24607329843
chr21	29191113	29191851	RNA6975	738	105	0.010389724404532376	0.0	0.9619047619047619	142276.42276422764
chr21	29192167	29192292	RNA6976	125	28	5.782917833129906e-05	1.4714099961565807e-05	1.0	224000.0
chr21	29192420	29193158	RNA6977	738	127	0.015814934404583553	1.4696400285174605e-05	0.984251968503937	172086.72086720867
chr21	30003994	30004732	RNA6978	738	157	0.0022863270614602864	0.0	0.9745222929936306	212737.1273712737
chr21	30004315	30004440	RNA6979	125	27	0.0090811262012317	1.4698100130772218e-05	0.8888888888888888	216000.0
chr21	30004414	30004605	RNA6980	191	43	0.0023195577657958853	0.0	0.9767441860465116	225130.890052356
chr21	30004424	30004615	RNA6981	191	43	0.0023195577657958853	0.0	0.9767441860465116	225130.890052356
chr21	30004439	30004564	RNA6982	125	24	0.004151587222092224	0.0	0.9583333333333334	192000.0
chr21	30004479	30004670	RNA6983	191	39	9.799722974069215e-06	0.0	1.0	204188.48167539266
chr21	30004518	30004643	RNA6984	125	24	3.062320805232351e-06	0.0	1.0	192000.0
chr21	30004612	30005350	RNA6985	738	153	0.00025080573861629404	1.4698500308440998e-05	1.0	207317.0731707317
chr21	30004627	30005365	RNA6986	738	154	0.0002494636305704947	1.4699199709866662e-05	1.0	208672.0867208672
chr21	30500929	30501120	RNA6987	191	38	2.7079303077023628e-05	0.0	1.0	198952.87958115182
chr21	30569761	30569873	RNA6988	112	18	1.3067327927274164e-05	7.348399776674342e-06	1.0	160714.28571428574
chr21	30573936	30574298	RNA6989	362	59	0.017374949653042104	0.0	0.9830508474576272	162983.42541436464
chr21	30622270	30623008	RNA6990	738	121	0.0033110320687040587	0.0	0.9834710743801653	163956.63956639566
chr21	30768240	30768602	RNA6991	362	78	0.012841055121988082	0.0	0.9871794871794872	215469.61325966852
chr21	30772256	30772618	RNA6992	362	52	0.019285333397874638	0.0	0.9807692307692307	143646.408839779
chr21	30776592	30776954	RNA6993	362	71	6.108326607305088e-05	0.0	1.0	196132.59668508288
chr21	30776978	30777103	RNA6994	125	21	1.4006942971411194e-05	0.0	1.0	168000.0
chr21	31570886	31571248	RNA6995	362	73	0.0025535566515354218	0.0	0.9863013698630136	201657.4585635359
chr21	31571816	31572178	RNA6996	362	51	0.014843224395293626	0.0	0.9803921568627451	140883.97790055248
chr21	31669185	31669547	RNA6997	362	73	5.517092424818255e-05	0.0	1.0	201657.4585635359
chr21	32046561	32046762	RNA6998	200	32	0.00012090402120179526	0.0	1.0	160000.0
chr21	32252926	32253021	RNA6999	95	18	2.2863922519413576e-05	1.4696800008096034e-05	1.0	189473.68421052632
chr21	32265812	32266009	RNA7000	197	26	3.0231261951900454e-05	0.0	1.0	131979.6954314721
chr21	32612923	32613285	RNA7001	362	0				0.0
chr21	32626472	32626673	RNA7002	201	47	0.021346029199640775	1.4697199731017465e-05	0.9787234042553191	233830.84577114426
chr21	32626648	32626849	RNA7003	201	32	0.016032916044622425	0.0	0.96875	159203.98009950249
chr21	32627046	32627247	RNA7004	201	27	0.03705065194824581	1.4698500308440998e-05	0.9629629629629629	134328.35820895524
chr21	33072660	33072861	RNA7005	201	33	0.02471625206464633	0.0	0.9696969696969697	164179.10447761195
chr21	33073018	33073113	RNA7006	95	14	0.00010393705776680442	1.4696599919261644e-05	1.0	147368.42105263157
chr21	33074167	33074368	RNA7007	201	47	0.003477008262516965	1.4696799553348685e-05	0.9787234042553191	233830.84577114426
chr21	33074441	33074673	RNA7008	232	33	0.030654883771934354	1.4697199731017465e-05	0.9696969696969697	142241.37931034484
chr21	33075651	33075852	RNA7009	201	42	2.204895974413826e-05	0.0	1.0	208955.223880597
chr21	33132642	33132839	RNA7010	197	0				0.0
chr21	33133123	33133218	RNA7011	95	0				0.0
chr21	33133287	33133484	RNA7012	197	44	0.04607994476677131	0.0	0.9545454545454546	223350.2538071066
chr21	33133828	33133923	RNA7013	95	26	0.038507331622510646	1.469785001972923e-05	0.9615384615384616	273684.2105263158
chr21	33134800	33134950	RNA7014	150	31	0.03226754842275583	1.4700300198455809e-05	0.967741935483871	206666.66666666666
chr21	33135812	33136009	RNA7015	197	31	7.540835926074991e-05	0.0	1.0	157360.40609137056
chr21	33312429	33312626	RNA7016	197	39	2.6010679530135876e-05	1.4697699953103438e-05	1.0	197969.54314720814
chr21	33313588	33313683	RNA7017	95	23	0.031551849461799925	1.470159986638464e-05	0.9130434782608695	242105.26315789475
chr21	33315611	33315706	RNA7018	95	13	0.0458172477356129	1.4698500308440998e-05	0.9230769230769231	136842.1052631579
chr21	33323126	33323323	RNA7019	0	0				
chr21	33323287	33323382	RNA7020	0	0				
chr21	33371097	33371294	RNA7021	195	35	4.600710812414992e-05	1.470929964852985e-05	1.0	179487.1794871795
chr21	34053954	34054155	RNA7022	201	39	5.7303645800667984e-05	0.0	1.0	194029.85074626867
chr21	34062065	34062160	RNA7023	95	17	0.0076887520402605675	0.0	0.9411764705882353	178947.36842105264
chr21	34065286	34065477	RNA7024	191	40	1.9841042444565192e-05	0.0	1.0	209424.0837696335
chr21	34068069	34068807	RNA7025	731	133	0.008554191123429124	1.4698999621032272e-05	0.9849624060150376	181942.54445964433
chr21	34070179	34070376	RNA7026	197	38	2.9849130896761825e-05	7.347950031544315e-06	1.0	192893.40101522842
chr21	34720820	34721345	RNA7027	525	107	6.759023797661714e-05	0.0	1.0	203809.5238095238
chr21	34723464	34723589	RNA7028	125	34	2.1184215203148002e-05	0.0	1.0	272000.0
chr21	36420461	36420823	RNA7029	362	65	0.015419892115698108	1.4700300198455809e-05	0.9846153846153847	179558.01104972378
chr21	36991563	36991671	RNA7030	108	16	1.1954462365793006e-05	1.4696799553348685e-05	1.0	148148.14814814815
chr21	36992891	36993099	RNA7031	208	40	0.0180713246833875	0.0	0.975	192307.6923076923
chr21	37032097	37032329	RNA7032	232	44	0.008109327115500322	0.0	0.9772727272727273	189655.1724137931
chr21	37205365	37205515	RNA7033	150	20	7.79124555719999e-05	0.0	1.0	133333.33333333334
chr21	37576847	37577079	RNA7034	232	44	2.747636416312104e-05	0.0	1.0	189655.1724137931
chr21	37577359	37577556	RNA7035	197	32	1.2412171855658016e-05	7.349050065386109e-06	1.0	162436.54822335026
chr21	37578316	37578466	RNA7036	150	25	8.641797441668278e-05	1.4698500308440998e-05	1.0	166666.66666666666
chr21	37579307	37579539	RNA7037	232	35	5.124932049511055e-05	0.0	1.0	150862.06896551725
chr21	37579885	37580117	RNA7038	232	30	2.2064077105215287e-05	0.0	1.0	129310.34482758622
chr21	37582745	37582946	RNA7039	201	37	0.006474499363812844	0.0	0.972972972972973	184079.60199004973
chr21	37584366	37584461	RNA7040	95	20	0.10010955682028	1.4696349808218656e-05	0.9	210526.31578947368
chr21	37584749	37584899	RNA7041	150	21	9.799080760872347e-06	0.0	1.0	140000.0
chr21	37587183	37587333	RNA7042	150	24	2.4495962406941215e-05	1.469744984206045e-05	1.0	160000.0
chr21	38311238	38311470	RNA7043	232	39	0.013358103599388502	1.4700300198455809e-05	0.9230769230769231	168103.44827586206
chr21	38312570	38312720	RNA7044	150	25	0.04002410741206404	1.4699799976369832e-05	0.96	166666.66666666666
chr21	38313448	38313690	RNA7045	242	54	0.00016370360646288733	0.0	1.0	223140.4958677686
chr21	38314912	38315062	RNA7046	150	24	1.7153783270863385e-05	1.469764993089484e-05	1.0	160000.0
chr21	38315860	38316010	RNA7047	150	29	1.36896760209447e-05	0.0	1.0	193333.33333333334
chr21	38316168	38316400	RNA7048	232	45	0.026763125632047982	1.471539962949464e-05	0.9555555555555556	193965.5172413793
chr21	38318741	38318973	RNA7049	231	37	1.583460815143825e-05	1.4696400285174605e-05	1.0	160173.16017316017
chr21	38668750	38669275	RNA7050	525	115	0.008725316636730932	1.4696400285174605e-05	0.991304347826087	219047.61904761905
chr21	38670681	38672138	RNA7051	1450	257	0.011679435136994055	1.4697699953103438e-05	0.9883268482490273	177241.37931034484
chr21	39113541	39113773	RNA7052	232	36	0.010151386693021573	1.4697199731017465e-05	0.9722222222222222	155172.41379310345
chr21	39153549	39153699	RNA7053	150	27	0.024008147735912637	1.4696799553348685e-05	0.9629629629629629	180000.0
chr21	39518186	39518711	RNA7054	525	112	0.02585404027998298	0.0	0.9732142857142857	213333.33333333334
chr21	39520566	39521225	RNA7055	659	115	0.02562722408968946	0.0	0.9565217391304348	174506.82852807283
chr21	39548347	39548872	RNA7056	522	89	0.0006680914410414466	0.0	0.9887640449438202	170498.08429118773
chr21	39553829	39554354	RNA7057	525	110	0.030013818260729085	1.4699199709866662e-05	0.9272727272727272	209523.80952380953
chr21	39727000	39727525	RNA7058	525	111	0.0009437404020843049	1.469549988541985e-05	0.990990990990991	211428.57142857145
chr21	39727099	39727624	RNA7059	525	115	0.00033281539899294283	1.469590006308863e-05	1.0	219047.61904761905
chr21	39727219	39727744	RNA7060	525	108	0.0004221653370374596	1.4696150174131617e-05	1.0	205714.2857142857
chr21	40847632	40847740	RNA7061	108	15	9.798006552349155e-06	0.0	1.0	138888.8888888889
chr21	40848490	40848698	RNA7062	208	33	2.85033425605006e-05	1.4697199731017465e-05	1.0	158653.84615384616
chr21	40850227	40850547	RNA7063	320	60	7.128783469548902e-05	0.0	1.0	187500.0
chr21	40856169	40856694	RNA7064	522	73	0.006895984785082308	0.0	0.9863013698630136	139846.74329501914
chr21	40857772	40857964	RNA7065	192	39	1.5828987064498647e-05	0.0	1.0	203125.0
chr21	40858068	40858463	RNA7066	395	72	0.006970376238768948	0.0	0.9861111111111112	182278.48101265822
chr21	41586597	41586805	RNA7067	208	55	0.02105158154091358	0.0	0.9636363636363636	264423.07692307694
chr21	41588591	41588833	RNA7068	242	51	0.020272712203222906	1.4697699953103438e-05	0.9803921568627451	210743.80165289255
chr21	41613442	41613550	RNA7069	108	23	0.0009208423298727913	1.4698100130772218e-05	1.0	212962.96296296298
chr21	41621110	41621318	RNA7070	208	44	0.002308821077576789	1.469764993089484e-05	0.9772727272727273	211538.46153846153
chr21	41621248	41621456	RNA7071	208	45	0.08893658491041505	1.4699799976369832e-05	0.9111111111111111	216346.15384615384
chr21	41697803	41698011	RNA7072	208	62	0.047119986832351586	1.4697900041937828e-05	0.9516129032258065	298076.92307692306
chr21	41708320	41708428	RNA7073	108	9	4.0845354609084887e-05	0.0	1.0	83333.33333333333
chr21	41709033	41709241	RNA7074	196	46	0.08114191978681803	1.4699199709866662e-05	0.8913043478260869	234693.8775510204
chr21	41709128	41709236	RNA7075	96	21	0.02585462574604337	1.4696400285174605e-05	0.9523809523809523	218750.0
chr21	41726282	41726390	RNA7076	108	33	0.015925998697115782	1.4696400285174605e-05	0.9696969696969697	305555.55555555556
chr21	41729058	41729166	RNA7077	108	17	0.0005057441584914681	2.939190017059445e-05	1.0	157407.40740740742
chr21	41793381	41793489	RNA7078	108	11	0.03767205768723546	1.4700300198455809e-05	0.9090909090909091	101851.85185185184
chr21	41795431	41795639	RNA7079	208	47	0.01968120749658757	1.4698100130772218e-05	0.9787234042553191	225961.53846153847
chr21	42326416	42327873	RNA7080	1449	280	0.022911788002706348	7.348200142587302e-06	0.9714285714285714	193236.71497584542
chr21	42471138	42471380	RNA7081	242	42	0.025388230251489095	1.4698100130772218e-05	0.9047619047619048	173553.71900826448
chr21	42471443	42471685	RNA7082	242	46	2.588189596755185e-05	1.4696800008096034e-05	1.0	190082.64462809917
chr21	42471790	42472032	RNA7083	242	60	0.0166855305000657	0.0	0.9833333333333333	247933.88429752068
chr21	42615513	42615755	RNA7084	25	29	0.1999576122944463	0.0002126750041497	0.7586206896551724	1160000.0
chr21	42621157	42621399	RNA7085	186	33	0.03228801809070843	1.4697699953103438e-05	0.9393939393939394	177419.3548387097
chr21	42638511	42638619	RNA7086	108	16	9.46307707749799e-05	1.4696800008096034e-05	1.0	148148.14814814815
chr21	42643814	42644022	RNA7087	208	51	0.039416623918566304	1.4698100130772218e-05	0.9607843137254902	245192.3076923077
chr21	42644843	42645085	RNA7088	242	50	0.0012681934014653902	0.0	0.98	206611.57024793388
chr21	43037535	43037767	RNA7089	132	12	9.922764926764516e-05	1.7242550711671356e-05	1.0	90909.09090909091
chr21	43038580	43038730	RNA7090	150	27	0.023236926567295552	1.6283500372082926e-05	0.9259259259259259	180000.0
chr21	43276469	43277926	RNA7091	1457	0				0.0
chr21	43282962	43284419	RNA7092	1449	0				0.0
chr21	43373001	43374458	RNA7093	1457	0				0.0
chr21	43373045	43374502	RNA7094	1457	0				0.0
chr21	43375268	43375510	RNA7095	242	0				0.0
chr21	43376835	43377494	RNA7096	394	0				0.0
chr21	43383862	43385319	RNA7097	0	0				
chr21	44011302	44011622	RNA7098	320	69	2.046231170622241e-05	1.4696799553348685e-05	1.0	215625.0
chr21	44214427	44214822	RNA7099	0	1	0.000311526004225	0.000311526004225	1.0	
chr21	44274321	44275778	RNA7100	1457	281	0.0077651923672915	0.0	0.9893238434163701	192862.0452985587
chr21	44283792	44283984	RNA7101	192	36	0.00024169432529358195	0.0	1.0	187500.0
chr21	44349044	44349703	RNA7102	659	147	0.00011939502412107797	0.0	1.0	223065.25037936267
chr21	44468128	44468787	RNA7103	618	78	0.038670427294001004	1.4704200111737007e-05	0.9615384615384616	126213.59223300971
chr21	44468555	44469080	RNA7104	525	44	0.1367474968905588	1.4712799838889623e-05	0.8636363636363636	83809.5238095238
chr21	44468657	44469316	RNA7105	659	80	0.06276237661761569	1.4701349755341653e-05	0.9375	121396.05462822459
chr21	44714308	44714967	RNA7106	651	110	0.017556627752442593	1.4696999642183075e-05	0.9818181818181818	168970.81413210445
chr21	44715814	44716209	RNA7107	395	82	0.01226091698847484	0.0	0.9878048780487805	207594.93670886077
chr21	44718473	44719132	RNA7108	659	135	0.0022972153299229397	0.0	0.9851851851851852	204855.84218512897
chr21	44726501	44727160	RNA7109	659	14	0.07144222537116159	0.0	0.9285714285714286	21244.309559939302
chr21	44755274	44755669	RNA7110	392	97	0.032441974692456944	1.470159986638464e-05	0.9381443298969072	247448.97959183675
chr21	44758033	44758428	RNA7111	395	80	0.01756257070240963	0.0	0.975	202531.64556962025
chr21	44820153	44820548	RNA7112	395	103	0.004638817772643356	1.469549988541985e-05	0.9805825242718447	260759.4936708861
chr21	44821378	44821773	RNA7113	395	94	0.021732454537085045	7.348200142587302e-06	0.9787234042553191	237974.68354430379
chr21	44833392	44833712	RNA7114	320	81	0.027592009756820815	1.4701099644298664e-05	0.9506172839506173	253125.0
chr21	44883702	44884022	RNA7115	316	71	0.008145385812421293	0.0	0.9859154929577465	224683.54430379748
chr21	44884926	44885321	RNA7116	124	0				0.0
chr21	44885537	44885857	RNA7117	316	51	0.03154247293994059	0.0	0.9607843137254902	161392.40506329114
chr21	44977369	44977689	RNA7118	307	88	0.0015553418742228992	1.4700699921377236e-05	0.9886363636363636	286644.95114006515
chr21	44978107	44978427	RNA7119	297	97	0.00016168575717697355	1.470159986638464e-05	1.0	326599.3265993266
chr21	45040513	45040833	RNA7120	320	57	0.017383271715372847	1.470200004405342e-05	0.9824561403508771	178125.0
chr21	45230459	45230651	RNA7121	192	35	4.956541181724309e-05	0.0	1.0	182291.66666666666
chr21	45230619	45230811	RNA7122	192	40	2.9043474683017952e-05	0.0	1.0	208333.33333333334
chr21	45231147	45231339	RNA7123	192	54	0.05557169983330822	0.0	0.9444444444444444	281250.0
chr21	45373585	45373777	RNA7124	192	33	0.00736020913449685	1.4697699953103438e-05	0.9696969696969697	171875.0
chr21	45375767	45375959	RNA7125	192	12	1.361941728343142e-05	0.0	1.0	62500.0
chr21	45401171	45401363	RNA7126	192	32	2.0682590616160467e-05	1.4701549844176043e-05	1.0	166666.66666666666
chr21	45582180	45582839	RNA7127	652	131	0.020368609878619794	1.469509970775107e-05	0.9770992366412213	200920.24539877303
chr21	45942781	45943101	RNA7128	320	67	1.8651005975968274e-05	1.4699799976369832e-05	1.0	209375.0
chr21	45946807	45947202	RNA7129	395	103	0.010392417047856296	1.4698100130772218e-05	0.970873786407767	260759.4936708861
chr21	46298227	46298419	RNA7130	183	40	0.007068844366085608	0.0	0.975	218579.2349726776
chr21	46694266	46694474	RNA7131	0	0				
chr22	12551362	12551810	RNA7132	448	0				0.0
chr22	12552106	12552550	RNA7133	0	0				
chr22	15615633	15616081	RNA7134	448	0				0.0
chr22	15618099	15618543	RNA7135	442	0				0.0
chr22	17035182	17035626	RNA7136	444	0				0.0
chr22	17080102	17080550	RNA7137	448	72	0.0003785518276041926	0.0	1.0	160714.28571428574
chr22	17115709	17116153	RNA7138	444	85	0.02355795391192848	0.0	0.9764705882352941	191441.44144144142
chr22	17115745	17116189	RNA7139	443	83	0.02413093853022704	0.0	0.9759036144578314	187358.9164785553
chr22	17132732	17133176	RNA7140	443	91	0.0036444142532583135	1.4699399798701052e-05	0.978021978021978	205417.60722347628
chr22	17135960	17136408	RNA7141	249	23	0.04845900632636071	1.4928000382496975e-05	0.9130434782608695	92369.47791164658
chr22	17136080	17136528	RNA7142	204	28	5.2521014042983926e-05	0.0	1.0	137254.90196078434
chr22	17136126	17136570	RNA7143	200	43	0.008367154802071182	0.0	0.9534883720930233	215000.0
chr22	17170905	17171353	RNA7144	448	63	0.02663647922991148	0.0	0.9682539682539683	140625.0
chr22	17171027	17171475	RNA7145	448	70	0.011620757765519683	1.469549988541985e-05	0.9857142857142858	156250.0
chr22	17267337	17267785	RNA7146	448	96	0.020855533031995794	1.4694850051455433e-05	0.9791666666666666	214285.71428571426
chr22	17268344	17268788	RNA7147	444	80	0.012518957243764816	1.4704599834658438e-05	0.9875	180180.18018018018
chr22	18177556	18178004	RNA7148	321	0				0.0
chr22	18177568	18178012	RNA7149	329	0				0.0
chr22	19568724	19569108	RNA7150	384	69	0.000808696663124709	1.4698500308440998e-05	1.0	179687.5
chr22	21519055	21519557	RNA7151	0	0				
chr22	21988572	21989020	RNA7152	448	91	0.00147912826933851	1.4698500308440998e-05	1.0	203125.0
chr22	21990544	21990988	RNA7153	444	96	4.669177510170852e-05	0.0	1.0	216216.21621621624
chr22	23016565	23016721	RNA7154	156	0				0.0
chr22	23018916	23019085	RNA7155	169	21	2.519453846616275e-05	0.0	1.0	124260.3550295858
chr22	23427404	23427788	RNA7156	384	0				0.0
chr22	24008334	24008718	RNA7157	362	98	0.012647051435643722	1.4696400285174605e-05	0.9795918367346939	270718.23204419884
chr22	24008353	24008737	RNA7158	362	98	0.012709430555564814	1.4696599919261644e-05	0.9795918367346939	270718.23204419884
chr22	24010728	24011112	RNA7159	383	93	0.010448580417120266	0.0	0.967741935483871	242819.84334203653
chr22	24629553	24629937	RNA7160	384	0				0.0
chr22	24630046	24630430	RNA7161	384	0				0.0
chr22	24631524	24631908	RNA7162	384	0				0.0
chr22	25198515	25198644	RNA7163	129	24	0.00012738873935328333	0.0	1.0	186046.51162790696
chr22	25540916	25541418	RNA7164	502	64	0.015860899845137052	0.0	0.984375	127490.03984063744
chr22	25541910	25542294	RNA7165	384	65	0.003183973722941746	0.0	0.9846153846153847	169270.83333333334
chr22	26389469	26389625	RNA7166	156	37	0.052657032489789986	0.0	0.9459459459459459	237179.48717948716
chr22	26407142	26407644	RNA7167	502	97	0.024604155952878612	1.4697699953103438e-05	0.9690721649484536	193227.09163346613
chr22	26424836	26425338	RNA7168	502	83	6.995217334033458e-05	1.4696400285174605e-05	1.0	165338.6454183267
chr22	26424997	26425499	RNA7169	502	85	0.00013648106689609143	1.469509970775107e-05	1.0	169322.7091633466
chr22	26618997	26619499	RNA7170	502	93	0.010767548147268043	1.469590006308863e-05	0.989247311827957	185258.9641434263
chr22	26620486	26620988	RNA7171	482	99	0.023135139609235692	0.0	0.9393939393939394	205394.1908713693
chr22	26620592	26621094	RNA7172	491	106	0.012173104779296128	0.0	0.9528301886792453	215885.94704684318
chr22	26968964	26969093	RNA7173	129	36	4.4915055291817734e-06	0.0	1.0	279069.76744186046
chr22	26970079	26970248	RNA7174	169	96	0.021821003507900127	1.4710200048284603e-05	0.96875	568047.3372781065
chr22	26972631	26972720	RNA7175	89	11	2.137940885983153e-05	0.0	1.0	123595.50561797753
chr22	27119766	27119922	RNA7176	156	31	0.0026139779973222603	0.0	0.967741935483871	198717.94871794872
chr22	27208310	27208466	RNA7177	156	27	0.006134912927100896	1.4706300135003405e-05	0.9629629629629629	173076.92307692306
chr22	27208718	27208874	RNA7178	153	42	0.02383902229690821	1.4702849966852227e-05	0.9761904761904762	274509.8039215687
chr22	27249015	27249171	RNA7179	156	45	0.006574030923345867	0.0	0.9777777777777777	288461.53846153844
chr22	27249415	27249571	RNA7180	156	29	5.5240914348513746e-05	1.4697699953103438e-05	1.0	185897.4358974359
chr22	27320197	27320353	RNA7181	156	33	0.00034296455746560034	0.0	1.0	211538.46153846153
chr22	27454625	27455127	RNA7182	502	104	0.002019447406461527	1.4697900041937828e-05	0.9903846153846154	207171.31474103587
chr22	27816091	27816260	RNA7183	169	25	0.00023397612851112776	1.4698100130772218e-05	1.0	147928.99408284025
chr22	27850787	27850956	RNA7184	169	33	0.007763252884477404	1.4696799553348685e-05	0.9393939393939394	195266.2721893491
chr22	27851104	27851260	RNA7185	156	25	0.03925412013344612	0.0	0.96	160256.41025641028
chr22	27851441	27851610	RNA7186	169	21	2.0996652243148238e-05	1.4694600395159796e-05	1.0	124260.3550295858
chr22	28680773	28680942	RNA7187	169	0				0.0
chr22	28684318	28684487	RNA7188	169	25	0.0001261291134869621	0.0	1.0	147928.99408284025
chr22	28684699	28684868	RNA7189	169	37	0.00021254740504200004	1.469329981773626e-05	1.0	218934.91124260356
chr22	28758583	28758698	RNA7190	115	24	0.06524621343889218	2.9424300009850413e-05	0.9166666666666666	208695.65217391303
chr22	28879903	28880072	RNA7191	169	0				0.0
chr22	29058089	29058218	RNA7192	129	29	0.0005232492796870911	1.4732299860042986e-05	1.0	224806.2015503876
chr22	29177756	29178140	RNA7193	384	71	2.0107595728273473e-05	0.0	1.0	184895.83333333334
chr22	29771068	29771265	RNA7194	197	39	0.002249920820432656	0.0	0.9743589743589743	197969.54314720814
chr22	29880833	29880962	RNA7195	129	19	3.249364138020128e-05	0.0	1.0	147286.82170542638
chr22	29881088	29881217	RNA7196	129	22	4.410097376834688e-05	1.4696599919261644e-05	1.0	170542.63565891472
chr22	29881835	29881964	RNA7197	129	27	2.3960007335213692e-05	0.0	1.0	209302.32558139536
chr22	30178267	30178396	RNA7198	129	17	8.646888251378722e-06	0.0	1.0	131782.9457364341
chr22	30178699	30178828	RNA7199	129	19	1.3924015643409037e-05	1.4696799553348685e-05	1.0	147286.82170542638
chr22	30182543	30182672	RNA7200	129	19	5.0290074365247136e-05	1.4698100130772218e-05	1.0	147286.82170542638
chr22	30968949	30969078	RNA7201	129	47	0.0009679987332809925	0.0	1.0	364341.0852713178
chr22	30969020	30969109	RNA7202	89	33	3.20818387604701e-05	1.4697699953103438e-05	1.0	370786.5168539326
chr22	31022832	31022961	RNA7203	129	25	3.471689622528965e-05	0.0	1.0	193798.4496124031
chr22	31025116	31025618	RNA7204	499	72	0.01390913804002341	1.469724975322606e-05	0.9861111111111112	144288.57715430862
chr22	31750478	31750607	RNA7205	129	26	2.376528853066654e-05	0.0	1.0	201550.38759689924
chr22	31751248	31751377	RNA7206	125	27	0.00462279419065857	1.481789968238445e-05	0.9629629629629629	216000.0
chr22	31751549	31751638	RNA7207	89	21	0.0008976766242821614	2.946980021079071e-05	1.0	235955.05617977527
chr22	31751566	31751655	RNA7208	89	20	0.0009388752504946671	2.2111300040705828e-05	1.0	224719.1011235955
chr22	31751727	31751856	RNA7209	129	48	0.021096068478300364	1.473319980505039e-05	0.9791666666666666	372093.0232558139
chr22	31751919	31752008	RNA7210	89	17	0.06195908022148025	1.4846899830445182e-05	0.8823529411764706	191011.23595505618
chr22	31752533	31752689	RNA7211	156	31	0.03239179571101562	1.4698999621032272e-05	0.967741935483871	198717.94871794872
chr22	32121768	32121857	RNA7212	89	14	4.6199514080002515e-05	7.349899988184916e-06	1.0	157303.37078651684
chr22	32121805	32121894	RNA7213	89	18	3.1031110918567654e-05	0.0	1.0	202247.19101123596
chr22	32121877	32121966	RNA7214	89	22	1.803940007117467e-05	0.0	1.0	247191.01123595505
chr22	32385689	32385818	RNA7215	129	27	0.0372313581224767	0.0	0.9629629629629629	209302.32558139536
chr22	32385761	32385890	RNA7216	129	22	0.0002672073268596136	7.347549853875535e-06	1.0	170542.63565891472
chr22	32385867	32385996	RNA7217	129	35	0.03386970098843969	0.0	0.9428571428571428	271317.82945736434
chr22	32385938	32386288	RNA7218	350	87	0.04478188480199355	1.4696799553348685e-05	0.9080459770114943	248571.42857142858
chr22	32499773	32499942	RNA7219	169	31	0.012262521183020583	0.0	0.967741935483871	183431.9526627219
chr22	32500177	32500292	RNA7220	115	17	1.2969217523812618e-05	1.4697699953103438e-05	1.0	147826.08695652176
chr22	33062252	33062367	RNA7221	115	16	0.0007818489717123959	1.4698099676024867e-05	1.0	139130.4347826087
chr22	33063303	33063392	RNA7222	89	15	6.859786723604581e-06	0.0	1.0	168539.32584269662
chr22	33064126	33064241	RNA7223	115	21	1.18985570744761e-05	1.469590006308863e-05	1.0	182608.69565217392
chr22	33065209	33065324	RNA7224	115	18	3.674578925306205e-05	1.4698300219606608e-05	1.0	156521.73913043478
chr22	33065434	33065563	RNA7225	129	29	1.1151117178087588e-05	0.0	1.0	224806.2015503876
chr22	33924066	33924181	RNA7226	115	23	0.005790122255901857	1.4698500308440998e-05	0.9565217391304348	200000.0
chr22	33924492	33924689	RNA7227	197	39	1.130582050114926e-05	0.0	1.0	197969.54314720814
chr22	33924583	33924698	RNA7228	115	17	9.510023333217867e-06	0.0	1.0	147826.08695652176
chr22	33925997	33926112	RNA7229	115	29	0.003561961243294404	1.4698500308440998e-05	0.9655172413793104	252173.91304347824
chr22	34219100	34219215	RNA7230	115	20	0.021204848174966172	0.0	0.95	173913.04347826086
chr22	34220007	34220204	RNA7231	197	20	0.05026467061884432	2.939964997494826e-05	0.95	101522.8426395939
chr22	34220258	34220455	RNA7232	197	49	0.020807581437278417	0.0	0.9795918367346939	248730.96446700508
chr22	34220513	34220642	RNA7233	129	26	0.01073009141118046	1.469744984206045e-05	0.9615384615384616	201550.38759689924
chr22	34221834	34222031	RNA7234	197	41	0.007330210196946936	0.0	0.975609756097561	208121.82741116753
chr22	35295935	35296132	RNA7235	197	31	2.844965189480162e-05	1.4696799553348685e-05	1.0	157360.40609137056
chr22	35296098	35296295	RNA7236	197	28	3.937261850036555e-05	1.4699199709866662e-05	1.0	142131.97969543148
chr22	35296258	35296455	RNA7237	197	25	2.23403920244859e-05	1.4697199731017465e-05	1.0	126903.55329949237
chr22	35732682	35733032	RNA7238	346	64	0.033720344173829624	0.0	0.953125	184971.09826589594
chr22	36030280	36030477	RNA7239	197	57	0.00024724348177666	1.4707599802932236e-05	1.0	289340.1015228426
chr22	36443944	36444540	RNA7240	593	98	0.012808641384003283	1.4703100077895215e-05	0.9795918367346939	165261.38279932545
chr22	36789871	36790221	RNA7241	350	51	0.019653965825455085	1.4700700376124589e-05	0.9803921568627451	145714.2857142857
chr22	36828789	36829139	RNA7242	348	64	0.015733730628227242	1.4698300219606608e-05	0.96875	183908.0459770115
chr22	36845229	36845579	RNA7243	350	84	0.012046844322098658	0.0	0.9880952380952381	240000.0
chr22	36878119	36878469	RNA7244	350	63	0.005118647723296785	1.4697699953103438e-05	0.9523809523809523	180000.0
chr22	36879189	36879539	RNA7245	350	69	0.0014617898803249776	0.0	0.9855072463768116	197142.85714285716
chr22	36945182	36945311	RNA7246	129	0				0.0
chr22	36974063	36974413	RNA7247	347	0				0.0
chr22	37035518	37035607	RNA7248	89	15	0.00011466294314837936	1.4698100130772218e-05	1.0	168539.32584269662
chr22	37115906	37116154	RNA7249	248	45	0.022237903432990903	0.0	0.9777777777777777	181451.61290322582
chr22	37827554	37827904	RNA7250	349	64	9.5013523932148e-05	1.4701800409966381e-05	1.0	183381.0888252149
chr22	38704633	38704748	RNA7251	115	25	0.001410488257970425	0.0	1.0	217391.30434782608
chr22	39991457	39991654	RNA7252	197	29	2.6362914060628172e-05	1.4697699953103438e-05	1.0	147208.12182741117
chr22	40337116	40337712	RNA7253	596	122	6.073366994612671e-05	0.0	1.0	204697.9865771812
chr22	40647690	40647936	RNA7254	246	45	2.5810320140507876e-05	1.4699799976369832e-05	1.0	182926.82926829267
chr22	40935624	40936220	RNA7255	596	79	0.02537082425243182	1.4700300198455809e-05	0.9746835443037974	132550.3355704698
chr22	40937504	40937752	RNA7256	248	37	1.8416162207798386e-05	1.4701099644298664e-05	1.0	149193.5483870968
chr22	40938981	40939577	RNA7257	594	102	2.0532475249922203e-05	0.0	1.0	171717.1717171717
chr22	40941130	40941726	RNA7258	596	101	6.626267827188855e-05	1.4698999621032272e-05	1.0	169463.08724832215
chr22	41360333	41360592	RNA7259	259	54	0.00289705998733956	1.4697699953103438e-05	0.9814814814814815	208494.2084942085
chr22	41360488	41360562	RNA7260	74	14	1.259873559839824e-05	1.4696349808218656e-05	1.0	189189.1891891892
chr22	41361308	41361904	RNA7261	596	115	0.0023611469312448197	0.0	0.991304347826087	192953.0201342282
chr22	41362168	41362764	RNA7262	596	112	0.008957331426066565	1.4701350210089004e-05	0.9910714285714286	187919.46308724832
chr22	41362596	41363192	RNA7263	595	112	2.6487035638309655e-05	1.4696999642183075e-05	1.0	188235.29411764705
chr22	41698723	41699073	RNA7264	342	19	8.666374263779193e-05	1.4706300135003405e-05	1.0	55555.555555555555
chr22	41967306	41967554	RNA7265	248	57	0.006966878451413846	1.4707999980601016e-05	0.9824561403508771	229838.70967741933
chr22	42072952	42073200	RNA7266	248	40	1.4035472395335091e-05	1.4701099644298664e-05	1.0	161290.32258064515
chr22	42073088	42073336	RNA7267	248	37	2.1457167792033693e-05	1.4696799553348685e-05	1.0	149193.5483870968
chr22	42155620	42155868	RNA7268	248	69	0.0008194670398407227	0.0	1.0	278225.80645161285
chr22	42156084	42156332	RNA7269	248	61	0.0046172022935695774	1.4698500308440998e-05	0.9836065573770492	245967.74193548388
chr22	42157549	42157797	RNA7270	248	77	0.016278635946296808	1.4696799553348685e-05	0.974025974025974	310483.87096774194
chr22	42157679	42158275	RNA7271	590	151	0.006684079808525846	0.0	0.9933774834437086	255932.20338983054
chr22	43131080	43131328	RNA7272	248	50	1.7052120092553332e-05	1.469590006308863e-05	1.0	201612.90322580643
chr22	44646088	44646334	RNA7273	246	59	0.01696858463054599	0.0	0.9830508474576272	239837.39837398374
chr22	45059558	45059632	RNA7274	74	17	0.03027547878841955	1.4697199731017465e-05	0.9411764705882353	229729.72972972973
chr22	45067325	45067584	RNA7275	259	52	3.0055092793189673e-05	0.0	1.0	200772.20077220077
chr22	45245160	45245491	RNA7276	331	55	0.03635428173064693	1.4697199731017465e-05	0.9636363636363636	166163.14199395772
chr22	45297332	45297578	RNA7277	246	55	0.000699928201422807	1.4697699953103438e-05	1.0	223577.23577235773
chr22	45298270	45298516	RNA7278	246	51	4.035102185797134e-05	1.4697199731017465e-05	1.0	207317.0731707317
chr22	45304023	45304269	RNA7279	246	70	0.05175413749224649	1.4706050023960415e-05	0.9428571428571428	284552.8455284553
chr22	45866839	45867085	RNA7280	246	38	0.029161052799281606	0.0	0.9473684210526315	154471.54471544715
chr22	45867852	45868098	RNA7281	244	66	0.00025174448105782376	0.0	1.0	270491.8032786886
chr22	45869189	45869435	RNA7282	246	50	0.019209036489537538	1.4696400285174605e-05	0.98	203252.03252032519
chr22	45909499	45909758	RNA7283	259	56	8.687615897023116e-05	0.0	1.0	216216.21621621624
chr22	45981038	45981112	RNA7284	74	22	0.014009675703164248	0.0	0.9545454545454546	297297.29729729734
chr22	45983210	45983458	RNA7285	248	40	5.107766205583045e-05	0.0	1.0	161290.32258064515
chr22	45987389	45987985	RNA7286	596	108	0.01440841709247959	0.0	0.9722222222222222	181208.05369127516
chr22	45989097	45989356	RNA7287	259	55	0.018207206943671648	1.4697199731017465e-05	0.9818181818181818	212355.21235521234
chr22	45993956	45994215	RNA7288	254	41	0.00019864090766686757	1.4761900274606887e-05	1.0	161417.32283464566
chr22	45996316	45996390	RNA7289	74	21	0.04764916840520614	1.4700300198455809e-05	0.9523809523809523	283783.7837837838
chr22	45996801	45996875	RNA7290	74	21	2.30984187943398e-05	1.4697199731017465e-05	1.0	283783.7837837838
chr22	47176272	47176531	RNA7291	228	15	0.03344082703085102	1.477370005886769e-05	0.9333333333333333	65789.47368421052
chr22	47176430	47176689	RNA7292	245	42	0.05414501898491964	1.4812650078965817e-05	0.8809523809523809	171428.57142857142
chr22	47176552	47176626	RNA7293	74	15	0.04004255098934663	1.4803000340180006e-05	0.8666666666666667	202702.70270270272
chr22	47176629	47176875	RNA7294	246	72	0.02119430966531076	1.4703499800816644e-05	0.9722222222222222	292682.9268292683
chr22	47177443	47177517	RNA7295	74	18	0.029557972346891694	1.4700300198455809e-05	0.9444444444444444	243243.24324324325
chr22	47178064	47178138	RNA7296	74	26	0.008910551429485509	1.4709150036651408e-05	0.9615384615384616	351351.35135135136
chr22	47178248	47178507	RNA7297	259	56	0.026301767449370208	1.4696349808218656e-05	0.9464285714285714	216216.21621621624
chr22	47179070	47179329	RNA7298	259	61	2.410034480295438e-05	1.4696400285174605e-05	1.0	235521.23552123553
chr22	47179331	47179405	RNA7299	74	29	0.00022108805898886824	0.0	1.0	391891.8918918919
chr22	49198023	49198354	RNA7300	331	88	0.013141792166875756	7.347300197579898e-06	0.9431818181818182	265861.02719033236
chr22	50087443	50087774	RNA7301	331	65	0.007297694693653072	0.0	0.9692307692307692	196374.62235649547
chr22	50184098	50184429	RNA7302	331	82	0.0001528291043475106	0.0	1.0	247734.13897280965
chr22	50184690	50185021	RNA7303	328	84	3.114313287932091e-05	7.348200142587302e-06	1.0	256097.56097560975
chr22	50262728	50263059	RNA7304	331	81	3.830175116075246e-05	0.0	1.0	244712.99093655587
chr22	50263337	50263668	RNA7305	331	69	0.00011167249221730126	0.0	1.0	208459.21450151058
chr22	50307848	50308179	RNA7306	268	95	0.016171283966937865	1.4731000192114152e-05	0.9789473684210527	354477.6119402985
chr22	50545522	50545768	RNA7307	246	63	0.0162238249351561	1.4701099644298664e-05	0.9682539682539683	256097.56097560975
chr22	50806053	50806312	RNA7308	90	0				0.0
chr3	3695825	3696469	RNA7309	644	160	0.021028659174874065	7.347950031544315e-06	0.975	248447.2049689441
chr3	4470146	4470790	RNA7310	644	127	0.02487660291125945	1.4698100130772218e-05	0.9448818897637795	197204.96894409938
chr3	4472411	4473055	RNA7311	637	158	0.010892394857197769	1.4698500308440998e-05	0.9810126582278481	248037.67660910517
chr3	4474572	4475216	RNA7312	644	118	0.028122998832567626	1.4696150174131617e-05	0.9576271186440678	183229.8136645963
chr3	4887625	4888269	RNA7313	637	122	0.012041893983633431	1.4699199709866662e-05	0.9836065573770492	191522.76295133439
chr3	4891030	4891674	RNA7314	644	114	0.017914208117976185	1.4697900041937828e-05	0.9824561403508771	177018.63354037268
chr3	4891185	4891829	RNA7315	644	121	0.01688540381210184	0.0	0.9834710743801653	187888.19875776398
chr3	5604887	5605531	RNA7316	644	163	0.01023806143867252	0.0	0.9815950920245399	253105.59006211182
chr3	8612784	8613194	RNA7317	410	0				0.0
chr3	8612848	8612996	RNA7318	148	0				0.0
chr3	9557532	9557680	RNA7319	148	30	0.0016891121761849006	1.4698999621032272e-05	1.0	202702.70270270272
chr3	9558445	9559089	RNA7320	642	161	0.00727169933570452	1.4700300198455809e-05	0.9875776397515528	250778.81619937692
chr3	10321701	10321849	RNA7321	148	28	2.349365341355217e-05	7.349699899350526e-06	1.0	189189.1891891892
chr3	10323164	10323312	RNA7322	148	39	0.0014038341104400647	0.0	1.0	263513.5135135135
chr3	10323219	10323367	RNA7323	148	31	0.0009336686749051087	0.0	1.0	209459.45945945947
chr3	10765258	10765406	RNA7324	148	33	0.029464820455800553	0.0	0.9696969696969697	222972.97297297296
chr3	10777313	10777461	RNA7325	148	44	0.022749323129387863	0.0	0.9772727272727273	297297.29729729734
chr3	10814658	10814806	RNA7326	148	33	0.030312869500035464	1.4700300198455809e-05	0.9696969696969697	222972.97297297296
chr3	11779403	11779579	RNA7327	176	29	1.4702061889691291e-05	0.0	1.0	164772.72727272726
chr3	11781455	11781603	RNA7328	148	29	0.05675123862802764	1.47024002217222e-05	0.9310344827586207	195945.94594594595
chr3	12482197	12482607	RNA7329	409	68	1.859681496545487e-05	1.4696599919261644e-05	1.0	166259.16870415647
chr3	13294510	13294652	RNA7330	142	43	0.0233128996834387	0.0	0.9767441860465116	302816.9014084507
chr3	13425542	13425952	RNA7331	410	79	0.021720327906246267	1.4698100130772218e-05	0.9746835443037974	192682.92682926828
chr3	13456434	13456844	RNA7332	410	46	0.0007622946655314758	7.348399776674342e-06	1.0	112195.12195121951
chr3	13457532	13457942	RNA7333	410	91	0.009649080555671105	0.0	0.989010989010989	221951.21951219512
chr3	13514766	13515176	RNA7334	410	67	0.015106579853351435	0.0	0.9850746268656716	163414.63414634147
chr3	13519403	13519813	RNA7335	410	92	0.0162905805442753	0.0	0.967391304347826	224390.24390243902
chr3	13540460	13540870	RNA7336	410	89	0.012931954362367947	0.0	0.9662921348314607	217073.1707317073
chr3	14571032	14571442	RNA7337	410	86	0.03655502170976285	1.4699399798701052e-05	0.9534883720930233	209756.0975609756
chr3	15550902	15551078	RNA7338	176	43	0.05392027993979735	1.4696799553348685e-05	0.9302325581395349	244318.18181818182
chr3	15559408	15559556	RNA7339	148	29	0.030442353371717187	0.0	0.9655172413793104	195945.94594594595
chr3	16521301	16521477	RNA7340	176	23	3.195419139955956e-05	0.0	1.0	130681.81818181818
chr3	16521898	16522074	RNA7341	176	35	1.679680281085631e-05	0.0	1.0	198863.63636363635
chr3	16523093	16523269	RNA7342	176	27	0.036414824551987586	0.0	0.9629629629629629	153409.0909090909
chr3	16549886	16550062	RNA7343	176	26	1.8089392352309973e-05	0.0	1.0	147727.27272727274
chr3	16560145	16560321	RNA7344	176	31	5.027202323323698e-05	1.469509970775107e-05	1.0	176136.36363636365
chr3	16721687	16721863	RNA7345	176	38	1.547291329092789e-05	7.348399776674342e-06	1.0	215909.0909090909
chr3	17095090	17095232	RNA7346	142	29	2.3315985909617604e-05	0.0	1.0	204225.35211267608
chr3	17131983	17132159	RNA7347	176	29	7.297941317966121e-05	0.0	1.0	164772.72727272726
chr3	17134916	17135326	RNA7348	410	76	0.027164509798993958	0.0	0.9605263157894737	185365.8536585366
chr3	17137284	17137426	RNA7349	142	24	0.024638465777456986	0.0	0.9583333333333334	169014.08450704225
chr3	17138001	17138143	RNA7350	142	27	1.0887273977762865e-05	0.0	1.0	190140.84507042254
chr3	17138898	17139040	RNA7351	142	24	2.9398541755650966e-05	0.0	1.0	169014.08450704225
chr3	18927370	18927499	RNA7352	129	17	3.027068749574661e-05	1.47024002217222e-05	1.0	131782.9457364341
chr3	18927726	18927868	RNA7353	142	26	0.038434331252119584	1.4701549844176043e-05	0.9615384615384616	183098.5915492958
chr3	18928422	18928564	RNA7354	142	26	0.03881099261266522	7.348849976551719e-06	0.9615384615384616	183098.5915492958
chr3	18929948	18930090	RNA7355	142	45	3.070091796770341e-05	1.4698999621032272e-05	1.0	316901.40845070424
chr3	18943249	18943391	RNA7356	142	0				0.0
chr3	21406735	21406864	RNA7357	129	31	0.031989119255505946	1.471539962949464e-05	0.9032258064516129	240310.07751937985
chr3	21407380	21407661	RNA7358	279	47	0.011628781487257931	1.4699399798701052e-05	0.9787234042553191	168458.78136200717
chr3	21407943	21408119	RNA7359	176	43	4.409748910188871e-05	0.0	1.0	244318.18181818182
chr3	21409180	21409309	RNA7360	129	21	2.659995256440092e-05	0.0	1.0	162790.69767441862
chr3	21409827	21409956	RNA7361	129	31	0.000349639694685453	0.0	1.0	240310.07751937985
chr3	21409950	21410079	RNA7362	129	20	8.088905042313855e-06	0.0	1.0	155038.75968992247
chr3	21410527	21410669	RNA7363	140	24	0.08334635610022663	1.4723850199516164e-05	0.9166666666666666	171428.57142857142
chr3	23682322	23682451	RNA7364	129	27	1.8538833433852694e-05	1.470159986638464e-05	1.0	209302.32558139536
chr3	23684542	23684671	RNA7365	122	28	1.9093467796793945e-05	1.4701350210089004e-05	1.0	229508.19672131148
chr3	23684612	23684709	RNA7366	90	15	1.560140008223243e-05	1.4702900443808176e-05	1.0	166666.66666666666
chr3	23685115	23685244	RNA7367	129	31	0.001285467500448213	1.4747500244993716e-05	1.0	240310.07751937985
chr3	23994041	23994322	RNA7368	281	57	2.8879954314963285e-05	1.469549988541985e-05	1.0	202846.97508896797
chr3	23996807	23996936	RNA7369	129	19	1.469883174745758e-05	1.4697199731017465e-05	1.0	147286.82170542638
chr3	23997683	23997964	RNA7370	281	65	0.012867794300165344	1.4696799553348685e-05	0.9538461538461539	231316.72597864768
chr3	23998534	23998815	RNA7371	279	70	0.014315188778164152	0.0	0.9857142857142858	250896.05734767023
chr3	24001486	24001767	RNA7372	281	55	1.3675318024814425e-05	1.47024002217222e-05	1.0	195729.53736654806
chr3	25665083	25665364	RNA7373	277	60	0.01343172120800773	0.0	0.9833333333333333	216606.49819494586
chr3	25665548	25665829	RNA7374	281	52	0.0036814138837388964	0.0	0.9807692307692307	185053.38078291813
chr3	25666243	25666524	RNA7375	281	46	2.332905873829236e-05	0.0	1.0	163701.06761565836
chr3	26380294	26380575	RNA7376	281	63	0.015943486812093826	1.4698100130772218e-05	0.9841269841269841	224199.28825622777
chr3	27537829	27537926	RNA7377	97	16	8.26779375984188e-06	7.348200142587302e-06	1.0	164948.45360824742
chr3	27772749	27772846	RNA7378	97	17	2.1615452971988463e-05	0.0	1.0	175257.7319587629
chr3	27780341	27780470	RNA7379	129	26	0.000245368114799646	1.4698100130772218e-05	1.0	201550.38759689924
chr3	27792774	27792871	RNA7380	97	13	2.0350215541279445e-05	1.4696799553348685e-05	1.0	134020.61855670103
chr3	27793538	27793635	RNA7381	97	19	0.00013541716294926702	0.0	1.0	195876.28865979382
chr3	30081149	30081246	RNA7382	97	16	0.006839142456385599	1.492394994784263e-05	0.9375	164948.45360824742
chr3	30081277	30081374	RNA7383	97	14	0.02850456080191829	1.472275016567437e-05	0.9285714285714286	144329.8969072165
chr3	30081364	30081461	RNA7384	97	16	4.604718753853376e-06	0.0	1.0	164948.45360824742
chr3	30081654	30081751	RNA7385	97	17	1.0376599996508208e-05	1.4698100130772218e-05	1.0	175257.7319587629
chr3	30233908	30234189	RNA7386	281	49	1.050066531410551e-05	0.0	1.0	174377.22419928826
chr3	32085631	32085735	RNA7387	104	19	1.4699189609686209e-05	0.0	1.0	182692.3076923077
chr3	33736691	33736788	RNA7388	97	13	3.391826913474552e-05	1.4696400285174605e-05	1.0	134020.61855670103
chr3	35533748	35534123	RNA7389	374	65	0.030683295912813963	0.0	0.9692307692307692	173796.79144385026
chr3	35807728	35807832	RNA7390	104	18	3.2689611341791333e-06	0.0	1.0	173076.92307692306
chr3	36691502	36691606	RNA7391	104	17	1.5566223630551522e-05	0.0	1.0	163461.53846153847
chr3	36765114	36765218	RNA7392	104	20	2.058054478765829e-05	7.347549853875535e-06	1.0	192307.6923076923
chr3	36765784	36765888	RNA7393	104	21	2.7996571762265548e-06	0.0	1.0	201923.07692307694
chr3	36826027	36826131	RNA7394	104	18	2.6948533407747256e-05	1.4699599887535442e-05	1.0	173076.92307692306
chr3	36826580	36826684	RNA7395	104	30	2.2537546798647598e-05	1.4697699953103438e-05	1.0	288461.53846153844
chr3	36956295	36956399	RNA7396	104	18	7.350944441794935e-06	0.0	1.0	173076.92307692306
chr3	37984943	37985131	RNA7397	188	44	0.004058519333036448	0.0	0.9772727272727273	234042.55319148937
chr3	37986571	37986675	RNA7398	104	22	8.686695351074873e-06	0.0	1.0	211538.46153846153
chr3	39403467	39403842	RNA7399	375	74	0.009008556318226384	0.0	0.972972972972973	197333.33333333334
chr3	39545586	39545961	RNA7400	375	75	0.010274743888633867	0.0	0.9866666666666667	200000.0
chr3	39546450	39546825	RNA7401	374	76	0.023304748035068195	0.0	0.9736842105263158	203208.55614973264
chr3	39547490	39547865	RNA7402	375	80	0.015083521304791245	1.4698999621032272e-05	0.975	213333.33333333334
chr3	40312921	40313296	RNA7403	375	76	0.00016729118279774704	0.0	1.0	202666.66666666666
chr3	40313178	40313553	RNA7404	375	59	0.04554830874581905	1.469590006308863e-05	0.9491525423728814	157333.3333333333
chr3	40471448	40471823	RNA7405	375	59	3.494271206394468e-05	0.0	1.0	157333.3333333333
chr3	40690476	40690982	RNA7406	506	110	0.0005613840843414573	0.0	1.0	217391.30434782608
chr3	41173772	41174147	RNA7407	375	47	3.502276042049329e-05	1.4696400285174605e-05	1.0	125333.33333333333
chr3	41173827	41173931	RNA7408	104	19	5.2589523061451344e-05	0.0	1.0	182692.3076923077
chr3	41962951	41963073	RNA7409	122	27	7.899117402605244e-05	1.4702900443808176e-05	1.0	221311.47540983607
chr3	41964647	41964835	RNA7410	188	25	0.0339311661305328	1.4698500308440998e-05	0.96	132978.72340425532
chr3	42544996	42545184	RNA7411	188	34	0.00016347445532172484	1.4700699921377236e-05	1.0	180851.06382978725
chr3	42684455	42684643	RNA7412	188	26	0.001546724805078921	1.4699399798701052e-05	1.0	138297.87234042553
chr3	42684836	42685024	RNA7413	188	28	1.6273989071380978e-05	7.348399776674342e-06	1.0	148936.17021276595
chr3	43077945	43078133	RNA7414	188	0				0.0
chr3	43077997	43078185	RNA7415	188	0				0.0
chr3	43078436	43078624	RNA7416	188	0				0.0
chr3	43740610	43740798	RNA7417	188	31	0.03335231760217627	0.0	0.967741935483871	164893.6170212766
chr3	44685898	44686404	RNA7418	506	96	0.00455912062099628	0.0	0.9791666666666666	189723.32015810275
chr3	44737256	44737631	RNA7419	375	76	0.013471256625399816	1.4701150121254614e-05	0.9868421052631579	202666.66666666666
chr3	45383940	45384446	RNA7420	504	86	0.023345656741280113	1.4697900041937828e-05	0.9767441860465116	170634.92063492065
chr3	45384035	45384541	RNA7421	504	84	0.014763033652765701	7.348599865508732e-06	0.9761904761904762	166666.66666666666
chr3	45384642	45385148	RNA7422	506	73	0.009543745709827951	1.4696799553348685e-05	0.9726027397260274	144268.7747035573
chr3	45387137	45387259	RNA7423	122	20	0.050007350500118265	0.0	0.95	163934.4262295082
chr3	45745946	45746452	RNA7424	506	98	0.005487121765837603	7.347950031544315e-06	0.9897959183673469	193675.88932806323
chr3	45746853	45747359	RNA7425	506	110	0.009304716692821034	1.4697699953103438e-05	0.990909090909091	217391.30434782608
chr3	45753416	45753922	RNA7426	506	71	0.00020969537362502432	1.469590006308863e-05	1.0	140316.20553359683
chr3	46312159	46312281	RNA7427	122	23	0.010871808813095888	0.0	0.9565217391304348	188524.59016393442
chr3	46413199	46413321	RNA7428	122	13	0.030426538827738953	1.4696400285174605e-05	0.9230769230769231	106557.37704918032
chr3	46414392	46414514	RNA7429	122	22	5.87586053535943e-05	7.349050065386109e-06	1.0	180327.868852459
chr3	46426290	46426412	RNA7430	122	24	0.041711990466599964	7.347749942709925e-06	0.9583333333333334	196721.31147540984
chr3	46434235	46434357	RNA7431	122	29	0.011753863062447885	0.0	0.9655172413793104	237704.91803278687
chr3	46515228	46515350	RNA7432	122	19	0.12586878382650243	0.0	0.8421052631578947	155737.7049180328
chr3	46666761	46667267	RNA7433	506	103	0.009766584933865126	1.4710200048284603e-05	0.9902912621359223	203557.31225296442
chr3	47358536	47358733	RNA7434	197	32	4.363754845825962e-05	0.0	1.0	162436.54822335026
chr3	47413503	47413625	RNA7435	122	27	0.022302648578429566	1.4698100130772218e-05	0.9629629629629629	221311.47540983607
chr3	47583986	47584174	RNA7436	188	25	0.040133465786384465	1.4697699953103438e-05	0.96	132978.72340425532
chr3	50673724	50674230	RNA7437	506	72	0.013936456532418456	0.0	0.9861111111111112	142292.4901185771
chr3	51391085	51391207	RNA7438	122	33	8.923160611161482e-06	0.0	1.0	270491.8032786886
chr3	51504466	51504663	RNA7439	197	0				0.0
chr3	52154713	52154910	RNA7440	197	40	0.025026469375120534	0.0	0.975	203045.6852791878
chr3	52219667	52219864	RNA7441	197	39	1.7726140961316654e-05	0.0	1.0	197969.54314720814
chr3	52220773	52220970	RNA7442	197	33	1.7372142682493095e-05	0.0	1.0	167512.69035532995
chr3	52251433	52251630	RNA7443	197	33	1.8269215174903697e-05	0.0	1.0	167512.69035532995
chr3	52251886	52252083	RNA7444	197	33	0.030488741727849898	1.4696400285174605e-05	0.9696969696969697	167512.69035532995
chr3	52313132	52313329	RNA7445	197	22	1.0021490735115632e-05	0.0	1.0	111675.1269035533
chr3	53215428	53215625	RNA7446	197	47	1.3843259500602104e-05	0.0	1.0	238578.6802030457
chr3	57185245	57185442	RNA7447	197	37	0.04255313931829536	1.4698100130772218e-05	0.9459459459459459	187817.25888324875
chr3	58173736	58173847	RNA7448	111	25	5.761828477260956e-05	1.4700300198455809e-05	1.0	225225.22522522524
chr3	61477622	61478090	RNA7449	468	104	0.00018587838418135386	0.0	1.0	222222.22222222222
chr3	62369471	62369582	RNA7450	111	34	2.1185670100424346e-05	0.0	1.0	306306.3063063063
chr3	62877321	62877726	RNA7451	405	93	0.005593173334404202	1.4700300198455809e-05	0.978494623655914	229629.62962962964
chr3	62915661	62915772	RNA7452	111	24	3.4915041813588454e-05	1.469964990974404e-05	1.0	216216.21621621624
chr3	62916297	62916408	RNA7453	111	25	9.407867983100005e-06	0.0	1.0	225225.22522522524
chr3	62921479	62921590	RNA7454	111	28	4.515900458759916e-05	0.0	1.0	252252.25225225222
chr3	63647122	63647233	RNA7455	111	0				0.0
chr3	63647488	63647599	RNA7456	111	0				0.0
chr3	63651304	63651415	RNA7457	111	23	0.009748826869564126	0.0	0.9565217391304348	207207.2072072072
chr3	63682744	63683212	RNA7458	456	111	0.01018087877713008	1.4705399735248648e-05	0.9819819819819819	243421.05263157896
chr3	64003749	64003860	RNA7459	111	24	0.042451245633742474	0.0	0.9583333333333334	216216.21621621624
chr3	64514073	64514541	RNA7460	463	138	0.004332334284424793	1.470005008741282e-05	0.9637681159420289	298056.15550755936
chr3	64514430	64514898	RNA7461	468	98	0.010643068756322387	0.0	0.9897959183673469	209401.7094017094
chr3	64514866	64515334	RNA7462	465	87	0.011515550906677096	0.0	0.9885057471264368	187096.7741935484
chr3	65200157	65200625	RNA7463	468	103	0.023233704928457277	1.4698500308440998e-05	0.9611650485436893	220085.4700854701
chr3	65212083	65212551	RNA7464	468	115	0.0035777717351700824	0.0	0.9826086956521739	245726.49572649572
chr3	65213125	65213593	RNA7465	468	103	0.006954136016644852	0.0	0.9805825242718447	220085.4700854701
chr3	66055070	66055538	RNA7466	468	99	1.0541705944547793e-05	0.0	1.0	211538.46153846153
chr3	66507352	66507565	RNA7467	213	36	0.00022873477971390439	0.0	1.0	169014.08450704225
chr3	66553629	66554034	RNA7468	405	82	0.028422265672139558	1.4698100130772218e-05	0.9634146341463414	202469.13580246913
chr3	67356134	67356539	RNA7469	405	82	9.250678803942466e-05	0.0	1.0	202469.13580246913
chr3	67357390	67357795	RNA7470	405	75	0.010102066761064628	1.4697699953103438e-05	0.9733333333333334	185185.18518518517
chr3	67359810	67360215	RNA7471	405	68	0.03401115499729498	0.0	0.9411764705882353	167901.23456790124
chr3	67950165	67950570	RNA7472	405	115	0.00010855330802650532	0.0	1.0	283950.6172839506
chr3	67958762	67959167	RNA7473	405	87	0.009531217115892658	0.0	0.9885057471264368	214814.81481481483
chr3	67969952	67970063	RNA7474	111	21	2.030734274393611e-05	0.0	1.0	189189.1891891892
chr3	67976334	67976739	RNA7475	405	97	0.010368609184391146	1.4699799976369832e-05	0.9896907216494846	239506.17283950618
chr3	69082331	69082736	RNA7476	405	68	0.0008032737213638642	0.0	0.9852941176470589	167901.23456790124
chr3	69982476	69982944	RNA7477	468	90	0.011124994080061394	0.0	0.9888888888888889	192307.6923076923
chr3	70530573	70530678	RNA7478	105	19	9.288721086800491e-06	0.0	1.0	180952.38095238095
chr3	70539681	70539894	RNA7479	213	36	0.04882323568767788	0.0	0.9444444444444444	169014.08450704225
chr3	70935264	70935477	RNA7480	213	45	0.00013851654704113205	1.4698100130772218e-05	1.0	211267.6056338028
chr3	70935625	70935838	RNA7481	213	40	1.947797225056957e-05	0.0	1.0	187793.42723004695
chr3	70937774	70937987	RNA7482	213	46	1.278590215129539e-05	0.0	1.0	215962.441314554
chr3	71757935	71758148	RNA7483	213	40	2.4311322317769847e-05	7.349250154220499e-06	1.0	187793.42723004695
chr3	71762705	71762918	RNA7484	209	45	0.015196582692988157	0.0	0.9777777777777777	215311.00478468902
chr3	71764781	71764994	RNA7485	213	14	1.3676121462984675e-05	0.0	1.0	65727.69953051643
chr3	72446626	72446839	RNA7486	213	35	6.091525530271855e-05	0.0	1.0	164319.2488262911
chr3	72573818	72574223	RNA7487	405	63	0.016516326052985118	1.4694600395159796e-05	0.9841269841269841	155555.55555555556
chr3	73987952	73988057	RNA7488	105	22	2.6727732099301907e-05	1.4699150142405415e-05	1.0	209523.80952380953
chr3	75344567	75344672	RNA7489	105	0				0.0
chr3	75409178	75409283	RNA7490	105	0				0.0
chr3	75409738	75409843	RNA7491	105	0				0.0
chr3	75580583	75580688	RNA7492	105	0				0.0
chr3	75580869	75580974	RNA7493	105	0				0.0
chr3	75611443	75611548	RNA7494	105	0				0.0
chr3	75883389	75883602	RNA7495	213	0				0.0
chr3	75888219	75888324	RNA7496	105	26	0.00016569282972620061	7.348849976551719e-06	1.0	247619.04761904763
chr3	77650747	77650986	RNA7497	239	50	0.00848986599157797	0.0	0.98	209205.02092050208
chr3	80487842	80487947	RNA7498	105	29	0.011139686713657535	0.0	0.9655172413793104	276190.4761904762
chr3	80943733	80943972	RNA7499	239	62	0.0009488399746113497	1.4699199709866662e-05	0.9838709677419355	259414.2259414226
chr3	81790684	81790923	RNA7500	239	0				0.0
chr3	81792029	81792268	RNA7501	229	0				0.0
chr3	81792745	81792984	RNA7502	238	0				0.0
chr3	82689084	82689323	RNA7503	239	36	0.027324044597081504	1.4716250007040799e-05	0.9444444444444444	150627.6150627615
chr3	82693670	82693909	RNA7504	239	34	0.00024408438446912336	0.0	1.0	142259.41422594144
chr3	82696999	82697238	RNA7505	239	56	0.00011335568655924626	1.4698500308440998e-05	1.0	234309.62343096235
chr3	83460770	83461009	RNA7506	239	36	1.1849063993294192e-05	0.0	1.0	150627.6150627615
chr3	87394973	87395212	RNA7507	239	53	5.9111318872925755e-05	0.0	1.0	221757.3221757322
chr3	102481655	102481891	RNA7508	236	45	0.006993595198825153	1.4698500308440998e-05	0.9777777777777777	190677.9661016949
chr3	103213329	103213430	RNA7509	101	26	0.038615291989572136	1.469529979658546e-05	0.9230769230769231	257425.74257425743
chr3	104119279	104119382	RNA7510	103	25	2.5288744509447225e-05	0.0	1.0	242718.44660194175
chr3	106282443	106282612	RNA7511	169	18	2.8560981768853708e-05	7.348200142587302e-06	1.0	106508.87573964498
chr3	106359268	106359369	RNA7512	101	20	0.005186529728644013	0.0	0.95	198019.80198019804
chr3	106359455	106359691	RNA7513	236	48	0.01146298119846278	1.4696150174131617e-05	0.9583333333333334	203389.83050847458
chr3	106361594	106361830	RNA7514	236	49	0.04081212884277044	0.0	0.9591836734693877	207627.11864406778
chr3	106362638	106362874	RNA7515	236	71	0.0001879793037236144	0.0	1.0	300847.4576271186
chr3	106364150	106364386	RNA7516	236	48	0.0004915266842999685	1.469744984206045e-05	1.0	203389.83050847458
chr3	107485706	107485942	RNA7517	236	36	0.0004961211114580893	1.4699799976369832e-05	1.0	152542.37288135593
chr3	107485998	107486234	RNA7518	236	38	0.007580721132063964	0.0	0.9736842105263158	161016.94915254237
chr3	107507915	107508151	RNA7519	236	41	0.017790454207254405	1.4697699953103438e-05	0.975609756097561	173728.81355932204
chr3	107816873	107816961	RNA7520	88	18	1.2254227739403075e-05	7.349699899350526e-06	1.0	204545.45454545456
chr3	107818999	107819169	RNA7521	170	24	0.04186693427118371	1.4697699953103438e-05	0.9583333333333334	141176.4705882353
chr3	107821463	107821564	RNA7522	101	10	3.0869449619774096e-05	0.0	1.0	99009.90099009902
chr3	107824973	107825074	RNA7523	101	21	1.0498866556320407e-05	1.4696799553348685e-05	1.0	207920.79207920792
chr3	107834419	107834520	RNA7524	101	0				0.0
chr3	108003726	108003827	RNA7525	101	12	1.7148666984211198e-05	0.0	1.0	118811.8811881188
chr3	108011313	108011414	RNA7526	101	12	1.2247333415871253e-05	1.4696150174131617e-05	1.0	118811.8811881188
chr3	108011508	108011609	RNA7527	101	20	1.323058486377704e-05	1.4698100130772218e-05	1.0	198019.80198019804
chr3	108094271	108094374	RNA7528	103	21	0.059333589018414	1.4700700376124589e-05	0.9047619047619048	203883.49514563105
chr3	108379423	108379659	RNA7529	230	29	0.03802982061925235	1.47024002217222e-05	0.9310344827586207	126086.95652173912
chr3	108906260	108906361	RNA7530	101	24	0.009082898571364236	1.469785001972923e-05	0.9583333333333334	237623.7623762376
chr3	108954501	108954604	RNA7531	103	11	0.00012294782573007144	0.0	1.0	106796.11650485436
chr3	108956789	108956892	RNA7532	103	14	0.08151399002014971	1.4714950339111965e-05	0.8571428571428571	135922.33009708737
chr3	108957665	108957768	RNA7533	103	28	8.408971422925657e-06	0.0	1.0	271844.66019417474
chr3	109153378	109153481	RNA7534	103	21	0.021765721809017466	1.4696799553348685e-05	0.9523809523809523	203883.49514563105
chr3	109153476	109153579	RNA7535	103	29	0.001412529366399238	0.0	1.0	281553.3980582524
chr3	109234531	109234634	RNA7536	103	29	0.03449695621033055	1.4704999557579868e-05	0.9655172413793104	281553.3980582524
chr3	110291385	110291488	RNA7537	103	29	0.0024658773106458576	1.4696799553348685e-05	0.9655172413793104	281553.3980582524
chr3	110309255	110309424	RNA7538	169	32	0.001481310359110916	1.469549988541985e-05	1.0	189349.11242603548
chr3	110853253	110853422	RNA7539	161	22	0.0004846084547022062	0.0	1.0	136645.96273291926
chr3	110864205	110864374	RNA7540	169	34	3.5019017559528204e-05	0.0	1.0	201183.43195266274
chr3	110865515	110865684	RNA7541	169	23	0.04349168532600901	1.4700700376124589e-05	0.9565217391304348	136094.67455621302
chr3	111666793	111666962	RNA7542	169	23	0.00014378989959842753	1.4700700376124589e-05	1.0	136094.67455621302
chr3	111667661	111667831	RNA7543	170	27	7.949468753967409e-05	1.4696799553348685e-05	1.0	158823.5294117647
chr3	111668918	111669006	RNA7544	88	13	1.9221561580287435e-05	1.4699399798701052e-05	1.0	147727.27272727274
chr3	111671639	111671808	RNA7545	169	34	3.155599782022164e-05	7.347100108745508e-06	1.0	201183.43195266274
chr3	111672438	111672607	RNA7546	169	30	4.800975387600453e-05	7.347950031544315e-06	1.0	177514.79289940826
chr3	111976818	111977451	RNA7547	633	129	0.016206683530918076	0.0	0.9612403100775194	203791.46919431278
chr3	112083592	112083761	RNA7548	169	27	0.07339245458034485	1.469590006308863e-05	0.9259259259259259	159763.31360946747
chr3	112300443	112300679	RNA7549	236	32	0.010490164324750133	0.0	0.96875	135593.22033898305
chr3	112650132	112650233	RNA7550	101	17	0.00034081930543298887	1.4701099644298664e-05	1.0	168316.83168316833
chr3	112650267	112650355	RNA7551	88	17	0.05878373342377872	0.0	0.9411764705882353	193181.81818181818
chr3	112652381	112652469	RNA7552	87	19	1.7429931415934237e-05	1.4738800018676557e-05	1.0	218390.80459770115
chr3	112655375	112655545	RNA7553	170	22	2.4055527071384624e-05	7.348849976551719e-06	1.0	129411.76470588236
chr3	112657427	112657597	RNA7554	170	38	0.002308091471604705	1.470005008741282e-05	0.9736842105263158	223529.4117647059
chr3	112661882	112661970	RNA7555	88	0				0.0
chr3	112662185	112662355	RNA7556	170	0				0.0
chr3	112975726	112975814	RNA7557	88	12	4.288312554004846e-05	7.349250154220499e-06	1.0	136363.63636363635
chr3	112975857	112976027	RNA7558	170	23	0.0441036678173433	1.47024002217222e-05	0.9565217391304348	135294.11764705883
chr3	112976099	112976187	RNA7559	88	11	6.014327209412417e-05	1.4697699953103438e-05	1.0	125000.0
chr3	112976549	112976719	RNA7560	170	36	0.025739549435962135	1.4734050182596548e-05	0.9722222222222222	211764.70588235295
chr3	112976703	112976873	RNA7561	170	36	0.0013723074353543347	1.4698749964736635e-05	1.0	211764.70588235295
chr3	112977106	112977194	RNA7562	88	15	1.6663699716445446e-05	0.0	1.0	170454.54545454544
chr3	113746523	113746611	RNA7563	88	19	0.0003690149811805647	1.4698999621032272e-05	1.0	215909.0909090909
chr3	113823500	113823670	RNA7564	170	25	8.819912109174766e-06	0.0	1.0	147058.82352941178
chr3	114108178	114108281	RNA7565	103	28	0.031557360062574195	0.0	0.9642857142857143	271844.66019417474
chr3	115620788	115620957	RNA7566	169	29	0.024519305246846264	0.0	0.9310344827586207	171597.63313609466
chr3	115621067	115621700	RNA7567	633	114	0.0114206873185331	0.0	0.956140350877193	180094.78672985782
chr3	115622364	115622997	RNA7568	633	94	2.689523006800837e-05	1.4694600395159796e-05	1.0	148499.2101105845
chr3	115622638	115623271	RNA7569	633	105	2.0298523061985263e-05	0.0	1.0	165876.77725118483
chr3	115622732	115623365	RNA7570	633	105	2.7447661722403977e-05	0.0	1.0	165876.77725118483
chr3	117143720	117144353	RNA7571	632	0				0.0
chr3	117148874	117149507	RNA7572	633	0				0.0
chr3	117151216	117151849	RNA7573	633	0				0.0
chr3	117671118	117671751	RNA7574	633	128	0.024006553802315974	7.349050065386109e-06	0.9765625	202211.69036334913
chr3	117671234	117671404	RNA7575	170	29	0.03567264085801258	1.4700700376124589e-05	0.9655172413793104	170588.23529411765
chr3	117671430	117671518	RNA7576	88	18	1.225132776501899e-05	7.349899988184916e-06	1.0	204545.45454545456
chr3	121662348	121662981	RNA7577	633	127	0.007085303299176102	0.0	0.9921259842519685	200631.91153238548
chr3	124760591	124761665	RNA7578	1074	202	0.004596571787192933	0.0	0.9851485148514851	188081.93668528865
chr3	125217748	125217904	RNA7579	156	27	7.242510555779479e-05	0.0	1.0	173076.92307692306
chr3	125224615	125224831	RNA7580	216	40	1.2861419941144387e-05	0.0	1.0	185185.18518518517
chr3	126330893	126331035	RNA7581	142	27	1.1976240549064285e-05	0.0	1.0	190140.84507042254
chr3	128412201	128412830	RNA7582	629	139	0.0073944879105517555	1.4696799553348685e-05	0.9856115107913669	220985.69157392686
chr3	128429979	128431053	RNA7583	1074	162	0.010569793432739654	1.469590006308863e-05	0.9691358024691358	150837.98882681565
chr3	129078234	129078390	RNA7584	154	24	0.00016399845196701023	1.4709800325363176e-05	1.0	155844.15584415584
chr3	129083086	129083302	RNA7585	216	46	0.0005581022618492156	1.470200004405342e-05	1.0	212962.96296296298
chr3	129228351	129229425	RNA7586	1074	215	0.01862710830889206	0.0	0.9813953488372092	200186.21973929237
chr3	129311748	129312822	RNA7587	1074	178	0.0006674485490048292	1.4696150174131617e-05	0.9943820224719101	165735.56797020484
chr3	129313321	129314395	RNA7588	1074	219	0.0015460216092094167	1.4696400285174605e-05	0.9863013698630136	203910.61452513968
chr3	129314328	129314447	RNA7589	119	23	3.706598276354532e-05	0.0	1.0	193277.31092436975
chr3	129331131	129332205	RNA7590	1073	190	0.010025750941416554	0.0	0.9842105263157894	177073.6253494874
chr3	129331402	129332476	RNA7591	1073	201	0.00950033862665886	0.0	0.9850746268656716	187325.25629077354
chr3	129400049	129401123	RNA7592	1067	261	0.0074351106924595255	0.0	0.9885057471264368	244611.05904404874
chr3	129642512	129642728	RNA7593	216	40	0.023058320191785237	1.4696599919261644e-05	0.975	185185.18518518517
chr3	129642944	129643100	RNA7594	156	29	0.00014751840799049194	0.0	1.0	185897.4358974359
chr3	129643737	129643953	RNA7595	216	45	0.003519050736233308	1.469509970775107e-05	0.9555555555555556	208333.33333333334
chr3	129643967	129644123	RNA7596	156	27	0.03087454429714853	1.4699399798701052e-05	0.9629629629629629	173076.92307692306
chr3	129644956	129645112	RNA7597	156	28	0.0011465121344826853	7.348849976551719e-06	1.0	179487.1794871795
chr3	129647548	129647764	RNA7598	216	32	0.028799118747969032	0.0	0.96875	148148.14814814815
chr3	130202141	130202357	RNA7599	216	0				0.0
chr3	130203014	130203230	RNA7600	216	0				0.0
chr3	130206056	130206272	RNA7601	216	0				0.0
chr3	130209052	130209208	RNA7602	156	0				0.0
chr3	130209674	130209830	RNA7603	151	0				0.0
chr3	130210124	130210280	RNA7604	156	0				0.0
chr3	130300003	130300145	RNA7605	142	33	1.6482375664933022e-05	0.0	1.0	232394.3661971831
chr3	130300734	130301808	RNA7606	1074	204	0.013473037382865701	1.4697699953103438e-05	0.9754901960784313	189944.1340782123
chr3	130491012	130491154	RNA7607	142	20	0.04041452485435002	0.0	0.95	140845.0704225352
chr3	130495725	130495867	RNA7608	142	16	6.430718713090755e-06	0.0	1.0	112676.05633802817
chr3	130504212	130504354	RNA7609	142	26	1.1307761584388432e-05	1.4696349808218656e-05	1.0	183098.5915492958
chr3	131394235	131394391	RNA7610	156	23	1.0225065164812133e-05	0.0	1.0	147435.89743589744
chr3	131394419	131394635	RNA7611	216	19	1.779350498652403e-05	1.4697199731017465e-05	1.0	87962.96296296296
chr3	131394932	131395074	RNA7612	142	26	1.9847999912875e-05	1.4715199995407602e-05	1.0	183098.5915492958
chr3	131395014	131395156	RNA7613	142	26	1.4306838518394668e-05	0.0	1.0	183098.5915492958
chr3	131453287	131453916	RNA7614	629	125	0.00021378063307929147	1.47024002217222e-05	1.0	198728.1399046105
chr3	131454775	131454917	RNA7615	142	23	8.822773207097824e-05	1.470159986638464e-05	1.0	161971.8309859155
chr3	132288270	132288586	RNA7616	316	41	0.028110349729991508	1.4698100130772218e-05	0.926829268292683	129746.83544303797
chr3	132371710	132371852	RNA7617	142	41	0.08320714795134825	1.4698500308440998e-05	0.8780487804878049	288732.3943661972
chr3	132551047	132551676	RNA7618	629	127	0.021017189226524607	1.4698100130772218e-05	0.968503937007874	201907.79014308428
chr3	132553461	132554090	RNA7619	629	114	7.349220386617932e-05	1.469549988541985e-05	1.0	181240.06359300477
chr3	132553654	132554283	RNA7620	629	115	0.008894803430073645	1.4696400285174605e-05	0.991304347826087	182829.88871224166
chr3	132875331	132875550	RNA7621	219	29	0.009920324476956134	0.0	0.9655172413793104	132420.0913242009
chr3	132875354	132875983	RNA7622	629	110	0.009651763643242618	0.0	0.9818181818181818	174880.76311605723
chr3	132889490	132890119	RNA7623	626	104	0.026993388560107138	1.4695250229124213e-05	0.9326923076923077	166134.18530351436
chr3	132955499	132956128	RNA7624	629	104	0.005023748894490588	0.0	0.9807692307692307	165341.8124006359
chr3	133503113	133503232	RNA7625	119	18	0.015643431683302973	0.0	0.9444444444444444	151260.50420168065
chr3	133896053	133896682	RNA7626	629	105	0.008460666161114376	0.0	0.9809523809523809	166931.6375198728
chr3	134058314	134058433	RNA7627	61	34	0.0021026181970335055	1.620144939806778e-05	1.0	557377.0491803278
chr3	134061575	134061694	RNA7628	119	27	1.7422548269135858e-05	0.0	1.0	226890.756302521
chr3	134062555	134063629	RNA7629	1074	196	0.017165446782191604	0.0	0.9642857142857143	182495.3445065177
chr3	134063767	134063886	RNA7630	95	18	0.05649572579816068	2.4766550268395804e-05	0.8888888888888888	189473.68421052632
chr3	134380139	134380258	RNA7631	119	19	0.00012608038425816022	1.469509970775107e-05	1.0	159663.86554621847
chr3	134382980	134383099	RNA7632	119	25	0.01590539636323228	1.4698999621032272e-05	0.96	210084.03361344538
chr3	134388334	134388453	RNA7633	119	27	8.71133704128658e-06	0.0	1.0	226890.756302521
chr3	134473631	134473787	RNA7634	156	33	0.05006767578241564	1.4712800293636974e-05	0.9090909090909091	211538.46153846153
chr3	134474461	134474677	RNA7635	202	34	0.02952744350469562	7.361600182775874e-06	0.9705882352941176	168316.83168316833
chr3	135526662	135526781	RNA7636	119	23	0.0005535913652515179	0.0	1.0	193277.31092436975
chr3	135847991	135848307	RNA7637	316	63	0.015886787939644632	0.0	0.9841269841269841	199367.08860759495
chr3	136246438	136246580	RNA7638	142	16	1.7460288063372677e-05	7.348200142587302e-06	1.0	112676.05633802817
chr3	136756876	136757192	RNA7639	316	66	4.7680257397803786e-05	1.4698999621032272e-05	1.0	208860.7594936709
chr3	136769199	136769418	RNA7640	219	35	0.02859250829450112	0.0	0.9714285714285714	159817.3515981735
chr3	136811285	136811601	RNA7641	316	0				0.0
chr3	136814012	136814328	RNA7642	316	0				0.0
chr3	137011193	137011509	RNA7643	316	56	0.014936725797416063	0.0	0.9642857142857143	177215.18987341772
chr3	137011812	137012128	RNA7644	316	71	0.014100247037955777	1.4698500308440998e-05	0.9859154929577465	224683.54430379748
chr3	137011955	137012271	RNA7645	316	60	0.016679411159945326	1.469984999857843e-05	0.9833333333333333	189873.417721519
chr3	137721217	137721436	RNA7646	219	33	3.385289655300915e-05	1.4696799553348685e-05	1.0	150684.9315068493
chr3	137761922	137762141	RNA7647	219	60	2.1067049874543545e-05	1.469509970775107e-05	1.0	273972.602739726
chr3	137770754	137770973	RNA7648	219	43	0.023274955564924905	0.0	0.9767441860465116	196347.0319634703
chr3	137801249	137801468	RNA7649	219	44	0.004165136151806848	0.0	0.9772727272727273	200913.2420091324
chr3	137822477	137822793	RNA7650	316	64	0.03270546672708008	0.0	0.9375	202531.64556962025
chr3	137826457	137826676	RNA7651	219	47	0.0010759342154376497	0.0	0.9787234042553191	214611.87214611872
chr3	137869759	137870388	RNA7652	622	105	0.009796637672627093	1.4698100130772218e-05	0.9904761904761905	168810.28938906753
chr3	137879858	137880077	RNA7653	219	39	4.2341732086451946e-05	0.0	1.0	178082.19178082192
chr3	138836968	138837187	RNA7654	219	39	0.026185237132197534	0.0	0.9743589743589743	178082.19178082192
chr3	138983065	138983184	RNA7655	119	24	2.6337616153185225e-05	0.0	1.0	201680.67226890757
chr3	141861561	141861877	RNA7656	316	57	1.8825957627801808e-05	0.0	1.0	180379.74683544302
chr3	142595269	142595488	RNA7657	219	36	2.205689118757747e-05	0.0	1.0	164383.5616438356
chr3	143853545	143853763	RNA7658	218	38	0.026235708854337163	1.4698500308440998e-05	0.9736842105263158	174311.9266055046
chr3	147379802	147380020	RNA7659	218	46	1.6934106398641827e-05	1.469569997425424e-05	1.0	211009.17431192662
chr3	148013115	148013333	RNA7660	218	41	0.026860281829701817	1.4699799976369832e-05	0.9512195121951219	188073.39449541285
chr3	148015030	148015248	RNA7661	218	55	0.019995281960886624	1.4709799870615823e-05	0.9818181818181818	252293.57798165135
chr3	148020940	148021158	RNA7662	218	49	3.852172634725522e-05	0.0	1.0	224770.64220183488
chr3	148962980	148963198	RNA7663	218	43	0.03720817873877528	1.4698100130772218e-05	0.9534883720930233	197247.70642201835
chr3	148963901	148964119	RNA7664	211	39	0.007092499786873907	0.0	0.9743589743589743	184834.1232227488
chr3	148966740	148966958	RNA7665	218	51	0.0009709681155928753	1.4697699953103438e-05	1.0	233944.95412844038
chr3	149111271	149111410	RNA7666	139	0				0.0
chr3	149424329	149424547	RNA7667	218	40	0.02796133495362483	1.4697699953103438e-05	0.95	183486.2385321101
chr3	151929516	151929691	RNA7668	175	26	6.78305044367791e-05	7.347100108745508e-06	1.0	148571.42857142858
chr3	152570198	152570439	RNA7669	233	38	1.9650034430107474e-05	0.0	1.0	163090.1287553648
chr3	152803602	152803741	RNA7670	139	26	0.03851525365623205	1.4699599887535442e-05	0.9615384615384616	187050.35971223022
chr3	152804407	152804625	RNA7671	218	44	0.00013868622938223937	1.4703299711982254e-05	1.0	201834.86238532112
chr3	152805318	152805457	RNA7672	139	25	2.763804001005219e-05	0.0	1.0	179856.11510791365
chr3	152814019	152814158	RNA7673	139	17	2.2482070455541167e-05	0.0	1.0	122302.1582733813
chr3	152819713	152819852	RNA7674	139	30	0.033755339130463344	7.349699899350526e-06	0.9666666666666667	215827.3381294964
chr3	154430428	154430567	RNA7675	139	29	0.00027164705596956516	0.0	1.0	208633.09352517987
chr3	154431151	154431290	RNA7676	139	27	0.00632767158182374	0.0	0.9629629629629629	194244.60431654679
chr3	154435326	154435465	RNA7677	139	35	9.242991395045204e-06	0.0	1.0	251798.56115107914
chr3	155021184	155021279	RNA7678	95	17	2.6804935259853574e-05	1.4697699953103438e-05	1.0	178947.36842105264
chr3	155199082	155199221	RNA7679	139	28	0.014336670810767563	1.4698549875902245e-05	0.9642857142857143	201438.8489208633
chr3	155746923	155747098	RNA7680	175	26	2.3195853163296603e-05	0.0	1.0	148571.42857142858
chr3	156014766	156015007	RNA7681	237	43	4.408579725138008e-05	1.4697699953103438e-05	1.0	181434.59915611814
chr3	156636695	156636870	RNA7682	175	27	1.4701281644290804e-05	0.0	1.0	154285.7142857143
chr3	156666923	156667098	RNA7683	134	42	0.002330494662536298	7.491550150007242e-06	0.9761904761904762	313432.83582089556
chr3	156668190	156668365	RNA7684	175	37	2.9405127173264436e-05	0.0	1.0	211428.57142857145
chr3	157051788	157051963	RNA7685	175	33	0.030321312042526024	1.4713199561811052e-05	0.9696969696969697	188571.42857142858
chr3	157053841	157054016	RNA7686	175	38	0.02639026248593117	0.0	0.9736842105263158	217142.85714285713
chr3	157054576	157054751	RNA7687	175	28	1.890066732812434e-05	1.4698100130772218e-05	1.0	160000.0
chr3	157055230	157055471	RNA7688	241	32	0.0002491068387655507	7.349050065386109e-06	1.0	132780.08298755187
chr3	157067934	157068175	RNA7689	241	45	0.007531502025631197	0.0	0.9777777777777777	186721.9917012448
chr3	157076243	157076484	RNA7690	241	39	0.025641400433647873	1.4696799553348685e-05	0.9743589743589743	161825.72614107883
chr3	157136246	157136487	RNA7691	241	40	1.8006295317716526e-05	0.0	1.0	165975.10373443982
chr3	157136802	157137043	RNA7692	241	39	0.02342015374000393	1.469590006308863e-05	0.9743589743589743	161825.72614107883
chr3	157146190	157146431	RNA7693	241	47	3.3777745189343987e-05	0.0	1.0	195020.74688796682
chr3	158091158	158091399	RNA7694	241	44	0.02270655181982048	0.0	0.9772727272727273	182572.6141078838
chr3	158093341	158093516	RNA7695	175	29	0.04275227312421615	1.4698100130772218e-05	0.9310344827586207	165714.2857142857
chr3	158635880	158635975	RNA7696	0	0				
chr3	158636701	158636840	RNA7697	87	0				0.0
chr3	159898267	159898362	RNA7698	95	16	9.187481339267833e-06	7.348399776674342e-06	1.0	168421.05263157893
chr3	159898938	159899033	RNA7699	95	19	1.7019631645541123e-05	1.4698100130772218e-05	1.0	200000.0
chr3	159901080	159901175	RNA7700	95	13	0.00018205669752764818	1.4698500308440998e-05	1.0	136842.1052631579
chr3	160489301	160489396	RNA7701	95	17	0.059505153381905984	1.4701099644298664e-05	0.9411764705882353	178947.36842105264
chr3	160492762	160492857	RNA7702	95	26	6.2190961216401774e-06	0.0	1.0	273684.2105263158
chr3	160494607	160494702	RNA7703	95	19	0.022664933712325076	0.0	0.9473684210526315	200000.0
chr3	161083554	161083649	RNA7704	95	14	8.400764467556396e-06	0.0	1.0	147368.42105263157
chr3	161596464	161596705	RNA7705	241	53	0.0001304885178951535	0.0	1.0	219917.01244813277
chr3	161598828	161599003	RNA7706	175	41	2.2232805061250652e-05	1.4699399798701052e-05	1.0	234285.7142857143
chr3	164013614	164013709	RNA7707	95	21	1.6807999946606633e-05	1.4704999557579868e-05	1.0	221052.63157894736
chr3	165850922	165851033	RNA7708	111	15	0.0008682156182354962	1.4698500308440998e-05	1.0	135135.13513513515
chr3	169672189	169672300	RNA7709	111	18	2.4495883028266947e-05	0.0	1.0	162162.16216216216
chr3	170357124	170357235	RNA7710	111	55	1.7316289036400667e-05	0.0	1.0	495495.4954954955
chr3	170402029	170402140	RNA7711	53	4	0.25001104892521653	2.209785043305601e-05	0.75	75471.69811320755
chr3	170404902	170405013	RNA7712	111	18	0.03731086569809526	0.0	0.9444444444444444	162162.16216216216
chr3	170861095	170861206	RNA7713	111	22	2.4719768217352814e-05	1.4697900041937828e-05	1.0	198198.1981981982
chr3	170862215	170862326	RNA7714	111	22	0.04563359895043751	1.4696999642183075e-05	0.9545454545454546	198198.1981981982
chr3	170862883	170862994	RNA7715	111	18	0.05556698747775752	1.469764993089484e-05	0.9444444444444444	162162.16216216216
chr3	171598886	171598997	RNA7716	111	24	2.6334329125648443e-05	7.347950031544315e-06	1.0	216216.21621621624
chr3	171812643	171812735	RNA7717	92	17	0.03082411358403024	0.0	0.9411764705882353	184782.60869565216
chr3	172404867	172405206	RNA7718	339	62	0.016181189559251973	0.0	0.9838709677419355	182890.85545722712
chr3	174391920	174392031	RNA7719	111	21	0.01864891467929347	0.0	0.9523809523809523	189189.1891891892
chr3	175811096	175811253	RNA7720	157	30	0.0017053814475123817	1.4707600257679587e-05	0.9666666666666667	191082.80254777073
chr3	175815963	175816055	RNA7721	92	22	4.143360439973461e-05	1.4699399798701052e-05	1.0	239130.4347826087
chr3	175918261	175918600	RNA7722	339	84	0.011979931776327895	0.0	0.9761904761904762	247787.61061946902
chr3	176407195	176407287	RNA7723	92	21	1.1904681135394833e-05	0.0	1.0	228260.86956521738
chr3	176413821	176413913	RNA7724	92	10	2.0575230155368334e-05	7.348200142587302e-06	1.0	108695.65217391304
chr3	176413986	176414078	RNA7725	92	16	4.593887467763125e-06	0.0	1.0	173913.04347826086
chr3	176929242	176929334	RNA7726	92	14	1.679972885020517e-05	1.4696799553348685e-05	1.0	152173.91304347827
chr3	176931465	176931557	RNA7727	70	9	3.0122322338381007e-05	1.5029900168883614e-05	1.0	128571.42857142857
chr3	176934736	176935075	RNA7728	339	56	5.197624849577413e-05	1.4698300219606608e-05	1.0	165191.74041297936
chr3	176935929	176936021	RNA7729	92	16	1.1945962398840493e-05	0.0	1.0	173913.04347826086
chr3	177018056	177018395	RNA7730	339	64	0.012286324895654841	7.347950031544315e-06	0.984375	188790.5604719764
chr3	177018369	177018708	RNA7731	339	91	4.635677975114208e-05	0.0	1.0	268436.57817109145
chr3	177235125	177235464	RNA7732	336	66	0.00024955517707866655	7.349899988184916e-06	1.0	196428.57142857142
chr3	177244582	177244921	RNA7733	339	62	0.010730987609745609	1.4696599919261644e-05	0.967741935483871	182890.85545722712
chr3	177246702	177247041	RNA7734	339	69	0.02340171497335309	1.4697699953103438e-05	0.9565217391304348	203539.82300884958
chr3	177353562	177353901	RNA7735	339	55	0.00626857158528185	0.0	0.9818181818181818	162241.88790560473
chr3	177356718	177356810	RNA7736	92	18	0.0012678275956608963	7.3512001108611e-06	1.0	195652.1739130435
chr3	179073452	179073609	RNA7737	157	37	0.0011117590594605267	0.0	1.0	235668.7898089172
chr3	179088823	179089255	RNA7738	429	80	0.036579694572583324	1.4701099644298664e-05	0.9625	186480.1864801865
chr3	179092789	179093085	RNA7739	296	56	0.036697891472483334	0.0	0.9464285714285714	189189.1891891892
chr3	179561669	179561826	RNA7740	157	29	1.926267951007165e-05	0.0	1.0	184713.37579617833
chr3	179562139	179562296	RNA7741	157	49	0.06139827963226929	1.4705899957334624e-05	0.9387755102040817	312101.9108280255
chr3	179562700	179562857	RNA7742	157	36	2.327441651080178e-05	1.469724975322606e-05	1.0	229299.36305732484
chr3	180982782	180982874	RNA7743	92	8	1.1035525062652596e-05	1.4709800325363176e-05	1.0	86956.52173913043
chr3	180982841	180982998	RNA7744	157	26	1.3016823056832541e-05	0.0	1.0	165605.09554140127
chr3	180983038	180983195	RNA7745	157	28	0.0004189037164711112	0.0	1.0	178343.94904458598
chr3	180983074	180983231	RNA7746	157	30	3.5310710488069635e-05	0.0	1.0	191082.80254777073
chr3	180983288	180983445	RNA7747	157	28	0.035728465518137194	1.4701550298923394e-05	0.9642857142857143	178343.94904458598
chr3	181888727	181889066	RNA7748	339	79	0.008032166474446123	1.4698100130772218e-05	0.9873417721518988	233038.34808259588
chr3	182430738	182431034	RNA7749	296	0				0.0
chr3	182491870	182491945	RNA7750	75	11	2.672935484455658e-05	1.4696799553348685e-05	1.0	146666.66666666666
chr3	182926616	182927048	RNA7751	432	93	0.01081084860918484	0.0	0.989247311827957	215277.77777777778
chr3	183435814	183436110	RNA7752	296	62	0.007832689782081877	0.0	0.9838709677419355	209459.45945945947
chr3	183446793	183447089	RNA7753	296	48	0.00623990326086717	1.4701099644298664e-05	0.9791666666666666	162162.16216216216
chr3	183447066	183447362	RNA7754	293	59	0.02196144525364847	0.0	0.9491525423728814	201365.1877133106
chr3	183461011	183461307	RNA7755	296	63	0.03032687460807441	1.4697699953103438e-05	0.9365079365079365	212837.83783783784
chr3	183474239	183474535	RNA7756	296	61	2.1708571962404887e-05	1.4697199731017465e-05	1.0	206081.0810810811
chr3	183556808	183557104	RNA7757	296	61	1.9036533006730148e-05	0.0	1.0	206081.0810810811
chr3	183691890	183692322	RNA7758	408	103	0.04057144964021575	1.4708500202686992e-05	0.9514563106796117	252450.98039215687
chr3	183694032	183694464	RNA7759	432	74	0.0050585758993022594	0.0	0.9864864864864865	171296.29629629632
chr3	183696214	183696646	RNA7760	431	60	0.016810207963999343	1.470179995521903e-05	0.9833333333333333	139211.13689095128
chr3	183813567	183813999	RNA7761	432	87	0.013733324177421262	0.0	0.9655172413793104	201388.8888888889
chr3	183813813	183814245	RNA7762	429	95	0.01753538091107705	1.474229975428898e-05	0.968421052631579	221445.22144522145
chr3	183915954	183916386	RNA7763	432	35	0.030170025753302195	1.4701099644298664e-05	0.9428571428571428	81018.51851851851
chr3	184463460	184463756	RNA7764	296	54	0.010813706269884815	1.470005008741282e-05	0.9814814814814815	182432.43243243243
chr3	184785748	184786180	RNA7765	431	92	0.03815192326213867	0.0	0.9565217391304348	213457.0765661253
chr3	184803663	184803820	RNA7766	157	47	0.020502504450768295	1.4701099644298664e-05	0.9787234042553191	299363.05732484075
chr3	186428961	186429036	RNA7767	75	8	8.820765970084836e-05	7.349050065386109e-06	1.0	106666.66666666667
chr3	187330097	187330172	RNA7768	75	12	0.0008697188611677038	0.0	1.0	160000.0
chr3	187376986	187377061	RNA7769	75	15	7.544440832134187e-05	1.4696799553348685e-05	1.0	200000.0
chr3	187381829	187381904	RNA7770	75	11	8.01820913858881e-06	0.0	1.0	146666.66666666666
chr3	187451694	187451769	RNA7771	75	19	0.10217159879391005	0.0	0.8947368421052632	253333.33333333334
chr3	187458129	187458204	RNA7772	75	18	7.186802506313682e-05	0.0	1.0	240000.0
chr3	187475616	187475691	RNA7773	75	22	1.2695481845267667e-05	7.349050065386109e-06	1.0	293333.3333333333
chr3	188105185	188105481	RNA7774	294	86	0.014488116369045387	1.4725149867444998e-05	0.9767441860465116	292517.00680272107
chr3	188147628	188148060	RNA7775	432	84	0.017771614731849524	1.4696400285174605e-05	0.9761904761904762	194444.44444444444
chr3	188148073	188148148	RNA7776	75	10	1.6168999900392687e-05	0.0	1.0	133333.33333333334
chr3	188891642	188891745	RNA7777	103	14	1.5749571567929316e-05	1.4696999642183075e-05	1.0	135922.33009708737
chr3	188894249	188894606	RNA7778	357	73	0.007460969981304062	0.0	0.9863013698630136	204481.79271708682
chr3	189364650	189364748	RNA7779	98	28	0.025931937520908825	1.4702449789183447e-05	0.9285714285714286	285714.2857142857
chr3	189364678	189364881	RNA7780	203	78	0.08102287390189443	1.4741649920324562e-05	0.8974358974358975	384236.45320197043
chr3	189593326	189593506	RNA7781	180	26	0.00027466997265106793	0.0	1.0	144444.44444444444
chr3	189955000	189955263	RNA7782	263	52	0.019429208631138926	1.469590006308863e-05	0.9807692307692307	197718.63117870723
chr3	190279706	190279940	RNA7783	234	36	1.3071841623158705e-05	0.0	1.0	153846.15384615384
chr3	191958624	191958699	RNA7784	75	19	8.509494795074907e-06	0.0	1.0	253333.33333333334
chr3	192777954	192778057	RNA7785	103	21	0.0486699397745161	1.4699799976369832e-05	0.9523809523809523	203883.49514563105
chr3	192793062	192793419	RNA7786	357	55	0.06921169030060395	1.4700300198455809e-05	0.9272727272727272	154061.62464985996
chr3	193177917	193178120	RNA7787	203	37	0.08679714089477195	1.4696400285174605e-05	0.8918918918918919	182266.00985221675
chr3	193190531	193190634	RNA7788	103	20	1.3965675088907782e-05	1.4699150142405415e-05	1.0	194174.7572815534
chr3	193192067	193192170	RNA7789	103	18	1.306654419547366e-05	0.0	1.0	174757.28155339806
chr3	193207330	193207533	RNA7790	203	39	1.696198456230197e-05	0.0	1.0	192118.22660098522
chr3	193209602	193209700	RNA7791	98	20	1.1760494953705346e-05	0.0	1.0	204081.63265306124
chr3	193213909	193214012	RNA7792	103	20	3.160555033900838e-05	1.4698749964736635e-05	1.0	194174.7572815534
chr3	193698002	193698105	RNA7793	103	24	0.00015249690378974596	0.0	1.0	233009.70873786407
chr3	193698411	193698591	RNA7794	180	29	2.635830358108861e-05	1.4698100130772218e-05	1.0	161111.11111111112
chr3	193698449	193698712	RNA7795	263	41	0.002280932935275074	1.4698100130772218e-05	0.975609756097561	155893.536121673
chr3	193698739	193698842	RNA7796	100	12	4.117540796262698e-05	1.5103450095921287e-05	1.0	120000.0
chr3	193722028	193722131	RNA7797	103	31	4.04054733794061e-05	0.0	1.0	300970.87378640776
chr3	193742252	193742609	RNA7798	357	64	0.04514517862600087	0.0	0.953125	179271.70868347338
chr3	193822221	193822578	RNA7799	357	55	0.018429412770009628	0.0	0.9818181818181818	154061.62464985996
chr3	193822340	193822697	RNA7800	357	57	0.01754798701412048	0.0	0.9824561403508771	159663.86554621847
chr3	193844594	193844951	RNA7801	357	67	3.0276920057725505e-05	0.0	1.0	187675.0700280112
chr3	193844858	193845215	RNA7802	357	59	0.033057682417628236	1.4696400285174605e-05	0.9661016949152542	165266.10644257703
chr3	193953025	193953382	RNA7803	357	57	0.00032690752709241803	0.0	1.0	159663.86554621847
chr3	194129265	194129363	RNA7804	98	17	2.4269529282770753e-05	0.0	1.0	173469.38775510204
chr3	194142901	194143135	RNA7805	234	59	0.0002032294905340212	1.469590006308863e-05	1.0	252136.75213675213
chr3	194182123	194182326	RNA7806	203	27	0.0027070502551901406	1.4697199731017465e-05	0.9629629629629629	133004.92610837438
chr3	194189719	194189817	RNA7807	98	15	0.0002861983519323958	0.0	1.0	153061.22448979592
chr3	194194448	194194546	RNA7808	98	21	2.1727681000592615e-05	0.0	1.0	214285.71428571426
chr3	194261899	194262102	RNA7809	203	41	0.009759743920944964	0.0	0.975609756097561	201970.4433497537
chr3	194261939	194262142	RNA7810	203	38	0.010835079791137864	0.0	0.9736842105263158	187192.118226601
chr3	194261980	194262078	RNA7811	98	16	0.024942275852708914	0.0	0.9375	163265.30612244896
chr3	194262303	194262401	RNA7812	98	24	0.00016296849135717713	0.0	1.0	244897.95918367346
chr3	194324764	194324967	RNA7813	145	8	0.24978248507204626	8.071800039033405e-06	0.75	55172.41379310345
chr3	194325105	194325308	RNA7814	203	0				0.0
chr3	194352855	194352953	RNA7815	98	35	0.0032406338674523505	0.0	0.9714285714285714	357142.85714285716
chr3	194401519	194401722	RNA7816	203	55	0.01820105887064445	0.0	0.9818181818181818	270935.960591133
chr3	194529308	194529488	RNA7817	180	31	0.0016782428858805878	1.4701099644298664e-05	0.967741935483871	172222.22222222222
chr3	194538613	194538876	RNA7818	262	39	0.02578237075265814	0.0	0.9743589743589743	148854.96183206106
chr3	194575020	194575200	RNA7819	180	34	0.00013834795005523176	1.4697900041937828e-05	1.0	188888.88888888888
chr3	194582220	194582323	RNA7820	103	0				0.0
chr3	194582442	194582705	RNA7821	263	0				0.0
chr3	194582761	194582941	RNA7822	180	0				0.0
chr3	194582907	194583170	RNA7823	263	0				0.0
chr3	194672590	194672770	RNA7824	180	45	1.2414317825459876e-05	0.0	1.0	250000.0
chr3	194672678	194672941	RNA7825	261	38	1.3769371052101059e-05	0.0	1.0	145593.86973180078
chr3	194672802	194673065	RNA7826	261	49	1.1577526548739561e-05	1.469590006308863e-05	1.0	187739.46360153257
chr3	194674025	194674205	RNA7827	180	35	0.007304406985583356	0.0	0.9714285714285714	194444.44444444444
chr3	194693525	194693705	RNA7828	180	33	2.940490597238784e-05	1.4699399798701052e-05	1.0	183333.3333333333
chr3	194693577	194693840	RNA7829	263	71	0.006029507387352103	0.0	0.9859154929577465	269961.97718631173
chr3	194832879	194833236	RNA7830	357	73	0.013712123230119413	0.0	0.9863013698630136	204481.79271708682
chr3	195051785	195052019	RNA7831	234	39	3.807056061934493e-05	0.0	1.0	166666.66666666666
chr3	195052214	195052448	RNA7832	234	45	0.0057199599038439235	0.0	0.9777777777777777	192307.6923076923
chr3	195055852	195056086	RNA7833	234	66	0.015172006205926715	1.4696599919261644e-05	0.9848484848484849	282051.28205128206
chr3	195271204	195271438	RNA7834	234	90	0.01585761108539777	1.469744984206045e-05	0.9666666666666667	384615.3846153846
chr3	195271728	195271826	RNA7835	98	17	2.075051174067673e-05	1.4698500308440998e-05	1.0	173469.38775510204
chr3	195271807	195272010	RNA7836	203	40	1.3227392400949611e-05	1.469590006308863e-05	1.0	197044.33497536948
chr3	195272241	195272475	RNA7837	234	41	4.014930634251095e-05	0.0	1.0	175213.6752136752
chr3	195273609	195273843	RNA7838	234	38	2.939779257135631e-05	7.348849976551719e-06	1.0	162393.1623931624
chr3	195584189	195584369	RNA7839	180	32	0.03127805496541214	1.4700700376124587e-05	0.96875	177777.77777777778
chr3	195607197	195607460	RNA7840	263	46	0.005212805188974647	0.0	0.9782608695652174	174904.94296577945
chr3	196130281	196130515	RNA7841	234	50	0.00011732650798875833	7.347749942709925e-06	1.0	213675.21367521366
chr3	197042216	197042419	RNA7842	201	33	0.00032291418414608634	1.4697199731017465e-05	1.0	164179.10447761195
chr3	198050251	198050454	RNA7843	203	0				0.0
chr3	198144519	198144722	RNA7844	203	0				0.0
chr3	198151083	198151286	RNA7845	203	0				0.0
chr3	198233858	198234121	RNA7846	0	0				
chr3	198235172	198235270	RNA7847	0	0				
chr4	543556	543896	RNA7848	340	48	0.023507252383183186	1.469764993089484e-05	0.9583333333333334	141176.4705882353
chr4	3533212	3533556	RNA7849	344	75	0.00411579422514478	0.0	0.9866666666666667	218023.2558139535
chr4	4111178	4111423	RNA7850	244	0				0.0
chr4	4334819	4335159	RNA7851	340	76	0.02877424544864257	1.4696150174131617e-05	0.9342105263157895	223529.4117647059
chr4	4335000	4335344	RNA7852	344	34	0.06192311825112912	1.469590006308863e-05	0.8823529411764706	98837.20930232557
chr4	4335744	4336088	RNA7853	338	0				0.0
chr4	4336013	4336357	RNA7854	338	0				0.0
chr4	4822464	4822808	RNA7855	344	76	0.0031210946102227756	0.0	0.9868421052631579	220930.23255813954
chr4	4824417	4824761	RNA7856	344	71	0.01972361426602911	0.0	0.9577464788732394	206395.3488372093
chr4	4824666	4825010	RNA7857	344	67	0.01620111952011776	1.4696400285174605e-05	0.9701492537313433	194767.44186046513
chr4	5514006	5514346	RNA7858	340	88	0.0033696704015565835	1.4696349808218656e-05	0.9772727272727273	258823.52941176473
chr4	5516323	5516663	RNA7859	340	81	0.001183673864078973	1.4697199731017465e-05	0.9876543209876543	238235.29411764705
chr4	5521817	5522157	RNA7860	340	93	0.03990423595130641	0.0	0.9247311827956989	273529.4117647059
chr4	5539566	5539906	RNA7861	337	71	0.011303062776124518	0.0	0.971830985915493	210682.4925816024
chr4	5541458	5541798	RNA7862	340	71	0.001441996473966379	0.0	0.9859154929577465	208823.5294117647
chr4	5709967	5710311	RNA7863	344	73	0.0020604637626865313	0.0	0.9863013698630136	212209.30232558138
chr4	5710752	5711092	RNA7864	340	101	1.7172694026499154e-05	0.0	1.0	297058.82352941175
chr4	6565486	6565826	RNA7865	340	83	0.040308643770595703	1.4697699953103438e-05	0.9518072289156626	244117.64705882352
chr4	7745820	7745997	RNA7866	177	46	0.014466752530314923	1.469785001972923e-05	0.9347826086956522	259887.0056497175
chr4	7964248	7964493	RNA7867	245	45	1.8956046632308298e-05	0.0	1.0	183673.46938775512
chr4	8951094	8951339	RNA7868	245	0				0.0
chr4	9033543	9033788	RNA7869	245	0				0.0
chr4	9033890	9034135	RNA7870	245	0				0.0
chr4	9409244	9409453	RNA7871	209	90	0.03328366056611129	1.4699799976369832e-05	0.9666666666666667	430622.00956937805
chr4	9409771	9410016	RNA7872	245	125	0.00015290913801435763	0.0	1.0	510204.0816326531
chr4	9410144	9410389	RNA7873	245	93	0.0215347713533887	0.0	0.978494623655914	379591.8367346939
chr4	9410170	9410415	RNA7874	245	95	0.021082336299619593	0.0	0.9789473684210527	387755.10204081633
chr4	9703009	9703353	RNA7875	341	0				0.0
chr4	10158420	10158665	RNA7876	245	103	0.009764407455610493	0.0	0.9902912621359223	420408.1632653061
chr4	10439153	10439493	RNA7877	340	74	0.015882415988754298	0.0	0.972972972972973	217647.05882352943
chr4	10710914	10711091	RNA7878	177	31	0.010191861618090287	0.0	0.9354838709677419	175141.2429378531
chr4	12121923	12122100	RNA7879	160	37	0.17062066548471586	1.4722299965796992e-05	0.8108108108108109	231250.0
chr4	12171326	12171503	RNA7880	177	27	0.03704248514441133	0.0	0.9629629629629629	152542.37288135593
chr4	12187992	12188169	RNA7881	177	28	0.07143487564998655	0.0	0.9285714285714286	158192.09039548025
chr4	13540371	13540548	RNA7882	177	46	0.017819282030201146	1.4698549875902245e-05	0.9782608695652174	259887.0056497175
chr4	13540453	13540630	RNA7883	177	38	1.1998931576703112e-05	0.0	1.0	214689.26553672316
chr4	13540478	13540655	RNA7884	177	38	1.1993189457969397e-05	7.349499810516136e-06	1.0	214689.26553672316
chr4	13540597	13540774	RNA7885	177	37	9.137872906206679e-06	0.0	1.0	209039.54802259887
chr4	13540597	13540806	RNA7886	209	40	8.820072434900794e-06	0.0	1.0	191387.55980861245
chr4	13545271	13545714	RNA7887	443	96	0.0002556820400532906	0.0	1.0	216704.2889390519
chr4	14095154	14095363	RNA7888	209	40	1.8761045248537615e-05	0.0	1.0	191387.55980861245
chr4	14098716	14098925	RNA7889	209	35	8.701267709381224e-05	1.4707999980601016e-05	1.0	167464.1148325359
chr4	14103229	14103438	RNA7890	209	35	0.028021485260589018	1.4703699889651034e-05	0.9714285714285714	167464.1148325359
chr4	14144206	14144415	RNA7891	209	0				0.0
chr4	14147831	14148076	RNA7892	245	57	1.9864708775182976e-05	0.0	1.0	232653.0612244898
chr4	14154711	14154920	RNA7893	203	52	0.013016615620996996	0.0	0.9615384615384616	256157.63546798032
chr4	14155095	14155304	RNA7894	209	45	0.012038580198734253	0.0	0.9777777777777777	215311.00478468902
chr4	14888808	14889017	RNA7895	209	44	0.03778718684679916	0.0	0.9545454545454546	210526.31578947368
chr4	16949683	16950126	RNA7896	443	105	0.00967864968444614	0.0	0.9904761904761905	237020.31602708803
chr4	17249318	17249495	RNA7897	177	36	2.3273574697664134e-05	0.0	1.0	203389.83050847458
chr4	17457718	17458161	RNA7898	443	90	0.0005425850858753399	0.0	1.0	203160.27088036117
chr4	17562421	17562864	RNA7899	443	72	3.470215544135835e-05	1.469509970775107e-05	1.0	162528.21670428893
chr4	17574767	17575210	RNA7900	443	85	0.0004753190812741225	0.0	1.0	191873.58916478555
chr4	17784480	17784923	RNA7901	443	68	0.015594198485078939	1.4696149719384266e-05	0.9705882352941176	153498.87133182844
chr4	17787033	17787476	RNA7902	443	68	0.012503883643282329	0.0	0.9852941176470589	153498.87133182844
chr4	17789433	17789876	RNA7903	443	69	0.001866206986248822	1.469509970775107e-05	0.9855072463768116	155756.20767494355
chr4	18162396	18162605	RNA7904	209	36	1.225232232273912e-05	0.0	1.0	172248.8038277512
chr4	18165088	18165531	RNA7905	443	97	0.010382505935312921	1.470159986638464e-05	0.9896907216494846	218961.62528216702
chr4	20173466	20173547	RNA7906	81	15	0.00019503961987841717	1.4700700376124589e-05	1.0	185185.18518518517
chr4	22536839	22537282	RNA7907	443	89	0.018426267957294656	0.0	0.9662921348314607	200902.93453724607
chr4	23999792	23999879	RNA7908	87	19	0.0526393147210432	0.0	0.9473684210526315	218390.80459770115
chr4	24065429	24065510	RNA7909	81	21	0.011599400288105232	0.0	0.9523809523809523	259259.25925925924
chr4	24266861	24267023	RNA7910	162	28	0.031325531602988115	0.0	0.8571428571428571	172839.5061728395
chr4	25099061	25099142	RNA7911	81	17	0.11768884997116616	1.6700099877198227e-05	0.8823529411764706	209876.54320987655
chr4	25118931	25119012	RNA7912	81	17	8.64584110197885e-06	0.0	1.0	209876.54320987655
chr4	25119537	25119618	RNA7913	81	12	2.205385014046139e-05	1.470694996896782e-05	1.0	148148.14814814815
chr4	25280181	25280262	RNA7914	81	16	0.0001277050546377665	0.0	1.0	197530.86419753084
chr4	25281640	25281721	RNA7915	81	14	4.2030071329333755e-06	0.0	1.0	172839.5061728395
chr4	25294113	25294194	RNA7916	81	12	1.3473291649764482e-05	1.4697250207973411e-05	1.0	148148.14814814815
chr4	26066392	26066473	RNA7917	81	12	0.034439188687959664	1.4695950085297227e-05	0.9166666666666666	148148.14814814815
chr4	26571415	26571696	RNA7918	281	74	4.409735611015393e-05	0.0	1.0	263345.19572953734
chr4	27042548	27042992	RNA7919	444	64	3.055190849465576e-05	1.4697699953103438e-05	1.0	144144.14414414414
chr4	28011465	28011552	RNA7920	87	17	0.00020664724327027495	1.469590006308863e-05	1.0	195402.29885057473
chr4	28114408	28114570	RNA7921	162	45	0.00048107249092733365	1.470200004405342e-05	1.0	277777.7777777778
chr4	28902511	28902598	RNA7922	87	18	9.800372279439924e-06	0.0	1.0	206896.55172413794
chr4	28924811	28924898	RNA7923	87	23	0.03350680553945574	0.0	0.9565217391304348	264367.816091954
chr4	28925747	28925834	RNA7924	87	19	0.09316412532682175	1.4696799553348685e-05	0.8421052631578947	218390.80459770115
chr4	29045652	29045739	RNA7925	87	20	0.002783411837390301	0.0	0.95	229885.05747126436
chr4	29045916	29046003	RNA7926	87	24	0.003134129978017578	0.0	0.9583333333333334	275862.0689655172
chr4	29086640	29086802	RNA7927	162	30	2.1070169805165785e-05	1.4698500308440998e-05	1.0	185185.18518518517
chr4	29109978	29110065	RNA7928	87	21	0.04764437448609117	1.4767099855816925e-05	0.9523809523809523	241379.3103448276
chr4	29117604	29117766	RNA7929	162	49	0.02056626183511237	1.4698999621032272e-05	0.9795918367346939	302469.13580246916
chr4	29117696	29117858	RNA7930	162	43	0.00016510747310496582	1.4696400285174605e-05	1.0	265432.09876543214
chr4	29292336	29292498	RNA7931	162	32	0.03127298809391732	1.470674988013343e-05	0.96875	197530.86419753084
chr4	29298336	29298498	RNA7932	162	29	7.201362589919845e-05	1.4703699889651034e-05	1.0	179012.34567901233
chr4	29298678	29298840	RNA7933	162	25	0.032793755335660535	1.4703699889651034e-05	0.96	154320.98765432098
chr4	29300580	29300704	RNA7934	124	16	2.848246884922878e-05	0.0	1.0	129032.25806451612
chr4	30034603	30034690	RNA7935	87	0				0.0
chr4	30195272	30195353	RNA7936	81	16	8.272349987237249e-06	0.0	1.0	197530.86419753084
chr4	30217798	30217960	RNA7937	162	37	0.027436587118515755	1.470460028940579e-05	0.972972972972973	228395.06172839506
chr4	30491033	30491314	RNA7938	281	59	0.0004962942381190865	1.4696799553348685e-05	1.0	209964.41281138788
chr4	31149481	31149925	RNA7939	443	91	0.025860967807892557	0.0	0.945054945054945	205417.60722347628
chr4	31424025	31424306	RNA7940	281	36	0.002128136130042746	0.0	0.9722222222222222	128113.87900355873
chr4	31481354	31481635	RNA7941	281	67	0.00010553650736255461	0.0	1.0	238434.16370106762
chr4	31491198	31491479	RNA7942	37	14	0.04894600624285366	0.0	0.9285714285714286	378378.3783783784
chr4	31566718	31566999	RNA7943	281	62	0.006734325212927347	1.4700249721499858e-05	0.9838709677419355	220640.5693950178
chr4	31577345	31577626	RNA7944	281	52	0.00042079597401075395	1.4699399798701052e-05	1.0	185053.38078291813
chr4	31611485	31611766	RNA7945	281	58	0.004985897932140779	0.0	0.9827586206896551	206405.69395017793
chr4	31873664	31874108	RNA7946	444	105	0.004110702911627106	0.0	0.9809523809523809	236486.48648648648
chr4	31982264	31982708	RNA7947	444	73	0.004915680983735723	0.0	0.9863013698630136	164414.41441441444
chr4	31992201	31992645	RNA7948	443	92	0.011728636412064343	0.0	0.9782608695652174	207674.94356659142
chr4	32241467	32241911	RNA7949	436	95	0.004254897017189678	0.0	0.9789473684210527	217889.90825688074
chr4	32241998	32242442	RNA7950	443	109	0.008288264704637968	0.0	0.963302752293578	246049.66139954852
chr4	32242703	32243147	RNA7951	444	89	0.01514966914060658	1.4703299711982254e-05	0.9662921348314607	200450.45045045044
chr4	32402713	32402994	RNA7952	281	60	0.01043351792964131	0.0	0.9833333333333333	213523.13167259787
chr4	33084604	33084728	RNA7953	124	23	0.000771041025394004	0.0	1.0	185483.87096774194
chr4	33090598	33091042	RNA7954	444	106	0.0003155721005295657	0.0	1.0	238738.73873873876
chr4	33385248	33385372	RNA7955	124	33	1.0706593870550437e-05	0.0	1.0	266129.0322580645
chr4	33387960	33388122	RNA7956	162	44	9.689865898756331e-06	0.0	1.0	271604.93827160494
chr4	33388767	33388854	RNA7957	87	17	9.5791881048011e-06	0.0	1.0	195402.29885057473
chr4	33389988	33390112	RNA7958	124	20	1.2494804786906624e-05	0.0	1.0	161290.32258064515
chr4	33390625	33390749	RNA7959	124	18	0.053613148411235066	1.470460028940579e-05	0.9444444444444444	145161.29032258067
chr4	34336868	34336992	RNA7960	124	18	1.1438166792585333e-05	0.0	1.0	145161.29032258067
chr4	34347084	34347197	RNA7961	113	28	0.03138995780078143	0.0	0.9642857142857143	247787.61061946902
chr4	34352566	34352690	RNA7962	124	36	0.02427879554604967	7.351849944825517e-06	0.9722222222222222	290322.58064516133
chr4	34377446	34377570	RNA7963	124	28	0.03903225513002845	7.349899988184916e-06	0.9285714285714286	225806.4516129032
chr4	34683072	34683188	RNA7964	116	0				0.0
chr4	35316530	35316654	RNA7965	123	29	2.1535141654722176e-05	0.0	1.0	235772.35772357724
chr4	36281233	36281514	RNA7966	281	46	0.005184083936001115	1.4696799553348685e-05	0.9782608695652174	163701.06761565836
chr4	36881708	36881839	RNA7967	131	25	0.00012900672980321344	1.4710200048284603e-05	1.0	190839.69465648857
chr4	37145386	37145830	RNA7968	444	111	0.006139415816604109	0.0	0.972972972972973	250000.0
chr4	37449640	37449753	RNA7969	113	20	0.0006349446000967799	0.0	1.0	176991.15044247787
chr4	38407963	38408076	RNA7970	113	20	2.866311483557593e-05	7.349050065386109e-06	1.0	176991.15044247787
chr4	38554129	38554242	RNA7971	113	15	8.03407519318453e-05	0.0	1.0	132743.36283185842
chr4	38554614	38554721	RNA7972	106	18	7.361533233860327e-06	0.0	1.0	169811.32075471696
chr4	38563741	38563854	RNA7973	113	22	1.6703677333263183e-05	1.4697900041937828e-05	1.0	194690.26548672566
chr4	38585791	38585904	RNA7974	113	15	3.723835276711185e-05	1.4698500308440998e-05	1.0	132743.36283185842
chr4	38588500	38588616	RNA7975	116	22	0.039155990179386375	0.0	0.9545454545454546	189655.1724137931
chr4	38593477	38593590	RNA7976	113	26	0.03846812073061301	0.0	0.9615384615384616	230088.49557522123
chr4	38714339	38714452	RNA7977	113	27	4.033131396377553e-05	1.4700700376124589e-05	1.0	238938.05309734514
chr4	39035303	39035427	RNA7978	124	29	0.054746841768378386	0.0	0.896551724137931	233870.96774193548
chr4	39487385	39487501	RNA7979	116	17	0.011769877059123243	0.0	0.9411764705882353	146551.724137931
chr4	39488838	39488951	RNA7980	113	18	0.002203727845729488	1.4700300198455809e-05	1.0	159292.03539823007
chr4	39489561	39489677	RNA7981	116	27	0.0370757008066465	1.4700700376124589e-05	0.9629629629629629	232758.62068965516
chr4	39492746	39492862	RNA7982	116	21	3.0098547800400387e-05	1.4698500308440998e-05	1.0	181034.4827586207
chr4	39670788	39670904	RNA7983	115	4	3.719575033755973e-06	0.0	1.0	34782.608695652176
chr4	39675382	39675498	RNA7984	116	22	8.020920623411208e-05	0.0	1.0	189655.1724137931
chr4	39786067	39786183	RNA7985	116	28	0.0085975787499787	0.0	0.9642857142857143	241379.3103448276
chr4	40654762	40654878	RNA7986	116	34	2.165674713443646e-05	1.47181999636814e-05	1.0	293103.448275862
chr4	40734677	40734808	RNA7987	131	24	5.083999205149583e-05	0.0	1.0	183206.106870229
chr4	41742577	41742708	RNA7988	127	19	3.098647874522228e-05	1.5134100067371035e-05	1.0	149606.29921259845
chr4	41743383	41743514	RNA7989	131	26	0.0009723318925212974	7.348849976551719e-06	1.0	198473.28244274808
chr4	41743949	41744080	RNA7990	116	25	0.00011447804059570687	1.4816600014455616e-05	1.0	215517.24137931032
chr4	41966831	41966962	RNA7991	131	23	8.307530349512767e-06	1.4696400285174605e-05	1.0	175572.51908396944
chr4	41975816	41975947	RNA7992	130	21	5.3522374963941326e-05	0.0	1.0	161538.46153846156
chr4	41979091	41979222	RNA7993	131	24	0.04173528123844031	1.4700699921377236e-05	0.9583333333333334	183206.106870229
chr4	42403171	42403278	RNA7994	107	10	0.10004703215154223	1.470025017624721e-05	0.9	93457.94392523365
chr4	42886270	42886401	RNA7995	131	34	1.9906720888894842e-05	0.0	1.0	259541.9847328244
chr4	43409207	43409314	RNA7996	107	28	0.06645479768128228	1.470454981244984e-05	0.9285714285714286	261682.24299065417
chr4	43451194	43451301	RNA7997	107	0				0.0
chr4	43455415	43455522	RNA7998	107	21	0.047628152061882985	0.0	0.9523809523809523	196261.68224299065
chr4	43493272	43493379	RNA7999	107	20	4.1162690786214495e-05	7.348399776674342e-06	1.0	186915.8878504673
chr4	43513093	43513200	RNA8000	107	33	0.02760444273539949	0.0	0.9696969696969697	308411.21495327103
chr4	43524610	43524723	RNA8001	113	27	0.03714239530715227	1.472670010116417e-05	0.9629629629629629	238938.05309734514
chr4	43589541	43589648	RNA8002	107	18	3.107645049264036e-05	7.352499778789934e-06	1.0	168224.29906542055
chr4	44463142	44463249	RNA8003	107	21	1.4700795136810657e-05	1.4698500308440998e-05	1.0	196261.68224299065
chr4	44606045	44606161	RNA8004	116	29	6.691667495660434e-05	1.4701099644298664e-05	1.0	250000.0
chr4	46725942	46726073	RNA8005	131	47	5.9760088101646784e-05	0.0	1.0	358778.6259541985
chr4	48047724	48047994	RNA8006	270	46	0.004894449806294643	1.4698999621032272e-05	0.9565217391304348	170370.37037037036
chr4	48489546	48489653	RNA8007	107	22	0.011990035774860268	0.0	0.9545454545454546	205607.476635514
chr4	50389405	50389728	RNA8008	0	0				
chr4	51133176	51133446	RNA8009	0	0				
chr4	51713597	51713727	RNA8010	0	0				
chr4	52559708	52559978	RNA8011	270	59	0.0018610109086000413	0.0	0.9830508474576272	218518.51851851854
chr4	52582204	52582474	RNA8012	270	44	0.02286019820076035	7.347749942709925e-06	0.9772727272727273	162962.96296296298
chr4	52583633	52583903	RNA8013	270	59	1.6692557807597806e-05	0.0	1.0	218518.51851851854
chr4	52670128	52670398	RNA8014	270	46	1.3739471618779393e-05	0.0	1.0	170370.37037037036
chr4	52671013	52671283	RNA8015	270	57	6.626785648621533e-05	0.0	1.0	211111.11111111112
chr4	52702680	52702950	RNA8016	270	53	2.30220341177719e-05	0.0	1.0	196296.2962962963
chr4	53369092	53369362	RNA8017	270	52	0.03220341568794537	0.0	0.9615384615384616	192592.59259259258
chr4	54961299	54961622	RNA8018	323	63	4.619655639602057e-05	1.4696799553348685e-05	1.0	195046.43962848297
chr4	55339474	55339797	RNA8019	323	72	2.573329054989987e-05	0.0	1.0	222910.21671826625
chr4	55340464	55340787	RNA8020	323	46	0.00083442144050818	1.4696150174131617e-05	1.0	142414.86068111454
chr4	55343175	55343498	RNA8021	323	81	0.012376473276735508	1.4700700376124589e-05	0.9876543209876543	250773.99380804953
chr4	55551038	55551361	RNA8022	323	65	4.026215812280733e-05	0.0	1.0	201238.39009287924
chr4	55551060	55551383	RNA8023	323	65	4.116711507566859e-05	0.0	1.0	201238.39009287924
chr4	55551125	55551448	RNA8024	323	65	0.009830965598820721	0.0	0.9846153846153847	201238.39009287924
chr4	55720880	55721010	RNA8025	130	23	0.00012526790598475334	0.0	1.0	176923.07692307694
chr4	56330645	56330764	RNA8026	119	17	0.05882093377583849	0.0	0.9411764705882353	142857.14285714284
chr4	56337552	56337875	RNA8027	322	82	0.014845594159518572	7.347549853875535e-06	0.975609756097561	254658.3850931677
chr4	56603523	56603653	RNA8028	130	18	2.2866272502141387e-05	1.4698749964736635e-05	1.0	138461.53846153847
chr4	56627134	56627264	RNA8029	130	27	9.527106225571522e-05	1.4697699953103438e-05	1.0	207692.30769230772
chr4	56646346	56646476	RNA8030	130	29	1.5714169108080037e-05	1.4700300198455809e-05	1.0	223076.9230769231
chr4	56709063	56709193	RNA8031	130	25	0.008658183086699859	1.4696400285174605e-05	0.96	192307.6923076923
chr4	56713298	56713428	RNA8032	130	26	0.03896872607594139	7.347950031544315e-06	0.9615384615384616	200000.0
chr4	56803914	56804044	RNA8033	130	27	0.03729343849752493	1.4697199731017465e-05	0.9629629629629629	207692.30769230772
chr4	57505817	57505947	RNA8034	130	20	4.191527459624359e-05	1.4705649846291635e-05	1.0	153846.15384615384
chr4	57515328	57515598	RNA8035	270	75	0.013212764889285604	0.0	0.9733333333333334	277777.7777777778
chr4	59079583	59079702	RNA8036	0	0				
chr4	59084268	59084387	RNA8037	0	0				
chr4	59090661	59090780	RNA8038	119	25	1.1173751881867649e-05	0.0	1.0	210084.03361344538
chr4	59107058	59107177	RNA8039	119	25	0.0036546900961184235	0.0	0.96	210084.03361344538
chr4	59110891	59111214	RNA8040	323	90	0.037500319648774566	0.0	0.9444444444444444	278637.7708978328
chr4	61193356	61193453	RNA8041	97	16	3.676741908974884e-05	0.0	1.0	164948.45360824742
chr4	61194593	61194712	RNA8042	119	23	5.816922202938696e-05	1.4701099644298664e-05	1.0	193277.31092436975
chr4	61194741	61194860	RNA8043	119	17	8.651352907370037e-06	0.0	1.0	142857.14285714284
chr4	61197532	61197651	RNA8044	119	24	3.1251629934557e-05	7.352100055868504e-06	1.0	201680.67226890757
chr4	61198010	61198140	RNA8045	130	19	9.293868395999246e-06	1.4708900380355772e-05	1.0	146153.84615384616
chr4	62636880	62636999	RNA8046	119	33	0.00191590633632145	0.0	1.0	277310.9243697479
chr4	63873885	63873982	RNA8047	97	22	0.045494009104087046	7.353150067501702e-06	0.9545454545454546	226804.12371134022
chr4	64769475	64769572	RNA8048	97	15	2.059150665445227e-05	1.4703699889651034e-05	1.0	154639.17525773196
chr4	64773495	64773592	RNA8049	97	19	0.00894217665144854	1.4700300198455809e-05	0.9473684210526315	195876.28865979382
chr4	64774358	64774455	RNA8050	97	21	1.5409133517266204e-05	1.4703299711982254e-05	1.0	216494.84536082475
chr4	65025671	65025768	RNA8051	97	29	0.020807098510541154	1.4697699953103438e-05	0.9655172413793104	298969.07216494845
chr4	65034163	65034260	RNA8052	97	40	0.0075479041578319014	1.470025017624721e-05	0.975	412371.1340206185
chr4	65121060	65121157	RNA8053	97	24	3.4747403825947255e-05	0.0	1.0	247422.68041237115
chr4	65778230	65778327	RNA8054	97	23	0.09627159136767738	1.4698500308440998e-05	0.8695652173913043	237113.40206185565
chr4	65778560	65778679	RNA8055	119	29	0.0015907176563720474	0.0	1.0	243697.47899159664
chr4	68421939	68422036	RNA8056	97	0				0.0
chr4	70541649	70541768	RNA8057	119	12	0.02040558417047577	0.0	0.9166666666666666	100840.33613445378
chr4	71033567	71033742	RNA8058	175	41	8.604187913566952e-06	0.0	1.0	234285.7142857143
chr4	74082113	74082232	RNA8059	119	0				0.0
chr4	74919853	74919972	RNA8060	119	33	0.038601639300312934	1.4702900443808176e-05	0.9393939393939394	277310.9243697479
chr4	74920238	74920357	RNA8061	119	24	0.026611510640805136	0.0	0.9583333333333334	201680.67226890757
chr4	74920489	74920608	RNA8062	119	16	1.5631106521138698e-05	0.0	1.0	134453.78151260503
chr4	74920593	74920768	RNA8063	175	31	1.9441396679826972e-05	0.0	1.0	177142.85714285713
chr4	75127377	75127496	RNA8064	119	0				0.0
chr4	75127489	75127608	RNA8065	119	0				0.0
chr4	75160271	75160390	RNA8066	119	33	2.583284513644424e-05	0.0	1.0	277310.9243697479
chr4	75859274	75859449	RNA8067	173	48	4.1661679081997326e-05	7.353999990300508e-06	1.0	277456.6473988439
chr4	75904246	75904421	RNA8068	175	51	0.003490764331271579	1.4698500308440998e-05	0.9803921568627451	291428.5714285714
chr4	75904902	75905077	RNA8069	175	35	0.00010261170653912755	1.470159986638464e-05	1.0	200000.0
chr4	76008266	76008441	RNA8070	175	30	0.03594014974044815	1.4696799553348685e-05	0.9333333333333333	171428.57142857142
chr4	76009581	76009756	RNA8071	175	44	0.006822865777228958	1.469984999857843e-05	0.9545454545454546	251428.57142857145
chr4	76010482	76010657	RNA8072	175	46	0.0005311537867348045	1.470179995521903e-05	1.0	262857.14285714284
chr4	76010667	76010786	RNA8073	119	26	1.979088448513955e-05	1.4699799976369832e-05	1.0	218487.3949579832
chr4	76803309	76803484	RNA8074	174	24	0.04184458249574163	7.349250154220499e-06	0.875	137931.0344827586
chr4	79812294	79812413	RNA8075	119	15	1.1816093077258256e-05	0.0	1.0	126050.42016806723
chr4	80976916	80977091	RNA8076	175	29	4.4124166065710153e-05	1.4696799553348685e-05	1.0	165714.2857142857
chr4	81315672	81315749	RNA8077	77	18	8.983505722425497e-06	0.0	1.0	233766.23376623375
chr4	82045201	82045565	RNA8078	364	63	3.383767761988171e-05	1.4699399798701052e-05	1.0	173076.92307692306
chr4	83291162	83291293	RNA8079	131	26	6.935625774180905e-05	1.5139900369831594e-05	1.0	198473.28244274808
chr4	85113013	85113090	RNA8080	77	15	1.6658993323891055e-05	1.4697199731017465e-05	1.0	194805.19480519483
chr4	85429963	85430040	RNA8081	77	12	0.029903168380618187	1.469744984206045e-05	0.9166666666666666	155844.15584415584
chr4	85436511	85436588	RNA8082	77	12	0.00036991392486621343	0.0	1.0	155844.15584415584
chr4	85439942	85440019	RNA8083	77	29	7.601672380054691e-06	0.0	1.0	376623.3766233766
chr4	85449244	85449608	RNA8084	364	57	0.00047774862063657377	0.0	1.0	156593.4065934066
chr4	86817286	86817363	RNA8085	77	12	0.00018617028369286124	0.0	1.0	155844.15584415584
chr4	86817999	86818076	RNA8086	77	9	0.0010533005787591579	1.4698500308440998e-05	1.0	116883.11688311688
chr4	86818687	86818764	RNA8087	77	8	0.0002021268774114875	0.0	1.0	103896.1038961039
chr4	86822823	86823187	RNA8088	364	64	0.027052021329780015	1.4697250207973411e-05	0.96875	175824.17582417585
chr4	86875415	86875779	RNA8089	357	39	1.6748181783791202e-05	0.0	1.0	109243.6974789916
chr4	86875796	86876160	RNA8090	364	84	0.002365524119146093	1.4698300219606608e-05	0.9880952380952381	230769.23076923078
chr4	87141446	87141810	RNA8091	364	67	0.006283815244333068	0.0	0.9850746268656716	184065.93406593407
chr4	87142864	87143228	RNA8092	364	64	2.4589950257334162e-05	1.469744984206045e-05	1.0	175824.17582417585
chr4	87142991	87143355	RNA8093	364	72	0.00849825601752248	1.4698100130772218e-05	0.9722222222222222	197802.1978021978
chr4	87240739	87240816	RNA8094	77	19	9.286831587623487e-06	0.0	1.0	246753.24675324676
chr4	87291378	87291509	RNA8095	131	24	0.024421475415654943	0.0	0.9583333333333334	183206.106870229
chr4	87938401	87938765	RNA8096	364	67	0.00013929764854629325	0.0	1.0	184065.93406593407
chr4	88240531	88240662	RNA8097	131	17	0.00024380919619622018	1.469590006308863e-05	1.0	129770.9923664122
chr4	88242983	88243114	RNA8098	131	26	5.088119171257578e-06	0.0	1.0	198473.28244274808
chr4	88244944	88245075	RNA8099	131	32	0.004181230509288975	0.0	0.96875	244274.80916030533
chr4	88342271	88342402	RNA8100	131	23	0.0016511980992736785	1.4700700376124589e-05	1.0	175572.51908396944
chr4	88345327	88345458	RNA8101	131	24	0.011425632062241666	1.4698950053571025e-05	0.9583333333333334	183206.106870229
chr4	88378372	88378503	RNA8102	131	16	1.5624605964602414e-05	0.0	1.0	122137.40458015267
chr4	89235583	89235714	RNA8103	131	23	4.601478193090561e-05	1.4696799553348685e-05	1.0	175572.51908396944
chr4	89236133	89236210	RNA8104	77	29	6.387360873962829e-05	1.470200004405342e-05	1.0	376623.3766233766
chr4	91797001	91797365	RNA8105	364	81	0.0013519939306947692	0.0	0.9876543209876543	222527.4725274725
chr4	92170097	92170228	RNA8106	131	19	0.05271673331682042	0.0	0.9473684210526315	145038.1679389313
chr4	98681189	98681374	RNA8107	185	31	1.517365487210681e-05	1.4697199731017465e-05	1.0	167567.56756756757
chr4	101402691	101402876	RNA8108	185	41	0.0244042427301371	1.4697699953103438e-05	0.975609756097561	221621.62162162163
chr4	101403177	101403362	RNA8109	185	56	0.005088337055716295	1.4712400115968194e-05	0.9821428571428571	302702.7027027027
chr4	101404874	101405059	RNA8110	185	62	0.00031138389767288035	0.0	1.0	335135.13513513515
chr4	101408896	101409081	RNA8111	185	0				0.0
chr4	105125558	105125743	RNA8112	183	46	0.003802083330988943	1.4716450095875189e-05	0.9782608695652174	251366.12021857925
chr4	105125951	105126136	RNA8113	185	48	0.03836185560750967	7.348849976551719e-06	0.9583333333333334	259459.45945945947
chr4	105129421	105129606	RNA8114	185	26	1.2438573216618701e-05	0.0	1.0	140540.54054054056
chr4	105130111	105130296	RNA8115	185	33	1.9164945887025753e-05	0.0	1.0	178378.3783783784
chr4	105130434	105131372	RNA8116	938	183	0.012785991004117625	1.4697699953103438e-05	0.9781420765027322	195095.9488272921
chr4	107305954	107306038	RNA8117	84	20	1.2511775003076763e-05	1.4714550161443185e-05	1.0	238095.23809523808
chr4	107318961	107319899	RNA8118	938	189	0.012241105445971012	0.0	0.9841269841269841	201492.53731343284
chr4	107819320	107819505	RNA8119	185	39	0.00015460681110058278	1.4699799976369832e-05	1.0	210810.81081081083
chr4	108036344	108037282	RNA8120	935	189	0.027370138495325345	1.4704200111737007e-05	0.9682539682539683	202139.03743315508
chr4	108041857	108042795	RNA8121	938	98	0.012445283568839073	0.0	0.9591836734693877	104477.6119402985
chr4	108044483	108045421	RNA8122	938	151	0.014750910220628542	1.4696799553348685e-05	0.9801324503311258	160980.81023454157
chr4	108375244	108376182	RNA8123	938	172	0.022503377053612363	1.4697199731017465e-05	0.9651162790697675	183368.86993603414
chr4	108375886	108376824	RNA8124	938	178	0.0201132494688189	7.347950031544315e-06	0.9662921348314607	189765.45842217485
chr4	108378541	108379479	RNA8125	938	193	0.00946501512020489	0.0	0.9896373056994818	205756.92963752666
chr4	109328583	109329521	RNA8126	938	183	0.022351027574705896	1.469590006308863e-05	0.9672131147540983	195095.9488272921
chr4	110815260	110815344	RNA8127	84	20	0.0004731636672659025	1.4741449831490172e-05	1.0	238095.23809523808
chr4	110868372	110868456	RNA8128	84	15	1.1759233226863822e-05	1.4698999621032272e-05	1.0	178571.42857142858
chr4	110871125	110871209	RNA8129	84	22	1.2028663604723988e-05	0.0	1.0	261904.76190476192
chr4	110875797	110875881	RNA8130	84	25	0.11302098725656834	1.470200004405342e-05	0.88	297619.04761904763
chr4	112132024	112132108	RNA8131	84	18	1.2249016587399334e-05	0.0	1.0	214285.71428571426
chr4	112132262	112132346	RNA8132	84	13	0.07696491267821469	1.4697199731017465e-05	0.9230769230769231	154761.90476190476
chr4	112213126	112213210	RNA8133	84	16	0.00016901510844035973	1.4698549875902245e-05	1.0	190476.19047619047
chr4	112442622	112442779	RNA8134	153	32	0.0038784369907034428	1.4716500118083786e-05	0.96875	209150.3267973856
chr4	112690743	112691681	RNA8135	938	199	3.368659428870145e-05	1.4699399798701052e-05	1.0	212153.51812366737
chr4	113387117	113387201	RNA8136	84	10	8.819479899102588e-06	0.0	1.0	119047.61904761904
chr4	116358635	116358792	RNA8137	157	35	1.8899511711159258e-05	0.0	1.0	222929.9363057325
chr4	116607056	116607140	RNA8138	84	13	0.009207301846450149	1.4702900443808176e-05	0.9230769230769231	154761.90476190476
chr4	116607922	116608079	RNA8139	157	37	1.6294505430040154e-05	0.0	1.0	235668.7898089172
chr4	116608010	116608167	RNA8140	157	41	2.2591807353863533e-05	0.0	1.0	261146.49681528663
chr4	116614931	116615088	RNA8141	157	26	0.017342089872447376	0.0	0.9615384615384616	165605.09554140127
chr4	118270360	118270517	RNA8142	157	19	1.1607057977495347e-05	1.4698500308440998e-05	1.0	121019.10828025478
chr4	118270508	118270665	RNA8143	157	17	1.3836699776321825e-05	0.0	1.0	108280.25477707006
chr4	118271130	118271287	RNA8144	157	25	2.1755916022808656e-05	1.4698999621032272e-05	1.0	159235.6687898089
chr4	118370585	118370742	RNA8145	157	36	0.0012044098348522063	0.0	1.0	229299.36305732484
chr4	122372336	122372493	RNA8146	157	28	0.0057663292104085185	7.347549853875535e-06	0.9642857142857143	178343.94904458598
chr4	123969351	123969633	RNA8147	282	48	0.0015447520071537192	0.0	0.9791666666666666	170212.7659574468
chr4	127779556	127779838	RNA8148	282	38	7.194842096156598e-05	0.0	1.0	134751.7730496454
chr4	127780311	127780498	RNA8149	187	23	2.1090369836710606e-05	0.0	1.0	122994.65240641712
chr4	128224098	128224185	RNA8150	87	11	1.3363290814926255e-05	1.4698999621032272e-05	1.0	126436.78160919542
chr4	128265389	128265671	RNA8151	282	57	0.018978508303326518	0.0	0.9649122807017544	202127.65957446807
chr4	128265779	128266061	RNA8152	282	65	4.11619095617477e-05	1.4698500308440998e-05	1.0	230496.45390070922
chr4	128268184	128268466	RNA8153	282	48	0.03473728627189606	1.4696400285174605e-05	0.9583333333333334	170212.7659574468
chr4	128559889	128560171	RNA8154	282	49	5.2504664734216175e-05	1.4697699953103438e-05	1.0	173758.86524822694
chr4	128563108	128563390	RNA8155	282	56	2.391077709619496e-05	0.0	1.0	198581.56028368796
chr4	128571136	128571418	RNA8156	282	51	0.0029855221711983897	0.0	0.9803921568627451	180851.06382978725
chr4	129473133	129473415	RNA8157	282	53	0.018889587297877052	0.0	0.9811320754716981	187943.2624113475
chr4	129473383	129473471	RNA8158	88	19	1.0842199978804657e-05	1.4705399735248648e-05	1.0	215909.0909090909
chr4	130271742	130271819	RNA8159	77	9	0.0009953004606965497	1.470159986638464e-05	1.0	116883.11688311688
chr4	130877883	130878005	RNA8160	122	24	1.2253908342548433e-05	1.470460028940579e-05	1.0	196721.31147540984
chr4	131352994	131353181	RNA8161	187	67	0.052525796221553754	1.4697699953103438e-05	0.9253731343283582	358288.7700534759
chr4	132350030	132350117	RNA8162	87	14	5.888003806830455e-05	1.4702900443808176e-05	1.0	160919.54022988505
chr4	132478879	132479066	RNA8163	187	30	1.6251046569471418e-05	0.0	1.0	160427.807486631
chr4	132555131	132555318	RNA8164	178	37	0.03542249921517666	1.4728399946761783e-05	0.9459459459459459	207865.16853932585
chr4	132568535	132568722	RNA8165	187	26	1.1318411627420958e-05	0.0	1.0	139037.43315508022
chr4	132686136	132686323	RNA8166	187	37	0.022957779795138477	0.0	0.972972972972973	197860.96256684494
chr4	132700824	132701011	RNA8167	187	26	0.010644696658381192	0.0	0.9230769230769231	139037.43315508022
chr4	132759629	132759816	RNA8168	187	20	0.00010957512881759316	1.4705649846291635e-05	1.0	106951.871657754
chr4	133065071	133065158	RNA8169	87	20	3.3075250303224346e-05	1.4700300198455809e-05	1.0	229885.05747126436
chr4	133067742	133067829	RNA8170	87	16	9.204031300669158e-06	0.0	1.0	183908.0459770115
chr4	133070321	133070408	RNA8171	87	8	1.2862837365901214e-05	0.0	1.0	91954.02298850575
chr4	133209470	133209557	RNA8172	87	18	0.03032913922531102	1.4703950000694022e-05	0.8888888888888888	206896.55172413794
chr4	133211489	133211576	RNA8173	0	3	0.0	0.0	1.0	
chr4	133211981	133212273	RNA8174	275	44	0.0010416868999941025	1.4702450243930798e-05	1.0	160000.0
chr4	133240002	133240284	RNA8175	282	70	0.01475070042097286	0.0	0.9857142857142858	248226.95035460993
chr4	133240725	133240812	RNA8176	87	30	0.0013865906655155394	1.4695749996462837e-05	1.0	344827.5862068966
chr4	133601930	133602018	RNA8177	88	20	2.6490099980940897e-05	0.0	1.0	227272.72727272726
chr4	133667852	133668039	RNA8178	187	39	0.025650449184514656	0.0	0.9743589743589743	208556.1497326203
chr4	134330069	134330157	RNA8179	88	12	7.357049980782904e-06	0.0	1.0	136363.63636363635
chr4	134330191	134330278	RNA8180	87	11	0.053314747601523944	1.4698999621032272e-05	0.9090909090909091	126436.78160919542
chr4	134330217	134330305	RNA8181	88	15	1.0781260001143285e-05	0.0	1.0	170454.54545454544
chr4	134330223	134330300	RNA8182	77	14	1.155135000122495e-05	7.349499810516136e-06	1.0	181818.18181818182
chr4	134330249	134330337	RNA8183	88	18	1.2251661044299706e-05	7.349499810516136e-06	1.0	204545.45454545456
chr4	134640993	134641349	RNA8184	351	86	0.004278300305750861	1.4745749922440154e-05	0.9767441860465116	245014.245014245
chr4	134641135	134641223	RNA8185	83	23	0.01584894416602921	5.0932099838973954e-05	0.9130434782608695	277108.4337349398
chr4	134641718	134641806	RNA8186	88	9	1.9637544432448016e-05	1.4721899788128212e-05	1.0	102272.72727272728
chr4	134642051	134642207	RNA8187	156	38	0.053387852243998314	7.357250069617294e-06	0.9210526315789473	243589.7435897436
chr4	134646498	134646586	RNA8188	88	18	9.812522219160908e-06	7.354649824264925e-06	1.0	204545.45454545456
chr4	134901795	134901917	RNA8189	122	39	0.0513159715474103	1.4698500308440998e-05	0.9487179487179487	319672.131147541
chr4	135027841	135027918	RNA8190	77	20	2.278535575896665e-05	0.0	1.0	259740.2597402597
chr4	135102313	135102390	RNA8191	77	17	0.11765830920007027	0.0	0.8823529411764706	220779.22077922078
chr4	135103217	135103294	RNA8192	77	16	0.04360552025787001	0.0	0.9375	207792.2077922078
chr4	135146910	135146987	RNA8193	77	21	4.208623808413477e-05	0.0	1.0	272727.2727272727
chr4	135150056	135150133	RNA8194	77	20	0.03133824366750558	2.3813749976397958e-05	0.95	259740.2597402597
chr4	135167567	135167644	RNA8195	77	35	0.002067423266895012	1.4710600225953384e-05	0.9714285714285714	454545.45454545453
chr4	135541595	135541683	RNA8196	88	19	4.643373645912537e-06	0.0	1.0	215909.0909090909
chr4	135712430	135712552	RNA8197	122	24	2.572332493855006e-05	1.4698950053571025e-05	1.0	196721.31147540984
chr4	135819287	135819409	RNA8198	122	27	1.205746681349603e-05	0.0	1.0	221311.47540983607
chr4	135821750	135821872	RNA8199	122	18	0.0002245468760217227	1.4754500170965912e-05	1.0	147540.98360655736
chr4	135826131	135826208	RNA8200	77	12	9.078547365485008e-05	1.4721450042998185e-05	1.0	155844.15584415584
chr4	136397944	136398066	RNA8201	122	26	2.8297446498558867e-05	7.353999990300508e-06	1.0	213114.75409836063
chr4	136425574	136425696	RNA8202	122	24	0.009859125867061863	0.0	0.9583333333333334	196721.31147540984
chr4	136427695	136427817	RNA8203	122	27	0.07446316341510181	1.4708500202686992e-05	0.9259259259259259	221311.47540983607
chr4	136792245	136792367	RNA8204	122	25	0.008636094471221437	0.0	0.96	204918.03278688525
chr4	137377285	137377577	RNA8205	292	51	0.0009547000063499601	1.4698100130772218e-05	1.0	174657.53424657535
chr4	137538235	137538422	RNA8206	187	32	2.806789643727772e-05	0.0	1.0	171122.9946524064
chr4	137871283	137871575	RNA8207	292	58	0.00011408417445824717	0.0	1.0	198630.13698630137
chr4	137875277	137875569	RNA8208	292	54	0.00033905036835440137	0.0	1.0	184931.50684931505
chr4	137882068	137882360	RNA8209	292	62	0.016459427189543456	0.0	0.9838709677419355	212328.76712328766
chr4	137884052	137884139	RNA8210	87	26	0.0009344890947711646	1.471364976168843e-05	1.0	298850.5747126437
chr4	138243346	138243638	RNA8211	292	66	3.853766535636494e-05	1.4698300219606608e-05	1.0	226027.39726027395
chr4	138243427	138243719	RNA8212	292	62	0.00016857460857335545	1.4696549897053046e-05	1.0	212328.76712328766
chr4	138243432	138243788	RNA8213	356	69	0.00015317729028775594	1.4697199731017465e-05	1.0	193820.22471910113
chr4	138243604	138243760	RNA8214	156	27	0.00034026483495431875	0.0	1.0	173076.92307692306
chr4	138244681	138244973	RNA8215	292	48	0.01194353487342899	1.4697199731017465e-05	0.9583333333333334	164383.5616438356
chr4	139254754	139255046	RNA8216	289	72	0.05955698465241868	1.4706499769090442e-05	0.9166666666666666	249134.9480968858
chr4	139262442	139262798	RNA8217	356	66	0.00022595853631696873	1.4718000329594362e-05	1.0	185393.2584269663
chr4	139263303	139263659	RNA8218	356	1	1.4966900380386504e-05	1.4966900380386504e-05	1.0	2808.9887640449438
chr4	139265472	139265828	RNA8219	356	0				0.0
chr4	139478793	139479149	RNA8220	356	67	0.0013143304407080942	0.0	0.9850746268656716	188202.24719101124
chr4	139481697	139482053	RNA8221	356	68	0.002740620881749075	0.0	0.9852941176470589	191011.23595505618
chr4	139488083	139488439	RNA8222	356	49	2.2803061645903922e-05	0.0	1.0	137640.44943820225
chr4	139494649	139494805	RNA8223	156	32	2.6640115521553565e-05	1.469590006308863e-05	1.0	205128.20512820513
chr4	139495223	139495311	RNA8224	88	12	1.2247841444453419e-05	7.348399776674342e-06	1.0	136363.63636363635
chr4	139495379	139495535	RNA8225	156	33	9.710919212838206e-05	1.4697199731017465e-05	1.0	211538.46153846153
chr4	139495711	139495867	RNA8226	156	30	1.4208013393120685e-05	1.4696800008096034e-05	1.0	192307.6923076923
chr4	139649236	139649392	RNA8227	156	18	3.1043911096474e-05	0.0	1.0	115384.61538461539
chr4	139649964	139650120	RNA8228	156	21	0.00017358007118586685	1.4696799553348685e-05	1.0	134615.3846153846
chr4	139655231	139655308	RNA8229	77	13	5.766393979473622e-05	0.0	1.0	168831.16883116882
chr4	139661774	139661930	RNA8230	156	29	1.5732562195776282e-05	0.0	1.0	185897.4358974359
chr4	140432028	140432384	RNA8231	356	56	0.017984176078812194	0.0	0.9821428571428571	157303.37078651684
chr4	140618098	140618254	RNA8232	156	26	5.1464340580982843e-05	0.0	1.0	166666.66666666666
chr4	140844834	140844956	RNA8233	122	14	1.4699556946392736e-05	1.4698999621032272e-05	1.0	114754.09836065574
chr4	141213432	141213599	RNA8234	167	58	0.0007013755795516437	1.4698099676024867e-05	1.0	347305.3892215569
chr4	141284574	141284866	RNA8235	292	47	0.006926096158612708	1.4700700376124589e-05	0.9787234042553191	160958.90410958906
chr4	141291616	141291772	RNA8236	156	39	0.008471856036078692	0.0	0.9743589743589743	250000.0
chr4	141292999	141293355	RNA8237	356	99	0.040459729212615814	1.4700300198455809e-05	0.9595959595959596	278089.88764044945
chr4	145191617	145191784	RNA8238	165	32	3.0544834544342924e-05	0.0	1.0	193939.39393939395
chr4	145960568	145960735	RNA8239	167	37	0.008184040062981174	1.469509970775107e-05	0.9459459459459459	221556.88622754492
chr4	145961224	145961391	RNA8240	167	32	1.838234697970185e-05	0.0	1.0	191616.76646706587
chr4	145961623	145961790	RNA8241	167	30	2.9396510277968894e-05	1.4696349808218656e-05	1.0	179640.71856287424
chr4	146136526	146136693	RNA8242	167	36	2.8175652712684896e-05	0.0	1.0	215568.8622754491
chr4	146138353	146138520	RNA8243	167	29	2.3830213994469247e-05	0.0	1.0	173652.69461077845
chr4	146208515	146208682	RNA8244	167	37	0.027044507483756076	0.0	0.972972972972973	221556.88622754492
chr4	147318431	147318598	RNA8245	167	22	0.0015518960752325956	0.0	1.0	131736.5269461078
chr4	151087904	151088071	RNA8246	167	28	4.9356863915553766e-05	7.349499810516136e-06	1.0	167664.67065868262
chr4	169014894	169015062	RNA8247	168	24	7.043525439106012e-05	1.4698549875902245e-05	1.0	142857.14285714284
chr4	173073558	173073709	RNA8248	151	32	0.0004924663083158902	0.0	1.0	211920.5298013245
chr4	173077965	173078133	RNA8249	168	25	1.411938777891891e-05	1.4700300198455809e-05	1.0	148809.52380952382
chr4	173081885	173082145	RNA8250	260	42	2.4852237986902275e-05	0.0	1.0	161538.46153846156
chr4	173330199	173330367	RNA8251	168	28	0.0010786507698087764	7.348849976551719e-06	1.0	166666.66666666666
chr4	173330693	173330861	RNA8252	168	34	0.029446783828649018	0.0	0.9705882352941176	202380.9523809524
chr4	173331137	173331305	RNA8253	168	34	0.0008886942781400091	0.0	1.0	202380.9523809524
chr4	174228544	174228712	RNA8254	164	26	8.235942249694535e-06	0.0	1.0	158536.58536585365
chr4	174229457	174229625	RNA8255	168	31	0.0033942509676454617	0.0	0.967741935483871	184523.80952380953
chr4	174230240	174230408	RNA8256	168	28	1.2078464221430368e-05	7.35079993319232e-06	1.0	166666.66666666666
chr4	174549428	174549596	RNA8257	168	42	0.01284148671967548	1.4699799976369832e-05	0.9523809523809523	250000.0
chr4	176007653	176007804	RNA8258	151	22	1.4035336293587038e-05	1.4698999621032272e-05	1.0	145695.36423841058
chr4	176065596	176065669	RNA8259	73	14	5.145616517308444e-05	0.0	1.0	191780.8219178082
chr4	176279504	176279588	RNA8260	84	22	1.4705054540668657e-05	1.4700500287290199e-05	1.0	261904.76190476192
chr4	176797087	176797238	RNA8261	151	28	0.039131769734142695	0.0	0.9285714285714286	185430.46357615895
chr4	176797205	176797465	RNA8262	260	47	0.02327596016008062	1.4696400285174605e-05	0.9574468085106383	180769.23076923075
chr4	176798781	176798932	RNA8263	151	23	0.00019878506428421376	1.470159986638464e-05	1.0	152317.88079470198
chr4	176798980	176799131	RNA8264	151	15	0.06660003269068208	0.0	0.9333333333333333	99337.74834437085
chr4	177305873	177306024	RNA8265	151	27	0.006494588330227725	0.0	0.9629629629629629	178807.94701986754
chr4	177306726	177306877	RNA8266	151	19	3.40124997340902e-05	0.0	1.0	125827.81456953642
chr4	177307180	177307331	RNA8267	151	28	0.00012079174575773328	7.348399776674342e-06	1.0	185430.46357615895
chr4	177428528	177428788	RNA8268	260	43	0.02324760587527085	1.4696799553348685e-05	0.9767441860465116	165384.61538461538
chr4	177428750	177429010	RNA8269	260	37	0.0037718636813961707	1.4698500308440998e-05	0.972972972972973	142307.6923076923
chr4	177429136	177429304	RNA8270	168	23	2.2369286734429574e-05	1.4698999621032272e-05	1.0	136904.76190476192
chr4	177429630	177429781	RNA8271	151	42	0.07191919646257225	1.4709800325363176e-05	0.9285714285714286	278145.6953642384
chr4	177429777	177430037	RNA8272	258	53	0.07017701368765283	1.4705399735248648e-05	0.9245283018867925	205426.3565891473
chr4	178708732	178708992	RNA8273	260	0				0.0
chr4	178709096	178709435	RNA8274	339	96	0.03140013506270141	1.4698100130772218e-05	0.96875	283185.8407079646
chr4	178709140	178709400	RNA8275	260	77	0.01317400335090071	1.4698500308440998e-05	0.987012987012987	296153.8461538462
chr4	178709149	178709409	RNA8276	260	73	0.00019361230435406722	1.4698100130772218e-05	1.0	280769.23076923075
chr4	179003460	179003720	RNA8277	260	48	0.0022299476942938146	0.0	0.9791666666666666	184615.38461538462
chr4	179506562	179506643	RNA8278	81	22	1.3363322936625496e-05	0.0	1.0	271604.93827160494
chr4	179846695	179847040	RNA8279	345	83	0.02469033409914732	1.4698500308440998e-05	0.963855421686747	240579.71014492755
chr4	179895393	179895544	RNA8280	151	38	1.0446339370230756e-05	0.0	1.0	251655.62913907284
chr4	179903195	179903279	RNA8281	84	18	1.144272209785413e-05	7.353599812631728e-06	1.0	214285.71428571426
chr4	179906773	179906857	RNA8282	84	26	0.0482282266202324	0.0	0.9230769230769231	309523.8095238095
chr4	179909278	179909362	RNA8283	84	18	9.800588890761395e-06	0.0	1.0	214285.71428571426
chr4	179912178	179912251	RNA8284	73	15	0.03156573983602962	0.0	0.8666666666666667	205479.4520547945
chr4	179912398	179912482	RNA8285	84	21	0.015255877795815255	0.0	0.9523809523809523	250000.0
chr4	179916695	179916768	RNA8286	73	23	2.4954160677297045e-05	0.0	1.0	315068.4931506849
chr4	179918038	179918111	RNA8287	73	15	1.7639813449927827e-05	0.0	1.0	205479.4520547945
chr4	179918369	179918442	RNA8288	73	14	1.786119998671763e-05	7.349699899350526e-06	1.0	191780.8219178082
chr4	182820665	182820749	RNA8289	84	20	0.00021910000596107691	7.349250154220499e-06	1.0	238095.23809523808
chr4	182822060	182822216	RNA8290	156	31	4.267982272252527e-05	0.0	1.0	198717.94871794872
chr4	182822146	182822219	RNA8291	73	18	2.041532196825185e-05	1.4698100130772218e-05	1.0	246575.3424657534
chr4	182822856	182822940	RNA8292	84	19	0.0020020941644217673	1.4694200217491016e-05	1.0	226190.47619047618
chr4	182822941	182823020	RNA8293	79	18	0.009875565524402592	0.0	0.9444444444444444	227848.10126582277
chr4	182823138	182823211	RNA8294	73	11	1.4698782169116926e-05	0.0	1.0	150684.9315068493
chr4	182823487	182823571	RNA8295	84	21	0.007647066906299317	0.0	0.9523809523809523	250000.0
chr4	182823727	182824066	RNA8296	339	44	2.205003641558098e-05	0.0	1.0	129793.51032448378
chr4	182823907	182823991	RNA8297	84	9	7.840043346933201e-05	1.4700700376124589e-05	1.0	107142.85714285713
chr4	182824992	182825065	RNA8298	73	13	0.0009542458044681796	0.0	1.0	178082.19178082192
chr4	182825874	182825947	RNA8299	73	17	1.2968223392603891e-05	1.469509970775107e-05	1.0	232876.7123287671
chr4	182986398	182986658	RNA8300	260	48	0.0024443763345137373	1.4698950053571027e-05	0.9791666666666666	184615.38461538462
chr4	183376726	183377065	RNA8301	323	84	0.01982723868170632	0.0	0.9642857142857143	260061.91950464397
chr4	183456408	183456505	RNA8302	97	22	0.04548460896314117	0.0	0.9545454545454546	226804.12371134022
chr4	183458024	183458363	RNA8303	329	53	0.0175154220108901	1.4699399798701052e-05	0.9622641509433962	161094.22492401215
chr4	183458246	183458585	RNA8304	339	54	0.005059554646895435	0.0	0.9629629629629629	159292.03539823007
chr4	183513032	183513113	RNA8305	81	15	2.4497839694954708e-05	1.4697699953103438e-05	1.0	185185.18518518517
chr4	183577833	183578172	RNA8306	339	74	0.02069280732942118	0.0	0.9594594594594594	218289.08554572272
chr4	183578746	183579085	RNA8307	339	55	0.03638896771029646	1.4696799553348685e-05	0.9272727272727272	162241.88790560473
chr4	183602898	183603237	RNA8308	339	49	0.07654896392725685	0.0	0.8979591836734694	144542.77286135693
chr4	183623682	183624027	RNA8309	345	64	0.03125696976101722	1.4699399798701052e-05	0.9375	185507.24637681158
chr4	184384606	184384687	RNA8310	81	18	7.349716725002509e-06	0.0	1.0	222222.22222222222
chr4	184384758	184384839	RNA8311	81	22	0.00401862398021793	0.0	0.9545454545454546	271604.93827160494
chr4	184385531	184385612	RNA8312	81	12	8.572708262969778e-06	7.346900019911118e-06	1.0	148148.14814814815
chr4	184539828	184539909	RNA8313	81	0				0.0
chr4	184541481	184541820	RNA8314	339	0				0.0
chr4	184548099	184548180	RNA8315	81	65	8.07067542084929e-05	1.4772799659112934e-05	1.0	802469.1358024691
chr4	184627522	184627603	RNA8316	81	18	6.533166672145146e-06	0.0	1.0	222222.22222222222
chr4	184742468	184742813	RNA8317	345	58	1.748638795043824e-05	1.4698100130772218e-05	1.0	168115.9420289855
chr4	184742581	184742926	RNA8318	345	68	0.00014890958458207705	1.469744984206045e-05	1.0	197101.44927536233
chr4	184742835	184743180	RNA8319	345	59	0.00012554782477894612	1.469590006308863e-05	1.0	171014.49275362317
chr4	184856775	184857120	RNA8320	345	71	0.020347876943765508	1.4705399735248648e-05	0.9436619718309859	205797.10144927536
chr4	184861161	184861506	RNA8321	345	74	0.023934499455798362	0.0	0.9594594594594594	214492.7536231884
chr4	184866388	184867462	RNA8322	1074	245	0.028080500407594047	1.4697699953103438e-05	0.9591836734693877	228119.18063314713
chr4	184882204	184882586	RNA8323	382	86	0.0222312054322047	0.0	0.9651162790697675	225130.890052356
chr4	184983293	184983638	RNA8324	345	55	0.0021391442431029765	1.4698100130772218e-05	0.9818181818181818	159420.28985507245
chr4	185554048	185554129	RNA8325	81	14	1.8899849757352577e-05	1.4698999621032272e-05	1.0	172839.5061728395
chr4	186027427	186027772	RNA8326	345	72	0.013855222404736696	1.4699399798701052e-05	0.9861111111111112	208695.65217391303
chr4	186091258	186091331	RNA8327	73	20	0.0007092198465215821	1.4694850051455433e-05	1.0	273972.602739726
chr4	186260944	186261100	RNA8328	156	31	0.0004471762346046467	0.0	1.0	198717.94871794872
chr4	186264104	186264188	RNA8329	84	15	0.06667352587343582	0.0	0.9333333333333333	178571.42857142858
chr4	186558219	186558298	RNA8330	79	13	0.025224351361220424	0.0	0.9230769230769231	164556.96202531643
chr4	187087777	187087933	RNA8331	155	21	3.93996528838994e-05	1.470200004405342e-05	1.0	135483.87096774194
chr4	187135783	187135939	RNA8332	156	30	2.4988756619374215e-05	1.4696999642183075e-05	1.0	192307.6923076923
chr4	187135903	187136059	RNA8333	156	25	3.821095542661944e-05	0.0	1.0	160256.41025641028
chr4	187215415	187215571	RNA8334	156	43	0.0037423365798150685	1.4706700312672185e-05	0.9767441860465116	275641.0256410257
chr4	187215578	187215734	RNA8335	156	36	0.05537346032333011	1.4697699953103438e-05	0.9444444444444444	230769.23076923078
chr4	187215716	187215872	RNA8336	156	39	0.003922921960227722	1.4697699953103438e-05	0.9743589743589743	250000.0
chr4	187506099	187506178	RNA8337	79	0				0.0
chr4	187506220	187506299	RNA8338	76	0				0.0
chr4	187506634	187506713	RNA8339	79	0				0.0
chr4	187509799	187509896	RNA8340	97	8	3.6751750940311463e-06	0.0	1.0	82474.22680412371
chr4	187744709	187744788	RNA8341	78	0				0.0
chr4	187745496	187745575	RNA8342	79	0				0.0
chr4	187745862	187745941	RNA8343	79	10	2.940230024250923e-06	0.0	1.0	126582.27848101266
chr4	188204328	188204484	RNA8344	156	46	0.00014673140962575006	1.4702849966852227e-05	1.0	294871.7948717949
chr4	188351882	188351961	RNA8345	79	14	2.520471454252446e-05	7.349899988184916e-06	1.0	177215.18987341772
chr4	188352583	188353657	RNA8346	1072	193	0.007669540569231635	0.0	0.9896373056994818	180037.31343283583
chr4	188354294	188354633	RNA8347	339	64	5.5363775317116726e-05	1.4700500287290199e-05	1.0	188790.5604719764
chr4	188355311	188355408	RNA8348	97	16	0.0034976941123545636	0.0	0.9375	164948.45360824742
chr4	188356268	188356365	RNA8349	97	25	0.021462710940104445	1.563180012453813e-05	0.96	257731.95876288658
chr4	188356431	188356528	RNA8350	97	13	0.003548945627419293	1.4704200111737007e-05	1.0	134020.61855670103
chr4	189391718	189391815	RNA8351	97	23	0.011914674094402037	0.0	0.9565217391304348	237113.40206185565
chr4	189391755	189391852	RNA8352	97	19	3.017542061761946e-05	1.4697699953103438e-05	1.0	195876.28865979382
chr4	189391774	189391871	RNA8353	97	20	3.528116485539974e-05	7.348399776674342e-06	1.0	206185.56701030926
chr4	189396010	189396392	RNA8354	382	90	0.016798510541967616	1.4697199731017465e-05	0.9555555555555556	235602.0942408377
chr4	189508975	189509056	RNA8355	81	10	3.528128991092308e-05	1.470199958930607e-05	1.0	123456.79012345678
chr4	189606629	189606726	RNA8356	97	0				0.0
chr4	189761874	189762948	RNA8357	1067	203	0.019242338379505775	1.4696799553348685e-05	0.9753694581280788	190253.045923149
chr4	189762186	189763260	RNA8358	1074	204	0.017754098316844664	1.4696599919261644e-05	0.9754901960784313	189944.1340782123
chr4	189762190	189762572	RNA8359	382	68	0.014737659123672045	1.4696799553348685e-05	0.9852941176470589	178010.47120418848
chr4	189762217	189762599	RNA8360	382	71	0.014181398537428473	1.4696799553348685e-05	0.9859154929577465	185863.87434554973
chr4	189762248	189763322	RNA8361	1074	214	0.016930098887769415	1.4695950085297227e-05	0.9766355140186916	199255.12104283055
chr4	189763215	189763560	RNA8362	345	79	3.851174248746306e-05	0.0	1.0	228985.5072463768
chr4	189763316	189763698	RNA8363	382	73	2.5973982315315306e-05	0.0	1.0	191099.4764397906
chr4	189963855	189964237	RNA8364	382	0				0.0
chr4	189963933	189965007	RNA8365	1074	0				0.0
chr4	189964239	189965313	RNA8366	1071	0				0.0
chr4	189965241	189965623	RNA8367	379	0				0.0
chr4	189992685	189993067	RNA8368	382	0				0.0
chr4	190030164	190031238	RNA8369	931	0				0.0
chr4	190197844	190198226	RNA8370	0	0				
chr4	190200999	190201096	RNA8371	0	0				
chr4	190201300	190202374	RNA8372	0	0				
chr4	190203915	190204297	RNA8373	346	0				0.0
chr5	52021	52199	RNA8374	178	0				0.0
chr5	78536	78822	RNA8375	286	62	0.08037912337418206	0.0	0.9193548387096774	216783.21678321678
chr5	82299	82585	RNA8376	286	62	0.016263002809351276	1.4697900041937828e-05	0.9838709677419355	216783.21678321678
chr5	87478	87764	RNA8377	286	61	0.000576384379230863	0.0	1.0	213286.7132867133
chr5	531705	531991	RNA8378	286	60	0.0004519669544606577	1.4696400285174605e-05	1.0	209790.2097902098
chr5	532786	533072	RNA8379	286	78	0.0005388807337042667	1.469549988541985e-05	1.0	272727.2727272727
chr5	569670	569956	RNA8380	286	74	0.024718327746209193	1.469590006308863e-05	0.972972972972973	258741.25874125876
chr5	794596	794827	RNA8381	231	0				0.0
chr5	1451276	1451562	RNA8382	286	45	0.0001192156744865358	0.0	1.0	157342.65734265733
chr5	1777636	1777867	RNA8383	231	68	0.0015701498980701238	1.4697199731017465e-05	0.9852941176470589	294372.2943722944
chr5	1853165	1853396	RNA8384	222	58	0.02096344440600472	1.4720800209033769e-05	0.9655172413793104	261261.26126126124
chr5	1853558	1853789	RNA8385	231	55	2.7021254506750735e-05	0.0	1.0	238095.23809523808
chr5	1904188	1904419	RNA8386	231	0				0.0
chr5	1906088	1906319	RNA8387	230	0				0.0
chr5	1914265	1914496	RNA8388	231	0				0.0
chr5	2860546	2860777	RNA8389	231	53	0.0020223288753220643	0.0	0.9811320754716981	229437.22943722943
chr5	4025423	4025601	RNA8390	178	47	0.031128928456266598	1.4697699953103438e-05	0.9574468085106383	264044.9438202247
chr5	4339787	4339965	RNA8391	178	35	1.637921416528732e-05	0.0	1.0	196629.21348314607
chr5	4341833	4342119	RNA8392	286	59	0.0044469372466926956	1.4696799553348685e-05	0.9830508474576272	206293.70629370632
chr5	4342130	4342308	RNA8393	178	41	0.02508835118581972	1.4697199731017465e-05	0.975609756097561	230337.0786516854
chr5	4342846	4343024	RNA8394	178	39	0.0017462917694501757	1.469549988541985e-05	0.9743589743589743	219101.12359550563
chr5	5490267	5490597	RNA8395	330	66	5.96799584469147e-05	0.0	1.0	200000.0
chr5	5490294	5490472	RNA8396	178	35	1.385933410346933e-05	0.0	1.0	196629.21348314607
chr5	5490482	5490652	RNA8397	170	38	9.90114017440578e-05	1.4696400285174605e-05	1.0	223529.4117647059
chr5	5490520	5490698	RNA8398	178	39	2.4872428511089126e-05	0.0	1.0	219101.12359550563
chr5	5490523	5490701	RNA8399	178	39	3.014804403788143e-05	1.469549988541985e-05	1.0	219101.12359550563
chr5	6287889	6288067	RNA8400	178	22	8.686854429966347e-06	0.0	1.0	123595.50561797753
chr5	6838019	6838250	RNA8401	231	43	0.023264095562808507	0.0	0.9767441860465116	186147.18614718615
chr5	8522948	8523278	RNA8402	330	67	0.00012416056217343135	0.0	1.0	203030.30303030304
chr5	8935116	8935286	RNA8403	170	29	0.008926988137412483	1.4696400285174605e-05	0.9655172413793104	170588.23529411765
chr5	8986524	8986854	RNA8404	330	72	0.029575174710822057	0.0	0.9444444444444444	218181.81818181818
chr5	8989479	8989809	RNA8405	329	61	0.01865008123756718	1.4703299711982254e-05	0.9672131147540983	185410.33434650456
chr5	9000531	9000861	RNA8406	330	0				0.0
chr5	9555165	9555495	RNA8407	328	56	8.06926106763809e-05	1.4698749964736635e-05	1.0	170731.7073170732
chr5	9560736	9561066	RNA8408	312	47	6.483636002001325e-05	0.0	1.0	150641.02564102563
chr5	9606099	9606429	RNA8409	329	82	0.026762417554226238	1.4703699889651034e-05	0.926829268292683	249240.12158054713
chr5	9606274	9606444	RNA8410	169	36	0.02775187336679765	1.471799987484701e-05	0.9444444444444444	213017.75147928996
chr5	9606418	9606588	RNA8411	170	35	0.04858052257477539	1.4697199731017465e-05	0.9142857142857143	205882.35294117645
chr5	9607622	9607800	RNA8412	176	29	2.4388299764190183e-05	1.4698100130772218e-05	1.0	164772.72727272726
chr5	9608793	9608963	RNA8413	170	24	0.028752775121574814	7.3512001108611e-06	0.9583333333333334	141176.4705882353
chr5	10224278	10224448	RNA8414	170	39	0.003716763455416252	0.0	0.9743589743589743	229411.76470588235
chr5	10224344	10224514	RNA8415	170	39	0.00866657871558391	1.4700300198455809e-05	0.9487179487179487	229411.76470588235
chr5	10224395	10224541	RNA8416	146	38	0.012679536084760898	7.347549853875535e-06	0.9210526315789473	260273.9726027397
chr5	10224414	10224584	RNA8417	170	43	0.011204487416783414	0.0	0.9302325581395349	252941.17647058822
chr5	10561206	10561536	RNA8418	330	55	2.700257467618771e-05	1.4698100130772218e-05	1.0	166666.66666666666
chr5	10893777	10893947	RNA8419	170	31	2.6080484061700623e-05	1.4698100130772218e-05	1.0	182352.94117647057
chr5	11905346	11905526	RNA8420	180	47	3.002294631593534e-05	1.4697199731017465e-05	1.0	261111.11111111112
chr5	14083219	14083443	RNA8421	224	43	1.1964162758674721e-05	1.469549988541985e-05	1.0	191964.28571428574
chr5	14086443	14086563	RNA8422	120	17	0.02481048277230216	1.4699799976369832e-05	0.9411764705882353	141666.66666666666
chr5	14122637	14122967	RNA8423	330	68	0.012210364929989519	1.469744984206045e-05	0.9852941176470589	206060.60606060605
chr5	14128475	14128621	RNA8424	146	31	1.3277628773543015e-05	0.0	1.0	212328.76712328766
chr5	14704263	14704433	RNA8425	166	23	5.586820727488517e-05	1.4707199625263456e-05	1.0	138554.2168674699
chr5	15091652	15091798	RNA8426	146	28	7.876546403297522e-06	0.0	1.0	191780.8219178082
chr5	15104249	15104429	RNA8427	180	34	6.700790286498319e-05	1.4696549897053046e-05	1.0	188888.88888888888
chr5	15110976	15111122	RNA8428	146	25	0.040545145284122557	1.4697199731017465e-05	0.96	171232.87671232875
chr5	15111404	15111550	RNA8429	146	23	0.043494238287127264	1.4698500308440998e-05	0.9565217391304348	157534.24657534246
chr5	15496742	15496888	RNA8430	146	31	0.06453130328408142	1.4698999621032272e-05	0.9354838709677419	212328.76712328766
chr5	15497808	15497954	RNA8431	146	23	3.003772990663882e-05	1.4696799553348685e-05	1.0	157534.24657534246
chr5	15499007	15499153	RNA8432	146	20	0.0500058803450429	0.0	0.95	136986.301369863
chr5	15940356	15940437	RNA8433	81	23	2.0454787140211685e-05	0.0	1.0	283950.6172839506
chr5	16030165	16030345	RNA8434	180	38	1.8567678987318122e-05	0.0	1.0	211111.11111111112
chr5	16048422	16048602	RNA8435	180	39	0.033889619975991825	0.0	0.9487179487179487	216666.6666666667
chr5	16050553	16050733	RNA8436	180	32	0.009571096655292877	0.0	0.96875	177777.77777777778
chr5	16188242	16188422	RNA8437	178	34	0.04532658499995116	1.4700900010211626e-05	0.9117647058823529	191011.23595505618
chr5	16188302	16188482	RNA8438	180	24	2.022147058747672e-05	1.4696599919261644e-05	1.0	133333.33333333334
chr5	16254711	16254891	RNA8439	180	31	8.06160653977009e-06	0.0	1.0	172222.22222222222
chr5	16266272	16266418	RNA8440	146	21	5.5998619029104514e-05	0.0	1.0	143835.61643835617
chr5	16363402	16363522	RNA8441	120	18	0.00029481362616934033	1.4699199709866662e-05	1.0	150000.0
chr5	16364053	16364277	RNA8442	224	32	1.3784571933678767e-05	0.0	1.0	142857.14285714284
chr5	17394109	17394333	RNA8443	221	42	9.4885849843452e-05	0.0	1.0	190045.24886877826
chr5	17394673	17394853	RNA8444	180	40	0.0005504312283392197	0.0	1.0	222222.22222222222
chr5	17397748	17397972	RNA8445	224	49	9.59985301997964e-06	0.0	1.0	218750.0
chr5	17399793	17400017	RNA8446	216	52	0.012901302841800523	0.0	0.9807692307692307	240740.74074074073
chr5	17496446	17496670	RNA8447	224	45	0.044801488494502134	0.0	0.9555555555555556	200892.85714285716
chr5	17496697	17496921	RNA8448	224	29	1.926157234139968e-05	1.4698500308440998e-05	1.0	129464.28571428572
chr5	17583400	17583624	RNA8449	0	0				
chr5	17659817	17659937	RNA8450	120	0				0.0
chr5	17659967	17660087	RNA8451	120	0				0.0
chr5	17660906	17661026	RNA8452	120	0				0.0
chr5	17967943	17968063	RNA8453	120	18	1.3067866802884964e-05	1.469984999857843e-05	1.0	150000.0
chr5	17971307	17971427	RNA8454	120	25	0.008677942167887516	0.0	0.96	208333.33333333334
chr5	17985098	17985218	RNA8455	120	20	1.9948850285796697e-05	0.0	1.0	166666.66666666666
chr5	18776717	18776941	RNA8456	224	40	0.02766404432491072	0.0	0.95	178571.42857142858
chr5	18853926	18854046	RNA8457	120	22	0.0181278975443423	0.0	0.9545454545454546	183333.3333333333
chr5	19464292	19464373	RNA8458	81	19	0.031660098255997575	0.0	0.9473684210526315	234567.9012345679
chr5	19465604	19465750	RNA8459	146	27	1.034623326429735e-05	0.0	1.0	184931.50684931505
chr5	20584727	20584808	RNA8460	81	20	0.05015878586063991	0.0	0.95	246913.58024691357
chr5	20598238	20598319	RNA8461	80	14	5.144943549695963e-05	0.0	1.0	175000.0
chr5	20600373	20600454	RNA8462	81	18	5.961583838142714e-05	0.0	1.0	222222.22222222222
chr5	20947961	20948141	RNA8463	180	49	0.0003805342132033449	1.4714500139234588e-05	1.0	272222.2222222222
chr5	20949366	20949447	RNA8464	81	13	9.04651530548178e-06	0.0	1.0	160493.82716049382
chr5	20951412	20951493	RNA8465	81	15	0.000637271981031509	1.4702900443808176e-05	1.0	185185.18518518517
chr5	20951928	20952009	RNA8466	81	19	1.5494184385476584e-05	0.0	1.0	234567.9012345679
chr5	20964807	20965031	RNA8467	224	50	1.6755622018535455e-05	1.469590006308863e-05	1.0	223214.28571428574
chr5	20965801	20965882	RNA8468	81	11	2.5391909151618496e-05	1.4700700376124589e-05	1.0	135802.46913580247
chr5	22919163	22919283	RNA8469	120	22	1.419532699483775e-05	0.0	1.0	183333.3333333333
chr5	24272906	24273132	RNA8470	226	51	2.483286081377097e-05	1.4699399798701052e-05	1.0	225663.71681415927
chr5	25610432	25610513	RNA8471	81	20	0.003688037803476618	0.0	0.95	246913.58024691357
chr5	28216244	28216470	RNA8472	226	41	0.0009315012789224133	1.4698100130772218e-05	1.0	181415.92920353982
chr5	28305107	28305333	RNA8473	226	41	4.20542534434658e-05	0.0	1.0	181415.92920353982
chr5	28310388	28310614	RNA8474	226	42	8.995953649423914e-05	1.469984999857843e-05	1.0	185840.70796460178
chr5	28314271	28314497	RNA8475	226	57	0.017578173943946777	0.0	0.9824561403508771	252212.38938053098
chr5	29441966	29442192	RNA8476	226	52	0.029318122800060128	0.0	0.9423076923076923	230088.49557522123
chr5	29446854	29447080	RNA8477	226	0				0.0
chr5	29449597	29449823	RNA8478	223	35	0.00022488461480471244	1.4704200111737007e-05	1.0	156950.67264573992
chr5	30135406	30135632	RNA8479	226	56	0.036578424153325226	1.4709350125485798e-05	0.9642857142857143	247787.61061946902
chr5	31556050	31556173	RNA8480	122	18	2.2656066903431144e-05	0.0	1.0	147540.98360655736
chr5	31556753	31557107	RNA8481	354	60	0.00023106363852699643	7.348399776674342e-06	1.0	169491.5254237288
chr5	32124571	32124661	RNA8482	90	10	0.002339019062128499	1.469744984206045e-05	1.0	111111.11111111111
chr5	32468936	32469111	RNA8483	175	35	1.049937990111565e-05	0.0	1.0	200000.0
chr5	32853265	32853400	RNA8484	135	22	0.04547325353703193	0.0	0.9545454545454546	162962.96296296298
chr5	33468790	33469074	RNA8485	284	62	0.007866301262501721	0.0	0.967741935483871	218309.85915492955
chr5	34156196	34156422	RNA8486	226	0				0.0
chr5	34985180	34985303	RNA8487	123	25	0.04458273974774784	1.4698999621032272e-05	0.92	203252.03252032519
chr5	35245127	35245481	RNA8488	354	51	0.026196007510300073	1.469549988541985e-05	0.9607843137254902	144067.7966101695
chr5	35245240	35245329	RNA8489	89	13	6.785407654556016e-06	0.0	1.0	146067.4157303371
chr5	35614642	35614732	RNA8490	90	10	1.4701340205647284e-05	1.4699599887535442e-05	1.0	111111.11111111111
chr5	35885889	35886012	RNA8491	123	18	0.0005130750651005645	1.4708450180478394e-05	1.0	146341.46341463414
chr5	35901871	35901994	RNA8492	123	24	5.390427835057615e-05	0.0	1.0	195121.9512195122
chr5	35903021	35903144	RNA8493	123	22	8.685986234592168e-06	0.0	1.0	178861.78861788617
chr5	35941139	35941262	RNA8494	123	23	0.007959641824804147	1.4700300198455809e-05	0.9565217391304348	186991.86991869917
chr5	35946394	35946517	RNA8495	123	30	1.2249413460567848e-05	0.0	1.0	243902.43902439025
chr5	36024348	36024471	RNA8496	123	0				0.0
chr5	36074767	36075121	RNA8497	354	57	0.017623860410343407	0.0	0.9649122807017544	161016.94915254237
chr5	36078887	36079241	RNA8498	354	68	0.008394915160820075	0.0	0.9705882352941176	192090.395480226
chr5	36080980	36081334	RNA8499	354	60	0.01650985299896395	0.0	0.9833333333333333	169491.5254237288
chr5	36242604	36242779	RNA8500	175	30	1.2742879880534019e-05	1.4698950053571025e-05	1.0	171428.57142857142
chr5	36244037	36244391	RNA8501	354	57	0.0002827665056541036	0.0	1.0	161016.94915254237
chr5	36244910	36245264	RNA8502	353	72	3.7305080392492315e-05	0.0	1.0	203966.00566572236
chr5	36309815	36310169	RNA8503	354	72	1.9817052513340553e-05	0.0	1.0	203389.83050847458
chr5	36578457	36578547	RNA8504	90	13	0.012658982243080496	0.0	0.9230769230769231	144444.44444444444
chr5	36579668	36579758	RNA8505	90	14	1.4731078408658504e-05	1.470219967814046e-05	1.0	155555.55555555556
chr5	36581399	36581489	RNA8506	90	17	0.05947134217534339	1.4712400115968194e-05	0.9411764705882353	188888.88888888888
chr5	36725825	36725915	RNA8507	90	14	0.0009259898912594971	0.0	1.0	155555.55555555556
chr5	36733206	36733296	RNA8508	90	16	2.8480943626613234e-05	1.4698749964736635e-05	1.0	177777.77777777778
chr5	36826964	36827099	RNA8509	135	30	1.3233756756865963e-05	7.349050065386109e-06	1.0	222222.22222222222
chr5	36843543	36843633	RNA8510	90	15	7.841993283363991e-06	0.0	1.0	166666.66666666666
chr5	36859270	36859445	RNA8511	175	23	4.795714029687839e-05	0.0	1.0	131428.57142857142
chr5	36859564	36859739	RNA8512	175	30	6.3729966313985645e-06	0.0	1.0	171428.57142857142
chr5	36860099	36860453	RNA8513	354	55	0.018113885805111994	0.0	0.9818181818181818	155367.2316384181
chr5	36860620	36860795	RNA8514	175	25	4.126683998038061e-06	0.0	1.0	142857.14285714284
chr5	36860769	36860892	RNA8515	123	23	5.762199970891031e-06	0.0	1.0	186991.86991869917
chr5	37753918	37754008	RNA8516	90	19	0.0035192394664255986	1.4698100130772218e-05	0.9473684210526315	211111.11111111112
chr5	37753925	37754100	RNA8517	175	36	0.0018671763683262973	1.4698100130772218e-05	0.9722222222222222	205714.2857142857
chr5	37754022	37754157	RNA8518	135	26	1.978710021760262e-05	1.4696999642183075e-05	1.0	192592.59259259258
chr5	37754375	37754659	RNA8519	284	56	0.0052516945902750245	1.4698500308440998e-05	0.9821428571428571	197183.0985915493
chr5	37755398	37755573	RNA8520	175	32	0.035198081410072746	1.4698300219606608e-05	0.9375	182857.14285714287
chr5	37755564	37755739	RNA8521	175	47	0.021574327357194167	1.4696400285174605e-05	0.9787234042553191	268571.4285714286
chr5	37803672	37803807	RNA8522	135	33	0.0027428724855450455	0.0	0.9696969696969697	244444.44444444444
chr5	37805438	37805573	RNA8523	135	28	0.015365640665225196	7.348599865508732e-06	0.9642857142857143	207407.4074074074
chr5	38015926	38016061	RNA8524	135	37	0.02703735950809779	0.0	0.972972972972973	274074.0740740741
chr5	38018903	38019038	RNA8525	135	33	2.4497469563684416e-05	0.0	1.0	244444.44444444444
chr5	38022055	38022190	RNA8526	135	25	2.7042152287320232e-05	1.4697199731017465e-05	1.0	185185.18518518517
chr5	38190063	38191496	RNA8527	1433	255	0.00020679146560794917	0.0	1.0	177948.3600837404
chr5	38223799	38224083	RNA8528	284	56	0.01866006235289725	1.4696150174131617e-05	0.9821428571428571	197183.0985915493
chr5	38227956	38228240	RNA8529	284	54	0.001100438225623492	1.4697199731017465e-05	0.9814814814814815	190140.84507042254
chr5	38228760	38229044	RNA8530	284	48	8.268497898219115e-06	0.0	1.0	169014.08450704225
chr5	38243839	38244014	RNA8531	175	38	5.06737320680004e-05	0.0	1.0	217142.85714285713
chr5	38468548	38468832	RNA8532	284	83	5.719583122661083e-05	1.4696400285174605e-05	1.0	292253.5211267606
chr5	38468783	38469067	RNA8533	284	75	0.0007406082557160154	1.4697199731017465e-05	1.0	264084.5070422535
chr5	38469037	38469321	RNA8534	284	66	0.00026994945931095755	1.4698100130772218e-05	1.0	232394.3661971831
chr5	39088617	39088752	RNA8535	135	25	0.004617539334212778	0.0	0.96	185185.18518518517
chr5	39104399	39104488	RNA8536	89	19	0.00018798202467893539	0.0	1.0	213483.1460674157
chr5	39480790	39481074	RNA8537	284	48	0.0037211379916849744	1.4697699953103438e-05	0.9583333333333334	169014.08450704225
chr5	39495235	39495573	RNA8538	338	61	1.3975077025428974e-05	0.0	1.0	180473.3727810651
chr5	40169541	40169630	RNA8539	89	19	6.65762349135985e-05	0.0	1.0	213483.1460674157
chr5	40232225	40232314	RNA8540	89	21	3.151358101777179e-05	0.0	1.0	235955.05617977527
chr5	40238606	40238695	RNA8541	89	18	0.0004745752646360558	7.349050065386109e-06	1.0	202247.19101123596
chr5	40267945	40268034	RNA8542	89	11	1.2027609210979955e-05	0.0	1.0	123595.50561797753
chr5	40298877	40298966	RNA8543	89	0				0.0
chr5	40349582	40349671	RNA8544	89	18	0.055813630657161814	1.4696599919261644e-05	0.9444444444444444	202247.19101123596
chr5	40504906	40505029	RNA8545	123	24	3.73935173456549e-05	0.0	1.0	195121.9512195122
chr5	40506823	40507177	RNA8546	354	74	0.022676774052490294	0.0	0.972972972972973	209039.54802259887
chr5	41538191	41538280	RNA8547	89	16	6.430843825455668e-06	0.0	1.0	179775.2808988764
chr5	41724879	41724969	RNA8548	90	13	1.24377538668341e-05	1.4698100130772218e-05	1.0	144444.44444444444
chr5	42219402	42219577	RNA8549	175	44	0.015243874830151648	0.0	0.9772727272727273	251428.57142857145
chr5	42225145	42226578	RNA8550	1433	274	0.01569140644304268	1.4699399798701052e-05	0.9781021897810219	191207.25750174458
chr5	42752599	42754032	RNA8551	1433	277	0.010398171511649585	0.0	0.9819494584837545	193300.76762037684
chr5	42753531	42753815	RNA8552	284	47	1.9079465636557098e-05	0.0	1.0	165492.95774647887
chr5	42754089	42755522	RNA8553	1404	251	0.02770504945599903	0.0	0.9442231075697212	178774.9287749288
chr5	42754589	42756022	RNA8554	1400	250	0.025506561420166687	0.0	0.952	178571.42857142858
chr5	42756433	42756568	RNA8555	135	26	0.00012043513914669031	1.4696549897053046e-05	1.0	192592.59259259258
chr5	43558376	43558714	RNA8556	338	56	0.009249740005754703	1.469744984206045e-05	0.9821428571428571	165680.47337278107
chr5	43720132	43721565	RNA8557	1433	0				0.0
chr5	43726050	43727483	RNA8558	1433	297	0.005494487014950838	0.0	0.9865319865319865	207257.50174459175
chr5	43736902	43738335	RNA8559	1433	327	0.011951100035168803	0.0	0.9877675840978594	228192.60293091417
chr5	43858873	43860306	RNA8560	1433	295	0.01728584335737882	0.0	0.9830508474576272	205861.82833217026
chr5	43859300	43859638	RNA8561	338	76	0.013892434789221095	0.0	0.9868421052631579	224852.07100591718
chr5	43861984	43862322	RNA8562	338	72	1.205583873797771e-05	0.0	1.0	213017.75147928996
chr5	43868873	43869211	RNA8563	338	51	0.020204724429669453	0.0	0.9803921568627451	150887.57396449705
chr5	44855950	44856288	RNA8564	333	76	0.00024259797232604593	1.4696999642183075e-05	1.0	228228.22822822822
chr5	44856133	44856471	RNA8565	338	65	0.009190592466998517	1.469509970775107e-05	0.9846153846153847	192307.6923076923
chr5	44856162	44856500	RNA8566	338	64	0.009331209963420404	0.0	0.984375	189349.11242603548
chr5	45246137	45246226	RNA8567	89	25	5.586085095273584e-05	1.4697199731017465e-05	1.0	280898.8764044944
chr5	45706328	45706666	RNA8568	338	68	0.00012879822057744946	0.0	1.0	201183.43195266274
chr5	47175427	47176860	RNA8569	0	0				
chr5	49488974	49489312	RNA8570	0	0				
chr5	56488033	56488185	RNA8571	152	56	0.0881482514321468	1.469590006308863e-05	0.875	368421.05263157893
chr5	56974955	56975028	RNA8572	73	13	0.05112289846951731	1.4698999621032272e-05	0.9230769230769231	178082.19178082192
chr5	60568184	60568336	RNA8573	152	30	0.00027044985348159543	1.469764993089484e-05	1.0	197368.42105263157
chr5	60729093	60729166	RNA8574	73	13	0.07692759978453978	0.0	0.9230769230769231	178082.19178082192
chr5	61154813	61154965	RNA8575	152	32	7.811624925579963e-06	0.0	1.0	210526.31578947368
chr5	61155947	61156099	RNA8576	152	25	0.002290982441554653	1.4697699953103438e-05	0.96	164473.68421052632
chr5	61156205	61156357	RNA8577	152	22	0.0025567362707244468	1.4701350210089004e-05	0.9545454545454546	144736.84210526317
chr5	61551386	61551538	RNA8578	152	30	0.013017644278200654	7.347549853875535e-06	0.9666666666666667	197368.42105263157
chr5	61553614	61553766	RNA8579	152	38	2.050202625755998e-05	7.347950031544315e-06	1.0	250000.0
chr5	61561627	61561779	RNA8580	152	23	1.1504069650824102e-05	0.0	1.0	151315.7894736842
chr5	61581771	61581844	RNA8581	73	21	0.020343511317454006	1.4699399798701052e-05	0.9523809523809523	287671.23287671234
chr5	61584716	61584789	RNA8582	73	17	6.05142347066088e-06	0.0	1.0	232876.7123287671
chr5	61599092	61599165	RNA8583	73	10	0.10001028840997606	0.0	0.9	136986.301369863
chr5	61827012	61827085	RNA8584	73	11	4.142691002264367e-05	0.0	1.0	150684.9315068493
chr5	61827070	61827143	RNA8585	73	12	3.3074159318853326e-05	0.0	1.0	164383.5616438356
chr5	61843970	61844043	RNA8586	73	9	0.11112581548897854	1.4705399735248648e-05	0.8888888888888888	123287.6712328767
chr5	62272163	62272315	RNA8587	152	27	1.4155651755300167e-05	0.0	1.0	177631.57894736843
chr5	62303860	62303933	RNA8588	73	17	4.84098514147354e-05	1.469590006308863e-05	1.0	232876.7123287671
chr5	66191516	66191668	RNA8589	152	34	0.029434251209108076	1.469764993089484e-05	0.9705882352941176	223684.2105263158
chr5	66193951	66194024	RNA8590	73	6	7.360733434325084e-06	0.0	1.0	82191.7808219178
chr5	76382752	76382920	RNA8591	168	29	1.3716224202650119e-05	0.0	1.0	172619.0476190476
chr5	77977624	77977717	RNA8592	93	31	4.270131270341509e-05	1.4705399735248648e-05	1.0	333333.3333333333
chr5	79848115	79848283	RNA8593	160	46	0.021750360726025025	0.0	0.9782608695652174	287500.0
chr5	80369732	80369900	RNA8594	168	38	0.01177523140713195	1.469549988541985e-05	0.9736842105263158	226190.47619047618
chr5	80397761	80397929	RNA8595	168	31	0.029238950463408284	1.4728800124430563e-05	0.967741935483871	184523.80952380953
chr5	80402033	80402201	RNA8596	168	27	0.00015079042404302821	1.4694600395159796e-05	1.0	160714.28571428574
chr5	80543629	80543797	RNA8597	168	28	1.522248563950155e-05	1.4694850051455433e-05	1.0	166666.66666666666
chr5	80545826	80545994	RNA8598	168	26	0.04903617605882223	1.4697899587190477e-05	0.9230769230769231	154761.90476190476
chr5	80572638	80572806	RNA8599	168	28	0.005637342796392523	1.4699399798701052e-05	0.9642857142857143	166666.66666666666
chr5	81755294	81755462	RNA8600	168	18	5.06269347068962e-05	0.0	1.0	107142.85714285713
chr5	81927830	81927923	RNA8601	93	13	5.7674131242558823e-05	0.0	1.0	139784.94623655913
chr5	82764727	82764820	RNA8602	93	17	1.1250941283566027e-05	1.4703299711982254e-05	1.0	182795.6989247312
chr5	82793349	82793442	RNA8603	93	16	0.10090974356933202	7.349699899350526e-06	0.875	172043.0107526882
chr5	82805294	82805387	RNA8604	93	16	0.06240813104363952	7.347950031544315e-06	0.9375	172043.0107526882
chr5	83046198	83046291	RNA8605	93	15	7.839880102740912e-06	0.0	1.0	161290.32258064515
chr5	83047851	83047944	RNA8606	93	13	8.037252491003881e-05	0.0	1.0	139784.94623655913
chr5	83048669	83048762	RNA8607	93	17	5.794180721268062e-05	1.4699399798701052e-05	1.0	182795.6989247312
chr5	83862938	83863031	RNA8608	93	20	6.615035090362653e-06	0.0	1.0	215053.76344086023
chr5	85289300	85289468	RNA8609	162	34	0.0002428665558962858	0.0	1.0	209876.54320987655
chr5	86787180	86787273	RNA8610	93	22	0.04547859963192671	7.348399776674342e-06	0.9545454545454546	236559.13978494625
chr5	91368095	91368577	RNA8611	482	80	0.011682651887497283	7.349050065386109e-06	0.975	165975.10373443982
chr5	92984380	92984622	RNA8612	242	63	0.015796342314720352	0.0	0.9841269841269841	260330.57851239672
chr5	95636157	95636237	RNA8613	80	16	2.7568837822399617e-05	7.350549822149332e-06	1.0	200000.0
chr5	95645588	95646070	RNA8614	482	71	2.0497187442356328e-05	1.469549988541985e-05	1.0	147302.90456431537
chr5	95826191	95826673	RNA8615	482	86	0.01363648721185517	1.4698749964736635e-05	0.9767441860465116	178423.23651452284
chr5	95826763	95827245	RNA8616	482	92	0.012660305698526152	1.4697199731017465e-05	0.9782608695652174	190871.3692946058
chr5	95828092	95828574	RNA8617	482	89	0.018274867844932517	1.4696799553348685e-05	0.9550561797752809	184647.30290456433
chr5	97042020	97042502	RNA8618	482	113	0.01781802763858988	0.0	0.9823008849557522	234439.83402489626
chr5	97042119	97042601	RNA8619	482	102	0.009937675126187895	0.0	0.9901960784313726	211618.2572614108
chr5	97042838	97043080	RNA8620	242	50	0.00022107967877672645	7.349050065386109e-06	1.0	206611.57024793388
chr5	97043598	97044080	RNA8621	482	96	0.010498731149510826	0.0	0.9895833333333334	199170.12448132777
chr5	97048015	97048497	RNA8622	482	101	0.013650590926178235	1.4697199731017465e-05	0.9504950495049505	209543.56846473028
chr5	97062440	97062682	RNA8623	242	41	2.1869109642886208e-05	0.0	1.0	169421.48760330578
chr5	97064609	97064851	RNA8624	242	52	0.018218131995931443	1.47024002217222e-05	0.9807692307692307	214876.03305785125
chr5	97067572	97067814	RNA8625	242	47	0.02017402606792955	1.4698999621032272e-05	0.9787234042553191	194214.87603305784
chr5	97989271	97989513	RNA8626	242	56	0.0002725853011042955	1.471559971832903e-05	1.0	231404.95867768597
chr5	97992198	97992278	RNA8627	80	0				0.0
chr5	97992256	97992498	RNA8628	242	0				0.0
chr5	97994660	97994902	RNA8629	242	0				0.0
chr5	98822378	98822458	RNA8630	80	19	3.172911079959973e-05	1.4699799976369832e-05	1.0	237500.0
chr5	98852844	98853086	RNA8631	242	40	1.1398190599718944e-05	0.0	1.0	165289.2561983471
chr5	98853093	98853173	RNA8632	80	6	0.012370949000948407	1.4720350009156391e-05	0.8333333333333334	75000.0
chr5	98853541	98853621	RNA8633	80	10	0.0004081925063473994	1.4736250250280136e-05	1.0	125000.0
chr5	99004840	99004920	RNA8634	80	0				0.0
chr5	99010746	99010826	RNA8635	0	0				
chr5	99084925	99085005	RNA8636	80	12	2.2086041478056966e-05	1.4716250007040799e-05	1.0	150000.0
chr5	99805405	99805485	RNA8637	80	14	0.07815830826854965	1.4739499874849573e-05	0.8571428571428571	175000.0
chr5	100733970	100734452	RNA8638	482	104	0.004571299432060324	0.0	0.9807692307692307	215767.6348547718
chr5	102566793	102567035	RNA8639	242	46	0.04348368714780641	1.4724750144523568e-05	0.9565217391304348	190082.64462809917
chr5	104003391	104003471	RNA8640	80	21	0.03571039571181158	0.0	0.9047619047619048	262500.0
chr5	105696265	105696367	RNA8641	102	17	0.013217516891232012	0.0	0.9411764705882353	166666.66666666666
chr5	106539782	106540064	RNA8642	282	59	0.017889667252949052	0.0	0.9661016949152542	209219.85815602838
chr5	109208088	109208190	RNA8643	102	27	1.5246844533839244e-05	0.0	1.0	264705.8823529412
chr5	109685285	109685387	RNA8644	102	26	2.0359919080171984e-05	1.4698950053571025e-05	1.0	254901.9607843137
chr5	109685314	109685416	RNA8645	102	28	1.2601685836801022e-05	7.349050065386109e-06	1.0	274509.8039215687
chr5	109686383	109686485	RNA8646	102	16	5.146158912338541e-05	0.0	1.0	156862.74509803922
chr5	110771626	110771728	RNA8647	102	22	1.546516358013667e-05	7.39405004424043e-06	1.0	215686.27450980394
chr5	110779015	110779297	RNA8648	282	93	0.03227704842696943	0.0	0.967741935483871	329787.2340425532
chr5	110789416	110789518	RNA8649	102	20	1.2495945065890855e-05	0.0	1.0	196078.431372549
chr5	110790588	110790690	RNA8650	100	23	0.08736010623535707	0.0	0.9130434782608695	230000.0
chr5	110926025	110926127	RNA8651	102	0				0.0
chr5	110968667	110969016	RNA8652	349	77	0.01195398676263013	1.4698999621032272e-05	0.987012987012987	220630.37249283667
chr5	111494995	111495277	RNA8653	281	62	0.0001855507735971517	0.0	1.0	220640.5693950178
chr5	111495084	111495366	RNA8654	282	59	3.289555060276102e-05	1.470159986638464e-05	1.0	209219.85815602838
chr5	111495654	111495936	RNA8655	282	60	0.00019826718668506377	0.0	1.0	212765.95744680852
chr5	112117849	112117970	RNA8656	121	24	1.2862658309131803e-05	7.348849976551719e-06	1.0	198347.10743801654
chr5	112118477	112118759	RNA8657	282	58	4.207180314426021e-05	0.0	1.0	205673.7588652482
chr5	112121051	112121333	RNA8658	282	70	0.04485179848599208	7.349699899350526e-06	0.9428571428571428	248226.95035460993
chr5	112129754	112130036	RNA8659	282	80	0.0022464506354822277	1.4698300219606608e-05	0.9875	283687.94326241134
chr5	112704605	112704887	RNA8660	282	56	0.00039608662905266025	1.4696800008096034e-05	1.0	198581.56028368796
chr5	113608515	113608864	RNA8661	349	73	0.01377755753416239	1.4696799553348685e-05	0.9863013698630136	209169.05444126076
chr5	113609480	113609829	RNA8662	349	86	0.008939912391692919	0.0	0.9883720930232558	246418.33810888254
chr5	113609915	113610264	RNA8663	349	62	0.015615894014547757	0.0	0.967741935483871	177650.42979942693
chr5	113610293	113610642	RNA8664	349	72	0.023053124583018163	1.4698549875902245e-05	0.9583333333333334	206303.72492836678
chr5	113610949	113611051	RNA8665	102	19	0.040412825793426144	1.4699799976369832e-05	0.9473684210526315	186274.50980392157
chr5	116430777	116431126	RNA8666	349	101	0.01335000922877988	0.0	0.9702970297029703	289398.2808022922
chr5	116430977	116431326	RNA8667	349	79	0.004380876566180707	0.0	0.9746835443037974	226361.03151862463
chr5	116435444	116435529	RNA8668	85	20	8.085514991762466e-06	0.0	1.0	235294.11764705883
chr5	116435491	116435840	RNA8669	349	81	0.00877540173267469	0.0	0.9876543209876543	232091.69054441262
chr5	116436605	116436726	RNA8670	121	19	0.054552376853136686	1.4697199731017465e-05	0.8947368421052632	157024.79338842977
chr5	116440904	116441025	RNA8671	121	18	1.8779805436174178e-05	1.469724975322606e-05	1.0	148760.3305785124
chr5	116441229	116441350	RNA8672	121	36	0.027808809370400114	1.4698500308440998e-05	0.9722222222222222	297520.6611570248
chr5	116441290	116441411	RNA8673	121	35	0.028608805978495046	0.0	0.9714285714285714	289256.1983471074
chr5	116636939	116637060	RNA8674	121	33	0.039078741215923925	1.469590006308863e-05	0.9393939393939394	272727.2727272727
chr5	116647239	116647360	RNA8675	121	43	0.00030969494567871996	0.0	1.0	355371.90082644625
chr5	116710002	116710123	RNA8676	121	20	0.000417431027790364	0.0	1.0	165289.2561983471
chr5	116716803	116717085	RNA8677	282	59	0.04387041521506219	0.0	0.9322033898305084	209219.85815602838
chr5	117075697	117076046	RNA8678	349	67	0.028614789225725665	0.0	0.9701492537313433	191977.07736389685
chr5	117610000	117610121	RNA8679	121	20	0.005041036148304553	0.0	0.95	165289.2561983471
chr5	117722344	117722429	RNA8680	83	19	0.1053410838372943	1.4886700228089468e-05	0.8947368421052632	228915.6626506024
chr5	118828024	118828109	RNA8681	85	19	2.0113673408080724e-05	1.4697699953103438e-05	1.0	223529.4117647059
chr5	118993450	118993535	RNA8682	85	25	0.04001469926024583	1.4698100130772218e-05	0.96	294117.64705882355
chr5	118993996	118994081	RNA8683	85	17	0.05882871800001928	0.0	0.9411764705882353	200000.0
chr5	119403619	119403704	RNA8684	85	12	3.6748832978143278e-06	0.0	1.0	141176.4705882353
chr5	119414996	119415081	RNA8685	85	19	0.10620972315461442	1.4702900443808176e-05	0.8947368421052632	223529.4117647059
chr5	119417208	119417293	RNA8686	85	20	1.3965034804641619e-05	1.4698349787067855e-05	1.0	235294.11764705883
chr5	119773458	119773543	RNA8687	85	19	0.02916047315959172	1.4698999621032272e-05	0.9473684210526315	223529.4117647059
chr5	120461285	120461634	RNA8688	349	75	0.03057015697300812	1.4699399798701052e-05	0.9466666666666667	214899.71346704868
chr5	121560725	121560846	RNA8689	121	31	0.03238898168993112	1.470159986638464e-05	0.967741935483871	256198.347107438
chr5	124052746	124052831	RNA8690	85	23	0.08697314377826368	1.4703299711982254e-05	0.9130434782608695	270588.23529411765
chr5	127477885	127477997	RNA8691	107	0				0.0
chr5	127478004	127478077	RNA8692	73	15	9.025735974621295e-05	1.4715000361320564e-05	1.0	205479.4520547945
chr5	131242652	131242764	RNA8693	112	20	6.761613522030086e-05	0.0	1.0	178571.42857142858
chr5	131242847	131242920	RNA8694	73	8	7.166432362736294e-05	1.470159986638464e-05	1.0	109589.04109589041
chr5	131800447	131800559	RNA8695	112	18	3.7562361083264414e-05	7.349250154220499e-06	1.0	160714.28571428574
chr5	131802221	131802333	RNA8696	112	21	1.189814736876363e-05	0.0	1.0	187500.0
chr5	131802771	131802844	RNA8697	73	11	6.683118044747971e-06	0.0	1.0	150684.9315068493
chr5	131803118	131803191	RNA8698	73	11	1.737269113536141e-05	1.4698999621032272e-05	1.0	150684.9315068493
chr5	131805038	131805111	RNA8699	73	11	0.09091845211820658	1.4708900380355772e-05	0.9090909090909091	150684.9315068493
chr5	131806016	131806128	RNA8700	112	15	2.5475626474264655e-05	0.0	1.0	133928.57142857142
chr5	132738202	132738314	RNA8701	112	19	1.8578705461737317e-05	0.0	1.0	169642.85714285716
chr5	132738302	132738414	RNA8702	112	25	1.11850002213032e-05	0.0	1.0	223214.28571428574
chr5	132738570	132738682	RNA8703	112	18	7.185667800512737e-05	1.4698100130772218e-05	1.0	160714.28571428574
chr5	132738602	132738675	RNA8704	73	8	0.00015249100044910423	1.4699150142405415e-05	1.0	109589.04109589041
chr5	132739018	132739091	RNA8705	73	10	4.409209941513836e-06	0.0	1.0	136986.301369863
chr5	132739545	132739618	RNA8706	73	19	2.630397404189575e-05	0.0	1.0	260273.9726027397
chr5	133615157	133615269	RNA8707	112	20	2.7926689381273065e-05	7.347749942709925e-06	1.0	178571.42857142858
chr5	133615812	133615885	RNA8708	73	12	4.287076717446133e-05	7.347749942709925e-06	1.0	164383.5616438356
chr5	136101498	136101752	RNA8709	254	55	1.2828067387584353e-05	0.0	1.0	216535.43307086616
chr5	136973809	136973882	RNA8710	73	9	1.469892231398262e-05	1.4698100130772218e-05	1.0	123287.6712328767
chr5	136974808	136974920	RNA8711	112	20	2.4275415216834518e-05	2.206354974987335e-05	1.0	178571.42857142858
chr5	140045765	140045884	RNA8712	119	22	3.340743585960108e-05	0.0	1.0	184873.94957983194
chr5	140046546	140046800	RNA8713	254	2	7.359200026257895e-06	7.359200026257895e-06	1.0	7874.015748031496
chr5	140779692	140779946	RNA8714	254	26	1.6396877002147777e-05	0.0	1.0	102362.20472440944
chr5	140780422	140780676	RNA8715	254	50	0.009422934241192704	1.4698749964736635e-05	0.98	196850.39370078742
chr5	140780974	140781228	RNA8716	254	40	0.011761773293096663	1.469785001972923e-05	0.975	157480.3149606299
chr5	141652764	141653018	RNA8717	254	45	1.666686659720776e-05	0.0	1.0	177165.35433070865
chr5	141652798	141653052	RNA8718	254	44	0.008288887145206234	7.348399776674342e-06	0.9772727272727273	173228.3464566929
chr5	141652929	141653183	RNA8719	254	41	0.020841357818337593	0.0	0.9512195121951219	161417.32283464566
chr5	141717930	141718049	RNA8720	119	25	0.0013571255265560458	1.4698500308440998e-05	1.0	210084.03361344538
chr5	142194534	142194788	RNA8721	254	49	0.01520208964536453	0.0	0.9795918367346939	192913.38582677164
chr5	142196268	142196414	RNA8722	146	5	7.332516142923285e-05	4.4441800127970055e-05	1.0	34246.57534246575
chr5	142227605	142227724	RNA8723	119	18	0.05559148344910783	1.4696400285174605e-05	0.9444444444444444	151260.50420168065
chr5	142227835	142227954	RNA8724	119	0				0.0
chr5	142227974	142228093	RNA8725	119	0				0.0
chr5	142768267	142768386	RNA8726	119	18	8.98236652978489e-06	0.0	1.0	151260.50420168065
chr5	142768443	142768562	RNA8727	119	20	0.0008518784189163822	1.469549988541985e-05	1.0	168067.2268907563
chr5	142769944	142770063	RNA8728	119	18	3.104017287114068e-05	7.347549853875535e-06	1.0	151260.50420168065
chr5	143601584	143601703	RNA8729	119	38	4.022679269453973e-05	1.4696799553348685e-05	1.0	319327.73109243694
chr5	144067000	144067357	RNA8730	357	76	0.01326852451305919	1.4697699953103438e-05	0.9868421052631579	212885.15406162463
chr5	145858189	145858443	RNA8731	250	43	0.035033611133511895	1.4728800124430563e-05	0.9302325581395349	172000.0
chr5	146194523	146194669	RNA8732	146	15	0.0016220541156144357	1.4698500308440998e-05	1.0	102739.72602739725
chr5	147109693	147109839	RNA8733	146	34	0.006222852534740329	0.0	0.9705882352941176	232876.7123287671
chr5	147162597	147162743	RNA8734	146	20	0.05000881949968061	0.0	0.95	136986.301369863
chr5	147162866	147163012	RNA8735	146	21	3.499909014083303e-05	1.4698100130772218e-05	1.0	143835.61643835617
chr5	147388050	147388196	RNA8736	146	31	3.5086432005970814e-05	0.0	1.0	212328.76712328766
chr5	147388339	147388485	RNA8737	146	25	2.1165556099730526e-05	1.469549988541985e-05	1.0	171232.87671232875
chr5	147390125	147390271	RNA8738	146	15	0.0666803876601989	0.0	0.9333333333333333	102739.72602739725
chr5	147524038	147524157	RNA8739	119	22	3.409316836536901e-05	1.470434972361545e-05	1.0	184873.94957983194
chr5	147923856	147924213	RNA8740	357	62	0.0007435128876779525	0.0	1.0	173669.46778711485
chr5	147924801	147925158	RNA8741	357	67	0.01560435353647661	1.4696799553348685e-05	0.9850746268656716	187675.0700280112
chr5	147925878	147926024	RNA8742	145	34	6.625094973808663e-05	0.0	1.0	234482.75862068965
chr5	147934792	147935149	RNA8743	357	59	0.012094388887863577	0.0	0.9830508474576272	165266.10644257703
chr5	147936380	147936737	RNA8744	357	68	0.012955217108356008	0.0	0.9705882352941176	190476.19047619047
chr5	149138394	149138751	RNA8745	357	57	0.01756023843518051	0.0	0.9824561403508771	159663.86554621847
chr5	149139725	149140082	RNA8746	357	72	0.013937091940748457	0.0	0.9861111111111112	201680.67226890757
chr5	149139796	149140153	RNA8747	357	62	0.016184299269928985	0.0	0.9838709677419355	173669.46778711485
chr5	149457451	149457535	RNA8748	84	19	1.00574684677811e-05	0.0	1.0	226190.47619047618
chr5	150156192	150156549	RNA8749	357	87	0.011828164625627718	0.0	0.9885057471264368	243697.47899159664
chr5	151814006	151814152	RNA8750	146	21	0.01967503393786631	0.0	0.9523809523809523	143835.61643835617
chr5	153465235	153465319	RNA8751	84	17	0.05884773944709356	1.4697699953103438e-05	0.9411764705882353	202380.9523809524
chr5	153987225	153987309	RNA8752	84	18	0.03535613816908759	1.4698349787067855e-05	0.9444444444444444	214285.71428571426
chr5	153987254	153987611	RNA8753	357	58	1.5712475707347115e-05	0.0	1.0	162464.98599439778
chr5	153989184	153989268	RNA8754	84	15	2.645609341318095e-05	0.0	1.0	178571.42857142858
chr5	153989788	153989872	RNA8755	84	17	2.0756446996097935e-05	0.0	1.0	202380.9523809524
chr5	154650932	154651016	RNA8756	84	17	4.7562163993406965e-05	0.0	1.0	202380.9523809524
chr5	154652364	154652448	RNA8757	84	15	4.415100053543951e-05	1.4718900274601763e-05	1.0	178571.42857142858
chr5	154654409	154654493	RNA8758	84	8	1.102536259622866e-05	1.4700249721499858e-05	1.0	95238.09523809524
chr5	155425738	155425822	RNA8759	84	16	0.0025967891419327277	1.4717149952048203e-05	1.0	190476.19047619047
chr5	156793222	156793394	RNA8760	172	33	1.3362642290081044e-05	1.4698100130772218e-05	1.0	191860.46511627908
chr5	159308859	159308943	RNA8761	84	10	0.029278579066067324	0.0	0.9	119047.61904761904
chr5	159979369	159979541	RNA8762	172	31	3.9827818557473366e-05	0.0	1.0	180232.55813953487
chr5	160929807	160929979	RNA8763	172	39	0.020951329002575493	1.4696400285174605e-05	0.9487179487179487	226744.1860465116
chr5	160930553	160930725	RNA8764	172	35	9.659163047867229e-06	0.0	1.0	203488.37209302327
chr5	160930833	160931005	RNA8765	172	23	5.112517378027247e-06	0.0	1.0	133720.93023255814
chr5	160958115	160958287	RNA8766	172	29	0.0016520928019386218	0.0	1.0	168604.6511627907
chr5	160965350	160965522	RNA8767	172	42	3.6107229204518475e-05	1.470694996896782e-05	1.0	244186.0465116279
chr5	161023943	161024115	RNA8768	172	40	0.0005185433890119316	1.4699199709866662e-05	1.0	232558.13953488372
chr5	161266025	161266197	RNA8769	172	19	2.8635842155428397e-05	0.0	1.0	110465.11627906977
chr5	164291370	164291542	RNA8770	172	31	6.639177451189983e-06	0.0	1.0	180232.55813953487
chr5	168540989	168541064	RNA8771	75	12	1.7166024917962023e-05	0.0	1.0	160000.0
chr5	169356789	169357011	RNA8772	222	42	0.00029506113350223574	1.4696549897053046e-05	1.0	189189.1891891892
chr5	171600591	171600666	RNA8773	75	18	1.879506109818924e-05	1.4700500287290199e-05	1.0	240000.0
chr5	172537710	172537785	RNA8774	75	12	2.940944121595058e-05	0.0	1.0	160000.0
chr5	172538814	172538889	RNA8775	75	14	5.250114294800109e-06	0.0	1.0	186666.6666666667
chr5	172541985	172542060	RNA8776	75	14	1.049795738643817e-05	0.0	1.0	186666.6666666667
chr5	172575034	172575109	RNA8777	75	21	2.0312128331819883e-05	0.0	1.0	280000.0
chr5	172576071	172576146	RNA8778	75	24	0.001198571501239096	1.469529979658546e-05	1.0	320000.0
chr5	172586609	172586684	RNA8779	75	12	1.1025775014180303e-05	1.469984999857843e-05	1.0	160000.0
chr5	173341542	173341764	RNA8780	222	36	0.027804315869035336	7.347749942709925e-06	0.9722222222222222	162162.16216216216
chr5	173542384	173542459	RNA8781	68	12	5.201633181665481e-06	0.0	1.0	176470.58823529413
chr5	174261388	174261610	RNA8782	222	50	0.020240550550133775	0.0	0.98	225225.22522522524
chr5	174302979	174303201	RNA8783	222	55	0.005495560295309004	1.4696799553348685e-05	0.9818181818181818	247747.74774774775
chr5	174331645	174331867	RNA8784	222	28	1.1023650001464245e-05	0.0	1.0	126126.12612612611
chr5	174561164	174561386	RNA8785	222	49	5.339159212539587e-05	0.0	1.0	220720.7207207207
chr5	174561181	174561403	RNA8786	222	48	5.4197725300278756e-05	0.0	1.0	216216.21621621624
chr5	174628885	174629107	RNA8787	222	50	0.02049430039061917	0.0	0.98	225225.22522522524
chr5	175289916	175290125	RNA8788	209	46	0.0009006576936411341	1.4696799553348685e-05	1.0	220095.6937799043
chr5	175539614	175539836	RNA8789	222	0				0.0
chr5	176035752	176036562	RNA8790	808	288	0.004792008370388754	1.4693800039822236e-05	0.9930555555555556	356435.64356435643
chr5	176512582	176512725	RNA8791	143	39	1.8848487529909763e-05	0.0	1.0	272727.2727272727
chr5	177482182	177482257	RNA8792	75	19	8.046335321858198e-05	1.4698100130772218e-05	1.0	253333.33333333334
chr5	179019969	179020178	RNA8793	207	27	0.045640234855387395	0.0	0.9259259259259259	130434.78260869565
chr5	179379459	179379668	RNA8794	209	16	1.2860593869840755e-05	0.0	1.0	76555.02392344497
chr5	179379602	179379824	RNA8795	222	38	3.751860295826072e-05	1.4696400285174605e-05	1.0	171171.17117117118
chr5	179379708	179379917	RNA8796	209	27	1.1434151895594334e-05	1.4697199731017465e-05	1.0	129186.60287081341
chr5	179380260	179380469	RNA8797	209	53	0.019648288791410416	0.0	0.9811320754716981	253588.51674641148
chr5	179908168	179908377	RNA8798	209	45	0.00022599570149597456	0.0	1.0	215311.00478468902
chr5	179909209	179910019	RNA8799	810	148	0.03390404675035431	1.4694649962621043e-05	0.9662162162162162	182716.04938271604
chr5	179909272	179909481	RNA8800	209	33	0.03037521474961426	1.4698100130772218e-05	0.9696969696969697	157894.73684210525
chr5	179910748	179910957	RNA8801	209	39	0.00015947189188945355	1.4700300198455809e-05	1.0	186602.87081339714
chr5	180209426	180209569	RNA8802	143	65	0.011359837753382004	0.0	0.9846153846153847	454545.45454545453
chr5	180403723	180404533	RNA8803	808	162	0.013951874302850302	1.4700500287290199e-05	0.9814814814814815	200495.0495049505
chr5	180405094	180405904	RNA8804	810	139	0.0015764265669119342	1.4697199731017465e-05	0.9928057553956835	171604.93827160494
chr5	180408889	180409699	RNA8805	802	157	0.01311791166555884	0.0	0.9872611464968153	195760.59850374065
chr5	181061753	181062563	RNA8806	810	0				0.0
chr5	181061881	181062691	RNA8807	810	0				0.0
chr5	181062434	181062643	RNA8808	209	0				0.0
chr5	181062465	181063275	RNA8809	810	0				0.0
chr5	181084644	181084787	RNA8810	143	0				0.0
chr5	181174713	181174856	RNA8811	143	0				0.0
chr5	181175031	181175174	RNA8812	143	0				0.0
chr5	181468339	181468482	RNA8813	0	0				
chr5	181469610	181469753	RNA8814	0	0				
chr5	181471563	181471706	RNA8815	0	0				
chr6	83204	83802	RNA8816	0	0				
chr6	172820	173418	RNA8817	598	0				0.0
chr6	173808	174406	RNA8818	597	0				0.0
chr6	206415	207013	RNA8819	598	144	0.025180811117226965	1.4696599919261644e-05	0.9583333333333334	240802.67558528428
chr6	207545	208143	RNA8820	598	62	2.4448446222980936e-05	1.4698100130772218e-05	1.0	103678.92976588629
chr6	257015	257613	RNA8821	598	152	0.000585373786006318	1.469329981773626e-05	0.993421052631579	254180.60200668895
chr6	945033	945631	RNA8822	598	130	0.009229125469832625	0.0	0.9769230769230769	217391.30434782608
chr6	945078	945255	RNA8823	177	46	7.988147820509292e-06	0.0	1.0	259887.0056497175
chr6	946416	946593	RNA8824	177	35	0.03658142459717054	0.0	0.9142857142857143	197740.1129943503
chr6	947253	947430	RNA8825	177	41	0.024402077204729544	1.4697199731017465e-05	0.975609756097561	231638.41807909604
chr6	947321	947498	RNA8826	177	38	1.818507629841541e-05	0.0	1.0	214689.26553672316
chr6	2532881	2533058	RNA8827	177	42	0.001523467420567954	1.4702250155096408e-05	0.9761904761904762	237288.13559322036
chr6	2533462	2533639	RNA8828	177	26	0.0011194370898780209	1.4699600342282793e-05	1.0	146892.65536723164
chr6	2534743	2534920	RNA8829	177	27	1.088732214729707e-05	0.0	1.0	152542.37288135593
chr6	3486056	3486233	RNA8830	177	36	1.2251041779462765e-05	0.0	1.0	203389.83050847458
chr6	3487625	3487857	RNA8831	232	48	0.015728136321627062	1.4698950053571025e-05	0.9791666666666666	206896.55172413794
chr6	4167190	4167422	RNA8832	230	56	0.0038440939769738424	7.348399776674342e-06	0.9642857142857143	243478.26086956522
chr6	4168495	4168727	RNA8833	232	39	0.0006677476151544809	0.0	1.0	168103.44827586206
chr6	4169361	4169593	RNA8834	232	46	0.002846950725162729	0.0	0.9782608695652174	198275.86206896554
chr6	4960325	4960557	RNA8835	232	43	0.0068243579165683434	0.0	0.9767441860465116	185344.8275862069
chr6	4962118	4962350	RNA8836	232	59	9.975525322028879e-06	0.0	1.0	254310.34482758617
chr6	4971102	4971334	RNA8837	232	50	0.00043047511995609496	1.470025017624721e-05	1.0	215517.24137931032
chr6	4982030	4982628	RNA8838	598	92	0.0013508668978374748	1.4697699953103438e-05	0.9891304347826086	153846.15384615384
chr6	5829790	5830022	RNA8839	232	42	0.020681133423576754	0.0	0.9523809523809523	181034.4827586207
chr6	7066208	7066385	RNA8840	176	0				0.0
chr6	7589567	7589867	RNA8841	300	44	0.00830249521070734	0.0	0.9772727272727273	146666.66666666666
chr6	9490566	9490758	RNA8842	191	44	0.02288396825416715	1.4876200111757498e-05	0.9772727272727273	230366.49214659687
chr6	9494836	9495068	RNA8843	232	37	2.1057959620022583e-05	0.0	1.0	159482.75862068968
chr6	11410056	11410356	RNA8844	300	46	0.0068597118942228036	1.4699799976369832e-05	0.9782608695652174	153333.3333333333
chr6	12487353	12487653	RNA8845	300	47	0.00016643108268753825	1.4698500308440998e-05	1.0	156666.6666666667
chr6	12509602	12509794	RNA8846	192	28	0.07146860072816708	1.4789899978495669e-05	0.9285714285714286	145833.33333333334
chr6	12556733	12557033	RNA8847	300	46	1.980957823315574e-05	1.4696799553348685e-05	1.0	153333.3333333333
chr6	12563265	12563565	RNA8848	300	56	0.06635249282323587	0.0	0.9285714285714286	186666.6666666667
chr6	12587780	12588080	RNA8849	300	68	0.030198627338851272	7.348399776674342e-06	0.9705882352941176	226666.66666666666
chr6	12590494	12590794	RNA8850	300	57	1.2651659569215501e-05	0.0	1.0	190000.0
chr6	12591208	12591508	RNA8851	300	77	0.02599830128374024	0.0	0.974025974025974	256666.66666666666
chr6	13357245	13357437	RNA8852	191	26	2.9117057902806836e-05	1.469744984206045e-05	1.0	136125.6544502618
chr6	13357322	13357514	RNA8853	191	25	2.9100336214463564e-05	1.4697199731017465e-05	1.0	130890.05235602094
chr6	13357560	13357752	RNA8854	192	39	0.03982841243454552	0.0	0.9487179487179487	203125.0
chr6	13491365	13491557	RNA8855	192	36	0.006617456884568022	1.4696800008096034e-05	0.9722222222222222	187500.0
chr6	13496962	13497154	RNA8856	192	35	1.6806871306990545e-05	0.0	1.0	182291.66666666666
chr6	13560844	13561144	RNA8857	300	57	1.9342289449825093e-05	0.0	1.0	190000.0
chr6	13567196	13567388	RNA8858	192	29	2.1795275987922854e-05	1.4697699953103438e-05	1.0	151041.66666666666
chr6	14137172	14137364	RNA8859	192	47	0.02128816854021468	0.0	0.9787234042553191	244791.66666666666
chr6	16785460	16785692	RNA8860	232	35	1.0501999973451575e-05	0.0	1.0	150862.06896551725
chr6	17056290	17056590	RNA8861	300	66	0.0005142556106517064	1.4699150142405415e-05	1.0	220000.0
chr6	18267917	18268120	RNA8862	203	37	1.867305395166528e-05	0.0	1.0	182266.00985221675
chr6	18469120	18469312	RNA8863	190	33	0.0007403424292671361	1.4701099644298664e-05	1.0	173684.21052631582
chr6	20533451	20533683	RNA8864	230	35	0.028602510392062998	0.0	0.9714285714285714	152173.91304347827
chr6	21334480	21334712	RNA8865	232	31	1.896855836445734e-05	1.4696400285174605e-05	1.0	133620.6896551724
chr6	21334572	21334775	RNA8866	203	36	0.015966007931486576	1.4695950085297227e-05	0.9444444444444444	177339.90147783252
chr6	21336395	21336627	RNA8867	216	39	0.00031487811352584524	0.0	1.0	180555.55555555556
chr6	21338551	21338754	RNA8868	203	47	0.042629678102264035	0.0	0.9361702127659575	231527.0935960591
chr6	21338618	21338850	RNA8869	232	55	0.04065346455134369	0.0	0.9272727272727272	237068.9655172414
chr6	21338711	21338914	RNA8870	203	42	0.0072429709758104	0.0	0.9523809523809523	206896.55172413794
chr6	21339383	21339586	RNA8871	200	30	3.812355622964071e-05	1.4699199709866662e-05	1.0	150000.0
chr6	23823851	23824083	RNA8872	232	60	0.01677426508710293	0.0	0.9833333333333333	258620.68965517243
chr6	23824693	23824896	RNA8873	203	65	0.0048849485013376485	1.4700700376124589e-05	0.9846153846153847	320197.04433497536
chr6	23825919	23826122	RNA8874	203	50	1.9429801923250315e-05	1.4704200111737007e-05	1.0	246305.41871921183
chr6	23826678	23826910	RNA8875	232	65	0.00011988915178404963	1.4701099644298664e-05	1.0	280172.4137931034
chr6	23828936	23829168	RNA8876	232	67	0.014956624458842379	1.4699399798701052e-05	0.9850746268656716	288793.1034482759
chr6	23832105	23832308	RNA8877	203	47	1.0957229878451935e-05	0.0	1.0	231527.0935960591
chr6	23834307	23834539	RNA8878	232	55	3.454362487735007e-05	0.0	1.0	237068.9655172414
chr6	23834331	23834534	RNA8879	203	47	3.885673974783378e-05	0.0	1.0	231527.0935960591
chr6	23836682	23836829	RNA8880	147	45	1.6662286786109516e-05	1.4698500308440998e-05	1.0	306122.44897959183
chr6	23998458	23998693	RNA8881	235	40	0.01517378019671014	0.0	0.975	170212.7659574468
chr6	24361511	24361589	RNA8882	78	5	8.821719893603585e-06	1.4699799976369832e-05	1.0	64102.564102564094
chr6	25620700	25621045	RNA8883	345	64	0.00282818209686297	1.4696799553348685e-05	0.984375	185507.24637681158
chr6	26665114	26665530	RNA8884	414	0				0.0
chr6	26665388	26665521	RNA8885	131	0				0.0
chr6	26665798	26666089	RNA8886	291	0				0.0
chr6	26668248	26668440	RNA8887	192	0				0.0
chr6	26669485	26670025	RNA8888	540	0				0.0
chr6	26690163	26690310	RNA8889	0	0				
chr6	26835713	26835997	RNA8890	284	0				0.0
chr6	27166988	27167220	RNA8891	232	0				0.0
chr6	27593120	27593267	RNA8892	147	23	0.04353003866048232	1.4698500308440998e-05	0.9565217391304348	156462.5850340136
chr6	27636885	27637032	RNA8893	145	18	2.2086483517744877e-05	1.4733650004927767e-05	1.0	124137.93103448275
chr6	27637871	27638074	RNA8894	203	35	2.2259997032440842e-05	1.4697199731017465e-05	1.0	172413.7931034483
chr6	27638054	27638201	RNA8895	147	31	1.3751906408287386e-05	1.4698500308440998e-05	1.0	210884.3537414966
chr6	27856406	27856553	RNA8896	144	16	6.545699875459832e-06	0.0	1.0	111111.11111111111
chr6	27857779	27857926	RNA8897	147	21	0.0027812436536415915	0.0	0.9523809523809523	142857.14285714284
chr6	27860532	27860679	RNA8898	147	16	1.0108906053571741e-05	0.0	1.0	108843.53741496598
chr6	27985219	27985454	RNA8899	235	30	9.800723334289312e-06	0.0	1.0	127659.57446808509
chr6	28160476	28160746	RNA8900	270	40	0.0002642086762307342	1.469744984206045e-05	1.0	148148.14814814815
chr6	28223387	28223465	RNA8901	78	11	7.482932646366922e-05	1.4698999621032272e-05	1.0	141025.64102564103
chr6	28710325	28710472	RNA8902	147	27	3.1577607943386665e-05	0.0	1.0	183673.46938775512
chr6	28887221	28887456	RNA8903	235	59	0.008708296712831135	1.4696799553348685e-05	0.9830508474576272	251063.82978723402
chr6	28898038	28898116	RNA8904	76	16	0.06251931684971623	1.4746099623152986e-05	0.9375	210526.31578947368
chr6	28898390	28898468	RNA8905	78	20	0.00016541437166779337	0.0	1.0	256410.25641025638
chr6	28898437	28898672	RNA8906	235	44	0.0003843679873873674	1.4725349956279388e-05	1.0	187234.04255319148
chr6	28899113	28899348	RNA8907	235	53	0.009889928137025251	0.0	0.9811320754716981	225531.914893617
chr6	28899169	28899247	RNA8908	78	6	0.0017027832862671116	0.0	1.0	76923.07692307692
chr6	29337965	29338200	RNA8909	235	27	0.0002134105161193976	1.4697199731017465e-05	1.0	114893.6170212766
chr6	29339991	29340069	RNA8910	78	12	0.08334190939179582	0.0	0.9166666666666666	153846.15384615384
chr6	29341089	29341167	RNA8911	78	7	1.0505614357368489e-05	0.0	1.0	89743.58974358975
chr6	29341389	29341624	RNA8912	235	38	0.0024311077507407244	0.0	0.9736842105263158	161702.12765957447
chr6	29348768	29349003	RNA8913	235	35	0.0013637444605462494	0.0	1.0	148936.17021276595
chr6	29348942	29349020	RNA8914	78	9	4.572931255905061e-05	1.4697699953103438e-05	1.0	115384.61538461539
chr6	29512445	29512790	RNA8915	345	62	0.00812563421064741	1.4697900041937828e-05	0.967741935483871	179710.14492753622
chr6	29716133	29716701	RNA8916	557	0				0.0
chr6	29720747	29720880	RNA8917	133	0				0.0
chr6	29722438	29722630	RNA8918	157	0				0.0
chr6	30078138	30078373	RNA8919	235	40	0.009560207515482937	0.0	0.925	170212.7659574468
chr6	30172951	30173242	RNA8920	291	46	0.004782410548377017	1.469764993089484e-05	0.9782608695652174	158075.60137457043
chr6	30373256	30373334	RNA8921	78	9	0.05567347333302069	1.4705399735248648e-05	0.7777777777777778	115384.61538461539
chr6	30397348	30397693	RNA8922	345	0				0.0
chr6	30398335	30398751	RNA8923	416	0				0.0
chr6	30482543	30483083	RNA8924	540	87	0.05426441753207791	1.469509970775107e-05	0.9310344827586207	161111.11111111112
chr6	30504253	30504598	RNA8925	345	0				0.0
chr6	30507471	30507816	RNA8926	339	0				0.0
chr6	30534578	30534923	RNA8927	345	0				0.0
chr6	30535781	30536126	RNA8928	345	0				0.0
chr6	30539444	30539789	RNA8929	345	0				0.0
chr6	30556606	30556739	RNA8930	133	39	0.00012596110767704912	0.0	1.0	293233.0827067669
chr6	30556782	30556974	RNA8931	192	33	0.00033453563303213616	0.0	1.0	171875.0
chr6	30556944	30557077	RNA8932	133	31	0.00015980734479530687	1.4698500308440998e-05	1.0	233082.70676691728
chr6	30556966	30557158	RNA8933	192	39	0.00012778012026104846	1.4696400285174605e-05	1.0	203125.0
chr6	30557009	30557142	RNA8934	133	28	0.0001722046246348814	0.0	1.0	210526.31578947368
chr6	30557069	30557261	RNA8935	192	36	1.7967255442068118e-05	0.0	1.0	187500.0
chr6	30990145	30990337	RNA8936	192	32	0.001218184477750118	1.4698100130772218e-05	1.0	166666.66666666666
chr6	30990239	30990372	RNA8937	133	16	0.0018216494336797846	1.469744984206045e-05	1.0	120300.75187969924
chr6	30990940	30991224	RNA8938	284	62	0.0037888905945809674	1.470005008741282e-05	0.967741935483871	218309.85915492955
chr6	30991163	30991296	RNA8939	133	31	0.01200613697170821	1.4712800293636974e-05	0.9032258064516129	233082.70676691728
chr6	30991996	30992188	RNA8940	192	30	1.764063011554109e-05	0.0	1.0	156250.0
chr6	30992213	30992405	RNA8941	192	27	1.9193855627636435e-05	0.0	1.0	140625.0
chr6	30992568	30992701	RNA8942	124	0				0.0
chr6	31036875	31037415	RNA8943	540	103	0.03346623932577254	0.0	0.9611650485436893	190740.74074074073
chr6	31036974	31037265	RNA8944	291	53	0.03897069398624567	0.0	0.9622641509433962	182130.58419243986
chr6	31036980	31037271	RNA8945	291	53	0.03897069398624567	0.0	0.9622641509433962	182130.58419243986
chr6	31037031	31037315	RNA8946	284	49	0.02167123207997362	0.0	0.9795918367346939	172535.21126760563
chr6	31037773	31038064	RNA8947	291	42	0.00539334616072058	1.4697900041937828e-05	0.9761904761904762	144329.8969072165
chr6	31038535	31039075	RNA8948	540	93	0.032949966509848855	1.469590006308863e-05	0.967741935483871	172222.22222222222
chr6	31038543	31038959	RNA8949	416	69	0.04398152179912384	1.4698500308440998e-05	0.9565217391304348	165865.3846153846
chr6	31038695	31039235	RNA8950	540	86	0.005536609634376404	0.0	0.9883720930232558	159259.25925925927
chr6	31039052	31039336	RNA8951	284	46	0.01283636817867733	1.4697199731017465e-05	0.9565217391304348	161971.8309859155
chr6	31039909	31040193	RNA8952	284	49	0.020374494741636037	0.0	0.9591836734693877	172535.21126760563
chr6	31040178	31040523	RNA8953	342	52	0.026491486082862205	1.470654979129904e-05	0.9423076923076923	152046.78362573098
chr6	31040915	31041331	RNA8954	416	81	0.019824900218231446	1.470200004405342e-05	0.9629629629629629	194711.53846153847
chr6	31040933	31041349	RNA8955	415	81	0.019825476488603947	1.4703699889651034e-05	0.9629629629629629	195180.72289156626
chr6	32184336	32184528	RNA8956	192	31	0.0005040698952436753	1.4699799976369832e-05	1.0	161458.33333333334
chr6	32184439	32184709	RNA8957	270	52	0.020883356808676225	7.349899988184916e-06	0.9615384615384616	192592.59259259258
chr6	32190204	32190495	RNA8958	291	48	1.2385943705338713e-05	0.0	1.0	164948.45360824742
chr6	32190227	32190518	RNA8959	291	42	1.3089721375892228e-05	0.0	1.0	144329.8969072165
chr6	32190248	32190532	RNA8960	284	43	1.438949990653329e-05	0.0	1.0	151408.45070422534
chr6	32190297	32190581	RNA8961	284	41	0.005459847718489847	0.0	0.975609756097561	144366.1971830986
chr6	32190341	32190625	RNA8962	284	46	0.004871177831773818	0.0	0.9782608695652174	161971.8309859155
chr6	32190374	32190665	RNA8963	291	51	0.004394478042402124	0.0	0.9803921568627451	175257.7319587629
chr6	32190389	32190680	RNA8964	291	52	0.004310251587744808	0.0	0.9807692307692307	178694.1580756014
chr6	32224314	32224730	RNA8965	416	58	0.011666564579376544	1.4696400285174605e-05	0.9482758620689655	139423.07692307694
chr6	32224446	32224986	RNA8966	540	74	0.007971360423751411	1.4696400285174605e-05	0.972972972972973	137037.03703703705
chr6	32224751	32225167	RNA8967	416	54	0.0025305373756896983	1.4697199731017465e-05	1.0	129807.69230769231
chr6	32225114	32225654	RNA8968	537	85	0.014812278093278803	1.4699799976369832e-05	0.9529411764705882	158286.77839851024
chr6	32225281	32225821	RNA8969	537	99	0.022243349375972367	1.4699399798701052e-05	0.9292929292929293	184357.54189944133
chr6	32226046	32226462	RNA8970	413	80	0.014793173408122579	1.470460028940579e-05	0.9375	193704.6004842615
chr6	32226108	32226241	RNA8971	133	27	0.01022045663861111	1.470460028940579e-05	0.9259259259259259	203007.51879699246
chr6	32408648	32409064	RNA8972	416	58	0.0275052498948063	1.469744984206045e-05	0.9137931034482759	139423.07692307694
chr6	32455917	32456457	RNA8973	540	90	0.04578761475214478	1.4704999557579868e-05	0.8666666666666667	166666.66666666666
chr6	32707744	32707891	RNA8974	147	20	0.029581666694457436	1.4749899946764344e-05	0.75	136054.42176870749
chr6	32840014	32840298	RNA8975	284	32	5.009154065760255e-05	7.348849976551719e-06	1.0	112676.05633802817
chr6	33036661	33036931	RNA8976	270	38	0.02750544161469741	1.4698100130772218e-05	0.9736842105263158	140740.74074074076
chr6	33129510	33129780	RNA8977	270	40	0.07437723085556627	0.0	0.875	148148.14814814815
chr6	33130427	33130697	RNA8978	270	54	0.08421970151554585	1.4698100130772218e-05	0.8703703703703703	200000.0
chr6	33150274	33150544	RNA8979	270	39	0.0266888254765292	0.0	0.9743589743589743	144444.44444444444
chr6	33157835	33158105	RNA8980	270	47	0.039355900624073875	1.469590006308863e-05	0.9148936170212766	174074.07407407407
chr6	33247352	33247622	RNA8981	270	37	0.004003606795113471	0.0	0.972972972972973	137037.03703703705
chr6	33833516	33834084	RNA8982	567	92	0.014733575626114935	1.4696400285174605e-05	0.967391304347826	162257.4955908289
chr6	33833562	33833752	RNA8983	189	27	0.047674847950171774	1.4699399798701052e-05	0.9259259259259259	142857.14285714284
chr6	33833615	33833693	RNA8984	78	15	1.470035349484512e-05	0.0	1.0	192307.6923076923
chr6	33833748	33834316	RNA8985	568	103	0.003277632979677816	1.4696400285174605e-05	0.970873786407767	181338.02816901408
chr6	33833749	33833984	RNA8986	235	48	0.0014009662745024752	1.4696400285174605e-05	0.9791666666666666	204255.31914893616
chr6	33833780	33834348	RNA8987	568	100	0.0033731691590037304	1.4696400285174605e-05	0.97	176056.338028169
chr6	33833981	33834251	RNA8988	270	48	0.005823952592398491	1.4695950085297227e-05	0.9583333333333334	177777.77777777778
chr6	33833999	33834567	RNA8989	568	101	0.0065240316693108355	1.4696400285174605e-05	0.9702970297029703	177816.9014084507
chr6	35091768	35092336	RNA8990	568	112	0.00039791725585505656	0.0	1.0	197183.0985915493
chr6	35091817	35092385	RNA8991	568	115	0.00038868705527736306	0.0	1.0	202464.78873239437
chr6	35091830	35092398	RNA8992	568	113	0.0003947862066677865	0.0	1.0	198943.661971831
chr6	35429048	35429393	RNA8993	345	61	0.0028190035003956182	1.469509970775107e-05	0.9836065573770492	176811.59420289856
chr6	35430773	35430906	RNA8994	133	9	0.22327755816240824	1.4713199561811052e-05	0.7777777777777778	67669.17293233082
chr6	35750236	35750804	RNA8995	568	124	0.020088878684704933	1.4697050119139021e-05	0.967741935483871	218309.85915492955
chr6	35794619	35794811	RNA8996	177	51	0.012101500244937717	1.4696799553348685e-05	0.9803921568627451	288135.593220339
chr6	36113104	36113395	RNA8997	288	0				0.0
chr6	36236954	36237238	RNA8998	284	68	0.014775941168195188	1.4697699953103438e-05	0.9852941176470589	239436.61971830984
chr6	36237046	36237586	RNA8999	540	104	0.019262436662424633	7.347950031544315e-06	0.9807692307692307	192592.59259259258
chr6	36237233	36237649	RNA9000	416	73	0.013733469905935334	0.0	0.9863013698630136	175480.76923076922
chr6	37430397	37430587	RNA9001	189	37	0.006970594844165743	1.4706300135003405e-05	0.972972972972973	195767.19576719575
chr6	37742514	37742784	RNA9002	270	59	0.00024687949004701233	0.0	1.0	218518.51851851854
chr6	38165388	38165578	RNA9003	190	58	0.00014551742896369482	0.0	1.0	305263.15789473685
chr6	38166232	38166422	RNA9004	0	0				
chr6	38167617	38167807	RNA9005	190	51	0.00022626429410022142	0.0	1.0	268421.05263157893
chr6	39032487	39032677	RNA9006	190	40	0.03367882713507697	1.469590006308863e-05	0.95	210526.31578947368
chr6	39033569	39033759	RNA9007	190	31	0.0322898282216967	0.0	0.967741935483871	163157.8947368421
chr6	39034638	39034828	RNA9008	190	29	5.8800584658204045e-05	1.4698500308440998e-05	1.0	152631.57894736843
chr6	39037253	39037409	RNA9009	156	29	0.0001039892401642048	1.4704200111737007e-05	1.0	185897.4358974359
chr6	39037911	39038066	RNA9010	155	34	0.03188421422582371	1.4696800008096034e-05	0.9411764705882353	219354.83870967742
chr6	39292402	39292970	RNA9011	568	111	0.009055246031878978	1.469549988541985e-05	0.9819819819819819	195422.5352112676
chr6	39295115	39295305	RNA9012	190	30	0.05665406563493889	0.0	0.9333333333333333	157894.73684210525
chr6	42939968	42940123	RNA9013	155	30	1.2253763391828597e-05	0.0	1.0	193548.38709677418
chr6	42939998	42940154	RNA9014	156	30	1.7153753439437406e-05	1.4700950032420224e-05	1.0	192307.6923076923
chr6	43476751	43476941	RNA9015	190	39	0.0007527283618960904	0.0	1.0	205263.15789473685
chr6	43741832	43741988	RNA9016	155	17	0.03048064152998824	1.4698100130772218e-05	0.9411764705882353	109677.41935483871
chr6	43796329	43796484	RNA9017	155	31	3.271613217469307e-05	0.0	1.0	200000.0
chr6	43796449	43796604	RNA9018	155	34	1.815397346195813e-05	7.347549853875535e-06	1.0	219354.83870967742
chr6	43796472	43796628	RNA9019	156	34	0.022172396430585863	1.469569997425424e-05	0.9705882352941176	217948.71794871794
chr6	43796482	43796638	RNA9020	156	36	0.02094059662888665	1.469529979658546e-05	0.9722222222222222	230769.23076923078
chr6	43796507	43796662	RNA9021	155	40	0.01884800655855088	1.4696150174131617e-05	0.975	258064.51612903224
chr6	44241176	44241331	RNA9022	155	29	0.011378662448335266	0.0	0.9655172413793104	187096.7741935484
chr6	44241177	44241333	RNA9023	156	30	0.010997903373360407	0.0	0.9666666666666667	192307.6923076923
chr6	44241184	44241339	RNA9024	155	29	0.01137612668277017	0.0	0.9655172413793104	187096.7741935484
chr6	44241419	44241575	RNA9025	156	27	8.765854457763962e-05	0.0	1.0	173076.92307692306
chr6	44241471	44241626	RNA9026	155	35	0.005565755948321434	0.0	0.9714285714285714	225806.4516129032
chr6	44241612	44241768	RNA9027	155	35	0.0006248499025917084	0.0	1.0	225806.4516129032
chr6	44269094	44269250	RNA9028	156	25	1.881626812973827e-05	1.4698100130772218e-05	1.0	160256.41025641028
chr6	45687908	45688063	RNA9029	155	35	1.1758577082738546e-05	0.0	1.0	225806.4516129032
chr6	47630228	47631419	RNA9030	1191	231	0.017380397321790333	1.469509970775107e-05	0.974025974025974	193954.65994962215
chr6	48739190	48739346	RNA9031	0	10	3.2937679861788116e-05	1.855180016718805e-05	1.0	
chr6	48739940	48740095	RNA9032	155	0				0.0
chr6	49394066	49394368	RNA9033	302	67	2.589490885662316e-05	0.0	1.0	221854.3046357616
chr6	52089892	52089972	RNA9034	80	22	6.415797303236481e-05	7.349499810516136e-06	1.0	275000.0
chr6	52090040	52091231	RNA9035	1187	200	0.005449004656775285	1.4697199731017465e-05	0.99	168491.99663016008
chr6	52259868	52261059	RNA9036	1191	222	0.0026733569685708394	0.0	0.9864864864864865	186397.98488664988
chr6	52260529	52261720	RNA9037	1191	230	0.006683464449550858	1.469569997425424e-05	0.9869565217391304	193115.02938706966
chr6	52261864	52263055	RNA9038	1189	236	0.008652621296281934	0.0	0.9788135593220338	198486.1227922624
chr6	52658732	52659923	RNA9039	1191	222	0.01685158020708521	1.4696599919261644e-05	0.972972972972973	186397.98488664988
chr6	52658861	52660052	RNA9040	1191	219	0.017679844742902684	1.4697199731017465e-05	0.9680365296803652	183879.09319899246
chr6	52662775	52663966	RNA9041	1191	235	0.015760513631411933	0.0	0.9702127659574468	197313.18219983208
chr6	52999656	52999958	RNA9042	302	66	0.00015309197453571813	0.0	1.0	218543.0463576159
chr6	53925212	53926403	RNA9043	1191	190	0.010668071619300843	0.0	0.9894736842105263	159529.80688497063
chr6	53925728	53926030	RNA9044	302	61	0.03287151683774727	1.4699399798701052e-05	0.9672131147540983	201986.7549668874
chr6	53928251	53928553	RNA9045	302	57	0.017574263152789822	1.4697699953103438e-05	0.9649122807017544	188741.72185430463
chr6	53928998	53929300	RNA9046	302	41	0.04879303646827416	0.0	0.9512195121951219	135761.5894039735
chr6	54516986	54517288	RNA9047	301	51	0.019628966749277263	0.0	0.9803921568627451	169435.21594684385
chr6	54517774	54518076	RNA9048	301	54	8.725833159014858e-05	0.0	1.0	179401.99335548174
chr6	54519486	54519788	RNA9049	302	66	0.009073782242177746	1.470200004405342e-05	0.9696969696969697	218543.0463576159
chr6	54994212	54994514	RNA9050	302	74	0.01591754404788278	0.0	0.972972972972973	245033.11258278147
chr6	55900692	55900772	RNA9051	80	19	2.8627563168759265e-05	1.4699399798701052e-05	1.0	237500.0
chr6	56447216	56447296	RNA9052	80	16	7.354212527843629e-06	0.0	1.0	200000.0
chr6	56448852	56448932	RNA9053	80	11	1.8707745684050117e-05	1.4697199731017465e-05	1.0	137500.0
chr6	56451408	56451488	RNA9054	80	12	4.900341688577707e-06	0.0	1.0	150000.0
chr6	56954846	56954926	RNA9055	80	0				0.0
chr6	56954861	56954941	RNA9056	80	0				0.0
chr6	56954960	56955040	RNA9057	80	0				0.0
chr6	57311736	57312927	RNA9058	1146	182	0.016724086531702105	0.0	0.978021978021978	158813.26352530543
chr6	57885890	57885970	RNA9059	80	0				0.0
chr6	61609186	61609266	RNA9060	80	18	2.6948639667045275e-05	7.348849976551719e-06	1.0	225000.0
chr6	65720435	65720556	RNA9061	120	25	0.024227952313958658	1.472490021114936e-05	0.92	208333.33333333334
chr6	69391469	69391590	RNA9062	121	24	1.1636375006673916e-05	0.0	1.0	198347.10743801654
chr6	70321047	70321168	RNA9063	121	36	4.574340346152852e-05	1.4698300219606608e-05	1.0	297520.6611570248
chr6	70403412	70403533	RNA9064	121	15	7.838639915765573e-06	0.0	1.0	123966.94214876034
chr6	70403823	70403944	RNA9065	116	14	8.665471471301447e-06	1.4707799891766626e-05	1.0	120689.6551724138
chr6	70563715	70563836	RNA9066	121	33	2.449781216758244e-05	0.0	1.0	272727.2727272727
chr6	70565262	70565383	RNA9067	121	18	0.045484212756895834	0.0	0.9444444444444444	148760.3305785124
chr6	70566417	70566538	RNA9068	121	29	1.1150013741481135e-05	1.4696799553348685e-05	1.0	239669.4214876033
chr6	71479958	71480079	RNA9069	121	19	0.0526470578891971	0.0	0.9473684210526315	157024.79338842977
chr6	71522476	71522572	RNA9070	96	15	0.04400458885793341	1.4699399798701052e-05	0.8666666666666667	156250.0
chr6	73923307	73923428	RNA9071	121	39	0.04378611058858111	0.0	0.9487179487179487	322314.0495867768
chr6	75723331	75723427	RNA9072	96	25	1.4702484004370285e-05	0.0	1.0	260416.6666666667
chr6	76105869	76105965	RNA9073	96	0				0.0
chr6	76105955	76106051	RNA9074	96	0				0.0
chr6	76106037	76106133	RNA9075	96	0				0.0
chr6	77383732	77383828	RNA9076	96	23	1.2141478296341475e-05	0.0	1.0	239583.33333333334
chr6	77388838	77388934	RNA9077	96	24	0.00011593782918831697	0.0	1.0	250000.0
chr6	77390596	77390759	RNA9078	163	34	0.0005863723615274289	0.0	1.0	208588.9570552147
chr6	77398501	77398597	RNA9079	96	19	1.1613378965672583e-05	0.0	1.0	197916.66666666666
chr6	77607615	77607711	RNA9080	96	13	5.4303500222032854e-05	0.0	1.0	135416.66666666666
chr6	79625124	79625226	RNA9081	102	21	0.05078159860628754	1.4727999769093005e-05	0.9047619047619048	205882.35294117645
chr6	80577710	80577873	RNA9082	163	0				0.0
chr6	81438117	81438213	RNA9083	96	24	0.04167955474588325	1.4729300346516538e-05	0.9583333333333334	250000.0
chr6	81774044	81774207	RNA9084	163	21	8.33091283181677e-05	1.4698999621032272e-05	1.0	128834.35582822087
chr6	81774673	81774836	RNA9085	163	26	9.892446653863551e-05	0.0	1.0	159509.20245398773
chr6	81776399	81776562	RNA9086	162	33	0.030322020866371917	1.4741400264028924e-05	0.9696969696969697	203703.70370370368
chr6	82169481	82169644	RNA9087	163	28	0.0012079094615598553	0.0	1.0	171779.14110429448
chr6	82169522	82169685	RNA9088	163	27	0.0012308641855135482	0.0	1.0	165644.1717791411
chr6	82169531	82169694	RNA9089	163	24	0.0013834970420324038	0.0	1.0	147239.26380368098
chr6	82810880	82811043	RNA9090	163	28	2.5202342515377738e-05	1.4699200164614012e-05	1.0	171779.14110429448
chr6	83439222	83439324	RNA9091	102	25	0.040004116387826805	0.0	0.96	245098.03921568627
chr6	84249859	84249961	RNA9092	102	29	6.5882965420063685e-06	0.0	1.0	284313.7254901961
chr6	84263163	84263265	RNA9093	102	19	9.749467005205437e-05	0.0	1.0	186274.50980392157
chr6	84270406	84270508	RNA9094	102	16	9.190443620354927e-06	0.0	1.0	156862.74509803922
chr6	84681590	84681692	RNA9095	102	15	8.722633150075294e-05	1.4697699953103438e-05	1.0	147058.82352941178
chr6	84684220	84684322	RNA9096	102	19	0.024801378561852817	1.472490021114936e-05	0.9473684210526315	186274.50980392157
chr6	84685362	84685464	RNA9097	102	9	3.103335570306929e-05	1.470159986638464e-05	1.0	88235.29411764706
chr6	85496945	85497047	RNA9098	102	27	2.9392804242012277e-05	0.0	1.0	264705.8823529412
chr6	85504058	85504221	RNA9099	163	35	0.0002603917943945626	0.0	1.0	214723.9263803681
chr6	89360701	89360803	RNA9100	102	16	0.06832784325484907	0.0	0.875	156862.74509803922
chr6	91776703	91776783	RNA9101	80	12	0.0002576587522374418	1.4729499980603578e-05	1.0	150000.0
chr6	94973433	94973513	RNA9102	80	17	0.0011902083453926792	0.0	1.0	212500.0
chr6	95788025	95788105	RNA9103	80	20	8.10221004030609e-06	0.0	1.0	250000.0
chr6	95793903	95793983	RNA9104	80	21	0.04763585237573612	0.0	0.9523809523809523	262500.0
chr6	95808234	95808314	RNA9105	80	17	0.058833054488144736	1.4716300029249396e-05	0.9411764705882353	212500.0
chr6	96694446	96694526	RNA9106	80	21	0.020617189143194988	1.4700700376124589e-05	0.9047619047619048	262500.0
chr6	96695639	96695719	RNA9107	80	14	0.051885108753335116	0.0	0.8571428571428571	175000.0
chr6	96695654	96695734	RNA9108	80	15	0.024851929626674974	0.0	0.9333333333333333	187500.0
chr6	97141328	97141408	RNA9109	80	14	5.689792208482943e-05	0.0	1.0	175000.0
chr6	100355457	100355693	RNA9110	234	0				0.0
chr6	100476641	100476721	RNA9111	80	15	1.567824031856398e-05	0.0	1.0	187500.0
chr6	104066608	104066797	RNA9112	189	32	7.814465703859241e-06	0.0	1.0	169312.1693121693
chr6	104115973	104116209	RNA9113	236	0				0.0
chr6	105086976	105087212	RNA9114	236	56	0.00021391991495939871	0.0	1.0	237288.13559322036
chr6	105088978	105089214	RNA9115	236	38	3.0562921103023915e-05	1.4696599919261644e-05	1.0	161016.94915254237
chr6	105095607	105095843	RNA9116	236	44	0.0227416406613553	0.0	0.9772727272727273	186440.6779661017
chr6	105223313	105223549	RNA9117	236	41	0.02340417155467481	0.0	0.975609756097561	173728.81355932204
chr6	105223410	105223646	RNA9118	236	37	0.000879726157256439	1.4700300198455809e-05	1.0	156779.66101694916
chr6	105233871	105234060	RNA9119	189	31	3.746535745566663e-05	1.4697199731017465e-05	1.0	164021.164021164
chr6	105241799	105242035	RNA9120	236	41	8.68521028456643e-05	0.0	1.0	173728.81355932204
chr6	106330358	106330594	RNA9121	236	49	0.003987047718640364	1.4697699953103438e-05	0.9795918367346939	207627.11864406778
chr6	106668680	106668873	RNA9122	193	29	3.244026504097535e-05	1.4698999621032272e-05	1.0	150259.06735751295
chr6	106671020	106671209	RNA9123	189	33	8.288834432636294e-05	1.4700700376124589e-05	1.0	174603.1746031746
chr6	106673384	106673573	RNA9124	188	50	0.021514208138669336	7.357250069617294e-06	0.96	265957.44680851063
chr6	106673907	106674096	RNA9125	189	41	0.024412483085542606	1.4699799976369832e-05	0.975609756097561	216931.2169312169
chr6	107465726	107465915	RNA9126	189	35	1.2179111607629527e-05	0.0	1.0	185185.18518518517
chr6	107473065	107473254	RNA9127	189	30	1.5190916777402925e-05	0.0	1.0	158730.15873015873
chr6	107473377	107473566	RNA9128	189	26	0.0008532560026861281	1.4699149687658064e-05	1.0	137566.13756613756
chr6	107476436	107476907	RNA9129	471	70	0.028803882306341882	0.0	0.9714285714285714	148619.957537155
chr6	107701499	107701688	RNA9130	188	33	3.688209995522894e-05	1.4745800399396105e-05	1.0	175531.91489361704
chr6	108559124	108559234	RNA9131	110	25	1.7638479948800524e-05	1.4698100130772218e-05	1.0	227272.72727272726
chr6	110095085	110095321	RNA9132	236	56	9.187269613773554e-06	0.0	1.0	237288.13559322036
chr6	110567413	110567606	RNA9133	193	41	0.0005610073088441452	0.0	1.0	212435.23316062178
chr6	111035668	111036139	RNA9134	471	78	0.012844259458793554	7.348849976551719e-06	0.9871794871794872	165605.09554140127
chr6	111062792	111062985	RNA9135	187	50	0.029092901464355236	0.0	0.96	267379.67914438504
chr6	111067096	111067289	RNA9136	192	34	0.04028226857262245	1.4703550277772592e-05	0.9411764705882353	177083.33333333334
chr6	111068727	111068920	RNA9137	193	32	1.286299368530003e-05	0.0	1.0	165803.10880829016
chr6	111607055	111607248	RNA9138	193	30	0.0003386054491784278	1.4697900041937828e-05	1.0	155440.41450777202
chr6	111607405	111607490	RNA9139	85	10	0.10001029134991768	7.349699899350526e-06	0.9	117647.05882352941
chr6	111614983	111615176	RNA9140	193	28	1.049903227924785e-05	0.0	1.0	145077.72020725388
chr6	111657810	111658003	RNA9141	185	26	0.00012731130289886085	0.0	1.0	140540.54054054056
chr6	111658442	111658631	RNA9142	189	26	1.1874899987910445e-05	1.4698500308440998e-05	1.0	137566.13756613756
chr6	111880177	111880648	RNA9143	471	98	5.8348643812434474e-05	1.4696799553348685e-05	1.0	208067.94055201698
chr6	111893251	111893722	RNA9144	471	75	0.013772486043126262	1.469549988541985e-05	0.9866666666666667	159235.6687898089
chr6	111894507	111894978	RNA9145	471	62	0.01647874804670972	0.0	0.9838709677419355	131634.8195329087
chr6	111917141	111917612	RNA9146	471	2	1.4700700376124585e-05	1.4700700376124585e-05	1.0	4246.284501061571
chr6	111918986	111919457	RNA9147	471	0				0.0
chr6	112016488	112016959	RNA9148	471	94	0.021835092954548364	1.4698999621032272e-05	0.9680851063829787	199575.37154989384
chr6	112598966	112599076	RNA9149	110	25	7.056159993226174e-06	0.0	1.0	227272.72727272726
chr6	112609959	112610152	RNA9150	193	43	3.2142213819683935e-05	1.4700700376124589e-05	1.0	222797.9274611399
chr6	112665945	112666416	RNA9151	471	72	5.042931707066032e-05	1.4697699953103438e-05	1.0	152866.24203821656
chr6	112666713	112666823	RNA9152	110	34	0.000994963756645167	1.4708250091644004e-05	1.0	309090.90909090906
chr6	112670337	112670447	RNA9153	110	19	0.006711819879073057	1.4699399798701052e-05	0.9473684210526315	172727.27272727274
chr6	112685031	112685141	RNA9154	110	16	0.020775408750978386	0.0	0.9375	145454.54545454544
chr6	113591563	113591673	RNA9155	110	19	3.5582289408344375e-05	1.4696799553348685e-05	1.0	172727.27272727274
chr6	113595233	113595343	RNA9156	110	24	0.00042882627841815	7.349250154220499e-06	1.0	218181.81818181818
chr6	113603171	113603281	RNA9157	110	25	2.361097576795118e-05	0.0	1.0	227272.72727272726
chr6	114582822	114582932	RNA9158	110	24	0.04315310307435993	0.0	0.9583333333333334	218181.81818181818
chr6	115672061	115672146	RNA9159	85	22	0.04560892961089022	1.4705250123370206e-05	0.9545454545454546	258823.52941176473
chr6	115868670	115868755	RNA9160	85	12	2.4507583020749735e-06	0.0	1.0	141176.4705882353
chr6	115874512	115874597	RNA9161	85	17	1.3848341469009244e-05	0.0	1.0	200000.0
chr6	115876622	115876707	RNA9162	85	14	0.04497007043580326	1.469964990974404e-05	0.9285714285714286	164705.88235294117
chr6	116473947	116474032	RNA9163	85	11	8.28387642699944e-05	1.4699399798701052e-05	1.0	129411.76470588236
chr6	116489590	116489675	RNA9164	85	23	0.05658368834164043	1.4706300135003405e-05	0.9130434782608695	270588.23529411765
chr6	116564393	116564478	RNA9165	85	12	0.015590716147926285	0.0	0.9166666666666666	141176.4705882353
chr6	116567056	116567249	RNA9166	193	46	0.0001262293688183514	0.0	1.0	238341.9689119171
chr6	116845052	116845523	RNA9167	471	54	0.0001804670180852637	7.355100024142302e-06	1.0	114649.68152866242
chr6	117278005	117278090	RNA9168	85	16	6.799509327492373e-05	7.349699899350526e-06	1.0	188235.29411764705
chr6	117872889	117872999	RNA9169	110	11	2.6726736657355726e-05	0.0	1.0	100000.0
chr6	120292186	120292390	RNA9170	204	29	0.03454670101915514	1.4705899957334624e-05	0.9655172413793104	142156.86274509804
chr6	121452286	121452371	RNA9171	84	21	8.547757282767201e-06	0.0	1.0	250000.0
chr6	123693934	123694138	RNA9172	204	42	0.021912976450191007	7.348399776674342e-06	0.9761904761904762	205882.35294117645
chr6	123703771	123703975	RNA9173	204	40	0.023761172762033315	7.349499810516136e-06	0.975	196078.431372549
chr6	123706457	123706661	RNA9174	204	27	1.307154444576655e-05	1.4699399798701052e-05	1.0	132352.9411764706
chr6	123713569	123713773	RNA9175	204	30	0.00023964919085604593	0.0	1.0	147058.82352941178
chr6	125094993	125095197	RNA9176	204	29	0.015347380219219326	1.4699799976369832e-05	0.9655172413793104	142156.86274509804
chr6	125106989	125107193	RNA9177	204	34	7.782311593687422e-06	0.0	1.0	166666.66666666666
chr6	125107839	125108043	RNA9178	204	41	6.957009423874508e-05	0.0	1.0	200980.39215686274
chr6	125952807	125953011	RNA9179	204	38	1.2765373604019767e-05	0.0	1.0	186274.50980392157
chr6	128523992	128524394	RNA9180	402	73	0.01602613486010004	1.471840005251579e-05	0.9726027397260274	181592.03980099503
chr6	129736215	129736909	RNA9181	694	147	0.00038618418740680066	1.4697199731017465e-05	1.0	211815.56195965418
chr6	129949937	129950141	RNA9182	204	37	0.02161315435660071	1.4696400285174605e-05	0.972972972972973	181372.54901960783
chr6	130529503	130529702	RNA9183	199	45	0.022434200400675758	1.4698500308440998e-05	0.9777777777777777	226130.65326633168
chr6	132515169	132515571	RNA9184	402	78	0.02429852480134706	0.0	0.9615384615384616	194029.85074626867
chr6	132670117	132670210	RNA9185	93	17	3.116441830035219e-05	1.471759969717823e-05	1.0	182795.6989247312
chr6	133110078	133110480	RNA9186	402	92	0.0001809606298158268	0.0	1.0	228855.72139303485
chr6	133110574	133110705	RNA9187	131	24	3.4911924709977425e-05	0.0	1.0	183206.106870229
chr6	133115807	133116209	RNA9188	402	86	0.00023810998148947608	0.0	1.0	213930.34825870648
chr6	133119163	133119565	RNA9189	402	104	0.016294419856334424	0.0	0.9807692307692307	258706.46766169154
chr6	133119381	133120075	RNA9190	694	187	0.00916245892053642	1.4696400285174605e-05	0.9893048128342246	269452.4495677234
chr6	133121228	133121346	RNA9191	118	21	3.220151869580785e-05	1.4697699953103438e-05	1.0	177966.10169491524
chr6	134318277	134318465	RNA9192	188	35	0.028582769854490056	0.0	0.9714285714285714	186170.21276595743
chr6	134320408	134320810	RNA9193	399	87	2.0505019572986784e-05	1.4698100130772218e-05	1.0	218045.11278195487
chr6	134322256	134322658	RNA9194	402	80	0.0001743918640045186	0.0	1.0	199004.9751243781
chr6	134322258	134322660	RNA9195	402	79	0.00017659935595394288	0.0	1.0	196517.41293532337
chr6	134323201	134323501	RNA9196	299	65	2.4450878565679366e-05	1.471110044803936e-05	1.0	217391.30434782608
chr6	134328879	134329078	RNA9197	199	36	7.356997230090201e-06	0.0	1.0	180904.52261306535
chr6	134330249	134330943	RNA9198	692	108	0.0013038171627562799	1.4700700376124589e-05	0.9814814814814815	156069.36416184972
chr6	134331059	134331753	RNA9199	694	125	0.00803728173982381	0.0	0.992	180115.27377521613
chr6	134331766	134332460	RNA9200	684	128	4.628279475582164e-05	0.0	1.0	187134.5029239766
chr6	134904830	134905232	RNA9201	402	153	3.0840235387370046e-05	1.469549988541985e-05	1.0	380597.01492537314
chr6	134906480	134907174	RNA9202	694	160	2.903819303128215e-05	1.4695050140289823e-05	1.0	230547.55043227665
chr6	134906926	134907620	RNA9203	570	115	0.008738669296184049	1.4699799976369832e-05	0.991304347826087	201754.38596491228
chr6	134907229	134907923	RNA9204	267	46	0.021826213586099697	1.4723650110681774e-05	0.9782608695652174	172284.64419475655
chr6	135277425	135277624	RNA9205	199	47	2.0040978520129465e-05	0.0	1.0	236180.90452261307
chr6	135278354	135279048	RNA9206	694	126	0.0009467938453737903	0.0	0.9920634920634921	181556.19596541786
chr6	135279007	135279206	RNA9207	199	40	0.02471369049419536	1.4766299955226714e-05	0.975	201005.02512562816
chr6	135279019	135279218	RNA9208	199	41	0.02411127682601701	1.474009968660539e-05	0.975609756097561	206030.15075376886
chr6	136293526	136293725	RNA9209	199	0				0.0
chr6	136293621	136293820	RNA9210	199	0				0.0
chr6	136294715	136294914	RNA9211	199	0				0.0
chr6	136556274	136556367	RNA9212	93	17	2.2491771126034163e-05	1.4698500308440998e-05	1.0	182795.6989247312
chr6	136794553	136794752	RNA9213	199	29	0.021347376284775864	1.4701099644298664e-05	0.9655172413793104	145728.64321608038
chr6	136938853	136938971	RNA9214	118	23	8.343786999909714e-06	0.0	1.0	194915.25423728814
chr6	136943301	136943432	RNA9215	131	22	6.013095447666604e-06	0.0	1.0	167938.93129770993
chr6	137558917	137559010	RNA9216	93	26	6.389030718659466e-05	1.4699600342282793e-05	1.0	279569.89247311826
chr6	137648032	137648125	RNA9217	93	19	0.007128606439915812	1.469590006308863e-05	0.9473684210526315	204301.07526881722
chr6	137650712	137650805	RNA9218	93	14	0.01958558108773493	1.4698549875902245e-05	0.9285714285714286	150537.63440860214
chr6	137652503	137652803	RNA9219	300	76	0.00943724164035062	0.0	0.9736842105263158	253333.33333333334
chr6	137793028	137793121	RNA9220	93	17	5.1882235471994675e-06	0.0	1.0	182795.6989247312
chr6	137794163	137794351	RNA9221	188	48	0.00037691781479527866	1.4696150174131617e-05	1.0	255319.14893617018
chr6	137794896	137794989	RNA9222	93	13	1.2437246158907119e-05	1.4696799553348685e-05	1.0	139784.94623655913
chr6	137796883	137796976	RNA9223	93	19	0.00010212391570300172	0.0	1.0	204301.07526881722
chr6	137814567	137814685	RNA9224	118	24	0.005707523167416181	1.4696599919261644e-05	0.9583333333333334	203389.83050847458
chr6	137815098	137815229	RNA9225	131	27	0.0009767548586683747	1.4697699953103438e-05	1.0	206106.87022900765
chr6	137911463	137911594	RNA9226	131	27	0.03712088117131147	0.0	0.9629629629629629	206106.87022900765
chr6	137917610	137917728	RNA9227	118	27	0.03700000920165351	1.4698999621032272e-05	0.9629629629629629	228813.5593220339
chr6	137917925	137918056	RNA9228	131	24	0.00014271285363065046	1.4696549897053046e-05	1.0	183206.106870229
chr6	137919571	137919689	RNA9229	118	28	0.03574211457524662	0.0	0.9642857142857143	237288.13559322036
chr6	138069787	138069905	RNA9230	118	16	0.026461371959783264	1.4697699953103438e-05	0.9375	135593.22033898305
chr6	138069846	138069977	RNA9231	131	22	1.5367672858701553e-05	7.348200142587302e-06	1.0	167938.93129770993
chr6	138070762	138070880	RNA9232	118	22	4.009104527953737e-06	0.0	1.0	186440.6779661017
chr6	138071311	138071442	RNA9233	131	30	0.00011758933915189055	1.4701150121254614e-05	1.0	229007.63358778626
chr6	138072370	138072501	RNA9234	131	26	0.03847058505771901	0.0	0.9615384615384616	198473.28244274808
chr6	138073042	138073160	RNA9235	118	17	0.0007529759354035921	0.0	1.0	144067.7966101695
chr6	138394834	138395134	RNA9236	300	54	0.05611646893432272	1.470694996896782e-05	0.9259259259259259	180000.0
chr6	138399603	138399903	RNA9237	300	48	0.021733474430618568	0.0	0.9791666666666666	160000.0
chr6	138400515	138400815	RNA9238	300	52	0.05539471949079528	0.0	0.9423076923076923	173333.33333333334
chr6	138700933	138701233	RNA9239	294	59	1.6076430487587983e-05	0.0	1.0	200680.27210884355
chr6	138712780	138712873	RNA9240	93	18	1.0630522309737797e-05	0.0	1.0	193548.38709677418
chr6	138715083	138715271	RNA9241	188	46	0.05183425474773606	1.4701099644298664e-05	0.8695652173913043	244680.8510638298
chr6	138719623	138719811	RNA9242	188	41	0.04879805969253872	1.4699799976369832e-05	0.9512195121951219	218085.10638297873
chr6	138721121	138721309	RNA9243	188	29	0.0379919426272393	1.4696799553348685e-05	0.9310344827586207	154255.31914893616
chr6	138723796	138724096	RNA9244	300	42	1.19000239811539e-05	0.0	1.0	140000.0
chr6	138793632	138793932	RNA9245	300	57	0.0007464174799392035	1.471149971621344e-05	1.0	190000.0
chr6	138793721	138793909	RNA9246	188	27	0.000101945719102828	1.4736699995410165e-05	1.0	143617.02127659577
chr6	138794168	138794356	RNA9247	188	34	4.2370826149100223e-05	0.0	1.0	180851.06382978725
chr6	138794861	138795263	RNA9248	402	62	1.2803190407618288e-05	1.4696799553348685e-05	1.0	154228.85572139302
chr6	138795597	138795785	RNA9249	188	37	4.8864524713376486e-05	0.0	1.0	196808.51063829788
chr6	138988731	138988862	RNA9250	131	22	0.00039350843384123316	0.0	1.0	167938.93129770993
chr6	138993832	138993950	RNA9251	118	20	7.349389989030897e-06	0.0	1.0	169491.5254237288
chr6	138998021	138998715	RNA9252	694	138	0.007964723534281588	1.4696799553348685e-05	0.9855072463768116	198847.2622478386
chr6	139670860	139671048	RNA9253	188	38	0.00020982606450782975	0.0	1.0	202127.65957446807
chr6	139672253	139672553	RNA9254	300	70	0.028474843842975255	1.472234998800559e-05	0.9714285714285714	233333.33333333334
chr6	139675880	139676079	RNA9255	199	36	0.02790804931469716	1.4699799976369832e-05	0.9722222222222222	180904.52261306535
chr6	142032106	142032307	RNA9256	201	56	0.035730889019808795	0.0	0.9642857142857143	278606.96517412935
chr6	142511735	142511828	RNA9257	93	19	9.283752373640278e-06	0.0	1.0	204301.07526881722
chr6	142714679	142714810	RNA9258	131	27	0.028270466418487353	0.0	0.9259259259259259	206106.87022900765
chr6	142736980	142737098	RNA9259	118	27	0.013999003269957568	0.0	0.9629629629629629	228813.5593220339
chr6	143535595	143535895	RNA9260	300	53	0.042220922671971625	1.4696799553348685e-05	0.9245283018867925	176666.66666666666
chr6	143536185	143536373	RNA9261	188	40	0.0002432693977425461	1.4698300219606608e-05	1.0	212765.95744680852
chr6	144074971	144075107	RNA9262	136	15	4.898986662738025e-06	0.0	1.0	110294.11764705883
chr6	144271873	144272040	RNA9263	167	21	0.09521779162492922	1.4694600395159796e-05	0.9047619047619048	125748.50299401197
chr6	144866597	144867481	RNA9264	881	0				0.0
chr6	145313004	145313205	RNA9265	201	35	0.028583609102965316	1.4698500308440998e-05	0.9714285714285714	174129.35323383086
chr6	145314416	145314617	RNA9266	201	46	0.00042575612380222754	7.348200142587302e-06	1.0	228855.72139303485
chr6	145323563	145323764	RNA9267	201	27	2.6684070319413636e-05	1.4700700376124589e-05	1.0	134328.35820895524
chr6	145328862	145329063	RNA9268	201	36	0.001754282326550712	0.0	0.9722222222222222	179104.4776119403
chr6	147391065	147391266	RNA9269	201	45	0.022230066448982042	0.0	0.9777777777777777	223880.59701492538
chr6	147392851	147393052	RNA9270	201	42	0.023828073690592214	1.4698300219606608e-05	0.9761904761904762	208955.223880597
chr6	147392858	147393059	RNA9271	201	44	0.022745313529660714	1.4698300219606608e-05	0.9772727272727273	218905.47263681592
chr6	148208656	148208792	RNA9272	136	28	2.782433284664492e-05	0.0	1.0	205882.35294117645
chr6	148209063	148209264	RNA9273	201	48	1.622735430828198e-05	0.0	1.0	238805.97014925373
chr6	148221707	148221874	RNA9274	167	31	0.01420191416875769	0.0	0.9354838709677419	185628.74251497004
chr6	148745787	148745954	RNA9275	167	25	1.2936172061014607e-05	0.0	1.0	149700.5988023952
chr6	148745806	148746690	RNA9276	884	165	0.0058520397751415255	0.0	0.9939393939393939	186651.58371040726
chr6	148746124	148746260	RNA9277	136	22	0.043376517755942506	0.0	0.9545454545454546	161764.70588235295
chr6	148746190	148746326	RNA9278	136	20	0.04771637441640451	1.4699599887535442e-05	0.95	147058.82352941178
chr6	148746340	148746507	RNA9279	167	41	0.00022369793663440092	0.0	1.0	245508.98203592814
chr6	148746382	148746518	RNA9280	136	34	0.00026499776779874965	7.348200142587302e-06	1.0	250000.0
chr6	148746860	148747027	RNA9281	167	54	1.03580295453193e-05	0.0	1.0	323353.29341317364
chr6	149492878	149493762	RNA9282	884	132	0.018864744362266112	1.469569997425424e-05	0.9772727272727273	149321.2669683258
chr6	149492890	149493774	RNA9283	884	133	0.01872279370238681	1.469590006308863e-05	0.9774436090225563	150452.4886877828
chr6	149493505	149494389	RNA9284	884	149	0.030058487331714043	1.4696799553348685e-05	0.959731543624161	168552.03619909505
chr6	149493588	149493724	RNA9285	136	20	0.04153872711476651	7.348849976551719e-06	0.95	147058.82352941178
chr6	149494281	149494448	RNA9286	167	30	0.0381461080187061	0.0	0.9	179640.71856287424
chr6	149494307	149494474	RNA9287	167	30	0.0328975183665231	0.0	0.9333333333333333	179640.71856287424
chr6	149494364	149494500	RNA9288	136	27	0.005839729584901458	0.0	0.9629629629629629	198529.41176470587
chr6	149494378	149494514	RNA9289	136	25	0.006306907951693574	0.0	0.96	183823.52941176473
chr6	149494837	149495004	RNA9290	167	27	0.03671114031816682	1.4708500202686992e-05	0.9629629629629629	161676.64670658682
chr6	149924422	149925306	RNA9291	884	0				0.0
chr6	149928869	149929753	RNA9292	884	0				0.0
chr6	149985408	149985544	RNA9293	136	0				0.0
chr6	149988995	149989879	RNA9294	884	0				0.0
chr6	150265178	150265345	RNA9295	165	32	3.265783763594926e-05	1.4700900010211626e-05	1.0	193939.39393939395
chr6	151233135	151234019	RNA9296	884	175	0.004786928333685083	1.4696400285174605e-05	0.9942857142857143	197963.80090497737
chr6	151621353	151621554	RNA9297	201	29	0.0016752460389147063	1.4697199731017465e-05	1.0	144278.60696517414
chr6	153867264	153867390	RNA9298	126	26	1.1311430730879343e-05	0.0	1.0	206349.20634920633
chr6	153984728	153984895	RNA9299	167	35	0.0036914810241017067	1.4700700376124589e-05	0.9714285714285714	209580.83832335327
chr6	154005470	154005606	RNA9300	136	21	0.04762467916671518	0.0	0.9523809523809523	154411.76470588235
chr6	154705350	154705545	RNA9301	195	35	0.00011423176955368447	1.469509970775107e-05	1.0	179487.1794871795
chr6	154706115	154706520	RNA9302	405	90	6.619887302197862e-05	0.0	1.0	222222.22222222222
chr6	154724911	154725795	RNA9303	876	145	0.010218396107622284	0.0	0.9793103448275862	165525.11415525115
chr6	157690959	157691085	RNA9304	126	26	0.018737412170069606	0.0	0.9615384615384616	206349.20634920633
chr6	158204639	158204834	RNA9305	195	40	2.3881522361079227e-05	0.0	1.0	205128.20512820513
chr6	158222412	158222817	RNA9306	405	85	0.012966882683298637	1.4697199731017465e-05	0.9764705882352941	209876.54320987655
chr6	158532729	158532855	RNA9307	126	47	0.01949597049085067	1.471840005251579e-05	0.9787234042553191	373015.873015873
chr6	158533004	158533130	RNA9308	126	42	0.0034470494996899645	1.4716250007040799e-05	0.9761904761904762	333333.3333333333
chr6	158533104	158533230	RNA9309	126	21	1.8244572120667343e-05	0.0	1.0	166666.66666666666
chr6	159127885	159128011	RNA9310	126	29	0.00012321781895447548	1.4698500308440998e-05	1.0	230158.73015873015
chr6	159128145	159128271	RNA9311	126	25	2.528091208659621e-05	1.4698500308440998e-05	1.0	198412.6984126984
chr6	159128411	159128606	RNA9312	195	34	0.02942300648555829	1.470005008741282e-05	0.9705882352941176	174358.97435897434
chr6	159128727	159128853	RNA9313	126	29	4.358560272521415e-05	1.4697199731017465e-05	1.0	230158.73015873015
chr6	159147588	159147993	RNA9314	405	104	0.013960491850446902	1.469569997425424e-05	0.9615384615384616	256790.12345679014
chr6	159154504	159154909	RNA9315	405	74	0.0273561337789451	1.4696999642183075e-05	0.972972972972973	182716.04938271604
chr6	159158377	159158572	RNA9316	195	33	2.4494824119197163e-05	1.469590006308863e-05	1.0	169230.76923076925
chr6	159159951	159160146	RNA9317	195	40	0.008418584260516577	1.4694850051455433e-05	0.975	205128.20512820513
chr6	159160518	159160923	RNA9318	405	79	1.3210227907504328e-05	0.0	1.0	195061.7283950617
chr6	159272526	159272931	RNA9319	405	81	0.026507665325824083	1.4696799553348685e-05	0.9629629629629629	200000.0
chr6	159272753	159272948	RNA9320	195	43	0.03311034196054225	1.4696799553348685e-05	0.9302325581395349	220512.8205128205
chr6	159273161	159273356	RNA9321	195	36	0.02407551196622787	0.0	0.9444444444444444	184615.38461538462
chr6	159273273	159273678	RNA9322	404	86	0.03120958203759116	0.0	0.9418604651162791	212871.28712871287
chr6	159273640	159273835	RNA9323	194	43	1.2305551112953e-05	0.0	1.0	221649.48453608245
chr6	159331754	159332159	RNA9324	405	74	0.001724348927111988	0.0	0.9864864864864865	182716.04938271604
chr6	159885432	159885558	RNA9325	126	24	0.041754850395553454	7.348200142587302e-06	0.9583333333333334	190476.19047619047
chr6	160278184	160278379	RNA9326	195	38	0.026398934049427083	0.0	0.9473684210526315	194871.79487179487
chr6	160280979	160281384	RNA9327	405	82	0.02339087749005113	1.4704999557579868e-05	0.9512195121951219	202469.13580246913
chr6	163326021	163326531	RNA9328	510	103	0.013051894800095021	0.0	0.9805825242718447	201960.78431372548
chr6	163328669	163328919	RNA9329	250	63	0.0015214892432090345	1.4700300198455809e-05	0.9841269841269841	252000.0
chr6	163590995	163591121	RNA9330	126	62	0.008188233934091722	1.4698549875902245e-05	0.9838709677419355	492063.492063492
chr6	164165062	164165257	RNA9331	195	51	0.00019971923509229305	1.469590006308863e-05	1.0	261538.46153846156
chr6	164237630	164238035	RNA9332	405	78	0.043990863483463136	0.0	0.9230769230769231	192592.59259259258
chr6	165318518	165319028	RNA9333	435	7	2.030147152254358e-05	1.9132199668092653e-05	1.0	16091.954022988506
chr6	165321634	165322144	RNA9334	510	0				0.0
chr6	165324526	165325036	RNA9335	510	85	0.011804655439878199	0.0	0.9882352941176471	166666.66666666666
chr6	165325795	165326305	RNA9336	510	115	0.00017423617824217092	0.0	1.0	225490.19607843139
chr6	165992968	165993478	RNA9337	510	88	3.423966476971162e-05	0.0	1.0	172549.01960784313
chr6	165998640	165999150	RNA9338	510	128	0.00789244719052817	1.4697199731017465e-05	0.9921875	250980.39215686274
chr6	166091011	166091521	RNA9339	510	89	0.008857923481719921	0.0	0.9775280898876404	174509.80392156861
chr6	167142203	167142713	RNA9340	510	108	0.0006389550110775863	1.4696599919261644e-05	1.0	211764.70588235295
chr6	167144221	167144471	RNA9341	250	55	0.0009048340130076096	1.4697699953103438e-05	1.0	220000.0
chr6	167700392	167700642	RNA9342	250	45	0.04789923119005834	0.0	0.9333333333333333	180000.0
chr6	167778061	167778311	RNA9343	250	64	1.814962983814605e-05	0.0	1.0	256000.0
chr6	167783275	167783525	RNA9344	239	0				0.0
chr6	167972056	167972306	RNA9345	250	61	0.01641153814447624	0.0	0.9836065573770492	244000.0
chr6	167972180	167972430	RNA9346	250	70	2.8577449003412326e-05	0.0	1.0	280000.0
chr6	167972220	167972470	RNA9347	250	73	2.8611008642592875e-05	0.0	1.0	292000.0
chr6	168779548	168779798	RNA9348	250	57	0.022714100804637778	0.0	0.9649122807017544	228000.0
chr7	11129	11238	RNA9349	0	0				
chr7	261537	261677	RNA9350	140	49	0.04814458601348243	1.4694200217491016e-05	0.9387755102040817	350000.0
chr7	261626	261735	RNA9351	109	33	0.04093644043361123	1.4699399798701052e-05	0.9393939393939394	302752.29357798165
chr7	261645	262099	RNA9352	454	103	0.06338789760714471	1.4698100130772218e-05	0.912621359223301	226872.24669603523
chr7	261742	261851	RNA9353	109	15	0.13341271643197009	4.408779932418838e-05	0.8666666666666667	137614.6788990826
chr7	261913	262022	RNA9354	109	32	0.0367805579768685	1.4696349808218656e-05	0.90625	293577.9816513762
chr7	281878	282332	RNA9355	448	0				0.0
chr7	285795	286249	RNA9356	454	91	0.038875361164902825	1.4696799553348685e-05	0.9560439560439561	200440.52863436122
chr7	303349	303803	RNA9357	454	73	0.020540423428590724	1.469509970775107e-05	0.9452054794520548	160792.95154185023
chr7	309608	310062	RNA9358	454	93	0.021558797595770875	0.0	0.978494623655914	204845.81497797358
chr7	393626	394080	RNA9359	454	0				0.0
chr7	496727	497179	RNA9360	452	118	0.012587321749178643	1.4695950085297227e-05	0.9745762711864406	261061.9469026549
chr7	539684	540136	RNA9361	428	154	0.0046201158460899465	0.0	0.987012987012987	359813.0841121495
chr7	545125	545272	RNA9362	147	41	2.4385795036430354e-05	0.0	1.0	278911.5646258503
chr7	545338	545790	RNA9363	452	129	0.009437610289568006	1.4696799553348685e-05	0.9767441860465116	285398.2300884956
chr7	1138403	1138855	RNA9364	452	110	0.008874329037759955	0.0	0.990909090909091	243362.83185840707
chr7	1138589	1139041	RNA9365	452	98	0.009901287568101573	0.0	0.9897959183673469	216814.15929203542
chr7	1138684	1139136	RNA9366	452	102	0.013061486421716551	0.0	0.9803921568627451	225663.71681415927
chr7	1150172	1150281	RNA9367	109	32	0.00018010895934139038	1.4698999621032272e-05	1.0	293577.9816513762
chr7	1202408	1202555	RNA9368	147	43	0.04651685550950703	0.0	0.9534883720930233	292517.00680272107
chr7	1202675	1202822	RNA9369	146	8	1.2117699952796102e-05	1.6019950635381974e-05	1.0	54794.520547945205
chr7	1203005	1203459	RNA9370	454	69	3.112280121611614e-05	1.47024002217222e-05	1.0	151982.37885462554
chr7	1203188	1203335	RNA9371	147	28	3.7284831608172974e-05	1.470200004405342e-05	1.0	190476.19047619047
chr7	1750337	1750789	RNA9372	452	0				0.0
chr7	1753480	1753627	RNA9373	147	0				0.0
chr7	1754950	1755097	RNA9374	147	0				0.0
chr7	1785189	1785336	RNA9375	145	0				0.0
chr7	2555996	2556147	RNA9376	149	43	0.04480000562819251	0.0	0.9534883720930233	288590.60402684566
chr7	2629253	2629400	RNA9377	144	42	0.024460933952035524	1.4721450042998185e-05	0.9761904761904762	291666.6666666667
chr7	4269109	4269249	RNA9378	140	45	0.002983253924644985	1.4701099644298664e-05	0.9777777777777777	321428.5714285715
chr7	4271864	4272072	RNA9379	208	58	0.051742271073321876	0.0	0.9310344827586207	278846.1538461539
chr7	4393256	4393710	RNA9380	454	107	0.0026960125654445113	0.0	0.9813084112149533	235682.81938325992
chr7	4393489	4393629	RNA9381	140	38	0.006834458915459668	0.0	0.9473684210526315	271428.5714285714
chr7	4393820	4393960	RNA9382	140	29	0.03449801731714051	1.472490021114936e-05	0.9655172413793104	207142.85714285716
chr7	4394664	4394773	RNA9383	109	24	0.0025759827380322014	0.0	0.9583333333333334	220183.48623853212
chr7	4394937	4395389	RNA9384	452	111	0.007723699130069647	0.0	0.9819819819819819	245575.22123893804
chr7	4395097	4395237	RNA9385	140	40	7.715832543908618e-06	0.0	1.0	285714.2857142857
chr7	4395316	4395463	RNA9386	147	37	0.050817655202302595	0.0	0.918918918918919	251700.68027210885
chr7	6939928	6940068	RNA9387	140	0				0.0
chr7	6940156	6940296	RNA9388	140	0				0.0
chr7	6940426	6940566	RNA9389	140	0				0.0
chr7	6941079	6941230	RNA9390	151	0				0.0
chr7	6942668	6942808	RNA9391	140	0				0.0
chr7	6945129	6945337	RNA9392	208	0				0.0
chr7	7538197	7538348	RNA9393	151	23	3.260036104936871e-05	1.469590006308863e-05	1.0	152317.88079470198
chr7	7538245	7538396	RNA9394	151	26	3.731891921723354e-05	1.469590006308863e-05	1.0	172185.43046357614
chr7	7547069	7547220	RNA9395	151	54	0.01856589703656599	1.469764993089484e-05	0.9814814814814815	357615.8940397351
chr7	7621126	7621277	RNA9396	151	40	0.05418395161573244	1.4699599887535442e-05	0.925	264900.66225165565
chr7	7621266	7621417	RNA9397	151	29	0.1034131535265699	1.4699799976369832e-05	0.8620689655172413	192052.98013245035
chr7	7627206	7627414	RNA9398	208	51	0.03938922440893828	1.4699799976369832e-05	0.9607843137254902	245192.3076923077
chr7	7627408	7627616	RNA9399	208	58	0.051798741393385764	1.4714949884364614e-05	0.9310344827586207	278846.1538461539
chr7	7628271	7628422	RNA9400	151	29	0.027865287772736586	0.0	0.9310344827586207	192052.98013245035
chr7	7633882	7634090	RNA9401	208	54	0.0023988813483002635	1.4706299680256052e-05	0.9814814814814815	259615.38461538462
chr7	8111974	8112182	RNA9402	208	53	0.005113362277576393	0.0	0.9811320754716981	254807.69230769228
chr7	8112222	8112430	RNA9403	208	39	0.013738566271898045	1.4698999621032272e-05	0.9743589743589743	187500.0
chr7	8112471	8112679	RNA9404	205	56	0.009598264637751134	0.0	0.9821428571428571	273170.7317073171
chr7	8433299	8433450	RNA9405	151	22	9.22372521265721e-05	1.470005008741282e-05	1.0	145695.36423841058
chr7	8940721	8940861	RNA9406	140	33	7.573545465702685e-06	0.0	1.0	235714.2857142857
chr7	8952512	8952720	RNA9407	208	63	1.0734671420884307e-05	0.0	1.0	302884.6153846154
chr7	11832577	11832694	RNA9408	117	16	5.511999972895865e-06	0.0	1.0	136752.13675213678
chr7	12561075	12561226	RNA9409	151	40	2.7569480016608242e-05	1.4698300219606608e-05	1.0	264900.66225165565
chr7	12695927	12696135	RNA9410	208	53	0.01888488880701155	0.0	0.9622641509433962	254807.69230769228
chr7	15192370	15192487	RNA9411	117	25	0.03579972821160481	0.0	0.96	213675.21367521366
chr7	15565449	15565561	RNA9412	112	31	1.564834541744171e-05	0.0	1.0	276785.7142857143
chr7	16086595	16086712	RNA9413	117	26	1.0175392372520246e-05	7.347300197579898e-06	1.0	222222.22222222222
chr7	16087262	16087379	RNA9414	117	26	0.0007029130249695554	1.4866350284137297e-05	1.0	222222.22222222222
chr7	16087361	16087478	RNA9415	117	24	0.0008227202824855293	1.4786150131840259e-05	1.0	205128.20512820513
chr7	16581789	16581906	RNA9416	117	21	0.0005407807056187815	0.0	1.0	179487.1794871795
chr7	16582270	16582387	RNA9417	117	27	0.0369586225860985	0.0	0.9629629629629629	230769.23076923078
chr7	16582916	16583033	RNA9418	117	17	7.781529347994365e-06	0.0	1.0	145299.1452991453
chr7	17561951	17562068	RNA9419	117	26	2.7152976494665693e-05	1.470460028940579e-05	1.0	222222.22222222222
chr7	19151963	19152075	RNA9420	112	25	1.7071059883160327e-05	0.0	1.0	223214.28571428574
chr7	20227627	20227739	RNA9421	112	18	9.80257775356424e-06	0.0	1.0	160714.28571428574
chr7	20323277	20323389	RNA9422	112	29	4.5624799675909315e-05	0.0	1.0	258928.57142857145
chr7	20325161	20325273	RNA9423	112	18	0.05557760487176386	1.4699199709866662e-05	0.9444444444444444	160714.28571428574
chr7	20583395	20583507	RNA9424	112	25	0.001348348718784108	1.4696799553348685e-05	1.0	223214.28571428574
chr7	20583605	20583717	RNA9425	102	34	0.03034156105297156	1.4696800008096034e-05	0.9705882352941176	333333.3333333333
chr7	20583693	20583805	RNA9426	112	42	1.7849897501165646e-05	7.348200142587302e-06	1.0	375000.0
chr7	21269595	21269712	RNA9427	117	22	0.03292118952764543	1.4698300219606608e-05	0.9545454545454546	188034.18803418803
chr7	21330760	21330872	RNA9428	112	27	0.003949008063231025	1.4696799553348685e-05	0.9629629629629629	241071.42857142858
chr7	21410736	21411188	RNA9429	450	101	3.963252576867521e-05	0.0	1.0	224444.44444444444
chr7	21417686	21417956	RNA9430	270	62	0.0008741702044238542	0.0	0.9838709677419355	229629.62962962964
chr7	22100207	22100501	RNA9431	294	67	0.0005087744780687326	0.0	1.0	227891.15646258503
chr7	24560301	24560432	RNA9432	131	26	1.300448450190463e-05	1.4697699953103438e-05	1.0	198473.28244274808
chr7	25301566	25301836	RNA9433	270	57	0.0007484156948473631	0.0	1.0	211111.11111111112
chr7	25306701	25307153	RNA9434	452	106	0.018893836034491848	1.4696799553348685e-05	0.9716981132075472	234513.27433628318
chr7	25309361	25309473	RNA9435	112	23	1.0226460843746874e-05	0.0	1.0	205357.14285714284
chr7	25545253	25545403	RNA9436	150	40	1.2126332626394287e-05	0.0	1.0	266666.6666666667
chr7	26139105	26139399	RNA9437	293	22	1.698595947759187e-05	0.0	1.0	75085.32423208191
chr7	26283899	26284169	RNA9438	100	19	0.25300759456293137	1.777969919203315e-05	0.7368421052631579	190000.0
chr7	26290973	26291243	RNA9439	270	45	6.206497006738942e-05	1.469549988541985e-05	1.0	166666.66666666666
chr7	26291055	26291507	RNA9440	452	70	0.01479419296182251	0.0	0.9857142857142858	154867.25663716815
chr7	26291122	26291574	RNA9441	452	74	0.01401298175256375	0.0	0.9864864864864865	163716.81415929203
chr7	26291402	26291854	RNA9442	452	105	0.009573940099462995	0.0	0.9904761904761905	232300.8849557522
chr7	26291561	26291831	RNA9443	270	65	0.015396604941508065	1.4697699953103438e-05	0.9846153846153847	240740.74074074073
chr7	26542231	26542501	RNA9444	270	50	0.020351609638382787	1.469549988541985e-05	0.98	185185.18518518517
chr7	26542695	26543147	RNA9445	450	121	0.035337628758948865	1.4701099644298664e-05	0.9256198347107438	268888.8888888889
chr7	26542718	26543170	RNA9446	450	124	0.02974177007393835	1.4700700376124589e-05	0.9354838709677419	275555.55555555556
chr7	26542801	26543071	RNA9447	270	79	0.03837428916722274	1.4700700376124589e-05	0.9240506329113924	292592.5925925926
chr7	26542812	26543264	RNA9448	452	119	0.03224690108019036	1.4699799976369832e-05	0.9243697478991597	263274.33628318587
chr7	26542991	26543261	RNA9449	270	64	0.02221013662402526	1.4698999621032272e-05	0.9375	237037.03703703705
chr7	27089167	27089461	RNA9450	294	55	2.781023428145239e-05	0.0	1.0	187074.8299319728
chr7	27089960	27090254	RNA9451	294	65	3.596019979830002e-05	0.0	1.0	221088.43537414965
chr7	27091620	27091914	RNA9452	293	46	1.822323484583651e-05	0.0	1.0	156996.58703071674
chr7	27161125	27161419	RNA9453	294	91	0.011075268610101783	1.4694200217491016e-05	0.978021978021978	309523.8095238095
chr7	27161140	27161434	RNA9454	294	87	0.01158244926115923	0.0	0.9770114942528736	295918.36734693876
chr7	27208165	27208459	RNA9455	294	60	0.01668748978175548	1.469744984206045e-05	0.9833333333333333	204081.63265306124
chr7	27251090	27251360	RNA9456	270	59	6.475992790525016e-05	1.469509970775107e-05	1.0	218518.51851851854
chr7	27251447	27251899	RNA9457	452	137	0.007747760838687974	1.469509970775107e-05	0.9854014598540146	303097.3451327434
chr7	28247183	28247477	RNA9458	294	64	2.0214161168040143e-05	0.0	1.0	217687.07482993195
chr7	28248159	28248290	RNA9459	131	27	1.3609144574460245e-05	1.469509970775107e-05	1.0	206106.87022900765
chr7	28925815	28925946	RNA9460	131	24	0.010182070133093168	1.4699200164614012e-05	0.9583333333333334	183206.106870229
chr7	28947000	28947131	RNA9461	131	20	0.0500257235546087	0.0	0.95	152671.75572519086
chr7	28949774	28949905	RNA9462	131	26	6.220342339264999e-06	0.0	1.0	198473.28244274808
chr7	28952925	28953075	RNA9463	150	24	4.960659127086839e-05	1.4696999642183075e-05	1.0	160000.0
chr7	29917355	29917486	RNA9464	130	41	0.02499366195341991	0.0	0.975609756097561	315384.6153846154
chr7	29917593	29917724	RNA9465	131	39	1.658131035443117e-05	1.469549988541985e-05	1.0	297709.9236641221
chr7	29918361	29918492	RNA9466	131	27	0.0028892086228114286	1.4696400285174605e-05	0.9629629629629629	206106.87022900765
chr7	29918924	29919055	RNA9467	131	31	4.7416045603188565e-05	1.4698100130772218e-05	1.0	236641.2213740458
chr7	30173090	30173240	RNA9468	150	25	1.4112243807173551e-05	0.0	1.0	166666.66666666666
chr7	30173126	30173276	RNA9469	150	33	0.03032084706333218	0.0	0.9696969696969697	220000.0
chr7	30175353	30175503	RNA9470	150	27	6.532679038138745e-05	0.0	1.0	180000.0
chr7	31247162	31247312	RNA9471	150	31	2.799125829164055e-05	0.0	1.0	206666.66666666666
chr7	31249069	31249219	RNA9472	150	28	0.016398099041030685	1.470005008741282e-05	0.9642857142857143	186666.6666666667
chr7	31249097	31249247	RNA9473	150	28	0.016395433008873233	0.0	0.9642857142857143	186666.6666666667
chr7	31341069	31341339	RNA9474	270	49	0.021787121737082884	1.4696799553348685e-05	0.9795918367346939	181481.4814814815
chr7	31390582	31391034	RNA9475	452	88	0.01370251814141325	1.4698500308440998e-05	0.9659090909090909	194690.26548672566
chr7	31392229	31392379	RNA9476	148	29	1.3222210390236357e-05	1.4697199731017465e-05	1.0	195945.94594594595
chr7	31725726	31726020	RNA9477	294	46	0.019559124260151446	0.0	0.9347826086956522	156462.5850340136
chr7	33891938	33892069	RNA9478	131	23	0.019934927660790927	1.4697699953103438e-05	0.9565217391304348	175572.51908396944
chr7	34924937	34925413	RNA9479	476	90	0.032121208292533586	0.0	0.9555555555555556	189075.63025210085
chr7	35403749	35403899	RNA9480	150	33	0.009194433211742948	0.0	0.9696969696969697	220000.0
chr7	37477356	37477525	RNA9481	169	25	7.074923960317392e-06	0.0	1.0	147928.99408284025
chr7	38046707	38046923	RNA9482	216	41	2.050101931849784e-05	1.473540032748133e-05	1.0	189814.81481481483
chr7	38718661	38719137	RNA9483	476	95	0.019423953917870863	1.4696400285174605e-05	0.968421052631579	199579.83193277312
chr7	39613439	39613673	RNA9484	234	37	0.0018805613383085199	0.0	0.972972972972973	158119.65811965812
chr7	39613742	39614218	RNA9485	476	97	0.002862816287364993	0.0	0.9690721649484536	203781.51260504202
chr7	39614110	39614586	RNA9486	476	96	0.0007522439499325599	0.0	0.9895833333333334	201680.67226890757
chr7	39615888	39616364	RNA9487	476	81	1.7605751750517317e-05	1.4697199731017465e-05	1.0	170168.06722689077
chr7	40947578	40948054	RNA9488	476	89	0.0038928278713938986	1.4696799553348685e-05	0.9775280898876404	186974.7899159664
chr7	40948570	40949046	RNA9489	476	122	0.02034039356772527	0.0	0.9590163934426229	256302.52100840333
chr7	40949512	40949988	RNA9490	476	126	0.021974979901072413	1.4697699953103438e-05	0.9603174603174603	264705.8823529412
chr7	40952068	40952544	RNA9491	476	132	0.013927910102369639	0.0	0.9696969696969697	277310.9243697479
chr7	40952072	40952241	RNA9492	169	50	0.0022702556869990003	0.0	0.98	295857.9881656805
chr7	41601906	41602075	RNA9493	169	36	0.02782970969969432	0.0	0.9722222222222222	213017.75147928996
chr7	41618234	41618450	RNA9494	216	52	0.038650382374149	1.4699199709866662e-05	0.9615384615384616	240740.74074074073
chr7	41619307	41619476	RNA9495	169	36	1.8373038882496908e-05	1.4697900041937828e-05	1.0	213017.75147928996
chr7	41619322	41619491	RNA9496	169	37	1.787639998714963e-05	1.4697699953103438e-05	1.0	218934.91124260356
chr7	41873386	41873555	RNA9497	169	36	0.011535152154313737	0.0	0.9722222222222222	213017.75147928996
chr7	41873612	41873781	RNA9498	169	27	5.553867894949986e-05	1.4700300198455809e-05	1.0	159763.31360946747
chr7	41873746	41873915	RNA9499	169	30	0.0008668504320363923	0.0	1.0	177514.79289940826
chr7	42555089	42555305	RNA9500	216	60	0.0022786442080966157	7.348599865508732e-06	0.9666666666666667	277777.7777777778
chr7	42589041	42589257	RNA9501	216	42	6.473471882729902e-05	0.0	1.0	194444.44444444444
chr7	42589532	42589748	RNA9502	216	40	0.025002939110027	7.348399776674342e-06	0.975	185185.18518518517
chr7	42802905	42803074	RNA9503	169	37	0.03227293753125932	1.4706300135003405e-05	0.9459459459459459	218934.91124260356
chr7	42803096	42803248	RNA9504	152	31	2.6161155302915607e-05	0.0	1.0	203947.36842105264
chr7	42803132	42803348	RNA9505	216	40	3.351694540469414e-05	0.0	1.0	185185.18518518517
chr7	42803627	42803843	RNA9506	216	32	1.9312368777945024e-05	0.0	1.0	148148.14814814815
chr7	42814068	42814284	RNA9507	216	36	2.0858072048210445e-05	0.0	1.0	166666.66666666666
chr7	42949848	42950082	RNA9508	234	46	0.020962398391910265	0.0	0.9565217391304348	196581.19658119656
chr7	43733795	43734011	RNA9509	215	28	1.2664046575342322e-05	0.0	1.0	130232.55813953489
chr7	43735659	43735893	RNA9510	234	33	5.435285917580084e-05	0.0	1.0	141025.64102564103
chr7	43737850	43738084	RNA9511	234	54	0.0001298920096646538	7.35100002202671e-06	1.0	230769.23076923078
chr7	43747866	43748100	RNA9512	234	33	1.4697175836108256e-05	0.0	1.0	141025.64102564103
chr7	44083943	44084177	RNA9513	234	49	2.8500806625483185e-05	1.4696799553348685e-05	1.0	209401.7094017094
chr7	44087872	44088106	RNA9514	234	50	4.321602313211599e-05	0.0	1.0	213675.21367521366
chr7	44142473	44142707	RNA9515	234	51	0.002114907072556132	1.471759969717823e-05	1.0	217948.71794871794
chr7	44560387	44560863	RNA9516	367	90	0.008149454955522132	1.4695950085297227e-05	0.9777777777777777	245231.6076294278
chr7	45076831	45077065	RNA9517	234	49	0.014920985478186457	1.4699799976369832e-05	0.9795918367346939	209401.7094017094
chr7	46667484	46667653	RNA9518	163	36	3.5962977234596805e-05	1.480055016145343e-05	1.0	220858.89570552149
chr7	46876892	46877044	RNA9519	152	0				0.0
chr7	47661970	47662122	RNA9520	152	37	3.1380037718324694e-05	0.0	1.0	243421.05263157896
chr7	47662412	47662564	RNA9521	152	35	6.763917218839299e-05	1.4704200111737007e-05	1.0	230263.15789473683
chr7	47662668	47662884	RNA9522	149	51	0.013716684314649855	0.0	0.9607843137254902	342281.8791946309
chr7	47662886	47663038	RNA9523	152	34	0.006523502618753861	0.0	0.9705882352941176	223684.2105263158
chr7	47981919	47982071	RNA9524	152	23	3.3878778832208886e-05	1.4697699953103438e-05	1.0	151315.7894736842
chr7	47981998	47982150	RNA9525	152	21	6.999509510240473e-06	0.0	1.0	138157.8947368421
chr7	47982023	47982175	RNA9526	152	19	1.005752638823316e-05	0.0	1.0	125000.0
chr7	48736121	48736273	RNA9527	152	29	0.039746671118995554	1.4704200111737007e-05	0.9310344827586207	190789.47368421053
chr7	48966628	48966862	RNA9528	234	59	0.02795382457448579	0.0	0.9661016949152542	252136.75213675213
chr7	52793695	52793847	RNA9529	152	27	5.4445629387003094e-06	0.0	1.0	177631.57894736843
chr7	59662030	59662135	RNA9530	0	0				
chr7	60814898	60815241	RNA9531	0	0				
chr7	61400442	61400528	RNA9532	0	0				
chr7	61499985	61500506	RNA9533	0	0				
chr7	63069359	63069464	RNA9534	105	18	8.164839022756218e-06	0.0	1.0	171428.57142857142
chr7	63983892	63983997	RNA9535	105	14	0.016408971101944704	0.0	0.9285714285714286	133333.33333333334
chr7	64018120	64018225	RNA9536	105	0				0.0
chr7	64018139	64018482	RNA9537	343	0				0.0
chr7	64018788	64018874	RNA9538	86	0				0.0
chr7	64018941	64019284	RNA9539	343	0				0.0
chr7	64019148	64019491	RNA9540	343	0				0.0
chr7	64019383	64019726	RNA9541	343	0				0.0
chr7	64019560	64020081	RNA9542	521	0				0.0
chr7	64020234	64020320	RNA9543	86	0				0.0
chr7	64020394	64020915	RNA9544	513	0				0.0
chr7	64021350	64021436	RNA9545	86	0				0.0
chr7	64021597	64021683	RNA9546	86	0				0.0
chr7	64022154	64022675	RNA9547	521	0				0.0
chr7	64022603	64023124	RNA9548	521	0				0.0
chr7	64023101	64023206	RNA9549	105	0				0.0
chr7	67366565	67366908	RNA9550	343	0				0.0
chr7	67367639	67367744	RNA9551	105	0				0.0
chr7	67369292	67369813	RNA9552	510	0				0.0
chr7	67369443	67369548	RNA9553	105	0				0.0
chr7	67370060	67370146	RNA9554	86	0				0.0
chr7	67371916	67372021	RNA9555	105	0				0.0
chr7	67372286	67372372	RNA9556	86	0				0.0
chr7	67372624	67372967	RNA9557	343	0				0.0
chr7	67372956	67373061	RNA9558	105	0				0.0
chr7	67374254	67374597	RNA9559	341	0				0.0
chr7	67379919	67380262	RNA9560	343	0				0.0
chr7	67380009	67380095	RNA9561	86	0				0.0
chr7	67381130	67381651	RNA9562	520	0				0.0
chr7	67381462	67381983	RNA9563	521	0				0.0
chr7	67382188	67382274	RNA9564	86	0				0.0
chr7	67496253	67496774	RNA9565	521	100	0.01011878399757734	1.4697199731017465e-05	0.99	191938.57965451054
chr7	69021291	69021396	RNA9566	105	18	9.800077704211515e-06	0.0	1.0	171428.57142857142
chr7	69061442	69061519	RNA9567	77	20	0.007157265546675258	0.0	0.95	259740.2597402597
chr7	69183591	69183934	RNA9568	343	58	0.0005067788068055068	0.0	1.0	169096.20991253643
chr7	71129381	71129902	RNA9569	521	101	4.4967955050599204e-05	0.0	1.0	193857.96545105567
chr7	71131878	71131964	RNA9570	86	18	8.985411113826558e-06	0.0	1.0	209302.32558139536
chr7	71735700	71736220	RNA9571	520	114	0.017613494190308086	1.4698300219606608e-05	0.9824561403508771	219230.76923076922
chr7	73559283	73559360	RNA9572	77	18	0.0001131272259853043	0.0	1.0	233766.23376623375
chr7	73559913	73559990	RNA9573	77	6	5.3901550169635026e-05	4.409475059219403e-05	1.0	77922.07792207792
chr7	73560158	73560235	RNA9574	77	18	2.694568350610022e-05	1.4697699953103438e-05	1.0	233766.23376623375
chr7	73560575	73560652	RNA9575	77	13	1.9222022973945757e-05	1.4699799976369832e-05	1.0	168831.16883116882
chr7	74411835	74411912	RNA9576	77	5	1.5166120101639536e-05	1.5192000319075303e-05	1.0	64935.064935064926
chr7	74423462	74423539	RNA9577	77	10	1.9116130170004907e-05	0.0	1.0	129870.12987012985
chr7	74429248	74429325	RNA9578	77	14	0.0002584730002256757	0.0	1.0	181818.18181818182
chr7	74430335	74430412	RNA9579	77	9	1.1432044427945382e-05	0.0	1.0	116883.11688311688
chr7	76287417	76287701	RNA9580	284	48	2.204668730124779e-05	0.0	1.0	169014.08450704225
chr7	76288034	76288554	RNA9581	520	103	0.048702135766265184	1.4707199625263456e-05	0.9514563106796117	198076.92307692306
chr7	76506400	76506920	RNA9582	520	0				0.0
chr7	76546170	76546690	RNA9583	520	0				0.0
chr7	76546882	76547402	RNA9584	520	0				0.0
chr7	77429076	77429596	RNA9585	520	86	0.03767214553060914	1.4697900041937828e-05	0.9534883720930233	165384.61538461538
chr7	77429179	77429699	RNA9586	520	85	0.026350814213283762	1.4697199731017465e-05	0.9647058823529412	163461.53846153847
chr7	77429496	77430016	RNA9587	520	98	0.01965124610920351	0.0	0.9489795918367347	188461.53846153847
chr7	77434133	77434653	RNA9588	520	91	0.00010548646418560663	0.0	1.0	175000.0
chr7	77980601	77980678	RNA9589	77	13	6.784115402507058e-06	0.0	1.0	168831.16883116882
chr7	77981157	77981441	RNA9590	284	52	0.030874331827782535	1.4697699953103438e-05	0.9423076923076923	183098.5915492958
chr7	77983043	77983327	RNA9591	277	55	0.00260924796462363	1.469590006308863e-05	0.9636363636363636	198555.95667870034
chr7	77984250	77984534	RNA9592	284	56	0.009073965644932153	1.4697900041937828e-05	0.9821428571428571	197183.0985915493
chr7	77985576	77985860	RNA9593	284	51	1.3838470598178295e-05	1.4700300198455809e-05	1.0	179577.4647887324
chr7	79472317	79472601	RNA9594	284	65	0.0008844218160447757	0.0	1.0	228873.2394366197
chr7	79472633	79472917	RNA9595	284	70	0.01436436665736827	1.4708700291521382e-05	0.9857142857142858	246478.87323943662
chr7	79494862	79495146	RNA9596	284	58	0.01076754770523119	1.4698100130772218e-05	0.9827586206896551	204225.35211267608
chr7	80680391	80680675	RNA9597	284	77	0.00018732613603173704	0.0	1.0	271126.7605633803
chr7	81392852	81393372	RNA9598	520	96	0.010769589849066579	0.0	0.9895833333333334	184615.38461538462
chr7	82447049	82447616	RNA9599	567	92	0.00011988958614061749	0.0	1.0	162257.4955908289
chr7	83861490	83861774	RNA9600	284	55	3.6111609849533666e-05	0.0	1.0	193661.97183098592
chr7	86459204	86459771	RNA9601	567	0				0.0
chr7	87129115	87129682	RNA9602	567	89	0.030569346499279986	1.470929964852985e-05	0.9662921348314607	156966.49029982364
chr7	87130062	87130629	RNA9603	567	99	0.0013343270281043842	1.4713699783897027e-05	0.98989898989899	174603.1746031746
chr7	87138329	87138848	RNA9604	519	80	0.01016351790772205	0.0	0.9875	154142.5818882466
chr7	87145659	87146226	RNA9605	567	93	0.009080719954850321	1.4696400285174605e-05	0.989247311827957	164021.164021164
chr7	87223132	87223699	RNA9606	560	97	0.03183426826936485	1.4696799553348685e-05	0.9587628865979382	173214.2857142857
chr7	87223443	87224010	RNA9607	560	100	0.02003663421822239	0.0	0.98	178571.42857142858
chr7	87259987	87260554	RNA9608	567	95	6.359900736768825e-05	1.4696400285174605e-05	1.0	167548.50088183422
chr7	88203418	88203985	RNA9609	567	88	0.03414035239763341	0.0	0.9659090909090909	155202.8218694885
chr7	91892938	91893457	RNA9610	519	75	0.006824700332460145	1.4697199731017465e-05	0.9866666666666667	144508.67052023122
chr7	91897760	91897834	RNA9611	72	12	0.008972910697517964	7.351450221904088e-06	0.9166666666666666	166666.66666666666
chr7	91906233	91906800	RNA9612	123	0				0.0
chr7	91909965	91910484	RNA9613	515	123	0.001162347710986038	1.4698100130772218e-05	0.991869918699187	238834.95145631066
chr7	91919249	91919768	RNA9614	519	81	0.0003840000892164338	1.4697699953103438e-05	1.0	156069.36416184972
chr7	91925062	91925581	RNA9615	519	114	0.0054443196202220425	1.4696400285174605e-05	0.9824561403508771	219653.17919075146
chr7	92402653	92403172	RNA9616	519	70	9.974801636677143e-05	0.0	1.0	134874.75915221582
chr7	92402812	92403331	RNA9617	519	66	0.013754266400155757	0.0	0.9848484848484849	127167.63005780346
chr7	92403464	92403983	RNA9618	519	94	1.2545948914308167e-05	0.0	1.0	181117.5337186898
chr7	93184311	93184830	RNA9619	519	82	0.012207144450113868	0.0	0.9878048780487805	157996.1464354528
chr7	93369793	93369867	RNA9620	74	20	1.1064549880757113e-05	7.363099939539097e-06	1.0	270270.2702702703
chr7	94249576	94249650	RNA9621	74	16	4.871049372922534e-05	7.349250154220499e-06	1.0	216216.21621621624
chr7	94254835	94254909	RNA9622	74	10	0.007109585379293999	1.4715199995407602e-05	0.9	135135.13513513515
chr7	94258619	94258693	RNA9623	74	6	1.470286679250421e-05	1.4703300166729605e-05	1.0	81081.08108108108
chr7	94432642	94432716	RNA9624	74	8	3.674849949675263e-06	0.0	1.0	108108.10810810812
chr7	94432717	94432791	RNA9625	74	18	2.123016105946527e-05	1.4696999642183075e-05	1.0	243243.24324324325
chr7	94469241	94469315	RNA9626	74	11	0.0009651554726753355	1.4697699953103438e-05	1.0	148648.64864864867
chr7	95351334	95351408	RNA9627	74	17	0.058366077210955734	0.0	0.9411764705882353	229729.72972972973
chr7	96110991	96111091	RNA9628	100	18	0.035389360031937635	1.4715600173076382e-05	0.9444444444444444	180000.0
chr7	96326359	96326612	RNA9629	253	47	0.00031394226466255023	1.469549988541985e-05	1.0	185770.7509881423
chr7	96329545	96329786	RNA9630	239	37	1.4687151510647587e-05	1.4696799553348685e-05	1.0	154811.71548117153
chr7	97116246	97116765	RNA9631	519	91	0.008401636742416813	0.0	0.978021978021978	175337.1868978805
chr7	98875875	98875949	RNA9632	74	16	1.1941818684135797e-05	0.0	1.0	216216.21621621624
chr7	99681033	99681133	RNA9633	100	15	1.0778573232528288e-05	1.4697199731017465e-05	1.0	150000.0
chr7	100297191	100297444	RNA9634	246	0				0.0
chr7	100299679	100299920	RNA9635	241	0				0.0
chr7	100455217	100455317	RNA9636	100	22	2.4051749361122783e-05	0.0	1.0	220000.0
chr7	100455409	100455509	RNA9637	100	15	2.5526206445643172e-05	0.0	1.0	150000.0
chr7	100455530	100455630	RNA9638	100	17	3.0308624285249433e-05	1.4731400369782932e-05	1.0	170000.0
chr7	101231624	101231724	RNA9639	100	27	1.6880737213655672e-05	0.0	1.0	270000.0
chr7	101231641	101231741	RNA9640	100	25	1.7643600185686486e-05	0.0	1.0	250000.0
chr7	101231754	101231854	RNA9641	100	28	2.3096092945706745e-05	7.347950031544315e-06	1.0	280000.0
chr7	101257269	101257510	RNA9642	241	51	0.002581459167623844	0.0	0.9803921568627451	211618.2572614108
chr7	101266077	101266330	RNA9643	253	44	0.012411541216455258	0.0	0.9772727272727273	173913.04347826086
chr7	101281362	101281603	RNA9644	241	43	2.886240485548285e-05	1.4708900380355772e-05	1.0	178423.23651452284
chr7	101282280	101282533	RNA9645	253	45	0.025747677314979633	0.0	0.9555555555555556	177865.61264822134
chr7	101283418	101283659	RNA9646	241	55	1.1377998221591539e-05	0.0	1.0	228215.76763485477
chr7	101285712	101285965	RNA9647	253	50	2.710618988203101e-05	1.4698950053571025e-05	1.0	197628.4584980237
chr7	101760187	101760440	RNA9648	253	45	0.003163209394733705	1.4700300198455809e-05	0.9777777777777777	177865.61264822134
chr7	101761527	101761780	RNA9649	253	0				0.0
chr7	101765376	101765617	RNA9650	241	43	0.018142653784242034	0.0	0.9534883720930233	178423.23651452284
chr7	101765728	101765969	RNA9651	241	43	0.024754298209827115	0.0	0.9534883720930233	178423.23651452284
chr7	101768389	101768630	RNA9652	241	44	2.1380229492763916e-05	0.0	1.0	182572.6141078838
chr7	101776381	101776563	RNA9653	182	40	3.344943545470869e-05	1.4698300219606608e-05	1.0	219780.21978021978
chr7	101779418	101779671	RNA9654	253	45	0.025365165151419608	1.4698100130772218e-05	0.9555555555555556	177865.61264822134
chr7	101809957	101810210	RNA9655	253	41	1.3270960995968625e-05	1.4698500308440998e-05	1.0	162055.33596837946
chr7	101811071	101811312	RNA9656	241	58	0.02648809091629275	1.4701150121254614e-05	0.9655172413793104	240663.90041493776
chr7	101811238	101811338	RNA9657	100	16	0.012104675360831147	1.4701350210089004e-05	0.9375	160000.0
chr7	103284545	103284753	RNA9658	208	0				0.0
chr7	103992034	103992194	RNA9659	160	19	1.3152389089411468e-05	0.0	1.0	118750.0
chr7	105414709	105414809	RNA9660	100	20	2.278303045386211e-05	7.348200142587302e-06	1.0	200000.0
chr7	106051267	106051449	RNA9661	182	30	0.0010682494784608264	0.0	1.0	164835.16483516482
chr7	106289837	106290090	RNA9662	253	46	0.005266573081173746	0.0	0.9782608695652174	181818.18181818182
chr7	106310254	106310495	RNA9663	241	64	4.2263136748483575e-05	0.0	1.0	265560.16597510374
chr7	106367406	106367588	RNA9664	182	30	3.185235391355828e-05	7.348200142587302e-06	1.0	164835.16483516482
chr7	106369727	106369909	RNA9665	182	35	5.2532129484459346e-05	0.0	1.0	192307.6923076923
chr7	106370501	106370683	RNA9666	182	43	0.0001162399507530708	0.0	1.0	236263.73626373627
chr7	106846655	106846837	RNA9667	182	0				0.0
chr7	106856296	106856504	RNA9668	208	34	0.00030762893132251244	1.4703300166729605e-05	1.0	163461.53846153847
chr7	106856439	106856621	RNA9669	182	45	0.00023732764833160163	0.0	1.0	247252.74725274727
chr7	106911089	106911271	RNA9670	182	33	6.681781859228839e-06	0.0	1.0	181318.6813186813
chr7	107042247	107042455	RNA9671	208	23	9.71160758205719e-05	0.0	1.0	110576.92307692308
chr7	107042269	107042477	RNA9672	208	15	0.0001459715495608769	0.0	1.0	72115.38461538461
chr7	107043813	107044021	RNA9673	208	21	0.0008054802876705167	0.0	1.0	100961.53846153847
chr7	107874798	107875011	RNA9674	213	51	0.011512600437027665	0.0	0.9803921568627451	239436.61971830984
chr7	107876037	107876245	RNA9675	208	37	0.02690778947662447	0.0	0.972972972972973	177884.6153846154
chr7	107876517	107876725	RNA9676	206	37	4.6353362375987515e-05	1.4707599802932236e-05	1.0	179611.6504854369
chr7	107878334	107878542	RNA9677	208	48	0.0034171432031750207	0.0	0.9791666666666666	230769.23076923078
chr7	107880720	107880902	RNA9678	182	43	0.019257931025264078	0.0	0.9534883720930233	236263.73626373627
chr7	107888402	107888562	RNA9679	160	23	3.645255219453065e-05	0.0	1.0	143750.0
chr7	108722678	108722838	RNA9680	160	23	0.0003816687867188349	0.0	1.0	143750.0
chr7	108731670	108731878	RNA9681	208	44	1.3371018171296678e-05	0.0	1.0	211538.46153846153
chr7	108737969	108738129	RNA9682	160	40	0.06881019867876148	1.469744984206045e-05	0.925	250000.0
chr7	108745132	108745292	RNA9683	160	27	0.037176495299954024	0.0	0.9629629629629629	168750.0
chr7	111563841	111564001	RNA9684	160	28	1.522544269911345e-05	7.349050065386109e-06	1.0	175000.0
chr7	111565259	111565419	RNA9685	160	31	2.8927232256865632e-05	0.0	1.0	193750.0
chr7	111566189	111566349	RNA9686	160	37	0.027055236823872366	1.4698999621032272e-05	0.972972972972973	231250.0
chr7	111566745	111566905	RNA9687	160	35	0.016076583513547245	1.4699799976369832e-05	0.9428571428571428	218750.0
chr7	111616762	111616975	RNA9688	213	0				0.0
chr7	111724469	111724651	RNA9689	177	41	0.0017590748742494246	1.470159986638464e-05	0.975609756097561	231638.41807909604
chr7	112499410	112499618	RNA9690	208	43	2.1202749151193985e-05	1.4694600395159796e-05	1.0	206730.76923076922
chr7	112501760	112502021	RNA9691	261	38	0.0042321667814049745	0.0	0.9736842105263158	145593.86973180078
chr7	112516460	112516673	RNA9692	213	48	0.015907102325779	1.4700700376124589e-05	0.9791666666666666	225352.11267605633
chr7	112521863	112522076	RNA9693	213	35	2.688093487189643e-05	1.4698100130772218e-05	1.0	164319.2488262911
chr7	112521879	112522092	RNA9694	213	36	2.654229501785878e-05	1.4697900041937828e-05	1.0	169014.08450704225
chr7	113778012	113778225	RNA9695	0	0				
chr7	113778223	113778436	RNA9696	0	0				
chr7	113778935	113779148	RNA9697	0	0				
chr7	113779219	113779432	RNA9698	0	0				
chr7	113872923	113873083	RNA9699	160	40	2.8697167726926647e-05	0.0	1.0	250000.0
chr7	115916674	115916935	RNA9700	261	51	0.016136586498706654	0.0	0.9803921568627451	195402.29885057473
chr7	116524527	116524788	RNA9701	255	62	2.8422102508146394e-05	0.0	1.0	243137.25490196078
chr7	116524554	116524815	RNA9702	258	63	2.7141002502748805e-05	0.0	1.0	244186.0465116279
chr7	116524571	116524784	RNA9703	213	47	3.50884055033601e-05	1.4698500308440998e-05	1.0	220657.27699530515
chr7	116524667	116524928	RNA9704	261	60	3.336254264164936e-05	1.4698100130772218e-05	1.0	229885.05747126436
chr7	117876018	117876279	RNA9705	261	43	0.00031586071418132037	0.0	1.0	164750.95785440612
chr7	117876957	117877218	RNA9706	261	43	0.003569023371773951	1.4696799553348685e-05	0.9767441860465116	164750.95785440612
chr7	117877803	117878064	RNA9707	261	50	8.027538564419647e-05	0.0	1.0	191570.88122605364
chr7	117881834	117882095	RNA9708	261	44	0.007650667717288424	1.4696599919261644e-05	0.9772727272727273	168582.37547892722
chr7	121858582	121858843	RNA9709	261	58	2.1796539668085633e-05	0.0	1.0	222222.22222222222
chr7	123560978	123561064	RNA9710	86	12	6.124316617691268e-06	0.0	1.0	139534.88372093023
chr7	126102328	126102489	RNA9711	161	38	6.123199967221142e-05	0.0	1.0	236024.84472049688
chr7	126313496	126313661	RNA9712	165	26	7.921296156172712e-06	0.0	1.0	157575.75757575757
chr7	127457715	127457801	RNA9713	86	11	5.345281847853172e-06	0.0	1.0	127906.97674418605
chr7	127618642	127618728	RNA9714	86	15	1.567777344462229e-05	1.4697699953103438e-05	1.0	174418.6046511628
chr7	127618887	127618973	RNA9715	86	15	1.2738026756171393e-05	0.0	1.0	174418.6046511628
chr7	127619794	127619880	RNA9716	86	19	8.511226520855225e-06	0.0	1.0	220930.23255813954
chr7	128669931	128670017	RNA9717	86	0				0.0
chr7	128669974	128670060	RNA9718	86	0				0.0
chr7	128669976	128670062	RNA9719	86	0				0.0
chr7	129222530	129222616	RNA9720	86	14	0.028676149667587327	1.47024002217222e-05	0.9285714285714286	162790.69767441862
chr7	130063282	130063443	RNA9721	159	0				0.0
chr7	130291459	130291624	RNA9722	165	43	0.019400922595555446	1.4697199731017465e-05	0.9767441860465116	260606.0606060606
chr7	130687579	130687744	RNA9723	165	30	0.03336763390349611	1.4699399798701052e-05	0.9666666666666667	181818.18181818182
chr7	130689097	130689258	RNA9724	161	24	3.246100421467809e-05	1.4699799976369832e-05	1.0	149068.32298136645
chr7	130689349	130689514	RNA9725	165	20	0.05001616950494281	0.0	0.95	121212.12121212122
chr7	130690754	130690915	RNA9726	149	5	2.995782051583976e-05	0.0	1.0	33557.04697986577
chr7	130697786	130697947	RNA9727	161	32	0.03126378233761784	1.4696999642183075e-05	0.96875	198757.76397515528
chr7	130699499	130699664	RNA9728	165	22	0.00023247748260308033	0.0	1.0	133333.33333333334
chr7	132728933	132729098	RNA9729	165	29	0.0015319985202887358	1.4699799976369832e-05	1.0	175757.57575757575
chr7	132729223	132729388	RNA9730	165	37	1.4305910726024367e-05	1.4697199731017465e-05	1.0	224242.42424242425
chr7	132729634	132729799	RNA9731	165	29	0.001437623665534089	1.4699799976369832e-05	1.0	175757.57575757575
chr7	132729831	132729996	RNA9732	165	37	0.010685676394968063	0.0	0.972972972972973	224242.42424242425
chr7	132730902	132731063	RNA9733	161	27	0.014409257919969262	0.0	0.9629629629629629	167701.86335403728
chr7	132732856	132733017	RNA9734	161	36	0.05677161766334393	1.4700699921377236e-05	0.9444444444444444	223602.4844720497
chr7	132733057	132733218	RNA9735	161	33	3.162603380505058e-05	1.4696799553348685e-05	1.0	204968.9440993789
chr7	132733662	132733823	RNA9736	161	38	3.300178382471686e-05	0.0	1.0	236024.84472049688
chr7	133242612	133242698	RNA9737	86	13	0.012916666523988856	0.0	0.9230769230769231	151162.7906976744
chr7	135773437	135773598	RNA9738	161	33	1.3808293812016855e-05	1.4697199731017465e-05	1.0	204968.9440993789
chr7	135980196	135980361	RNA9739	165	27	7.294305874825689e-05	1.4696400285174605e-05	1.0	163636.36363636365
chr7	138383390	138384149	RNA9740	759	152	3.133945012665667e-05	1.4697199731017465e-05	1.0	200263.5046113307
chr7	138408545	138408618	RNA9741	73	0				0.0
chr7	142316895	142316968	RNA9742	73	0				0.0
chr7	142318458	142319217	RNA9743	759	0				0.0
chr7	143308524	143309283	RNA9744	759	144	0.00010620128947872453	1.4698500308440998e-05	1.0	189723.32015810275
chr7	143310301	143310374	RNA9745	73	20	4.044135484945829e-05	1.4703699889651034e-05	1.0	273972.602739726
chr7	143369455	143370214	RNA9746	757	143	0.022952740106145907	0.0	0.965034965034965	188903.56671070014
chr7	143371640	143372399	RNA9747	759	132	0.007734093265849932	0.0	0.9696969696969697	173913.04347826086
chr7	143375307	143375380	RNA9748	73	15	1.568044651017984e-05	0.0	1.0	205479.4520547945
chr7	143375436	143375509	RNA9749	73	16	1.194459355246496e-05	0.0	1.0	219178.08219178082
chr7	143530356	143531115	RNA9750	759	0				0.0
chr7	143530750	143531509	RNA9751	759	0				0.0
chr7	143531151	143531910	RNA9752	584	0				0.0
chr7	143532309	143532382	RNA9753	0	0				
chr7	143535485	143535558	RNA9754	0	0				
chr7	143582771	143582844	RNA9755	0	0				
chr7	144393222	144393981	RNA9756	759	133	0.010809840195309202	0.0	0.9774436090225563	175230.56653491437
chr7	144394036	144394109	RNA9757	73	8	0.07112047503301255	1.4699199709866662e-05	0.875	109589.04109589041
chr7	145238018	145238656	RNA9758	638	148	0.02942089406217968	1.469549988541985e-05	0.9662162162162162	231974.92163009403
chr7	145687775	145688534	RNA9759	759	185	0.018120251616931673	1.4698100130772218e-05	0.9783783783783784	243741.7654808959
chr7	148439123	148439344	RNA9760	221	39	0.008045279700197095	1.4701099644298664e-05	0.9743589743589743	176470.58823529413
chr7	148439211	148439284	RNA9761	73	13	5.6560583288950106e-05	1.470159986638464e-05	1.0	178082.19178082192
chr7	148439477	148440175	RNA9762	698	140	0.0071980755061758816	0.0	0.9928571428571429	200573.0659025788
chr7	148801275	148801913	RNA9763	638	143	0.0010199926687068967	1.4697199731017465e-05	0.986013986013986	224137.93103448275
chr7	149525839	149526477	RNA9764	638	87	0.011090644299928358	0.0	0.9885057471264368	136363.63636363635
chr7	149536554	149537192	RNA9765	638	118	0.019734581152842094	1.4696599919261644e-05	0.9745762711864406	184952.97805642633
chr7	149536938	149537576	RNA9766	638	107	0.01266952875507273	0.0	0.9813084112149533	167711.5987460815
chr7	150417453	150417692	RNA9767	239	0				0.0
chr7	150418100	150418738	RNA9768	628	0				0.0
chr7	150421243	150421367	RNA9769	122	0				0.0
chr7	150424160	150424798	RNA9770	638	0				0.0
chr7	150427384	150428022	RNA9771	607	0				0.0
chr7	150429123	150429344	RNA9772	221	35	0.00011001311954065287	0.0	1.0	158371.0407239819
chr7	150805623	150806321	RNA9773	698	109	0.015940260592746728	0.0	0.9541284403669725	156160.45845272206
chr7	150905932	150906570	RNA9774	638	94	0.01066551024794225	0.0	0.9893617021276596	147335.42319749214
chr7	151332260	151332481	RNA9775	221	51	0.05082279378706624	1.4699799976369832e-05	0.9215686274509803	230769.23076923078
chr7	151332362	151332583	RNA9776	221	43	0.018895354150900365	0.0	0.9534883720930233	194570.13574660633
chr7	151333920	151334141	RNA9777	221	34	0.03335910555658889	1.470434972361545e-05	0.9411764705882353	153846.15384615384
chr7	151420702	151420923	RNA9778	221	37	0.027250652327229785	1.4696799553348685e-05	0.972972972972973	167420.814479638
chr7	151421793	151422014	RNA9779	221	41	1.0038278027999828e-05	0.0	1.0	185520.36199095024
chr7	151530747	151530968	RNA9780	221	31	2.2305451238932058e-05	0.0	1.0	140271.49321266968
chr7	151540600	151541298	RNA9781	698	142	0.007213110793183887	1.470025017624721e-05	0.9929577464788732	203438.3954154728
chr7	151542806	151543504	RNA9782	695	133	0.015131491632114611	1.470460028940579e-05	0.9849624060150376	191366.90647482013
chr7	151552907	151553605	RNA9783	698	158	0.020237324225225947	0.0	0.9620253164556962	226361.03151862463
chr7	151880343	151881041	RNA9784	698	134	0.00750399046442066	1.469569997425424e-05	0.9925373134328358	191977.07736389685
chr7	151881448	151882146	RNA9785	698	136	0.01595259579165245	0.0	0.9779411764705882	194842.40687679083
chr7	151900390	151901088	RNA9786	693	156	0.0011457557127297858	0.0	0.9935897435897436	225108.22510822513
chr7	152126726	152127176	RNA9787	450	90	0.011136750591099875	1.4695050140289823e-05	0.9888888888888889	200000.0
chr7	152130123	152130821	RNA9788	698	141	0.014144078399422529	0.0	0.9858156028368794	202005.7306590258
chr7	152132614	152132835	RNA9789	221	56	2.4149082215828684e-05	7.347749942709925e-06	1.0	253393.66515837103
chr7	152133063	152133701	RNA9790	638	137	0.017339189057711864	1.4698100130772218e-05	0.9781021897810219	214733.54231974922
chr7	154894350	154894474	RNA9791	124	28	0.03573873088294022	1.469590006308863e-05	0.9285714285714286	225806.4516129032
chr7	154894709	154894999	RNA9792	269	67	0.017019402516590197	1.4698999621032272e-05	0.9402985074626866	249070.63197026023
chr7	154895163	154895402	RNA9793	239	44	0.008438315791346955	7.347749942709925e-06	0.9545454545454546	184100.41841004184
chr7	155025962	155027046	RNA9794	1082	175	0.0018298736546629283	1.4697699953103438e-05	0.9942857142857143	161737.52310536045
chr7	155261355	155261479	RNA9795	124	18	0.057258510054857145	1.469549988541985e-05	0.9444444444444444	145161.29032258067
chr7	155285297	155285536	RNA9796	239	47	2.5648806048919592e-05	1.4698500308440998e-05	1.0	196652.719665272
chr7	155345811	155345935	RNA9797	115	31	0.032298704183396636	0.0	0.967741935483871	269565.2173913043
chr7	155347558	155347682	RNA9798	58	0				0.0
chr7	155370474	155370713	RNA9799	239	47	0.0003086500263963541	1.4697199731017465e-05	1.0	196652.719665272
chr7	155371180	155371304	RNA9800	124	20	0.036042834045474585	1.469984999857843e-05	0.9	161290.32258064515
chr7	155381676	155381915	RNA9801	239	59	0.017143113028935855	0.0	0.9661016949152542	246861.92468619248
chr7	155381910	155382034	RNA9802	124	48	0.017296747031745472	0.0	0.9791666666666666	387096.77419354836
chr7	155401860	155402099	RNA9803	239	46	0.00011919043111882246	1.4696999642183075e-05	1.0	192468.61924686193
chr7	155411883	155412122	RNA9804	239	39	0.05140774221271361	1.4700300198455809e-05	0.9487179487179487	163179.91631799165
chr7	155470476	155470600	RNA9805	124	19	7.736163225720366e-06	0.0	1.0	153225.8064516129
chr7	155470927	155471166	RNA9806	239	45	0.0007187497091258083	0.0	1.0	188284.51882845187
chr7	155979685	155980135	RNA9807	450	101	0.0016887634400257273	0.0	0.9801980198019802	224444.44444444444
chr7	156080944	156081068	RNA9808	124	18	0.00041812797866845695	0.0	1.0	145161.29032258067
chr7	156086330	156086551	RNA9809	221	35	0.028804474491854696	1.4699399798701052e-05	0.9714285714285714	158371.0407239819
chr7	156086543	156086782	RNA9810	239	49	0.04083221045924319	1.4698100130772218e-05	0.9591836734693877	205020.92050209205
chr7	156088502	156089200	RNA9811	698	154	0.00479245155235742	0.0	0.9935064935064936	220630.37249283667
chr7	156988053	156988343	RNA9812	290	68	0.03702372822230619	1.4699799976369832e-05	0.9264705882352942	234482.75862068965
chr7	156988615	156989065	RNA9813	450	94	0.015700823100892283	7.348200142587302e-06	0.9680851063829787	208888.8888888889
chr7	156989238	156989688	RNA9814	450	84	0.030375178305251077	7.347100108745508e-06	0.9642857142857143	186666.6666666667
chr7	156990180	156990630	RNA9815	450	40	0.02501506506769146	1.4697199731017465e-05	0.975	88888.88888888889
chr7	157056406	157056856	RNA9816	450	93	3.12980898431082e-05	1.4697699953103438e-05	1.0	206666.66666666666
chr7	157056978	157057428	RNA9817	450	14	0.2850868486016225	1.4716899841005215e-05	0.7142857142857143	31111.11111111111
chr7	157124962	157125412	RNA9818	450	100	0.010026468033256606	0.0	0.99	222222.22222222222
chr7	157533068	157533358	RNA9819	290	58	0.024806842694096273	1.4696599919261644e-05	0.9655172413793104	200000.0
chr7	157533663	157534747	RNA9820	1084	169	0.009167265995841438	0.0	0.9822485207100592	155904.0590405904
chr7	157537092	157537542	RNA9821	450	84	0.02383454603058713	1.4697199731017465e-05	0.9761904761904762	186666.6666666667
chr7	157537841	157538131	RNA9822	290	55	1.8173654428785814e-05	0.0	1.0	189655.1724137931
chr7	157538008	157538298	RNA9823	290	56	2.7037723319669557e-05	1.4697699953103438e-05	1.0	193103.44827586206
chr7	158587842	158588132	RNA9824	261	93	0.0007953899815914508	1.5552099284832366e-05	0.989247311827957	356321.8390804598
chr7	158587972	158588262	RNA9825	285	92	5.555990113585146e-05	1.484120002714917e-05	1.0	322807.01754385966
chr7	158588141	158588431	RNA9826	290	88	4.4254610935982536e-05	1.4700500287290199e-05	1.0	303448.275862069
chr7	158971621	158972705	RNA9827	1079	199	0.029928977754203497	1.469590006308863e-05	0.9698492462311558	184430.02780352178
chr7	158972767	158973057	RNA9828	290	75	0.029245873283750067	0.0	0.96	258620.68965517243
chr7	158991464	158992548	RNA9829	1079	219	0.017577594271754867	1.4696799553348685e-05	0.9634703196347032	202965.70898980537
chr7	159004520	159005604	RNA9830	1082	198	0.008776761257296227	1.4696999642183075e-05	0.9848484848484849	182994.45471349356
chr7	159148258	159149342	RNA9831	1077	224	0.01382936830755657	1.4696400285174605e-05	0.9776785714285714	207985.14391829155
chr7	159157066	159158150	RNA9832	1078	232	0.011918067101752397	1.469590006308863e-05	0.9870689655172413	215213.35807050092
chr7	159164442	159165526	RNA9833	798	168	0.0172298194183408	1.4698100130772218e-05	0.9523809523809523	210526.31578947368
chr7	159328575	159329025	RNA9834	436	0				0.0
chr8	609368	609519	RNA9835	151	35	0.01678851848196895	0.0	0.9714285714285714	231788.07947019866
chr8	611195	611346	RNA9836	151	51	2.796032307135924e-05	1.4697199731017465e-05	1.0	337748.34437086096
chr8	612238	612389	RNA9837	151	49	0.021429661886904053	1.469509970775107e-05	0.9387755102040817	324503.31125827815
chr8	612280	612431	RNA9838	151	43	0.012880093775260486	1.469509970775107e-05	0.9767441860465116	284768.21192052984
chr8	1963211	1963362	RNA9839	151	53	0.009999792164651222	1.4696400285174605e-05	0.9811320754716981	350993.3774834437
chr8	1963829	1963980	RNA9840	151	45	0.0024496815608977636	0.0	0.9777777777777777	298013.2450331126
chr8	1964736	1964887	RNA9841	151	56	0.017874729039298078	1.4698300219606608e-05	0.9821428571428571	370860.9271523179
chr8	2464221	2464372	RNA9842	0	0				
chr8	5000756	5000973	RNA9843	217	62	0.0015156277481618112	0.0	0.9838709677419355	285714.2857142857
chr8	5007603	5007786	RNA9844	183	73	0.01372037918634006	1.4698999621032272e-05	0.9863013698630136	398907.1038251366
chr8	5010162	5010314	RNA9845	152	58	0.02897030572910744	1.4704999557579868e-05	0.9655172413793104	381578.94736842107
chr8	6312800	6312980	RNA9846	175	48	0.00020786333607247535	0.0	1.0	274285.7142857143
chr8	6314488	6314639	RNA9847	146	8	2.4582149990237667e-05	1.5072800124471541e-05	1.0	54794.520547945205
chr8	6776125	6776344	RNA9848	219	76	0.036925492388323426	1.469744984206045e-05	0.9342105263157895	347031.96347031964
chr8	7042139	7042322	RNA9849	183	0				0.0
chr8	7387524	7388885	RNA9850	1361	495	0.005480729914437907	0.0	0.98989898989899	363703.15944158705
chr8	7411224	7411376	RNA9851	152	59	3.567828444844634e-05	1.4693800039822236e-05	1.0	388157.8947368421
chr8	7481360	7481577	RNA9852	217	65	0.01612583914815891	0.0	0.9692307692307692	299539.1705069124
chr8	7799285	7799462	RNA9853	0	0				
chr8	8034906	8035089	RNA9854	0	0				
chr8	8051953	8052136	RNA9855	44	0				0.0
chr8	8057283	8057466	RNA9856	79	0				0.0
chr8	8254527	8254710	RNA9857	183	60	1.3229684979402615e-05	0.0	1.0	327868.8524590164
chr8	8255650	8255833	RNA9858	183	48	0.02320876485701243	1.4696599919261644e-05	0.9583333333333334	262295.08196721313
chr8	8313781	8313933	RNA9859	152	30	6.771119187760116e-05	0.0	1.0	197368.42105263157
chr8	8315680	8315863	RNA9860	183	51	0.005082405164477461	1.4700300198455809e-05	0.9803921568627451	278688.5245901639
chr8	8317076	8317293	RNA9861	217	72	6.247536502238592e-05	0.0	1.0	331797.2350230415
chr8	8404622	8404774	RNA9862	152	54	6.92573580467804e-05	0.0	1.0	355263.15789473685
chr8	8410583	8410735	RNA9863	152	41	4.661016437904696e-05	1.4699399798701052e-05	1.0	269736.84210526315
chr8	8427914	8428066	RNA9864	152	43	0.023295466255889505	0.0	0.9767441860465116	282894.7368421053
chr8	8434021	8434173	RNA9865	152	32	2.435224354257868e-05	0.0	1.0	210526.31578947368
chr8	8451060	8451277	RNA9866	217	48	0.00021379933516148524	1.4696999642183075e-05	1.0	221198.15668202765
chr8	8454947	8455164	RNA9867	217	63	1.959955558944547e-05	1.469590006308863e-05	1.0	290322.58064516133
chr8	8489054	8489271	RNA9868	217	45	0.01589436916486496	1.469590006308863e-05	0.9555555555555556	207373.2718894009
chr8	8493213	8493430	RNA9869	217	56	8.137158975582029e-06	0.0	1.0	258064.51612903224
chr8	8532302	8532454	RNA9870	152	39	1.1683974522524155e-05	0.0	1.0	256578.94736842107
chr8	8546992	8547209	RNA9871	217	74	5.405252569608662e-05	1.4702900443808176e-05	1.0	341013.8248847927
chr8	9129360	9129512	RNA9872	152	46	1.789259121047137e-05	1.4696150174131617e-05	1.0	302631.5789473684
chr8	9130469	9130652	RNA9873	183	51	0.01962253422455736	1.470929964852985e-05	0.9607843137254902	278688.5245901639
chr8	9786303	9786520	RNA9874	217	53	0.01889565563415776	0.0	0.9811320754716981	244239.63133640552
chr8	10429432	10429651	RNA9875	219	70	2.6045935607853415e-05	7.349699899350526e-06	1.0	319634.703196347
chr8	10431881	10432061	RNA9876	180	53	0.0006814767633463685	0.0	1.0	294444.44444444444
chr8	10884745	10884925	RNA9877	180	38	0.02633280758958503	1.469724975322606e-05	0.9736842105263158	211111.11111111112
chr8	10884812	10884992	RNA9878	180	37	0.027065557634823316	1.4696799553348685e-05	0.972972972972973	205555.55555555553
chr8	10888046	10888265	RNA9879	219	40	0.007158503027926595	1.4696999642183075e-05	0.975	182648.401826484
chr8	10888997	10889216	RNA9880	219	36	1.755539976026386e-05	0.0	1.0	164383.5616438356
chr8	10890085	10890265	RNA9881	180	41	0.0025436549615223173	1.4697699953103438e-05	0.975609756097561	227777.77777777778
chr8	10892514	10892733	RNA9882	219	51	0.03712497682596115	0.0	0.9607843137254902	232876.7123287671
chr8	11476113	11476293	RNA9883	180	52	0.019480021164886584	1.4700699921377236e-05	0.9807692307692307	288888.8888888889
chr8	11476147	11476366	RNA9884	218	63	0.047555425500470996	1.4700300198455809e-05	0.9523809523809523	288990.8256880734
chr8	11476586	11477947	RNA9885	1361	390	0.015679867420399552	1.469549988541985e-05	0.982051282051282	286554.00440852315
chr8	11477195	11477375	RNA9886	180	57	0.017564757377457635	0.0	0.9824561403508771	316666.6666666666
chr8	11477854	11478073	RNA9887	219	54	0.01978654712950258	1.469744984206045e-05	0.9814814814814815	246575.3424657534
chr8	11478015	11478234	RNA9888	219	52	0.019382302621299734	1.4694850051455433e-05	0.9807692307692307	237442.9223744292
chr8	11478219	11478399	RNA9889	180	47	0.04261324237496468	1.4698100130772218e-05	0.9574468085106383	261111.11111111112
chr8	11764395	11764572	RNA9890	177	54	0.007983231139725695	0.0	0.9814814814814815	305084.74576271186
chr8	12083783	12085144	RNA9891	0	0				
chr8	12087736	12089097	RNA9892	2	49	0.011923758475135472	0.0	0.9387755102040817	24500000.0
chr8	12087844	12089205	RNA9893	2	49	0.011923758475135472	0.0	0.9387755102040817	24500000.0
chr8	12088205	12088424	RNA9894	0	0				
chr8	12088740	12088920	RNA9895	0	17	0.010593368162089434	0.0	0.9411764705882353	
chr8	12669435	12670796	RNA9896	1359	0				0.0
chr8	12669462	12670823	RNA9897	1359	0				0.0
chr8	12669623	12670984	RNA9898	1359	0				0.0
chr8	12693307	12693484	RNA9899	177	0				0.0
chr8	12757860	12758037	RNA9900	177	48	0.017711568435951595	0.0	0.9791666666666666	271186.4406779661
chr8	12760809	12760986	RNA9901	177	52	2.828670632809912e-05	0.0	1.0	293785.3107344633
chr8	12856457	12856634	RNA9902	177	65	0.031826229694538945	0.0	0.9538461538461539	367231.6384180791
chr8	12857043	12857220	RNA9903	177	42	4.025710110172407e-05	0.0	1.0	237288.13559322036
chr8	12893447	12893624	RNA9904	177	60	0.0004151916274319402	1.469724975322606e-05	1.0	338983.0508474576
chr8	13053710	13055071	RNA9905	1348	487	0.013627662531443046	1.4698100130772218e-05	0.9753593429158111	361275.96439169144
chr8	13053827	13054044	RNA9906	204	80	0.016846085217525793	1.4698749964736635e-05	0.975	392156.862745098
chr8	13060654	13060837	RNA9907	183	90	0.029724729335046298	7.350150099227904e-06	0.9444444444444444	491803.27868852456
chr8	13061548	13061700	RNA9908	152	61	3.976132139824592e-05	0.0	1.0	401315.7894736842
chr8	13792603	13792780	RNA9909	177	56	0.0333178893127654	1.469569997425424e-05	0.9642857142857143	316384.1807909605
chr8	15407060	15407240	RNA9910	180	52	0.0010233342340353088	1.4697900041937828e-05	0.9807692307692307	288888.8888888889
chr8	15416757	15416976	RNA9911	219	66	0.03078350603552528	0.0	0.9696969696969697	301369.8630136986
chr8	17020898	17022259	RNA9912	1358	417	0.009827556281309859	1.469590006308863e-05	0.9832134292565947	307069.21944035345
chr8	17574504	17574681	RNA9913	176	37	0.03381988741480077	1.4708900380355772e-05	0.8918918918918919	210227.27272727274
chr8	18481054	18482303	RNA9914	1247	281	0.009856718789608964	0.0	0.9786476868327402	225340.81796311148
chr8	19780534	19780616	RNA9915	82	15	7.841439946787432e-06	0.0	1.0	182926.82926829267
chr8	22576870	22578119	RNA9916	1249	269	0.019375572891659195	0.0	0.9776951672862454	215372.2978382706
chr8	23235689	23236938	RNA9917	1240	245	0.001446565971068313	0.0	0.9918367346938776	197580.6451612903
chr8	23265288	23266537	RNA9918	1249	198	0.0016160865129080226	0.0	0.98989898989899	158526.82145716573
chr8	23265939	23267188	RNA9919	1245	77	0.0012219461667847117	0.0	0.987012987012987	61847.389558232935
chr8	23499765	23501014	RNA9920	1248	209	0.008175842906289222	0.0	0.9904306220095693	167467.94871794872
chr8	23501268	23501350	RNA9921	82	14	5.2529571803461295e-06	0.0	1.0	170731.7073170732
chr8	23501822	23503071	RNA9922	1248	230	0.01185267250010166	1.4697699953103438e-05	0.9782608695652174	184294.8717948718
chr8	23503003	23504252	RNA9923	1234	188	0.005691483089752546	1.4698749964736635e-05	0.9893617021276596	152350.08103727715
chr8	23580246	23580328	RNA9924	82	13	4.523161526147025e-06	0.0	1.0	158536.58536585365
chr8	23580510	23580592	RNA9925	82	21	0.029212818457121356	1.470460028940579e-05	0.9047619047619048	256097.56097560975
chr8	23580637	23580719	RNA9926	82	18	0.0038945818857630135	1.4729499980603578e-05	0.9444444444444444	219512.19512195123
chr8	24942252	24942334	RNA9927	82	28	0.03486864785366249	1.4709750303154578e-05	0.9642857142857143	341463.4146341464
chr8	24942656	24942926	RNA9928	265	63	0.001989472492809115	0.0	0.9841269841269841	237735.84905660377
chr8	24942854	24942948	RNA9929	90	0				0.0
chr8	24943152	24943234	RNA9930	82	34	0.00015538815753589645	1.4703499800816644e-05	1.0	414634.1463414634
chr8	24943184	24943266	RNA9931	82	29	0.0009150475985922462	1.4708900380355772e-05	1.0	353658.53658536583
chr8	24957705	24957787	RNA9932	82	20	3.895379995810243e-05	1.4697199731017465e-05	1.0	243902.43902439025
chr8	24959115	24960364	RNA9933	1234	242	0.02790794961632975	1.4698999621032272e-05	0.9462809917355371	196110.21069692058
chr8	24959687	24960823	RNA9934	1121	221	0.025652443844048967	1.4697699953103438e-05	0.9547511312217195	197145.40588760035
chr8	28246009	28247258	RNA9935	1237	241	0.01850623942461587	1.4696400285174605e-05	0.979253112033195	194826.1924009701
chr8	29065467	29066603	RNA9936	1136	263	0.012878830868645072	0.0	0.9847908745247148	231514.08450704225
chr8	29065719	29065813	RNA9937	94	27	0.020850481391486635	0.0	0.9629629629629629	287234.04255319154
chr8	29066609	29066879	RNA9938	270	63	0.01590055107777833	1.4698500308440998e-05	0.9841269841269841	233333.33333333334
chr8	29362353	29363489	RNA9939	1089	217	0.01396478838977252	0.0	0.9815668202764977	199265.3810835629
chr8	29362690	29362784	RNA9940	94	14	1.680803559013709e-05	7.347950031544315e-06	1.0	148936.17021276595
chr8	29363819	29364089	RNA9941	270	50	0.020896764553599498	1.4696799553348685e-05	0.98	185185.18518518517
chr8	29363928	29364010	RNA9942	82	14	0.003128184426584211	1.4696400285174605e-05	1.0	170731.7073170732
chr8	29364118	29364212	RNA9943	94	18	0.0002245139534251262	1.4697900041937828e-05	1.0	191489.36170212764
chr8	29366465	29367601	RNA9944	1136	231	0.013009029187781641	0.0	0.987012987012987	203345.0704225352
chr8	29366769	29366863	RNA9945	94	30	0.06667548495015581	0.0	0.9333333333333333	319148.9361702128
chr8	29366824	29367960	RNA9946	1136	223	0.01796292038393872	0.0	0.9775784753363229	196302.81690140843
chr8	29368058	29368328	RNA9947	270	55	0.003035386936938836	1.4700300198455809e-05	0.9818181818181818	203703.70370370368
chr8	29368114	29368384	RNA9948	270	56	0.0038649131199852923	1.470200004405342e-05	0.9642857142857143	207407.4074074074
chr8	30012903	30014039	RNA9949	1136	182	0.019881450276283588	1.4696599919261644e-05	0.9725274725274725	160211.26760563382
chr8	30013004	30013274	RNA9950	270	29	0.02108858144787644	1.4699799976369832e-05	0.9655172413793104	107407.40740740742
chr8	30013246	30013340	RNA9951	94	12	0.07163992402828019	1.4703750366606982e-05	0.9166666666666666	127659.57446808509
chr8	30013469	30013739	RNA9952	270	46	0.02177875007859968	1.4697699953103438e-05	0.9782608695652174	170370.37037037036
chr8	30013482	30013576	RNA9953	94	15	9.014224742713197e-05	0.0	1.0	159574.4680851064
chr8	30013844	30014980	RNA9954	1136	195	0.017223242282246545	0.0	0.9743589743589743	171654.9295774648
chr8	30014937	30015031	RNA9955	94	10	3.08750098156398e-05	7.349899988184916e-06	1.0	106382.97872340426
chr8	30015021	30015291	RNA9956	268	49	1.3777826413332568e-05	0.0	1.0	182835.8208955224
chr8	30036300	30037436	RNA9957	1134	209	0.01820277195486522	1.4697199731017465e-05	0.9808612440191388	184303.35097001764
chr8	30937140	30937410	RNA9958	270	0				0.0
chr8	30941784	30941878	RNA9959	94	17	4.842035870001601e-05	1.4697699953103438e-05	1.0	180851.06382978725
chr8	30953230	30954366	RNA9960	1135	215	0.00842108443171445	1.4696400285174605e-05	0.9813953488372092	189427.31277533039
chr8	34412586	34412925	RNA9961	339	63	0.010396949032737109	0.0	0.9841269841269841	185840.70796460178
chr8	34641230	34641324	RNA9962	94	19	3.0177042390268585e-05	0.0	1.0	202127.65957446807
chr8	34768112	34768382	RNA9963	270	44	0.00010489615835301831	0.0	1.0	162962.96296296298
chr8	34952103	34953239	RNA9964	1136	258	0.013285336945317291	0.0	0.9806201550387597	227112.67605633804
chr8	37258722	37259032	RNA9965	309	59	0.024227316253603987	0.0	0.9491525423728814	190938.51132686084
chr8	37373681	37374020	RNA9966	339	76	4.404750936708582e-05	1.4696799553348685e-05	1.0	224188.79056047197
chr8	37374231	37374570	RNA9967	339	58	3.522733241283879e-05	0.0	1.0	171091.4454277286
chr8	37375292	37375631	RNA9968	339	89	0.009342429030613364	0.0	0.9887640449438202	262536.8731563422
chr8	37375893	37376232	RNA9969	339	63	0.019454314283379175	0.0	0.9682539682539683	185840.70796460178
chr8	38886903	38887242	RNA9970	339	33	0.030330232663772848	0.0	0.9696969696969697	97345.13274336283
chr8	38891080	38891419	RNA9971	339	58	0.004239854114577356	0.0	0.9655172413793104	171091.4454277286
chr8	38893344	38893683	RNA9972	339	73	0.01584273727686407	1.4702900443808176e-05	0.9726027397260274	215339.2330383481
chr8	39106251	39106590	RNA9973	339	77	6.378256964491934e-05	0.0	1.0	227138.64306784663
chr8	41231130	41231440	RNA9974	310	58	0.03827590390240182	1.469724975322606e-05	0.9482758620689655	187096.7741935484
chr8	41926560	41926870	RNA9975	310	58	1.4954287884204051e-05	0.0	1.0	187096.7741935484
chr8	41927215	41927525	RNA9976	310	51	0.019612742731392335	0.0	0.9803921568627451	164516.12903225806
chr8	41929028	41929338	RNA9977	310	67	0.014938977629808234	1.4698100130772218e-05	0.9850746268656716	216129.03225806452
chr8	43204088	43204398	RNA9978	310	59	0.00015842874585113043	0.0	1.0	190322.58064516127
chr8	43204401	43204711	RNA9979	310	90	0.011127280935377508	0.0	0.9888888888888889	290322.58064516133
chr8	43205101	43205411	RNA9980	310	54	0.00014248850572618724	0.0	1.0	174193.5483870968
chr8	43271980	43272290	RNA9981	310	0				0.0
chr8	43525288	43525627	RNA9982	339	97	0.04147150880002413	0.0	0.9587628865979382	286135.6932153392
chr8	46919885	46920416	RNA9983	531	96	0.011529002697187702	1.4699199709866662e-05	0.9791666666666666	180790.96045197741
chr8	46958500	46958810	RNA9984	310	57	0.017567068070204916	1.4696400285174605e-05	0.9824561403508771	183870.96774193548
chr8	50881058	50881589	RNA9985	531	127	0.007973260313612953	1.469549988541985e-05	0.9921259842519685	239171.3747645951
chr8	51809445	51809976	RNA9986	531	102	3.069723577615804e-05	0.0	1.0	192090.395480226
chr8	51810893	51811263	RNA9987	367	74	0.014768734121807443	1.4727550023962976e-05	0.972972972972973	201634.87738419618
chr8	51811348	51811879	RNA9988	531	77	0.001299463372821006	0.0	0.987012987012987	145009.41619585687
chr8	51812732	51813263	RNA9989	531	101	0.026943395620442557	1.4702900443808176e-05	0.9603960396039604	190207.1563088512
chr8	52024387	52024918	RNA9990	531	108	0.005345050246896115	1.4696999642183075e-05	0.9907407407407407	203389.83050847458
chr8	52026374	52026905	RNA9991	531	116	0.017839722427448447	1.4697699953103438e-05	0.9741379310344828	218455.7438794727
chr8	52056089	52056620	RNA9992	531	110	0.01822859421045822	1.4696599919261644e-05	0.9818181818181818	207156.3088512241
chr8	52948405	52948936	RNA9993	531	97	0.00811404170195301	0.0	0.979381443298969	182674.19962335215
chr8	55568726	55569096	RNA9994	370	83	0.012068558341086888	0.0	0.9879518072289156	224324.32432432435
chr8	56357388	56357758	RNA9995	370	0				0.0
chr8	56363077	56363447	RNA9996	370	0				0.0
chr8	56364598	56364968	RNA9997	370	0				0.0
chr8	56560705	56561075	RNA9998	370	47	0.05154601709594491	0.0	0.9361702127659575	127027.02702702704
chr8	56564477	56564847	RNA9999	370	89	2.9078541435376983e-05	1.4699399798701052e-05	1.0	240540.54054054056
chr8	56603072	56603442	RNA10000	370	76	0.02446324519605456	1.4698500308440998e-05	0.9736842105263158	205405.4054054054
chr8	56939580	56940111	RNA10001	530	116	0.00021501221774620588	0.0	1.0	218867.9245283019
chr8	57459423	57459793	RNA10002	370	49	0.01635699368407771	0.0	0.9795918367346939	132432.43243243243
chr8	60163362	60163504	RNA10003	142	0				0.0
chr8	61044569	61044939	RNA10004	370	77	0.00326306199857246	0.0	0.961038961038961	208108.1081081081
chr8	63318461	63318645	RNA10005	184	39	0.005320255648560601	0.0	0.9487179487179487	211956.52173913043
chr8	63489454	63489596	RNA10006	142	0				0.0
chr8	64972315	64972434	RNA10007	119	0				0.0
chr8	65023890	65024032	RNA10008	142	0				0.0
chr8	65148782	65148924	RNA10009	142	19	8.51086846715158e-06	0.0	1.0	133802.81690140843
chr8	65156239	65156381	RNA10010	142	27	4.5188367881494875e-05	1.4697699953103438e-05	1.0	190140.84507042254
chr8	65189178	65189320	RNA10011	142	39	0.003910946085106373	0.0	0.9487179487179487	274647.88732394367
chr8	65190035	65190177	RNA10012	142	30	0.021124533493790898	1.4695050140289823e-05	0.9666666666666667	211267.6056338028
chr8	65369063	65369205	RNA10013	132	2	7.803249900462106e-06	7.803249900462106e-06	1.0	15151.515151515152
chr8	65638487	65638743	RNA10014	256	57	0.010806099200603887	1.4697199731017465e-05	0.9824561403508771	222656.25
chr8	66179042	66179184	RNA10015	142	28	0.03232234225736516	7.348200142587302e-06	0.9642857142857143	197183.0985915493
chr8	67762904	67763088	RNA10016	184	29	0.001363173460268969	0.0	1.0	157608.69565217392
chr8	68261092	68261276	RNA10017	184	34	0.0294688323221421	1.4696349808218656e-05	0.9705882352941176	184782.60869565216
chr8	68291684	68291868	RNA10018	184	36	3.677449664488952e-05	0.0	1.0	195652.1739130435
chr8	68295283	68295467	RNA10019	184	40	0.025364900153226694	1.4699799976369832e-05	0.975	217391.30434782608
chr8	69267208	69267327	RNA10020	119	28	0.00013018018710551154	0.0	1.0	235294.11764705883
chr8	69268516	69268700	RNA10021	184	30	0.03333578440636605	7.349699899350526e-06	0.9666666666666667	163043.47826086957
chr8	69269558	69269742	RNA10022	184	36	0.001341023852369793	7.349499810516136e-06	1.0	195652.1739130435
chr8	69271378	69271543	RNA10023	165	29	2.0284341534811047e-05	0.0	1.0	175757.57575757575
chr8	69273802	69273986	RNA10024	184	46	0.00480328618424091	1.469724975322606e-05	0.9782608695652174	250000.0
chr8	69331869	69332053	RNA10025	184	55	2.0892721659037313e-05	1.4697199731017465e-05	1.0	298913.04347826086
chr8	69662323	69662442	RNA10026	119	27	6.478143903357638e-05	0.0	1.0	226890.756302521
chr8	69664885	69665004	RNA10027	119	37	0.0009538980742011486	1.4697199731017465e-05	1.0	310924.3697478992
chr8	69664891	69665010	RNA10028	119	36	0.0009808033207213554	1.4697199731017465e-05	1.0	302521.0084033613
chr8	69664970	69665226	RNA10029	256	42	0.027603191013700516	2.9394500415946823e-05	0.9523809523809523	164062.5
chr8	69867533	69867652	RNA10030	119	27	0.037080592821843714	1.469590006308863e-05	0.9629629629629629	226890.756302521
chr8	69868729	69868848	RNA10031	119	19	1.0831494699615226e-05	1.4698100130772218e-05	1.0	159663.86554621847
chr8	69936900	69937019	RNA10032	119	17	3.1260258765532184e-05	1.4743999599886592e-05	1.0	142857.14285714284
chr8	70051295	70051437	RNA10033	142	31	0.03797824423271513	0.0	0.9354838709677419	218309.85915492955
chr8	70540242	70540498	RNA10034	256	45	3.136436429889964e-05	0.0	1.0	175781.25
chr8	70561055	70561311	RNA10035	256	40	1.580422010647312e-05	0.0	1.0	156250.0
chr8	70561819	70562075	RNA10036	256	45	0.0034542072655110835	0.0	0.9777777777777777	175781.25
chr8	70571355	70571474	RNA10037	119	20	2.2059355569581042e-05	0.0	1.0	168067.2268907563
chr8	71759045	71759301	RNA10038	256	51	0.021765112585675452	1.4698999621032272e-05	0.9607843137254902	199218.75
chr8	71763981	71764204	RNA10039	223	46	0.026349615881154805	7.348849976551719e-06	0.9565217391304348	206278.0269058296
chr8	71764244	71764500	RNA10040	256	46	0.016693291594255356	1.4699000075779622e-05	0.9782608695652174	179687.5
chr8	71768415	71768671	RNA10041	256	51	0.003960433818707206	0.0	0.9803921568627451	199218.75
chr8	71774767	71775023	RNA10042	256	66	0.035588708547300375	0.0	0.9545454545454546	257812.5
chr8	72479721	72479886	RNA10043	159	70	0.023465363926022414	1.4744050076842541e-05	0.9428571428571428	440251.57232704404
chr8	72536891	72537075	RNA10044	184	40	9.212702236709287e-05	1.4712800293636974e-05	1.0	217391.30434782608
chr8	73388287	73388452	RNA10045	165	37	0.05289437254826201	0.0	0.9459459459459459	224242.42424242425
chr8	73414579	73414744	RNA10046	165	31	0.0008582802870918232	0.0	1.0	187878.78787878787
chr8	73418342	73418507	RNA10047	165	32	2.2969153206981654e-05	0.0	1.0	193939.39393939395
chr8	73904822	73904987	RNA10048	165	26	0.006930205486591702	1.4696150174131617e-05	0.9615384615384616	157575.75757575757
chr8	73904893	73905058	RNA10049	165	31	0.0001351363854419351	1.4697199731017465e-05	1.0	187878.78787878787
chr8	73905103	73905268	RNA10050	165	34	9.293603050215628e-05	0.0	1.0	206060.60606060605
chr8	74577592	74577711	RNA10051	119	18	1.5519699900318425e-05	7.348849976551719e-06	1.0	151260.50420168065
chr8	74583935	74584100	RNA10052	165	37	0.00035118608748480143	0.0	1.0	224242.42424242425
chr8	75621046	75621269	RNA10053	223	59	0.017016246811828627	0.0	0.9830508474576272	264573.99103139015
chr8	75625283	75625539	RNA10054	85	0				0.0
chr8	76384335	76384558	RNA10055	223	32	0.0002908216766570571	1.4705000012327218e-05	1.0	143497.75784753362
chr8	76385254	76385477	RNA10056	223	46	7.706079387666425e-05	0.0	1.0	206278.0269058296
chr8	76385497	76385720	RNA10057	223	51	0.005955156751613183	0.0	0.9803921568627451	228699.55156950673
chr8	76896449	76896672	RNA10058	223	49	0.0002934305626992228	0.0	1.0	219730.94170403588
chr8	76896480	76896703	RNA10059	223	50	0.0006797179183922667	0.0	1.0	224215.2466367713
chr8	76896638	76896861	RNA10060	223	43	0.004488113801207236	0.0	0.9767441860465116	192825.1121076233
chr8	77269709	77269874	RNA10061	165	36	1.1446727790421502e-05	0.0	1.0	218181.81818181818
chr8	77274887	77275110	RNA10062	221	72	0.013976679916380717	1.4714099961565807e-05	0.9861111111111112	325791.8552036199
chr8	81642342	81642565	RNA10063	223	44	0.000568635241692884	0.0	1.0	197309.41704035873
chr8	86163053	86163311	RNA10064	258	95	0.02278405363613274	0.0	0.968421052631579	368217.05426356586
chr8	90057869	90058127	RNA10065	258	40	0.025028667757510448	1.4702650332765188e-05	0.975	155038.75968992247
chr8	90992742	90993000	RNA10066	258	49	0.0001383597612458474	1.470200004405342e-05	1.0	189922.48062015505
chr8	91047058	91047316	RNA10067	258	44	0.0007049022058460892	0.0	1.0	170542.63565891472
chr8	91048013	91048271	RNA10068	258	49	4.446735221456302e-05	0.0	1.0	189922.48062015505
chr8	91089347	91089605	RNA10069	258	46	0.021917841952927116	1.470910001444281e-05	0.9782608695652174	178294.57364341087
chr8	91090866	91091124	RNA10070	258	36	0.016775618553512887	0.0	0.9722222222222222	139534.88372093023
chr8	91092520	91092778	RNA10071	258	54	5.2324010051016384e-05	0.0	1.0	209302.32558139536
chr8	92104302	92104560	RNA10072	258	33	1.7375002905525954e-05	1.4698100130772218e-05	1.0	127906.97674418605
chr8	95999665	95999923	RNA10073	258	39	9.062546105735983e-06	0.0	1.0	151162.7906976744
chr8	98160450	98160631	RNA10074	181	28	0.001354667333056817	1.4698549875902247e-05	1.0	154696.13259668509
chr8	102126085	102126266	RNA10075	181	31	0.0020110235047409745	0.0	0.967741935483871	171270.7182320442
chr8	103074452	103074633	RNA10076	181	37	1.1918532289053258e-05	0.0	1.0	204419.88950276244
chr8	103074543	103074724	RNA10077	181	42	0.00016799703574915328	0.0	1.0	232044.19889502763
chr8	103075007	103075188	RNA10078	181	30	2.253912304391655e-05	0.0	1.0	165745.85635359117
chr8	103339969	103340150	RNA10079	181	27	1.5786822182737133e-05	1.469590006308863e-05	1.0	149171.27071823206
chr8	103345008	103345189	RNA10080	181	30	0.0029686440300489836	0.0	0.9666666666666667	165745.85635359117
chr8	103345048	103345229	RNA10081	181	32	0.0027831037500334298	0.0	0.96875	176795.58011049722
chr8	104257581	104257762	RNA10082	181	31	1.6594667584048802e-05	0.0	1.0	171270.7182320442
chr8	108132466	108132647	RNA10083	181	41	0.005153871316551663	0.0	0.975609756097561	226519.3370165746
chr8	117756582	117756808	RNA10084	226	41	0.004565028286068381	1.4698100130772218e-05	0.9512195121951219	181415.92920353982
chr8	118184901	118185163	RNA10085	260	60	0.01728993372442649	1.4700900010211626e-05	0.9833333333333333	230769.23076923078
chr8	119108678	119108772	RNA10086	94	18	4.082899977220222e-06	0.0	1.0	191489.36170212764
chr8	120904074	120904300	RNA10087	226	45	2.5164289015968352e-05	0.0	1.0	199115.04424778762
chr8	120910226	120910452	RNA10088	214	44	0.001492188430388928	7.361400093941484e-06	1.0	205607.476635514
chr8	120911368	120911594	RNA10089	226	43	1.79967884071404e-05	0.0	1.0	190265.4867256637
chr8	120912200	120912426	RNA10090	226	38	0.029981959869761148	1.4698999621032272e-05	0.9473684210526315	168141.59292035399
chr8	123152216	123152417	RNA10091	201	42	2.379988314887818e-05	0.0	1.0	208955.223880597
chr8	123152602	123152696	RNA10092	94	22	4.143222300130279e-05	1.4697900041937828e-05	1.0	234042.55319148937
chr8	123152785	123153011	RNA10093	226	43	0.046548890004762436	1.4700300198455809e-05	0.9534883720930233	190265.4867256637
chr8	123153880	123154142	RNA10094	262	43	0.00019755312701437184	0.0	1.0	164122.13740458013
chr8	123153889	123154151	RNA10095	262	41	2.3300597360236296e-05	0.0	1.0	156488.54961832063
chr8	123154988	123155214	RNA10096	226	41	0.006006289404024024	0.0	0.975609756097561	181415.92920353982
chr8	123155224	123155450	RNA10097	226	27	2.2325022419625652e-05	1.4698500308440998e-05	1.0	119469.02654867257
chr8	123170971	123171233	RNA10098	262	53	0.0009994260470983039	0.0	1.0	202290.07633587788
chr8	123174578	123174840	RNA10099	261	65	1.3033382926481023e-05	0.0	1.0	249042.14559386973
chr8	123211817	123212079	RNA10100	262	47	9.100353228394624e-05	1.4697199731017465e-05	1.0	179389.31297709924
chr8	123211863	123212125	RNA10101	262	48	3.491148066813822e-05	1.4696999642183075e-05	1.0	183206.106870229
chr8	123218350	123218612	RNA10102	262	53	2.9132603900365565e-05	1.4700700376124589e-05	1.0	202290.07633587788
chr8	123766810	123767036	RNA10103	226	40	0.0009005271012256244	0.0	1.0	176991.15044247787
chr8	123833317	123833411	RNA10104	94	19	0.15347793743943552	1.4708500202686992e-05	0.8421052631578947	202127.65957446807
chr8	123833332	123833594	RNA10105	262	47	0.06205021540525659	1.4699399798701052e-05	0.9361702127659575	179389.31297709924
chr8	123836259	123836353	RNA10106	94	15	1.6660960075872328e-05	0.0	1.0	159574.4680851064
chr8	123836343	123836437	RNA10107	94	17	2.1620694068958932e-05	1.470200004405342e-05	1.0	180851.06382978725
chr8	124962735	124962829	RNA10108	94	15	1.6661333393130918e-05	1.4699799976369832e-05	1.0	159574.4680851064
chr8	124963057	124963151	RNA10109	94	18	2.9407982714877675e-05	0.0	1.0	191489.36170212764
chr8	124963392	124963486	RNA10110	94	31	0.03238728066410277	1.4738399841007777e-05	0.967741935483871	329787.2340425532
chr8	125023498	125023592	RNA10111	94	11	8.017927277912598e-06	0.0	1.0	117021.27659574468
chr8	126547996	126548222	RNA10112	226	46	0.02091909461161934	0.0	0.9782608695652174	203539.82300884958
chr8	126551271	126551472	RNA10113	201	41	0.02441175145351025	0.0	0.975609756097561	203980.09950248754
chr8	127743079	127743280	RNA10114	201	44	3.2402268350938685e-05	1.4696349808218656e-05	1.0	218905.47263681592
chr8	127743230	127743431	RNA10115	201	49	0.0006506737599734936	1.4696799553348685e-05	1.0	243781.0945273632
chr8	127744105	127744306	RNA10116	201	49	9.631829970184428e-05	1.4699799976369832e-05	1.0	243781.0945273632
chr8	127744199	127744461	RNA10117	262	60	0.003633394720539697	1.470005008741282e-05	0.9833333333333333	229007.63358778626
chr8	128259635	128259836	RNA10118	201	44	0.0460938911294513	1.4698100130772218e-05	0.9545454545454546	218905.47263681592
chr8	128264009	128264210	RNA10119	200	36	1.2392444457671243e-05	0.0	1.0	180000.0
chr8	128271347	128271441	RNA10120	94	23	1.8531978521027016e-05	1.4697199731017465e-05	1.0	244680.8510638298
chr8	128281636	128281837	RNA10121	201	32	0.003397599833618862	1.4710650248161983e-05	0.96875	159203.98009950249
chr8	129724699	129724900	RNA10122	201	39	2.149581243242785e-05	1.4697199731017465e-05	1.0	194029.85074626867
chr8	131530937	131531146	RNA10123	209	45	0.00031780126737430254	0.0	1.0	215311.00478468902
chr8	132865412	132865613	RNA10124	201	35	0.00015077938961829298	1.4696400285174605e-05	1.0	174129.35323383086
chr8	135659782	135659991	RNA10125	209	41	0.02439813260977045	0.0	0.975609756097561	196172.24880382774
chr8	135855584	135855793	RNA10126	209	56	0.011454921583663234	0.0	0.9821428571428571	267942.5837320574
chr8	135856875	135857084	RNA10127	209	53	0.0007984750631260118	1.4697199731017465e-05	1.0	253588.51674641148
chr8	135857614	135857823	RNA10128	209	58	0.03725607876618471	1.4701349755341653e-05	0.9310344827586207	277511.96172248805
chr8	137210066	137210275	RNA10129	209	33	0.012824760768980368	0.0	0.9696969696969697	157894.73684210525
chr8	137215266	137215475	RNA10130	209	41	0.022856969056813736	0.0	0.975609756097561	196172.24880382774
chr8	137221055	137221259	RNA10131	204	35	0.0345797718351605	1.4698999621032272e-05	0.9428571428571428	171568.6274509804
chr8	137223571	137223780	RNA10132	209	42	0.002507244155021038	0.0	0.9761904761904762	200956.93779904305
chr8	138084000	138084209	RNA10133	209	86	0.00798967602500048	0.0	0.9767441860465116	411483.25358851673
chr8	138084567	138084927	RNA10134	359	18	0.055562913099745655	0.0	0.9444444444444444	50139.27576601671
chr8	138084986	138085216	RNA10135	230	65	0.037529118954682	0.0	0.9538461538461539	282608.6956521739
chr8	140644781	140644985	RNA10136	203	39	3.060920223036172e-05	1.4698500308440998e-05	1.0	192118.22660098522
chr8	140650503	140650707	RNA10137	204	41	0.03187732869661509	0.0	0.9512195121951219	200980.39215686274
chr8	140652040	140652244	RNA10138	204	32	9.645706256833364e-06	0.0	1.0	156862.74509803922
chr8	140657149	140657353	RNA10139	204	59	0.03713784888174613	1.4704999557579868e-05	0.9322033898305084	289215.6862745098
chr8	141310537	141310741	RNA10140	204	40	0.025018006212371803	1.469724975322606e-05	0.975	196078.431372549
chr8	141310967	141311171	RNA10141	201	35	0.028601582271143604	0.0	0.9714285714285714	174129.35323383086
chr8	141371774	141371978	RNA10142	204	43	0.0020318171617725177	1.4701099644298664e-05	0.9767441860465116	210784.3137254902
chr8	141888530	141888739	RNA10143	209	31	0.0322628027423038	0.0	0.967741935483871	148325.35885167462
chr8	141982126	141982356	RNA10144	230	60	0.030348837980303262	1.470159986638464e-05	0.9666666666666667	260869.5652173913
chr8	142024766	142025126	RNA10145	360	77	0.013678256065653031	0.0	0.974025974025974	213888.88888888888
chr8	142103401	142103605	RNA10146	204	44	0.005941146063316243	0.0	0.9772727272727273	215686.27450980394
chr8	142918499	142918729	RNA10147	227	43	0.057034268178286704	1.4696799553348685e-05	0.9302325581395349	189427.31277533039
chr8	142934907	142935137	RNA10148	230	0				0.0
chr8	142935452	142935812	RNA10149	320	0				0.0
chr8	142935906	142936266	RNA10150	360	0				0.0
chr8	142950338	142950568	RNA10151	225	16	0.06250954926878194	7.37985010346165e-06	0.9375	71111.11111111111
chr8	142955287	142955647	RNA10152	360	69	4.771782623456538e-05	0.0	1.0	191666.6666666667
chr8	143360035	143360395	RNA10153	360	120	0.008395833727202743	0.0	0.9916666666666667	333333.3333333333
chr8	143360081	143360441	RNA10154	360	108	0.009327854230192582	1.4696999642183075e-05	0.9907407407407407	300000.0
chr8	143360207	143360567	RNA10155	360	77	2.7112886870435245e-05	1.4696400285174605e-05	1.0	213888.88888888888
chr8	143360280	143360510	RNA10156	230	46	2.7482475912697125e-05	1.4698300219606608e-05	1.0	200000.0
chr8	143360576	143360806	RNA10157	230	52	0.00022133376245828947	1.4698500308440998e-05	1.0	226086.95652173914
chr8	143360967	143361197	RNA10158	230	58	0.0027288697077234086	0.0	0.9827586206896551	252173.91304347824
chr8	144047679	144048039	RNA10159	360	73	0.027427026524068643	1.4699399798701052e-05	0.9726027397260274	202777.77777777778
chr8	144048306	144048536	RNA10160	230	83	0.011991683427894086	0.0	0.9879518072289156	360869.56521739135
chr8	145070705	145070935	RNA10161	230	0				0.0
chr8	145072588	145072792	RNA10162	204	0				0.0
chr8	145075384	145075744	RNA10163	358	0				0.0
chr9	1964315	1964588	RNA10164	273	67	1.886982992610559e-05	0.0	1.0	245421.2454212454
chr9	1978564	1978864	RNA10165	300	72	0.0009453985443946685	1.469529979658546e-05	0.9861111111111112	240000.0
chr9	1979094	1979367	RNA10166	273	73	2.1342741179876906e-05	0.0	1.0	267399.2673992674
chr9	1979097	1979370	RNA10167	273	72	2.163916814070853e-05	7.347749942709925e-06	1.0	263736.26373626373
chr9	1979333	1979606	RNA10168	273	65	0.000815572171534137	0.0	1.0	238095.23809523808
chr9	2668466	2668739	RNA10169	273	58	9.630777640266638e-06	0.0	1.0	212454.21245421245
chr9	2668683	2668956	RNA10170	273	72	0.013905427011208202	0.0	0.9861111111111112	263736.26373626373
chr9	2710682	2710955	RNA10171	273	70	6.677538372709002e-05	1.4696400285174605e-05	1.0	256410.25641025638
chr9	3079802	3080102	RNA10172	300	74	0.005286796430642128	1.4698100130772218e-05	0.9864864864864865	246666.6666666667
chr9	3164068	3164368	RNA10173	300	51	0.0002879718142282231	1.47636001202045e-05	1.0	170000.0
chr9	3168606	3168906	RNA10174	300	78	6.016925126226142e-05	0.0	1.0	260000.0
chr9	3206035	3206335	RNA10175	300	79	0.025498988345157448	0.0	0.9620253164556962	263333.3333333333
chr9	3209192	3209492	RNA10176	300	79	0.01358926954198287	1.4698100130772218e-05	0.9493670886075949	263333.3333333333
chr9	3217873	3218173	RNA10177	300	72	9.605026409391596e-06	0.0	1.0	240000.0
chr9	3695078	3695351	RNA10178	273	89	0.02271852756635535	0.0	0.9662921348314607	326007.326007326
chr9	3695185	3695356	RNA10179	171	58	0.017546896812479548	0.0	0.9827586206896551	339181.2865497076
chr9	4433106	4433406	RNA10180	300	87	0.006163941247006268	1.4696799553348685e-05	0.9885057471264368	290000.0
chr9	4670265	4670436	RNA10181	171	37	0.01200721831744001	0.0	0.9459459459459459	216374.26900584795
chr9	4670451	4670622	RNA10182	171	43	0.02336900053792622	1.4698500308440998e-05	0.9534883720930233	251461.98830409357
chr9	4673342	4673513	RNA10183	171	36	0.03628731043229689	1.4707400168845197e-05	0.9444444444444444	210526.31578947368
chr9	4708698	4708869	RNA10184	171	73	0.007615398866556917	1.4698999621032272e-05	0.9726027397260274	426900.5847953216
chr9	4709086	4709257	RNA10185	171	42	2.274749509264407e-05	0.0	1.0	245614.0350877193
chr9	4774487	4774658	RNA10186	171	40	4.0446487582806e-05	1.4697250207973411e-05	1.0	233918.12865497076
chr9	5881068	5881239	RNA10187	171	46	0.00023673213660873796	0.0	1.0	269005.84795321635
chr9	7621446	7621719	RNA10188	273	73	3.081168839119631e-05	1.4697699953103438e-05	1.0	267399.2673992674
chr9	8200125	8200425	RNA10189	300	103	0.02186561534444902	0.0	0.9611650485436893	343333.3333333333
chr9	8311059	8311230	RNA10190	171	46	3.877851891640518e-05	0.0	1.0	269005.84795321635
chr9	12169510	12169592	RNA10191	82	0				0.0
chr9	15311343	15311425	RNA10192	82	21	1.1310719119570595e-05	1.475669978390215e-05	1.0	256097.56097560975
chr9	16061897	16061979	RNA10193	82	14	0.011485333594789272	1.4699400253448403e-05	0.9285714285714286	170731.7073170732
chr9	16062051	16062133	RNA10194	82	18	1.2249039021601979e-05	0.0	1.0	219512.19512195123
chr9	16062826	16062908	RNA10195	82	22	0.04557080626992418	1.4699199709866662e-05	0.9545454545454546	268292.68292682926
chr9	16870958	16871040	RNA10196	82	0				0.0
chr9	16871984	16872066	RNA10197	82	31	7.126212430222762e-05	0.0	1.0	378048.7804878049
chr9	16872053	16872362	RNA10198	309	91	0.012703244666386873	0.0	0.978021978021978	294498.3818770227
chr9	16872149	16872231	RNA10199	82	26	1.3002965295947013e-05	0.0	1.0	317073.1707317073
chr9	17117027	17117109	RNA10200	82	24	2.0822329133803933e-05	1.4698749964736635e-05	1.0	292682.9268292683
chr9	20339377	20339686	RNA10201	309	70	2.1630005617870404e-05	1.4696150174131617e-05	1.0	226537.21682847897
chr9	20999272	20999384	RNA10202	112	18	3.1079349860695575e-05	7.356400146818487e-06	1.0	160714.28571428574
chr9	21075406	21075558	RNA10203	152	35	0.03199958277930689	1.4698500308440998e-05	0.9428571428571428	230263.15789473683
chr9	21217361	21217670	RNA10204	309	105	0.030650999496347572	1.4698500308440998e-05	0.9619047619047619	339805.82524271845
chr9	21220221	21220303	RNA10205	82	0				0.0
chr9	21221629	21221938	RNA10206	309	0				0.0
chr9	21221756	21222065	RNA10207	309	0				0.0
chr9	21600866	21601175	RNA10208	309	84	0.00010151227833635394	7.348849976551719e-06	1.0	271844.66019417474
chr9	21602349	21602658	RNA10209	309	69	0.014502341817443148	1.4698100130772218e-05	0.9855072463768116	223300.97087378643
chr9	21669792	21670101	RNA10210	309	4	7.34882496544742e-06	7.348399776674342e-06	1.0	12944.983818770228
chr9	21802240	21802549	RNA10211	309	92	0.005517110523115936	0.0	0.9891304347826086	297734.6278317152
chr9	24802421	24802533	RNA10212	112	34	0.00029668324751743396	0.0	1.0	303571.4285714285
chr9	25069409	25069561	RNA10213	152	31	0.0016595096677197083	1.5057100426929536e-05	1.0	203947.36842105264
chr9	25624677	25624829	RNA10214	152	34	0.0005208583661174852	1.4699150142405415e-05	1.0	223684.2105263158
chr9	25625245	25625397	RNA10215	152	33	0.001494844675162861	1.4713199561811052e-05	1.0	217105.26315789475
chr9	25627982	25628094	RNA10216	112	27	1.3617618370281653e-05	1.4700700376124589e-05	1.0	241071.42857142858
chr9	25630468	25630620	RNA10217	152	36	2.2896488568822567e-05	0.0	1.0	236842.1052631579
chr9	25633306	25633418	RNA10218	112	16	6.436443811708159e-06	0.0	1.0	142857.14285714284
chr9	25637632	25637744	RNA10219	112	24	0.03483073725885787	7.35594994694111e-06	0.9583333333333334	214285.71428571426
chr9	26119431	26119543	RNA10220	112	36	0.03632043247673917	1.4699399798701052e-05	0.9444444444444444	321428.5714285715
chr9	26119839	26119991	RNA10221	152	33	0.0008187119622865158	1.469509970775107e-05	1.0	217105.26315789475
chr9	26120287	26120399	RNA10222	112	28	1.1550746389080554e-05	0.0	1.0	250000.0
chr9	26126143	26126295	RNA10223	152	44	0.032927168040859295	0.0	0.9545454545454546	289473.68421052635
chr9	26127635	26127747	RNA10224	112	21	1.470199549657972e-05	1.4698999621032272e-05	1.0	187500.0
chr9	26156366	26156518	RNA10225	152	31	0.00293828066922639	1.4710600225953384e-05	0.967741935483871	203947.36842105264
chr9	26156827	26157136	RNA10226	309	80	0.0015279657383985052	0.0	0.9875	258899.6763754045
chr9	26811592	26811704	RNA10227	112	20	8.822465133562218e-06	0.0	1.0	178571.42857142858
chr9	27105042	27105194	RNA10228	152	37	0.027344273397190855	1.470460028940579e-05	0.972972972972973	243421.05263157896
chr9	29307600	29307841	RNA10229	241	61	0.016423333593459082	1.4701099644298664e-05	0.9836065573770492	253112.03319502075
chr9	29568861	29569006	RNA10230	145	26	0.038471111512850396	0.0	0.9615384615384616	179310.3448275862
chr9	29780689	29780801	RNA10231	112	23	0.04351149713080383	1.4696799553348685e-05	0.9565217391304348	205357.14285714284
chr9	29782770	29782922	RNA10232	152	18	0.0005385872069483503	0.0	1.0	118421.05263157895
chr9	32830775	32830995	RNA10233	220	42	2.6399249344690544e-05	0.0	1.0	190909.0909090909
chr9	32831701	32831942	RNA10234	241	39	0.025744746883062285	1.4696799553348685e-05	0.9743589743589743	161825.72614107883
chr9	33087105	33087346	RNA10235	241	0				0.0
chr9	33091275	33091420	RNA10236	141	40	0.037686999183210904	0.0	0.95	283687.94326241134
chr9	33092599	33092840	RNA10237	241	52	0.025673759191634487	0.0	0.9615384615384616	215767.6348547718
chr9	33100964	33101205	RNA10238	241	54	0.01853110171668959	0.0	0.9814814814814815	224066.39004149378
chr9	34143963	34144183	RNA10239	218	29	1.075957603963163e-05	0.0	1.0	133027.52293577982
chr9	34144154	34144395	RNA10240	241	38	8.591284243887845e-05	0.0	1.0	157676.34854771785
chr9	34145086	34145363	RNA10241	277	0				0.0
chr9	34145413	34145654	RNA10242	241	0				0.0
chr9	34145838	34146079	RNA10243	241	0				0.0
chr9	34526474	34526619	RNA10244	145	24	1.473714989212264e-05	1.4703500255563995e-05	1.0	165517.24137931035
chr9	34548501	34548646	RNA10245	145	31	1.2811338643997818e-05	0.0	1.0	213793.10344827588
chr9	34548758	34548903	RNA10246	145	50	4.0895627444108105e-05	7.349699899350526e-06	1.0	344827.5862068966
chr9	34592089	34592234	RNA10247	145	29	0.01668135671275979	1.4697199731017465e-05	0.9655172413793104	200000.0
chr9	34602441	34602586	RNA10248	145	24	1.4086954176188252e-05	7.348399776674342e-06	1.0	165517.24137931035
chr9	34612565	34612785	RNA10249	220	34	0.0002524515748786225	0.0	1.0	154545.45454545453
chr9	34612655	34612875	RNA10250	220	32	0.03151731084520293	7.347749942709925e-06	0.96875	145454.54545454544
chr9	34612996	34613216	RNA10251	220	44	2.138116563152886e-05	0.0	1.0	200000.0
chr9	34613053	34613198	RNA10252	145	27	1.3610622200185727e-05	1.4698100130772218e-05	1.0	186206.89655172414
chr9	34630674	34630915	RNA10253	241	39	0.009058648930686796	1.4699799976369832e-05	0.9743589743589743	161825.72614107883
chr9	35405677	35406192	RNA10254	515	104	2.3887300174532546e-05	0.0	1.0	201941.7475728155
chr9	35405947	35406167	RNA10255	220	47	3.1278011231324126e-05	0.0	1.0	213636.36363636362
chr9	35406422	35406642	RNA10256	220	32	2.3886468653695517e-05	1.469724975322606e-05	1.0	145454.54545454544
chr9	35406509	35406729	RNA10257	220	42	8.786359538654285e-05	0.0	1.0	190909.0909090909
chr9	35565478	35565623	RNA10258	145	23	0.0002965976197194073	0.0	1.0	158620.68965517243
chr9	36018213	36018433	RNA10259	220	37	0.03087261760771759	1.4696400285174605e-05	0.918918918918919	168181.81818181818
chr9	36133340	36133558	RNA10260	218	37	0.01424081073155075	1.4713199561811052e-05	0.9459459459459459	169724.77064220185
chr9	37035050	37035211	RNA10261	161	40	1.763872267019827e-05	0.0	1.0	248447.2049689441
chr9	38077631	38077908	RNA10262	277	89	0.011477750832792283	0.0	0.9887640449438202	321299.6389891697
chr9	38077662	38077939	RNA10263	277	87	0.01174076247607654	0.0	0.9885057471264368	314079.4223826715
chr9	38078980	38079257	RNA10264	277	69	0.0003425859524898942	0.0	1.0	249097.47292418772
chr9	38079015	38079292	RNA10265	277	63	5.345979677676711e-05	0.0	1.0	227436.82310469315
chr9	38645309	38645550	RNA10266	241	66	0.030598407787100292	0.0	0.9393939393939394	273858.92116182577
chr9	38885840	38886117	RNA10267	36	19	0.0038789878159915976	1.8519900550018065e-05	0.9473684210526315	527777.7777777778
chr9	38892487	38892764	RNA10268	0	2	0.0	0.0	1.0	
chr9	38895603	38895880	RNA10269	0	9	1.4604466640675026e-05	0.0	1.0	
chr9	39333655	39334170	RNA10270	0	8	8.297776457765144e-05	0.0	1.0	
chr9	39555746	39555891	RNA10271	145	32	3.532149702323258e-05	0.0	1.0	220689.6551724138
chr9	39625935	39626212	RNA10272	187	6	2.24177665586375e-05	0.0	1.0	32085.561497326205
chr9	39812289	39812509	RNA10273	218	0				0.0
chr9	40108749	40108967	RNA10274	180	0				0.0
chr9	40222334	40222849	RNA10275	145	49	0.00020009539511359659	0.0	1.0	337931.0344827586
chr9	40222508	40223023	RNA10276	319	105	0.009563033126635541	0.0	0.9904761904761905	329153.60501567397
chr9	40222543	40223058	RNA10277	354	123	0.010264324403068731	0.0	0.983739837398374	347457.6271186441
chr9	40329301	40329816	RNA10278	274	0				0.0
chr9	40340767	40341282	RNA10279	0	0				
chr9	40433113	40433628	RNA10280	0	0				
chr9	40461604	40461765	RNA10281	0	0				
chr9	40462189	40462407	RNA10282	0	0				
chr9	40462839	40463057	RNA10283	0	0				
chr9	40463255	40463473	RNA10284	0	0				
chr9	41218425	41218643	RNA10285	0	0				
chr9	41221692	41221910	RNA10286	213	0				0.0
chr9	41221981	41222199	RNA10287	95	0				0.0
chr9	41340212	41340727	RNA10288	222	0				0.0
chr9	41613954	41614115	RNA10289	0	0				
chr9	41645978	41646139	RNA10290	161	0				0.0
chr9	41646806	41646967	RNA10291	161	0				0.0
chr9	41700002	41700163	RNA10292	161	0				0.0
chr9	41704963	41705124	RNA10293	161	0				0.0
chr9	41823392	41823553	RNA10294	0	0				
chr9	41882411	41882629	RNA10295	0	3	0.0	0.0	1.0	
chr9	42716421	42716582	RNA10296	0	31	0.032273382784032655	0.0	0.967741935483871	
chr9	43315040	43315555	RNA10297	0	0				
chr9	43325776	43325937	RNA10298	0	0				
chr9	43329253	43329471	RNA10299	0	0				
chr9	43341467	43341744	RNA10300	116	0				0.0
chr9	61609455	61609581	RNA10301	126	0				0.0
chr9	62123930	62124718	RNA10302	343	65	0.015605178177163623	0.0	0.9846153846153847	189504.3731778426
chr9	62131466	62131592	RNA10303	126	27	1.1328555518519823e-05	0.0	1.0	214285.71428571426
chr9	62131588	62131714	RNA10304	116	27	0.03714201195213752	1.6134199540829286e-05	0.9629629629629629	232758.62068965516
chr9	62132330	62132456	RNA10305	0	0				
chr9	62544356	62544482	RNA10306	126	0				0.0
chr9	62557302	62557428	RNA10307	0	0				
chr9	62613894	62614020	RNA10308	7	2	0.0	0.0	1.0	285714.2857142857
chr9	63485739	63485865	RNA10309	0	0				
chr9	65187921	65188010	RNA10310	0	0				
chr9	65961738	65962526	RNA10311	470	109	8.202055690771208e-05	0.0	1.0	231914.89361702127
chr9	66848675	66849463	RNA10312	386	89	0.012109380203695388	1.534449984319508e-05	0.9887640449438202	230569.9481865285
chr9	66932939	66933727	RNA10313	391	166	0.0027508539775303016	1.4725349956279388e-05	0.9879518072289156	424552.4296675192
chr9	66936014	66936802	RNA10314	656	102	1.4920910799963113e-05	0.0	1.0	155487.80487804877
chr9	66994108	66994896	RNA10315	426	5	0.006385023072471052	0.0002601800078991	1.0	11737.089201877934
chr9	66998458	66999246	RNA10316	138	44	0.012447861272531467	7.357049980782904e-06	0.9545454545454546	318840.5797101449
chr9	67034946	67035734	RNA10317	337	64	0.005443374725771827	1.5120149782887893e-05	0.984375	189910.97922848666
chr9	67353058	67353184	RNA10318	0	0				
chr9	68302551	68302753	RNA10319	8	11	0.00022874665840142138	0.0	1.0	1375000.0
chr9	68703972	68704174	RNA10320	202	35	0.0009756313701083286	0.0	1.0	173267.32673267325
chr9	68704343	68704545	RNA10321	202	39	8.29047185573309e-06	0.0	1.0	193069.30693069307
chr9	68704776	68704865	RNA10322	89	24	2.0821762632291705e-05	0.0	1.0	269662.9213483146
chr9	68704998	68705200	RNA10323	202	38	0.026367239464985016	0.0	0.9736842105263158	188118.81188118813
chr9	69311718	69311920	RNA10324	202	22	0.000501787278691071	0.0	1.0	108910.8910891089
chr9	69321342	69321544	RNA10325	202	37	0.043464875333385763	1.470159986638464e-05	0.8918918918918919	183168.31683168316
chr9	69411447	69411649	RNA10326	202	44	2.0381292911636715e-05	0.0	1.0	217821.7821782178
chr9	69699574	69699663	RNA10327	89	12	1.8374558597611828e-05	0.0	1.0	134831.4606741573
chr9	69810097	69810186	RNA10328	89	22	1.670825945025223e-05	0.0	1.0	247191.01123595505
chr9	69816269	69816358	RNA10329	89	18	1.9596794623385697e-05	1.4698749964736635e-05	1.0	202247.19101123596
chr9	70355441	70355530	RNA10330	89	13	1.4699569104637843e-05	0.0	1.0	146067.4157303371
chr9	70356348	70356437	RNA10331	89	18	6.532922169652819e-06	0.0	1.0	202247.19101123596
chr9	70356425	70356627	RNA10332	202	47	0.00012015900607520825	0.0	1.0	232673.2673267327
chr9	70356854	70356943	RNA10333	89	13	3.293515377522598e-05	0.0	1.0	146067.4157303371
chr9	70384282	70384371	RNA10334	89	5	2.9401400752249176e-06	0.0	1.0	56179.77528089887
chr9	71681535	71682323	RNA10335	788	164	0.008990249454333334	0.0	0.9878048780487805	208121.82741116753
chr9	72890094	72890385	RNA10336	291	45	0.02367802539821342	1.4696799553348685e-05	0.9777777777777777	154639.17525773196
chr9	74091560	74091762	RNA10337	202	26	1.3568611533488505e-05	1.4698549875902245e-05	1.0	128712.87128712871
chr9	74712154	74712243	RNA10338	89	17	0.007481994137860426	0.0	0.9411764705882353	191011.23595505618
chr9	76364802	76365093	RNA10339	291	15	0.00019794783323352617	0.0	1.0	51546.391752577314
chr9	76907353	76907599	RNA10340	246	38	1.1218515809512036e-05	7.348599865508732e-06	1.0	154471.54471544715
chr9	77022765	77023056	RNA10341	291	76	0.0003835407383959159	1.469549988541985e-05	1.0	261168.3848797251
chr9	77159335	77159626	RNA10342	291	69	0.012753797428071055	0.0	0.9855072463768116	237113.40206185565
chr9	77160566	77160857	RNA10343	291	59	0.016968583917008864	0.0	0.9830508474576272	202749.1408934708
chr9	77421729	77422020	RNA10344	291	77	0.011935046920335512	1.471759969717823e-05	0.987012987012987	264604.8109965636
chr9	77422244	77422535	RNA10345	291	59	0.03508211924075775	0.0	0.9322033898305084	202749.1408934708
chr9	77422470	77422761	RNA10346	291	66	0.015172227163695807	1.4697199731017465e-05	0.9848484848484849	226804.12371134022
chr9	78529704	78529995	RNA10347	291	66	0.0002840573418766142	1.4697900041937828e-05	1.0	226804.12371134022
chr9	79265704	79265826	RNA10348	122	36	0.00015191776777908727	1.4696800008096034e-05	1.0	295081.9672131147
chr9	80213514	80213760	RNA10349	246	56	0.018766978393922985	1.4695050140289823e-05	0.9821428571428571	227642.2764227642
chr9	81435196	81435442	RNA10350	246	0				0.0
chr9	81438898	81439144	RNA10351	246	54	7.214224753489669e-05	0.0	1.0	219512.19512195123
chr9	81457653	81457899	RNA10352	246	52	5.349534287163266e-05	0.0	1.0	211382.11382113822
chr9	81858532	81858778	RNA10353	246	59	0.028820630774520146	1.4698100130772218e-05	0.9661016949152542	239837.39837398374
chr9	81859346	81859592	RNA10354	246	58	7.107496567814137e-06	0.0	1.0	235772.35772357724
chr9	81867230	81867521	RNA10355	290	74	0.0007931012157216043	1.4700900010211626e-05	1.0	255172.41379310345
chr9	81869100	81869346	RNA10356	242	46	1.906968260379336e-05	0.0	1.0	190082.64462809917
chr9	82803559	82803805	RNA10357	246	51	1.384513723000875e-05	0.0	1.0	207317.0731707317
chr9	82808383	82808505	RNA10358	122	21	0.026628251751390046	1.4705899957334624e-05	0.9523809523809523	172131.1475409836
chr9	82973346	82973468	RNA10359	122	9	0.00045760167075865394	1.4699399798701052e-05	1.0	73770.49180327868
chr9	82975456	82975578	RNA10360	122	25	0.04074397313594091	1.4699399798701052e-05	0.96	204918.03278688525
chr9	82977913	82978035	RNA10361	122	22	0.024877947639734797	0.0	0.9545454545454546	180327.868852459
chr9	83714540	83714739	RNA10362	199	41	1.6852646539761067e-05	0.0	1.0	206030.15075376886
chr9	83714643	83714765	RNA10363	122	18	1.714997804608856e-05	0.0	1.0	147540.98360655736
chr9	83715253	83715375	RNA10364	122	12	0.00026086911073737305	1.4696150174131617e-05	1.0	98360.65573770492
chr9	83738690	83738812	RNA10365	122	22	4.68401809815656e-06	0.0	1.0	180327.868852459
chr9	84665903	84666025	RNA10366	122	0				0.0
chr9	85512001	85512219	RNA10367	218	37	0.02539767504380064	0.0	0.9459459459459459	169724.77064220185
chr9	86772354	86772600	RNA10368	246	42	0.024843671950834718	1.4698999621032272e-05	0.9761904761904762	170731.7073170732
chr9	87458700	87458884	RNA10369	179	31	0.06456021440722144	1.4701099644298664e-05	0.9354838709677419	173184.35754189946
chr9	87480976	87481175	RNA10370	199	25	2.7059151980208088e-05	1.4697699953103438e-05	1.0	125628.14070351758
chr9	88491494	88491693	RNA10371	199	35	0.02585946625658835	1.4694200217491016e-05	0.9714285714285714	175879.39698492465
chr9	88585313	88585435	RNA10372	122	0				0.0
chr9	88585772	88585971	RNA10373	199	0				0.0
chr9	88587907	88588106	RNA10374	199	0				0.0
chr9	88722336	88722535	RNA10375	199	31	0.026857679840201938	0.0	0.9354838709677419	155778.8944723618
chr9	88728927	88729126	RNA10376	199	43	0.00033366491634508007	0.0	1.0	216080.40201005025
chr9	88733995	88734194	RNA10377	199	35	0.005205586128977297	1.4699399798701052e-05	0.9714285714285714	175879.39698492465
chr9	89180111	89180234	RNA10378	123	28	0.03572163501426725	0.0	0.9642857142857143	227642.2764227642
chr9	89623154	89623372	RNA10379	218	49	0.004135938236482165	0.0	0.9795918367346939	224770.64220183488
chr9	89632438	89632637	RNA10380	199	39	0.01538916705526506	0.0	0.9743589743589743	195979.89949748744
chr9	90300372	90300590	RNA10381	218	34	0.00036614619011742584	1.4696999642183075e-05	1.0	155963.3027522936
chr9	90461150	90461368	RNA10382	218	35	0.015357001354667379	0.0	0.9714285714285714	160550.45871559635
chr9	90461760	90461978	RNA10383	218	28	2.2055285951079758e-05	0.0	1.0	128440.36697247707
chr9	90595155	90595373	RNA10384	218	43	0.00788162778206792	0.0	0.9534883720930233	197247.70642201835
chr9	90596621	90596839	RNA10385	218	47	0.013292880973417494	1.4698100130772218e-05	0.9361702127659575	215596.33027522938
chr9	90681482	90681700	RNA10386	218	51	0.005945079088169399	0.0	0.9607843137254902	233944.95412844038
chr9	90924725	90924909	RNA10387	184	27	0.0009650870285474354	1.469590006308863e-05	1.0	146739.13043478262
chr9	91455219	91455365	RNA10388	146	30	0.001113909338406904	0.0	1.0	205479.4520547945
chr9	91550760	91550978	RNA10389	218	30	2.7438573276109618e-05	7.348849976551719e-06	1.0	137614.6788990826
chr9	92118865	92119049	RNA10390	184	0				0.0
chr9	92127677	92127861	RNA10391	184	0				0.0
chr9	92130333	92130517	RNA10392	184	0				0.0
chr9	92162640	92162824	RNA10393	184	0				0.0
chr9	92163895	92164079	RNA10394	184	0				0.0
chr9	92295527	92295711	RNA10395	184	33	3.385351575353844e-05	1.469509970775107e-05	1.0	179347.8260869565
chr9	93169004	93169127	RNA10396	123	26	1.6958111210930617e-05	0.0	1.0	211382.11382113822
chr9	93169614	93169798	RNA10397	184	32	0.031244485630935515	0.0	0.96875	173913.04347826086
chr9	93419799	93419998	RNA10398	199	34	1.2105205956579406e-05	1.4697199731017465e-05	1.0	170854.27135678392
chr9	93935286	93935552	RNA10399	266	44	0.025360814711616927	1.469529979658546e-05	0.9545454545454546	165413.53383458644
chr9	94111622	94111745	RNA10400	123	15	0.00020189884459492766	1.4699799976369832e-05	1.0	121951.21951219512
chr9	94114547	94114670	RNA10401	0	0				
chr9	94114725	94114848	RNA10402	0	0				
chr9	94648159	94648282	RNA10403	123	24	0.0007643277460829198	1.470200004405342e-05	1.0	195121.9512195122
chr9	94654402	94654525	RNA10404	123	29	0.03449390956562826	1.4696400285174605e-05	0.9655172413793104	235772.35772357724
chr9	94654835	94654958	RNA10405	123	19	0.00011060602661783781	1.469590006308863e-05	1.0	154471.54471544715
chr9	95434636	95434759	RNA10406	123	25	8.522681753674956e-05	1.4694200217491016e-05	1.0	203252.03252032519
chr9	95435519	95435665	RNA10407	146	35	0.026028598600143074	0.0	0.9714285714285714	239726.02739726027
chr9	95578892	95579110	RNA10408	218	45	0.007100062336879393	0.0	0.9777777777777777	206422.01834862385
chr9	95720101	95720247	RNA10409	144	30	0.0008681808669886445	0.0	1.0	208333.33333333334
chr9	95720596	95720742	RNA10410	146	44	0.02547263551303496	7.347749942709925e-06	0.9545454545454546	301369.8630136986
chr9	95724416	95724562	RNA10411	146	28	2.1524703080492053e-05	7.347749942709925e-06	1.0	191780.8219178082
chr9	96876403	96876549	RNA10412	146	25	4.174577938101704e-05	0.0	1.0	171232.87671232875
chr9	96881050	96881196	RNA10413	146	32	2.3455668866741875e-05	1.4714350072608795e-05	1.0	219178.08219178082
chr9	96882587	96882733	RNA10414	146	25	9.70125847743395e-05	1.4696799553348685e-05	1.0	171232.87671232875
chr9	97029276	97029460	RNA10415	184	0				0.0
chr9	97384359	97384505	RNA10416	146	25	0.00019296602251415437	0.0	1.0	171232.87671232875
chr9	97866720	97866986	RNA10417	266	46	0.00016905701117455257	7.349050065386109e-06	1.0	172932.33082706766
chr9	98884599	98884865	RNA10418	266	47	0.01090330476211207	1.4698100130772218e-05	0.9574468085106383	176691.72932330827
chr9	98899049	98899315	RNA10419	266	44	0.0266438320844703	0.0	0.9545454545454546	165413.53383458644
chr9	98908862	98909128	RNA10420	266	61	0.01694215505570161	0.0	0.9836065573770492	229323.30827067667
chr9	98937520	98937786	RNA10421	266	62	0.001026348588531553	0.0	1.0	233082.70676691728
chr9	98937584	98937850	RNA10422	266	55	0.012027063140306956	0.0	0.9818181818181818	206766.91729323307
chr9	99073840	99074106	RNA10423	266	62	0.019728329833498953	1.4705199646414258e-05	0.9516129032258065	233082.70676691728
chr9	99163353	99163476	RNA10424	123	0				0.0
chr9	99975859	99976125	RNA10425	266	48	7.352329248533351e-06	0.0	1.0	180451.12781954886
chr9	100989516	100989662	RNA10426	146	38	0.0002642766719538078	0.0	1.0	260273.9726027397
chr9	101764394	101764652	RNA10427	258	33	0.09091131711515614	0.0	0.9090909090909091	127906.97674418605
chr9	103895478	103895744	RNA10428	266	52	7.919387285955133e-05	7.348599865508732e-06	1.0	195488.72180451127
chr9	105444348	105444606	RNA10429	258	52	0.019342425885829816	0.0	0.9807692307692307	201550.38759689924
chr9	105444534	105444792	RNA10430	258	46	0.02174999361962008	0.0	0.9782608695652174	178294.57364341087
chr9	105445039	105445297	RNA10431	258	48	0.00024009019072461	1.4696999642183075e-05	1.0	186046.51162790696
chr9	105446546	105446804	RNA10432	257	57	0.001717639149989591	1.4702900443808176e-05	0.9824561403508771	221789.8832684825
chr9	106746389	106746647	RNA10433	258	47	4.9142328726760044e-05	0.0	1.0	182170.5426356589
chr9	106746986	106747244	RNA10434	258	41	0.029276898975051775	1.4699399798701052e-05	0.9512195121951219	158914.72868217053
chr9	106820908	106821166	RNA10435	258	51	0.0014818228812645434	1.4706300135003405e-05	0.9803921568627451	197674.41860465115
chr9	107526644	107526945	RNA10436	298	100	0.029015651299387168	1.4709750303154578e-05	0.97	335570.46979865775
chr9	107544301	107544559	RNA10437	258	65	0.046442353171005375	0.0	0.9538461538461539	251937.98449612403
chr9	108704911	108705178	RNA10438	267	53	0.029499389709187352	1.4698100130772218e-05	0.9433962264150944	198501.87265917604
chr9	111303161	111303240	RNA10439	79	19	2.0116837157197868e-05	1.4696400285174605e-05	1.0	240506.32911392406
chr9	111310121	111310305	RNA10440	184	22	0.00012559933371779545	0.0	1.0	119565.21739130435
chr9	111337383	111337684	RNA10441	301	45	0.012718581919297218	0.0	0.9555555555555556	149501.66112956812
chr9	111679278	111679536	RNA10442	258	31	9.487964498766284e-06	0.0	1.0	120155.03875968992
chr9	112040200	112040467	RNA10443	255	47	0.02172487803222503	0.0	0.9787234042553191	184313.72549019608
chr9	112355777	112356078	RNA10444	300	0				0.0
chr9	112356070	112356371	RNA10445	301	0				0.0
chr9	112356086	112356387	RNA10446	301	0				0.0
chr9	112670706	112671007	RNA10447	301	62	0.00018208653070740617	7.348200142587302e-06	1.0	205980.06644518272
chr9	112670767	112671068	RNA10448	301	60	0.00018423432838971296	0.0	1.0	199335.54817275747
chr9	112671848	112672149	RNA10449	301	54	0.038718812341728526	1.4698100130772218e-05	0.9444444444444444	179401.99335548174
chr9	112912909	112913176	RNA10450	267	50	0.019918855038376926	1.469744984206045e-05	0.98	187265.91760299625
chr9	112924009	112924276	RNA10451	267	37	0.027368790546141684	1.4697199731017465e-05	0.972972972972973	138576.77902621723
chr9	112931767	112932034	RNA10452	267	56	0.0006682757439193631	1.470005008741282e-05	1.0	209737.82771535582
chr9	113344844	113345111	RNA10453	267	36	0.026017346853147192	0.0	0.9722222222222222	134831.4606741573
chr9	113345730	113345997	RNA10454	267	41	0.04981316975519759	0.0	0.926829268292683	153558.0524344569
chr9	113347977	113348244	RNA10455	267	65	0.0011462692146149175	0.0	0.9846153846153847	243445.69288389516
chr9	113443875	113444176	RNA10456	301	53	0.01888595348853689	1.469590006308863e-05	0.9811320754716981	176079.7342192691
chr9	114112559	114112826	RNA10457	267	49	2.1301536583690215e-05	1.4697199731017465e-05	1.0	183520.59925093633
chr9	114737362	114737546	RNA10458	171	28	2.8389293285199294e-05	7.351450221904088e-06	1.0	163742.69005847952
chr9	114737552	114737736	RNA10459	180	32	0.0312904939243026	1.4709999959450215e-05	0.96875	177777.77777777778
chr9	114740837	114741021	RNA10460	184	30	0.00022353788690451847	1.4696599919261644e-05	1.0	163043.47826086957
chr9	114761845	114762029	RNA10461	184	30	9.309286724601407e-06	0.0	1.0	163043.47826086957
chr9	114764454	114764533	RNA10462	79	20	1.3230909735280316e-05	0.0	1.0	253164.55696202532
chr9	116039324	116039508	RNA10463	184	28	7.876585738943373e-06	0.0	1.0	152173.91304347827
chr9	116045224	116045408	RNA10464	184	25	0.000898449154337861	1.4705399735248648e-05	1.0	135869.5652173913
chr9	116065463	116065647	RNA10465	184	33	0.00238885412755101	0.0	0.9696969696969697	179347.8260869565
chr9	116148547	116148626	RNA10466	79	18	0.0002139289391480905	0.0	1.0	227848.10126582277
chr9	116150633	116150712	RNA10467	79	14	1.9957192762371005e-05	1.470200004405342e-05	1.0	177215.18987341772
chr9	116151005	116151084	RNA10468	56	11	0.1825605309486491	0.0004913519951514	0.8181818181818182	196428.57142857142
chr9	116420902	116420981	RNA10469	79	22	9.353536204964092e-06	7.348399776674342e-06	1.0	278481.0126582278
chr9	116421436	116421515	RNA10470	79	18	2.776428881486907e-05	1.4697900041937828e-05	1.0	227848.10126582277
chr9	116422399	116422478	RNA10471	79	15	1.6657753076287317e-05	0.0	1.0	189873.417721519
chr9	117427714	117427898	RNA10472	184	34	0.0002693217056998123	1.4696799553348685e-05	1.0	184782.60869565216
chr9	117429422	117429501	RNA10473	79	10	1.616786967133521e-05	1.469724975322606e-05	1.0	126582.27848101266
chr9	117474246	117474547	RNA10474	301	57	0.007917028310530119	0.0	0.9649122807017544	189368.7707641196
chr9	117678229	117678496	RNA10475	267	42	2.9552690063739966e-05	1.4766950243938481e-05	1.0	157303.37078651684
chr9	120749096	120749609	RNA10476	513	62	2.134223867018736e-05	1.469764993089484e-05	1.0	120857.69980506822
chr9	120899997	120900181	RNA10477	184	36	0.02793122456359419	1.4698999621032272e-05	0.9722222222222222	195652.1739130435
chr9	121338809	121338888	RNA10478	75	6	4.913666695453382e-06	0.0	1.0	80000.0
chr9	124223125	124223204	RNA10479	79	10	0.0706799386680359	1.470005008741282e-05	0.9	126582.27848101266
chr9	124226087	124226898	RNA10480	811	134	0.014971229891386032	0.0	0.9776119402985075	165228.11344019728
chr9	124510106	124510745	RNA10481	564	136	0.016082597226653988	1.4739950074726949e-05	0.9779411764705882	241134.75177304962
chr9	124516412	124516925	RNA10482	513	79	1.600516737463307e-05	0.0	1.0	153996.10136452242
chr9	125378020	125378533	RNA10483	513	88	0.016474806940033716	1.4698300219606608e-05	0.9772727272727273	171539.96101364522
chr9	125387623	125388136	RNA10484	513	113	0.0008396000026083774	0.0	0.9911504424778761	220272.9044834308
chr9	125391995	125392508	RNA10485	510	95	0.0061549644038486305	0.0	0.9894736842105263	186274.50980392157
chr9	126030330	126030843	RNA10486	513	113	0.019161604627053776	1.4696400285174605e-05	0.9557522123893806	220272.9044834308
chr9	126031963	126032476	RNA10487	513	124	0.000929420038918605	1.4697199731017465e-05	0.9838709677419355	241715.39961013643
chr9	126033989	126034502	RNA10488	513	82	0.0038710750577814782	0.0	0.9878048780487805	159844.05458089669
chr9	126839504	126840017	RNA10489	513	113	0.010807229034723434	0.0	0.9734513274336283	220272.9044834308
chr9	127735577	127735656	RNA10490	79	16	1.0104868806593004e-05	1.4696400285174605e-05	1.0	202531.64556962025
chr9	127862747	127863558	RNA10491	811	167	0.012649702856202007	1.4696400285174605e-05	0.9820359281437125	205918.6189889026
chr9	127864860	127864939	RNA10492	79	17	1.1260864673257696e-05	1.4698999621032272e-05	1.0	215189.87341772154
chr9	127865104	127865183	RNA10493	79	30	2.1558370129544594e-05	7.347749942709925e-06	1.0	379746.835443038
chr9	127865107	127865186	RNA10494	79	27	2.2864929801639748e-05	0.0	1.0	341772.15189873416
chr9	129090768	129091579	RNA10495	811	169	0.006420241889041874	1.4697699953103438e-05	0.9822485207100592	208384.71023427867
chr9	129091370	129092181	RNA10496	811	175	0.008919337067361211	1.4696400285174605e-05	0.9828571428571429	215782.9839704069
chr9	129091404	129091483	RNA10497	79	18	1.6335600169744024e-05	7.348200142587302e-06	1.0	227848.10126582277
chr9	129091447	129091526	RNA10498	79	15	2.841889363480638e-05	0.0	1.0	189873.417721519
chr9	129092037	129092676	RNA10499	639	176	0.017093051267874085	1.4698749964736635e-05	0.9772727272727273	275430.3599374022
chr9	129092506	129092585	RNA10500	79	24	1.8422441712570062e-05	1.4699599887535442e-05	1.0	303797.4683544304
chr9	129092548	129093359	RNA10501	808	174	0.01062750497270429	1.4696599919261644e-05	0.9712643678160919	215346.53465346535
chr9	129264596	129265407	RNA10502	0	80	0.02671966301900283	0.0	0.9625	
chr9	129267668	129268479	RNA10503	811	139	0.005711245666867173	1.4696400285174605e-05	0.9928057553956835	171393.34155363747
chr9	129360088	129360899	RNA10504	811	157	0.00035161390441762507	1.4698999621032272e-05	1.0	193588.1627620222
chr9	129393571	129394210	RNA10505	633	165	0.012205710389703608	1.4699799976369832e-05	0.9878787878787879	260663.50710900477
chr9	129409699	129410338	RNA10506	590	159	0.01586201895348357	1.4707999980601016e-05	0.9748427672955975	269491.52542372886
chr9	129410270	129410349	RNA10507	50	27	0.040249290374251546	2.8633599868044257e-05	0.9259259259259259	540000.0
chr9	129410382	129411021	RNA10508	552	80	0.004304686120190121	0.0	0.9875	144927.53623188406
chr9	129540997	129541636	RNA10509	638	119	0.006916401142610867	1.469509970775107e-05	0.9831932773109243	186520.3761755486
chr9	129541184	129541823	RNA10510	638	115	0.003599337421996016	1.469590006308863e-05	0.991304347826087	180250.78369905957
chr9	129659680	129660319	RNA10511	637	153	0.008077130908621286	1.4753200048289727e-05	0.9869281045751634	240188.3830455259
chr9	130442871	130443682	RNA10512	808	165	0.004295620529796215	1.4698999621032272e-05	0.9878787878787879	204207.92079207918
chr9	130443881	130444104	RNA10513	223	47	0.0008002865583585675	0.0	1.0	210762.33183856503
chr9	130443909	130444548	RNA10514	639	109	0.00041862412563037837	0.0	1.0	170579.0297339593
chr9	130444328	130444841	RNA10515	513	154	0.001295584277206168	7.35079993319232e-06	0.9935064935064936	300194.9317738791
chr9	131006679	131006851	RNA10516	172	29	4.562289679346702e-06	0.0	1.0	168604.6511627907
chr9	132088835	132089282	RNA10517	447	76	0.013475306903238128	1.469549988541985e-05	0.9868421052631579	170022.37136465326
chr9	132694968	132695332	RNA10518	364	62	0.003750919474925701	7.347749942709925e-06	0.9838709677419355	170329.67032967033
chr9	133321436	133321810	RNA10519	374	77	0.03967313703670496	1.4698100130772218e-05	0.961038961038961	205882.35294117645
chr9	133338042	133338121	RNA10520	79	18	8.167077693441468e-06	0.0	1.0	227848.10126582277
chr9	133760239	133761050	RNA10521	805	75	0.0367347521494715	0.0	0.9466666666666667	93167.70186335403
chr9	134316018	134316241	RNA10522	223	59	5.308530825905935e-05	0.0	1.0	264573.99103139015
chr9	134441870	134442042	RNA10523	172	29	3.1434451808180486e-05	0.0	1.0	168604.6511627907
chr9	134484901	134485540	RNA10524	639	83	6.821246768003255e-05	1.469509970775107e-05	1.0	129890.45383411579
chr9	135262819	135263042	RNA10525	223	63	0.00020628666806303482	0.0	1.0	282511.21076233184
chr9	135297766	135297989	RNA10526	223	46	0.00031505769167146304	0.0	1.0	206278.0269058296
chr9	135342930	135343153	RNA10527	223	49	0.02999792438716825	0.0	0.9591836734693877	219730.94170403588
chr9	135346961	135347184	RNA10528	223	50	0.024122140620238493	1.4696800008096034e-05	0.96	224215.2466367713
chr9	135355697	135355920	RNA10529	223	55	0.03814348380712379	1.4696400285174605e-05	0.9636363636363636	246636.77130044842
chr9	135362631	135362803	RNA10530	172	27	0.00032990909403451214	1.4698500308440998e-05	1.0	156976.7441860465
chr9	135419471	135419643	RNA10531	172	30	0.03334558618680603	0.0	0.9666666666666667	174418.6046511628
chr9	135419539	135419762	RNA10532	223	49	0.024514280969386307	1.4702900443808176e-05	0.9591836734693877	219730.94170403588
chr9	135419609	135419781	RNA10533	172	38	0.005288540778804554	1.4710599771206034e-05	0.9736842105263158	220930.23255813954
chr9	135690359	135690531	RNA10534	172	0				0.0
chr9	135691249	135691421	RNA10535	172	0				0.0
chr9	135691445	135691617	RNA10536	172	0				0.0
chr9	136005123	136005570	RNA10537	447	108	0.0005488078979093764	0.0	1.0	241610.73825503356
chr9	136319603	136319826	RNA10538	223	50	5.881407190826994e-05	1.4701349755341653e-05	1.0	224215.2466367713
chr9	136490540	136490712	RNA10539	172	0				0.0
chr9	136599125	136599489	RNA10540	364	115	4.723560583521625e-05	1.470460028940579e-05	1.0	315934.0659340659
chr9	136932154	136932601	RNA10541	445	90	0.027026427977772167	0.0	0.9444444444444444	202247.19101123596
chr9	136997649	136998096	RNA10542	447	99	0.01123672999829344	1.4698999621032272e-05	0.9797979797979798	221476.5100671141
chr9	137001341	137001788	RNA10543	446	116	0.028575665549099006	1.4721450042998185e-05	0.9568965517241379	260089.6860986547
chr9	137219802	137220176	RNA10544	374	80	0.008502424383766534	1.469590006308863e-05	0.9875	213903.743315508
chr9	137238387	137238834	RNA10545	447	97	0.0012811941197872563	0.0	0.9896907216494846	217002.23713646532
chr9	137238955	137239402	RNA10546	447	131	0.010112539428831505	0.0	0.9770992366412213	293064.8769574944
chr9	137240186	137240633	RNA10547	447	142	0.016242612275708404	0.0	0.971830985915493	317673.37807606265
chr9	137550695	137551059	RNA10548	0	0				
chr9	137604842	137605206	RNA10549	348	106	0.006878971166530251	0.0	0.9905660377358491	304597.7011494253
chr9	137605271	137605635	RNA10550	260	109	0.009318062594126923	0.0	0.9908256880733946	419230.76923076925
chr9	138124838	138125202	RNA10551	364	73	0.029003752233508474	1.4700300198455809e-05	0.9315068493150684	200549.45054945056
chr9	138125197	138125561	RNA10552	364	77	0.03228478407242631	1.4799000382481609e-05	0.961038961038961	211538.46153846153
chr9	138126245	138126619	RNA10553	203	3	0.00025281733966643453	1.4868999642203562e-05	1.0	14778.325123152708
chr9	138126799	138127163	RNA10554	27	25	0.004573865690908851	0.0	0.96	925925.925925926
chr9	138126887	138127334	RNA10555	198	69	0.035587555528632096	1.6134799807332456e-05	0.9420289855072463	348484.8484848485
chr9	138197969	138198343	RNA10556	374	0				0.0
chr9	138199362	138199736	RNA10557	374	0				0.0
chr9	138276670	138277044	RNA10558	0	0				
chr9	138281471	138281845	RNA10559	0	0				
chr9	138322436	138322883	RNA10560	0	0				
chr9	138328538	138328912	RNA10561	0	0				
chr9	138334117	138334289	RNA10562	0	0				
chrX	30140	30546	RNA10563	0	0				
chrX	266314	266720	RNA10564	406	0				0.0
chrX	269914	270320	RNA10565	0	0				
chrX	325632	326038	RNA10566	403	0				0.0
chrX	331612	332018	RNA10567	406	0				0.0
chrX	472674	473080	RNA10568	307	0				0.0
chrX	1838026	1838656	RNA10569	630	0				0.0
chrX	1840410	1840816	RNA10570	406	0				0.0
chrX	1904196	1904497	RNA10571	301	0				0.0
chrX	2213043	2213673	RNA10572	28	0				0.0
chrX	2213807	2214437	RNA10573	105	0				0.0
chrX	2217793	2218423	RNA10574	630	0				0.0
chrX	2217820	2217918	RNA10575	98	0				0.0
chrX	2669260	2669890	RNA10576	630	116	0.001720000226802356	0.0	0.9913793103448276	184126.98412698414
chrX	2679212	2679842	RNA10577	629	99	0.0014478450613126458	1.470159986638464e-05	0.98989898989899	157392.6868044515
chrX	2689842	2690472	RNA10578	630	148	0.008334965354895361	1.4697699953103438e-05	0.9864864864864865	234920.6349206349
chrX	2828218	2828519	RNA10579	301	40	0.05632369085369645	1.8693300262384582e-05	0.9	132890.365448505
chrX	2895522	2895823	RNA10580	243	30	0.07421413730268493	9.56149960984476e-06	0.8333333333333334	123456.79012345678
chrX	2899571	2899872	RNA10581	300	31	3.4932274619702965e-05	1.9226299627916887e-05	1.0	103333.33333333333
chrX	2930378	2930679	RNA10582	301	0				0.0
chrX	2930403	2930704	RNA10583	301	0				0.0
chrX	3004635	3004936	RNA10584	301	0				0.0
chrX	3170252	3170350	RNA10585	98	20	1.4111944983596913e-05	9.396199857292231e-06	1.0	204081.63265306124
chrX	3216814	3216912	RNA10586	98	17	1.2370017750928287e-05	0.0	1.0	173469.38775510204
chrX	3270832	3270930	RNA10587	98	11	1.7074945472725108e-05	0.0	1.0	112244.89795918367
chrX	3297915	3298013	RNA10588	98	11	0.06281941497085923	3.765200017369352e-05	0.8181818181818182	112244.89795918367
chrX	3300535	3300633	RNA10589	98	16	0.04098834902822546	1.8824949620466214e-05	0.9375	163265.30612244896
chrX	3375680	3375778	RNA10590	98	16	0.05136253702562499	0.0	0.875	163265.30612244896
chrX	3602013	3602643	RNA10591	615	86	0.003303856942756979	0.0	0.9883720930232558	139837.39837398374
chrX	3797813	3798114	RNA10592	301	0				0.0
chrX	4305169	4305267	RNA10593	98	22	0.04550090049889894	1.8875050045608077e-05	0.9545454545454546	224489.79591836734
chrX	5244626	5245032	RNA10594	406	63	2.6090626754066594e-05	0.0	1.0	155172.41379310345
chrX	6231061	6231318	RNA10595	257	25	0.005444237973861153	1.8877199181588367e-05	0.96	97276.26459143969
chrX	6604541	6605171	RNA10596	630	76	2.8745186610694704e-05	1.8781099242914934e-05	1.0	120634.92063492064
chrX	7897267	7897365	RNA10597	98	11	8.184608156045654e-05	1.876100031950045e-05	1.0	112244.89795918367
chrX	7897632	7897933	RNA10598	301	36	0.015371656875029453	0.0	0.9722222222222222	119601.32890365449
chrX	8506724	8506846	RNA10599	122	16	1.0577187936178234e-05	0.0	1.0	131147.54098360657
chrX	10004967	10005224	RNA10600	257	24	0.04168386827511009	0.0	0.9583333333333334	93385.21400778211
chrX	10444293	10444550	RNA10601	257	43	1.1455711585789009e-05	0.0	1.0	167315.17509727625
chrX	10444438	10444695	RNA10602	249	37	1.163523513634966e-05	0.0	1.0	148594.37751004015
chrX	10444484	10444741	RNA10603	247	34	2.5311773349718996e-05	0.0	1.0	137651.82186234818
chrX	11666141	11666398	RNA10604	257	38	2.4480004867654205e-05	1.885920028144028e-05	1.0	147859.92217898832
chrX	11666366	11666623	RNA10605	257	35	2.9000319565443752e-05	1.876880014606286e-05	1.0	136186.77042801556
chrX	11667488	11667745	RNA10606	257	32	0.03181063517939719	1.8757649741019122e-05	0.96875	124513.6186770428
chrX	11815601	11815858	RNA10607	257	34	0.029408546799405647	0.0	0.9117647058823529	132295.71984435798
chrX	11818477	11818599	RNA10608	122	15	0.048917211167281496	1.881110074464232e-05	0.9333333333333333	122950.81967213114
chrX	12780177	12780299	RNA10609	122	19	2.3776231740300046e-05	1.880230047390796e-05	1.0	155737.7049180328
chrX	12785844	12785966	RNA10610	122	12	1.411182514251171e-05	0.0	1.0	98360.65573770492
chrX	12790222	12790344	RNA10611	122	10	1.8773800366027687e-05	0.0	1.0	81967.2131147541
chrX	12966149	12966271	RNA10612	116	11	5.213510997814704e-05	0.0	1.0	94827.58620689655
chrX	12967077	12967199	RNA10613	122	20	0.05002557179059295	0.0	0.95	163934.4262295082
chrX	12979687	12979809	RNA10614	122	24	0.1670065415278259	0.0	0.8333333333333334	196721.31147540984
chrX	14003718	14004050	RNA10615	332	39	0.007834141617702416	1.874659938039258e-05	0.9743589743589743	117469.8795180723
chrX	14004752	14004874	RNA10616	122	19	2.079625272400239e-05	1.8813299902831204e-05	1.0	155737.7049180328
chrX	15950959	15951216	RNA10617	257	25	1.8099720109603367e-05	1.8819999240804464e-05	1.0	97276.26459143969
chrX	17785346	17785678	RNA10618	332	53	3.065947192843465e-05	1.9010700270882808e-05	1.0	159638.55421686746
chrX	17786599	17786721	RNA10619	122	37	0.027131515979645703	1.8794200514093973e-05	0.972972972972973	303278.68852459016
chrX	18829787	18830119	RNA10620	332	53	0.01904360294652436	0.0	0.9811320754716981	159638.55421686746
chrX	18841721	18842053	RNA10621	332	33	1.253356359401633e-05	0.0	1.0	99397.59036144578
chrX	18841752	18842084	RNA10622	332	30	1.253415994142415e-05	0.0	1.0	90361.44578313253
chrX	19124957	19125289	RNA10623	330	38	8.031110490647783e-06	0.0	1.0	115151.51515151515
chrX	19125562	19125894	RNA10624	332	38	0.002701349023912988	1.877215072454419e-05	0.9736842105263158	114457.8313253012
chrX	19133652	19133984	RNA10625	332	36	6.209859298501194e-05	0.0	1.0	108433.73493975904
chrX	20148711	20149043	RNA10626	332	44	0.00014276761881277248	1.8797850316332188e-05	1.0	132530.12048192773
chrX	23404402	23404734	RNA10627	330	70	0.02345678097857931	0.0	0.9571428571428572	212121.21212121213
chrX	26305274	26305414	RNA10628	140	26	0.01059334001113781	9.412099643668626e-06	0.9615384615384616	185714.2857142857
chrX	30028195	30028335	RNA10629	140	13	0.07694040451581084	0.0	0.9230769230769231	92857.14285714286
chrX	30733692	30733832	RNA10630	140	16	1.7587737147550797e-05	1.874484951258637e-05	1.0	114285.71428571428
chrX	30742983	30743123	RNA10631	140	17	3.105292981831735e-05	1.88252997759264e-05	1.0	121428.57142857142
chrX	30744213	30744353	RNA10632	140	19	0.03741108084556656	0.0	0.8947368421052632	135714.2857142857
chrX	30978050	30978190	RNA10633	140	6	3.1299499217614843e-06	0.0	1.0	42857.142857142855
chrX	30989515	30989655	RNA10634	140	16	0.04284501563927278	1.8797500160872005e-05	0.9375	114285.71428571428
chrX	30998338	30998478	RNA10635	138	18	0.001093902989143509	0.0	1.0	130434.78260869565
chrX	31087569	31087709	RNA10636	140	22	0.05208061619495394	1.8836299204849638e-05	0.9090909090909091	157142.85714285713
chrX	35601123	35601263	RNA10637	140	3	0.0003789000135535667	0.0	1.0	21428.571428571428
chrX	36464695	36464839	RNA10638	144	19	0.00039481923455528327	0.0	1.0	131944.44444444444
chrX	39504725	39505073	RNA10639	348	46	0.0013122176753076096	0.0	0.9782608695652174	132183.908045977
chrX	40214282	40214426	RNA10640	144	14	5.643703077241571e-05	0.0	1.0	97222.22222222222
chrX	41080833	41080977	RNA10641	144	6	9.426966850393606e-06	0.0	1.0	41666.666666666664
chrX	41080937	41081081	RNA10642	144	10	2.8239969105920748e-05	9.406649951415602e-06	1.0	69444.44444444445
chrX	41081764	41081908	RNA10643	144	13	2.0221353714497618e-05	1.877899921964854e-05	1.0	90277.77777777778
chrX	41925749	41925873	RNA10644	124	14	1.7414049969894612e-05	9.380350093124434e-06	1.0	112903.2258064516
chrX	41926009	41926153	RNA10645	144	7	3.489345596919208e-05	1.878990042314399e-05	1.0	48611.11111111111
chrX	41926483	41926627	RNA10646	144	23	0.03342144682463423	1.883239929156844e-05	0.9565217391304348	159722.22222222222
chrX	41928770	41928914	RNA10647	144	19	8.889247462655858e-06	0.0	1.0	131944.44444444444
chrX	41942650	41942794	RNA10648	144	16	0.0625422015694994	1.8793600247590803e-05	0.9375	111111.11111111111
chrX	43175282	43175630	RNA10649	348	52	0.0004018389475347111	1.881220032373676e-05	1.0	149425.28735632185
chrX	43176159	43176281	RNA10650	122	19	1.8788473856770188e-05	1.877830072771758e-05	1.0	155737.7049180328
chrX	43893812	43894160	RNA10651	348	51	0.01961118233660219	0.0	0.9803921568627451	146551.724137931
chrX	43930653	43931001	RNA10652	348	48	3.5970645588651246e-05	9.36645028559724e-06	1.0	137931.0344827586
chrX	43943877	43944225	RNA10653	348	41	5.067094335993384e-05	1.8783899577101693e-05	1.0	117816.09195402298
chrX	43975350	43975698	RNA10654	348	59	0.03919025880676893	1.876839996839408e-05	0.9491525423728814	169540.22988505746
chrX	43996617	43996965	RNA10655	348	0				0.0
chrX	44076454	44076802	RNA10656	348	41	0.00014205555537666413	1.8802600607159548e-05	1.0	117816.09195402298
chrX	45143895	45144243	RNA10657	348	47	5.385893935917853e-05	0.0	1.0	135057.4712643678
chrX	45147407	45147531	RNA10658	124	14	1.7555721439878524e-05	1.886849986476591e-05	1.0	112903.2258064516
chrX	46235991	46236115	RNA10659	124	17	0.021391757827907837	1.885409983515273e-05	0.9411764705882353	137096.77419354836
chrX	46242688	46242832	RNA10660	131	21	0.0011276406094111696	2.0085599317098968e-05	1.0	160305.34351145037
chrX	46246276	46246400	RNA10661	124	13	1.589241541156438e-05	1.8769100279314443e-05	1.0	104838.70967741936
chrX	46251994	46252118	RNA10662	124	13	0.00013161472004587308	1.879099909274373e-05	1.0	104838.70967741936
chrX	46397957	46398081	RNA10663	124	19	2.866539455824123e-05	0.0	1.0	153225.8064516129
chrX	46398309	46398433	RNA10664	124	14	0.0004059110323006621	1.874764984677313e-05	1.0	112903.2258064516
chrX	46428636	46428760	RNA10665	124	17	1.4374206062604893e-05	0.0	1.0	137096.77419354836
chrX	47064407	47064529	RNA10666	122	14	5.929199349857867e-05	1.8854600057238713e-05	1.0	114754.09836065574
chrX	47485509	47485633	RNA10667	124	17	6.53529466088657e-05	0.0	1.0	137096.77419354836
chrX	47830298	47830420	RNA10668	122	11	0.04327829657168794	0.0	0.9090909090909091	90163.9344262295
chrX	47830452	47830574	RNA10669	122	9	1.0437133419650814e-05	0.0	1.0	73770.49180327868
chrX	47830835	47830957	RNA10670	122	10	2.632750947668683e-05	9.391449566464871e-06	1.0	81967.2131147541
chrX	48079708	48079830	RNA10671	122	16	4.1256162489844184e-05	0.0	1.0	131147.54098360657
chrX	48080271	48080393	RNA10672	122	12	7.90882480335616e-06	0.0	1.0	98360.65573770492
chrX	48101884	48102006	RNA10673	122	0				0.0
chrX	48471829	48472177	RNA10674	345	43	0.0027240344350206547	1.9287499526399188e-05	0.9767441860465116	124637.6811594203
chrX	49301498	49301620	RNA10675	122	12	1.730350838139539e-05	0.0	1.0	98360.65573770492
chrX	51093841	51093965	RNA10676	124	20	7.462128942278498e-05	1.908434933284297e-05	1.0	161290.32258064515
chrX	52823398	52823520	RNA10677	122	0				0.0
chrX	61039221	61039311	RNA10678	0	0				
chrX	65543886	65543976	RNA10679	90	11	0.0005634089540597525	1.888820042950101e-05	1.0	122222.22222222222
chrX	65860855	65860945	RNA10680	90	18	5.014767662537257e-05	1.8801250007527415e-05	1.0	200000.0
chrX	65864352	65864442	RNA10681	90	16	1.5288406189029047e-05	0.0	1.0	177777.77777777778
chrX	65871260	65871350	RNA10682	90	9	5.0265278130402567e-05	0.0	1.0	100000.0
chrX	66271101	66271191	RNA10683	90	16	8.578071594911124e-05	1.8759799786494114e-05	1.0	177777.77777777778
chrX	66274974	66275064	RNA10684	90	19	5.951478765621831e-06	0.0	1.0	211111.11111111112
chrX	66285495	66285585	RNA10685	90	19	1.0920984239323603e-05	0.0	1.0	211111.11111111112
chrX	67012173	67012263	RNA10686	90	16	9.731535465107045e-05	1.8917199668067042e-05	1.0	177777.77777777778
chrX	69088492	69088715	RNA10687	223	27	0.002741634624558	1.8777600416797213e-05	0.9629629629629629	121076.2331838565
chrX	69092477	69092618	RNA10688	141	25	3.761417494388048e-05	0.0	1.0	177304.9645390071
chrX	71018013	71018103	RNA10689	90	10	0.00028403287997206823	1.8835399714589585e-05	1.0	111111.11111111111
chrX	73389219	73389442	RNA10690	223	38	2.6284144759728243e-05	1.880249965324765e-05	1.0	170403.5874439462
chrX	73391111	73391252	RNA10691	141	38	0.00015119258913679688	1.886170048237545e-05	1.0	269503.5460992908
chrX	73858262	73858403	RNA10692	140	21	5.593503824673268e-05	1.895770037663169e-05	1.0	150000.0
chrX	73919429	73919652	RNA10693	223	19	9.8839054293134e-06	0.0	1.0	85201.7937219731
chrX	73919864	73920087	RNA10694	223	27	0.002386497900766286	1.880049967439845e-05	0.9629629629629629	121076.2331838565
chrX	73920907	73921048	RNA10695	141	15	1.3770019601603659e-05	0.0	1.0	106382.97872340426
chrX	73925267	73925490	RNA10696	223	16	1.2931143601235817e-05	9.388249964104034e-06	1.0	71748.87892376681
chrX	73926947	73927088	RNA10697	141	18	7.234806152053822e-05	9.374550245411228e-06	1.0	127659.57446808509
chrX	74406671	74406894	RNA10698	223	9	1.668589983536448e-05	1.876349961094093e-05	1.0	40358.744394618836
chrX	74406761	74406984	RNA10699	223	24	1.2506225023874626e-05	1.875080033642007e-05	1.0	107623.31838565023
chrX	74407202	74407343	RNA10700	141	11	1.1972672754464755e-05	0.0	1.0	78014.18439716312
chrX	74407315	74407456	RNA10701	141	13	1.5939907685746082e-05	1.880369927675929e-05	1.0	92198.58156028368
chrX	74407379	74407602	RNA10702	209	18	2.2790905556272587e-05	1.8802799786499236e-05	1.0	86124.4019138756
chrX	74408213	74408354	RNA10703	141	15	1.8778713638312183e-05	1.8785300198942423e-05	1.0	106382.97872340426
chrX	74950206	74950429	RNA10704	223	38	5.726523795601337e-05	1.8854800146073103e-05	1.0	170403.5874439462
chrX	74950742	74950883	RNA10705	141	20	0.0016879353249350895	1.8796099539031275e-05	1.0	141843.97163120567
chrX	74952151	74952292	RNA10706	113	33	0.03032650484248844	1.9071199858444743e-05	0.9696969696969697	292035.3982300885
chrX	79284781	79285004	RNA10707	223	31	0.032336543131321144	1.8830300177796744e-05	0.967741935483871	139013.45291479822
chrX	110615821	110615926	RNA10708	105	13	4.7733376189938384e-05	0.0	1.0	123809.52380952382
chrX	110873536	110873650	RNA10709	114	18	1.0516327569752724e-05	0.0	1.0	157894.73684210525
chrX	114502651	114502756	RNA10710	105	16	0.006798541231091801	0.0	0.9375	152380.9523809524
chrX	114981696	114981810	RNA10711	114	14	7.242269787508516e-05	9.375399713462684e-06	1.0	122807.01754385965
chrX	115055238	115055534	RNA10712	296	37	0.07241424776608206	0.0	0.918918918918919	125000.0
chrX	115383289	115383394	RNA10713	105	14	1.4767935551520037e-05	9.393200343765784e-06	1.0	133333.33333333334
chrX	115383989	115384094	RNA10714	105	11	1.3792590834782459e-05	0.0	1.0	104761.90476190476
chrX	115398307	115398412	RNA10715	105	15	1.752555350928257e-05	0.0	1.0	142857.14285714284
chrX	115651592	115651697	RNA10716	105	1	0.0	0.0	1.0	9523.809523809525
chrX	115653064	115653169	RNA10717	105	17	0.00018334587206053542	0.0	1.0	161904.76190476192
chrX	115655594	115655699	RNA10718	105	12	1.097806640852165e-05	0.0	1.0	114285.71428571428
chrX	115693503	115693617	RNA10719	113	18	5.683002645026874e-05	1.9406400497246068e-05	1.0	159292.03539823007
chrX	115693579	115693693	RNA10720	114	18	4.265680399839696e-05	1.8810949768521823e-05	1.0	157894.73684210525
chrX	115693808	115693922	RNA10721	114	13	3.325399246442297e-05	1.878459988802205e-05	1.0	114035.08771929824
chrX	115987520	115987634	RNA10722	114	14	1.747434959854997e-05	9.405400305695364e-06	1.0	122807.01754385965
chrX	115991030	115991144	RNA10723	114	19	1.8799378985453298e-05	1.8788199668051675e-05	1.0	166666.66666666666
chrX	115994312	115994426	RNA10724	114	16	1.4114418263488092e-05	0.0	1.0	140350.87719298244
chrX	116490822	116490927	RNA10725	105	7	4.929520062951926e-05	3.837589974864386e-05	1.0	66666.66666666667
chrX	116857135	116857249	RNA10726	114	23	0.043498447012493474	0.0	0.9565217391304348	201754.38596491228
chrX	119220346	119220642	RNA10727	296	32	2.9373840334298774e-05	1.8768250811262988e-05	1.0	108108.10810810812
chrX	120026776	120027072	RNA10728	296	0				0.0
chrX	120026947	120027243	RNA10729	296	0				0.0
chrX	120027933	120028229	RNA10730	296	0				0.0
chrX	120246180	120246476	RNA10731	296	17	0.012057762464310666	0.0	0.9411764705882353	57432.43243243243
chrX	120247630	120247926	RNA10732	296	33	0.0001479266470458647	1.876880014606286e-05	1.0	111486.48648648648
chrX	120247967	120248263	RNA10733	296	37	5.0340882267305216e-05	0.0	1.0	125000.0
chrX	120505115	120505220	RNA10734	105	13	1.5951776871448743e-05	1.88430003618123e-05	1.0	123809.52380952382
chrX	121085988	121086284	RNA10735	296	25	0.0023000088328990354	1.876170063042082e-05	0.96	84459.45945945945
chrX	123743261	123743557	RNA10736	296	25	1.7306975496463656e-05	0.0	1.0	84459.45945945945
chrX	126743898	126744250	RNA10737	352	35	3.61815770572398e-05	1.878990042314399e-05	1.0	99431.81818181818
chrX	130330039	130330145	RNA10738	106	8	1.8874812440117242e-05	9.416899956704585e-06	1.0	75471.69811320755
chrX	130428380	130428732	RNA10739	352	37	0.027341056159924403	1.875189991551452e-05	0.972972972972973	105113.63636363637
chrX	131613361	131613713	RNA10740	352	60	0.005883447371100675	1.880884974525543e-05	0.9833333333333333	170454.54545454544
chrX	131641682	131641943	RNA10741	261	26	1.59034424051732e-05	1.8767199435387738e-05	1.0	99616.85823754789
chrX	131667647	131667999	RNA10742	352	82	0.012732054089255826	0.0	0.9878048780487805	232954.54545454544
chrX	131668177	131668529	RNA10743	266	56	0.0038368076847551218	1.9286049791844565e-05	0.9821428571428571	210526.31578947368
chrX	131910243	131910595	RNA10744	352	36	2.868276937482862e-05	0.0	1.0	102272.72727272728
chrX	131913627	131913979	RNA10745	352	54	0.03734592785393168	1.8764149899652693e-05	0.9629629629629629	153409.0909090909
chrX	131931339	131931691	RNA10746	352	48	0.020722072863615416	9.381549716636073e-06	0.9791666666666666	136363.63636363635
chrX	132568997	132569153	RNA10747	156	13	8.67268471875622e-06	0.0	1.0	83333.33333333333
chrX	132990071	132990423	RNA10748	352	37	0.013805646334042864	0.0	0.972972972972973	105113.63636363637
chrX	133988424	133988530	RNA10749	106	10	9.399610098625999e-06	0.0	1.0	94339.62264150944
chrX	134917242	134917348	RNA10750	106	15	7.5213733604565885e-06	0.0	1.0	141509.43396226416
chrX	134946057	134946163	RNA10751	106	0				0.0
chrX	134949004	134949110	RNA10752	106	0				0.0
chrX	135034024	135034130	RNA10753	106	13	0.07694483049244108	0.0	0.9230769230769231	122641.50943396226
chrX	135034036	135034142	RNA10754	106	13	0.076943382907792	0.0	0.9230769230769231	122641.50943396226
chrX	135052351	135052457	RNA10755	106	19	0.0012425629729956337	0.0	1.0	179245.28301886792
chrX	135620667	135620928	RNA10756	261	0				0.0
chrX	135957029	135957135	RNA10757	106	13	1.3011561280179125e-05	1.878039984148927e-05	1.0	122641.50943396226
chrX	136522809	136523070	RNA10758	259	9	0.11112539813297594	1.908470039779786e-05	0.8888888888888888	34749.03474903475
chrX	136562814	136562970	RNA10759	156	19	0.00040584417710258074	0.0	1.0	121794.8717948718
chrX	136614495	136614756	RNA10760	261	27	3.275503082409792e-05	1.8799499230226505e-05	1.0	103448.27586206897
chrX	136618329	136618590	RNA10761	261	31	7.69493845807782e-05	0.0	1.0	118773.94636015326
chrX	136643950	136644211	RNA10762	261	28	4.55834573845658e-05	1.875890029623406e-05	1.0	107279.69348659004
chrX	136646604	136646865	RNA10763	261	36	4.494977782895417e-05	1.8793300114339218e-05	1.0	137931.0344827586
chrX	136785197	136785458	RNA10764	250	0				0.0
chrX	136825847	136826199	RNA10765	352	32	1.645227814606141e-05	0.0	1.0	90909.09090909091
chrX	137395361	137395517	RNA10766	156	18	0.02569699682246411	1.883844925032463e-05	0.9444444444444444	115384.61538461539
chrX	137395729	137395885	RNA10767	156	0				0.0
chrX	137397054	137397315	RNA10768	261	37	0.00010118030297382577	0.0	1.0	141762.4521072797
chrX	137400497	137400653	RNA10769	147	21	0.00827133916295895	0.0	0.9523809523809523	142857.14285714284
chrX	138095009	138095165	RNA10770	156	0				0.0
chrX	138095273	138095429	RNA10771	156	0				0.0
chrX	138123622	138123778	RNA10772	156	15	0.03937891754685551	3.764210123335943e-05	0.9333333333333333	96153.84615384616
chrX	138559419	138559575	RNA10773	156	23	1.8018087006487843e-05	0.0	1.0	147435.89743589744
chrX	139948985	139949091	RNA10774	105	11	3.8501617216908994e-05	0.0	1.0	104761.90476190476
chrX	141108190	141108451	RNA10775	209	39	0.02568920842755828	1.995370075746905e-05	0.9743589743589743	186602.87081339714
chrX	141909409	141909565	RNA10776	156	29	0.00011415432100906665	0.0	1.0	185897.4358974359
chrX	144960025	144960263	RNA10777	238	37	0.0017271818104180351	1.876560054370202e-05	0.972972972972973	155462.1848739496
chrX	149006068	149006306	RNA10778	238	26	0.00045125581185016496	1.877725026133703e-05	1.0	109243.6974789916
chrX	149443994	149444345	RNA10779	351	52	0.019318030461258438	1.878325019788463e-05	0.9807692307692307	148148.14814814815
chrX	149825089	149825327	RNA10780	238	37	1.9876937929779095e-05	1.8805800209520385e-05	1.0	155462.1848739496
chrX	149927015	149927253	RNA10781	0	0				
chrX	149927522	149927760	RNA10782	0	0				
chrX	150225345	150225583	RNA10783	238	49	3.257657976509531e-05	1.8768099835142493e-05	1.0	205882.35294117645
chrX	150226920	150227158	RNA10784	238	30	1.7548843425170015e-05	0.0	1.0	126050.42016806723
chrX	150227181	150227419	RNA10785	238	29	1.9058406968693076e-05	0.0	1.0	121848.73949579832
chrX	151069363	151069531	RNA10786	168	0				0.0
chrX	151076733	151076971	RNA10787	238	0				0.0
chrX	153430542	153430893	RNA10788	351	32	2.581001274392783e-05	1.8755050405161455e-05	1.0	91168.09116809117
chrX	154009941	154010292	RNA10789	331	50	0.0004980722053369328	1.8828649444913026e-05	1.0	151057.40181268883
chrX	154010052	154010403	RNA10790	351	56	6.728232899279103e-05	0.0	1.0	159544.15954415954
chrX	154010134	154010485	RNA10791	351	59	0.013718815380806035	0.0	0.9830508474576272	168091.16809116807
chrX	154759069	154759420	RNA10792	351	43	4.324086935517472e-05	1.877509930636733e-05	1.0	122507.1225071225
chrX	154759076	154759427	RNA10793	351	42	0.00010560327891219573	1.8776499928208065e-05	1.0	119658.11965811966
chrX	154759936	154760287	RNA10794	351	30	0.0006866967605674271	9.3791004474042e-06	1.0	85470.08547008547
chrX	154835246	154835484	RNA10795	238	28	0.009309273802695575	0.0	0.9642857142857143	117647.05882352941
chrX	155160936	155161104	RNA10796	90	34	0.000408576417291493	9.878500350168904e-06	1.0	377777.77777777775
chrX	155438630	155438981	RNA10797	351	0				0.0
chrX	155951576	155951744	RNA10798	158	26	0.011224899675443547	0.0	0.9615384615384616	164556.96202531643
chrX	155993292	155993460	RNA10799	168	54	0.0001537497962797452	1.4803600151935825e-05	1.0	321428.5714285715
chrX	155993982	155994150	RNA10800	168	41	0.00021520818653498515	0.0	1.0	244047.61904761905
chrX	156030081	156030249	RNA10801	55	0				0.0
