chrom	start	end	region_id	callable_bp	n_variants	mean_DAF	median_DAF	fraction_rare	variants_per_Mb_callable
chr1	10328	10518	RNA1001	76	0				0.0
chr1	10377	10595	RNA1002	60	0				0.0
chr1	10397	10469	RNA1003	54	0				0.0
chr1	10525	10743	RNA1004	84	0				0.0
chr1	10557	10697	RNA1005	39	0				0.0
chr1	10557	10815	RNA1006	118	0				0.0
chr1	10895	11035	RNA1007	0	0				
chr1	10960	11067	RNA1008	0	0				
chr1	10997	11132	RNA1009	0	0				
chr1	11032	11172	RNA1010	0	0				
chr1	11066	11284	RNA1011	0	0				
chr1	11076	11211	RNA1012	0	0				
chr1	11080	11255	RNA1013	0	0				
chr1	11089	11264	RNA1014	0	0				
chr1	11112	11212	RNA1015	0	0				
chr1	11149	11339	RNA1016	0	0				
chr1	11235	11370	RNA1017	0	0				
chr1	11383	11540	RNA1018	0	0				
chr1	11475	11632	RNA1019	0	0				
chr1	11492	11675	RNA1020	0	0				
chr1	11513	11771	RNA1021	0	0				
chr1	11530	11637	RNA1022	0	0				
chr1	11558	11733	RNA1023	0	0				
chr1	11590	11848	RNA1024	0	0				
chr1	11642	11749	RNA1025	0	0				
chr1	859953	860021	RNA1026	68	0				0.0
chr1	859963	860077	RNA1027	114	0				0.0
chr1	959369	959460	RNA1028	91	30	1.3233680207728564e-05	1.4700700376124589e-05	1.0	329670.32967032964
chr1	1057443	1057531	RNA1029	79	15	0.00041797858945451667	1.470159986638464e-05	1.0	189873.417721519
chr1	1118720	1118898	RNA1030	178	0				0.0
chr1	1120633	1120733	RNA1031	100	29	1.3686820678008172e-05	1.469590006308863e-05	1.0	290000.0
chr1	1198896	1198996	RNA1032	100	22	1.9375099823677366e-05	0.0	1.0	220000.0
chr1	1201423	1201687	RNA1033	264	80	2.061605865719613e-05	1.4704599834658438e-05	1.0	303030.30303030304
chr1	1209420	1209520	RNA1034	100	24	0.04039030930395408	1.469744984206045e-05	0.9583333333333334	240000.0
chr1	1210849	1210921	RNA1035	72	19	0.001573711546514359	1.4704999557579868e-05	1.0	263888.8888888889
chr1	1214293	1214393	RNA1036	100	30	7.936390863202465e-05	0.0	1.0	300000.0
chr1	1216374	1216474	RNA1037	100	26	2.0361349785301347e-05	1.4704200111737007e-05	1.0	260000.0
chr1	1292045	1292117	RNA1038	72	24	1.5926649931921175e-05	1.4697199731017465e-05	1.0	333333.3333333333
chr1	1292246	1292318	RNA1039	72	13	6.831792304113221e-06	0.0	1.0	180555.55555555556
chr1	1330296	1330368	RNA1040	72	16	0.06261854395899036	0.0	0.9375	222222.22222222222
chr1	1330300	1330372	RNA1041	72	15	9.800173393159639e-06	0.0	1.0	208333.33333333334
chr1	1330565	1330665	RNA1042	100	30	6.859618300343516e-05	0.0	1.0	300000.0
chr1	1363026	1363094	RNA1043	68	17	1.3027135216415285e-05	0.0	1.0	250000.0
chr1	1417805	1417877	RNA1044	72	23	0.0001598984959539061	0.0	1.0	319444.44444444444
chr1	1417824	1417892	RNA1045	68	19	7.738389573014023e-06	0.0	1.0	279411.76470588235
chr1	1417905	1417973	RNA1046	68	7	1.8895271750807296e-05	1.469509970775107e-05	1.0	102941.17647058822
chr1	1512028	1512096	RNA1047	68	0				0.0
chr1	1512056	1512124	RNA1048	68	0				0.0
chr1	1578469	1578537	RNA1049	68	16	6.452025047565257e-06	0.0	1.0	235294.11764705883
chr1	1584173	1584287	RNA1050	112	44	0.0009051869943629075	1.5297399841074366e-05	1.0	392857.14285714284
chr1	1584476	1584590	RNA1051	114	35	0.0011067758594175926	1.4725400433235336e-05	1.0	307017.54385964916
chr1	1590087	1590201	RNA1052	114	37	1.3903297135461447e-05	0.0	1.0	324561.40350877197
chr1	1748749	1748863	RNA1053	114	0				0.0
chr1	1750016	1750130	RNA1054	114	0				0.0
chr1	1785001	1785115	RNA1055	114	18	1.959681144903871e-05	1.4697250207973411e-05	1.0	157894.73684210525
chr1	1900873	1900964	RNA1056	91	21	0.012878035949879196	0.0	0.9523809523809523	230769.23076923078
chr1	1919431	1919519	RNA1057	88	38	0.0011634596044132154	7.36245010557468e-06	1.0	431818.1818181818
chr1	1919899	1919990	RNA1058	91	21	1.3996962046626708e-05	0.0	1.0	230769.23076923078
chr1	1921508	1921599	RNA1059	91	26	4.127092982413424e-05	7.349050065386109e-06	1.0	285714.2857142857
chr1	2009765	2009938	RNA1060	173	21	0.007255217486350115	1.4697199731017465e-05	0.9523809523809523	121387.28323699422
chr1	2047560	2047824	RNA1061	264	66	0.0049153583172758765	1.4698749964736635e-05	0.9696969696969697	250000.0
chr1	2047924	2048188	RNA1062	264	48	0.0018203677554803682	0.0	0.9791666666666666	181818.18181818182
chr1	2047980	2048068	RNA1063	88	12	1.714625811169711e-05	0.0	1.0	136363.63636363635
chr1	2048211	2048475	RNA1064	264	39	0.006368822576708524	0.0	0.9743589743589743	147727.27272727274
chr1	2048560	2048648	RNA1065	88	23	0.0005559767747083307	1.4698500308440998e-05	1.0	261363.63636363635
chr1	2310407	2310495	RNA1066	88	18	1.061527220574337e-05	0.0	1.0	204545.45454545456
chr1	2310819	2310891	RNA1067	72	17	0.0020911917817476654	1.470159986638464e-05	1.0	236111.1111111111
chr1	2311093	2311181	RNA1068	88	31	8.535693620703363e-06	0.0	1.0	352272.7272727273
chr1	2312450	2312648	RNA1069	198	49	2.1611779889748498e-05	0.0	1.0	247474.74747474748
chr1	2314191	2314279	RNA1070	88	22	0.03556404977776268	0.0	0.9545454545454546	250000.0
chr1	2314680	2314780	RNA1071	100	30	0.000702310050534528	1.4710600225953384e-05	1.0	300000.0
chr1	2507432	2507500	RNA1072	68	17	1.8160700111526667e-05	1.4700700376124589e-05	1.0	250000.0
chr1	2586074	2586182	RNA1073	103	0				0.0
chr1	2803385	2803499	RNA1074	114	0				0.0
chr1	2818696	2818868	RNA1075	170	0				0.0
chr1	2890887	2891060	RNA1076	173	0				0.0
chr1	2971855	2972028	RNA1077	173	48	0.00776215080279977	0.0	0.9583333333333334	277456.6473988439
chr1	2980010	2980183	RNA1078	173	41	0.004951409106402798	1.4696799553348685e-05	0.975609756097561	236994.21965317917
chr1	2992281	2992381	RNA1079	100	31	0.0033143144947908047	1.4697699953103438e-05	0.967741935483871	310000.0
chr1	3032333	3032531	RNA1080	198	55	0.015080893228001841	1.4700300198455809e-05	0.9818181818181818	277777.7777777778
chr1	3034878	3035076	RNA1081	198	34	0.005196656418026095	1.4698999621032272e-05	0.9705882352941176	171717.1717171717
chr1	3040461	3040549	RNA1082	88	17	5.7064811217588296e-05	1.469549988541985e-05	1.0	193181.81818181818
chr1	3050672	3050870	RNA1083	198	37	1.589478629407594e-05	0.0	1.0	186868.68686868687
chr1	3487657	3487765	RNA1084	108	23	0.03776557763668951	1.469590006308863e-05	0.9565217391304348	212962.96296296298
chr1	3487693	3487801	RNA1085	108	27	0.003967511740854572	1.4698500308440998e-05	0.9629629629629629	250000.0
chr1	3487801	3487909	RNA1086	108	27	3.1031399548395096e-05	1.4696400285174605e-05	1.0	250000.0
chr1	3771765	3771937	RNA1087	172	36	0.02780023587261995	1.469744984206045e-05	0.9722222222222222	209302.32558139536
chr1	3776434	3776617	RNA1088	183	56	0.009835461864343281	0.0	0.9464285714285714	306010.92896174866
chr1	3777597	3777780	RNA1089	183	44	0.0024454037341828617	7.347950031544315e-06	0.9772727272727273	240437.15846994534
chr1	3797435	3797607	RNA1090	172	29	0.007075275966034775	1.4701099644298664e-05	0.9655172413793104	168604.6511627907
chr1	3802569	3802741	RNA1091	172	31	0.03275255419706104	0.0	0.967741935483871	180232.55813953487
chr1	3888802	3888974	RNA1092	172	32	1.65632344817332e-05	0.0	1.0	186046.51162790696
chr1	3888906	3889000	RNA1093	94	20	1.3409879920798915e-05	0.0	1.0	212765.95744680852
chr1	3888920	3889103	RNA1094	183	37	1.7596081085460732e-05	1.470460028940579e-05	1.0	202185.79234972678
chr1	3888947	3889119	RNA1095	172	34	1.6109285377963398e-05	1.4703750366606982e-05	1.0	197674.41860465115
chr1	3955628	3955800	RNA1096	172	29	2.2302203496075694e-05	0.0	1.0	168604.6511627907
chr1	4095175	4095272	RNA1097	0	0				
chr1	4794470	4794653	RNA1098	183	35	0.0003112243378771874	1.4697699953103438e-05	1.0	191256.8306010929
chr1	4857784	4857956	RNA1099	172	35	0.012151043592971936	0.0	0.9714285714285714	203488.37209302327
chr1	5084187	5084365	RNA1100	178	36	1.7562955513816638e-05	0.0	1.0	202247.19101123596
chr1	5462460	5462601	RNA1101	141	19	0.10506429904274371	1.470159986638464e-05	0.8947368421052632	134751.7730496454
chr1	6101203	6101381	RNA1102	178	53	0.017759931405480697	0.0	0.9622641509433962	297752.80898876407
chr1	6101343	6101519	RNA1103	176	49	4.8000075274062606e-05	0.0	1.0	278409.0909090909
chr1	6101426	6101526	RNA1104	100	24	1.7764004269335697e-05	0.0	1.0	240000.0
chr1	6101592	6101770	RNA1105	170	45	1.3812879984066563e-05	1.4707199625263456e-05	1.0	264705.8823529412
chr1	6101601	6101779	RNA1106	170	47	0.021289488270222718	1.4707199625263456e-05	0.9787234042553191	276470.58823529416
chr1	6241881	6242059	RNA1107	178	35	2.6467640314613817e-05	1.470460028940579e-05	1.0	196629.21348314607
chr1	6243532	6243710	RNA1108	178	53	0.020373717334137526	1.4696400285174605e-05	0.9622641509433962	297752.80898876407
chr1	6261123	6261301	RNA1109	178	27	0.011587423678368696	0.0	0.9629629629629629	151685.39325842698
chr1	6263751	6263823	RNA1110	72	14	1.2600314351272522e-05	0.0	1.0	194444.44444444444
chr1	6466469	6466537	RNA1111	68	23	1.4060730316724284e-05	1.4698100130772218e-05	1.0	338235.2941176471
chr1	6722773	6722887	RNA1112	114	21	1.3298795368296558e-05	0.0	1.0	184210.52631578947
chr1	6774097	6774275	RNA1113	178	38	0.026324695418368623	7.348849976551719e-06	0.9736842105263158	213483.1460674157
chr1	6775209	6775297	RNA1114	88	14	1.788267172742053e-05	1.4719300452270543e-05	1.0	159090.9090909091
chr1	6776844	6776944	RNA1115	100	17	6.91691178979133e-06	0.0	1.0	170000.0
chr1	7771108	7771226	RNA1116	118	33	8.172391404293236e-05	0.0	1.0	279661.0169491525
chr1	7853577	7853677	RNA1117	100	14	8.6077459660113e-05	1.469744984206045e-05	1.0	140000.0
chr1	7854737	7854831	RNA1118	94	27	0.025437289395894264	0.0	0.9629629629629629	287234.04255319154
chr1	7953106	7953206	RNA1119	99	0				0.0
chr1	7953181	7953281	RNA1120	99	0				0.0
chr1	7986481	7986581	RNA1121	100	23	0.00015083389422690087	1.4699799976369832e-05	1.0	230000.0
chr1	7986694	7986791	RNA1122	97	17	0.024015600960303658	1.47024002217222e-05	0.9411764705882353	175257.7319587629
chr1	7986986	7987086	RNA1123	100	23	0.0001465243450065401	1.474799955758499e-05	1.0	230000.0
chr1	7988035	7988135	RNA1124	100	25	0.04013643698446687	1.4701099644298664e-05	0.96	250000.0
chr1	8348284	8348467	RNA1125	183	45	0.00021785472377410173	0.0	1.0	245901.63934426228
chr1	8351539	8351711	RNA1126	172	51	1.7868070547894433e-05	1.4696400285174605e-05	1.0	296511.6279069768
chr1	8860763	8860857	RNA1127	94	16	1.0104937302912731e-05	0.0	1.0	170212.7659574468
chr1	8860862	8860956	RNA1128	94	20	8.083679949777433e-06	0.0	1.0	212765.95744680852
chr1	8860903	8860997	RNA1129	94	19	6.9622841405553596e-06	0.0	1.0	202127.65957446807
chr1	8887615	8887709	RNA1130	94	28	0.0007978657769984037	1.4700699921377236e-05	1.0	297872.3404255319
chr1	8888920	8889014	RNA1131	93	0				0.0
chr1	8979162	8979259	RNA1132	97	17	4.064493548545452e-05	1.470200004405342e-05	1.0	175257.7319587629
chr1	8979239	8979333	RNA1133	94	21	0.00017028842848091898	0.0	1.0	223404.2553191489
chr1	8981825	8981925	RNA1134	100	22	1.47006544053011e-05	0.0	1.0	220000.0
chr1	9026765	9026862	RNA1135	97	26	0.040107366579727216	1.4829599876975408e-05	0.9615384615384616	268041.23711340205
chr1	9028835	9028932	RNA1136	97	16	0.00011945117080358512	0.0	1.0	164948.45360824742
chr1	9824834	9824975	RNA1137	141	27	9.25529255053132e-06	0.0	1.0	191489.36170212764
chr1	9911143	9911237	RNA1138	94	11	3.0736727487886e-05	0.0	1.0	117021.27659574468
chr1	9991536	9991671	RNA1139	135	19	6.190047459217328e-06	0.0	1.0	140740.74074074076
chr1	10023197	10023373	RNA1140	176	33	5.5256960022782706e-05	1.4697699953103438e-05	1.0	187500.0
chr1	10421914	10422022	RNA1141	108	0				0.0
chr1	10423309	10423417	RNA1142	108	9	4.01914555065249e-05	1.640419941395521e-05	1.0	83333.33333333333
chr1	10424361	10424502	RNA1143	141	38	0.0006351525067465762	1.4696599919261644e-05	1.0	269503.5460992908
chr1	10424564	10424672	RNA1144	108	26	6.896848197776496e-05	1.4698100130772218e-05	1.0	240740.74074074073
chr1	10453180	10453321	RNA1145	141	27	0.037043574722163075	0.0	0.9629629629629629	191489.36170212764
chr1	10453392	10453533	RNA1146	141	26	3.4507385512715745e-05	7.349899988184916e-06	1.0	184397.16312056736
chr1	10454049	10454145	RNA1147	96	15	3.139084092253586e-05	1.4705899957334624e-05	1.0	156250.0
chr1	10630915	10631056	RNA1148	141	30	9.259838489015177e-05	7.347950031544315e-06	1.0	212765.95744680852
chr1	10633510	10633651	RNA1149	141	29	7.605913730191693e-06	0.0	1.0	205673.7588652482
chr1	10634632	10634773	RNA1150	141	25	2.1753516230087418e-05	0.0	1.0	177304.9645390071
chr1	10796702	10796888	RNA1151	186	80	4.170694586491231e-05	0.0	1.0	430107.52688172046
chr1	10796970	10797121	RNA1152	149	36	0.00022721909820372596	0.0	1.0	241610.73825503356
chr1	10942505	10942681	RNA1153	176	39	0.007751229580954268	1.4698999621032272e-05	0.9743589743589743	221590.9090909091
chr1	11010932	11011108	RNA1154	176	0				0.0
chr1	11011515	11011691	RNA1155	174	0				0.0
chr1	11048822	11048998	RNA1156	176	34	2.941743562533571e-05	7.35100002202671e-06	1.0	193181.81818181818
chr1	11049548	11049724	RNA1157	176	33	2.6496109113032234e-05	0.0	1.0	187500.0
chr1	11105253	11105431	RNA1158	178	34	0.086900297369191	7.349899988184916e-06	0.9117647058823529	191011.23595505618
chr1	11106308	11106484	RNA1159	176	27	0.037271159357967716	1.4696799553348685e-05	0.9629629629629629	153409.0909090909
chr1	11302802	11302910	RNA1160	108	17	1.902984706034341e-05	0.0	1.0	157407.40740740742
chr1	11473196	11473337	RNA1161	141	26	0.038480206050315664	0.0	0.9615384615384616	184397.16312056736
chr1	11586807	11586925	RNA1162	118	17	2.940072911715704e-05	1.4699799976369832e-05	1.0	144067.7966101695
chr1	12044958	12045134	RNA1163	176	30	0.00788059846496859	0.0	0.9666666666666667	170454.54545454544
chr1	12514731	12514849	RNA1164	118	29	5.7789083476901815e-05	1.4699799976369832e-05	1.0	245762.7118644068
chr1	12565665	12565783	RNA1165	118	20	0.0002913233635808815	0.0	1.0	169491.5254237288
chr1	12566108	12566226	RNA1166	118	34	0.04876789951584429	1.469590006308863e-05	0.9117647058823529	288135.593220339
chr1	12631606	12631724	RNA1167	118	19	0.0003179076100327365	0.0	1.0	161016.94915254237
chr1	12633793	12633911	RNA1168	118	15	3.0438912532793523e-05	0.0	1.0	127118.6440677966
chr1	12701158	12701276	RNA1169	118	0				0.0
chr1	13618345	13618463	RNA1170	118	28	2.888136025700812e-05	1.4703299711982254e-05	1.0	237288.13559322036
chr1	13653217	13653345	RNA1171	128	15	7.838953327639805e-06	0.0	1.0	117187.5
chr1	13872307	13872442	RNA1172	135	32	0.03129317662879316	0.0	0.96875	237037.03703703705
chr1	13875117	13875252	RNA1173	135	17	1.5566770611365108e-05	0.0	1.0	125925.92592592591
chr1	13878173	13878267	RNA1174	94	19	0.052611467784548664	1.4697699953103438e-05	0.9473684210526315	202127.65957446807
chr1	13878842	13878977	RNA1175	135	27	0.02633176461828649	1.4696799553348685e-05	0.9629629629629629	200000.0
chr1	13882036	13882132	RNA1176	96	20	0.05425145509002505	0.0	0.9	208333.33333333334
chr1	13889619	13889754	RNA1177	135	27	0.03932834158705292	1.4697199731017465e-05	0.8888888888888888	200000.0
chr1	15220543	15220678	RNA1178	135	26	0.03164743709070395	0.0	0.9615384615384616	192592.59259259258
chr1	15220552	15220687	RNA1179	135	28	0.029387430723513065	0.0	0.9642857142857143	207407.4074074074
chr1	15220655	15220790	RNA1180	135	32	9.646143894314069e-06	0.0	1.0	237037.03703703705
chr1	15221845	15221996	RNA1181	151	32	0.008806986766416	0.0	0.9375	211920.5298013245
chr1	15222593	15222728	RNA1182	135	15	1.376274018790961e-05	1.4699399798701052e-05	1.0	111111.11111111111
chr1	15223013	15223148	RNA1183	135	21	0.0014256751897153736	0.0	1.0	155555.55555555556
chr1	15224410	15224512	RNA1184	102	16	2.0211624871535605e-05	1.4697900041937828e-05	1.0	156862.74509803922
chr1	15224631	15224766	RNA1185	135	19	0.041872732833421876	1.4700300198455809e-05	0.9473684210526315	140740.74074074076
chr1	15224708	15224894	RNA1186	186	26	0.03848133082276316	1.4699200164614012e-05	0.9615384615384616	139784.94623655913
chr1	15231040	15231148	RNA1187	108	17	0.0017744277241517317	0.0	1.0	157407.40740740742
chr1	15430570	15430666	RNA1188	96	0				0.0
chr1	15430622	15430718	RNA1189	96	0				0.0
chr1	15437773	15437869	RNA1190	92	0				0.0
chr1	15450419	15450560	RNA1191	141	28	3.677445608575427e-05	1.4697699953103438e-05	1.0	198581.56028368796
chr1	15451462	15451558	RNA1192	96	15	1.372117330902256e-05	1.4697699953103438e-05	1.0	156250.0
chr1	15456391	15456487	RNA1193	96	18	0.11117746189913508	2.2109349629317873e-05	0.8888888888888888	187500.0
chr1	15526536	15526632	RNA1194	96	30	3.675613958572665e-05	1.4698300219606608e-05	1.0	312500.0
chr1	15670018	15670204	RNA1195	186	44	0.010170214374056734	0.0	0.9545454545454546	236559.13978494625
chr1	15670672	15670823	RNA1196	151	24	3.675620860121853e-06	0.0	1.0	158940.3973509934
chr1	15679639	15679790	RNA1197	151	26	0.00012889046746959441	0.0	1.0	172185.43046357614
chr1	15681077	15681228	RNA1198	151	28	0.03574788140021414	1.4698500308440998e-05	0.9642857142857143	185430.46357615895
chr1	15751523	15751674	RNA1199	151	39	2.9402571761650765e-05	0.0	1.0	258278.14569536422
chr1	15751848	15751999	RNA1200	151	44	0.027781956858875256	1.4701549844176043e-05	0.9545454545454546	291390.72847682115
chr1	15754081	15754267	RNA1201	185	44	0.005175093473016287	1.4703550277772592e-05	0.9772727272727273	237837.83783783784
chr1	15754644	15754830	RNA1202	186	41	0.00022143928524710605	1.47024002217222e-05	1.0	220430.1075268817
chr1	15787086	15787272	RNA1203	186	50	0.0034765093224086692	7.355100024142302e-06	0.98	268817.20430107525
chr1	15787480	15787666	RNA1204	186	0				0.0
chr1	15804900	15805051	RNA1205	149	34	0.009482191970324913	1.479599995946046e-05	0.9117647058823529	228187.91946308725
chr1	15940954	15941140	RNA1206	186	48	0.0018468842773889478	1.4698100130772218e-05	0.9791666666666666	258064.51612903224
chr1	15941589	15941724	RNA1207	135	33	3.117834793638956e-05	0.0	1.0	244444.44444444444
chr1	16009479	16009655	RNA1208	176	45	0.02373265721061115	1.4696400285174605e-05	0.9555555555555556	255681.81818181818
chr1	16088189	16088324	RNA1209	135	42	0.010799545487532754	1.469744984206045e-05	0.9761904761904762	311111.1111111111
chr1	16440234	16440330	RNA1210	96	19	0.0016586609152861758	1.4697199731017465e-05	1.0	197916.66666666666
chr1	16738975	16739161	RNA1211	0	0				
chr1	16739704	16739855	RNA1212	0	0				
chr1	17403819	17403937	RNA1213	116	25	2.474892815371047e-05	1.47240998558118e-05	1.0	215517.24137931032
chr1	17698561	17698689	RNA1214	128	23	0.00011248950151005977	0.0	1.0	179687.5
chr1	18074787	18074889	RNA1215	102	22	1.6037686526198574e-05	1.4698100130772218e-05	1.0	215686.27450980394
chr1	18487740	18487868	RNA1216	127	27	0.03430110068435439	1.4709799870615823e-05	0.9629629629629629	212598.4251968504
chr1	18488875	18489003	RNA1217	128	23	0.04357601463739822	1.469549988541985e-05	0.9565217391304348	179687.5
chr1	18489420	18489548	RNA1218	128	21	1.1197995176882527e-05	0.0	1.0	164062.5
chr1	18749272	18749400	RNA1219	128	27	3.2120443932024805e-05	1.4697699953103438e-05	1.0	210937.5
chr1	18749419	18749547	RNA1220	128	21	1.2599442752183504e-05	1.4696400285174605e-05	1.0	164062.5
chr1	18830191	18830319	RNA1221	126	21	0.04763361207127067	1.4722299965796992e-05	0.9523809523809523	166666.66666666666
chr1	18904075	18904166	RNA1222	91	15	1.6657853727034914e-05	0.0	1.0	164835.16483516482
chr1	18904182	18904273	RNA1223	91	15	0.06668137518657508	1.470200004405342e-05	0.9333333333333333	164835.16483516482
chr1	18961492	18961594	RNA1224	102	21	0.028501852338368255	1.4819600437476764e-05	0.9047619047619048	205882.35294117645
chr1	18961948	18962039	RNA1225	91	17	3.548192334538334e-05	1.4701099644298664e-05	1.0	186813.18681318683
chr1	19052072	19052174	RNA1226	102	18	1.9611466642442636e-05	0.0	1.0	176470.58823529413
chr1	19058498	19058600	RNA1227	102	23	0.04361829627617661	1.4700300198455809e-05	0.9565217391304348	225490.19607843139
chr1	19069212	19069314	RNA1228	102	23	1.9174347827448464e-05	0.0	1.0	225490.19607843139
chr1	19263826	19263928	RNA1229	102	16	0.06609146698571067	1.4696800008096034e-05	0.875	156862.74509803922
chr1	19264065	19264167	RNA1230	102	16	1.1943231413624744e-05	7.347950031544315e-06	1.0	156862.74509803922
chr1	19264125	19264308	RNA1231	183	39	3.31924646114822e-05	1.4700300198455809e-05	1.0	213114.75409836063
chr1	19293120	19293222	RNA1232	102	13	1.0176299908310353e-05	1.4697199731017465e-05	1.0	127450.98039215685
chr1	19661600	19661683	RNA1233	83	9	4.4096787961374696e-05	0.0	1.0	108433.73493975904
chr1	19681986	19682121	RNA1234	135	32	0.0574802218754371	0.0	0.90625	237037.03703703705
chr1	19682006	19682134	RNA1235	128	32	0.05748114115357338	0.0	0.90625	250000.0
chr1	19952523	19952614	RNA1236	91	14	1.1550613895191678e-05	0.0	1.0	153846.15384615384
chr1	20020739	20020874	RNA1237	131	16	0.07829789619898975	1.4809150343353394e-05	0.875	122137.40458015267
chr1	20215087	20215189	RNA1238	102	15	4.510037936900105e-05	1.4699799976369832e-05	1.0	147058.82352941178
chr1	20447404	20447500	RNA1239	96	17	0.013374673957621442	0.0	0.8823529411764706	177083.33333333334
chr1	20736382	20736533	RNA1240	151	33	0.0012638837580390898	0.0	1.0	218543.0463576159
chr1	20736512	20736698	RNA1241	186	26	0.0016109954711002723	1.4701349755341653e-05	1.0	139784.94623655913
chr1	21178172	21178339	RNA1242	167	32	1.2402877956673234e-05	0.0	1.0	191616.76646706587
chr1	21178386	21178489	RNA1243	103	20	2.425647480776761e-05	1.4699200164614012e-05	1.0	194174.7572815534
chr1	21178387	21178558	RNA1244	171	40	1.837610491292985e-05	1.4698300219606608e-05	1.0	233918.12865497076
chr1	21387925	21388065	RNA1245	107	0				0.0
chr1	21388227	21388367	RNA1246	0	0				
chr1	21391800	21391940	RNA1247	134	23	0.00019566393403573873	1.5226700270432048e-05	1.0	171641.79104477612
chr1	21437575	21437690	RNA1248	115	0				0.0
chr1	21579360	21579533	RNA1249	168	25	0.0002014620969930473	1.512260041636182e-05	1.0	148809.52380952382
chr1	21581606	21581779	RNA1250	173	26	1.6396653966063733e-05	1.4696400285174605e-05	1.0	150289.01734104048
chr1	21585115	21585288	RNA1251	173	34	0.029437270973256296	1.4696599919261644e-05	0.9705882352941176	196531.79190751447
chr1	22281756	22281896	RNA1252	140	36	0.0024441357822221656	7.347300197579898e-06	0.9722222222222222	257142.85714285713
chr1	22531245	22531418	RNA1253	173	36	1.6739244377578436e-05	0.0	1.0	208092.48554913295
chr1	22929553	22929653	RNA1254	100	21	0.00011488430313225212	0.0	1.0	210000.0
chr1	22935738	22935836	RNA1255	98	24	0.04168503959590453	1.4698100130772218e-05	0.9583333333333334	244897.95918367346
chr1	22974581	22974683	RNA1256	102	19	5.106570604670288e-05	1.4699399798701052e-05	1.0	186274.50980392157
chr1	23182376	23182559	RNA1257	183	30	0.0002225972881812224	1.4702849966852227e-05	1.0	163934.4262295082
chr1	23496748	23496876	RNA1258	128	23	1.533677412067552e-05	0.0	1.0	179687.5
chr1	23498530	23498613	RNA1259	83	0				0.0
chr1	23868501	23868592	RNA1260	91	16	9.187687510348042e-06	7.348849976551719e-06	1.0	175824.17582417585
chr1	23868970	23869072	RNA1261	102	27	0.004182830201292139	1.4702900443808176e-05	0.9629629629629629	264705.8823529412
chr1	23869190	23869408	RNA1262	215	39	0.01599402631265361	1.4699799976369832e-05	0.9743589743589743	181395.3488372093
chr1	23869446	23869664	RNA1263	218	42	0.00012081690673377257	1.4725999790243804e-05	1.0	192660.55045871562
chr1	23870006	23870224	RNA1264	218	36	0.015975344435421195	0.0	0.9722222222222222	165137.6146788991
chr1	23963981	23964083	RNA1265	102	17	2.4261635243256584e-05	0.0	1.0	166666.66666666666
chr1	23963989	23964091	RNA1266	102	19	0.0003495968879322243	0.0	1.0	186274.50980392157
chr1	23984453	23984555	RNA1267	102	14	1.1549378541531041e-05	7.348599865508732e-06	1.0	137254.90196078434
chr1	23988985	23989087	RNA1268	102	9	6.5396554620949455e-06	0.0	1.0	88235.29411764706
chr1	24009081	24009264	RNA1269	183	30	0.017059357825625433	1.469984999857843e-05	0.9666666666666667	163934.4262295082
chr1	24115988	24116090	RNA1270	102	26	0.07512946578855498	1.4698950053571025e-05	0.9230769230769231	254901.9607843137
chr1	24149762	24149945	RNA1271	183	47	0.01868113736230604	1.4697699953103438e-05	0.9787234042553191	256830.6010928962
chr1	24151021	24151204	RNA1272	183	23	7.029282563092673e-06	0.0	1.0	125683.06010928962
chr1	24190669	24190852	RNA1273	183	65	0.015654110857646557	1.4706700312672185e-05	0.9846153846153847	355191.2568306011
chr1	24190773	24190956	RNA1274	183	53	0.01890264112135244	1.470460028940579e-05	0.9811320754716981	289617.4863387978
chr1	24191757	24191859	RNA1275	102	18	2.4496061137642635e-05	1.4696999642183075e-05	1.0	176470.58823529413
chr1	24193038	24193221	RNA1276	183	35	2.310121970886847e-05	0.0	1.0	191256.8306010929
chr1	24478096	24478179	RNA1277	83	0				0.0
chr1	24493151	24493234	RNA1278	83	14	0.004428453805758162	1.470005008741282e-05	0.9285714285714286	168674.6987951807
chr1	24493243	24493461	RNA1279	218	44	0.022737964343253803	7.349050065386109e-06	0.9772727272727273	201834.86238532112
chr1	24494310	24494393	RNA1280	83	15	0.00018421683004513648	1.469509970775107e-05	1.0	180722.89156626505
chr1	24609595	24609678	RNA1281	83	13	0.0009784305209625218	1.4704999557579868e-05	1.0	156626.5060240964
chr1	24609816	24609899	RNA1282	83	9	0.11105558139913935	1.4698100130772218e-05	0.8888888888888888	108433.73493975904
chr1	24704365	24704448	RNA1283	83	13	0.07693298068443255	1.4722299965796992e-05	0.9230769230769231	156626.5060240964
chr1	24845869	24845972	RNA1284	103	16	0.06252113006240734	1.470654979129904e-05	0.9375	155339.8058252427
chr1	24898872	24899043	RNA1285	171	32	7.808843690781941e-06	0.0	1.0	187134.5029239766
chr1	24990246	24990348	RNA1286	102	24	0.00011638459640531617	1.469984999857843e-05	1.0	235294.11764705883
chr1	25027960	25028127	RNA1287	167	31	0.0028461686886423056	1.4698999621032272e-05	0.967741935483871	185628.74251497004
chr1	25198585	25198768	RNA1288	183	35	7.685287699651189e-05	1.4696799553348685e-05	1.0	191256.8306010929
chr1	25430639	25430754	RNA1289	115	26	0.0009847741997383744	0.0	1.0	226086.95652173914
chr1	25615301	25615384	RNA1290	83	13	2.2618569276410374e-05	0.0	1.0	156626.5060240964
chr1	25785191	25785294	RNA1291	101	21	0.030840655597568815	1.5015500139270443e-05	0.9523809523809523	207920.79207920792
chr1	25787709	25787812	RNA1292	103	10	7.495693826057486e-05	1.4699149687658064e-05	1.0	97087.3786407767
chr1	25790310	25790481	RNA1293	171	37	3.217543768629099e-05	0.0	1.0	216374.26900584795
chr1	25791213	25791316	RNA1294	103	23	3.19506221469203e-05	1.469590006308863e-05	1.0	223300.97087378643
chr1	25876471	25876574	RNA1295	103	16	3.031630035364679e-05	0.0	1.0	155339.8058252427
chr1	25876672	25876775	RNA1296	103	13	9.045515351037746e-06	1.4696400285174605e-05	1.0	126213.59223300971
chr1	25883100	25883271	RNA1297	171	43	0.023222326790727135	0.0	0.9534883720930233	251461.98830409357
chr1	25883528	25883699	RNA1298	171	39	0.014158538638534637	1.469590006308863e-05	0.9743589743589743	228070.1754385965
chr1	25909263	25909434	RNA1299	171	25	0.07993262229676475	0.0	0.88	146198.8304093567
chr1	25909945	25910116	RNA1300	171	28	0.00028725440948359446	0.0	1.0	163742.69005847952
chr1	25954833	25954936	RNA1301	103	24	0.0002291530440364356	0.0	1.0	233009.70873786407
chr1	25954915	25955082	RNA1302	167	31	0.027047981402017373	0.0	0.967741935483871	185628.74251497004
chr1	26005336	26005507	RNA1303	171	30	2.5487300111608486e-05	7.348849976551719e-06	1.0	175438.59649122806
chr1	26037054	26037221	RNA1304	167	30	8.043635225475957e-05	1.47044002005714e-05	1.0	179640.71856287424
chr1	26050810	26050977	RNA1305	167	29	0.06906957372167857	0.0	0.9310344827586207	173652.69461077845
chr1	26079159	26079326	RNA1306	167	29	1.0143327487859441e-05	0.0	1.0	173652.69461077845
chr1	26079576	26079743	RNA1307	167	37	1.1523064868752781e-05	1.4696799553348685e-05	1.0	221556.88622754492
chr1	26169018	26169185	RNA1308	167	28	0.010607028698684311	7.347300197579898e-06	0.9642857142857143	167664.67065868262
chr1	26279106	26279246	RNA1309	140	29	1.0136172367590181e-05	0.0	1.0	207142.85714285716
chr1	26320906	26321021	RNA1310	115	18	1.4704844690839849e-05	0.0	1.0	156521.73913043478
chr1	26401594	26401709	RNA1311	115	42	1.681124318305477e-05	0.0	1.0	365217.39130434784
chr1	26403669	26403784	RNA1312	115	28	0.0026158915374838057	1.4698099676024867e-05	0.9642857142857143	243478.26086956522
chr1	26478102	26478217	RNA1313	115	36	0.00010619334653306306	0.0	1.0	313043.47826086957
chr1	26479951	26480066	RNA1314	115	0				0.0
chr1	26508662	26508835	RNA1315	173	18	7.352700120261741e-06	0.0	1.0	104046.24277456648
chr1	26575689	26575804	RNA1316	115	15	6.85933991917409e-06	0.0	1.0	130434.78260869565
chr1	26819067	26819165	RNA1317	98	0				0.0
chr1	26823892	26823995	RNA1318	103	0				0.0
chr1	26874605	26874705	RNA1319	100	16	9.186156148643931e-06	0.0	1.0	160000.0
chr1	26875250	26875421	RNA1320	171	31	0.00013085648512764066	0.0	1.0	181286.54970760233
chr1	27085177	27085344	RNA1321	167	17	0.11757635049343662	1.4708900380355772e-05	0.8235294117647058	101796.40718562873
chr1	27309840	27309931	RNA1322	91	28	0.0001243440390550965	0.0	1.0	307692.3076923077
chr1	27491801	27491916	RNA1323	115	17	0.00041758786049766414	0.0	1.0	147826.08695652176
chr1	27638930	27639028	RNA1324	98	18	2.2050277695795996e-05	1.4697900041937828e-05	1.0	183673.46938775512
chr1	27768492	27768590	RNA1325	98	22	1.708886367685282e-05	1.4712599750055233e-05	1.0	224489.79591836734
chr1	27770449	27770549	RNA1326	100	16	0.00020855852170598092	1.4698749964736635e-05	1.0	160000.0
chr1	27772538	27772636	RNA1327	98	22	0.00017705282789392754	0.0	1.0	224489.79591836734
chr1	27824775	27824873	RNA1328	98	14	1.3670307193284056e-05	7.353999990300508e-06	1.0	142857.14285714284
chr1	27827621	27827719	RNA1329	98	18	8.166738906665058e-06	0.0	1.0	183673.46938775512
chr1	27862246	27862346	RNA1330	100	19	2.4760605236602203e-05	1.470159986638464e-05	1.0	190000.0
chr1	27863170	27863270	RNA1331	100	17	0.06046137839974322	1.4697699953103438e-05	0.9411764705882353	170000.0
chr1	27917763	27917863	RNA1332	97	11	2.709001827579439e-05	0.0	1.0	113402.06185567011
chr1	27923806	27923906	RNA1333	100	21	1.6805652887255346e-05	0.0	1.0	210000.0
chr1	27924410	27924508	RNA1334	98	13	2.9399976553502855e-05	1.4697699953103438e-05	1.0	132653.0612244898
chr1	27968854	27968954	RNA1335	100	24	0.00013479703056873025	0.0	1.0	240000.0
chr1	28258811	28258873	RNA1336	62	11	1.6043908958222013e-05	0.0	1.0	177419.3548387097
chr1	28356795	28357013	RNA1337	218	45	0.00014616377532850628	1.4710600225953384e-05	1.0	206422.01834862385
chr1	28546568	28546666	RNA1338	98	20	0.05001690200465418	7.348399776674342e-06	0.95	204081.63265306124
chr1	28549757	28549859	RNA1339	102	22	8.016586351996837e-06	7.347300197579898e-06	1.0	215686.27450980394
chr1	29124776	29124876	RNA1340	100	31	0.00015599186492415814	1.47597002069233e-05	1.0	310000.0
chr1	29182090	29182273	RNA1341	183	67	0.0016375422878198468	1.4696799553348685e-05	0.9850746268656716	366120.21857923496
chr1	29586149	29586232	RNA1342	83	8	0.12496691896376434	0.0	0.875	96385.5421686747
chr1	30090343	30090414	RNA1343	71	15	1.1760966602499441e-05	0.0	1.0	211267.6056338028
chr1	30822961	30823064	RNA1344	103	22	0.010530479750162735	0.0	0.9545454545454546	213592.23300970873
chr1	30868538	30868709	RNA1345	171	43	0.025592261853637676	1.4697199731017465e-05	0.9534883720930233	251461.98830409357
chr1	31067113	31067280	RNA1346	166	49	0.00012460251608509417	1.5135499779717064e-05	1.0	295180.7228915663
chr1	31088720	31088844	RNA1347	124	27	0.0002761014608646791	2.940309968835209e-05	1.0	217741.93548387097
chr1	31102130	31102221	RNA1348	91	0				0.0
chr1	31408258	31408373	RNA1349	115	19	2.1775467997172256e-05	0.0	1.0	165217.3913043478
chr1	31950193	31950284	RNA1350	91	19	7.43572028640201e-05	1.4707599802932236e-05	1.0	208791.2087912088
chr1	32104355	32104446	RNA1351	91	0				0.0
chr1	32104853	32104944	RNA1352	91	0				0.0
chr1	32177692	32177783	RNA1353	91	16	6.431393842376565e-06	0.0	1.0	175824.17582417585
chr1	32178724	32178815	RNA1354	91	24	3.681213335463432e-05	0.0	1.0	263736.26373626373
chr1	32290873	32290935	RNA1355	62	0				0.0
chr1	32291476	32291567	RNA1356	91	19	6.344703610681025e-05	1.4697699953103438e-05	1.0	208791.2087912088
chr1	32414604	32414868	RNA1357	264	49	0.020465767037755857	1.4696400285174605e-05	0.9795918367346939	185606.0606060606
chr1	32416670	32416934	RNA1358	264	7	4.207185806340671e-06	0.0	1.0	26515.151515151516
chr1	32463970	32464234	RNA1359	264	44	3.289255625366102e-05	0.0	1.0	166666.66666666666
chr1	32775034	32775132	RNA1360	98	19	3.714216784014357e-05	0.0	1.0	193877.55102040817
chr1	32885668	32885768	RNA1361	100	26	9.048196156632352e-06	1.4698749964736635e-05	1.0	260000.0
chr1	33238112	33238174	RNA1362	62	13	0.07297164366257046	0.0	0.8461538461538461	209677.41935483873
chr1	33238481	33238572	RNA1363	91	13	8.484400985672278e-05	1.4705399735248648e-05	1.0	142857.14285714284
chr1	33243804	33243866	RNA1364	62	20	0.0500177225601874	1.4712150004925206e-05	0.95	322580.6451612903
chr1	33250523	33250585	RNA1365	62	14	0.05362845918515242	0.0	0.9285714285714286	225806.4516129032
chr1	33302991	33303053	RNA1366	62	12	1.1024950026694569e-05	7.348399776674342e-06	1.0	193548.38709677418
chr1	33304523	33304585	RNA1367	62	14	2.8384100330315637e-05	1.4711699805047829e-05	1.0	225806.4516129032
chr1	33304766	33305030	RNA1368	264	42	0.01430944243451276	0.0	0.9761904761904762	159090.9090909091
chr1	33306293	33306355	RNA1369	62	7	4.1995856788292126e-06	0.0	1.0	112903.2258064516
chr1	34166271	34166342	RNA1370	71	6	1.4803183300197512e-05	1.4696599919261644e-05	1.0	84507.04225352113
chr1	34166394	34166527	RNA1371	133	27	0.010333860607985381	0.0	0.9629629629629629	203007.51879699246
chr1	34312280	34312342	RNA1372	62	11	0.055569075848903915	0.0	0.9090909090909091	177419.3548387097
chr1	34970034	34970105	RNA1373	71	11	1.7371554515028205e-05	1.4699399798701052e-05	1.0	154929.57746478872
chr1	34970241	34970312	RNA1374	71	10	5.879109903617064e-06	0.0	1.0	140845.0704225352
chr1	34973234	34973358	RNA1375	124	22	9.353586309854025e-06	7.348399776674342e-06	1.0	177419.3548387097
chr1	34973532	34973603	RNA1376	71	15	0.00030180094508977794	0.0	1.0	211267.6056338028
chr1	35567904	35567975	RNA1377	71	13	0.00036299635282305065	1.4698500308440998e-05	1.0	183098.5915492958
chr1	35567993	35568118	RNA1378	125	27	1.3065299956199144e-05	1.4694600395159796e-05	1.0	216000.0
chr1	35568202	35568273	RNA1379	71	10	1.6169149694178488e-05	1.469764993089484e-05	1.0	140845.0704225352
chr1	35568896	35568967	RNA1380	71	14	4.305061403490851e-05	7.347300197579898e-06	1.0	197183.0985915493
chr1	35569235	35569361	RNA1381	126	18	1.3881038790309538e-05	0.0	1.0	142857.14285714284
chr1	35719033	35719103	RNA1382	70	16	0.009591136159542653	1.4696999642183075e-05	0.875	228571.42857142855
chr1	35867700	35867824	RNA1383	124	0				0.0
chr1	35869049	35869173	RNA1384	124	23	7.6724260472237e-06	0.0	1.0	185483.87096774194
chr1	35869490	35869614	RNA1385	124	28	1.3130996454232705e-05	1.4700900010211626e-05	1.0	225806.4516129032
chr1	36088420	36088544	RNA1386	124	28	1.574753566403613e-05	0.0	1.0	225806.4516129032
chr1	36088477	36088646	RNA1387	169	38	7.735531533781844e-06	0.0	1.0	224852.07100591718
chr1	36094834	36094958	RNA1388	124	24	7.3488167420994914e-06	0.0	1.0	193548.38709677418
chr1	36134348	36134419	RNA1389	71	12	4.898933260240786e-06	0.0	1.0	169014.08450704225
chr1	36185266	36185390	RNA1390	124	0				0.0
chr1	37152875	37152966	RNA1391	91	20	1.2495694954850478e-05	0.0	1.0	219780.21978021978
chr1	37152963	37153087	RNA1392	124	26	7.349419250273898e-06	0.0	1.0	209677.41935483873
chr1	37154093	37154357	RNA1393	264	51	0.01969056444558387	0.0	0.9803921568627451	193181.81818181818
chr1	37786830	37786915	RNA1394	85	16	1.5619643647818756e-05	1.469744984206045e-05	1.0	188235.29411764705
chr1	37990596	37990729	RNA1395	133	17	1.4769982205024689e-05	0.0	1.0	127819.54887218044
chr1	38283584	38283646	RNA1396	62	13	5.088365287518903e-05	0.0	1.0	209677.41935483873
chr1	38294704	38294858	RNA1397	154	33	0.030312829993735333	0.0	0.9696969696969697	214285.71428571426
chr1	38832471	38832597	RNA1398	126	21	6.718987567312385e-05	1.4697699953103438e-05	1.0	166666.66666666666
chr1	38832504	38832637	RNA1399	133	23	4.66476129709589e-05	1.469590006308863e-05	1.0	172932.33082706766
chr1	38832771	38832904	RNA1400	133	26	4.184654891594963e-05	0.0	1.0	195488.72180451127
chr1	38836127	38836260	RNA1401	133	32	6.797556889636932e-05	7.347950031544315e-06	1.0	240601.50375939847
chr1	39559735	39559868	RNA1402	130	45	1.3087328948636746e-05	1.470929964852985e-05	1.0	346153.8461538461
chr1	39559760	39559893	RNA1403	130	35	1.603732850655955e-05	0.0	1.0	269230.7692307692
chr1	39559879	39560012	RNA1404	133	56	0.037358324831919684	1.4704999557579868e-05	0.9464285714285714	421052.63157894736
chr1	39559902	39560027	RNA1405	125	54	0.03874196249609196	1.4705449757457245e-05	0.9444444444444444	432000.0
chr1	39692109	39692179	RNA1406	70	17	3.6341918102520376e-05	0.0	1.0	242857.14285714284
chr1	39972640	39972766	RNA1407	126	24	0.019573180430218898	0.0	0.9583333333333334	190476.19047619047
chr1	39975442	39975611	RNA1408	169	38	0.028173231626097778	1.4700900010211626e-05	0.9473684210526315	224852.07100591718
chr1	40000560	40000693	RNA1409	131	0				0.0
chr1	40000579	40000705	RNA1410	124	0				0.0
chr1	40000640	40000766	RNA1411	126	0				0.0
chr1	40100268	40100394	RNA1412	126	31	0.003034307110899509	1.4718900274601763e-05	0.967741935483871	246031.746031746
chr1	40105743	40105814	RNA1413	71	20	6.616994960495504e-06	0.0	1.0	281690.1408450704
chr1	40108094	40108220	RNA1414	126	0				0.0
chr1	40241001	40241127	RNA1415	126	26	2.1197411605003963e-05	0.0	1.0	206349.20634920633
chr1	40341977	40342102	RNA1416	121	20	0.00012419066042638203	0.0	1.0	165289.2561983471
chr1	40435973	40436098	RNA1417	125	17	0.0001478743625364766	1.4698100130772218e-05	1.0	136000.0
chr1	40436045	40436170	RNA1418	125	20	9.553664904160542e-06	1.4696800008096034e-05	1.0	160000.0
chr1	40464020	40464145	RNA1419	124	30	0.0018542441973295322	1.4714350072608795e-05	0.9666666666666667	241935.48387096776
chr1	40472548	40472673	RNA1420	125	42	0.023808990002137195	1.469744984206045e-05	0.9761904761904762	336000.0
chr1	40552168	40552293	RNA1421	125	24	0.007601800265054703	0.0	0.9583333333333334	192000.0
chr1	40593262	40593332	RNA1422	70	10	8.818599872029153e-06	0.0	1.0	142857.14285714284
chr1	40668030	40668100	RNA1423	70	8	1.102785006423801e-05	7.35100002202671e-06	1.0	114285.71428571428
chr1	40668195	40668265	RNA1424	65	12	1.6572899615615217e-05	0.0	1.0	184615.38461538462
chr1	40775146	40775216	RNA1425	70	18	0.05424707768558316	7.348849976551719e-06	0.9444444444444444	257142.85714285713
chr1	40777012	40777082	RNA1426	70	7	1.6797929025148713e-05	0.0	1.0	100000.0
chr1	40878617	40878786	RNA1427	169	33	0.031968851116647726	1.4698500308440998e-05	0.9393939393939394	195266.2721893491
chr1	40879737	40879807	RNA1428	70	6	4.409046702371481e-05	2.2045399873604765e-05	1.0	85714.28571428571
chr1	40922220	40922389	RNA1429	169	0				0.0
chr1	40922399	40922568	RNA1430	169	0				0.0
chr1	41013525	41013694	RNA1431	169	43	1.5729192835900678e-05	0.0	1.0	254437.86982248523
chr1	41013534	41013703	RNA1432	169	42	1.610370695527138e-05	7.349250154220499e-06	1.0	248520.7100591716
chr1	41013930	41014054	RNA1433	124	33	2.227163286354851e-05	1.469590006308863e-05	1.0	266129.0322580645
chr1	41014353	41014479	RNA1434	126	22	0.0019637284613467742	0.0	1.0	174603.1746031746
chr1	41014393	41014562	RNA1435	169	28	0.0015607778947729144	7.348399776674342e-06	1.0	165680.47337278107
chr1	41338871	41338968	RNA1436	97	11	1.20339091980978e-05	1.47024002217222e-05	1.0	113402.06185567011
chr1	41465691	41465816	RNA1437	125	30	0.00014109342058266162	0.0	1.0	240000.0
chr1	41491418	41491488	RNA1438	70	17	1.8159117590743254e-05	1.469590006308863e-05	1.0	242857.14285714284
chr1	41493466	41493551	RNA1439	85	19	9.29006857500338e-06	0.0	1.0	223529.4117647059
chr1	42058165	42058334	RNA1440	169	25	0.04003823739134532	0.0	0.96	147928.99408284025
chr1	42349284	42349438	RNA1441	154	32	0.007913976974037944	1.470434972361545e-05	0.96875	207792.2077922078
chr1	42351293	42351447	RNA1442	154	26	1.1873888279996418e-05	0.0	1.0	168831.16883116882
chr1	42657390	42657475	RNA1443	85	12	1.4701050076837419e-05	7.350549822149332e-06	1.0	141176.4705882353
chr1	42730469	42730554	RNA1444	84	16	0.003819878235162827	1.4952050150895957e-05	0.9375	190476.19047619047
chr1	42731192	42731277	RNA1445	85	21	4.130706752004564e-05	0.0	1.0	247058.82352941178
chr1	42889772	42889857	RNA1446	85	0				0.0
chr1	42890295	42890380	RNA1447	85	0				0.0
chr1	42890527	42890612	RNA1448	85	0				0.0
chr1	42922086	42922240	RNA1449	154	35	0.00010043492958564223	1.4706300135003405e-05	1.0	227272.72727272726
chr1	42922778	42922932	RNA1450	154	24	6.0017713053632495e-05	7.347549853875535e-06	1.0	155844.15584415584
chr1	42923773	42923927	RNA1451	147	35	0.011215777041174338	1.4698999621032272e-05	0.9714285714285714	238095.23809523808
chr1	43280898	43281052	RNA1452	154	29	1.3686668917842027e-05	0.0	1.0	188311.6883116883
chr1	43288756	43288910	RNA1453	154	32	0.03063459135458402	0.0	0.96875	207792.2077922078
chr1	43332160	43332314	RNA1454	154	30	0.00020284554742223257	7.347950031544315e-06	1.0	194805.19480519483
chr1	43649415	43649500	RNA1455	85	11	0.09091695365449678	1.4732700037711766e-05	0.9090909090909091	129411.76470588236
chr1	43978754	43978887	RNA1456	133	32	1.5625446764033768e-05	1.470200004405342e-05	1.0	240601.50375939847
chr1	44220810	44220964	RNA1457	154	43	8.88975551196154e-05	0.0	1.0	279220.7792207792
chr1	45015816	45015913	RNA1458	97	23	0.0003086316469109621	0.0	1.0	237113.40206185565
chr1	45015829	45015954	RNA1459	125	25	0.0002868813231179946	0.0	1.0	200000.0
chr1	45015948	45016074	RNA1460	126	26	0.07695417393800269	1.4700699921377236e-05	0.9230769230769231	206349.20634920633
chr1	45767712	45767782	RNA1461	69	0				0.0
chr1	45784020	45784189	RNA1462	169	43	0.00011561439219634367	1.4707599802932236e-05	1.0	254437.86982248523
chr1	46036538	46036635	RNA1463	97	25	0.01179887414724362	1.4697199731017465e-05	0.96	257731.95876288658
chr1	46037249	46037346	RNA1464	97	21	0.00015400216168580814	1.4698500308440998e-05	1.0	216494.84536082475
chr1	46038324	46038421	RNA1465	97	25	1.3522871959139594e-05	1.4698100130772218e-05	1.0	257731.95876288658
chr1	46186131	46186228	RNA1466	97	21	1.2602414244611282e-05	1.470159986638464e-05	1.0	216494.84536082475
chr1	46186905	46187039	RNA1467	134	25	9.428456069144886e-06	0.0	1.0	186567.1641791045
chr1	46187365	46187462	RNA1468	97	8	3.6757750194738037e-06	0.0	1.0	82474.22680412371
chr1	46187849	46187946	RNA1469	97	16	5.511974961791566e-06	0.0	1.0	164948.45360824742
chr1	46188149	46188303	RNA1470	154	28	4.934587894110177e-05	7.347549853875535e-06	1.0	181818.18181818182
chr1	47182596	47182693	RNA1471	97	21	2.4498037938814127e-05	1.4697699953103438e-05	1.0	216494.84536082475
chr1	47182871	47183025	RNA1472	154	24	0.04168810143778501	7.348849976551719e-06	0.9583333333333334	155844.15584415584
chr1	47212247	47212401	RNA1473	154	28	0.001732886007922769	1.469964990974404e-05	1.0	181818.18181818182
chr1	47213801	47213955	RNA1474	154	49	0.030961275205392696	1.4697699953103438e-05	0.9387755102040817	318181.8181818182
chr1	47235982	47236136	RNA1475	154	31	1.0431683691539576e-05	0.0	1.0	201298.70129870131
chr1	47246476	47246630	RNA1476	154	18	0.021829772676584164	1.4696400285174605e-05	0.9444444444444444	116883.11688311688
chr1	47332083	47332237	RNA1477	154	28	1.4700603742310184e-05	0.0	1.0	181818.18181818182
chr1	47756155	47756240	RNA1478	85	16	2.021466895030244e-05	7.349699899350526e-06	1.0	188235.29411764705
chr1	48217743	48217897	RNA1479	154	27	0.037044116725896685	0.0	0.9629629629629629	175324.67532467534
chr1	48249318	48249439	RNA1480	121	28	2.4153078941569645e-05	0.0	1.0	231404.95867768597
chr1	48273386	48273540	RNA1481	154	35	0.0028887413501641774	1.4699399798701052e-05	0.9714285714285714	227272.72727272726
chr1	50325425	50325559	RNA1482	134	0				0.0
chr1	51016055	51016189	RNA1483	133	31	9.254042927955595e-05	0.0	1.0	233082.70676691728
chr1	51087203	51087337	RNA1484	134	22	1.2699245499705907e-05	0.0	1.0	164179.10447761195
chr1	51099336	51099470	RNA1485	134	38	4.4022195245475765e-05	0.0	1.0	283582.0895522388
chr1	51099653	51099750	RNA1486	97	22	0.004937011314888706	0.0	0.9545454545454546	226804.12371134022
chr1	51151011	51151145	RNA1487	134	23	7.029586927471784e-06	0.0	1.0	171641.79104477612
chr1	51160598	51160732	RNA1488	134	19	0.052650923084145596	1.470159986638464e-05	0.9473684210526315	141791.0447761194
chr1	51279427	51279561	RNA1489	134	18	0.0006712386748909424	1.469724975322606e-05	1.0	134328.35820895524
chr1	52001676	52001748	RNA1490	72	12	0.0003444640883571812	7.349499810516136e-06	1.0	166666.66666666666
chr1	52119923	52120057	RNA1491	134	19	0.0526733412768743	0.0	0.9473684210526315	141791.0447761194
chr1	52122393	52122547	RNA1492	154	26	4.296814159504962e-05	1.469764993089484e-05	1.0	168831.16883116882
chr1	52368329	52368450	RNA1493	121	19	0.0034488156572096036	1.4704999557579868e-05	0.9473684210526315	157024.79338842977
chr1	53149410	53149531	RNA1494	121	22	1.1357718201245667e-05	1.4694850051455433e-05	1.0	181818.18181818182
chr1	53225480	53225601	RNA1495	121	26	9.63926528968911e-06	0.0	1.0	214876.03305785125
chr1	53225913	53226034	RNA1496	121	22	0.0001135748591216455	1.4696349808218656e-05	1.0	181818.18181818182
chr1	53368701	53368822	RNA1497	121	22	0.00920887323371226	1.4699799976369832e-05	0.9545454545454546	181818.18181818182
chr1	53372352	53372473	RNA1498	121	24	0.0207339355544415	1.4698300219606608e-05	0.9583333333333334	198347.10743801654
chr1	53412158	53412279	RNA1499	121	29	1.7737882789613738e-05	1.4694200217491016e-05	1.0	239669.4214876033
chr1	53740008	53740105	RNA1500	97	17	0.005487677989709909	1.4698999621032272e-05	0.9411764705882353	175257.7319587629
chr1	53742476	53742573	RNA1501	97	18	0.05037790849478875	1.4701749933010433e-05	0.9444444444444444	185567.01030927835
chr1	53743261	53743358	RNA1502	97	16	0.06252112800603982	0.0	0.9375	164948.45360824742
chr1	53744173	53744242	RNA1503	69	13	0.0019528706657533413	1.4701099644298664e-05	1.0	188405.79710144928
chr1	54429309	54429430	RNA1504	121	0				0.0
chr1	54751655	54751752	RNA1505	97	23	0.04350701530031231	1.4697199731017465e-05	0.9565217391304348	237113.40206185565
chr1	55064912	55065046	RNA1506	134	16	0.0004906323723616916	1.4698099676024867e-05	1.0	119402.98507462686
chr1	56715542	56715614	RNA1507	72	14	0.021981984615649704	1.469984999857843e-05	0.9285714285714286	194444.44444444444
chr1	56918358	56918427	RNA1508	69	20	2.4254530171674142e-05	1.469744984206045e-05	1.0	289855.0724637681
chr1	56919888	56919957	RNA1509	69	15	0.0036932635690997474	1.4697699953103438e-05	1.0	217391.30434782608
chr1	56920376	56920448	RNA1510	72	12	0.002161191813608334	0.0	1.0	166666.66666666666
chr1	56921487	56921556	RNA1511	69	13	1.69605232608424e-05	1.4698100130772218e-05	1.0	188405.79710144928
chr1	56921589	56921710	RNA1512	121	31	2.228847707526609e-05	0.0	1.0	256198.347107438
chr1	56922637	56922734	RNA1513	97	21	0.026400108255161498	0.0	0.9523809523809523	216494.84536082475
chr1	56923220	56923289	RNA1514	69	11	0.040605641968547636	1.470159986638464e-05	0.9090909090909091	159420.28985507245
chr1	56923260	56923332	RNA1515	72	23	0.03884710784385116	1.4700700376124589e-05	0.9130434782608695	319444.44444444444
chr1	56923878	56923950	RNA1516	72	12	7.348650115091004e-06	0.0	1.0	166666.66666666666
chr1	60307271	60307340	RNA1517	68	13	0.00011945331901257482	1.4770599591429344e-05	1.0	191176.47058823527
chr1	60307305	60307377	RNA1518	71	11	1.5247790708434133e-05	1.4738399841007777e-05	1.0	154929.57746478872
chr1	60309104	60309176	RNA1519	72	10	3.2346379521177436e-05	1.4703300166729605e-05	1.0	138888.8888888889
chr1	60309532	60309604	RNA1520	72	12	4.903050012217136e-06	0.0	1.0	166666.66666666666
chr1	60309660	60309729	RNA1521	69	15	4.903313371566279e-06	0.0	1.0	217391.30434782608
chr1	60309725	60309794	RNA1522	69	17	4.324905924423708e-06	0.0	1.0	246376.8115942029
chr1	60310241	60310313	RNA1523	70	13	8.570384614778539e-06	0.0	1.0	185714.2857142857
chr1	60310701	60310770	RNA1524	69	16	8.277062477191066e-06	0.0	1.0	231884.0579710145
chr1	60311783	60311902	RNA1525	119	31	2.3292299755988494e-05	1.4713199561811052e-05	1.0	260504.2016806723
chr1	61463729	61463848	RNA1526	119	22	8.0188772451286e-06	0.0	1.0	184873.94957983194
chr1	62181607	62181697	RNA1527	90	14	2.8345856662777964e-05	7.348849976551719e-06	1.0	155555.55555555556
chr1	62181814	62181886	RNA1528	72	9	4.899811150001672e-06	0.0	1.0	125000.0
chr1	62321479	62321598	RNA1529	119	28	4.515574642026891e-05	1.470005008741282e-05	1.0	235294.11764705883
chr1	62423469	62423588	RNA1530	119	10	8.81985997693846e-06	0.0	1.0	84033.61344537816
chr1	62433139	62433258	RNA1531	119	26	0.000980928940757264	0.0	1.0	218487.3949579832
chr1	62452745	62452864	RNA1532	119	27	0.00010290270013986809	0.0	1.0	226890.756302521
chr1	62453094	62453213	RNA1533	119	29	0.023158961789578887	1.4697199731017465e-05	0.9655172413793104	243697.47899159664
chr1	62453935	62454054	RNA1534	117	19	4.6083321410002826e-05	1.785079984983895e-05	1.0	162393.1623931624
chr1	63108532	63108604	RNA1535	72	14	3.5704449731251415e-05	7.349899988184916e-06	1.0	194444.44444444444
chr1	63318258	63318381	RNA1536	123	23	3.194872217293842e-05	0.0	1.0	186991.86991869917
chr1	63439722	63439841	RNA1537	119	17	7.782364745627788e-06	0.0	1.0	142857.14285714284
chr1	63661690	63661759	RNA1538	69	9	2.1230944690210486e-05	1.4699399798701052e-05	1.0	130434.78260869565
chr1	65417830	65417920	RNA1539	90	15	0.0005389919510586503	0.0	1.0	166666.66666666666
chr1	66376087	66376159	RNA1540	72	12	5.266751736598818e-05	1.4698100130772218e-05	1.0	166666.66666666666
chr1	66751219	66751309	RNA1541	90	23	8.374579263782252e-05	1.4698999621032272e-05	1.0	255555.55555555553
chr1	66751975	66752065	RNA1542	90	21	1.6099729215226464e-05	0.0	1.0	233333.33333333334
chr1	66751989	66752079	RNA1543	90	26	1.5830685102765178e-05	0.0	1.0	288888.8888888889
chr1	66779396	66779486	RNA1544	90	16	1.4705030991990413e-05	0.0	1.0	177777.77777777778
chr1	66796508	66796598	RNA1545	90	19	0.06114085428558419	0.0	0.8947368421052632	211111.11111111112
chr1	66805441	66805513	RNA1546	72	0				0.0
chr1	66805881	66805971	RNA1547	73	0				0.0
chr1	66806340	66806412	RNA1548	72	0				0.0
chr1	66806660	66806732	RNA1549	72	0				0.0
chr1	66991445	66991517	RNA1550	72	10	0.020109111226884118	0.0	0.9	138888.8888888889
chr1	66995097	66995169	RNA1551	72	21	0.03146132622779468	0.0	0.9523809523809523	291666.6666666667
chr1	67088175	67088298	RNA1552	118	14	0.0030185694394536497	0.0	1.0	118644.06779661018
chr1	67089058	67089130	RNA1553	72	14	0.006353354699708034	1.469549988541985e-05	0.9285714285714286	194444.44444444444
chr1	67435266	67435385	RNA1554	119	20	3.5299340424895e-05	1.4710450159327593e-05	1.0	168067.2268907563
chr1	67701098	67701188	RNA1555	90	21	0.02558983687053807	0.0	0.9523809523809523	233333.33333333334
chr1	67701260	67701383	RNA1556	123	19	0.00024904790677138786	0.0	1.0	154471.54471544715
chr1	67701321	67701444	RNA1557	123	21	1.8200352401652796e-05	1.4700700376124589e-05	1.0	170731.7073170732
chr1	67701329	67701452	RNA1558	123	21	1.8200352401652796e-05	1.4700700376124589e-05	1.0	170731.7073170732
chr1	68234006	68234129	RNA1559	123	14	3.6745635822742866e-05	1.469764993089484e-05	1.0	113821.1382113821
chr1	68234922	68234994	RNA1560	72	10	5.8822100072575266e-06	0.0	1.0	138888.8888888889
chr1	68241276	68241399	RNA1561	123	21	0.047624646604855936	0.0	0.9523809523809523	170731.7073170732
chr1	68393171	68393294	RNA1562	123	12	6.854663926484007e-05	0.0	1.0	97560.9756097561
chr1	68970079	68970202	RNA1563	123	15	4.5069106818112656e-05	0.0	1.0	121951.21951219512
chr1	70807129	70807219	RNA1564	90	29	0.034707329520580095	0.0	0.9655172413793104	322222.22222222225
chr1	70807675	70807747	RNA1565	72	12	0.08334435906681392	1.4698300219606608e-05	0.9166666666666666	166666.66666666666
chr1	72899673	72899803	RNA1566	130	34	0.1324163314409495	1.469744984206045e-05	0.8529411764705882	261538.46153846156
chr1	72900140	72900201	RNA1567	61	16	0.06250735851233458	0.0	0.9375	262295.08196721313
chr1	73127892	73128015	RNA1568	123	24	1.7155333125625633e-05	7.349699899350526e-06	1.0	195121.9512195122
chr1	76681384	76681514	RNA1569	130	25	1.4114963851169058e-05	0.0	1.0	192307.6923076923
chr1	76687188	76687249	RNA1570	61	5	0.029161617252611897	1.4698500308440998e-05	0.8	81967.2131147541
chr1	77560363	77560424	RNA1571	61	8	7.35095011350495e-06	7.349899988184916e-06	1.0	131147.54098360657
chr1	77560567	77560628	RNA1572	61	16	6.4310374909837265e-06	0.0	1.0	262295.08196721313
chr1	77560569	77560699	RNA1573	130	29	6.5891896344416225e-06	0.0	1.0	223076.9230769231
chr1	77562024	77562085	RNA1574	61	5	0.04259567604931362	0.0	0.8	81967.2131147541
chr1	77683444	77683505	RNA1575	61	16	3.956516820834752e-05	7.351649855991127e-06	1.0	262295.08196721313
chr1	77684543	77684673	RNA1576	130	22	2.5419059428795386e-05	0.0	1.0	169230.76923076925
chr1	77686356	77686417	RNA1577	61	16	1.8372474926303965e-05	0.0	1.0	262295.08196721313
chr1	77694838	77694968	RNA1578	130	14	6.300699949081588e-06	0.0	1.0	107692.3076923077
chr1	77766296	77766426	RNA1579	130	22	0.00020783117720797487	1.4698749964736635e-05	1.0	169230.76923076925
chr1	77769514	77769644	RNA1580	130	23	1.534396086872616e-05	1.469509970775107e-05	1.0	176923.07692307694
chr1	77776488	77776549	RNA1581	61	15	0.0015106928723374285	1.4699799976369832e-05	1.0	245901.63934426228
chr1	77879983	77880113	RNA1582	130	26	2.3220150209308745e-05	1.4701100099046016e-05	1.0	200000.0
chr1	78216443	78216573	RNA1583	130	21	1.1200595335616353e-05	0.0	1.0	161538.46153846156
chr1	78221326	78221387	RNA1584	61	9	1.1432533533985003e-05	0.0	1.0	147540.98360655736
chr1	81256703	81256764	RNA1585	61	12	0.0002217339717086967	7.347749942709925e-06	1.0	196721.31147540984
chr1	81261506	81261636	RNA1586	130	28	4.147519998046271e-05	0.0	1.0	215384.6153846154
chr1	84803135	84803261	RNA1587	126	15	1.0779586773423944e-05	1.4697199731017465e-05	1.0	119047.61904761904
chr1	87565525	87565651	RNA1588	126	23	1.853498744584576e-05	0.0	1.0	182539.68253968252
chr1	89005261	89005387	RNA1589	126	21	0.0004977963830069262	0.0	1.0	166666.66666666666
chr1	89005660	89005786	RNA1590	126	22	0.005214222903966645	1.4700700376124589e-05	0.9545454545454546	174603.1746031746
chr1	89005813	89005939	RNA1591	126	24	4.531985488634906e-05	1.469724975322606e-05	1.0	190476.19047619047
chr1	89180574	89180700	RNA1592	126	23	1.7254560984640263e-05	0.0	1.0	182539.68253968252
chr1	89180577	89180703	RNA1593	126	23	1.7254560984640263e-05	0.0	1.0	182539.68253968252
chr1	89278529	89278655	RNA1594	126	20	0.014222930060213902	1.4700900010211626e-05	0.95	158730.15873015873
chr1	89990877	89991003	RNA1595	126	25	2.2341172079903432e-05	0.0	1.0	198412.6984126984
chr1	94141159	94141285	RNA1596	126	30	0.03332794466299068	0.0	0.9666666666666667	238095.23809523808
chr1	94896132	94896330	RNA1597	198	28	0.0210103382359778	7.348200142587302e-06	0.9642857142857143	141414.1414141414
chr1	94896364	94896562	RNA1598	197	34	0.00010480130573768975	1.4696599919261644e-05	1.0	172588.83248730964
chr1	94896388	94896586	RNA1599	197	29	0.00011916512737334776	0.0	1.0	147208.12182741117
chr1	95857664	95857862	RNA1600	198	43	1.3342993212103611e-05	0.0	1.0	217171.71717171717
chr1	98620860	98621056	RNA1601	196	43	0.0002560435710451131	0.0	1.0	219387.7551020408
chr1	98660044	98660189	RNA1602	145	19	0.05264782166915737	0.0	0.9473684210526315	131034.4827586207
chr1	99358783	99358981	RNA1603	198	40	0.0018566686233725648	0.0	0.975	202020.202020202
chr1	102400566	102400762	RNA1604	196	45	0.01540547304531274	0.0	0.9777777777777777	229591.83673469388
chr1	102402162	102402307	RNA1605	145	28	0.03397510800560406	1.4707849913975224e-05	0.9642857142857143	193103.44827586206
chr1	102409155	102409300	RNA1606	145	26	1.4708311482536048e-05	0.0	1.0	179310.3448275862
chr1	102410718	102410914	RNA1607	196	39	0.023959171034291026	1.470460028940579e-05	0.9487179487179487	198979.5918367347
chr1	102413102	102413298	RNA1608	196	38	0.018233026847443202	1.4710399682371644e-05	0.9736842105263158	193877.55102040817
chr1	102416503	102416699	RNA1609	196	42	0.005443736927147601	0.0	0.9761904761904762	214285.71428571426
chr1	102422851	102422996	RNA1610	145	21	0.00016691126274096874	1.471110044803936e-05	1.0	144827.58620689655
chr1	102423202	102423347	RNA1611	140	19	2.5316952719306214e-05	0.0	1.0	135714.2857142857
chr1	103888236	103888381	RNA1612	145	27	0.020187588607027632	1.47024002217222e-05	0.9629629629629629	186206.89655172414
chr1	103888620	103888816	RNA1613	193	49	5.861444912383425e-05	1.4723200365551747e-05	1.0	253886.0103626943
chr1	103895091	103895236	RNA1614	145	27	7.623851801057484e-06	0.0	1.0	186206.89655172414
chr1	103902736	103902932	RNA1615	196	33	1.6928105954621383e-05	1.4696400285174605e-05	1.0	168367.3469387755
chr1	103903703	103903848	RNA1616	145	32	0.00013096308435933262	7.350350188062294e-06	1.0	220689.6551724138
chr1	103903770	103903966	RNA1617	196	36	8.575480604930715e-06	0.0	1.0	183673.46938775512
chr1	103909704	103909831	RNA1618	127	32	0.03136028520415834	1.470179995521903e-05	0.96875	251968.50393700786
chr1	104228262	104228341	RNA1619	79	21	6.3004999901750125e-06	0.0	1.0	265822.7848101266
chr1	104658253	104658398	RNA1620	145	22	0.1363731963728738	1.470219967814046e-05	0.8636363636363636	151724.1379310345
chr1	104662094	104662223	RNA1621	129	0				0.0
chr1	104662103	104662299	RNA1622	196	0				0.0
chr1	105045684	105045826	RNA1623	142	30	1.9119373428108058e-05	0.0	1.0	211267.6056338028
chr1	106798770	106798837	RNA1624	67	9	9.800844357717626e-06	0.0	1.0	134328.35820895524
chr1	107570118	107570245	RNA1625	127	21	1.7497328761754557e-05	1.4696400285174605e-05	1.0	165354.33070866144
chr1	108128090	108128169	RNA1626	79	24	4.414782843771451e-05	7.350150099227904e-06	1.0	303797.4683544304
chr1	108547923	108548119	RNA1627	196	50	4.002375650088245e-05	0.0	1.0	255102.04081632654
chr1	108550160	108550287	RNA1628	127	21	0.04763305582864198	0.0	0.9523809523809523	165354.33070866144
chr1	108645097	108645242	RNA1629	145	30	0.00027645605565945264	7.350150099227904e-06	1.0	206896.55172413794
chr1	108646971	108647098	RNA1630	127	21	1.0499866697327456e-05	0.0	1.0	165354.33070866144
chr1	108647887	108648014	RNA1631	127	19	0.05268265028893151	1.4708900380355772e-05	0.9473684210526315	149606.29921259845
chr1	108648151	108648280	RNA1632	129	19	0.0004997496537869542	0.0	1.0	147286.82170542638
chr1	108670558	108670685	RNA1633	127	18	8.984477871207571e-06	0.0	1.0	141732.28346456692
chr1	108674291	108674418	RNA1634	127	24	0.00012745438592293815	0.0	1.0	188976.3779527559
chr1	108746501	108746628	RNA1635	127	48	0.004849762759098057	1.469569997425424e-05	0.9791666666666666	377952.7559055118
chr1	108968603	108968745	RNA1636	141	29	0.03592353342032607	1.4719699720444623e-05	0.9655172413793104	205673.7588652482
chr1	109105240	109105319	RNA1637	79	11	1.8710518402671636e-05	0.0	1.0	139240.5063291139
chr1	109211584	109211663	RNA1638	79	18	0.013942417244329082	1.4698549875902245e-05	0.9444444444444444	227848.10126582277
chr1	109211995	109212074	RNA1639	79	13	4.976804631531211e-05	1.4702900443808176e-05	1.0	164556.96202531643
chr1	109243295	109243374	RNA1640	79	13	7.913999979791697e-06	0.0	1.0	164556.96202531643
chr1	109243400	109243479	RNA1641	79	20	2.7923250127051324e-05	1.4696549897053046e-05	1.0	253164.55696202532
chr1	109308372	109308451	RNA1642	79	17	7.782494107874192e-06	0.0	1.0	215189.87341772154
chr1	109527989	109528118	RNA1643	129	21	1.4698638205161496e-05	1.4697699953103438e-05	1.0	162790.69767441862
chr1	109600445	109600572	RNA1644	127	10	6.467970088123518e-05	1.469984999857843e-05	1.0	78740.15748031496
chr1	109601326	109601455	RNA1645	129	26	0.045779711578374044	1.470200004405342e-05	0.9230769230769231	201550.38759689924
chr1	109601697	109601826	RNA1646	129	22	2.4055791072892636e-05	7.348399776674342e-06	1.0	170542.63565891472
chr1	109786129	109786270	RNA1647	141	27	2.4779136462406182e-05	0.0	1.0	191489.36170212764
chr1	109786528	109786657	RNA1648	129	27	0.035988677173109954	1.4698500308440998e-05	0.9629629629629629	209302.32558139536
chr1	109786887	109787016	RNA1649	129	27	0.11007001536536673	0.0	0.8888888888888888	209302.32558139536
chr1	109787123	109787252	RNA1650	129	31	0.06271040983351521	1.4699399798701052e-05	0.9354838709677419	240310.07751937985
chr1	109907305	109907447	RNA1651	142	29	0.03418310962955855	0.0	0.9310344827586207	204225.35211267608
chr1	109984158	109984300	RNA1652	142	33	8.908312173099892e-06	1.469590006308863e-05	1.0	232394.3661971831
chr1	109984298	109984440	RNA1653	142	24	2.021034163134881e-05	7.347950031544315e-06	1.0	169014.08450704225
chr1	110024563	110024705	RNA1654	142	32	8.267203128298206e-06	0.0	1.0	225352.11267605633
chr1	110026481	110026623	RNA1655	142	16	1.0106000047471753e-05	7.347749942709925e-06	1.0	112676.05633802817
chr1	110141896	110142038	RNA1656	142	23	0.0007037947875885326	1.4697699953103438e-05	1.0	161971.8309859155
chr1	110202525	110202604	RNA1657	79	15	0.06667548748676684	0.0	0.9333333333333333	189873.417721519
chr1	110733583	110733650	RNA1658	67	15	1.6663213197413523e-05	1.4696400285174605e-05	1.0	223880.59701492538
chr1	110740805	110740934	RNA1659	129	24	0.008891343173255942	7.349050065386109e-06	0.9583333333333334	186046.51162790696
chr1	111029922	111030064	RNA1660	142	27	8.71135927337929e-06	0.0	1.0	190140.84507042254
chr1	111478785	111478852	RNA1661	67	12	9.820583348603881e-06	1.4697900041937828e-05	1.0	179104.4776119403
chr1	111482216	111482283	RNA1662	67	9	3.1038233424211136e-05	0.0	1.0	134328.35820895524
chr1	111482345	111482412	RNA1663	67	15	0.00010878786664154535	1.4699399798701052e-05	1.0	223880.59701492538
chr1	112167194	112167261	RNA1664	67	23	1.5975191474907383e-05	1.4697199731017465e-05	1.0	343283.58208955225
chr1	112167926	112167993	RNA1665	67	15	1.763688669597674e-05	0.0	1.0	223880.59701492538
chr1	112169595	112169662	RNA1666	67	15	6.85993339478e-06	0.0	1.0	223880.59701492538
chr1	112718837	112718904	RNA1667	67	10	3.3803520364002486e-05	1.4697000096930424e-05	1.0	149253.73134328358
chr1	113390264	113390391	RNA1668	127	0				0.0
chr1	113761044	113761185	RNA1669	141	24	1.4698862287329307e-05	0.0	1.0	170212.7659574468
chr1	114188151	114188230	RNA1670	79	23	0.003320476696029323	0.0	0.9565217391304348	291139.2405063291
chr1	114562586	114562715	RNA1671	129	28	2.153193541483894e-05	1.4701150121254614e-05	1.0	217054.26356589148
chr1	114670986	114671127	RNA1672	141	26	0.0003656535457664052	0.0	1.0	184397.16312056736
chr1	114759267	114759408	RNA1673	141	30	0.00031457555141969223	0.0	1.0	212765.95744680852
chr1	114766975	114767116	RNA1674	141	21	1.960336677646563e-05	1.4700300198455809e-05	1.0	148936.17021276595
chr1	114785578	114785719	RNA1675	141	27	0.0003844063004281507	1.4697699953103438e-05	1.0	191489.36170212764
chr1	114786667	114786808	RNA1676	141	24	0.00019854804175641443	1.4696799553348685e-05	1.0	170212.7659574468
chr1	114834679	114834820	RNA1677	141	27	0.0057821988702589444	1.4698500308440998e-05	0.9629629629629629	191489.36170212764
chr1	115021986	115022128	RNA1678	142	25	0.04003351876035595	1.4701099644298664e-05	0.96	176056.338028169
chr1	115793127	115793268	RNA1679	141	31	0.00020484244311274965	0.0	1.0	219858.1560283688
chr1	116711201	116711268	RNA1680	67	14	8.399249899022315e-06	7.348599865508732e-06	1.0	208955.223880597
chr1	119780196	119780337	RNA1681	141	36	4.4106666564398845e-05	0.0	1.0	255319.14893617018
chr1	120105485	120105743	RNA1682	258	60	0.016710765184961927	1.469509970775107e-05	0.9833333333333333	232558.13953488372
chr1	120107220	120107478	RNA1683	258	10	8.823190000839531e-06	7.348849976551719e-06	1.0	38759.68992248062
chr1	120181813	120182071	RNA1684	202	3	2.8500733606051654e-05	0.0	1.0	14851.48514851485
chr1	120843071	120843329	RNA1685	165	0				0.0
chr1	120843413	120843671	RNA1686	258	0				0.0
chr1	120843643	120843901	RNA1687	258	0				0.0
chr1	121082894	121083152	RNA1688	238	65	0.0035833528514698436	1.4854899745841976e-05	0.9692307692307692	273109.24369747896
chr1	121607286	121607544	RNA1689	97	0				0.0
chr1	125066475	125066733	RNA1690	258	0				0.0
chr1	143540816	143541083	RNA1691	264	0				0.0
chr1	144320427	144320694	RNA1692	0	0				
chr1	144361132	144361399	RNA1693	0	0				
chr1	144361408	144361675	RNA1694	0	0				
chr1	144471717	144471984	RNA1695	267	0				0.0
chr1	144471744	144472011	RNA1696	267	0				0.0
chr1	144566446	144566713	RNA1697	267	0				0.0
chr1	144619868	144620011	RNA1698	0	0				
chr1	145289544	145289811	RNA1699	257	0				0.0
chr1	145718848	145718991	RNA1700	143	16	2.627463811677163e-05	0.0	1.0	111888.11188811189
chr1	145718976	145719119	RNA1701	143	16	2.0215293773162557e-05	7.350350188062294e-06	1.0	111888.11188811189
chr1	145719245	145719388	RNA1702	143	17	1.124158820055206e-05	1.4698999621032272e-05	1.0	118881.11888111888
chr1	145719308	145719438	RNA1703	130	14	1.1568357227328566e-05	7.350150099227904e-06	1.0	107692.3076923077
chr1	145860442	145860585	RNA1704	143	29	1.6728403289591426e-05	1.4696799553348685e-05	1.0	202797.20279720277
chr1	145861431	145861574	RNA1705	143	41	0.0008529322924404361	0.0	1.0	286713.2867132867
chr1	145863168	145863311	RNA1706	143	24	7.963258250735331e-06	0.0	1.0	167832.16783216785
chr1	146917876	146918019	RNA1707	0	3	5.969433307956667e-05	0.0	1.0	
chr1	148679886	148680038	RNA1708	0	12	9.546891609109783e-06	0.0	1.0	
chr1	149106504	149106619	RNA1709	115	0				0.0
chr1	149363978	149364245	RNA1710	267	0				0.0
chr1	149557570	149557673	RNA1711	103	0				0.0
chr1	149606029	149606159	RNA1712	130	0				0.0
chr1	150011277	150011339	RNA1713	62	16	7.441798078389066e-05	1.4700500287290199e-05	1.0	258064.51612903224
chr1	150012199	150012324	RNA1714	125	20	1.6907314920896536e-05	1.4698100130772218e-05	1.0	160000.0
chr1	150203070	150203191	RNA1715	121	31	3.149335785682491e-05	1.470460028940579e-05	1.0	256198.347107438
chr1	150477008	150477138	RNA1716	130	23	0.0049981241498481535	0.0	0.9565217391304348	176923.07692307694
chr1	150477421	150477551	RNA1717	130	22	1.002204560956505e-05	0.0	1.0	169230.76923076925
chr1	150477694	150477824	RNA1718	130	20	0.010715534141627358	1.4704599834658438e-05	0.95	153846.15384615384
chr1	150721293	150721436	RNA1719	143	23	1.4704173617757009e-05	0.0	1.0	160839.16083916085
chr1	150722342	150722472	RNA1720	130	0				0.0
chr1	150722885	150723015	RNA1721	130	11	1.6046954855976533e-05	1.4703699889651034e-05	1.0	84615.38461538462
chr1	150781676	150781806	RNA1722	124	0				0.0
chr1	151128791	151128915	RNA1723	124	25	3.0580424208882684e-05	0.0	1.0	201612.90322580643
chr1	151154294	151154453	RNA1724	159	21	1.4039552384236317e-05	1.4701099644298664e-05	1.0	132075.4716981132
chr1	151699328	151699458	RNA1725	130	25	0.027191087910578064	0.0	0.96	192307.6923076923
chr1	151954500	151954597	RNA1726	97	16	1.0105974865837197e-05	0.0	1.0	164948.45360824742
chr1	151954701	151954828	RNA1727	127	14	0.00012393338706064946	1.4697900041937828e-05	1.0	110236.22047244094
chr1	152836332	152836484	RNA1728	152	0				0.0
chr1	152949522	152949637	RNA1729	115	0				0.0
chr1	153531187	153531339	RNA1730	152	33	1.736958824260168e-05	0.0	1.0	217105.26315789475
chr1	153554123	153554226	RNA1731	103	16	1.1023356364603387e-05	0.0	1.0	155339.8058252427
chr1	153617650	153617802	RNA1732	152	38	0.012825981485548251	1.470005008741282e-05	0.9736842105263158	250000.0
chr1	153618080	153618232	RNA1733	152	34	2.0318129265751384e-05	1.4696999642183075e-05	1.0	223684.2105263158
chr1	153648848	153649000	RNA1734	152	31	1.9037077465562164e-05	0.0	1.0	203947.36842105264
chr1	153649441	153649593	RNA1735	152	34	1.2106047105426246e-05	0.0	1.0	223684.2105263158
chr1	153727752	153727904	RNA1736	152	54	0.018544104308973512	0.0	0.9814814814814815	355263.15789473685
chr1	153782142	153782299	RNA1737	157	33	8.640029376361935e-05	1.4696400285174605e-05	1.0	210191.08280254778
chr1	153784825	153784982	RNA1738	157	25	3.192135623976037e-05	1.4746699889656156e-05	1.0	159235.6687898089
chr1	153787826	153787941	RNA1739	115	14	9.770688127121102e-05	1.4706100046169013e-05	1.0	121739.13043478261
chr1	153946829	153946944	RNA1740	115	24	0.0002872809528374323	0.0	1.0	208695.65217391303
chr1	153946842	153946957	RNA1741	115	27	0.00025808228781021476	0.0	1.0	234782.6086956522
chr1	153947025	153947182	RNA1742	157	28	8.400024918436039e-06	0.0	1.0	178343.94904458598
chr1	153947096	153947221	RNA1743	125	19	1.0832231533928088e-05	1.4697699953103438e-05	1.0	152000.0
chr1	153958674	153958789	RNA1744	115	33	0.030328860927373597	0.0	0.9696969696969697	286956.52173913043
chr1	153958713	153958828	RNA1745	115	27	2.3951248160159493e-05	0.0	1.0	234782.6086956522
chr1	153958729	153958791	RNA1746	62	16	2.755564355537587e-05	0.0	1.0	258064.51612903224
chr1	153989278	153989393	RNA1747	115	0				0.0
chr1	154206383	154206504	RNA1748	121	23	9.58620868281603e-06	0.0	1.0	190082.64462809917
chr1	154384326	154384429	RNA1749	103	21	5.682736138536756e-05	1.472670010116417e-05	1.0	203883.49514563105
chr1	154548260	154548363	RNA1750	103	14	1.1548564413839586e-05	0.0	1.0	135922.33009708737
chr1	154548289	154548392	RNA1751	103	11	2.672330066904514e-05	1.4697199731017465e-05	1.0	106796.11650485436
chr1	154559563	154559666	RNA1752	103	18	8.166188813952936e-06	7.348599865508732e-06	1.0	174757.28155339806
chr1	154559695	154559798	RNA1753	103	19	0.05269191654592998	1.4697699953103438e-05	0.9473684210526315	184466.01941747573
chr1	154651907	154652059	RNA1754	152	26	1.9797830925826897e-05	0.0	1.0	171052.63157894736
chr1	154663235	154663338	RNA1755	103	18	1.6337338870971495e-05	0.0	1.0	174757.28155339806
chr1	154683396	154683553	RNA1756	157	34	0.0004731132584953096	7.349699899350526e-06	1.0	216560.50955414012
chr1	154891066	154891128	RNA1757	62	14	1.15491142683503e-05	0.0	1.0	225806.4516129032
chr1	154891125	154891266	RNA1758	141	25	0.00020280582037230437	1.4696400285174605e-05	1.0	177304.9645390071
chr1	154891822	154891947	RNA1759	125	18	4.6566704845137125e-05	7.349050065386109e-06	1.0	144000.0
chr1	154937035	154937160	RNA1760	125	34	3.6313247566044084e-05	7.348599865508732e-06	1.0	272000.0
chr1	154939699	154939824	RNA1761	121	0				0.0
chr1	154956261	154956386	RNA1762	125	23	1.9809673967359338e-05	0.0	1.0	184000.0
chr1	154956402	154956464	RNA1763	62	9	3.4299301559148764e-05	0.0	1.0	145161.29032258067
chr1	154956479	154956594	RNA1764	115	16	4.593674987063423e-06	0.0	1.0	139130.4347826087
chr1	154956618	154956680	RNA1765	62	13	2.2615153843966814e-06	0.0	1.0	209677.41935483873
chr1	154974395	154974520	RNA1766	125	37	1.509373231709901e-05	0.0	1.0	296000.0
chr1	154974401	154974463	RNA1767	62	10	1.0287679651810322e-05	0.0	1.0	161290.32258064515
chr1	154981875	154981937	RNA1768	62	20	2.066133520201733e-05	0.0	1.0	322580.6451612903
chr1	155087611	155087673	RNA1769	62	9	1.3063011061199682e-05	1.4694600395159796e-05	1.0	145161.29032258067
chr1	155087661	155087786	RNA1770	125	32	1.0563199907664966e-05	0.0	1.0	256000.0
chr1	155087665	155087786	RNA1771	121	32	1.0563199907664966e-05	0.0	1.0	264462.80991735536
chr1	155121963	155122087	RNA1772	124	22	1.6716191236229164e-05	0.0	1.0	177419.3548387097
chr1	155149347	155149506	RNA1773	159	26	0.061404850799310504	0.0	0.9230769230769231	163522.01257861636
chr1	155163496	155163617	RNA1774	118	17	1.046173533455551e-05	0.0	1.0	144067.7966101695
chr1	155168307	155168428	RNA1775	121	22	1.8048559054888046e-05	0.0	1.0	181818.18181818182
chr1	155193448	155193569	RNA1776	121	24	3.1245788174291414e-05	1.4698100130772218e-05	1.0	198347.10743801654
chr1	155193634	155193733	RNA1777	99	23	1.8539043396777498e-05	1.4696799553348685e-05	1.0	232323.2323232323
chr1	155194363	155194484	RNA1778	121	20	8.096704959825729e-06	7.349699899350526e-06	1.0	165289.2561983471
chr1	155246014	155246204	RNA1779	190	30	6.271620450206367e-05	0.0	1.0	157894.73684210525
chr1	155246365	155246555	RNA1780	190	39	2.4115691979738326e-05	0.0	1.0	205263.15789473685
chr1	155308059	155308180	RNA1781	120	20	0.03700204411957202	0.0	0.95	166666.66666666666
chr1	155308164	155308236	RNA1782	72	15	0.04933401338609353	0.0	0.9333333333333333	208333.33333333334
chr1	155331326	155331516	RNA1783	190	33	3.1188206225067026e-05	1.4700300198455809e-05	1.0	173684.21052631582
chr1	155334672	155334802	RNA1784	130	25	0.010515124711491807	0.0	0.96	192307.6923076923
chr1	155740026	155740148	RNA1785	122	19	9.293115765199458e-06	0.0	1.0	155737.7049180328
chr1	155740129	155740232	RNA1786	103	20	0.00013096609568492027	1.4726650078955572e-05	1.0	194174.7572815534
chr1	155888582	155888679	RNA1787	97	14	0.00024494739636793286	0.0	1.0	144329.8969072165
chr1	155912344	155912471	RNA1788	127	26	2.092763445314334e-05	0.0	1.0	204724.4094488189
chr1	155937006	155937103	RNA1789	92	28	0.012841335712469761	1.5044499832583824e-05	0.9285714285714286	304347.82608695654
chr1	155944848	155944973	RNA1790	125	33	1.4255066630677462e-05	0.0	1.0	264000.0
chr1	155945346	155945408	RNA1791	62	11	9.387800012270667e-06	0.0	1.0	177419.3548387097
chr1	156034928	156035052	RNA1792	124	0				0.0
chr1	156054479	156054638	RNA1793	159	33	0.017211361661738363	1.469590006308863e-05	0.9696969696969697	207547.16981132075
chr1	156071694	156071818	RNA1794	124	28	0.0009126503958408883	1.4698749964736635e-05	1.0	225806.4516129032
chr1	156071738	156071862	RNA1795	124	31	0.0008200619705026053	0.0	1.0	250000.0
chr1	156140933	156141092	RNA1796	159	27	2.014268183201126e-05	1.4698100130772218e-05	1.0	169811.32075471696
chr1	156143003	156143162	RNA1797	157	13	6.826484562994805e-06	0.0	1.0	82802.54777070064
chr1	156143223	156143347	RNA1798	124	31	0.0009324379123192472	1.4727499547007028e-05	1.0	250000.0
chr1	156144398	156144522	RNA1799	124	21	2.3804552083236892e-05	1.470200004405342e-05	1.0	169354.8387096774
chr1	156178423	156178582	RNA1800	159	30	0.0010106651719676482	0.0	1.0	188679.24528301888
chr1	156188661	156188820	RNA1801	159	30	3.6782604214140155e-05	1.4705200101161608e-05	1.0	188679.24528301888
chr1	156190174	156190295	RNA1802	121	21	1.329984275972016e-05	1.4696799553348685e-05	1.0	173553.71900826448
chr1	156248315	156248505	RNA1803	190	38	0.005794497738263185	1.4702649878017837e-05	0.9736842105263158	200000.0
chr1	156248844	156248968	RNA1804	124	42	0.037788298201013225	1.4711699805047829e-05	0.9523809523809523	338709.6774193548
chr1	156296595	156296754	RNA1805	143	21	0.00023405899238630062	1.4970500160416124e-05	1.0	146853.14685314684
chr1	156663965	156664072	RNA1806	107	3	9.8180668525553e-06	1.472710027883295e-05	1.0	28037.383177570093
chr1	156668592	156668699	RNA1807	103	23	0.00029740912376165235	0.0	1.0	223300.97087378643
chr1	156718810	156718917	RNA1808	107	0				0.0
chr1	156805149	156805246	RNA1809	97	15	1.6667779952210064e-05	1.4703699889651034e-05	1.0	154639.17525773196
chr1	156805731	156805858	RNA1810	127	22	0.012590248331517532	0.0	0.9545454545454546	173228.3464566929
chr1	156916490	156916617	RNA1811	127	24	0.00014455172508102143	0.0	1.0	188976.3779527559
chr1	156919351	156919448	RNA1812	97	19	4.409289991407326e-05	1.4696799553348685e-05	1.0	195876.28865979382
chr1	156919997	156920124	RNA1813	127	13	3.3929308511477966e-06	0.0	1.0	102362.20472440944
chr1	156933993	156934120	RNA1814	127	23	0.00016677712431808185	0.0	1.0	181102.36220472443
chr1	156934101	156934228	RNA1815	127	16	1.3778743493725678e-05	0.0	1.0	125984.25196850393
chr1	156934281	156934378	RNA1816	97	17	0.00025508513456716866	1.4699799976369832e-05	1.0	175257.7319587629
chr1	157046958	157047085	RNA1817	127	24	0.00854239953438688	0.0	0.9583333333333334	188976.3779527559
chr1	157047776	157047873	RNA1818	97	23	6.3917913117304286e-06	0.0	1.0	237113.40206185565
chr1	157055933	157056030	RNA1819	97	17	1.9023723111518273e-05	1.4697699953103438e-05	1.0	175257.7319587629
chr1	157139646	157139743	RNA1820	97	21	0.034526742772565434	1.4698100130772218e-05	0.9523809523809523	216494.84536082475
chr1	157142992	157143116	RNA1821	124	22	6.681386366835795e-06	0.0	1.0	177419.3548387097
chr1	157198252	157198411	RNA1822	159	40	0.0446313162341994	0.0	0.95	251572.32704402515
chr1	157511591	157511698	RNA1823	107	20	0.050044101738876634	1.4698300219606608e-05	0.95	186915.8878504673
chr1	157793200	157793291	RNA1824	91	23	7.669143483128764e-06	0.0	1.0	252747.25274725273
chr1	157916169	157916296	RNA1825	127	26	0.04344811990201309	0.0	0.9230769230769231	204724.4094488189
chr1	157992299	157992396	RNA1826	97	29	1.82454343993041e-05	1.4696400285174605e-05	1.0	298969.07216494845
chr1	158327054	158327127	RNA1827	73	0				0.0
chr1	158602895	158603047	RNA1828	152	28	0.03872794409877705	0.0	0.9285714285714286	184210.52631578947
chr1	158744889	158745046	RNA1829	157	30	0.01856366197583459	7.349250154220499e-06	0.9666666666666667	191082.80254777073
chr1	158867108	158867249	RNA1830	141	20	2.278444962939817e-05	1.4698749964736635e-05	1.0	141843.97163120567
chr1	158898001	158898100	RNA1831	0	2	0.00070308498106895	0.00070308498106895	1.0	
chr1	158912317	158912432	RNA1832	115	26	0.0016034687946557776	1.4723200365551747e-05	1.0	226086.95652173914
chr1	158912590	158912662	RNA1833	72	6	9.881600059694998e-06	7.359650226135272e-06	1.0	83333.33333333333
chr1	158915262	158915365	RNA1834	103	13	2.488487727812342e-05	1.4703699889651034e-05	1.0	126213.59223300971
chr1	159757189	159757311	RNA1835	122	25	1.2346576004347299e-05	1.469590006308863e-05	1.0	204918.03278688525
chr1	159771886	159772027	RNA1836	141	34	0.003281432237145043	0.0	0.9705882352941176	241134.75177304962
chr1	159789248	159789389	RNA1837	141	30	0.033343623966447924	0.0	0.9666666666666667	212765.95744680852
chr1	159789570	159789711	RNA1838	141	29	0.03453547434645739	0.0	0.9655172413793104	205673.7588652482
chr1	159903637	159903778	RNA1839	141	25	3.6452970853132685e-05	0.0	1.0	177304.9645390071
chr1	159903959	159904056	RNA1840	97	13	1.3570084565099723e-05	1.4697199731017465e-05	1.0	134020.61855670103
chr1	159907369	159907510	RNA1841	141	22	8.686391042415794e-06	0.0	1.0	156028.36879432623
chr1	159955087	159955228	RNA1842	141	12	0.007455244720555722	0.0	0.9166666666666666	85106.3829787234
chr1	159955535	159955597	RNA1843	62	13	5.426207651627596e-05	1.4696799553348685e-05	1.0	209677.41935483873
chr1	159955682	159955807	RNA1844	125	22	2.004390911348431e-05	1.4698099676024867e-05	1.0	176000.0
chr1	160090854	160090953	RNA1845	99	17	1.5565729025932823e-05	1.4698999621032272e-05	1.0	171717.1717171717
chr1	160099762	160099883	RNA1846	121	22	1.0022886230713498e-05	7.348599865508732e-06	1.0	181818.18181818182
chr1	160100504	160100603	RNA1847	99	12	1.1023074875993188e-05	0.0	1.0	121212.12121212122
chr1	160110298	160110397	RNA1848	99	19	3.558938945053124e-05	0.0	1.0	191919.19191919192
chr1	160110998	160111188	RNA1849	186	39	0.011751910906054822	1.4701099644298664e-05	0.9743589743589743	209677.41935483873
chr1	160215496	160215618	RNA1850	122	17	4.49619888326273e-05	1.4697199731017465e-05	1.0	139344.26229508195
chr1	160215514	160215613	RNA1851	99	15	4.9977107361576436e-05	1.4698100130772218e-05	1.0	151515.15151515152
chr1	160215517	160215639	RNA1852	122	19	4.873761664432204e-05	1.4698100130772218e-05	1.0	155737.7049180328
chr1	160215547	160215619	RNA1853	72	13	3.166004675081896e-05	1.4698100130772218e-05	1.0	180555.55555555556
chr1	160215550	160215672	RNA1854	122	23	2.7479696220084377e-05	1.4696799553348685e-05	1.0	188524.59016393442
chr1	160215557	160215629	RNA1855	72	14	3.989537240807842e-05	7.349050065386109e-06	1.0	194444.44444444444
chr1	160215590	160215662	RNA1856	72	12	1.9595908800811266e-05	7.348399776674342e-06	1.0	166666.66666666666
chr1	160215614	160215713	RNA1857	99	16	1.4696825303415179e-05	0.0	1.0	161616.16161616164
chr1	160359444	160359566	RNA1858	122	30	0.00017934588222487944	1.4700900010211626e-05	1.0	245901.63934426228
chr1	160365592	160365714	RNA1859	122	21	2.5899537961644196e-05	1.4700300198455809e-05	1.0	172131.1475409836
chr1	160366575	160366674	RNA1860	99	18	9.801883354359436e-06	0.0	1.0	181818.18181818182
chr1	160366643	160366715	RNA1861	72	15	1.176369987661019e-05	0.0	1.0	208333.33333333334
chr1	160366773	160366845	RNA1862	72	13	5.65806454128068e-05	1.4705899957334624e-05	1.0	180555.55555555556
chr1	160447630	160447702	RNA1863	72	14	0.0012547002499689178	0.0	1.0	194444.44444444444
chr1	160463882	160464004	RNA1864	122	25	1.822633177652796e-05	1.4698500308440998e-05	1.0	204918.03278688525
chr1	160666095	160666223	RNA1865	128	23	0.003118090121342505	1.4699799976369832e-05	0.9565217391304348	179687.5
chr1	160763566	160763663	RNA1866	97	16	4.594481310959964e-06	0.0	1.0	164948.45360824742
chr1	160864711	160864808	RNA1867	97	18	0.05556045540556119	0.0	0.9444444444444444	185567.01030927835
chr1	160871958	160872055	RNA1868	97	21	0.08040474950476414	1.4696400285174605e-05	0.9047619047619048	216494.84536082475
chr1	160885417	160885514	RNA1869	97	0				0.0
chr1	160891508	160891605	RNA1870	97	0				0.0
chr1	160901265	160901406	RNA1871	141	0				0.0
chr1	160972890	160972987	RNA1872	97	19	0.052645501642042576	1.4696799553348685e-05	0.9473684210526315	195876.28865979382
chr1	161097363	161097487	RNA1873	124	15	1.567949329910334e-05	1.4699799976369832e-05	1.0	120967.74193548388
chr1	161140667	161140826	RNA1874	159	39	1.1702448668634483e-05	0.0	1.0	245283.01886792452
chr1	161215126	161215225	RNA1875	99	25	0.0007388053559770882	1.47024002217222e-05	1.0	252525.25252525255
chr1	161255608	161255680	RNA1876	72	0				0.0
chr1	161257773	161257880	RNA1877	107	0				0.0
chr1	161258223	161258345	RNA1878	122	0				0.0
chr1	161737904	161738031	RNA1879	127	18	1.0615888792623688e-05	0.0	1.0	141732.28346456692
chr1	161741998	161742089	RNA1880	91	15	0.03763305159676141	1.469590006308863e-05	0.9333333333333333	164835.16483516482
chr1	161978083	161978180	RNA1881	97	14	8.399900057806267e-06	0.0	1.0	144329.8969072165
chr1	162043276	162043373	RNA1882	97	22	0.002838970151184513	2.2061650270188693e-05	0.9545454545454546	226804.12371134022
chr1	162389597	162389812	RNA1883	215	36	0.027818204480303792	1.4697250207973411e-05	0.9722222222222222	167441.86046511628
chr1	162390981	162391054	RNA1884	73	19	0.004586206092665774	1.469590006308863e-05	0.9473684210526315	260273.9726027397
chr1	162628780	162628871	RNA1885	91	9	6.5336445105559606e-06	0.0	1.0	98901.0989010989
chr1	162787948	162788039	RNA1886	74	14	0.07610054249328511	7.379000180662842e-06	0.8571428571428571	189189.1891891892
chr1	162788077	162788168	RNA1887	91	2	6.0135050262033474e-05	6.0135050262033474e-05	1.0	21978.02197802198
chr1	162822425	162822516	RNA1888	91	2	3.676254982565297e-05	3.676254982565297e-05	1.0	21978.02197802198
chr1	162824145	162824236	RNA1889	91	16	0.06134105939503342	7.348599865508732e-06	0.9375	175824.17582417585
chr1	162869511	162869602	RNA1890	91	16	1.9290930993065558e-05	1.4696799553348685e-05	1.0	175824.17582417585
chr1	163103403	163103476	RNA1891	73	13	1.0178630663386475e-05	1.4699799976369832e-05	1.0	178082.19178082192
chr1	163105019	163105092	RNA1892	73	12	8.342168242354726e-05	0.0	1.0	164383.5616438356
chr1	163105355	163105428	RNA1893	72	15	2.3900167010040093e-05	1.4703699889651034e-05	1.0	208333.33333333334
chr1	163358810	163358883	RNA1894	73	9	2.6134211515849693e-05	1.4698999621032272e-05	1.0	123287.6712328767
chr1	163369512	163369585	RNA1895	73	10	8.819549748295685e-06	0.0	1.0	136986.301369863
chr1	163426887	163426960	RNA1896	73	15	9.800320124971525e-06	0.0	1.0	205479.4520547945
chr1	163891498	163891589	RNA1897	91	24	6.184709642790538e-05	0.0	1.0	263736.26373626373
chr1	164355458	164355531	RNA1898	73	18	2.0425411144565765e-05	1.4701749933010433e-05	1.0	246575.3424657534
chr1	164547318	164547446	RNA1899	128	23	7.668291286593202e-06	0.0	1.0	179687.5
chr1	164551544	164551685	RNA1900	139	23	0.03418824401737568	1.4852200365567114e-05	0.9565217391304348	165467.62589928057
chr1	165183854	165183926	RNA1901	72	18	0.028098089223830256	0.0	0.9444444444444444	250000.0
chr1	165188815	165188914	RNA1902	99	17	3.1997428938177944e-05	0.0	1.0	171717.1717171717
chr1	165356788	165356910	RNA1903	122	37	1.231987020268256e-05	1.470159986638464e-05	1.0	303278.68852459016
chr1	165595484	165595612	RNA1904	126	19	0.028887134469139136	0.0	0.9473684210526315	150793.6507936508
chr1	165630907	165631035	RNA1905	128	28	0.03572593848964191	1.469569997425424e-05	0.9285714285714286	218750.0
chr1	165630964	165631092	RNA1906	128	18	0.028457855290525913	0.0	0.9444444444444444	140625.0
chr1	165719288	165719416	RNA1907	128	21	1.819783318794466e-05	1.4698100130772218e-05	1.0	164062.5
chr1	165720305	165720433	RNA1908	128	16	1.1024524951608328e-05	0.0	1.0	125000.0
chr1	165722381	165722509	RNA1909	128	0				0.0
chr1	165722613	165722710	RNA1910	97	0				0.0
chr1	165723374	165723589	RNA1911	215	29	0.034638854218742215	1.4698500308440998e-05	0.9655172413793104	134883.72093023258
chr1	166720348	166720476	RNA1912	128	28	0.0010729720453192743	0.0	1.0	218750.0
chr1	166895106	166895321	RNA1913	215	42	0.01473163246891133	1.4696599919261644e-05	0.9761904761904762	195348.83720930232
chr1	167041862	167042077	RNA1914	215	36	0.027802280186177895	0.0	0.9722222222222222	167441.86046511628
chr1	167047582	167047797	RNA1915	215	40	0.013046689872703607	7.347300197579898e-06	0.925	186046.51162790696
chr1	167209984	167210199	RNA1916	215	35	0.008474621217023273	0.0	0.9714285714285714	162790.69767441862
chr1	167210500	167210715	RNA1917	215	44	1.1360677324935552e-05	0.0	1.0	204651.16279069768
chr1	167210938	167211153	RNA1918	215	51	9.526591100652459e-05	1.4714099961565807e-05	1.0	237209.3023255814
chr1	167518945	167519034	RNA1919	89	9	9.80017759704626e-06	0.0	1.0	101123.59550561798
chr1	167809097	167809188	RNA1920	91	18	0.013352570899769468	1.4700049632665468e-05	0.9444444444444444	197802.1978021978
chr1	168076183	168076398	RNA1921	215	41	0.00048178585177261076	1.469590006308863e-05	1.0	190697.67441860467
chr1	168315517	168315590	RNA1922	73	12	1.102244990155062e-05	0.0	1.0	164383.5616438356
chr1	170661620	170661748	RNA1923	127	48	0.00020947437790633821	1.4719300452270543e-05	1.0	377952.7559055118
chr1	171420628	171420717	RNA1924	89	9	0.0009912774917716478	0.0	1.0	101123.59550561798
chr1	171814814	171814903	RNA1925	89	14	2.519802189583353e-05	1.4698950053571025e-05	1.0	157303.37078651684
chr1	171815937	171816026	RNA1926	89	10	2.2049609560781393e-05	1.4701150121254614e-05	1.0	112359.55056179775
chr1	171816785	171817000	RNA1927	215	24	1.654004605218704e-05	0.0	1.0	111627.90697674418
chr1	171817418	171817507	RNA1928	89	15	0.036173858843964506	0.0	0.9333333333333333	168539.32584269662
chr1	172471518	172471607	RNA1929	89	20	8.157988127095262e-05	0.0	1.0	224719.1011235955
chr1	172480961	172481050	RNA1930	89	15	8.824826727504842e-06	0.0	1.0	168539.32584269662
chr1	172611991	172612080	RNA1931	89	17	1.8162417933018305e-05	1.4697199731017465e-05	1.0	191011.23595505618
chr1	173787421	173787510	RNA1932	89	9	4.900855654139176e-06	0.0	1.0	101123.59550561798
chr1	177329969	177330058	RNA1933	89	11	1.2030636257391466e-05	0.0	1.0	123595.50561797753
chr1	178647255	178647430	RNA1934	175	25	0.00023053802295180188	1.4698500308440998e-05	1.0	142857.14285714284
chr1	180204216	180204295	RNA1935	79	12	0.000546296283118858	0.0	1.0	151898.7341772152
chr1	182357965	182358045	RNA1936	80	17	1.642894687178638e-05	0.0	1.0	212500.0
chr1	182628225	182628400	RNA1937	175	30	0.0016355860526952376	0.0	1.0	171428.57142857142
chr1	183598365	183598540	RNA1938	175	30	1.960152006479838e-05	1.470005008741282e-05	1.0	171428.57142857142
chr1	183598398	183598573	RNA1939	175	31	0.0025792709910151166	1.4702900443808176e-05	0.967741935483871	177142.85714285713
chr1	183599690	183599865	RNA1940	175	40	2.1327342642506152e-05	0.0	1.0	228571.42857142855
chr1	183928888	183929063	RNA1941	175	33	0.0006433224987245685	0.0	1.0	188571.42857142858
chr1	183929122	183929297	RNA1942	175	26	2.3181015316925263e-05	1.4698300219606608e-05	1.0	148571.42857142858
chr1	183929420	183929595	RNA1943	175	26	1.2439273002830585e-05	1.4698999621032272e-05	1.0	148571.42857142858
chr1	184157006	184157085	RNA1944	79	14	2.7302692940008237e-05	7.348849976551719e-06	1.0	177215.18987341772
chr1	184685403	184685578	RNA1945	175	36	0.02779819195519748	0.0	0.9722222222222222	205714.2857142857
chr1	185029202	185029281	RNA1946	79	11	1.3359417855753149e-05	0.0	1.0	139240.5063291139
chr1	185105729	185105808	RNA1947	79	13	1.35727998265513e-05	0.0	1.0	164556.96202531643
chr1	185106231	185106310	RNA1948	79	18	1.551512761782053e-05	7.348399776674342e-06	1.0	227848.10126582277
chr1	185291826	185291905	RNA1949	79	15	0.06667352782005764	0.0	0.9333333333333333	189873.417721519
chr1	185291960	185292039	RNA1950	79	13	7.917961528829228e-06	0.0	1.0	164556.96202531643
chr1	185292218	185292297	RNA1951	79	10	1.0314269820810295e-05	0.0	1.0	126582.27848101266
chr1	185690705	185690785	RNA1952	80	8	1.2866287306678714e-05	1.4698950053571025e-05	1.0	100000.0
chr1	186288617	186288696	RNA1953	79	20	0.00024849345772963037	1.4699799976369832e-05	1.0	253164.55696202532
chr1	186703605	186703685	RNA1954	80	12	6.12442499914323e-06	0.0	1.0	150000.0
chr1	186805406	186805486	RNA1955	78	9	2.0556844194490826e-05	1.4997899597801734e-05	1.0	115384.61538461539
chr1	186812771	186812851	RNA1956	80	16	8.269762531654123e-06	0.0	1.0	200000.0
chr1	187051487	187051567	RNA1957	80	15	1.2740700064262302e-05	0.0	1.0	187500.0
chr1	187064163	187064243	RNA1958	80	13	2.374634683432134e-05	0.0	1.0	162500.0
chr1	187067487	187067567	RNA1959	80	18	1.3884166492061922e-05	1.4698349787067855e-05	1.0	225000.0
chr1	187703967	187704027	RNA1960	60	0				0.0
chr1	187959612	187959692	RNA1961	80	12	0.08357630504497138	2.2087850084062666e-05	0.9166666666666666	150000.0
chr1	188564819	188564994	RNA1962	175	40	2.2787085117667594e-05	7.347950031544315e-06	1.0	228571.42857142855
chr1	190023096	190023175	RNA1963	79	14	0.05175834728684743	1.4712800293636974e-05	0.8571428571428571	177215.18987341772
chr1	191157988	191158048	RNA1964	60	15	0.0006890259548526852	1.4707999980601016e-05	1.0	250000.0
chr1	191732083	191732163	RNA1965	80	34	1.686400294013387e-05	1.4697450296807801e-05	1.0	425000.0
chr1	192016839	192017014	RNA1966	175	22	1.4103163473254248e-05	0.0	1.0	125714.28571428572
chr1	192017225	192017285	RNA1967	60	17	9.523570577798905e-06	0.0	1.0	283333.3333333333
chr1	192149557	192149617	RNA1968	60	10	0.0983318682658137	0.0	0.9	166666.66666666666
chr1	192150024	192150084	RNA1969	60	20	5.191748468859577e-05	1.50864502757031e-05	1.0	333333.3333333333
chr1	192986797	192986857	RNA1970	60	15	5.094365375649175e-05	0.0	1.0	250000.0
chr1	192986802	192986862	RNA1971	60	14	5.458248616766973e-05	0.0	1.0	233333.33333333334
chr1	192987313	192987373	RNA1972	60	14	2.729694246486576e-05	1.4696150174131617e-05	1.0	233333.33333333334
chr1	193120420	193120480	RNA1973	60	0				0.0
chr1	195780504	195780679	RNA1974	173	45	0.03386283929709558	1.4707199625263456e-05	0.9555555555555556	260115.60693641615
chr1	196626128	196626303	RNA1975	175	45	0.06666307214875107	0.0	0.9333333333333333	257142.85714285713
chr1	196795898	196796073	RNA1976	76	0				0.0
chr1	196796378	196796553	RNA1977	0	0				
chr1	196936385	196936560	RNA1978	175	0				0.0
chr1	196937082	196937257	RNA1979	175	0				0.0
chr1	196937453	196937628	RNA1980	175	0				0.0
chr1	197009951	197010126	RNA1981	175	42	0.02382422603802427	0.0	0.9761904761904762	240000.0
chr1	197015890	197016065	RNA1982	175	27	1.6331766683261203e-05	1.4696400285174605e-05	1.0	154285.7142857143
chr1	197067836	197067896	RNA1983	60	13	9.045584752479604e-06	0.0	1.0	216666.6666666667
chr1	197069488	197069663	RNA1984	175	40	2.2784552970730644e-05	0.0	1.0	228571.42857142855
chr1	197204892	197205074	RNA1985	182	26	1.0745361543320962e-05	1.469744984206045e-05	1.0	142857.14285714284
chr1	197502158	197502226	RNA1986	68	13	0.01843134248086314	0.0	0.9230769230769231	191176.47058823527
chr1	197832087	197832262	RNA1987	175	0				0.0
chr1	197955090	197955265	RNA1988	175	25	0.021147103206785686	1.4699399798701052e-05	0.96	142857.14285714284
chr1	198153758	198153829	RNA1989	71	11	3.473697283465727e-05	1.469549988541985e-05	1.0	154929.57746478872
chr1	198154273	198154439	RNA1990	166	33	0.0303177310908006	0.0	0.9696969696969697	198795.18072289156
chr1	199506133	199506254	RNA1991	121	26	0.03873361822490132	1.4712400115968194e-05	0.9615384615384616	214876.03305785125
chr1	199523328	199523401	RNA1992	73	12	0.00014338303427999764	1.4705450212204596e-05	1.0	164383.5616438356
chr1	201112783	201112997	RNA1993	214	40	0.010215715371350596	0.0	0.975	186915.8878504673
chr1	201132101	201132283	RNA1994	182	35	0.028590336422790377	0.0	0.9714285714285714	192307.6923076923
chr1	201344990	201345058	RNA1995	68	17	0.058857270816962924	1.4698999621032272e-05	0.9411764705882353	250000.0
chr1	201471567	201471742	RNA1996	175	49	9.301534581546938e-06	0.0	1.0	280000.0
chr1	201954432	201954503	RNA1997	71	16	0.00013232042766730322	1.4700699921377236e-05	1.0	225352.11267605633
chr1	201976341	201976516	RNA1998	175	37	0.012525640975999935	1.470159986638464e-05	0.9459459459459459	211428.57142857145
chr1	202017796	202017962	RNA1999	166	41	0.03125445269790539	1.470460028940579e-05	0.926829268292683	246987.9518072289
chr1	202048324	202048506	RNA2000	182	39	0.024633816243924505	0.0	0.9743589743589743	214285.71428571426
chr1	202121999	202122174	RNA2001	175	33	0.0045721638410516985	1.4698500308440998e-05	0.9393939393939394	188571.42857142858
chr1	202122476	202122658	RNA2002	182	32	0.026583596617030022	1.4698999621032272e-05	0.96875	175824.17582417585
chr1	202122638	202122820	RNA2003	182	51	0.016727305811364914	1.4694600395159796e-05	0.9803921568627451	280219.7802197802
chr1	202164240	202164422	RNA2004	182	43	0.0002085678217215759	0.0	1.0	236263.73626373627
chr1	202164431	202164613	RNA2005	182	38	8.50933414958969e-06	0.0	1.0	208791.2087912088
chr1	202191319	202191387	RNA2006	68	0				0.0
chr1	202325499	202325681	RNA2007	180	40	1.5964889939822513e-05	1.4723599633725826e-05	1.0	222222.22222222222
chr1	202325564	202325632	RNA2008	68	22	1.5640790934412507e-05	1.4752299648534972e-05	1.0	323529.4117647059
chr1	202327059	202327127	RNA2009	68	13	0.1542044997347078	1.4698999621032272e-05	0.8461538461538461	191176.47058823527
chr1	202343845	202343913	RNA2010	68	9	1.1438577631553118e-05	0.0	1.0	132352.9411764706
chr1	202344682	202344750	RNA2011	68	5	8.821879964671097e-06	1.4699799976369832e-05	1.0	73529.41176470589
chr1	202347462	202347530	RNA2012	68	11	5.347481832855423e-06	0.0	1.0	161764.70588235295
chr1	202808793	202808891	RNA2013	98	23	0.0014518295998720487	0.0	1.0	234693.8775510204
chr1	202842927	202842998	RNA2014	71	9	9.798011180666637e-06	0.0	1.0	126760.56338028169
chr1	202889762	202889833	RNA2015	71	14	1.7847814043696936e-05	1.469785001972923e-05	1.0	197183.0985915493
chr1	202890045	202890116	RNA2016	71	12	4.1652049806840605e-05	7.349050065386109e-06	1.0	169014.08450704225
chr1	202890884	202891050	RNA2017	166	26	0.00944750825678615	1.4697900041937828e-05	0.9615384615384616	156626.5060240964
chr1	202970952	202971023	RNA2018	70	9	1.0138333588353513e-05	1.488270027039107e-05	1.0	128571.42857142857
chr1	202979711	202979782	RNA2019	71	12	1.5923700023752947e-05	1.4696999642183075e-05	1.0	169014.08450704225
chr1	202999252	202999418	RNA2020	166	0				0.0
chr1	203004992	203005158	RNA2021	166	0				0.0
chr1	203025002	203025168	RNA2022	166	27	0.018629185251046246	0.0	0.9629629629629629	162650.60240963855
chr1	203025029	203025195	RNA2023	166	31	0.01623158323799279	1.4697699953103438e-05	0.967741935483871	186746.9879518072
chr1	203082842	203082913	RNA2024	71	12	0.00042502141400290865	7.348599865508732e-06	1.0	169014.08450704225
chr1	203090135	203090301	RNA2025	166	32	0.031255058937460944	1.470005008741282e-05	0.96875	192771.0843373494
chr1	203167471	203167592	RNA2026	121	34	0.04148662068219517	1.4705899957334624e-05	0.9411764705882353	280991.7355371901
chr1	203167477	203167659	RNA2027	182	51	0.027662368499923283	1.4706700312672185e-05	0.9607843137254902	280219.7802197802
chr1	203338391	203338459	RNA2028	68	13	9.32258458655829e-06	0.0	1.0	191176.47058823527
chr1	203534200	203534273	RNA2029	73	8	0.12500918636249025	1.4696800008096034e-05	0.875	109589.04109589041
chr1	203957875	203957946	RNA2030	71	17	9.511635171828161e-06	1.4698999621032272e-05	1.0	239436.61971830984
chr1	204016807	204016973	RNA2031	166	0				0.0
chr1	204048805	204048926	RNA2032	121	30	1.3259386590410334e-05	1.4714749795530224e-05	1.0	247933.88429752068
chr1	204130576	204130697	RNA2033	121	23	0.00021025230537064857	0.0	1.0	190082.64462809917
chr1	204130656	204130777	RNA2034	121	25	1.1757183965528384e-05	1.469549988541985e-05	1.0	206611.57024793388
chr1	204152827	204152948	RNA2035	121	22	1.536980016680538e-05	0.0	1.0	181818.18181818182
chr1	204153128	204153249	RNA2036	121	20	2.4988379982456492e-05	1.4697699953103438e-05	1.0	165289.2561983471
chr1	204216592	204216713	RNA2037	121	19	2.6302837029915496e-05	1.4697699953103438e-05	1.0	157024.79338842977
chr1	204500708	204500781	RNA2038	73	14	3.465649329622411e-05	1.4700499832542846e-05	1.0	191780.8219178082
chr1	204503019	204503092	RNA2039	73	19	1.0832236655818862e-05	0.0	1.0	260273.9726027397
chr1	204514214	204514287	RNA2040	73	8	0.0005162861117469165	0.0	1.0	109589.04109589041
chr1	204559272	204559345	RNA2041	73	18	1.878152210741913e-05	7.349050065386109e-06	1.0	246575.3424657534
chr1	204559467	204559540	RNA2042	73	22	0.031437107966873795	0.0	0.9545454545454546	301369.8630136986
chr1	204686744	204686817	RNA2043	73	13	2.487633831220769e-05	0.0	1.0	178082.19178082192
chr1	204686955	204687082	RNA2044	127	25	0.04000823200392915	0.0	0.96	196850.39370078742
chr1	204769128	204769267	RNA2045	139	32	0.054210923714663295	0.0	0.9375	230215.82733812951
chr1	205029331	205029545	RNA2046	214	36	0.02832708775349601	7.347749942709925e-06	0.9722222222222222	168224.29906542055
chr1	205139597	205139718	RNA2047	121	15	0.00025478693472298647	1.4705899957334624e-05	1.0	123966.94214876034
chr1	205501650	205501723	RNA2048	73	9	0.002303855505791336	0.0	1.0	123287.6712328767
chr1	205896829	205897043	RNA2049	214	40	7.793814213527818e-05	0.0	1.0	186915.8878504673
chr1	205910132	205910346	RNA2050	214	32	1.332288741195785e-05	0.0	1.0	149532.7102803738
chr1	205910315	205910529	RNA2051	214	47	0.04137350787562142	0.0	0.9574468085106383	219626.16822429906
chr1	206007204	206007418	RNA2052	214	35	0.00012390482656232988	0.0	1.0	163551.40186915887
chr1	206007347	206007561	RNA2053	214	45	9.243921639507112e-05	1.4699799976369832e-05	1.0	210280.3738317757
chr1	206102607	206102821	RNA2054	214	24	9.739134611663281e-05	7.347549853875535e-06	1.0	112149.53271028037
chr1	206104652	206104827	RNA2055	175	33	0.00020489096669100643	0.0	1.0	188571.42857142858
chr1	206613899	206613997	RNA2056	98	17	0.008337241882680445	1.47024002217222e-05	0.8823529411764706	173469.38775510204
chr1	206758582	206758699	RNA2057	117	31	2.5608251440464067e-05	1.4696400285174605e-05	1.0	264957.26495726494
chr1	207012880	207013055	RNA2058	175	43	0.04854343275433906	1.4696799553348685e-05	0.9302325581395349	245714.2857142857
chr1	207014200	207014414	RNA2059	214	51	0.019688042728732542	0.0	0.9607843137254902	238317.7570093458
chr1	207085023	207085198	RNA2060	175	37	4.4897448984746646e-05	1.4696400285174605e-05	1.0	211428.57142857145
chr1	207087791	207087966	RNA2061	175	36	0.013748290010122823	7.348849976551719e-06	0.9722222222222222	205714.2857142857
chr1	207101422	207101597	RNA2062	175	20	0.05000587928498135	0.0	0.95	114285.71428571428
chr1	207101718	207101900	RNA2063	182	24	4.04190871374002e-05	1.4696349808218656e-05	1.0	131868.13186813187
chr1	207102167	207102342	RNA2064	175	32	1.5623331279356146e-05	0.0	1.0	182857.14285714287
chr1	207231690	207231865	RNA2065	168	32	0.0422262341483588	0.0	0.9375	190476.19047619047
chr1	207316844	207316912	RNA2066	68	7	1.0499686011046703e-05	0.0	1.0	102941.17647058822
chr1	207490624	207490722	RNA2067	98	13	7.915323084699385e-06	0.0	1.0	132653.0612244898
chr1	207642383	207642481	RNA2068	98	18	0.02699229977108391	1.470005008741282e-05	0.9444444444444444	183673.46938775512
chr1	207642494	207642592	RNA2069	98	20	0.024501148461604307	1.4698749964736635e-05	0.95	204081.63265306124
chr1	207917535	207917633	RNA2070	98	25	1.9411163957555385e-05	1.4701099644298664e-05	1.0	255102.04081632654
chr1	207918319	207918390	RNA2071	71	15	0.06667352466683951	0.0	0.9333333333333333	211267.6056338028
chr1	207923380	207923478	RNA2072	98	26	0.0007412732936175451	1.4702450243930798e-05	1.0	265306.1224489796
chr1	207930331	207930429	RNA2073	98	19	4.177451625620067e-05	1.4697699953103438e-05	1.0	193877.55102040817
chr1	207991760	207991926	RNA2074	166	41	0.0009422516470694043	0.0	1.0	246987.9518072289
chr1	207994161	207994336	RNA2075	175	30	3.28240800627055e-05	1.469529979658546e-05	1.0	171428.57142857142
chr1	208337148	208337269	RNA2076	121	27	0.035364570267726464	1.4710200048284603e-05	0.9629629629629629	223140.4958677686
chr1	208339713	208339811	RNA2077	98	20	7.275294738064346e-05	1.469764993089484e-05	1.0	204081.63265306124
chr1	208348996	208349123	RNA2078	127	23	0.0019590807605313954	1.469590006308863e-05	1.0	181102.36220472443
chr1	208356222	208356361	RNA2079	139	21	0.00020377796071053005	1.4700700376124589e-05	1.0	151079.1366906475
chr1	209506890	209507017	RNA2080	127	29	0.07209792424494262	0.0	0.896551724137931	228346.4566929134
chr1	209509946	209510019	RNA2081	73	14	2.1003200280178888e-05	1.4698549875902245e-05	1.0	191780.8219178082
chr1	209575550	209575677	RNA2082	127	19	1.3153384172351492e-05	1.4698500308440998e-05	1.0	149606.29921259845
chr1	209575732	209575859	RNA2083	127	31	0.005593237415180941	0.0	0.967741935483871	244094.4881889764
chr1	209614086	209614213	RNA2084	127	27	0.03704792457392614	0.0	0.9629629629629629	212598.4251968504
chr1	209614709	209614836	RNA2085	127	22	3.4740476952381686e-05	1.4697050119139021e-05	1.0	173228.3464566929
chr1	209652565	209652704	RNA2086	139	27	0.0036410808437789483	0.0	0.9629629629629629	194244.60431654679
chr1	209657126	209657265	RNA2087	139	30	0.017581384953518863	0.0	0.9666666666666667	215827.3381294964
chr1	209657467	209657606	RNA2088	139	27	3.4835036819488946e-05	0.0	1.0	194244.60431654679
chr1	209657787	209657914	RNA2089	127	20	0.05004018687982352	1.4698100130772218e-05	0.9	157480.3149606299
chr1	209810813	209810952	RNA2090	139	16	3.2150012430060625e-05	1.4698300219606608e-05	1.0	115107.91366906476
chr1	209811123	209811262	RNA2091	139	22	0.0006401468025697622	0.0	1.0	158273.38129496403
chr1	209897693	209897832	RNA2092	139	30	0.0005521596228087803	0.0	1.0	215827.3381294964
chr1	210676333	210676472	RNA2093	139	24	5.940805901142297e-05	1.469744984206045e-05	1.0	172661.87050359714
chr1	210676459	210676576	RNA2094	117	24	1.5924491625204002e-05	0.0	1.0	205128.20512820513
chr1	210676546	210676760	RNA2095	214	41	0.0069292498794710795	0.0	0.975609756097561	191588.78504672897
chr1	210676628	210676755	RNA2096	127	21	2.8700489651998428e-05	0.0	1.0	165354.33070866144
chr1	211635399	211635516	RNA2097	117	23	0.039351022328762905	0.0	0.9130434782608695	196581.19658119656
chr1	211738257	211738432	RNA2098	175	40	0.00010143513293314345	0.0	1.0	228571.42857142855
chr1	211740273	211740390	RNA2099	108	0				0.0
chr1	211742944	211743061	RNA2100	117	0				0.0
chr1	212108195	212108312	RNA2101	117	14	7.349699899350526e-06	0.0	1.0	119658.11965811966
chr1	212109590	212109707	RNA2102	117	17	1.3836629531236694e-05	1.4698100130772218e-05	1.0	145299.1452991453
chr1	212111241	212111358	RNA2103	117	18	9.80135559479499e-06	0.0	1.0	153846.15384615384
chr1	212680750	212680848	RNA2104	98	20	0.008022353461274173	7.348599865508732e-06	0.95	204081.63265306124
chr1	212829263	212829380	RNA2105	117	27	9.314274023011051e-06	0.0	1.0	230769.23076923078
chr1	214600385	214600512	RNA2106	127	21	1.1899981083323447e-05	0.0	1.0	165354.33070866144
chr1	214778480	214778619	RNA2107	139	30	0.06671126491431398	1.4700900010211626e-05	0.9333333333333333	215827.3381294964
chr1	216449431	216449614	RNA2108	183	35	0.04207021761046365	1.4696400285174605e-05	0.9428571428571428	191256.8306010929
chr1	216496730	216496847	RNA2109	117	16	0.06250275740620737	0.0	0.9375	136752.13675213678
chr1	217881326	217881431	RNA2110	105	27	0.005621781455846319	0.0	0.9629629629629629	257142.85714285713
chr1	218686242	218686359	RNA2111	117	25	3.5285267804270186e-05	1.4698500308440998e-05	1.0	213675.21367521366
chr1	220053998	220054181	RNA2112	183	4	7.3573751251387876e-06	7.357250069617294e-06	1.0	21857.92349726776
chr1	220785004	220785187	RNA2113	183	21	2.3095990660026832e-05	1.469590006308863e-05	1.0	114754.09836065574
chr1	220785828	220786011	RNA2114	183	40	0.0016695712301952824	1.4697900041937828e-05	0.975	218579.2349726776
chr1	220786001	220786184	RNA2115	183	32	0.0015937419683496054	1.469569997425424e-05	0.96875	174863.38797814207
chr1	221149476	221149659	RNA2116	183	30	8.819623417366529e-06	0.0	1.0	163934.4262295082
chr1	221149497	221149680	RNA2117	183	34	9.078911823641701e-06	0.0	1.0	185792.34972677598
chr1	221149538	221149721	RNA2118	183	40	1.3596750159193395e-05	0.0	1.0	218579.2349726776
chr1	221700898	221701003	RNA2119	100	31	4.2405081096084944e-05	1.4986700080044102e-05	1.0	310000.0
chr1	221767232	221767415	RNA2120	183	26	1.4701365461615542e-05	7.348849976551719e-06	1.0	142076.50273224042
chr1	222607105	222607210	RNA2121	105	18	1.1433799904302254e-05	7.347749942709925e-06	1.0	171428.57142857142
chr1	222608113	222608218	RNA2122	105	17	0.010180332784383444	1.4702900443808176e-05	0.9411764705882353	161904.76190476192
chr1	222608818	222608935	RNA2123	117	14	0.07144326885704036	7.348399776674342e-06	0.9285714285714286	119658.11965811966
chr1	222613770	222613875	RNA2124	105	15	2.744916649437925e-05	0.0	1.0	142857.14285714284
chr1	222798693	222798798	RNA2125	105	19	0.00048289005903106924	0.0	1.0	180952.38095238095
chr1	222799892	222799997	RNA2126	105	17	0.0057273879685239715	0.0	0.9411764705882353	161904.76190476192
chr1	222808424	222808529	RNA2127	105	13	1.1308530772042173e-05	0.0	1.0	123809.52380952382
chr1	223012083	223012347	RNA2128	264	46	0.028824321865811166	1.469744984206045e-05	0.9565217391304348	174242.42424242425
chr1	223013268	223013529	RNA2129	261	46	0.009104242276466916	1.4694850051455433e-05	0.9565217391304348	176245.21072796933
chr1	223405001	223405118	RNA2130	117	14	7.355778572153733e-06	7.348599865508732e-06	1.0	119658.11965811966
chr1	223523134	223523251	RNA2131	117	27	5.336027051170023e-05	1.4699799976369832e-05	1.0	230769.23076923078
chr1	223527402	223527519	RNA2132	117	29	1.660081027787978e-05	0.0	1.0	247863.24786324787
chr1	223667254	223667371	RNA2133	117	26	0.007569945786494477	1.469744984206045e-05	0.9615384615384616	222222.22222222222
chr1	223668394	223668499	RNA2134	105	23	0.04533119506722078	1.4698500308440998e-05	0.9130434782608695	219047.61904761905
chr1	223670438	223670555	RNA2135	117	23	0.006635282379291939	0.0	0.9565217391304348	196581.19658119656
chr1	223850181	223850298	RNA2136	117	21	4.620348971955188e-05	0.0	1.0	179487.1794871795
chr1	224330666	224330779	RNA2137	113	19	2.011486862771886e-05	1.4698100130772218e-05	1.0	168141.59292035399
chr1	224751549	224751651	RNA2138	102	14	1.2598864616718077e-05	0.0	1.0	137254.90196078434
chr1	224757135	224757252	RNA2139	117	19	0.05813394488359336	0.0	0.8947368421052632	162393.1623931624
chr1	225772166	225772283	RNA2140	117	24	0.0015711360154000429	1.469590006308863e-05	1.0	205128.20512820513
chr1	225805504	225805687	RNA2141	183	31	0.014621919064138046	0.0	0.9354838709677419	169398.90710382513
chr1	226987949	226988210	RNA2142	261	66	0.0006322966722963783	1.4696599919261644e-05	1.0	252873.56321839083
chr1	226988126	226988390	RNA2143	260	67	1.914014914046877e-05	1.469590006308863e-05	1.0	257692.30769230766
chr1	227727731	227727836	RNA2144	105	24	2.021303339460925e-05	7.348599865508732e-06	1.0	228571.42857142855
chr1	227792584	227792845	RNA2145	261	67	0.014954338446176422	1.4696400285174605e-05	0.9850746268656716	256704.98084291187
chr1	227911280	227911541	RNA2146	261	57	0.02222998271509711	0.0	0.9473684210526315	218390.80459770115
chr1	227913584	227913848	RNA2147	264	43	0.02327358853493257	0.0	0.9767441860465116	162878.78787878787
chr1	227918378	227918639	RNA2148	261	56	0.00012619139269125673	1.4711950370838167e-05	1.0	214559.38697318008
chr1	227974590	227974851	RNA2149	261	3	0.33346310572960647	0.0003594539884943	0.6666666666666666	11494.252873563219
chr1	227974740	227975001	RNA2150	261	24	0.08345866393767665	1.5164800061029382e-05	0.9166666666666666	91954.02298850575
chr1	227992883	227993147	RNA2151	264	26	0.015491632842370632	1.4696999642183075e-05	0.9615384615384616	98484.84848484848
chr1	228001626	228001890	RNA2152	264	56	0.009423797323441766	1.4697199731017465e-05	0.9821428571428571	212121.21212121213
chr1	228064206	228064470	RNA2153	264	57	0.0016754784138085326	1.4704200111737007e-05	0.9824561403508771	215909.0909090909
chr1	228067354	228067615	RNA2154	261	49	1.9213499770706424e-05	1.4703299711982254e-05	1.0	187739.46360153257
chr1	228067929	228068193	RNA2155	0	0				
chr1	228160305	228160569	RNA2156	264	56	5.356472263428969e-05	1.4699199709866662e-05	1.0	212121.21212121213
chr1	228202825	228202938	RNA2157	105	24	1.1913508198328296e-05	1.474384998800815e-05	1.0	228571.42857142855
chr1	228381954	228382101	RNA2158	147	0				0.0
chr1	228434558	228434660	RNA2159	102	12	0.07408199361126815	1.4703300166729607e-05	0.9166666666666666	117647.05882352941
chr1	228662582	228662699	RNA2160	112	0				0.0
chr1	228971868	228972129	RNA2161	261	55	0.0011540542161541914	1.4700700376124589e-05	0.9818181818181818	210727.969348659
chr1	228980897	228981010	RNA2162	113	17	1.4699158836101721e-05	0.0	1.0	150442.47787610622
chr1	228980969	228981082	RNA2163	113	21	0.004314871455357032	0.0	0.9523809523809523	185840.70796460178
chr1	228988215	228988328	RNA2164	113	31	0.0661783552562948	1.4697199731017465e-05	0.9032258064516129	274336.2831858407
chr1	228994607	228994871	RNA2165	264	26	0.038487551273017465	1.470005008741282e-05	0.9615384615384616	98484.84848484848
chr1	229317539	229317652	RNA2166	113	21	0.009883011227083485	1.4698999621032272e-05	0.9523809523809523	185840.70796460178
chr1	229318042	229318155	RNA2167	113	11	0.07208740579310623	0.0	0.9090909090909091	97345.13274336283
chr1	229357153	229357255	RNA2168	102	12	6.133483187416764e-06	0.0	1.0	117647.05882352941
chr1	229416259	229416372	RNA2169	113	0				0.0
chr1	229428744	229428846	RNA2170	102	7	8.399228655824637e-06	1.4696400285174605e-05	1.0	68627.45098039217
chr1	229435846	229435948	RNA2171	102	15	0.13334313145345125	1.4696799553348685e-05	0.8666666666666667	147058.82352941178
chr1	229515699	229515801	RNA2172	102	11	1.3389300131000875e-05	1.471149971621344e-05	1.0	107843.13725490197
chr1	229516245	229516347	RNA2173	102	19	0.053059415178818424	1.4697199731017465e-05	0.9473684210526315	186274.50980392157
chr1	229577572	229577674	RNA2174	102	16	1.3782387497940363e-05	7.347950031544315e-06	1.0	156862.74509803922
chr1	229734172	229734289	RNA2175	117	25	9.997783963626717e-06	0.0	1.0	213675.21367521366
chr1	230282373	230282508	RNA2176	135	30	0.0019487659562704104	1.4698950053571025e-05	0.9666666666666667	222222.22222222222
chr1	230306757	230306870	RNA2177	113	36	0.053820293925607776	1.4705199646414258e-05	0.9444444444444444	318584.07079646015
chr1	230641829	230641931	RNA2178	102	26	7.348846128689519e-06	7.347749942709925e-06	1.0	254901.9607843137
chr1	230641872	230641989	RNA2179	117	31	9.01044513152409e-06	0.0	1.0	264957.26495726494
chr1	230642277	230642394	RNA2180	117	33	1.8264754654600064e-05	1.4698500308440998e-05	1.0	282051.28205128206
chr1	230642277	230642394	RNA2181	117	33	1.8264754654600064e-05	1.4698500308440998e-05	1.0	282051.28205128206
chr1	230812254	230812371	RNA2182	117	28	1.1048396377837308e-05	0.0	1.0	239316.2393162393
chr1	230818174	230818291	RNA2183	117	18	0.1039248925169684	0.0	0.8888888888888888	153846.15384615384
chr1	230901769	230901886	RNA2184	117	17	8.819886678632746e-05	1.469590006308863e-05	1.0	145299.1452991453
chr1	232092632	232092778	RNA2185	146	18	1.470166125727701e-05	7.348200142587302e-06	1.0	123287.6712328767
chr1	232097738	232097855	RNA2186	117	22	6.013109048746463e-06	0.0	1.0	188034.18803418803
chr1	232323713	232323860	RNA2187	147	19	0.005791951725672991	0.0	0.9473684210526315	129251.70068027212
chr1	232944506	232944767	RNA2188	261	51	0.04287540665272365	0.0	0.9411764705882353	195402.29885057473
chr1	232945737	232946001	RNA2189	264	51	0.015157214928448782	1.4696799553348685e-05	0.9803921568627451	193181.81818181818
chr1	233308629	233308776	RNA2190	147	0				0.0
chr1	233318206	233318353	RNA2191	147	43	2.051238402071406e-05	0.0	1.0	292517.00680272107
chr1	233327400	233327547	RNA2192	147	38	0.01334511032076223	1.4845849818811985e-05	0.9736842105263158	258503.40136054423
chr1	233391075	233391222	RNA2193	147	30	0.013741023314166035	0.0	0.9666666666666667	204081.63265306124
chr1	233401010	233401157	RNA2194	147	35	0.011106255816931865	0.0	0.9714285714285714	238095.23809523808
chr1	233486342	233486489	RNA2195	147	29	1.1659796561208827e-05	0.0	1.0	197278.91156462586
chr1	233892104	233892239	RNA2196	135	28	0.0012208274493202343	0.0	1.0	207407.4074074074
chr1	233897088	233897201	RNA2197	113	24	1.3471379209776971e-05	0.0	1.0	212389.38053097346
chr1	234493339	234493441	RNA2198	102	22	0.012690028648979597	1.4698999621032272e-05	0.9545454545454546	215686.27450980394
chr1	234506341	234506488	RNA2199	147	36	2.288215586708559e-05	0.0	1.0	244897.95918367346
chr1	235043882	235044017	RNA2200	135	27	0.0370915530172203	1.4713199561811052e-05	0.9629629629629629	200000.0
chr1	235128955	235129090	RNA2201	135	62	0.00526808503511875	1.469509970775107e-05	0.9838709677419355	459259.25925925927
chr1	235130995	235131130	RNA2202	135	37	1.7082275351980864e-05	0.0	1.0	274074.0740740741
chr1	235506037	235506172	RNA2203	135	26	0.0003533198769918406	1.472885014663916e-05	1.0	192592.59259259258
chr1	235507589	235507724	RNA2204	135	18	9.799883375510237e-06	0.0	1.0	133333.33333333334
chr1	235508665	235508800	RNA2205	135	23	0.015026968047965527	1.47024002217222e-05	0.9565217391304348	170370.37037037036
chr1	235522229	235522375	RNA2206	146	63	0.033701123947817935	0.0	0.9206349206349206	431506.8493150685
chr1	235660223	235660340	RNA2207	117	14	1.050213592991765e-05	0.0	1.0	119658.11965811966
chr1	235883839	235883934	RNA2208	95	20	1.3963359697299498e-05	0.0	1.0	210526.31578947368
chr1	236135404	236135539	RNA2209	135	22	0.04543055000794994	1.469744984206045e-05	0.9545454545454546	162962.96296296298
chr1	236509107	236509253	RNA2210	146	0				0.0
chr1	236509455	236509601	RNA2211	146	8	0.0001873890005299291	1.4699199709866662e-05	1.0	54794.520547945205
chr1	236514867	236515013	RNA2212	146	28	0.03620833304658584	1.4697199731017465e-05	0.9642857142857143	191780.8219178082
chr1	236606859	236607005	RNA2213	146	18	0.013995086548422674	0.0	0.9444444444444444	123287.6712328767
chr1	236623486	236623632	RNA2214	146	34	0.001104009187817119	1.469744984206045e-05	1.0	232876.7123287671
chr1	236635059	236635205	RNA2215	146	27	0.009812037853373989	1.4698500308440998e-05	0.9629629629629629	184931.50684931505
chr1	237855612	237855758	RNA2216	146	28	0.03572689307861765	1.4700449810334248e-05	0.9642857142857143	191780.8219178082
chr1	238061140	238061287	RNA2217	147	28	0.0017353147043195276	1.4699599887535442e-05	1.0	190476.19047619047
chr1	239956868	239956963	RNA2218	95	0				0.0
chr1	240013413	240013548	RNA2219	135	0				0.0
chr1	240638561	240638656	RNA2220	95	17	1.6431952644779813e-05	1.4698100130772218e-05	1.0	178947.36842105264
chr1	240761448	240761543	RNA2221	95	28	0.00261984688258312	1.4707400168845197e-05	1.0	294736.84210526315
chr1	240762304	240762399	RNA2222	95	32	0.03127893223177124	1.469509970775107e-05	0.96875	336842.10526315786
chr1	241492884	241492979	RNA2223	95	8	1.6548912753921105e-05	0.0	1.0	84210.52631578947
chr1	241493071	241493166	RNA2224	95	12	7.357633345842866e-06	7.349899988184916e-06	1.0	126315.78947368421
chr1	241493262	241493357	RNA2225	95	11	0.00014038611541102323	0.0	1.0	115789.47368421052
chr1	241522448	241522594	RNA2226	146	24	9.923842575668798e-05	0.0	1.0	164383.5616438356
chr1	242534650	242534741	RNA2227	91	20	3.821548953055277e-05	1.469744984206045e-05	1.0	219780.21978021978
chr1	242543585	242543680	RNA2228	95	21	0.0008406418813874077	0.0	1.0	221052.63157894736
chr1	243876149	243876244	RNA2229	95	21	0.00032990173570266644	1.470159986638464e-05	1.0	221052.63157894736
chr1	245748675	245748770	RNA2230	95	17	3.112562861882304e-05	1.4696799553348685e-05	1.0	178947.36842105264
chr1	245749033	245749124	RNA2231	91	18	2.4500322019269478e-05	1.4696549897053046e-05	1.0	197802.1978021978
chr1	246931985	246932076	RNA2232	91	28	1.3650264528607913e-05	0.0	1.0	307692.3076923077
chr1	246944793	246944884	RNA2233	91	23	0.0007169198456524627	1.4928499695088249e-05	1.0	252747.25274725273
chr1	246945327	246945418	RNA2234	91	15	1.0939966462804781e-05	0.0	1.0	164835.16483516482
chr1	246945450	246945545	RNA2235	95	19	0.06949703973589891	0.0	0.8947368421052632	200000.0
chr1	248755806	248755897	RNA2236	91	0				0.0
chr1	248756527	248756618	RNA2237	91	0				0.0
chr1	248760830	248760925	RNA2238	95	0				0.0
chr1	248761464	248761555	RNA2239	91	0				0.0
chr1	248761843	248761934	RNA2240	91	0				0.0
chr1	248826085	248826180	RNA2241	95	21	9.807452529672756e-06	0.0	1.0	221052.63157894736
chr1	248834056	248834151	RNA2242	95	9	0.02041697802350326	0.0	0.8888888888888888	94736.84210526316
chr1	248870099	248870194	RNA2243	95	24	0.0019530860362237902	0.0	1.0	252631.57894736843
chr1	248871413	248871508	RNA2244	95	42	0.07143788402685285	1.4701749933010433e-05	0.9285714285714286	442105.2631578947
chr1	248940454	248940549	RNA2245	95	0				0.0
chr10	28320	28460	RNA2246	140	0				0.0
chr10	39046	39186	RNA2247	0	0				
chr10	39409	39549	RNA2248	59	0				0.0
chr10	805599	805701	RNA2249	102	25	0.00010116592096891666	1.4698500308440998e-05	1.0	245098.03921568627
chr10	805813	805915	RNA2250	102	21	1.3304847362589845e-05	0.0	1.0	205882.35294117645
chr10	805889	805991	RNA2251	102	26	1.8664649780056116e-05	1.4701749933010433e-05	1.0	254901.9607843137
chr10	1049191	1049293	RNA2252	102	34	0.00045087093274238607	1.469569997425424e-05	1.0	333333.3333333333
chr10	1049194	1049296	RNA2253	102	35	0.0004379889060926036	1.4694200217491016e-05	1.0	343137.2549019608
chr10	1049303	1049405	RNA2254	102	39	0.051410951183243014	1.470460028940579e-05	0.9487179487179487	382352.94117647054
chr10	1962947	1963049	RNA2255	102	25	8.346921014890048e-05	0.0	1.0	245098.03921568627
chr10	6009366	6009468	RNA2256	102	25	8.233136031776667e-06	0.0	1.0	245098.03921568627
chr10	7416115	7416181	RNA2257	66	12	0.0037972325586300274	0.0	1.0	181818.18181818182
chr10	9923023	9923104	RNA2258	81	15	4.901071236720536e-05	1.469590006308863e-05	1.0	185185.18518518517
chr10	11344818	11344884	RNA2259	66	27	2.5040129643181333e-05	0.0	1.0	409090.9090909091
chr10	11819321	11819387	RNA2260	66	21	1.2603295025266042e-05	0.0	1.0	318181.8181818182
chr10	11819397	11819463	RNA2261	66	23	5.11300646078001e-05	1.470200004405342e-05	1.0	348484.8484848485
chr10	11821168	11821234	RNA2262	66	17	2.0750123332938388e-05	0.0	1.0	257575.75757575757
chr10	12251087	12251153	RNA2263	66	15	0.06660884975978358	0.0	0.9333333333333333	227272.72727272726
chr10	12252325	12252391	RNA2264	66	14	7.981020059690074e-05	1.4700950032420224e-05	1.0	212121.21212121213
chr10	12272126	12272192	RNA2265	66	14	1.0588321466847056e-05	0.0	1.0	212121.21212121213
chr10	13212576	13212642	RNA2266	66	20	1.8378959839537857e-05	1.470159986638464e-05	1.0	303030.30303030304
chr10	13586666	13586747	RNA2267	81	13	0.0769422967158999	1.4696400285174605e-05	0.9230769230769231	160493.82716049382
chr10	14775308	14775389	RNA2268	81	21	0.012349195979368219	1.470159986638464e-05	0.9523809523809523	259259.25925925924
chr10	14798482	14798563	RNA2269	81	21	0.005859767304779477	0.0	0.9523809523809523	259259.25925925924
chr10	14805751	14805832	RNA2270	81	23	1.0225352130161797e-05	0.0	1.0	283950.6172839506
chr10	14954796	14954877	RNA2271	81	14	7.350378447361956e-06	0.0	1.0	172839.5061728395
chr10	14955496	14955577	RNA2272	81	19	1.1609973721772948e-05	0.0	1.0	234567.9012345679
chr10	14955922	14956003	RNA2273	81	20	5.217569132582479e-05	1.4697199731017465e-05	1.0	246913.58024691357
chr10	15726353	15726419	RNA2274	66	13	0.07612277640523993	1.4696400285174605e-05	0.9230769230769231	196969.69696969696
chr10	15735719	15735800	RNA2275	81	19	0.00067644103106239	1.470159986638464e-05	1.0	234567.9012345679
chr10	19797879	19797960	RNA2276	81	16	1.8377462538410327e-05	1.4703950000694022e-05	1.0	197530.86419753084
chr10	32150758	32150930	RNA2277	172	30	0.019888384345843703	1.4696599919261644e-05	0.9333333333333333	174418.6046511628
chr10	36121993	36122165	RNA2278	172	30	0.00010386549259540449	0.0	1.0	174418.6046511628
chr10	36791317	36791489	RNA2279	172	35	0.0057802665147911655	1.4705899957334624e-05	0.9428571428571428	203488.37209302327
chr10	36794140	36794312	RNA2280	172	33	0.04856412318578364	1.4697699953103438e-05	0.9393939393939394	191860.46511627908
chr10	36795353	36795525	RNA2281	172	26	0.0032453570086615332	0.0	0.9615384615384616	151162.7906976744
chr10	37755181	37755353	RNA2282	172	0				0.0
chr10	37755507	37755679	RNA2283	172	0				0.0
chr10	37757407	37757579	RNA2284	172	0				0.0
chr10	38092677	38092849	RNA2285	172	0				0.0
chr10	41395546	41395639	RNA2286	0	0				
chr10	42186800	42186972	RNA2287	172	0				0.0
chr10	42370436	42370577	RNA2288	141	0				0.0
chr10	45251573	45251804	RNA2289	231	0				0.0
chr10	45319065	45319205	RNA2290	140	16	1.6535887539247554e-05	7.347749942709925e-06	1.0	114285.71428571428
chr10	45324950	45325090	RNA2291	140	39	0.0005983104407884307	1.4699399798701052e-05	1.0	278571.4285714286
chr10	45364985	45365078	RNA2292	93	0				0.0
chr10	45453723	45453863	RNA2293	140	31	0.0021506016847495386	0.0	0.967741935483871	221428.57142857142
chr10	46280752	46280845	RNA2294	93	0				0.0
chr10	46331236	46331376	RNA2295	140	0				0.0
chr10	46335015	46335156	RNA2296	129	0				0.0
chr10	46366626	46366719	RNA2297	93	0				0.0
chr10	46368295	46368388	RNA2298	93	24	1.0434129118645311e-05	7.3512001108611e-06	1.0	258064.51612903224
chr10	46537992	46538085	RNA2299	93	30	0.03621533445260259	0.0	0.9333333333333333	322580.6451612903
chr10	46538425	46538518	RNA2300	93	29	0.034496439334267555	1.469329981773626e-05	0.9655172413793104	311827.9569892473
chr10	46538704	46538797	RNA2301	93	30	0.03341960599124528	1.469329981773626e-05	0.9666666666666667	322580.6451612903
chr10	47246026	47246167	RNA2302	141	29	1.4192855125091709e-05	0.0	1.0	205673.7588652482
chr10	47336393	47336534	RNA2303	141	42	2.5548707115025872e-05	1.4697699953103438e-05	1.0	297872.3404255319
chr10	47339358	47339499	RNA2304	141	35	0.0020199808285334612	0.0	0.9714285714285714	248226.95035460993
chr10	47359059	47359200	RNA2305	141	27	1.687366622920196e-05	0.0	1.0	191489.36170212764
chr10	47364057	47364198	RNA2306	141	19	0.0004440243043829513	1.4696799553348685e-05	1.0	134751.7730496454
chr10	47387053	47387146	RNA2307	93	18	3.103184387024479e-05	1.469724975322606e-05	1.0	193548.38709677418
chr10	47451687	47451828	RNA2308	141	0				0.0
chr10	48298455	48298596	RNA2309	141	27	1.850633718815743e-05	1.4694600395159796e-05	1.0	191489.36170212764
chr10	49154544	49154608	RNA2310	64	16	0.00034078435072615093	1.4696150174131617e-05	1.0	250000.0
chr10	49205920	49206151	RNA2311	231	44	0.008232534697857436	1.4698549875902245e-05	0.9772727272727273	190476.19047619047
chr10	50145064	50145295	RNA2312	231	0				0.0
chr10	50166520	50166751	RNA2313	229	30	9.472513180904279e-05	1.5447650184796657e-05	1.0	131004.36681222708
chr10	50166842	50167073	RNA2314	231	35	0.057579814616344385	1.4702900443808176e-05	0.9142857142857143	151515.15151515152
chr10	50281896	50282127	RNA2315	231	39	6.974707927535254e-05	0.0	1.0	168831.16883116882
chr10	50291300	50291531	RNA2316	231	36	2.0416569441292136e-05	7.348849976551719e-06	1.0	155844.15584415584
chr10	50304903	50305134	RNA2317	231	49	1.9804748968005422e-05	0.0	1.0	212121.21212121213
chr10	50305149	50305289	RNA2318	140	21	2.5908247456146235e-05	1.4699799976369832e-05	1.0	150000.0
chr10	50981229	50981322	RNA2319	93	10	1.9122829507978166e-05	7.355300112976692e-06	1.0	107526.88172043012
chr10	50983914	50984055	RNA2320	141	22	0.000561644359880691	1.4699200164614012e-05	1.0	156028.36879432623
chr10	50987892	50988123	RNA2321	231	45	0.01030689332595405	0.0	0.9555555555555556	194805.19480519483
chr10	52862631	52862695	RNA2322	64	12	6.125716708993423e-06	0.0	1.0	187500.0
chr10	53499054	53499118	RNA2323	64	23	0.04350063518695211	1.47024002217222e-05	0.9565217391304348	359375.0
chr10	53499064	53499295	RNA2324	231	82	0.06102403437082502	1.469984999857843e-05	0.9390243902439024	354978.354978355
chr10	53499360	53499424	RNA2325	64	26	7.009937298089592e-05	1.46955003401672e-05	1.0	406250.0
chr10	53499417	53499481	RNA2326	64	17	1.3834088135540287e-05	0.0	1.0	265625.0
chr10	55633010	55633074	RNA2327	64	13	0.10465431199253754	1.4699799976369832e-05	0.8461538461538461	203125.0
chr10	55634210	55634307	RNA2328	97	16	0.06250827494261557	7.349699899350526e-06	0.9375	164948.45360824742
chr10	55637234	55637298	RNA2329	64	14	1.2602357401192421e-05	0.0	1.0	218750.0
chr10	55638169	55638233	RNA2330	64	14	8.40533571785532e-06	0.0	1.0	218750.0
chr10	55672394	55672458	RNA2331	64	10	1.0298349934600992e-05	1.4709949937241618e-05	1.0	156250.0
chr10	59074172	59074269	RNA2332	97	23	2.3009134961083944e-05	0.0	1.0	237113.40206185565
chr10	59786817	59786881	RNA2333	64	11	0.007814139911136973	1.4698500308440998e-05	0.9090909090909091	171875.0
chr10	59934566	59934663	RNA2334	97	13	7.801335183243069e-05	0.0	1.0	134020.61855670103
chr10	59969149	59969246	RNA2335	97	23	3.835186955415259e-06	0.0	1.0	237113.40206185565
chr10	59973646	59973743	RNA2336	97	17	1.993642950658207e-05	1.470460028940579e-05	1.0	175257.7319587629
chr10	60749477	60749574	RNA2337	97	17	0.008962781785746346	1.4701099644298664e-05	0.9411764705882353	175257.7319587629
chr10	60767318	60767415	RNA2338	97	22	6.548766429080268e-05	7.348200142587302e-06	1.0	226804.12371134022
chr10	60768413	60768510	RNA2339	97	18	1.715356079835541e-05	0.0	1.0	185567.01030927835
chr10	60856414	60856511	RNA2340	97	28	3.464247973689501e-05	0.0	1.0	288659.793814433
chr10	62811054	62811192	RNA2341	138	15	0.0015864108937118221	1.4696400285174605e-05	1.0	108695.65217391304
chr10	64702746	64702875	RNA2342	129	32	0.03128681182781178	0.0	0.96875	248062.01550387597
chr10	64711097	64711170	RNA2343	71	16	1.1811906347247714e-05	7.349499810516136e-06	1.0	225352.11267605633
chr10	65168117	65168231	RNA2344	114	21	9.098828654497906e-06	0.0	1.0	184210.52631578947
chr10	65382253	65382350	RNA2345	97	19	1.6251526319951825e-05	0.0	1.0	195876.28865979382
chr10	65910907	65911045	RNA2346	138	34	0.02988821317215779	0.0	0.9705882352941176	246376.8115942029
chr10	67767730	67767806	RNA2347	76	12	0.00038217515043469856	1.4700699921377236e-05	1.0	157894.73684210525
chr10	67784137	67784275	RNA2348	138	23	0.02977635760480948	0.0	0.9565217391304348	166666.66666666666
chr10	67792001	67792074	RNA2349	73	10	1.0289970123267268e-05	0.0	1.0	136986.301369863
chr10	67793379	67793517	RNA2350	138	25	1.5286327798094135e-05	1.4696400285174605e-05	1.0	181159.42028985507
chr10	67794463	67794601	RNA2351	135	32	0.002458049737612095	1.4719100363436155e-05	0.96875	237037.03703703705
chr10	67840087	67840225	RNA2352	138	26	2.2051238759626456e-05	1.4698749964736635e-05	1.0	188405.79710144928
chr10	67846371	67846509	RNA2353	138	21	1.3302633522555339e-05	0.0	1.0	152173.91304347827
chr10	67920502	67920640	RNA2354	138	32	1.5623625046143894e-05	0.0	1.0	231884.0579710145
chr10	68530900	68531023	RNA2355	123	23	7.349151090475817e-05	0.0	1.0	186991.86991869917
chr10	68538695	68538768	RNA2356	73	16	1.7452368410882955e-05	0.0	1.0	219178.08219178082
chr10	68697371	68697500	RNA2357	129	20	0.0005432984261005865	1.4696999642183075e-05	1.0	155038.75968992247
chr10	68820834	68820972	RNA2358	138	25	8.559820933441931e-05	0.0	1.0	181159.42028985507
chr10	69110532	69110646	RNA2359	114	15	0.05492308100207689	1.4696799553348685e-05	0.8666666666666667	131578.94736842104
chr10	69403666	69403739	RNA2360	73	15	0.00028720678128592005	0.0	1.0	205479.4520547945
chr10	69436632	69436705	RNA2361	73	13	2.9393938628064797e-05	1.469509970775107e-05	1.0	178082.19178082192
chr10	69440247	69440320	RNA2362	73	13	4.636136082598451e-05	1.469590006308863e-05	1.0	178082.19178082192
chr10	69508108	69508181	RNA2363	73	18	2.042004977434844e-05	0.0	1.0	246575.3424657534
chr10	69509895	69510024	RNA2364	129	25	0.0006927179248305034	1.4696400285174605e-05	1.0	193798.4496124031
chr10	69510083	69510156	RNA2365	73	11	0.09074869616192288	1.469549988541985e-05	0.9090909090909091	150684.9315068493
chr10	69596560	69596633	RNA2366	73	8	1.2862675021096948e-05	7.348849976551719e-06	1.0	109589.04109589041
chr10	69620666	69620795	RNA2367	129	36	0.02874424383902705	1.4696599919261644e-05	0.9722222222222222	279069.76744186046
chr10	69629008	69629137	RNA2368	129	25	0.02514897674936946	1.4697699953103438e-05	0.92	193798.4496124031
chr10	69636499	69636628	RNA2369	129	24	0.05547016698831916	1.4697199731017465e-05	0.9166666666666666	186046.51162790696
chr10	69648883	69649012	RNA2370	129	19	3.0940867729531145e-05	1.4696799553348685e-05	1.0	147286.82170542638
chr10	69750014	69750143	RNA2371	129	29	0.001966408640986749	1.4698100130772218e-05	0.9655172413793104	224806.2015503876
chr10	69973028	69973142	RNA2372	114	18	0.0011046491910443922	7.347749942709925e-06	1.0	157894.73684210525
chr10	69973475	69973589	RNA2373	114	26	0.002570244071893492	1.469744984206045e-05	0.9615384615384616	228070.1754385965
chr10	69984467	69984581	RNA2374	114	20	0.1500102916551896	0.0	0.85	175438.59649122806
chr10	70429180	70429256	RNA2375	76	15	0.0666686268466947	0.0	0.9333333333333333	197368.42105263157
chr10	70430291	70430405	RNA2376	114	11	7.749047323489842e-05	0.0	1.0	96491.22807017544
chr10	70430807	70430921	RNA2377	114	24	0.022822338591481636	1.4696400285174605e-05	0.9166666666666666	210526.31578947368
chr10	70430953	70431067	RNA2378	114	27	0.002253029999977754	0.0	0.9629629629629629	236842.1052631579
chr10	70477809	70477882	RNA2379	73	18	2.5349005732594386e-05	1.4700950032420224e-05	1.0	246575.3424657534
chr10	70671307	70671436	RNA2380	129	24	6.125107127748652e-05	1.4698549875902245e-05	1.0	186046.51162790696
chr10	71134248	71134362	RNA2381	114	18	1.38825221761686e-05	1.469764993089484e-05	1.0	157894.73684210525
chr10	71211538	71211611	RNA2382	73	15	1.3718920066215408e-05	0.0	1.0	205479.4520547945
chr10	71315881	71315957	RNA2383	76	15	0.00434650198579523	1.469590006308863e-05	0.9333333333333333	197368.42105263157
chr10	71396744	71396820	RNA2384	74	1	1.4985300367698072e-05	1.4985300367698072e-05	1.0	13513.513513513515
chr10	71396805	71396881	RNA2385	71	15	0.011939665156872553	0.0	0.9333333333333333	211267.6056338028
chr10	71816074	71816150	RNA2386	76	13	0.07694116898451633	1.4699399798701052e-05	0.9230769230769231	171052.63157894736
chr10	71816087	71816163	RNA2387	76	17	0.08636091545352376	1.4700300198455809e-05	0.8823529411764706	223684.2105263158
chr10	71816147	71816223	RNA2388	76	12	0.03899659598429631	1.469590006308863e-05	0.9166666666666666	157894.73684210525
chr10	72089837	72089910	RNA2389	73	21	0.019045083702881774	1.4697199731017465e-05	0.9523809523809523	287671.23287671234
chr10	72090043	72090116	RNA2390	73	14	2.520237174913797e-05	7.349899988184916e-06	1.0	191780.8219178082
chr10	72091278	72091351	RNA2391	73	7	2.0999714251956902e-06	0.0	1.0	95890.4109589041
chr10	72323575	72323648	RNA2392	73	15	4.0185446535655907e-05	1.47024002217222e-05	1.0	205479.4520547945
chr10	72323617	72323690	RNA2393	73	16	0.022878184353373843	0.0	0.9375	219178.08219178082
chr10	72328265	72328338	RNA2394	73	25	0.00011937583934922511	0.0	1.0	342465.7534246575
chr10	72366703	72366826	RNA2395	123	17	1.2977405704610353e-05	0.0	1.0	138211.38211382114
chr10	72651809	72651885	RNA2396	76	13	7.916292256245819e-06	0.0	1.0	171052.63157894736
chr10	72679604	72679742	RNA2397	138	0				0.0
chr10	73109826	73109899	RNA2398	73	17	0.003808683417339438	1.4700300198455809e-05	0.9411764705882353	232876.7123287671
chr10	73414668	73414791	RNA2399	123	23	0.04369559783457509	0.0	0.9565217391304348	186991.86991869917
chr10	73434083	73434206	RNA2400	123	22	1.0693236163206166e-05	0.0	1.0	178861.78861788617
chr10	73435402	73435525	RNA2401	123	20	0.04979347560324641	7.347300197579898e-06	0.95	162601.62601626015
chr10	73641505	73641628	RNA2402	123	28	0.03573266143939691	1.4698300219606608e-05	0.9642857142857143	227642.2764227642
chr10	73641561	73641684	RNA2403	123	28	0.03572583686081998	7.347300197579898e-06	0.9642857142857143	227642.2764227642
chr10	73641580	73641703	RNA2404	123	26	0.03846775775001823	0.0	0.9615384615384616	211382.11382113822
chr10	74151001	74151074	RNA2405	73	18	1.715742261391054e-05	0.0	1.0	246575.3424657534
chr10	74151036	74151165	RNA2406	129	35	0.02859621868324861	0.0	0.9714285714285714	271317.82945736434
chr10	74724935	74725058	RNA2407	122	31	0.03242030707432633	1.4704200111737007e-05	0.967741935483871	254098.36065573772
chr10	74784889	74785003	RNA2408	114	16	2.2969225028645223e-05	1.470025017624721e-05	1.0	140350.87719298244
chr10	75423113	75423189	RNA2409	76	10	2.6473579964648296e-05	0.0	1.0	131578.94736842104
chr10	76868598	76868671	RNA2410	73	12	7.3499916197761195e-06	0.0	1.0	164383.5616438356
chr10	77720697	77720820	RNA2411	123	21	6.724690419580598e-05	1.4743200154043734e-05	1.0	170731.7073170732
chr10	81681329	81681461	RNA2412	132	19	1.1604784097136489e-05	1.469549988541985e-05	1.0	143939.39393939395
chr10	82987538	82987767	RNA2413	229	42	0.00024130594272805763	1.4703699889651034e-05	1.0	183406.11353711793
chr10	83498575	83498716	RNA2414	141	22	0.014895254336889503	1.469764993089484e-05	0.9545454545454546	156028.36879432623
chr10	84703285	84703370	RNA2415	85	19	0.05272363345892173	1.4696400285174605e-05	0.9473684210526315	223529.4117647059
chr10	85534822	85534954	RNA2416	132	20	8.836830011205165e-06	0.0	1.0	151515.15151515152
chr10	86367702	86367931	RNA2417	229	54	6.152373921226776e-05	7.347950031544315e-06	1.0	235807.86026200873
chr10	86566750	86566882	RNA2418	132	26	0.003045270343206466	7.348200142587302e-06	0.9615384615384616	196969.69696969696
chr10	86639149	86639281	RNA2419	132	31	8.55871284358962e-06	0.0	1.0	234848.48484848486
chr10	86643004	86643136	RNA2420	132	18	2.1231688555818276e-05	1.4698549875902245e-05	1.0	136363.63636363635
chr10	86933102	86933331	RNA2421	229	46	1.2464323904365431e-05	1.4697699953103438e-05	1.0	200873.36244541485
chr10	86933470	86933699	RNA2422	229	43	6.84208576193446e-05	1.470460028940579e-05	1.0	187772.92576419213
chr10	86933475	86933607	RNA2423	132	27	9.099795119658037e-05	1.4713199561811052e-05	1.0	204545.45454545456
chr10	86933489	86933621	RNA2424	132	26	8.484029953810913e-05	1.4705250123370206e-05	1.0	196969.69696969696
chr10	86933554	86933686	RNA2425	132	26	9.783944166813393e-05	1.4703300166729605e-05	1.0	196969.69696969696
chr10	86935275	86935504	RNA2426	229	54	0.018539207055827886	1.4697199731017465e-05	0.9814814814814815	235807.86026200873
chr10	87371452	87371681	RNA2427	229	0				0.0
chr10	87372613	87372842	RNA2428	229	0				0.0
chr10	87373302	87373531	RNA2429	229	0				0.0
chr10	87374025	87374166	RNA2430	141	0				0.0
chr10	87578993	87579125	RNA2431	132	23	1.789403501353935e-05	1.4697199731017465e-05	1.0	174242.42424242425
chr10	87974592	87974821	RNA2432	229	29	1.470122070117966e-05	1.4697199731017465e-05	1.0	126637.55458515283
chr10	88002481	88002622	RNA2433	141	27	9.799492478055913e-06	0.0	1.0	191489.36170212764
chr10	88004214	88004355	RNA2434	141	27	0.03705173566309154	0.0	0.9629629629629629	191489.36170212764
chr10	88008353	88008494	RNA2435	141	23	1.982153464822382e-05	1.4699399798701052e-05	1.0	163120.56737588655
chr10	89109607	89109748	RNA2436	141	23	0.05333248062668091	1.4699799976369832e-05	0.9130434782608695	163120.56737588655
chr10	89110270	89110411	RNA2437	141	24	1.7150612582855684e-05	1.470005008741282e-05	1.0	170212.7659574468
chr10	89110919	89111004	RNA2438	85	14	1.0500685740615673e-05	7.349250154220499e-06	1.0	164705.88235294117
chr10	89111867	89112008	RNA2439	141	18	5.892622296717122e-05	1.4742349776497576e-05	1.0	127659.57446808509
chr10	89426571	89426703	RNA2440	132	27	1.8513629550364043e-05	1.4699799976369832e-05	1.0	204545.45454545456
chr10	89426710	89426851	RNA2441	141	27	2.7761999667237892e-05	0.0	1.0	191489.36170212764
chr10	89428349	89428434	RNA2442	85	18	2.1233683128228896e-05	1.4701349755341653e-05	1.0	211764.70588235295
chr10	89428499	89428584	RNA2443	85	17	1.0376170554509907e-05	1.4699399798701052e-05	1.0	200000.0
chr10	89429157	89429242	RNA2444	85	12	5.391450789222191e-05	2.9404850010905648e-05	1.0	141176.4705882353
chr10	91755228	91755313	RNA2445	85	15	1.672633989073152e-05	1.4739700418431312e-05	1.0	176470.58823529413
chr10	91755520	91755605	RNA2446	85	22	3.1127745676876395e-05	7.350150099227904e-06	1.0	258823.52941176473
chr10	91755558	91755641	RNA2447	83	10	2.058513000520179e-05	7.350150099227904e-06	1.0	120481.92771084337
chr10	91755741	91755826	RNA2448	85	18	2.7768671770899008e-05	1.4698299764859257e-05	1.0	211764.70588235295
chr10	91755799	91756008	RNA2449	209	25	0.0003810417599015574	0.0	1.0	119617.22488038277
chr10	91756166	91756314	RNA2450	148	26	0.0032744769697064086	0.0	0.9615384615384616	175675.67567567568
chr10	91756372	91756457	RNA2451	85	13	2.3747523300695723e-05	1.4699399798701052e-05	1.0	152941.17647058825
chr10	91769200	91769429	RNA2452	229	38	0.016080506547232764	1.4698100130772218e-05	0.9736842105263158	165938.86462882097
chr10	92655969	92656051	RNA2453	82	14	1.0521492835583299e-05	0.0	1.0	170731.7073170732
chr10	92656505	92656635	RNA2454	130	25	0.003190917799656743	1.4697199731017465e-05	0.96	192307.6923076923
chr10	92656745	92656809	RNA2455	64	15	0.050718143796499734	1.4698100130772218e-05	0.9333333333333333	234375.0
chr10	93564873	93565014	RNA2456	141	23	0.0009043746900399163	1.4699399798701052e-05	1.0	163120.56737588655
chr10	93708083	93708231	RNA2457	148	34	0.0161156160692746	1.4699399798701052e-05	0.9705882352941176	229729.72972972973
chr10	94333068	94333151	RNA2458	83	17	0.0034191446216295016	1.470200004405342e-05	0.9411764705882353	204819.27710843371
chr10	94370365	94370574	RNA2459	209	42	1.54008002504074e-05	0.0	1.0	200956.93779904305
chr10	94623065	94623213	RNA2460	148	24	1.2250724883718552e-05	0.0	1.0	162162.16216216216
chr10	94660522	94660703	RNA2461	181	0				0.0
chr10	94676685	94676894	RNA2462	209	49	1.5299328600917503e-05	0.0	1.0	234449.76076555025
chr10	94677804	94677952	RNA2463	148	26	0.00013910616574391044	0.0	1.0	175675.67567567568
chr10	94679136	94679221	RNA2464	85	16	1.747868145684146e-05	0.0	1.0	188235.29411764705
chr10	94680866	94681075	RNA2465	209	39	2.5258975093048932e-05	1.4701099644298664e-05	1.0	186602.87081339714
chr10	94681791	94681939	RNA2466	148	23	0.06653599791491654	1.4697699953103438e-05	0.9130434782608695	155405.4054054054
chr10	94683348	94683557	RNA2467	209	34	0.00018206530499167875	1.4700699921377236e-05	1.0	162679.42583732057
chr10	95231199	95231347	RNA2468	148	33	1.2024406080880072e-05	0.0	1.0	222972.97297297296
chr10	95231218	95231366	RNA2469	148	34	0.011465989795798283	0.0	0.9705882352941176	229729.72972972973
chr10	95231296	95231379	RNA2470	83	21	0.01855418548859147	0.0	0.9523809523809523	253012.04819277106
chr10	95231320	95231441	RNA2471	121	26	0.05345552559849519	1.4695749996462837e-05	0.9230769230769231	214876.03305785125
chr10	95231320	95231529	RNA2472	209	43	0.032324680099114884	0.0	0.9534883720930233	205741.62679425837
chr10	95231352	95231435	RNA2473	83	16	0.08686247320378016	1.4696599919261644e-05	0.875	192771.0843373494
chr10	95231368	95231516	RNA2474	148	27	0.037049012925982186	1.4694200217491016e-05	0.9629629629629629	182432.43243243243
chr10	95233650	95233859	RNA2475	209	32	1.5617087342434388e-05	1.469744984206045e-05	1.0	153110.04784688994
chr10	95234876	95234959	RNA2476	83	13	0.076876640030465	1.4698100130772218e-05	0.9230769230769231	156626.5060240964
chr10	95235614	95235691	RNA2477	77	10	8.132496850521161e-05	0.0	1.0	129870.12987012985
chr10	95303646	95303729	RNA2478	83	22	1.7370450388458643e-05	0.0	1.0	265060.24096385547
chr10	95305686	95305769	RNA2479	83	16	0.0625036741936924	1.4697699953103438e-05	0.9375	192771.0843373494
chr10	95307027	95307236	RNA2480	209	43	0.002298230825418126	0.0	1.0	205741.62679425837
chr10	95311476	95311559	RNA2481	83	17	0.05883909498847701	1.469590006308863e-05	0.9411764705882353	204819.27710843371
chr10	95711323	95711471	RNA2482	148	26	0.0002837959823759394	0.0	1.0	175675.67567567568
chr10	95711445	95711509	RNA2483	64	10	3.528163078953959e-05	7.348849976551719e-06	1.0	156250.0
chr10	96272214	96272423	RNA2484	209	35	4.535042459922434e-05	1.4696799553348685e-05	1.0	167464.1148325359
chr10	96291613	96291696	RNA2485	83	0				0.0
chr10	96362112	96362194	RNA2486	82	10	1.6172269806702388e-05	0.0	1.0	121951.21951219512
chr10	96721811	96721941	RNA2487	130	7	1.8901585592954818e-05	1.4702900443808176e-05	1.0	53846.15384615385
chr10	96722109	96722173	RNA2488	56	0				0.0
chr10	96723895	96724018	RNA2489	123	22	0.022335860008545497	0.0	0.9545454545454546	178861.78861788617
chr10	96828596	96828660	RNA2490	64	22	0.00010596779797692642	1.4727149846294196e-05	1.0	343750.0
chr10	96829582	96829646	RNA2491	64	15	2.1555066753833258e-05	1.469549988541985e-05	1.0	234375.0
chr10	97292938	97293002	RNA2492	64	0				0.0
chr10	97292973	97293055	RNA2493	82	0				0.0
chr10	97294579	97294643	RNA2494	64	13	0.04563297375597567	1.470159986638464e-05	0.9230769230769231	203125.0
chr10	97294947	97295011	RNA2495	64	12	4.532466603752557e-05	0.0	1.0	187500.0
chr10	97343892	97344022	RNA2496	130	19	4.975266888083297e-05	1.4707999980601016e-05	1.0	146153.84615384616
chr10	97344665	97344795	RNA2497	130	18	0.01767170040501595	7.349250154220499e-06	0.9444444444444444	138461.53846153847
chr10	97345919	97346001	RNA2498	82	15	9.800346560950857e-06	0.0	1.0	182926.82926829267
chr10	97348665	97348795	RNA2499	18	0				0.0
chr10	97351056	97351138	RNA2500	82	25	0.042626338115733235	0.0	0.92	304878.0487804878
chr10	97676503	97676633	RNA2501	130	21	0.028636436110640977	0.0	0.9523809523809523	161538.46153846156
chr10	97676528	97676610	RNA2502	82	15	0.04008807007485302	0.0	0.9333333333333333	182926.82926829267
chr10	97676661	97676743	RNA2503	82	15	1.1759313323030558e-05	0.0	1.0	182926.82926829267
chr10	97676926	97677158	RNA2504	232	37	8.746359452669748e-06	0.0	1.0	159482.75862068968
chr10	97676988	97677103	RNA2505	115	10	2.0593949830072234e-05	1.4719099908688804e-05	1.0	86956.52173913043
chr10	97677042	97677116	RNA2506	74	9	1.1453022125351708e-05	1.472060012019938e-05	1.0	121621.62162162163
chr10	97677221	97677303	RNA2507	82	15	5.880819965871827e-06	0.0	1.0	182926.82926829267
chr10	97688201	97688331	RNA2508	130	27	0.0073988901943232935	0.0	0.9629629629629629	207692.30769230772
chr10	97778839	97778969	RNA2509	130	25	0.0009701253641833292	0.0	1.0	192307.6923076923
chr10	98099034	98099098	RNA2510	64	17	3.894154093252024e-05	1.4705899957334624e-05	1.0	265625.0
chr10	98317099	98317194	RNA2511	95	20	6.0269965388211254e-05	1.469569997425424e-05	1.0	210526.31578947368
chr10	98374498	98374580	RNA2512	82	17	5.619222204532713e-05	0.0	1.0	207317.0731707317
chr10	98455940	98456121	RNA2513	181	24	3.429479621293107e-05	0.0	1.0	132596.68508287292
chr10	98456287	98456417	RNA2514	130	23	0.028375070362649822	0.0	0.9565217391304348	176923.07692307694
chr10	98456424	98456545	RNA2515	121	18	1.1431861013180525e-05	0.0	1.0	148760.3305785124
chr10	99497047	99497124	RNA2516	77	12	7.3484332006046316e-06	0.0	1.0	155844.15584415584
chr10	99502310	99502531	RNA2517	221	40	1.5808407829352847e-05	0.0	1.0	180995.47511312217
chr10	99551056	99551237	RNA2518	181	30	0.00012345782215560734	1.4696999642183075e-05	1.0	165745.85635359117
chr10	99609626	99609774	RNA2519	128	30	0.03365894447157793	0.0	0.9666666666666667	234375.0
chr10	99609801	99609982	RNA2520	181	39	4.373830746864691e-05	0.0	1.0	215469.61325966852
chr10	99609956	99610077	RNA2521	121	16	8.359275335578506e-05	0.0	1.0	132231.40495867768
chr10	99609984	99610105	RNA2522	121	13	0.00010175273487570154	0.0	1.0	107438.01652892563
chr10	99610316	99610497	RNA2523	181	28	1.1547364205658336e-05	0.0	1.0	154696.13259668509
chr10	99610322	99610443	RNA2524	121	18	1.3880166534363525e-05	0.0	1.0	148760.3305785124
chr10	100010103	100010224	RNA2525	121	37	3.668419668502686e-05	1.473320025979774e-05	1.0	305785.12396694213
chr10	100012406	100012587	RNA2526	181	37	0.00013032604501121519	0.0	1.0	204419.88950276244
chr10	100012940	100013061	RNA2527	121	17	3.112776432637772e-05	0.0	1.0	140495.86776859505
chr10	100013530	100013651	RNA2528	121	18	0.0037295388707813426	0.0	0.9444444444444444	148760.3305785124
chr10	100014444	100014625	RNA2529	181	30	0.03628013623053144	0.0	0.9333333333333333	165745.85635359117
chr10	100018578	100018759	RNA2530	181	36	0.001307642912403627	0.0	1.0	198895.02762430938
chr10	100142224	100142301	RNA2531	77	14	8.402742813424474e-06	0.0	1.0	181818.18181818182
chr10	100146158	100146367	RNA2532	209	34	1.296815889872854e-05	0.0	1.0	162679.42583732057
chr10	100149155	100149232	RNA2533	77	16	1.1028499955045845e-05	1.4697050119139021e-05	1.0	207792.2077922078
chr10	100149850	100149927	RNA2534	77	9	1.470204460928383e-05	0.0	1.0	116883.11688311688
chr10	100268264	100268341	RNA2535	77	10	4.4173500100441744e-06	0.0	1.0	129870.12987012985
chr10	100269369	100269446	RNA2536	77	0				0.0
chr10	100270821	100270904	RNA2537	83	0				0.0
chr10	100271218	100271295	RNA2538	77	0				0.0
chr10	100599978	100600101	RNA2539	123	21	0.0421831478320417	0.0	0.9523809523809523	170731.7073170732
chr10	100672386	100672567	RNA2540	181	31	0.07335652887758765	1.4737500350747725e-05	0.9032258064516129	171270.7182320442
chr10	100673508	100673629	RNA2541	121	28	2.680463967407643e-05	1.4703049600939266e-05	1.0	231404.95867768597
chr10	101278304	101278381	RNA2542	77	12	0.0005014568964725185	1.471110044803936e-05	1.0	155844.15584415584
chr10	101558587	101558710	RNA2543	123	32	0.012540400543230128	1.4702250155096408e-05	0.96875	260162.6016260163
chr10	101561647	101561770	RNA2544	123	30	0.00022875647249141442	7.347549853875535e-06	1.0	243902.43902439025
chr10	101562701	101562775	RNA2545	74	14	5.881107095513612e-05	7.348849976551719e-06	1.0	189189.1891891892
chr10	101570058	101570181	RNA2546	123	31	6.163832275037308e-06	0.0	1.0	252032.52032520322
chr10	101609778	101610010	RNA2547	232	38	0.02130623109956344	7.347950031544315e-06	0.9473684210526315	163793.10344827586
chr10	101609997	101610120	RNA2548	123	28	2.0474100015884552e-05	1.4698549875902245e-05	1.0	227642.2764227642
chr10	101610360	101610483	RNA2549	123	16	0.04424702223752774	0.0	0.9375	130081.30081300814
chr10	101732745	101732860	RNA2550	115	25	1.476522407756245e-05	0.0	1.0	217391.30434782608
chr10	101733365	101733488	RNA2551	123	22	0.026186417198294457	1.469744984206045e-05	0.9545454545454546	178861.78861788617
chr10	101818654	101818718	RNA2552	64	22	4.7430368753831945e-05	1.469590006308863e-05	1.0	343750.0
chr10	102166272	102166354	RNA2553	82	0				0.0
chr10	102166495	102166590	RNA2554	95	0				0.0
chr10	102461197	102461271	RNA2555	74	14	1.8893871583713917e-05	1.4695050140289823e-05	1.0	189189.1891891892
chr10	102461290	102461364	RNA2556	74	21	1.3998542878349932e-05	1.469509970775107e-05	1.0	283783.7837837838
chr10	102461301	102461375	RNA2557	74	27	1.1976470381745861e-05	0.0	1.0	364864.86486486485
chr10	102503509	102503741	RNA2558	232	36	1.633529169945654e-05	1.4697900041937828e-05	1.0	155172.41379310345
chr10	102503637	102503711	RNA2559	74	8	1.2860787478530256e-05	7.349050065386109e-06	1.0	108108.10810810812
chr10	102503801	102503875	RNA2560	74	20	5.734889396080351e-05	7.350150099227904e-06	1.0	270270.2702702703
chr10	102633903	102634026	RNA2561	123	23	1.72591606947718e-05	0.0	1.0	186991.86991869917
chr10	102634199	102634314	RNA2562	115	16	6.434337421978853e-06	0.0	1.0	139130.4347826087
chr10	102636515	102636747	RNA2563	232	50	2.4127917768051316e-05	1.4704200111737007e-05	1.0	215517.24137931032
chr10	102636916	102637148	RNA2564	232	49	1.5653183699936065e-05	1.4716700206918176e-05	1.0	211206.89655172414
chr10	102637220	102637294	RNA2565	23	8	0.12505618679870167	1.9488599718897603e-05	0.875	347826.0869565217
chr10	102658896	102659128	RNA2566	232	47	0.034737029006406524	1.4699799976369832e-05	0.9574468085106383	202586.2068965517
chr10	102664825	102664940	RNA2567	115	28	0.0005644707469270619	1.4714300050400198e-05	1.0	243478.26086956522
chr10	102668586	102668701	RNA2568	115	19	1.4759147329880906e-05	1.4699399798701052e-05	1.0	165217.3913043478
chr10	102669229	102669359	RNA2569	130	21	0.00035011417639907406	0.0	1.0	161538.46153846156
chr10	102670252	102670484	RNA2570	232	40	1.0656497579475399e-05	1.4696400285174605e-05	1.0	172413.7931034483
chr10	102743555	102743670	RNA2571	115	29	2.179170355545884e-05	1.469549988541985e-05	1.0	252173.91304347824
chr10	102743582	102743814	RNA2572	232	66	0.003209252261003158	1.4696150174131617e-05	0.9848484848484849	284482.7586206897
chr10	102743675	102743790	RNA2573	115	35	0.006041234423745268	1.4697199731017465e-05	0.9714285714285714	304347.82608695654
chr10	102837707	102837822	RNA2574	115	18	0.011599414651906649	1.4700950032420224e-05	0.9444444444444444	156521.73913043478
chr10	103293993	103294214	RNA2575	212	55	0.00039728386446684876	1.6381100067519583e-05	1.0	259433.96226415093
chr10	103294084	103294179	RNA2576	86	29	0.0007372126843808274	1.6512000001966953e-05	1.0	337209.3023255814
chr10	103295636	103295731	RNA2577	95	14	0.002181463120450644	1.4697199731017465e-05	1.0	147368.42105263157
chr10	103300400	103300495	RNA2578	95	21	6.728046519994513e-05	0.0	1.0	221052.63157894736
chr10	103351537	103351632	RNA2579	95	18	8.766707909065177e-05	7.349699899350526e-06	1.0	189473.68421052632
chr10	103353247	103353342	RNA2580	95	26	1.0176238272554026e-05	0.0	1.0	273684.2105263158
chr10	103452426	103452521	RNA2581	95	31	1.9442154875683334e-05	1.4698999621032272e-05	1.0	326315.7894736842
chr10	103479517	103479591	RNA2582	74	10	0.00014998907472545329	1.4699600342282793e-05	1.0	135135.13513513515
chr10	103593464	103593696	RNA2583	232	35	0.0006528611250230017	1.4698500308440998e-05	1.0	150862.06896551725
chr10	103593548	103593663	RNA2584	115	14	1.0500778768930883e-05	7.349250154220499e-06	1.0	121739.13043478261
chr10	104126454	104126675	RNA2585	221	37	0.0043922500026628945	1.4700700376124589e-05	0.972972972972973	167420.814479638
chr10	104232998	104233219	RNA2586	221	45	2.319478885005171e-05	1.4696400285174605e-05	1.0	203619.90950226245
chr10	104233141	104233362	RNA2587	221	50	0.02002940331010904	7.348599865508732e-06	0.98	226244.3438914027
chr10	104305132	104305353	RNA2588	221	32	0.0007267873401985924	1.469764993089484e-05	1.0	144796.38009049775
chr10	104305155	104305376	RNA2589	221	34	0.000685764687873678	1.4698999621032272e-05	1.0	153846.15384615384
chr10	104340076	104340297	RNA2590	221	29	3.142427337071286e-05	0.0	1.0	131221.7194570136
chr10	104353673	104353768	RNA2591	95	34	0.058841253017550006	1.4696799553348685e-05	0.9411764705882353	357894.7368421053
chr10	104456410	104456591	RNA2592	181	33	1.425376048604076e-05	0.0	1.0	182320.44198895028
chr10	104459036	104459157	RNA2593	121	14	1.049879983838764e-05	7.348399776674342e-06	1.0	115702.47933884298
chr10	104462481	104462558	RNA2594	77	12	1.8374667054857576e-05	0.0	1.0	155844.15584415584
chr10	105271775	105271996	RNA2595	221	49	0.0002421172878396629	0.0	1.0	221719.45701357466
chr10	106572215	106572338	RNA2596	123	21	1.470561905339959e-05	1.4703299711982254e-05	1.0	170731.7073170732
chr10	107439009	107439083	RNA2597	74	18	1.144160564258022e-05	0.0	1.0	243243.24324324325
chr10	107590336	107590557	RNA2598	221	43	5.8146194829148754e-05	1.4698100130772218e-05	1.0	194570.13574660633
chr10	107590501	107590616	RNA2599	115	21	0.0005874606635448453	1.4699799976369832e-05	1.0	182608.69565217392
chr10	107592887	107592982	RNA2600	95	34	0.029423444311894	7.349499810516136e-06	0.9705882352941176	357894.7368421053
chr10	107594569	107594801	RNA2601	232	43	0.0003090526777372715	0.0	1.0	185344.8275862069
chr10	109624884	109624957	RNA2602	73	9	6.541199885153522e-06	0.0	1.0	123287.6712328767
chr10	113174202	113174275	RNA2603	73	7	1.6796228789774303e-05	0.0	1.0	95890.4109589041
chr10	114177427	114177500	RNA2604	73	17	0.0588321764000605	0.0	0.9411764705882353	232876.7123287671
chr10	114233016	114233127	RNA2605	111	13	8.706825512769615e-05	1.4696799553348685e-05	1.0	117117.11711711712
chr10	114294555	114294628	RNA2606	73	10	4.410250039654784e-06	0.0	1.0	136986.301369863
chr10	114294723	114294796	RNA2607	73	8	9.188637363877206e-06	0.0	1.0	109589.04109589041
chr10	114415908	114415981	RNA2608	73	15	0.027248075398892974	1.4697199731017465e-05	0.9333333333333333	205479.4520547945
chr10	114422915	114422988	RNA2609	73	14	1.3714492914521453e-05	0.0	1.0	191780.8219178082
chr10	114427822	114427895	RNA2610	73	10	2.0576569659161454e-05	1.4698999621032272e-05	1.0	136986.301369863
chr10	114899837	114899972	RNA2611	135	25	1.4700167957924056e-05	0.0	1.0	185185.18518518517
chr10	115087336	115087409	RNA2612	73	11	4.008927300508896e-06	0.0	1.0	150684.9315068493
chr10	118225194	118225305	RNA2613	111	27	0.07411912011644341	1.4704999557579868e-05	0.8518518518518519	243243.24324324325
chr10	118755868	118756003	RNA2614	134	28	0.011361716294036983	1.4707400168845197e-05	0.9642857142857143	208955.223880597
chr10	119101897	119102008	RNA2615	111	22	0.0002828003282708983	0.0	1.0	198198.1981981982
chr10	119192877	119192988	RNA2616	111	15	1.3718893145172236e-05	1.4697699953103438e-05	1.0	135135.13513513515
chr10	119193995	119194106	RNA2617	111	22	0.002621499339015411	0.0	0.9545454545454546	198198.1981981982
chr10	119195317	119195390	RNA2618	73	14	1.1548885725330496e-05	1.4698300219606608e-05	1.0	191780.8219178082
chr10	119461475	119461586	RNA2619	111	21	1.889649528103434e-05	0.0	1.0	189189.1891891892
chr10	119470976	119471087	RNA2620	111	21	0.04763024664771365	1.4696400285174605e-05	0.9523809523809523	189189.1891891892
chr10	119559598	119559709	RNA2621	111	0				0.0
chr10	119602109	119602244	RNA2622	135	24	3.309375032737408e-05	1.4702449789183447e-05	1.0	177777.77777777778
chr10	119602282	119602417	RNA2623	135	25	1.7050036221915815e-05	0.0	1.0	185185.18518518517
chr10	119602293	119602428	RNA2624	135	28	1.6272678749372597e-05	0.0	1.0	207407.4074074074
chr10	119829154	119829289	RNA2625	135	37	0.0014839342567594554	1.4696799553348685e-05	0.972972972972973	274074.0740740741
chr10	119829221	119829356	RNA2626	135	31	1.1854648413821949e-05	0.0	1.0	229629.62962962964
chr10	119958368	119958503	RNA2627	133	25	0.01599761914825649	0.0	0.96	187969.92481203008
chr10	120448868	120448979	RNA2628	111	22	0.044664520580888406	1.4699199709866662e-05	0.9545454545454546	198198.1981981982
chr10	120998283	120998418	RNA2629	135	31	0.0004485077256944203	1.4696799553348685e-05	1.0	229629.62962962964
chr10	120999126	120999191	RNA2630	65	19	9.283689522769572e-06	0.0	1.0	292307.6923076923
chr10	124453667	124453778	RNA2631	111	22	0.04672310784148563	0.0	0.9545454545454546	198198.1981981982
chr10	124797678	124797743	RNA2632	65	12	8.709008398000151e-06	7.353999990300508e-06	1.0	184615.38461538462
chr10	124800597	124800732	RNA2633	135	0				0.0
chr10	125561855	125561920	RNA2634	65	15	7.838726620927142e-06	0.0	1.0	230769.23076923078
chr10	125562021	125562086	RNA2635	65	9	7.34966681395421e-05	0.0	1.0	138461.53846153847
chr10	125563546	125563611	RNA2636	65	11	3.341149170988143e-05	1.4697199731017465e-05	1.0	169230.76923076925
chr10	125782519	125782584	RNA2637	65	11	4.8116681682579896e-05	1.4704200111737007e-05	1.0	169230.76923076925
chr10	125783107	125783172	RNA2638	65	22	6.681118231261445e-06	0.0	1.0	338461.5384615385
chr10	125783189	125783254	RNA2639	65	10	0.09998088167121752	0.0	0.9	153846.15384615384
chr10	126800968	126801033	RNA2640	65	9	1.1433055684998788e-05	1.4699399798701052e-05	1.0	138461.53846153847
chr10	127455054	127455183	RNA2641	129	23	1.1502799838047434e-05	1.469509970775107e-05	1.0	178294.57364341087
chr10	130755889	130755954	RNA2642	65	17	0.00916778716873523	1.4696799553348685e-05	0.9411764705882353	261538.46153846156
chr10	131346804	131346933	RNA2643	87	29	0.11145526608815369	0.0002567610063124	0.7586206896551724	333333.3333333333
chr10	132206447	132206576	RNA2644	129	35	1.5541642824242037e-05	1.4699399798701052e-05	1.0	271317.82945736434
chr10	132206587	132206716	RNA2645	129	38	0.0056501651040075694	0.0	0.9736842105263158	294573.64341085276
chr10	132207358	132207487	RNA2646	129	32	3.81183526201223e-05	1.469569997425424e-05	1.0	248062.01550387597
chr10	132382173	132382302	RNA2647	129	36	0.03396092450235402	0.0	0.9444444444444444	279069.76744186046
chr10	132388258	132388387	RNA2648	0	0				
chr10	132471511	132471640	RNA2649	129	17	0.08489098925956033	1.4697699953103438e-05	0.8823529411764706	131782.9457364341
chr10	133378903	133379032	RNA2650	129	51	0.01825479190009383	1.4713699783897027e-05	0.9803921568627451	395348.8372093023
chr11	98792	98877	RNA2651	0	0				
chr11	108413	108500	RNA2652	0	0				
chr11	108738	108825	RNA2653	0	0				
chr11	108927	109136	RNA2654	0	0				
chr11	109180	109265	RNA2655	0	0				
chr11	110035	110244	RNA2656	0	0				
chr11	110857	111066	RNA2657	0	0				
chr11	111172	111257	RNA2658	0	0				
chr11	112238	112325	RNA2659	0	0				
chr11	568982	569159	RNA2660	177	63	0.009414421643683337	0.0	0.9841269841269841	355932.2033898305
chr11	571145	571322	RNA2661	176	36	1.7203069445612385e-05	1.4702849966852227e-05	1.0	204545.45454545456
chr11	636864	637041	RNA2662	177	68	0.0013554423173365387	0.0	0.9852941176470589	384180.790960452
chr11	643747	643853	RNA2663	105	32	2.3086431099270565e-05	1.4702449789183447e-05	1.0	304761.9047619048
chr11	729670	729776	RNA2664	106	21	1.120611410615744e-05	0.0	1.0	198113.20754716982
chr11	732808	732914	RNA2665	106	29	2.8403759078455788e-05	0.0	1.0	273584.90566037735
chr11	732818	732907	RNA2666	89	23	3.197685272544208e-05	0.0	1.0	258426.96629213486
chr11	765932	766038	RNA2667	106	25	0.04118615421921277	1.4704200111737007e-05	0.96	235849.05660377358
chr11	766059	766165	RNA2668	106	31	0.012183903941648514	0.0	0.9354838709677419	292452.8301886792
chr11	814669	814758	RNA2669	89	0				0.0
chr11	814751	814840	RNA2670	89	0				0.0
chr11	842656	842745	RNA2671	89	34	0.009056608017357679	1.4712549727846636e-05	0.9705882352941176	382022.47191011236
chr11	842661	842750	RNA2672	89	33	0.009331050684550337	1.4713199561811052e-05	0.9696969696969697	370786.5168539326
chr11	867271	867377	RNA2673	106	18	0.055589055523644966	1.4702849966852227e-05	0.9444444444444444	169811.32075471696
chr11	924135	924224	RNA2674	89	18	0.05557188576681761	0.0	0.9444444444444444	202247.19101123596
chr11	1318554	1318735	RNA2675	181	24	6.247047148614361e-05	1.4698749964736635e-05	1.0	132596.68508287292
chr11	1326447	1326628	RNA2676	181	32	0.00020028653327130367	1.4696800008096034e-05	1.0	176795.58011049722
chr11	1389489	1389670	RNA2677	181	62	2.4904731910809795e-05	0.0	1.0	342541.4364640884
chr11	1531131	1531308	RNA2678	177	41	4.7320462593827665e-05	1.4696799553348685e-05	1.0	231638.41807909604
chr11	1810211	1810317	RNA2679	106	18	8.169122338586021e-06	7.349499810516136e-06	1.0	169811.32075471696
chr11	1838634	1838723	RNA2680	89	17	0.027971934904920028	1.4700700376124589e-05	0.9411764705882353	191011.23595505618
chr11	2319226	2319407	RNA2681	181	33	0.048757149745197785	1.479599995946046e-05	0.9393939393939394	182320.44198895028
chr11	3072813	3072900	RNA2682	84	0				0.0
chr11	3075540	3075627	RNA2683	87	0				0.0
chr11	3171307	3171394	RNA2684	87	15	3.4295407567690104e-05	0.0	1.0	172413.7931034483
chr11	3638190	3638336	RNA2685	146	43	0.025938614150914488	1.4704999557579868e-05	0.9302325581395349	294520.5479452055
chr11	3665259	3665500	RNA2686	241	41	0.0030514298931870456	0.0	0.975609756097561	170124.48132780084
chr11	4094551	4094638	RNA2687	87	18	0.00021884405386016185	7.348200142587302e-06	1.0	206896.55172413794
chr11	4613758	4613999	RNA2688	241	47	0.00010009977072610272	1.4694600395159796e-05	1.0	195020.74688796682
chr11	4698132	4698373	RNA2689	241	54	0.0004228893053382097	0.0	1.0	224066.39004149378
chr11	4700566	4700807	RNA2690	241	43	0.004892882132015407	0.0	0.9534883720930233	178423.23651452284
chr11	4703674	4703846	RNA2691	172	37	0.027036961205315468	0.0	0.972972972972973	215116.27906976742
chr11	4993206	4993447	RNA2692	241	55	9.867596748914129e-05	1.4705899957334624e-05	1.0	228215.76763485477
chr11	5009871	5010112	RNA2693	241	37	1.1124175708155727e-05	0.0	1.0	153526.97095435686
chr11	5083270	5083511	RNA2694	241	57	0.01758075653835253	1.4697199731017465e-05	0.9824561403508771	236514.52282157674
chr11	5126049	5126226	RNA2695	177	37	0.027049349056756614	1.47418995766202e-05	0.972972972972973	209039.54802259887
chr11	5243658	5243764	RNA2696	106	24	0.00770521729687819	1.4698549875902245e-05	0.9583333333333334	226415.09433962265
chr11	5243742	5243831	RNA2697	89	17	1.21051880876835e-05	1.4697699953103438e-05	1.0	191011.23595505618
chr11	6095947	6096188	RNA2698	241	42	0.04823604980128948	7.349050065386109e-06	0.9285714285714286	174273.85892116182
chr11	6305618	6305799	RNA2699	181	43	8.545923222744361e-06	0.0	1.0	237569.06077348065
chr11	7657912	7658058	RNA2700	146	48	0.03711748144958922	0.0	0.9583333333333334	328767.1232876712
chr11	8008377	8008464	RNA2701	87	26	3.8450457255884265e-05	7.349050065386109e-06	1.0	298850.5747126437
chr11	8600365	8600511	RNA2702	146	26	0.0003439305551182688	1.4710650248161983e-05	1.0	178082.19178082192
chr11	8609409	8609555	RNA2703	146	36	2.1665839009679535e-05	0.0	1.0	246575.3424657534
chr11	8611131	8611303	RNA2704	168	40	0.025017652752126196	0.0	0.975	238095.23809523808
chr11	8611325	8611471	RNA2705	146	37	3.258057057717842e-05	1.4698999621032272e-05	1.0	253424.6575342466
chr11	8937343	8937489	RNA2706	146	36	0.014857505179457395	0.0	0.9444444444444444	246575.3424657534
chr11	8937348	8937494	RNA2707	146	37	0.01445634847729977	0.0	0.9459459459459459	253424.6575342466
chr11	8937376	8937522	RNA2708	146	33	0.01088168891772401	0.0	0.9696969696969697	226027.39726027395
chr11	9280544	9280645	RNA2709	101	25	1.352201623376241e-05	1.4697699953103438e-05	1.0	247524.75247524751
chr11	9563444	9563616	RNA2710	172	29	0.03449188202758423	0.0	0.9655172413793104	168604.6511627907
chr11	9635270	9635511	RNA2711	241	67	5.970226196841566e-05	0.0	1.0	278008.2987551867
chr11	9638594	9638766	RNA2712	172	35	1.5967145762780482e-05	1.4700700376124589e-05	1.0	203488.37209302327
chr11	9638798	9638970	RNA2713	172	20	2.1310159763736113e-05	7.347749942709925e-06	1.0	116279.06976744186
chr11	9640056	9640202	RNA2714	146	27	1.0888362946085787e-05	0.0	1.0	184931.50684931505
chr11	10307680	10307852	RNA2715	172	42	0.0007675505175072988	1.4702650332765188e-05	1.0	244186.0465116279
chr11	10307765	10307937	RNA2716	172	42	9.457828582526417e-06	0.0	1.0	244186.0465116279
chr11	10307875	10308047	RNA2717	172	42	1.682416216551174e-05	0.0	1.0	244186.0465116279
chr11	10726880	10727052	RNA2718	168	31	1.3721296865344723e-05	0.0	1.0	184523.80952380953
chr11	12365816	12365958	RNA2719	141	22	0.0005882999153899617	1.4710600225953385e-05	1.0	156028.36879432623
chr11	12565716	12565790	RNA2720	74	14	0.05647985874566075	0.0	0.9285714285714286	189189.1891891892
chr11	13252142	13252279	RNA2721	137	16	0.0008179603138387308	1.4701749933010433e-05	1.0	116788.3211678832
chr11	13255405	13255551	RNA2722	146	27	3.10446222539578e-05	1.469590006308863e-05	1.0	184931.50684931505
chr11	13258304	13258405	RNA2723	43	24	0.08377448717177079	2.9161999918869697e-05	0.7916666666666666	558139.5348837209
chr11	14276269	14276370	RNA2724	101	27	0.02506490594687757	0.0	0.9629629629629629	267326.73267326737
chr11	14276432	14276533	RNA2725	90	0				0.0
chr11	14277727	14277828	RNA2726	101	11	0.09093581700968074	1.4697199731017465e-05	0.9090909090909091	108910.8910891089
chr11	14364812	14364913	RNA2727	101	24	4.1041724027003386e-05	0.0	1.0	237623.7623762376
chr11	14374777	14374878	RNA2728	101	22	5.5449685615628355e-05	7.348849976551719e-06	1.0	217821.7821782178
chr11	14443065	14443166	RNA2729	101	11	6.680709206689657e-06	0.0	1.0	108910.8910891089
chr11	14443219	14443391	RNA2730	172	36	0.0003086304228771788	0.0	1.0	209302.32558139536
chr11	15287534	15287635	RNA2731	101	18	2.8582300627826383e-05	1.4697900041937828e-05	1.0	178217.82178217822
chr11	15489986	15490067	RNA2732	81	14	0.04257749805680888	7.349699899350526e-06	0.9285714285714286	172839.5061728395
chr11	15965532	15965674	RNA2733	142	0				0.0
chr11	16761428	16761502	RNA2734	74	20	5.739945586356043e-05	1.4706300135003405e-05	1.0	270270.2702702703
chr11	17070116	17070258	RNA2735	142	26	3.393974237461524e-05	1.469964990974404e-05	1.0	183098.5915492958
chr11	17071783	17071925	RNA2736	142	28	0.007141896162303443	1.469744984206045e-05	0.9642857142857143	197183.0985915493
chr11	17071966	17072108	RNA2737	142	28	1.2085000012770511e-05	0.0	1.0	197183.0985915493
chr11	17389791	17389933	RNA2738	133	24	3.2974945687171075e-05	1.5120050193218049e-05	1.0	180451.12781954886
chr11	17389801	17389938	RNA2739	128	23	3.2417391119683005e-05	1.5024000276753212e-05	1.0	179687.5
chr11	17390180	17390322	RNA2740	142	25	0.01440512980032508	1.469509970775107e-05	0.96	176056.338028169
chr11	17392353	17392495	RNA2741	142	22	0.07979370052717885	0.0	0.8636363636363636	154929.57746478872
chr11	17493800	17493874	RNA2742	74	12	6.124358378656325e-06	0.0	1.0	162162.16216216216
chr11	17544993	17545067	RNA2743	74	28	0.035944287337542846	1.4698999621032272e-05	0.9642857142857143	378378.3783783784
chr11	17545111	17545185	RNA2744	74	12	1.7151925173190346e-05	1.4700499832542846e-05	1.0	162162.16216216216
chr11	17686590	17686664	RNA2745	74	8	2.204358736435097e-05	7.349499810516136e-06	1.0	108108.10810810812
chr11	17687848	17687922	RNA2746	74	11	1.0689645354101561e-05	0.0	1.0	148648.64864864867
chr11	17700349	17700423	RNA2747	74	11	8.017545372819189e-06	0.0	1.0	148648.64864864867
chr11	18108584	18108721	RNA2748	137	19	0.00022205048729741336	0.0	1.0	138686.13138686132
chr11	18110176	18110313	RNA2749	137	23	4.21783397937057e-05	1.4700300198455809e-05	1.0	167883.2116788321
chr11	18110352	18110489	RNA2750	137	27	0.045764848931665054	1.4697199731017465e-05	0.9259259259259259	197080.29197080294
chr11	18269983	18270120	RNA2751	137	29	0.03501050194649749	0.0	0.9655172413793104	211678.8321167883
chr11	18270615	18270752	RNA2752	137	23	2.1094252350964078e-05	1.4698999621032272e-05	1.0	167883.2116788321
chr11	18270980	18271117	RNA2753	137	19	4.5639294512504954e-05	0.0	1.0	138686.13138686132
chr11	18278475	18278612	RNA2754	137	33	1.8711154663115554e-05	1.4696799553348685e-05	1.0	240875.91240875915
chr11	18367333	18367475	RNA2755	142	20	1.5433710177602245e-05	7.348599865508732e-06	1.0	140845.0704225352
chr11	18369105	18369242	RNA2756	137	34	0.029410878899799334	0.0	0.9705882352941176	248175.18248175184
chr11	18369940	18370077	RNA2757	137	15	9.802426575333811e-06	0.0	1.0	109489.05109489051
chr11	18672353	18672427	RNA2758	74	8	0.00018924809353391134	1.469764993089484e-05	1.0	108108.10810810812
chr11	19179993	19180130	RNA2759	137	33	8.018415070237648e-06	0.0	1.0	240875.91240875915
chr11	19347184	19347321	RNA2760	137	21	0.04769814624697096	1.4698500308440998e-05	0.9523809523809523	153284.67153284673
chr11	19347359	19347440	RNA2761	81	17	0.00010982810315052285	1.4698999621032272e-05	1.0	209876.54320987655
chr11	19349790	19349891	RNA2762	101	25	0.040206969722785285	1.4700700376124589e-05	0.96	247524.75247524751
chr11	20231303	20231384	RNA2763	81	21	1.1204461814139948e-05	0.0	1.0	259259.25925925924
chr11	20361346	20361427	RNA2764	44	11	0.09951862791984402	0.0003181670035701	0.8181818181818182	250000.0
chr11	20363570	20363651	RNA2765	81	17	0.05885552363542956	1.4700700376124589e-05	0.9411764705882353	209876.54320987655
chr11	20511545	20511626	RNA2766	81	19	1.005819477110268e-05	0.0	1.0	234567.9012345679
chr11	20522910	20522991	RNA2767	81	16	0.06793283012882512	7.347300197579898e-06	0.875	197530.86419753084
chr11	20598981	20599062	RNA2768	81	13	8.252314483587637e-05	0.0	1.0	160493.82716049382
chr11	21577220	21577301	RNA2769	81	14	1.895507135226615e-05	0.0	1.0	172839.5061728395
chr11	21631606	21631748	RNA2770	142	29	0.0034233260311621323	1.469590006308863e-05	0.9655172413793104	204225.35211267608
chr11	22609892	22609966	RNA2771	74	0				0.0
chr11	23247237	23247374	RNA2772	137	31	0.0413056979570918	1.4696799553348685e-05	0.9354838709677419	226277.37226277372
chr11	23254422	23254559	RNA2773	137	21	0.03162118117415957	1.4705899957334624e-05	0.8571428571428571	153284.67153284673
chr11	25142174	25142255	RNA2774	81	0				0.0
chr11	25930394	25930574	RNA2775	180	28	0.03620322500708945	0.0	0.9642857142857143	155555.55555555556
chr11	27270608	27270785	RNA2776	177	31	3.55796933182567e-05	1.4698100130772218e-05	1.0	175141.2429378531
chr11	28537443	28537623	RNA2777	180	33	0.00010202956281951538	1.4698999621032272e-05	1.0	183333.3333333333
chr11	30339151	30339241	RNA2778	90	13	4.523023073068964e-06	0.0	1.0	144444.44444444444
chr11	30340617	30340797	RNA2779	180	38	0.005675405548476858	1.469590006308863e-05	0.9736842105263158	211111.11111111112
chr11	30373167	30373347	RNA2780	180	31	0.04127154390760318	1.470460028940579e-05	0.9354838709677419	172222.22222222222
chr11	30373954	30374131	RNA2781	177	39	0.000273735766197017	0.0	1.0	220338.98305084746
chr11	30374904	30375081	RNA2782	177	36	1.0209838946035206e-05	7.349699899350526e-06	1.0	203389.83050847458
chr11	30375727	30375904	RNA2783	177	30	6.859790088734978e-06	0.0	1.0	169491.5254237288
chr11	30376007	30376187	RNA2784	180	27	1.6335873995015837e-05	1.4699399798701052e-05	1.0	150000.0
chr11	30378762	30378939	RNA2785	177	37	8.93819673168541e-05	0.0	1.0	209039.54802259887
chr11	32108478	32108655	RNA2786	177	33	0.03175050529678243	0.0	0.9696969696969697	186440.6779661017
chr11	32109531	32109711	RNA2787	180	45	0.044152383642217	0.0	0.9555555555555556	250000.0
chr11	32109796	32109973	RNA2788	177	38	3.0183155223835896e-05	7.349699899350526e-06	1.0	214689.26553672316
chr11	32110017	32110197	RNA2789	180	27	1.0344229546414377e-05	0.0	1.0	150000.0
chr11	32110170	32110350	RNA2790	180	39	1.6961346540109172e-05	0.0	1.0	216666.6666666667
chr11	32110927	32111104	RNA2791	177	48	0.0205785666344885	1.4698300219606608e-05	0.9791666666666666	271186.4406779661
chr11	32111504	32111684	RNA2792	180	41	0.024411036348882167	1.4697199731017465e-05	0.975609756097561	227777.77777777778
chr11	33035915	33036092	RNA2793	177	30	0.022426040280485417	0.0	0.9333333333333333	169491.5254237288
chr11	33036024	33036114	RNA2794	87	15	0.02684858551886767	0.0	0.9333333333333333	172413.7931034483
chr11	34010115	34010205	RNA2795	90	17	6.057541160022512e-06	0.0	1.0	188888.88888888888
chr11	34042934	34043024	RNA2796	90	13	1.9241753621960712e-05	0.0	1.0	144444.44444444444
chr11	34043228	34043318	RNA2797	90	14	2.624880679441694e-05	7.347950031544315e-06	1.0	155555.55555555556
chr11	34150524	34150614	RNA2798	90	12	1.1149208300291017e-05	0.0	1.0	133333.33333333334
chr11	34150550	34150640	RNA2799	90	11	1.2162418153655546e-05	0.0	1.0	122222.22222222222
chr11	34150584	34150674	RNA2800	90	10	1.0343080066377298e-05	1.4695950085297227e-05	1.0	111111.11111111111
chr11	35121438	35121528	RNA2801	90	16	1.9293150614884788e-05	0.0	1.0	177777.77777777778
chr11	35234967	35235147	RNA2802	180	35	0.013559792341038695	0.0	0.9714285714285714	194444.44444444444
chr11	36699700	36699877	RNA2803	177	28	2.8347896951730464e-05	1.4697699953103438e-05	1.0	158192.09039548025
chr11	38546074	38546164	RNA2804	90	20	1.1027224945792114e-05	7.349899988184916e-06	1.0	222222.22222222222
chr11	41882600	41882741	RNA2805	141	35	1.0502577164775825e-05	0.0	1.0	248226.95035460993
chr11	41941793	41941922	RNA2806	129	30	0.03406197510215255	1.4696149719384266e-05	0.9666666666666667	232558.13953488372
chr11	44951976	44952117	RNA2807	141	24	3.2457270928413125e-05	1.4696799553348685e-05	1.0	170212.7659574468
chr11	45759364	45759505	RNA2808	141	30	0.00040726988357466496	1.4697900041937828e-05	1.0	212765.95744680852
chr11	45841579	45841720	RNA2809	141	28	5.93231622068337e-05	0.0	1.0	198581.56028368796
chr11	45841629	45841770	RNA2810	141	27	1.360911476324502e-05	0.0	1.0	191489.36170212764
chr11	45883259	45883400	RNA2811	141	23	8.947252235489229e-06	0.0	1.0	163120.56737588655
chr11	45885362	45885503	RNA2812	141	29	1.6727875876749578e-05	0.0	1.0	205673.7588652482
chr11	45920206	45920347	RNA2813	141	0				0.0
chr11	45920758	45920887	RNA2814	129	0				0.0
chr11	46741419	46741548	RNA2815	129	14	1.6798549950180434e-05	0.0	1.0	108527.13178294574
chr11	46742013	46742142	RNA2816	126	28	3.134291354658989e-05	1.4712150004925206e-05	1.0	222222.22222222222
chr11	46742531	46742660	RNA2817	129	24	2.3278758211135305e-05	0.0	1.0	186046.51162790696
chr11	46742663	46742804	RNA2818	141	33	1.6038896953403225e-05	1.4699399798701052e-05	1.0	234042.55319148937
chr11	47177133	47177262	RNA2819	129	25	9.410087986907456e-06	0.0	1.0	193798.4496124031
chr11	47177183	47177312	RNA2820	129	34	9.079867568824043e-06	0.0	1.0	263565.8914728682
chr11	47214270	47214399	RNA2821	129	28	2.582593486164719e-05	0.0	1.0	217054.26356589148
chr11	47866064	47866273	RNA2822	174	19	3.1932841873062614e-05	0.0	1.0	109195.40229885057
chr11	47873349	47873558	RNA2823	209	38	0.026769616317970327	0.0	0.9736842105263158	181818.18181818182
chr11	47947993	47948202	RNA2824	209	36	2.9403193719997627e-05	7.349250154220499e-06	1.0	172248.8038277512
chr11	48173879	48174008	RNA2825	129	16	3.307481819092561e-05	2.2046749563742196e-05	1.0	124031.00775193798
chr11	48792647	48792856	RNA2826	171	0				0.0
chr11	53735130	53735236	RNA2827	0	0				
chr11	55102253	55102386	RNA2828	133	0				0.0
chr11	55173329	55173488	RNA2829	159	0				0.0
chr11	55285701	55285828	RNA2830	127	0				0.0
chr11	55456478	55456596	RNA2831	118	0				0.0
chr11	57243698	57243822	RNA2832	124	26	2.6011945744985956e-05	0.0	1.0	209677.41935483873
chr11	57819710	57819966	RNA2833	256	58	1.4205267406991905e-05	1.4698350241815206e-05	1.0	226562.5
chr11	57819796	57819902	RNA2834	106	30	1.423005002531353e-05	1.4700700376124589e-05	1.0	283018.8679245283
chr11	57841587	57841692	RNA2835	105	14	3.0455657322036187e-05	1.4703049600939266e-05	1.0	133333.33333333334
chr11	58626575	58626681	RNA2836	106	14	0.011980011818325559	0.0	0.9285714285714286	132075.4716981132
chr11	58639119	58639225	RNA2837	106	18	1.2248950143758622e-05	0.0	1.0	169811.32075471696
chr11	58640167	58640273	RNA2838	106	29	0.008276396233229425	0.0	0.9655172413793104	273584.90566037735
chr11	58735283	58735389	RNA2839	106	32	0.0313083668343097	1.4709549759572838e-05	0.96875	301886.7924528302
chr11	58742376	58742482	RNA2840	106	0				0.0
chr11	58767808	58767914	RNA2841	106	20	0.000990944448949443	1.4699799976369832e-05	1.0	188679.24528301888
chr11	59106783	59106916	RNA2842	133	43	0.023274196995644585	0.0	0.9767441860465116	323308.2706766917
chr11	59155589	59155748	RNA2843	159	34	0.005805171374638172	1.4704150089528412e-05	0.9705882352941176	213836.4779874214
chr11	59239990	59240158	RNA2844	168	30	0.04979943962192313	7.355100024142302e-06	0.9333333333333333	178571.42857142858
chr11	59253805	59253872	RNA2845	67	13	1.3566522773964187e-05	1.469549988541985e-05	1.0	194029.85074626867
chr11	59285167	59285294	RNA2846	127	19	1.6245768500467467e-05	0.0	1.0	149606.29921259845
chr11	59452108	59452226	RNA2847	118	24	0.012683127555002704	0.0	0.9583333333333334	203389.83050847458
chr11	59684243	59684349	RNA2848	106	19	0.052719025996195434	1.4707999980601016e-05	0.9473684210526315	179245.28301886792
chr11	60038450	60038583	RNA2849	133	21	1.8899504625766158e-05	0.0	1.0	157894.73684210525
chr11	60071699	60071832	RNA2850	133	0				0.0
chr11	60071701	60071828	RNA2851	127	0				0.0
chr11	60071735	60071894	RNA2852	159	0				0.0
chr11	60071756	60071915	RNA2853	159	0				0.0
chr11	60072149	60072308	RNA2854	159	0				0.0
chr11	60072173	60072300	RNA2855	127	0				0.0
chr11	60072267	60072400	RNA2856	133	0				0.0
chr11	60072276	60072403	RNA2857	127	0				0.0
chr11	60319122	60319281	RNA2858	159	24	1.2861787505850467e-05	0.0	1.0	150943.3962264151
chr11	60321204	60321363	RNA2859	159	24	0.0673714784384174	1.469744984206045e-05	0.875	150943.3962264151
chr11	60321901	60322019	RNA2860	117	21	8.343348144989143e-05	1.4704999557579868e-05	1.0	179487.1794871795
chr11	60321922	60322081	RNA2861	158	33	5.8440842759871915e-05	1.470200004405342e-05	1.0	208860.7594936709
chr11	60323264	60323382	RNA2862	116	20	0.08212951017808337	0.0	0.85	172413.7931034483
chr11	60323488	60323606	RNA2863	118	17	0.0211043825456727	1.4706700312672185e-05	0.9411764705882353	144067.7966101695
chr11	60323942	60324075	RNA2864	133	20	0.03208934220974698	1.4698549875902245e-05	0.95	150375.93984962406
chr11	60324635	60324762	RNA2865	127	27	0.0011376086564201485	1.4729699614690617e-05	1.0	212598.4251968504
chr11	60325826	60325959	RNA2866	133	25	0.025747931451005564	1.469549988541985e-05	0.96	187969.92481203008
chr11	60326181	60326308	RNA2867	127	27	0.0098438525195282	1.469549988541985e-05	0.9629629629629629	212598.4251968504
chr11	60326267	60326394	RNA2868	127	33	0.019454351138103284	1.4696799553348685e-05	0.9696969696969697	259842.51968503935
chr11	60326687	60326820	RNA2869	133	42	0.008589077684800505	1.4700300198455809e-05	0.9761904761904762	315789.4736842105
chr11	60716106	60716224	RNA2870	118	18	0.00014209031097480972	1.4696549897053046e-05	1.0	152542.37288135593
chr11	60718688	60718806	RNA2871	118	22	0.00024252607652834517	1.4698100130772218e-05	1.0	186440.6779661017
chr11	60723946	60724064	RNA2872	118	20	3.381405012987589e-05	1.4698100130772218e-05	1.0	169491.5254237288
chr11	60863411	60863495	RNA2873	84	22	0.0012502994699885167	1.4698549875902245e-05	1.0	261904.76190476192
chr11	60960952	60961076	RNA2874	124	0				0.0
chr11	60964232	60964324	RNA2875	92	0				0.0
chr11	61128886	61129019	RNA2876	133	25	2.764184351690045e-05	0.0	1.0	187969.92481203008
chr11	61202502	61202661	RNA2877	159	20	0.017576803068504884	0.0	0.95	125786.16352201258
chr11	61253606	61253733	RNA2878	127	28	6.141353160923148e-05	1.469529979658546e-05	1.0	220472.44094488188
chr11	61381317	61381411	RNA2879	94	32	2.1630040521356376e-05	1.4699399798701052e-05	1.0	340425.5319148936
chr11	61382781	61382884	RNA2880	103	14	2.1042443157576834e-05	0.0	1.0	135922.33009708737
chr11	61384063	61384176	RNA2881	113	16	4.1368956829040534e-05	1.4705250123370206e-05	1.0	141592.9203539823
chr11	61493158	61493276	RNA2882	118	18	8.169650047622983e-06	0.0	1.0	152542.37288135593
chr11	61586230	61586486	RNA2883	256	33	0.00019553872632307177	0.0	1.0	128906.25
chr11	61868064	61868188	RNA2884	88	0				0.0
chr11	61868170	61868275	RNA2885	105	0				0.0
chr11	61942085	61942209	RNA2886	124	37	0.00015335040901648882	1.4698999621032272e-05	1.0	298387.0967741936
chr11	61948497	61948621	RNA2887	124	30	6.370416667778045e-06	0.0	1.0	241935.48387096776
chr11	61971423	61971547	RNA2888	124	25	9.406527860846836e-06	0.0	1.0	201612.90322580643
chr11	61971977	61972101	RNA2889	124	34	0.000946714750786182	0.0	1.0	274193.54838709673
chr11	62111971	62112095	RNA2890	124	19	1.626776348098996e-05	0.0	1.0	153225.8064516129
chr11	62556746	62556867	RNA2891	121	19	2.3210504925942623e-05	1.4698500308440998e-05	1.0	157024.79338842977
chr11	62557231	62557487	RNA2892	256	42	0.0029044959502633498	1.4697699953103438e-05	0.9761904761904762	164062.5
chr11	62557651	62557907	RNA2893	256	48	0.007592804948634083	1.469964990974404e-05	0.9791666666666666	187500.0
chr11	62557838	62558094	RNA2894	256	50	1.3922716043451679e-05	1.4703100077895215e-05	1.0	195312.5
chr11	62623426	62623682	RNA2895	256	68	2.4014414614553693e-05	0.0	1.0	265625.0
chr11	62623777	62624033	RNA2896	256	59	0.01698336113453078	0.0	0.9830508474576272	230468.75
chr11	62685326	62685426	RNA2897	100	10	1.182825999421766e-05	1.4775399904465305e-05	1.0	100000.0
chr11	62727557	62727813	RNA2898	256	97	0.0023019918017902446	0.0	0.9896907216494846	378906.25
chr11	62727865	62727970	RNA2899	105	49	1.5901806085708476e-05	0.0	1.0	466666.6666666667
chr11	62806511	62806616	RNA2900	105	26	7.350034593400778e-06	0.0	1.0	247619.04761904763
chr11	62806570	62806675	RNA2901	105	26	1.696397290428181e-05	0.0	1.0	247619.04761904763
chr11	62841916	62842021	RNA2902	105	54	0.018538388479707162	7.347300197579898e-06	0.9814814814814815	514285.71428571426
chr11	62845949	62846054	RNA2903	105	18	8.175733405045725e-06	1.4702250155096408e-05	1.0	171428.57142857142
chr11	62899919	62900024	RNA2904	105	20	2.5739550255819634e-05	1.4707199625263456e-05	1.0	190476.19047619047
chr11	63024071	63024195	RNA2905	124	24	2.510904130303829e-05	0.0	1.0	193548.38709677418
chr11	63341518	63341686	RNA2906	168	0				0.0
chr11	63343269	63343336	RNA2907	67	0				0.0
chr11	63673643	63673899	RNA2908	256	46	0.0001901341560488089	1.469744984206045e-05	1.0	179687.5
chr11	63679640	63679746	RNA2909	106	19	1.4699215889298725e-05	0.0	1.0	179245.28301886792
chr11	63836248	63836353	RNA2910	105	16	5.6029274048791196e-05	1.4697199731017465e-05	1.0	152380.9523809524
chr11	64204638	64204806	RNA2911	168	45	9.481633282525257e-06	0.0	1.0	267857.14285714284
chr11	64204725	64204792	RNA2912	67	19	9.286752557320716e-06	0.0	1.0	283582.0895522388
chr11	64205294	64205462	RNA2913	168	45	0.0006670217539673696	0.0	1.0	267857.14285714284
chr11	64205348	64205516	RNA2914	168	43	0.0006987325356275537	1.4697699953103438e-05	1.0	255952.38095238092
chr11	64239319	64239487	RNA2915	168	40	0.06732349807857645	1.4698549875902245e-05	0.925	238095.23809523808
chr11	64239690	64239757	RNA2916	67	20	9.560075113768107e-06	7.348399776674342e-06	1.0	298507.46268656716
chr11	64239920	64239987	RNA2917	67	9	2.7769033699258812e-05	1.4698999621032272e-05	1.0	134328.35820895524
chr11	64240199	64240367	RNA2918	168	44	0.000802439185897371	1.4694649962621043e-05	1.0	261904.76190476192
chr11	64269316	64269383	RNA2919	67	22	0.045464566336249845	0.0	0.9545454545454546	328358.2089552239
chr11	64269678	64269745	RNA2920	67	17	1.2969364647955552e-05	0.0	1.0	253731.3432835821
chr11	64317682	64317850	RNA2921	168	40	0.03309059092646294	1.4696800008096034e-05	0.95	238095.23809523808
chr11	64372898	64372965	RNA2922	67	10	1.3229810156190069e-05	7.349050065386109e-06	1.0	149253.73134328358
chr11	64850935	64851019	RNA2923	84	13	1.0184007875907879e-05	0.0	1.0	154761.90476190476
chr11	64917303	64917395	RNA2924	92	21	6.29833816457817e-06	0.0	1.0	228260.86956521738
chr11	65064475	65064608	RNA2925	133	19	0.004946995880345637	1.4699399798701052e-05	0.9473684210526315	142857.14285714284
chr11	65176648	65176751	RNA2926	103	16	0.01843436247543194	1.4714750250277575e-05	0.9375	155339.8058252427
chr11	65176838	65176951	RNA2927	113	18	0.05557093595674208	7.355100024142302e-06	0.9444444444444444	159292.03539823007
chr11	65177032	65177191	RNA2928	159	31	0.04547588759601973	1.4721499610459432e-05	0.9354838709677419	194968.55345911952
chr11	65177074	65177242	RNA2929	168	33	0.012436813338326552	1.4716700206918176e-05	0.9696969696969697	196428.57142857142
chr11	65177085	65177212	RNA2930	127	25	4.476187994441412e-05	1.4716700206918176e-05	1.0	196850.39370078742
chr11	65177389	65177507	RNA2931	118	16	0.06254322717956028	1.470219967814046e-05	0.9375	135593.22033898305
chr11	65213697	65213791	RNA2932	94	15	3.922200024438401e-06	0.0	1.0	159574.4680851064
chr11	65213767	65213834	RNA2933	67	18	2.940669436509704e-05	0.0	1.0	268656.7164179105
chr11	65773620	65773704	RNA2934	84	12	1.593099167014798e-05	0.0	1.0	142857.14285714284
chr11	65818424	65818516	RNA2935	92	13	5.654046127836829e-06	0.0	1.0	141304.34782608695
chr11	65819385	65819469	RNA2936	83	11	1.4747227561945857e-05	0.0	1.0	132530.12048192773
chr11	65821757	65821841	RNA2937	84	15	0.0005452190599801984	1.4707199625263456e-05	1.0	178571.42857142858
chr11	65874172	65874256	RNA2938	84	13	3.0657668573369506e-05	1.4707199625263456e-05	1.0	154761.90476190476
chr11	65879651	65879735	RNA2939	84	12	1.716625797598681e-05	1.4703300166729605e-05	1.0	142857.14285714284
chr11	65903488	65903580	RNA2940	92	13	0.00113650220429496	0.0	1.0	141304.34782608695
chr11	65919101	65919193	RNA2941	92	33	2.1563872768167243e-05	1.480209994042525e-05	1.0	358695.652173913
chr11	65921596	65921688	RNA2942	92	22	0.0016687134509331925	1.4701349755341653e-05	1.0	239130.4347826087
chr11	65932492	65932584	RNA2943	92	17	1.6405989192521368e-05	0.0	1.0	184782.60869565216
chr11	65983391	65983475	RNA2944	84	30	0.011678730917265056	0.0	0.9666666666666667	357142.85714285716
chr11	66005386	66005489	RNA2945	102	17	0.00020675263054085145	0.0	1.0	166666.66666666666
chr11	66005444	66005547	RNA2946	103	25	7.0586439687758685e-06	0.0	1.0	242718.44660194175
chr11	66005480	66005574	RNA2947	94	26	9.046334630861216e-06	1.4696400285174605e-05	1.0	276595.74468085106
chr11	66005495	66005589	RNA2948	94	25	2.292971610586384e-05	1.4696400285174605e-05	1.0	265957.44680851063
chr11	66005627	66005721	RNA2949	94	21	7.698819163557519e-06	0.0	1.0	223404.2553191489
chr11	66005720	66005812	RNA2950	92	19	2.9393726483817654e-05	0.0	1.0	206521.73913043478
chr11	66005742	66005845	RNA2951	103	19	2.7072731714528585e-05	0.0	1.0	184466.01941747573
chr11	66289161	66289255	RNA2952	94	20	5.147689944351441e-06	0.0	1.0	212765.95744680852
chr11	66289238	66289332	RNA2953	94	24	6.736916664825306e-06	0.0	1.0	255319.14893617018
chr11	66296865	66296968	RNA2954	103	23	3.898261737680432e-05	0.0	1.0	223300.97087378643
chr11	66298522	66298635	RNA2955	113	22	0.04546923357073948	1.4697199731017465e-05	0.9545454545454546	194690.26548672566
chr11	66298637	66298740	RNA2956	103	30	0.0023301301907243483	1.4697900041937828e-05	0.9666666666666667	291262.1359223301
chr11	66320288	66320401	RNA2957	113	24	9.18518336826916e-06	0.0	1.0	212389.38053097346
chr11	66325977	66326090	RNA2958	113	28	0.00013346963240629272	1.4709999959450215e-05	1.0	247787.61061946902
chr11	66372741	66372854	RNA2959	113	24	1.3473620962637748e-05	0.0	1.0	212389.38053097346
chr11	66373099	66373212	RNA2960	113	12	8.573533326246737e-06	7.346900019911118e-06	1.0	106194.69026548673
chr11	66378914	66379008	RNA2961	94	20	9.56552999014093e-06	1.470715005780221e-05	1.0	212765.95744680852
chr11	66387371	66387474	RNA2962	103	16	9.203175011407438e-06	0.0	1.0	155339.8058252427
chr11	66433205	66433326	RNA2963	121	12	1.8411358496450703e-05	1.4703699889651034e-05	1.0	99173.55371900827
chr11	66434768	66434881	RNA2964	113	16	0.0005526997688320956	1.4729949725733604e-05	1.0	141592.9203539823
chr11	66613875	66613975	RNA2965	100	18	1.5552011013316628e-05	0.0	1.0	180000.0
chr11	66847061	66847185	RNA2966	124	27	1.9070974202701764e-05	0.0	1.0	217741.93548387097
chr11	66847230	66847314	RNA2967	84	25	2.8234068267917667e-05	0.0	1.0	297619.04761904763
chr11	66973626	66973718	RNA2968	92	27	1.796729972098503e-05	1.4696799553348685e-05	1.0	293478.26086956525
chr11	67286995	67287089	RNA2969	94	14	0.0010518404159743729	7.347950031544315e-06	1.0	148936.17021276595
chr11	67289136	67289239	RNA2970	103	40	0.0006485264979573888	0.0	1.0	388349.5145631068
chr11	67315415	67315536	RNA2971	121	19	0.0003272256581591377	1.4698500308440998e-05	1.0	157024.79338842977
chr11	67315459	67315572	RNA2972	113	19	0.00036280282108092673	1.4698500308440998e-05	1.0	168141.59292035399
chr11	67426059	67426180	RNA2973	121	0				0.0
chr11	67427336	67427457	RNA2974	121	31	2.8481725401485415e-05	0.0	1.0	256198.347107438
chr11	67444643	67444764	RNA2975	121	22	8.69603185161726e-06	0.0	1.0	181818.18181818182
chr11	67448207	67448328	RNA2976	121	11	5.076811761351142e-05	1.4694600395159796e-05	1.0	90909.09090909091
chr11	67534388	67534488	RNA2977	98	14	2.8880021350881544e-05	1.4698100130772218e-05	1.0	142857.14285714284
chr11	67544087	67544208	RNA2978	121	16	0.036197865888141216	7.349050065386109e-06	0.875	132231.40495867768
chr11	67599038	67599294	RNA2979	256	46	3.680245093994814e-05	1.4698500308440998e-05	1.0	179687.5
chr11	67617338	67617438	RNA2980	100	15	1.86224263719222e-05	0.0	1.0	150000.0
chr11	67630556	67630656	RNA2981	100	41	0.0002592914251869	1.47024002217222e-05	1.0	410000.0
chr11	67651166	67651266	RNA2982	100	27	7.459344791034523e-05	1.470159986638464e-05	1.0	270000.0
chr11	67651426	67651526	RNA2983	98	18	0.0006349953636244079	7.350549822149332e-06	1.0	183673.46938775512
chr11	67716659	67716764	RNA2984	105	0				0.0
chr11	67717601	67717701	RNA2985	100	0				0.0
chr11	68449529	68449608	RNA2986	78	15	3.6778086966168614e-05	0.0	1.0	192307.6923076923
chr11	68449979	68450100	RNA2987	121	31	4.836202844025891e-05	1.4698100130772218e-05	1.0	256198.347107438
chr11	68639528	68639628	RNA2988	100	21	0.0027606187370024316	0.0	1.0	210000.0
chr11	69179472	69179628	RNA2989	156	29	4.213833045500124e-05	0.0	1.0	185897.4358974359
chr11	69186795	69186963	RNA2990	168	25	1.646316770347377e-05	0.0	1.0	148809.52380952382
chr11	69267565	69267632	RNA2991	67	17	1.0375258812821224e-05	0.0	1.0	253731.3432835821
chr11	70436612	70436697	RNA2992	85	31	0.00034610821318980384	1.4697199731017465e-05	1.0	364705.88235294115
chr11	70436793	70436878	RNA2993	85	5	3.5271800697940115e-05	1.4696400285174605e-05	1.0	58823.529411764706
chr11	70437271	70437356	RNA2994	85	16	6.429881125313841e-06	0.0	1.0	188235.29411764705
chr11	70437516	70437600	RNA2995	84	13	0.0001017420510414417	1.469549988541985e-05	1.0	154761.90476190476
chr11	70438370	70438462	RNA2996	92	20	4.997940618522599e-05	0.0	1.0	217391.30434782608
chr11	71274104	71274198	RNA2997	94	13	5.087771436452318e-05	0.0	1.0	138297.87234042553
chr11	71282824	71282927	RNA2998	103	31	2.1350754679820434e-05	1.4696400285174605e-05	1.0	300970.87378640776
chr11	71336038	71336151	RNA2999	113	17	1.4697929413260971e-05	0.0	1.0	150442.47787610622
chr11	71341470	71341555	RNA3000	85	18	6.450437892149785e-05	7.350350188062294e-06	1.0	211764.70588235295
chr11	71524781	71524879	RNA3001	98	19	0.10527321464724082	0.0	0.8947368421052632	193877.55102040817
chr11	72440496	72440575	RNA3002	79	16	1.1943800075187028e-05	1.469785001972923e-05	1.0	202531.64556962025
chr11	72441151	72441272	RNA3003	121	17	0.0023948577684624207	0.0	1.0	140495.86776859505
chr11	72565362	72565462	RNA3004	100	17	2.680582330118004e-05	1.4698500308440998e-05	1.0	170000.0
chr11	73243254	73243410	RNA3005	156	34	0.005920902323476394	1.470005008741282e-05	0.9705882352941176	217948.71794871794
chr11	73262444	73262523	RNA3006	79	11	0.09095320069073667	2.9398799597402103e-05	0.9090909090909091	139240.5063291139
chr11	73397518	73397597	RNA3007	79	16	1.1023968738749552e-05	0.0	1.0	202531.64556962025
chr11	73398045	73398124	RNA3008	79	20	1.2506984967328126e-05	0.0	1.0	253164.55696202532
chr11	73779196	73779275	RNA3009	79	11	2.1440564193070878e-05	1.4698100130772218e-05	1.0	139240.5063291139
chr11	73779558	73779637	RNA3010	79	25	2.469670816935691e-05	0.0	1.0	316455.6962025317
chr11	73784740	73784819	RNA3011	79	13	0.07695021583101781	1.4699399798701052e-05	0.9230769230769231	164556.96202531643
chr11	73934324	73934480	RNA3012	156	25	0.00010877211079786342	1.4700700376124589e-05	1.0	160256.41025641028
chr11	73993470	73993626	RNA3013	154	31	0.02013060870520407	1.4717100384586956e-05	0.967741935483871	201298.70129870131
chr11	73993930	73994086	RNA3014	156	24	2.2736753673294676e-05	0.0	1.0	153846.15384615384
chr11	74486085	74486241	RNA3015	156	17	1.3832970580551773e-05	0.0	1.0	108974.35897435897
chr11	74486605	74486761	RNA3016	156	29	0.0027440422810945265	1.4698999621032272e-05	0.9655172413793104	185897.4358974359
chr11	74487446	74487602	RNA3017	156	22	2.8068617211822348e-05	0.0	1.0	141025.64102564103
chr11	74670911	74670990	RNA3018	79	18	6.949754641835479e-05	7.41199983167462e-06	1.0	227848.10126582277
chr11	75097739	75097895	RNA3019	156	32	2.067103417857551e-05	1.4696799553348685e-05	1.0	205128.20512820513
chr11	75394241	75394326	RNA3020	85	16	0.003334792373152585	0.0	0.9375	188235.29411764705
chr11	75433635	75433733	RNA3021	98	22	1.0026527310070708e-05	7.350150099227904e-06	1.0	224489.79591836734
chr11	76346309	76346407	RNA3022	98	20	1.6901945127756334e-05	1.4697199731017465e-05	1.0	204081.63265306124
chr11	76425806	76425904	RNA3023	98	20	0.000385262155214145	1.4705450212204596e-05	1.0	204081.63265306124
chr11	76426509	76426607	RNA3024	98	22	1.8720304441638823e-05	7.353350156336092e-06	1.0	224489.79591836734
chr11	76563036	76563134	RNA3025	98	22	1.0694290929016212e-05	0.0	1.0	224489.79591836734
chr11	76564421	76564519	RNA3026	98	15	1.4697759615955874e-05	0.0	1.0	153061.22448979592
chr11	76581543	76581641	RNA3027	98	21	1.4062190400309946e-05	0.0	1.0	214285.71428571426
chr11	77315838	77315936	RNA3028	98	20	1.5433524777108686e-05	1.4698300219606608e-05	1.0	204081.63265306124
chr11	78589362	78589441	RNA3029	79	18	1.2250577836109895e-05	1.4699150142405415e-05	1.0	227848.10126582277
chr11	78594473	78594579	RNA3030	106	19	0.0007642867285061224	1.4698999621032272e-05	1.0	179245.28301886792
chr11	78594546	78594702	RNA3031	156	31	0.03264347002571031	0.0	0.967741935483871	198717.94871794872
chr11	79617282	79617380	RNA3032	98	21	0.04769184448919293	1.4697699953103438e-05	0.9523809523809523	214285.71428571426
chr11	82726388	82726494	RNA3033	106	24	0.0019662016592292245	1.469744984206045e-05	1.0	226415.09433962265
chr11	83130329	83130435	RNA3034	106	19	2.480276314025118e-05	1.4719300452270543e-05	1.0	179245.28301886792
chr11	83156830	83156936	RNA3035	106	22	7.349190954383547e-06	0.0	1.0	207547.16981132075
chr11	83156876	83156982	RNA3036	106	29	0.013231667415876181	0.0	0.9655172413793104	273584.90566037735
chr11	83428676	83428782	RNA3037	106	27	6.368866939332453e-05	0.0	1.0	254716.98113207548
chr11	83428735	83428841	RNA3038	106	25	2.057931196758884e-05	0.0	1.0	235849.05660377358
chr11	83430691	83430797	RNA3039	106	0				0.0
chr11	83454129	83454235	RNA3040	106	26	3.0527816061992634e-05	0.0	1.0	245283.01886792452
chr11	88248804	88248910	RNA3041	106	17	1.210584121187875e-05	1.4697199731017465e-05	1.0	160377.35849056602
chr11	89066110	89066328	RNA3042	218	46	0.0018834640885396073	7.349899988184916e-06	0.9782608695652174	211009.17431192662
chr11	89964966	89965077	RNA3043	0	0				
chr11	92898871	92899089	RNA3044	218	59	0.023786389432751676	1.4698100130772218e-05	0.9491525423728814	270642.20183486235
chr11	93660865	93661083	RNA3045	218	42	7.352359478404867e-06	0.0	1.0	192660.55045871562
chr11	93660974	93661192	RNA3046	215	48	0.00911930745500437	0.0	0.9791666666666666	223255.81395348837
chr11	93661317	93661535	RNA3047	218	59	0.00044950567685884794	0.0	1.0	270642.20183486235
chr11	93815938	93816156	RNA3048	218	40	1.5433142380059277e-05	0.0	1.0	183486.2385321101
chr11	93816762	93816980	RNA3049	218	30	9.33315332076745e-06	0.0	1.0	137614.6788990826
chr11	93905450	93905668	RNA3050	218	42	0.01302439382314852	1.469764993089484e-05	0.9761904761904762	192660.55045871562
chr11	93962186	93962297	RNA3051	111	16	2.572305550074634e-05	0.0	1.0	144144.14414414414
chr11	94926450	94926668	RNA3052	218	28	0.1026704585619882	7.349050065386109e-06	0.8928571428571429	128440.36697247707
chr11	94927693	94927804	RNA3053	111	15	1.7640460161298203e-05	0.0	1.0	135135.13513513515
chr11	94961918	94962029	RNA3054	108	19	1.0064000075784096e-05	0.0	1.0	175925.92592592593
chr11	94962209	94962320	RNA3055	111	23	0.0017183520083404833	0.0	1.0	207207.2072072072
chr11	95072257	95072368	RNA3056	106	19	5.9897316340969774e-06	0.0	1.0	179245.28301886792
chr11	95072892	95073003	RNA3057	111	28	8.81937974749486e-05	0.0	1.0	252252.25225225222
chr11	95074333	95074444	RNA3058	111	23	0.017891345328952528	0.0	0.9565217391304348	207207.2072072072
chr11	95971174	95971285	RNA3059	111	23	0.04614110381961561	0.0	0.9565217391304348	207207.2072072072
chr11	97059328	97059472	RNA3060	144	32	1.5627781237979244e-05	1.4704200111737007e-05	1.0	222222.22222222222
chr11	97714301	97714448	RNA3061	147	28	0.0020992299256314627	0.0	0.9642857142857143	190476.19047619047
chr11	98082860	98082929	RNA3062	69	13	7.582113917473209e-05	1.4716300029249396e-05	1.0	188405.79710144928
chr11	98330040	98330258	RNA3063	218	65	0.02629943217245734	0.0	0.9692307692307692	298165.1376146789
chr11	98947413	98947524	RNA3064	111	21	1.1929561922095123e-05	0.0	1.0	189189.1891891892
chr11	100531044	100531105	RNA3065	61	7	1.6802085805725904e-05	0.0	1.0	114754.09836065574
chr11	101013680	101013824	RNA3066	144	23	0.08340593040852778	1.4708900380355772e-05	0.8695652173913043	159722.22222222222
chr11	101873911	101874058	RNA3067	147	29	0.03454257677674769	1.4698100130772218e-05	0.9655172413793104	197278.91156462586
chr11	101879193	101879337	RNA3068	144	0				0.0
chr11	101884223	101884367	RNA3069	144	0				0.0
chr11	101889221	101889365	RNA3070	142	0				0.0
chr11	102009335	102009479	RNA3071	144	22	3.809781405420824e-05	1.4699199709866662e-05	1.0	152777.77777777778
chr11	102011142	102011286	RNA3072	144	34	8.21290284554433e-06	0.0	1.0	236111.1111111111
chr11	102042153	102042222	RNA3073	69	10	5.908509956498165e-06	0.0	1.0	144927.53623188406
chr11	102099811	102099955	RNA3074	144	24	0.016862314204521073	1.4698100130772218e-05	0.9583333333333334	166666.66666666666
chr11	102536332	102536479	RNA3075	147	28	0.01083282553856536	1.469744984206045e-05	0.9642857142857143	190476.19047619047
chr11	102708586	102708733	RNA3076	147	26	1.6588957875611333e-05	0.0	1.0	176870.74829931973
chr11	102711086	102711233	RNA3077	147	30	0.022513158622950866	7.347749942709925e-06	0.9333333333333333	204081.63265306124
chr11	102729360	102729507	RNA3078	147	30	0.0019591446787065496	1.470025017624721e-05	1.0	204081.63265306124
chr11	102737314	102737461	RNA3079	147	35	0.02866004969767216	1.4698500308440998e-05	0.9714285714285714	238095.23809523808
chr11	102845596	102845743	RNA3080	147	24	0.041678304166566704	1.470005008741282e-05	0.9583333333333334	163265.30612244896
chr11	102847108	102847234	RNA3081	126	23	1.91915044168725e-05	1.4707999980601016e-05	1.0	182539.68253968252
chr11	102955970	102956039	RNA3082	68	16	0.07258176475545497	0.0	0.875	235294.11764705883
chr11	103000599	103000743	RNA3083	144	21	2.659742802366122e-05	1.4696799553348685e-05	1.0	145833.33333333334
chr11	103046875	103046944	RNA3084	69	13	0.07700675612222067	1.4698500308440998e-05	0.9230769230769231	188405.79710144928
chr11	103047607	103047676	RNA3085	69	17	0.00020237562410542917	1.4703699889651034e-05	1.0	246376.8115942029
chr11	103099345	103099414	RNA3086	69	8	0.009461450092658188	0.0	0.875	115942.02898550725
chr11	103102867	103102936	RNA3087	69	7	4.207385765247247e-06	0.0	1.0	101449.27536231885
chr11	103104698	103104767	RNA3088	69	0				0.0
chr11	103906897	103906988	RNA3089	91	14	4.837795761755961e-05	7.354250101343496e-06	1.0	153846.15384615384
chr11	104168442	104168503	RNA3090	61	16	0.013439011705770547	1.4772349913982907e-05	0.9375	262295.08196721313
chr11	104169455	104169602	RNA3091	147	21	0.04808285287349247	0.0	0.9523809523809523	142857.14285714284
chr11	104170640	104170709	RNA3092	69	0				0.0
chr11	104927220	104927281	RNA3093	61	0				0.0
chr11	104978102	104978163	RNA3094	61	12	2.0831650620796592e-05	7.350150099227904e-06	1.0	196721.31147540984
chr11	104983930	104983991	RNA3095	61	9	4.9012444125966995e-06	0.0	1.0	147540.98360655736
chr11	105038469	105038530	RNA3096	61	0				0.0
chr11	105038576	105038637	RNA3097	61	0				0.0
chr11	105123863	105123924	RNA3098	61	0				0.0
chr11	105561062	105561144	RNA3099	82	10	0.0962932171517423	0.0	0.9	121951.21951219512
chr11	105563858	105563986	RNA3100	128	21	5.599438130351094e-06	0.0	1.0	164062.5
chr11	106023841	106023902	RNA3101	61	14	0.004652482634550584	0.0	0.9285714285714286	229508.19672131148
chr11	106174648	106174792	RNA3102	137	15	0.06670828907420702	1.4698100130772218e-05	0.9333333333333333	109489.05109489051
chr11	107020663	107020787	RNA3103	124	23	5.7534261545895236e-06	0.0	1.0	185483.87096774194
chr11	107032878	107033001	RNA3104	123	27	0.060511069143474205	1.4697199731017465e-05	0.9259259259259259	219512.19512195123
chr11	107051215	107051341	RNA3105	126	32	0.011624387079393724	1.4696999642183075e-05	0.96875	253968.25396825396
chr11	107325556	107325647	RNA3106	91	12	0.002783501110116037	7.348599865508732e-06	1.0	131868.13186813187
chr11	107688581	107688707	RNA3107	126	18	3.184667811082134e-05	7.348200142587302e-06	1.0	142857.14285714284
chr11	107720236	107720383	RNA3108	147	21	1.5397233342114902e-05	1.4697199731017465e-05	1.0	142857.14285714284
chr11	107783748	107783874	RNA3109	126	19	1.0057847391994743e-05	0.0	1.0	150793.6507936508
chr11	107784739	107784865	RNA3110	126	20	1.028902011057653e-05	0.0	1.0	158730.15873015873
chr11	107969616	107969833	RNA3111	217	48	1.2567812461838912e-05	0.0	1.0	221198.15668202765
chr11	107970053	107970179	RNA3112	126	32	0.005986978603033316	0.0	0.9375	253968.25396825396
chr11	107970079	107970205	RNA3113	126	29	0.0066032798826325114	0.0	0.9310344827586207	230158.73015873015
chr11	107971891	107972017	RNA3114	126	23	1.3422234666865299e-05	0.0	1.0	182539.68253968252
chr11	108001783	108001852	RNA3115	69	12	0.08314958620523309	1.47004502650816e-05	0.9166666666666666	173913.04347826086
chr11	108222638	108222729	RNA3116	91	25	1.293337201786926e-05	1.4694600395159796e-05	1.0	274725.27472527476
chr11	108222659	108222750	RNA3117	91	23	1.1501504480332622e-05	0.0	1.0	252747.25274725273
chr11	108222729	108222820	RNA3118	91	33	4.454949471850701e-05	1.4698500308440998e-05	1.0	362637.3626373626
chr11	108468992	108469083	RNA3119	91	21	0.0476554789753815	1.4708900380355772e-05	0.9523809523809523	230769.23076923078
chr11	108470962	108471053	RNA3120	91	14	1.3668114076738544e-05	1.4703950000694022e-05	1.0	153846.15384615384
chr11	108602826	108602917	RNA3121	91	11	2.1380745734363288e-05	1.4699799976369832e-05	1.0	120879.12087912088
chr11	108951458	108951584	RNA3122	126	36	0.003811115657097411	1.469590006308863e-05	0.9722222222222222	285714.2857142857
chr11	109233585	109233667	RNA3123	82	20	0.05000736028487154	0.0	0.95	243902.43902439025
chr11	109354660	109354721	RNA3124	61	20	8.819855020192336e-06	0.0	1.0	327868.8524590164
chr11	109354689	109354780	RNA3125	91	23	8.309800013312666e-06	0.0	1.0	252747.25274725273
chr11	109354791	109354873	RNA3126	82	13	0.07696266685420247	0.0	0.9230769230769231	158536.58536585365
chr11	109354829	109354911	RNA3127	82	13	0.07696153513874239	0.0	0.9230769230769231	158536.58536585365
chr11	109354830	109354958	RNA3128	128	20	0.05003455750534158	0.0	0.95	156250.0
chr11	109354990	109355072	RNA3129	82	11	0.00011096590209158889	1.4699799976369832e-05	1.0	134146.34146341463
chr11	110296744	110296826	RNA3130	82	33	0.00010579263559492533	1.4727499547007028e-05	1.0	402439.0243902439
chr11	110302915	110302997	RNA3131	81	15	0.06674765842102108	0.0	0.8666666666666667	185185.18518518517
chr11	110318838	110318966	RNA3132	128	22	2.0709131852279164e-05	1.4696999642183075e-05	1.0	171875.0
chr11	110414212	110414294	RNA3133	82	15	0.0045716059767073585	0.0	0.9333333333333333	182926.82926829267
chr11	110422891	110423019	RNA3134	128	26	1.1307465473901875e-05	0.0	1.0	203125.0
chr11	110429639	110429767	RNA3135	128	23	0.025942628366742014	1.4703299711982254e-05	0.9565217391304348	179687.5
chr11	110466075	110466203	RNA3136	128	16	0.00013139503170122698	1.4699400253448403e-05	1.0	125000.0
chr11	110471201	110471329	RNA3137	128	27	0.00021016541702718072	1.4698100130772218e-05	1.0	210937.5
chr11	110472924	110473052	RNA3138	128	23	0.00033591404755259677	1.4706700312672185e-05	1.0	179687.5
chr11	110887373	110887496	RNA3139	123	20	2.8664294950425563e-05	1.469704966439167e-05	1.0	162601.62601626015
chr11	110887939	110888063	RNA3140	124	20	0.015965919464633768	7.349250154220499e-06	0.9	161290.32258064515
chr11	111286465	111286547	RNA3141	81	8	2.4348524561894608e-05	1.4852149888611166e-05	1.0	98765.43209876542
chr11	111537060	111537188	RNA3142	128	16	6.43001508251459e-05	1.469590006308863e-05	1.0	125000.0
chr11	111778923	111779047	RNA3143	124	22	2.4062068033255263e-05	0.0	1.0	177419.3548387097
chr11	111780017	111780141	RNA3144	124	25	1.1171316109539476e-05	1.4697199731017465e-05	1.0	201612.90322580643
chr11	111781900	111782024	RNA3145	124	29	3.0917903414173184e-05	1.4696400285174605e-05	1.0	233870.96774193548
chr11	112022853	112023008	RNA3146	155	14	9.868852248472945e-05	0.0	1.0	90322.58064516129
chr11	112022956	112023173	RNA3147	217	31	0.020237649212914773	1.4696400285174605e-05	0.967741935483871	142857.14285714284
chr11	112023188	112023311	RNA3148	123	20	0.05052618272311519	1.4699150142405415e-05	0.95	162601.62601626015
chr11	112023310	112023434	RNA3149	124	27	1.4698400028227158e-05	1.4694600395159796e-05	1.0	217741.93548387097
chr11	112023434	112023557	RNA3150	123	14	2.7295127633154495e-05	0.0	1.0	113821.1382113821
chr11	112023991	112024114	RNA3151	123	14	5.252907093173624e-06	0.0	1.0	113821.1382113821
chr11	112024106	112024230	RNA3152	123	12	2.8311316858276115e-05	1.4729499980603578e-05	1.0	97560.9756097561
chr11	112024868	112024992	RNA3153	124	28	0.00040468011736395155	1.4697199731017465e-05	1.0	225806.4516129032
chr11	112383439	112383562	RNA3154	123	19	0.00048273871959137414	1.4697199731017465e-05	1.0	154471.54471544715
chr11	112384432	112384555	RNA3155	123	18	0.0001470455612333217	1.469744984206045e-05	1.0	146341.46341463414
chr11	112386036	112386199	RNA3156	163	27	0.07395581170782896	1.4697699953103438e-05	0.9259259259259259	165644.1717791411
chr11	112387807	112387930	RNA3157	123	0				0.0
chr11	112796630	112796756	RNA3158	126	19	2.630406384253314e-05	1.4696400285174605e-05	1.0	150793.6507936508
chr11	112881443	112881660	RNA3159	217	44	1.671204524261758e-05	0.0	1.0	202764.97695852537
chr11	112932849	112933066	RNA3160	217	42	1.4702259444933284e-05	0.0	1.0	193548.38709677418
chr11	112940855	112941072	RNA3161	217	31	0.0007050305592847114	1.4699399798701052e-05	1.0	142857.14285714284
chr11	112949516	112949639	RNA3162	123	27	0.0005940404709555695	1.4696799553348685e-05	1.0	219512.19512195123
chr11	112952769	112952893	RNA3163	124	25	0.040057656987264635	1.4696400285174605e-05	0.96	201612.90322580643
chr11	113383719	113383936	RNA3164	217	38	5.840421047315606e-05	1.4697199731017465e-05	1.0	175115.20737327187
chr11	113384114	113384331	RNA3165	217	21	1.8204285663070574e-05	1.4698100130772218e-05	1.0	96774.19354838709
chr11	113384621	113384838	RNA3166	217	37	4.131483657712307e-05	0.0	1.0	170506.91244239634
chr11	113400632	113400723	RNA3167	91	14	0.011279156446107658	0.0	0.9285714285714286	153846.15384615384
chr11	113658844	113658987	RNA3168	143	24	0.009649090811005102	0.0	0.9166666666666666	167832.16783216785
chr11	114451107	114451324	RNA3169	217	34	4.453379522280208e-05	7.348599865508732e-06	1.0	156682.02764976956
chr11	115166644	115166772	RNA3170	128	23	1.5979978185062942e-05	1.4697699953103438e-05	1.0	179687.5
chr11	115168316	115168398	RNA3171	82	18	2.531015560533322e-05	1.469569997425424e-05	1.0	219512.19512195123
chr11	115652535	115652690	RNA3172	155	46	0.019656498461363688	1.4697699953103438e-05	0.9782608695652174	296774.1935483871
chr11	116679471	116679634	RNA3173	163	33	3.3851352231011344e-05	0.0	1.0	202453.98773006134
chr11	116738858	116739013	RNA3174	155	17	2.7673429191476905e-05	0.0	1.0	109677.41935483871
chr11	116823667	116823822	RNA3175	155	32	1.194356244127448e-05	7.348399776674342e-06	1.0	206451.61290322582
chr11	116833158	116833281	RNA3176	123	32	0.031262860306554785	0.0	0.96875	260162.6016260163
chr11	116833480	116833604	RNA3177	124	21	3.009736181930662e-05	1.4698100130772218e-05	1.0	169354.8387096774
chr11	116833853	116834008	RNA3178	155	31	0.032330608672465684	0.0	0.967741935483871	200000.0
chr11	117108757	117108920	RNA3179	163	38	1.8181400072962502e-05	0.0	1.0	233128.8343558282
chr11	117108983	117109138	RNA3180	155	34	1.7296240885649022e-05	7.347300197579898e-06	1.0	219354.83870967742
chr11	117109793	117109948	RNA3181	155	55	0.0050752166345939065	0.0	0.9636363636363636	354838.7096774194
chr11	117113706	117113861	RNA3182	155	38	6.30659686210342e-05	1.4701600321131991e-05	1.0	245161.29032258064
chr11	117177926	117178089	RNA3183	163	31	7.586409669930882e-06	0.0	1.0	190184.04907975462
chr11	117178185	117178348	RNA3184	163	39	0.0018629456092709813	0.0	1.0	239263.8036809816
chr11	117413463	117413626	RNA3185	163	20	1.2493534995883238e-05	7.347549853875535e-06	1.0	122699.38650306748
chr11	117413539	117413702	RNA3186	163	23	1.6620117291851152e-05	1.4698100130772218e-05	1.0	141104.2944785276
chr11	117414271	117414434	RNA3187	163	36	0.007283002716399597	0.0	0.9444444444444444	220858.89570552149
chr11	117878397	117878540	RNA3188	143	34	0.0024104543062468667	0.0	1.0	237762.23776223775
chr11	117894188	117894343	RNA3189	155	33	0.06100749131664171	1.4700700376124589e-05	0.9393939393939394	212903.2258064516
chr11	118191876	118192039	RNA3190	163	38	1.8179866090479567e-05	0.0	1.0	233128.8343558282
chr11	118274466	118274683	RNA3191	212	40	0.00041759852415452337	1.4699150142405415e-05	1.0	188679.24528301888
chr11	118356338	118356481	RNA3192	143	27	3.431540817136114e-05	1.47024002217222e-05	1.0	188811.1888111888
chr11	118358200	118358343	RNA3193	143	35	0.023114218429041752	1.4700700376124589e-05	0.9714285714285714	244755.24475524476
chr11	118358419	118358562	RNA3194	143	17	2.0757176731848006e-05	1.4698500308440998e-05	1.0	118881.11888111888
chr11	118680108	118680251	RNA3195	137	15	0.0043424509528146174	1.4869399819872342e-05	0.9333333333333333	109489.05109489051
chr11	118682729	118682872	RNA3196	141	10	0.032760279092144615	0.0	0.9	70921.98581560283
chr11	118799162	118799305	RNA3197	143	23	1.2144491333658706e-05	0.0	1.0	160839.16083916085
chr11	119746873	119747016	RNA3198	143	29	0.0027179601246298864	0.0	0.9655172413793104	202797.20279720277
chr11	119747007	119747076	RNA3199	69	18	0.05557434211085718	7.347549853875535e-06	0.9444444444444444	260869.5652173913
chr11	121219589	121219789	RNA3200	200	36	0.00417692991929167	1.4698100130772218e-05	0.9722222222222222	180000.0
chr11	121274355	121274464	RNA3201	109	11	0.09091578637236869	1.47024002217222e-05	0.9090909090909091	100917.43119266056
chr11	121634802	121634957	RNA3202	155	27	2.6130196837817193e-05	0.0	1.0	174193.5483870968
chr11	122027858	122028021	RNA3203	163	27	0.0371766216630931	0.0	0.9259259259259259	165644.1717791411
chr11	123677736	123677879	RNA3204	143	26	9.61049622324376e-06	0.0	1.0	181818.18181818182
chr11	123678943	123679012	RNA3205	69	14	6.300114169529739e-06	0.0	1.0	202898.5507246377
chr11	124610580	124610649	RNA3206	69	12	1.2248141426122553e-05	7.348200142587302e-06	1.0	173913.04347826086
chr11	124621613	124621682	RNA3207	69	10	2.9393159911699152e-05	7.348599865508732e-06	1.0	144927.53623188406
chr11	124622359	124622428	RNA3208	69	18	3.347636099230519e-05	1.4696549897053046e-05	1.0	260869.5652173913
chr11	124697754	124697823	RNA3209	69	10	0.0006599442403967199	7.349250154220499e-06	1.0	144927.53623188406
chr11	124706375	124706444	RNA3210	69	16	0.06251102493098415	0.0	0.9375	231884.0579710145
chr11	124752399	124752468	RNA3211	69	11	8.016872429421214e-06	0.0	1.0	159420.28985507245
chr11	125141335	125141535	RNA3212	200	46	3.7068988762175615e-05	0.0	1.0	230000.0
chr11	125148808	125148917	RNA3213	109	17	0.04119031744015528	1.4698500308440998e-05	0.8823529411764706	155963.3027522936
chr11	125944467	125944593	RNA3214	126	20	0.00556160347377954	0.0	0.95	158730.15873015873
chr11	125944848	125944917	RNA3215	69	9	0.00015753434015802417	0.0	1.0	130434.78260869565
chr11	125945055	125945221	RNA3216	166	29	0.019949124328690976	1.4698100130772218e-05	0.9655172413793104	174698.7951807229
chr11	126089802	126090002	RNA3217	200	36	0.01611488805120744	0.0	0.9444444444444444	180000.0
chr11	126189114	126189223	RNA3218	109	33	0.03031327597895914	1.4698500308440998e-05	0.9696969696969697	302752.29357798165
chr11	126196512	126196621	RNA3219	109	25	0.011523189883919255	1.4716700206918176e-05	0.96	229357.79816513762
chr11	126197490	126197599	RNA3220	109	13	7.91429990315989e-06	0.0	1.0	119266.05504587157
chr11	126200234	126200434	RNA3221	200	46	0.0026145969578741882	0.0	0.9782608695652174	230000.0
chr11	126200360	126200560	RNA3222	200	40	3.0138282158981304e-05	0.0	1.0	200000.0
chr11	127006453	127006653	RNA3223	200	40	0.028483739475063878	7.347549853875535e-06	0.95	200000.0
chr11	127006749	127006858	RNA3224	109	19	0.00013313272670768293	1.4723200365551747e-05	1.0	174311.9266055046
chr11	127006894	127007003	RNA3225	109	22	8.018613698368426e-06	0.0	1.0	201834.86238532112
chr11	127008312	127008512	RNA3226	200	34	8.64638241182547e-06	0.0	1.0	170000.0
chr11	127008352	127008461	RNA3227	109	17	8.647411799328812e-06	0.0	1.0	155963.3027522936
chr11	127009457	127009657	RNA3228	200	49	0.00023187909684974027	1.4699799976369832e-05	1.0	245000.0
chr11	127181483	127181683	RNA3229	200	39	0.0261471106194175	1.4698100130772218e-05	0.9487179487179487	195000.0
chr11	127359850	127359959	RNA3230	109	27	1.5242618617237355e-05	1.4696400285174605e-05	1.0	247706.42201834865
chr11	129338410	129338536	RNA3231	126	22	0.04546323057725617	0.0	0.9545454545454546	174603.1746031746
chr11	129338461	129338624	RNA3232	163	25	0.04001704976773908	0.0	0.96	153374.23312883437
chr11	129354216	129354382	RNA3233	166	34	0.0067060055106434	0.0	0.9705882352941176	204819.27710843371
chr11	129364742	129364811	RNA3234	69	4	2.94212495646e-05	0.0	1.0	57971.014492753624
chr11	130056548	130056674	RNA3235	126	17	2.162338258879774e-05	0.0	1.0	134920.6349206349
chr11	130146908	130147034	RNA3236	126	23	0.0007794099917942762	0.0	1.0	182539.68253968252
chr11	130156069	130156195	RNA3237	126	22	1.8712168143376043e-05	1.4699599887535442e-05	1.0	174603.1746031746
chr11	130211191	130211317	RNA3238	126	28	0.00831131862358753	7.348399776674342e-06	0.9642857142857143	222222.22222222222
chr11	130218392	130218518	RNA3239	126	21	1.6798343061791022e-05	1.4698100130772218e-05	1.0	166666.66666666666
chr11	130224792	130224918	RNA3240	126	24	0.000105942742303944	1.469744984206045e-05	1.0	190476.19047619047
chr11	130447665	130447831	RNA3241	166	0				0.0
chr11	130447684	130447850	RNA3242	163	0				0.0
chr11	130447687	130447853	RNA3243	163	0				0.0
chr11	130483141	130483307	RNA3244	166	29	0.034519249961798275	0.0	0.9655172413793104	174698.7951807229
chr11	130485461	130485627	RNA3245	166	30	0.033394090269424234	1.4699599887535442e-05	0.9666666666666667	180722.89156626505
chr11	130560627	130560793	RNA3246	166	39	0.0012981011686861118	1.4697699953103438e-05	1.0	234939.7590361446
chr11	131018274	131018440	RNA3247	166	40	0.024851181921144418	0.0	0.975	240963.85542168675
chr11	131019299	131019499	RNA3248	200	36	1.961376685559987e-05	7.348599865508732e-06	1.0	180000.0
chr11	131021842	131021951	RNA3249	109	15	9.80248684451605e-06	0.0	1.0	137614.6788990826
chr11	131023735	131023861	RNA3250	126	26	0.00029516133683779784	0.0	1.0	206349.20634920633
chr11	133821725	133821888	RNA3251	163	33	0.02756809697188366	1.469549988541985e-05	0.9696969696969697	202453.98773006134
chr11	134068391	134068554	RNA3252	163	36	1.4289672334495679e-05	1.469529979658546e-05	1.0	220858.89570552149
chr11	134068478	134068641	RNA3253	163	35	1.5957440129047106e-05	1.469590006308863e-05	1.0	214723.9263803681
chr11	134068643	134068806	RNA3254	163	26	8.47944626842094e-06	0.0	1.0	159509.20245398773
chr11	134247919	134248082	RNA3255	163	36	4.9400785959123936e-05	7.347950031544315e-06	1.0	220858.89570552149
chr11	134248009	134248172	RNA3256	163	41	0.00010468007577600185	1.4698999621032272e-05	1.0	251533.74233128835
chr11	134327470	134327633	RNA3257	163	43	3.897639151038143e-05	1.4698100130772218e-05	1.0	263803.68098159507
chr12	13697	13855	RNA3258	158	0				0.0
chr12	13749	13907	RNA3259	158	0				0.0
chr12	1499112	1499208	RNA3260	96	22	6.881266604481718e-05	7.348599865508732e-06	1.0	229166.66666666666
chr12	1945499	1945752	RNA3261	253	53	0.0012070493609980736	0.0	1.0	209486.16600790515
chr12	2941631	2941884	RNA3262	253	57	0.014018951490518367	0.0	0.9824561403508771	225296.44268774704
chr12	2941752	2942005	RNA3263	253	71	0.011250315184119706	0.0	0.9859154929577465	280632.41106719367
chr12	2943280	2943533	RNA3264	253	55	1.5772458193001797e-05	0.0	1.0	217391.30434782608
chr12	3047129	3047382	RNA3265	252	64	0.031271868589030305	1.4699000075779622e-05	0.96875	253968.25396825396
chr12	3047584	3047837	RNA3266	253	48	0.020853546516737726	1.4698100130772218e-05	0.9791666666666666	189723.32015810275
chr12	3072610	3072863	RNA3267	253	37	0.013554939259823156	0.0	0.972972972972973	146245.05928853754
chr12	4027102	4027355	RNA3268	253	45	0.0012000252464632506	1.4701099644298664e-05	0.9777777777777777	177865.61264822134
chr12	4236195	4236353	RNA3269	158	25	0.025515284752109433	1.4701099644298664e-05	0.96	158227.84810126584
chr12	4877414	4877576	RNA3270	162	45	0.05459965708266989	1.4694600395159796e-05	0.9333333333333333	277777.7777777778
chr12	5075505	5075680	RNA3271	175	36	2.7357433181241456e-05	0.0	1.0	205714.2857142857
chr12	5092862	5092958	RNA3272	96	15	1.080450662508762e-05	0.0	1.0	156250.0
chr12	5384433	5384539	RNA3273	106	16	0.0014476793302833346	7.348200142587302e-06	1.0	150943.3962264151
chr12	5385550	5385794	RNA3274	244	46	1.62993238202173e-05	1.4695950085297227e-05	1.0	188524.59016393442
chr12	5385847	5385908	RNA3275	61	11	0.09092378999097987	1.4699799976369832e-05	0.9090909090909091	180327.868852459
chr12	5525706	5525800	RNA3276	94	17	1.5017894036324887e-05	1.470159986638464e-05	1.0	180851.06382978725
chr12	6125743	6125839	RNA3277	96	30	0.03321026943140167	7.348849976551719e-06	0.9666666666666667	312500.0
chr12	6182012	6182108	RNA3278	96	18	1.5515422294103054e-05	0.0	1.0	187500.0
chr12	6198362	6198458	RNA3279	96	23	0.061576938105328896	1.4696799553348685e-05	0.9130434782608695	239583.33333333334
chr12	6299751	6299847	RNA3280	96	23	0.0003841788869502275	0.0	1.0	239583.33333333334
chr12	6301905	6302001	RNA3281	96	0				0.0
chr12	6344303	6344399	RNA3282	95	18	1.6080055451715856e-05	1.4772249869565712e-05	1.0	189473.68421052632
chr12	7235361	7235457	RNA3283	96	12	6.614764113995279e-05	1.469984999857843e-05	1.0	125000.0
chr12	8027667	8027920	RNA3284	245	48	1.0959852147607307e-05	0.0	1.0	195918.36734693876
chr12	8072188	8072346	RNA3285	158	28	7.3506750725625484e-06	0.0	1.0	177215.18987341772
chr12	8679764	8679922	RNA3286	158	17	5.5337194627247636e-05	1.4698100130772218e-05	1.0	107594.93670886077
chr12	8679861	8680019	RNA3287	158	20	4.483210541365305e-05	1.4698100130772218e-05	1.0	126582.27848101266
chr12	8680169	8680327	RNA3288	158	56	0.0004956669660357021	1.47024002217222e-05	1.0	354430.37974683545
chr12	8680965	8681127	RNA3289	162	29	3.8072497051773964e-05	0.0	1.0	179012.34567901233
chr12	8681051	8681226	RNA3290	175	34	2.682200339917689e-05	0.0	1.0	194285.7142857143
chr12	8681153	8681397	RNA3291	244	40	0.025011763267934833	0.0	0.975	163934.4262295082
chr12	9662590	9662748	RNA3292	158	29	1.5206703335868343e-05	0.0	1.0	183544.30379746837
chr12	9662617	9662775	RNA3293	158	31	2.8452357582856552e-05	1.4694200217491016e-05	1.0	196202.5316455696
chr12	9662798	9662859	RNA3294	61	13	1.2438153904580618e-05	0.0	1.0	213114.75409836063
chr12	9662838	9662996	RNA3295	158	30	1.7147799887122044e-05	1.4696599919261644e-05	1.0	189873.417721519
chr12	9663425	9663519	RNA3296	94	17	7.780094218854656e-06	0.0	1.0	180851.06382978725
chr12	9663684	9663790	RNA3297	106	16	0.08166488211691103	1.4698950053571025e-05	0.875	150943.3962264151
chr12	9763417	9763579	RNA3298	159	23	3.569421416772034e-05	1.4728800124430563e-05	1.0	144654.08805031446
chr12	9811514	9811676	RNA3299	162	27	3.6473414150316046e-05	0.0	1.0	166666.66666666666
chr12	9811647	9811809	RNA3300	162	20	0.033977124078319314	0.0	0.95	123456.79012345678
chr12	9873339	9873501	RNA3301	162	37	0.015162907681819021	1.4698999621032272e-05	0.972972972972973	228395.06172839506
chr12	9876073	9876235	RNA3302	162	0				0.0
chr12	9945884	9946059	RNA3303	175	44	7.250353097663856e-05	0.0	1.0	251428.57142857145
chr12	9947880	9948042	RNA3304	162	42	7.702033296178948e-06	0.0	1.0	259259.25925925924
chr12	10066351	10066526	RNA3305	175	30	1.8619470029077955e-05	0.0	1.0	171428.57142857142
chr12	10066402	10066646	RNA3306	244	54	0.03704874313143591	0.0	0.9629629629629629	221311.47540983607
chr12	10068448	10068623	RNA3307	175	21	2.799631913928126e-05	0.0	1.0	120000.0
chr12	10114101	10114276	RNA3308	175	34	0.029590865982915115	1.4701150121254614e-05	0.9705882352941176	194285.7142857143
chr12	10114566	10114741	RNA3309	175	31	0.00014131159643452525	0.0	1.0	177142.85714285713
chr12	10147020	10147264	RNA3310	244	41	1.3983319393711625e-05	0.0	1.0	168032.7868852459
chr12	10157900	10158144	RNA3311	244	61	0.008881665488977468	0.0	0.9672131147540983	250000.0
chr12	10192687	10192931	RNA3312	243	57	0.029828861697464352	1.470460028940579e-05	0.9649122807017544	234567.9012345679
chr12	10194032	10194276	RNA3313	238	67	1.9474998374950312e-05	1.471759969717823e-05	1.0	281512.60504201683
chr12	10195691	10195866	RNA3314	175	40	0.005070955489372861	0.0	0.95	228571.42857142855
chr12	10202372	10202433	RNA3315	61	15	1.6697433663157196e-05	0.0	1.0	245901.63934426228
chr12	10202584	10202742	RNA3316	158	30	0.0018300496186990734	0.0	0.9666666666666667	189873.417721519
chr12	10225337	10225443	RNA3317	106	34	0.00015614710446243212	7.350350188062294e-06	1.0	320754.71698113205
chr12	10225678	10225739	RNA3318	61	20	0.0006440921452849477	1.4697199731017465e-05	1.0	327868.8524590164
chr12	10225685	10225746	RNA3319	61	22	0.000585538313895407	1.4697199731017465e-05	1.0	360655.737704918
chr12	10225702	10225946	RNA3320	239	125	0.008641429877490728	1.4699799976369832e-05	0.984	523012.55230125523
chr12	10329781	10329887	RNA3321	106	25	0.040004118876022406	0.0	0.96	235849.05660377358
chr12	10330018	10330079	RNA3322	61	19	0.012504900323380606	1.470200004405342e-05	0.9473684210526315	311475.4098360656
chr12	10330207	10330301	RNA3323	94	17	1.383597656754051e-05	1.4700300198455809e-05	1.0	180851.06382978725
chr12	10330800	10330906	RNA3324	106	17	0.0005103034054092562	0.0	1.0	160377.35849056602
chr12	10331066	10331160	RNA3325	94	19	1.6248242230319876e-05	1.4697199731017465e-05	1.0	202127.65957446807
chr12	10331557	10331651	RNA3326	94	16	0.00014518351838431324	1.4701749933010433e-05	1.0	170212.7659574468
chr12	10331840	10331901	RNA3327	61	10	7.350349915213883e-06	7.349499810516136e-06	1.0	163934.4262295082
chr12	10457970	10458076	RNA3328	106	26	0.00015778878472561827	0.0	1.0	245283.01886792452
chr12	10458984	10459078	RNA3329	94	16	0.06248063423328176	1.470005008741282e-05	0.9375	170212.7659574468
chr12	10460201	10460295	RNA3330	94	15	0.015584574413029855	1.470200004405342e-05	0.9333333333333333	159574.4680851064
chr12	10463735	10463796	RNA3331	61	17	0.009626228294965742	1.4697199731017465e-05	0.9411764705882353	278688.5245901639
chr12	10470603	10470709	RNA3332	106	25	0.000298112035998192	1.4697199731017465e-05	1.0	235849.05660377358
chr12	10483326	10483432	RNA3333	106	22	0.00045443752688614883	0.0	1.0	207547.16981132075
chr12	10552384	10552478	RNA3334	94	16	6.066094459810999e-05	0.0	1.0	170212.7659574468
chr12	10814388	10814550	RNA3335	162	33	0.012145243404588791	0.0	0.9696969696969697	203703.70370370368
chr12	11176696	11176940	RNA3336	244	31	3.6042721530383385e-05	0.0	1.0	127049.18032786886
chr12	11177369	11177544	RNA3337	161	52	0.02035457696192329	1.5240100310620619e-05	0.9807692307692307	322981.36645962734
chr12	11210077	11210138	RNA3338	61	7	8.402871312033053e-06	0.0	1.0	114754.09836065574
chr12	11211519	11211615	RNA3339	96	15	1.3724346354135933e-05	0.0	1.0	156250.0
chr12	11501981	11502087	RNA3340	106	15	1.3720566494157538e-05	1.4699399798701052e-05	1.0	141509.43396226416
chr12	11502003	11502097	RNA3341	94	13	1.243898448312673e-05	0.0	1.0	138297.87234042553
chr12	11503700	11503793	RNA3342	93	16	0.0006154776224320731	0.0	1.0	172043.0107526882
chr12	14199813	14199971	RNA3343	158	32	0.005479941939597661	1.4695950085297227e-05	0.96875	202531.64556962025
chr12	14502934	14503096	RNA3344	162	24	0.00019723924538083955	0.0	1.0	148148.14814814815
chr12	15008815	15009059	RNA3345	244	40	0.007228388947441997	0.0	0.975	163934.4262295082
chr12	15012065	15012159	RNA3346	77	15	0.06866582998651816	3.846449908451177e-05	0.8666666666666667	194805.19480519483
chr12	15018188	15018294	RNA3347	106	19	6.193247444523302e-06	0.0	1.0	179245.28301886792
chr12	15019774	15019949	RNA3348	175	26	6.787719170321137e-06	0.0	1.0	148571.42857142858
chr12	15022363	15022424	RNA3349	61	13	1.0184553782612336e-05	1.4707999980601016e-05	1.0	213114.75409836063
chr12	15614941	15615034	RNA3350	93	17	1.0378270791774156e-05	0.0	1.0	182795.6989247312
chr12	15904505	15904645	RNA3351	140	32	0.031617949414112445	0.0	0.96875	228571.42857142855
chr12	16039908	16040001	RNA3352	93	20	1.1761050109271309e-05	0.0	1.0	215053.76344086023
chr12	16040897	16040990	RNA3353	93	12	1.3477083560549849e-05	7.349050065386109e-06	1.0	129032.25806451612
chr12	16044799	16044892	RNA3354	93	20	0.0003079581445945178	0.0	1.0	215053.76344086023
chr12	17405958	17406051	RNA3355	93	38	0.017031132934239152	7.348849976551719e-06	0.9473684210526315	408602.15053763444
chr12	17418836	17418929	RNA3356	93	7	0.023801056046197897	0.0	0.8571428571428571	75268.81720430107
chr12	17419785	17419878	RNA3357	93	0				0.0
chr12	17425245	17425338	RNA3358	93	14	1.1551935650848983e-05	7.349250154220499e-06	1.0	150537.63440860214
chr12	20169766	20169906	RNA3359	140	27	0.006454465628074234	1.4700700376124589e-05	0.9629629629629629	192857.14285714287
chr12	20338595	20338735	RNA3360	140	19	6.962989477630656e-06	0.0	1.0	135714.2857142857
chr12	20340395	20340535	RNA3361	140	28	0.00041447022860145803	1.4704799923492828e-05	1.0	200000.0
chr12	20343666	20343806	RNA3362	140	21	5.8861571839461604e-05	1.471759969717823e-05	1.0	150000.0
chr12	20347637	20347730	RNA3363	93	15	6.865306628848582e-06	0.0	1.0	161290.32258064515
chr12	21519454	21519594	RNA3364	140	28	9.974721349083535e-06	1.469590006308863e-05	1.0	200000.0
chr12	21521313	21521453	RNA3365	140	27	0.005827748782529074	0.0	0.9629629629629629	192857.14285714287
chr12	21521708	21521848	RNA3366	140	22	1.5436022915143486e-05	1.4698300219606608e-05	1.0	157142.85714285713
chr12	21950297	21950437	RNA3367	140	29	9.150872411452886e-06	0.0	1.0	207142.85714285716
chr12	25738704	25738844	RNA3368	140	33	1.514606342287391e-05	0.0	1.0	235714.2857142857
chr12	26968060	26968226	RNA3369	166	25	3.058562411751593e-05	0.0	1.0	150602.40963855424
chr12	30906109	30906275	RNA3370	166	19	1.0064815844663444e-05	1.4703299711982254e-05	1.0	114457.8313253012
chr12	31792533	31792699	RNA3371	166	33	0.02160650277575328	1.4700300198455809e-05	0.9696969696969697	198795.18072289156
chr12	31793486	31793652	RNA3372	166	37	0.006275022168960566	1.4722800187882967e-05	0.9459459459459459	222891.56626506025
chr12	31795378	31795544	RNA3373	164	27	0.0052903236623428156	1.4749300135008523e-05	0.9629629629629629	164634.14634146343
chr12	31996038	31996204	RNA3374	166	36	0.00923700445135485	1.469590006308863e-05	0.9722222222222222	216867.4698795181
chr12	31996409	31996575	RNA3375	166	32	1.5620096917243897e-05	0.0	1.0	192771.0843373494
chr12	32086706	32086872	RNA3376	165	27	0.024323106340388118	1.4731000192114152e-05	0.9629629629629629	163636.36363636365
chr12	33004068	33004234	RNA3377	166	28	7.089208751104793e-05	7.348399776674342e-06	1.0	168674.6987951807
chr12	36674726	36674892	RNA3378	0	0				
chr12	40597558	40597685	RNA3379	127	26	0.015100678473922572	0.0	0.9615384615384616	204724.4094488189
chr12	44421470	44421597	RNA3380	127	19	2.7848268281989738e-05	0.0	1.0	149606.29921259845
chr12	44421884	44422031	RNA3381	147	30	0.09082875905132824	1.4697900041937828e-05	0.9	204081.63265306124
chr12	44929930	44930067	RNA3382	137	26	1.1307780718757735e-05	7.348399776674342e-06	1.0	189781.02189781022
chr12	44963924	44964006	RNA3383	82	22	0.04490392684564623	1.4699400253448403e-05	0.9545454545454546	268292.68292682926
chr12	45117353	45117480	RNA3384	125	31	0.09425538385969576	1.4814399946772028e-05	0.9032258064516129	248000.0
chr12	45136005	45136132	RNA3385	127	27	0.07442203154830539	1.4697199731017465e-05	0.9259259259259259	212598.4251968504
chr12	45136153	45136280	RNA3386	127	26	0.09199092799099162	1.4698749964736635e-05	0.8846153846153846	204724.4094488189
chr12	45612159	45612286	RNA3387	127	15	0.0001979119961106291	0.0	1.0	118110.23622047243
chr12	45616084	45616211	RNA3388	127	26	0.0715953266773375	0.0	0.9230769230769231	204724.4094488189
chr12	45624198	45624325	RNA3389	127	16	5.786940164397586e-05	0.0	1.0	125984.25196850393
chr12	46113587	46113662	RNA3390	75	21	0.00014604313920633762	0.0	1.0	280000.0
chr12	46348436	46348535	RNA3391	99	24	4.594106940203171e-05	0.0	1.0	242424.24242424243
chr12	46376954	46377081	RNA3392	127	25	0.040077025907521595	0.0	0.96	196850.39370078742
chr12	48147446	48147593	RNA3393	147	22	1.8037845289985523e-05	1.4696999642183075e-05	1.0	149659.86394557822
chr12	48333077	48333214	RNA3394	0	0				
chr12	48963395	48963477	RNA3395	82	18	0.004066118610959772	1.4710200048284605e-05	0.9444444444444444	219512.19512195123
chr12	48992546	48992693	RNA3396	147	35	2.2712656885098747e-05	1.4703699889651034e-05	1.0	238095.23809523808
chr12	49080721	49080868	RNA3397	147	29	0.01388860256981294	0.0	0.9655172413793104	197278.91156462586
chr12	49084008	49084155	RNA3398	147	0				0.0
chr12	49275160	49275307	RNA3399	147	21	3.359198607150632e-05	1.469509970775107e-05	1.0	142857.14285714284
chr12	49278462	49278609	RNA3400	145	25	3.0212460114851796e-05	1.4710600225953384e-05	1.0	172413.7931034483
chr12	49278462	49278609	RNA3401	145	25	3.0212460114851796e-05	1.4710600225953384e-05	1.0	172413.7931034483
chr12	49530264	49530401	RNA3402	137	38	0.0007121277395335142	1.4712150004925206e-05	1.0	277372.26277372264
chr12	49531128	49531219	RNA3403	91	16	1.1945531241508434e-05	0.0	1.0	175824.17582417585
chr12	49536198	49536335	RNA3404	137	14	0.07143277048583384	1.469724975322606e-05	0.9285714285714286	102189.78102189781
chr12	49536386	49536523	RNA3405	137	20	2.3522125138695267e-05	0.0	1.0	145985.401459854
chr12	49766859	49766996	RNA3406	137	32	0.00248835109420042	1.4703950000694022e-05	0.96875	233576.6423357664
chr12	49767266	49767403	RNA3407	137	28	0.00011762469018451539	1.4700699921377236e-05	1.0	204379.56204379562
chr12	49767282	49767419	RNA3408	137	29	0.00010646799744100658	1.4699399798701052e-05	1.0	211678.8321167883
chr12	49860916	49860998	RNA3409	82	0				0.0
chr12	49947558	49947640	RNA3410	82	11	2.6722136763877315e-05	0.0	1.0	134146.34146341463
chr12	49948577	49948659	RNA3411	82	14	1.8900592814523323e-05	1.4699199709866662e-05	1.0	170731.7073170732
chr12	50040391	50040473	RNA3412	82	19	0.05256038124432387	0.0	0.9473684210526315	231707.31707317074
chr12	50043541	50043623	RNA3413	82	17	0.0061283948855763	1.4700700376124589e-05	0.9411764705882353	207317.0731707317
chr12	50044423	50044505	RNA3414	82	14	4.830132073557764e-05	7.349499810516136e-06	1.0	170731.7073170732
chr12	50101033	50101108	RNA3415	75	22	1.3365136386379493e-05	0.0	1.0	293333.3333333333
chr12	50111609	50111756	RNA3416	147	26	1.6395596258704874e-05	1.469509970775107e-05	1.0	176870.74829931973
chr12	50175084	50175211	RNA3417	127	22	0.00959064785340822	1.4890500096953474e-05	0.9545454545454546	173228.3464566929
chr12	50175541	50175640	RNA3418	99	12	1.7152641703424787e-05	0.0	1.0	121212.12121212122
chr12	50822410	50822547	RNA3419	137	19	0.001154687752731601	1.469590006308863e-05	1.0	138686.13138686132
chr12	50976726	50976801	RNA3420	75	11	2.806508134446003e-05	1.4697699953103438e-05	1.0	146666.66666666666
chr12	50978564	50978646	RNA3421	80	14	2.5713706950876975e-05	0.0	1.0	175000.0
chr12	51032654	51032757	RNA3422	103	0				0.0
chr12	51083754	51083829	RNA3423	75	32	1.6076271805327435e-05	0.0	1.0	426666.6666666667
chr12	51084013	51084088	RNA3424	74	17	0.00025292218978231724	1.476319994253572e-05	1.0	229729.72972972973
chr12	51176227	51176302	RNA3425	75	13	0.05109473546746392	0.0	0.9230769230769231	173333.33333333334
chr12	51179521	51179596	RNA3426	75	15	1.76518467317995e-05	1.4707999980601016e-05	1.0	200000.0
chr12	51228505	51228616	RNA3427	111	27	1.8513237153926265e-05	1.4697699953103438e-05	1.0	243243.24324324325
chr12	51228760	51228859	RNA3428	99	14	3.99040216377298e-05	0.0	1.0	141414.1414141414
chr12	51278628	51278703	RNA3429	75	10	4.115883039047748e-05	1.470005008741282e-05	1.0	133333.33333333334
chr12	51325622	51325721	RNA3430	99	18	0.05557271661114606	0.0	0.9444444444444444	181818.18181818182
chr12	51326414	51326528	RNA3431	114	16	9.186668592064963e-06	0.0	1.0	140350.87719298244
chr12	51328108	51328207	RNA3432	99	32	0.0033591738950633403	0.0	0.96875	323232.3232323233
chr12	51347014	51347113	RNA3433	99	22	0.018589548897704252	1.4698950053571025e-05	0.9090909090909091	222222.22222222222
chr12	51348868	51348967	RNA3434	99	11	6.7071453238234176e-06	0.0	1.0	111111.11111111111
chr12	51533462	51533561	RNA3435	99	11	0.0006539707418679286	0.0	1.0	111111.11111111111
chr12	52064508	52064622	RNA3436	114	19	1.3926494830229785e-05	0.0	1.0	166666.66666666666
chr12	52149158	52149233	RNA3437	75	17	1.2106305910171667e-05	1.4697699953103438e-05	1.0	226666.66666666666
chr12	52328936	52329035	RNA3438	99	14	3.569087220966746e-05	7.348200142587302e-06	1.0	141414.1414141414
chr12	53307260	53307418	RNA3439	158	31	0.03185700583291632	0.0	0.967741935483871	196202.5316455696
chr12	53307266	53307424	RNA3440	158	31	0.03185700583291632	0.0	0.967741935483871	196202.5316455696
chr12	53379539	53379697	RNA3441	158	28	9.449860596890045e-06	7.348399776674342e-06	1.0	177215.18987341772
chr12	53379851	53379942	RNA3442	91	22	3.3419566823958504e-05	1.4699399798701052e-05	1.0	241758.24175824175
chr12	53978408	53978555	RNA3443	134	36	1.8267891745278253e-05	7.635449946974404e-06	1.0	268656.7164179105
chr12	54226300	54226391	RNA3444	91	16	1.4700899896519205e-05	7.349499810516136e-06	1.0	175824.17582417585
chr12	54227772	54227863	RNA3445	91	22	1.2703163685562851e-05	1.470694996896782e-05	1.0	241758.24175824175
chr12	54230011	54230102	RNA3446	91	26	0.03848076009993607	1.4697199731017465e-05	0.9615384615384616	285714.2857142857
chr12	54230230	54230388	RNA3447	158	27	1.2520433470113116e-05	0.0	1.0	170886.07594936708
chr12	54549109	54549246	RNA3448	137	23	1.2785326006174412e-05	1.4697199731017465e-05	1.0	167883.2116788321
chr12	54549149	54549240	RNA3449	91	15	8.819366606379238e-06	1.4697199731017465e-05	1.0	164835.16483516482
chr12	54549272	54549363	RNA3450	91	18	8.165799954440445e-06	0.0	1.0	197802.1978021978
chr12	54650521	54650612	RNA3451	91	19	3.870054263786278e-05	1.4700700376124589e-05	1.0	208791.2087912088
chr12	54740557	54740660	RNA3452	103	18	0.05554738075079513	0.0	0.9444444444444444	174757.28155339806
chr12	54742094	54742176	RNA3453	82	15	0.0002216231330748981	0.0	1.0	182926.82926829267
chr12	54743016	54743127	RNA3454	111	25	0.013227667641331204	1.4699799976369832e-05	0.96	225225.22522522524
chr12	55724988	55725079	RNA3455	91	14	0.07144011993555718	7.348200142587302e-06	0.9285714285714286	153846.15384615384
chr12	55725054	55725168	RNA3456	114	18	1.6331122373629537e-05	7.348599865508732e-06	1.0	157894.73684210525
chr12	55884234	55884337	RNA3457	103	13	0.0001950676109677548	1.471539962949464e-05	1.0	126213.59223300971
chr12	56006959	56007062	RNA3458	103	21	2.4507313658732065e-05	0.0	1.0	203883.49514563105
chr12	56007178	56007281	RNA3459	103	20	1.8375114950683764e-05	0.0	1.0	194174.7572815534
chr12	56046550	56046653	RNA3460	103	0				0.0
chr12	56047090	56047204	RNA3461	114	0				0.0
chr12	56053872	56053975	RNA3462	101	20	1.1770275159506128e-05	7.363550139416475e-06	1.0	198019.80198019804
chr12	56116009	56116120	RNA3463	111	33	0.030314179248390163	0.0	0.9696969696969697	297297.29729729734
chr12	56145747	56145861	RNA3464	114	71	0.04722467289200362	1.5348699889727868e-05	0.9295774647887324	622807.0175438597
chr12	56145761	56145875	RNA3465	114	69	0.03412424643360333	1.4747500244993716e-05	0.9420289855072463	605263.1578947369
chr12	56145775	56145889	RNA3466	114	69	0.03412969006895117	1.5348699889727868e-05	0.9420289855072463	605263.1578947369
chr12	56145777	56145880	RNA3467	103	64	0.03678124235507594	1.5048100067360792e-05	0.9375	621359.2233009709
chr12	56145854	56145965	RNA3468	111	38	0.000408605193833368	2.9468150387401693e-05	1.0	342342.34234234237
chr12	56145856	56145967	RNA3469	111	37	0.00041925068826702315	2.949160079879221e-05	1.0	333333.3333333333
chr12	56145942	56146017	RNA3470	75	5	0.002257703391842368	1.5125399841053875e-05	1.0	66666.66666666667
chr12	56340537	56340648	RNA3471	111	18	8.169255680614799e-06	0.0	1.0	162162.16216216216
chr12	56340618	56340732	RNA3472	114	21	2.1004747698797605e-05	0.0	1.0	184210.52631578947
chr12	56340627	56340738	RNA3473	111	18	2.450553898193054e-05	0.0	1.0	162162.16216216216
chr12	56340680	56340791	RNA3474	111	20	1.54697500420254e-05	0.0	1.0	180180.18018018018
chr12	56340721	56340820	RNA3475	99	20	1.4120705054661075e-05	0.0	1.0	202020.202020202
chr12	56341390	56341504	RNA3476	114	19	0.00011293525111747637	0.0	1.0	166666.66666666666
chr12	56414435	56414549	RNA3477	114	30	0.016309933575818527	0.0	0.9666666666666667	263157.8947368421
chr12	56819423	56819537	RNA3478	114	22	1.9383667925219264e-05	1.4700900010211626e-05	1.0	192982.45614035087
chr12	56819660	56819774	RNA3479	114	18	0.05577548845768533	0.0	0.9444444444444444	157894.73684210525
chr12	56820479	56820593	RNA3480	114	19	2.7853115793012893e-05	1.469590006308863e-05	1.0	166666.66666666666
chr12	57215550	57215653	RNA3481	103	17	3.112448335099234e-05	1.4696400285174605e-05	1.0	165048.5436893204
chr12	57215565	57215676	RNA3482	111	22	0.04547591333708955	7.348200142587302e-06	0.9545454545454546	198198.1981981982
chr12	57216455	57216569	RNA3483	114	37	0.009259573167976149	1.4710600225953384e-05	0.972972972972973	324561.40350877197
chr12	57216581	57216695	RNA3484	114	29	8.639727576368826e-06	1.4713699783897027e-05	1.0	254385.9649122807
chr12	57216622	57216736	RNA3485	114	20	1.0318319982616232e-05	1.4722100331709951e-05	1.0	175438.59649122806
chr12	57242023	57242137	RNA3486	114	26	1.585118465859873e-05	1.4705250123370206e-05	1.0	228070.1754385965
chr12	57996312	57996426	RNA3487	114	18	0.0007651420670905871	0.0	1.0	157894.73684210525
chr12	58109534	58109692	RNA3488	158	0				0.0
chr12	59293551	59293642	RNA3489	91	13	1.3568646374131697e-05	1.4699799976369832e-05	1.0	142857.14285714284
chr12	60767461	60767572	RNA3490	111	37	2.6615583674109524e-05	1.4696799553348685e-05	1.0	333333.3333333333
chr12	60767492	60767595	RNA3491	103	35	2.9816957092925913e-05	1.4696799553348685e-05	1.0	339805.82524271845
chr12	61307939	61308053	RNA3492	114	23	1.342509569993759e-05	1.4698500308440998e-05	1.0	201754.38596491228
chr12	61703672	61703786	RNA3493	114	17	6.917947062260389e-06	0.0	1.0	149122.80701754385
chr12	64704388	64704452	RNA3494	64	0				0.0
chr12	68795581	68795645	RNA3495	64	6	2.4506166482751723e-06	0.0	1.0	93750.0
chr12	69469612	69469676	RNA3496	64	8	2.3890724378349516e-05	0.0	1.0	125000.0
chr12	69580480	69580544	RNA3497	51	20	0.050084217728363	2.441855031065643e-05	0.95	392156.862745098
chr12	69584492	69584556	RNA3498	64	18	7.357455665947378e-06	0.0	1.0	281250.0
chr12	69608147	69608211	RNA3499	64	12	0.0002547813354946499	1.4697900041937828e-05	1.0	187500.0
chr12	69611349	69611413	RNA3500	64	19	1.3266315890129926e-05	0.0	1.0	296875.0
chr12	69702971	69703035	RNA3501	64	4	4.409884877530555e-05	7.3512001108611e-06	1.0	62500.0
chr12	70467203	70467267	RNA3502	64	11	6.680990902003197e-06	0.0	1.0	171875.0
chr12	72881457	72881521	RNA3503	64	13	2.6012638185273237e-05	0.0	1.0	203125.0
chr12	96488193	96488285	RNA3504	92	16	1.7453481007118434e-05	7.347549853875535e-06	1.0	173913.04347826086
chr12	97875401	97875524	RNA3505	123	17	1.2969393858785384e-05	1.4697699953103438e-05	1.0	138211.38211382114
chr12	97875482	97875546	RNA3506	64	12	0.08334680673306138	1.4698100130772218e-05	0.9166666666666666	187500.0
chr12	98589284	98589398	RNA3507	114	24	7.35272499241546e-06	0.0	1.0	210526.31578947368
chr12	99991889	99992010	RNA3508	121	29	9.731951944684343e-05	0.0	1.0	239669.4214876033
chr12	100431092	100431184	RNA3509	92	56	0.000535011415016532	1.4698100130772218e-05	1.0	608695.6521739131
chr12	101134452	101134516	RNA3510	64	13	1.4703523097873236e-05	1.4703299711982254e-05	1.0	203125.0
chr12	101135162	101135285	RNA3511	123	8	1.4798862821407965e-05	7.3512001108611e-06	1.0	65040.65040650407
chr12	101389585	101389677	RNA3512	86	17	0.04577227685679056	1.4805999853706451e-05	0.9411764705882353	197674.41860465115
chr12	101450575	101450667	RNA3513	92	15	0.06669318364020001	1.4737500350747725e-05	0.9333333333333333	163043.47826086957
chr12	101451000	101451092	RNA3514	92	26	0.038522441251818515	1.4710650248161983e-05	0.9615384615384616	282608.6956521739
chr12	101488423	101488515	RNA3515	92	26	0.0007349261547740451	1.470005008741282e-05	1.0	282608.6956521739
chr12	101508184	101508276	RNA3516	92	19	1.2383152735353514e-05	0.0	1.0	206521.73913043478
chr12	101538704	101538796	RNA3517	92	19	4.3318184763938884e-05	1.4696799553348685e-05	1.0	206521.73913043478
chr12	101877494	101877558	RNA3518	64	0				0.0
chr12	102012182	102012246	RNA3519	64	9	3.2662999526817457e-06	0.0	1.0	140625.0
chr12	102012523	102012664	RNA3520	141	26	1.8673334719862547e-05	1.4703950000694022e-05	1.0	184397.16312056736
chr12	102012702	102012825	RNA3521	123	29	3.9037568653987253e-05	1.4699399798701052e-05	1.0	235772.35772357724
chr12	102012709	102012773	RNA3522	64	12	3.063734993701783e-05	1.4700700376124589e-05	1.0	187500.0
chr12	102062229	102062321	RNA3523	92	18	3.429576650482907e-05	0.0	1.0	195652.1739130435
chr12	102062446	102062569	RNA3524	123	24	0.002665814977679775	1.4699799976369832e-05	0.9583333333333334	195121.9512195122
chr12	102062870	102062934	RNA3525	64	6	2.4500500330759682e-06	0.0	1.0	93750.0
chr12	102062913	102063036	RNA3526	123	22	6.681304512312636e-06	0.0	1.0	178861.78861788617
chr12	102063228	102063292	RNA3527	64	7	1.0498642430840327e-05	0.0	1.0	109375.0
chr12	102063260	102063324	RNA3528	64	10	7.348649978666799e-06	0.0	1.0	156250.0
chr12	102960895	102961018	RNA3529	123	28	0.021095850988850928	1.4702849966852227e-05	0.9642857142857143	227642.2764227642
chr12	102961558	102961681	RNA3530	123	22	1.736918664557214e-05	7.347749942709925e-06	1.0	178861.78861788617
chr12	102962047	102962161	RNA3531	114	16	1.5614900348737137e-05	1.469549988541985e-05	1.0	140350.87719298244
chr12	102964104	102964227	RNA3532	123	21	3.499654216976762e-05	0.0	1.0	170731.7073170732
chr12	103078435	103078499	RNA3533	64	17	0.0002732363158536429	1.4699799976369832e-05	1.0	265625.0
chr12	103078816	103078939	RNA3534	123	21	0.04841796967156412	1.4702900443808176e-05	0.9523809523809523	170731.7073170732
chr12	103222515	103222636	RNA3535	121	0				0.0
chr12	103498098	103498212	RNA3536	114	13	6.218176083795857e-05	0.0	1.0	114035.08771929824
chr12	103584881	103584995	RNA3537	114	20	0.037091438765492056	1.4696800008096034e-05	0.9	175438.59649122806
chr12	103586711	103586825	RNA3538	114	17	7.784276449991226e-06	0.0	1.0	149122.80701754385
chr12	103770063	103770177	RNA3539	114	29	0.008306394834797731	1.4696400285174605e-05	0.9655172413793104	254385.9649122807
chr12	103770180	103770294	RNA3540	114	21	5.25051946602749e-05	1.469590006308863e-05	1.0	184210.52631578947
chr12	103770239	103770353	RNA3541	114	21	9.099499948206358e-06	1.469590006308863e-05	1.0	184210.52631578947
chr12	104188304	104188425	RNA3542	121	30	0.016201195490733258	5.145720024302136e-05	0.9666666666666667	247933.88429752068
chr12	104204615	104204736	RNA3543	121	17	1.3835011968155115e-05	0.0	1.0	140495.86776859505
chr12	104213104	104213225	RNA3544	121	30	0.00012349353188862157	1.4698950053571025e-05	1.0	247933.88429752068
chr12	104356933	104357054	RNA3545	121	24	1.776164181895486e-05	7.347950031544315e-06	1.0	198347.10743801654
chr12	104358948	104359069	RNA3546	121	23	9.585834880493465e-06	0.0	1.0	190082.64462809917
chr12	104454285	104454406	RNA3547	121	44	0.017527464811626637	3.690289941005176e-05	0.9545454545454546	363636.36363636365
chr12	104762688	104762802	RNA3548	114	32	0.031777247224596294	7.348399776674342e-06	0.96875	280701.7543859649
chr12	105445776	105445897	RNA3549	121	27	0.0005715653219171848	0.0	1.0	223140.4958677686
chr12	106062285	106062426	RNA3550	139	34	1.2007597085946199e-05	0.0	1.0	244604.3165467626
chr12	106356464	106356556	RNA3551	92	0				0.0
chr12	106910561	106910702	RNA3552	141	17	0.02886922621297237	0.0	0.9411764705882353	120567.37588652481
chr12	106987373	106987496	RNA3553	119	25	0.06878892464243108	1.4700700376124589e-05	0.88	210084.03361344538
chr12	106987409	106987550	RNA3554	137	23	0.04317069273514315	1.4700300198455809e-05	0.9565217391304348	167883.2116788321
chr12	106987494	106987635	RNA3555	141	20	0.0496411043403441	0.0	0.95	141843.97163120567
chr12	106991217	106991281	RNA3556	64	11	5.346490897037174e-06	0.0	1.0	171875.0
chr12	107134723	107134864	RNA3557	141	0				0.0
chr12	107136650	107136791	RNA3558	139	0				0.0
chr12	107144248	107144389	RNA3559	141	35	0.0010778554705081777	0.0	1.0	248226.95035460993
chr12	107659987	107660180	RNA3560	193	27	1.1978122158864238e-05	1.4697199731017465e-05	1.0	139896.3730569948
chr12	108079358	108079499	RNA3561	140	28	2.6225000153444495e-05	1.47044002005714e-05	1.0	200000.0
chr12	108757956	108758070	RNA3562	114	12	3.79761578036112e-05	2.2051950054446934e-05	1.0	105263.15789473684
chr12	109336537	109336658	RNA3563	121	30	1.8619316627637303e-05	7.347950031544315e-06	1.0	247933.88429752068
chr12	111632034	111632227	RNA3564	193	31	0.03227835690344246	1.4831500266154762e-05	0.967741935483871	160621.7616580311
chr12	112025302	112025443	RNA3565	141	23	1.4718034989251148e-05	1.4702900443808176e-05	1.0	163120.56737588655
chr12	112397577	112397770	RNA3566	193	49	4.440293528482881e-05	1.4701099644298664e-05	1.0	253886.0103626943
chr12	112402203	112402396	RNA3567	193	33	0.0023774658494871903	1.469549988541985e-05	0.9696969696969697	170984.45595854922
chr12	112403639	112403832	RNA3568	193	44	0.02273499900682261	0.0	0.9772727272727273	227979.27461139896
chr12	112512499	112512692	RNA3569	193	35	0.08571251010323197	0.0	0.9142857142857143	181347.15025906736
chr12	112513164	112513357	RNA3570	193	35	0.05713656415396794	1.4698500308440998e-05	0.9428571428571428	181347.15025906736
chr12	112560863	112561056	RNA3571	193	23	0.0019764544405283494	0.0	1.0	119170.98445595855
chr12	113041357	113041600	RNA3572	243	48	0.020958403500969777	1.4698549875902245e-05	0.9583333333333334	197530.86419753084
chr12	113492393	113492586	RNA3573	193	40	0.00010142832304608812	7.347749942709925e-06	1.0	207253.88601036268
chr12	115338123	115338249	RNA3574	126	32	0.05948234977955735	1.4696599919261644e-05	0.9375	253968.25396825396
chr12	115941064	115941212	RNA3575	148	24	0.02170368645363396	0.0	0.9583333333333334	162162.16216216216
chr12	117035168	117035411	RNA3576	243	55	1.5766180017220478e-05	0.0	1.0	226337.44855967077
chr12	117452289	117452532	RNA3577	239	45	3.5282306331883964e-05	1.471189989388222e-05	1.0	188284.51882845187
chr12	117452421	117452614	RNA3578	191	47	2.2167171761230987e-05	0.0	1.0	246073.29842931937
chr12	117452428	117452671	RNA3579	243	53	9.51055846839291e-06	0.0	1.0	218106.99588477367
chr12	117452580	117452823	RNA3580	243	56	4.8356983825212645e-05	0.0	1.0	230452.67489711934
chr12	118146018	118146261	RNA3581	243	33	8.912315162447296e-06	0.0	1.0	135802.46913580247
chr12	118147155	118147398	RNA3582	243	36	0.00010839368969249012	1.4701350210089004e-05	1.0	148148.14814814815
chr12	118149204	118149447	RNA3583	243	40	5.511752488018829e-06	0.0	1.0	164609.0534979424
chr12	118588023	118588129	RNA3584	106	21	0.0008271993611699475	1.4697199731017465e-05	1.0	198113.20754716982
chr12	118973827	118973921	RNA3585	94	13	3.731703201572469e-05	1.4701099644298664e-05	1.0	138297.87234042553
chr12	118980346	118980589	RNA3586	243	55	2.834372353390286e-05	0.0	1.0	226337.44855967077
chr12	119312166	119312292	RNA3587	126	0				0.0
chr12	119684262	119684410	RNA3588	148	29	1.4191934465557985e-05	0.0	1.0	195945.94594594595
chr12	119987070	119987196	RNA3589	126	21	1.2597695439624312e-05	1.469329981773626e-05	1.0	166666.66666666666
chr12	119987753	119987879	RNA3590	126	30	1.6169280176351568e-05	1.4696599919261644e-05	1.0	238095.23809523808
chr12	119988343	119988469	RNA3591	126	29	3.142400296853434e-05	0.0	1.0	230158.73015873015
chr12	120333359	120333478	RNA3592	119	15	2.1559653214352202e-05	1.4698100130772218e-05	1.0	126050.42016806723
chr12	120335539	120335665	RNA3593	126	31	0.061370420134740165	0.0	0.9354838709677419	246031.746031746
chr12	120337105	120337231	RNA3594	126	19	0.008655588466832625	1.4697699953103438e-05	0.9473684210526315	150793.6507936508
chr12	120418353	120418479	RNA3595	126	0				0.0
chr12	120627715	120627863	RNA3596	148	30	0.0666789213901211	7.348599865508732e-06	0.9333333333333333	202702.70270270272
chr12	120709923	120710071	RNA3597	148	0				0.0
chr12	120724406	120724554	RNA3598	148	29	1.3684544871372555e-05	1.4696799553348685e-05	1.0	195945.94594594595
chr12	120740019	120740167	RNA3599	148	30	0.033406409021335993	1.4702250155096408e-05	0.9666666666666667	202702.70270270272
chr12	120740112	120740260	RNA3600	148	19	0.052652037710877744	1.4708500202686992e-05	0.9473684210526315	128378.37837837837
chr12	120761838	120761986	RNA3601	148	36	2.041264714433703e-05	0.0	1.0	243243.24324324325
chr12	121051827	121051953	RNA3602	126	18	2.154350588372665e-05	1.4728399946761783e-05	1.0	142857.14285714284
chr12	121835383	121835531	RNA3603	147	23	1.3756039073126411e-05	1.475669978390215e-05	1.0	156462.5850340136
chr12	122627295	122627401	RNA3604	106	13	1.2441615441415566e-05	1.4699799976369832e-05	1.0	122641.50943396226
chr12	122898443	122898686	RNA3605	243	41	0.00174692977412721	1.469590006308863e-05	1.0	168724.27983539095
chr12	122898692	122898786	RNA3606	94	14	9.449335785965169e-06	0.0	1.0	148936.17021276595
chr12	123456574	123456680	RNA3607	106	0				0.0
chr12	123538895	123539001	RNA3608	106	13	0.0013894773222161223	1.4703699889651034e-05	1.0	122641.50943396226
chr12	123540029	123540135	RNA3609	106	24	1.4089858458040302e-05	1.470179995521903e-05	1.0	226415.09433962265
chr12	123541858	123541952	RNA3610	94	26	0.0015273183034878414	1.471579980716342e-05	1.0	276595.74468085106
chr12	123542170	123542264	RNA3611	94	0				0.0
chr12	123542236	123542330	RNA3612	94	0				0.0
chr12	124316094	124316200	RNA3613	106	20	0.007832896668423924	1.4698100130772218e-05	0.9	188679.24528301888
chr12	124316205	124316311	RNA3614	106	23	0.0007085806170004589	1.469590006308863e-05	1.0	216981.13207547172
chr12	124316248	124316342	RNA3615	94	21	9.798466635402292e-06	0.0	1.0	223404.2553191489
chr12	124316357	124316476	RNA3616	119	26	2.0915488466225837e-05	1.4696400285174605e-05	1.0	218487.3949579832
chr12	124316382	124316488	RNA3617	106	21	2.0996309623503997e-05	1.4696400285174605e-05	1.0	198113.20754716982
chr12	124316395	124316489	RNA3618	94	19	2.2433068519794365e-05	1.4697199731017465e-05	1.0	202127.65957446807
chr12	124316444	124316538	RNA3619	94	19	0.0008610773463595541	1.4697699953103438e-05	1.0	202127.65957446807
chr12	124694652	124694758	RNA3620	106	13	0.0036360222820803687	0.0	1.0	122641.50943396226
chr12	124940226	124940345	RNA3621	119	25	0.04000823166399641	0.0	0.96	210084.03361344538
chr12	125049164	125049258	RNA3622	94	17	3.2863164800372764e-05	0.0	1.0	180851.06382978725
chr12	125052196	125052315	RNA3623	119	40	4.2736257569221884e-05	1.4726249901286792e-05	1.0	336134.4537815126
chr12	125052237	125052356	RNA3624	119	38	0.026365050899968125	1.4730349903402384e-05	0.9736842105263158	319327.73109243694
chr12	125143621	125143740	RNA3625	119	32	0.0012678207054648272	1.4695950085297227e-05	1.0	268907.56302521005
chr12	125147852	125147971	RNA3626	119	20	0.050016169700256796	1.4698500308440998e-05	0.95	168067.2268907563
chr12	125184421	125184547	RNA3627	126	20	1.1024490004274411e-05	0.0	1.0	158730.15873015873
chr12	125185438	125185557	RNA3628	119	26	5.430685671223893e-05	1.4703950000694022e-05	1.0	218487.3949579832
chr12	125704308	125704456	RNA3629	148	35	0.00013568169451900366	1.4706700312672185e-05	1.0	236486.48648648648
chr12	126073967	126074086	RNA3630	119	20	0.05046658402361572	1.4696999642183075e-05	0.95	168067.2268907563
chr12	128261806	128261912	RNA3631	106	15	5.696826853332814e-05	1.4708900380355772e-05	1.0	141509.43396226416
chr12	128991949	128992043	RNA3632	94	21	0.05969839484225217	0.0	0.9047619047619048	223404.2553191489
chr12	129937655	129937774	RNA3633	119	24	0.0030573859333647598	7.347950031544315e-06	0.9583333333333334	201680.67226890757
chr13	19784947	19785087	RNA3634	140	26	7.248612263747641e-05	1.4716900295752566e-05	1.0	185714.2857142857
chr13	20328773	20328934	RNA3635	161	39	0.019169478877465267	0.0	0.9743589743589743	242236.02484472052
chr13	20691470	20691610	RNA3636	140	25	0.008862559424997016	0.0	0.96	178571.42857142858
chr13	20776406	20776546	RNA3637	136	9	2.556408890086342e-05	1.4914199709892271e-05	1.0	66176.4705882353
chr13	20776881	20777021	RNA3638	140	26	0.0384994148415759	1.4696799553348685e-05	0.9615384615384616	185714.2857142857
chr13	20918916	20919056	RNA3639	136	0				0.0
chr13	20920009	20920149	RNA3640	140	0				0.0
chr13	20972128	20972268	RNA3641	140	33	1.203603942761247e-05	0.0	1.0	235714.2857142857
chr13	21913990	21914130	RNA3642	140	20	0.00012568469105644534	1.4697450296807801e-05	1.0	142857.14285714284
chr13	24322536	24322697	RNA3643	161	27	8.359858687375144e-05	1.4696400285174605e-05	1.0	167701.86335403728
chr13	25142275	25142436	RNA3644	161	36	0.03208317882265671	0.0	0.9444444444444444	223602.4844720497
chr13	25238990	25239151	RNA3645	161	34	2.1616114656137938e-05	1.4696799553348685e-05	1.0	211180.1242236025
chr13	25245300	25245461	RNA3646	161	26	3.6752873291747025e-05	7.349699899350526e-06	1.0	161490.68322981367
chr13	25291238	25291399	RNA3647	161	24	1.593792486194757e-05	1.469744984206045e-05	1.0	149068.32298136645
chr13	25293029	25293190	RNA3648	160	33	0.030257976212851652	0.0	0.9696969696969697	206250.0
chr13	25367241	25367402	RNA3649	161	28	0.03572478404638397	0.0	0.9642857142857143	173913.04347826086
chr13	25368377	25368517	RNA3650	140	39	5.352456611990975e-05	0.0	1.0	278571.4285714286
chr13	26248771	26248932	RNA3651	156	34	0.05893003915932294	1.4752999959455337e-05	0.9411764705882353	217948.71794871794
chr13	28119566	28119646	RNA3652	80	25	0.0001165684232182608	1.4803799786022864e-05	1.0	312500.0
chr13	29507312	29507378	RNA3653	66	8	3.8577962982332175e-05	1.4697900041937828e-05	1.0	121212.12121212122
chr13	30199563	30199724	RNA3654	161	24	8.574287524728183e-06	0.0	1.0	149068.32298136645
chr13	31176070	31176130	RNA3655	60	13	2.034961562458193e-05	0.0	1.0	216666.6666666667
chr13	32303476	32303556	RNA3656	80	12	9.798299970498192e-06	7.348399776674342e-06	1.0	150000.0
chr13	32801393	32801459	RNA3657	66	13	1.6960677175324337e-05	0.0	1.0	196969.69696969696
chr13	32993453	32993533	RNA3658	80	18	0.011365249327708521	0.0	0.9444444444444444	225000.0
chr13	33078462	33078542	RNA3659	80	13	2.261366898892383e-05	1.4696400285174605e-05	1.0	162500.0
chr13	33100212	33100292	RNA3660	80	7	0.14285504195686372	1.4698100130772218e-05	0.8571428571428571	87500.0
chr13	33677770	33677850	RNA3661	80	16	6.435725083520083e-06	0.0	1.0	200000.0
chr13	33677895	33677975	RNA3662	79	22	6.0710006189099167e-05	7.395549801003654e-06	1.0	278481.0126582278
chr13	33678142	33678222	RNA3663	80	19	7.738689912098411e-05	1.4699799976369832e-05	1.0	237500.0
chr13	33728127	33728193	RNA3664	66	16	1.561670001137827e-05	1.4696549897053046e-05	1.0	242424.24242424243
chr13	33805939	33806005	RNA3665	66	15	8.819440093551142e-06	0.0	1.0	227272.72727272726
chr13	33815776	33815842	RNA3666	66	12	0.0017778161766272957	7.348599865508732e-06	1.0	181818.18181818182
chr13	33967001	33967067	RNA3667	66	17	8.133027468453953e-05	0.0	1.0	257575.75757575757
chr13	33967312	33967378	RNA3668	66	9	0.0002729806656134273	0.0	1.0	136363.63636363635
chr13	33967653	33967719	RNA3669	66	9	8.18688881231032e-06	0.0	1.0	136363.63636363635
chr13	34230068	34230148	RNA3670	80	21	2.6693409511472685e-05	1.4722299965796992e-05	1.0	262500.0
chr13	34849103	34849169	RNA3671	66	16	6.432449993098999e-06	0.0	1.0	242424.24242424243
chr13	34917982	34918042	RNA3672	60	18	1.7966844198877535e-05	0.0	1.0	300000.0
chr13	36131642	36131702	RNA3673	60	13	7.913730769359972e-06	1.469590006308863e-05	1.0	216666.6666666667
chr13	36165711	36165771	RNA3674	59	9	0.11114420679930642	1.4750099580851384e-05	0.8888888888888888	152542.37288135593
chr13	36167669	36167729	RNA3675	60	10	3.0867860550630424e-05	7.348399776674342e-06	1.0	166666.66666666666
chr13	36374311	36374371	RNA3676	60	10	1.6167770081663886e-05	7.348599865508732e-06	1.0	166666.66666666666
chr13	36376568	36376628	RNA3677	60	15	0.06661539449936146	0.0	0.9333333333333333	250000.0
chr13	36377678	36377738	RNA3678	60	7	8.398114394887151e-06	0.0	1.0	116666.66666666667
chr13	37087855	37087915	RNA3679	60	8	5.5113000598794315e-06	0.0	1.0	133333.33333333334
chr13	37898187	37898267	RNA3680	80	12	3.430586684771351e-05	1.4704350178362802e-05	1.0	150000.0
chr13	38363780	38363922	RNA3681	142	49	0.0402866091628163	1.4696799553348685e-05	0.9591836734693877	345070.42253521126
chr13	38475123	38475189	RNA3682	66	15	1.59683266247157e-05	1.474229975428898e-05	1.0	227272.72727272726
chr13	39949961	39950058	RNA3683	97	23	1.2788278463232728e-05	0.0	1.0	237113.40206185565
chr13	40929600	40929660	RNA3684	60	12	1.4699691670709095e-05	1.469984999857843e-05	1.0	200000.0
chr13	42258885	42259027	RNA3685	142	26	0.07693495945372539	1.4702250155096408e-05	0.9230769230769231	183098.5915492958
chr13	43161058	43161200	RNA3686	142	0				0.0
chr13	43184154	43184296	RNA3687	142	0				0.0
chr13	43185929	43186071	RNA3688	142	16	7.808522769891483e-05	7.348599865508732e-06	1.0	112676.05633802817
chr13	43815925	43816067	RNA3689	142	32	2.3890603557668806e-05	0.0	1.0	225352.11267605633
chr13	43816899	43816970	RNA3690	71	7	1.2599557261897384e-05	0.0	1.0	98591.54929577465
chr13	43818508	43818650	RNA3691	142	31	0.07752627976559222	1.4698500308440998e-05	0.9032258064516129	218309.85915492955
chr13	43818554	43818651	RNA3692	97	24	0.0992935864892009	2.2043900571588892e-05	0.875	247422.68041237115
chr13	43820956	43821098	RNA3693	142	20	0.0020175255662252213	0.0	1.0	140845.0704225352
chr13	44897207	44897304	RNA3694	97	21	1.803175265584714e-05	1.4704200111737007e-05	1.0	216494.84536082475
chr13	44897392	44897534	RNA3695	142	41	0.024442184896764863	0.0	0.975609756097561	288732.3943661972
chr13	44897403	44897540	RNA3696	137	39	5.6176445352128594e-05	0.0	1.0	284671.5328467153
chr13	44925509	44925674	RNA3697	165	37	0.05507779584693069	0.0	0.9459459459459459	224242.42424242425
chr13	44932320	44932417	RNA3698	97	14	0.12359777745613039	1.4696399830427254e-05	0.8571428571428571	144329.8969072165
chr13	44932775	44932872	RNA3699	97	16	1.1942668891151698e-05	0.0	1.0	164948.45360824742
chr13	45086363	45086460	RNA3700	97	28	4.672608208367988e-05	1.4697900041937828e-05	1.0	288659.793814433
chr13	45087088	45087185	RNA3701	97	16	2.5730099594055523e-05	1.4702650332765188e-05	1.0	164948.45360824742
chr13	45087617	45087729	RNA3702	112	23	0.00043142505459715485	1.4782400285184847e-05	1.0	205357.14285714284
chr13	45087705	45087802	RNA3703	97	23	0.0005183518975251785	1.471149971621344e-05	1.0	237113.40206185565
chr13	45944940	45945037	RNA3704	97	20	0.0003556870169631945	0.0	1.0	206185.56701030926
chr13	48047240	48047311	RNA3705	71	14	2.4152000150930943e-05	1.469744984206045e-05	1.0	197183.0985915493
chr13	48650469	48650540	RNA3706	71	11	1.7371800326640304e-05	0.0	1.0	154929.57746478872
chr13	48652607	48652678	RNA3707	71	6	4.898366569250356e-06	0.0	1.0	84507.04225352113
chr13	48652739	48652810	RNA3708	71	17	0.05926266338155983	1.4705899957334624e-05	0.9411764705882353	239436.61971830984
chr13	48653132	48653269	RNA3709	137	22	1.2027104648123812e-05	1.4697900041937828e-05	1.0	160583.9416058394
chr13	48711755	48711826	RNA3710	71	19	5.338473156849471e-05	1.4697699953103438e-05	1.0	267605.63380281685
chr13	48714545	48714616	RNA3711	71	18	4.899655575880186e-06	0.0	1.0	253521.12676056338
chr13	48773720	48773862	RNA3712	142	30	0.004365995897630143	1.4699150142405415e-05	0.9666666666666667	211267.6056338028
chr13	48819931	48820002	RNA3713	71	18	0.05358437656817236	7.347749942709925e-06	0.9444444444444444	253521.12676056338
chr13	48854152	48854317	RNA3714	165	37	0.008157970681069753	1.4697199731017465e-05	0.9459459459459459	224242.42424242425
chr13	48854496	48854608	RNA3715	112	23	1.7894126239811622e-05	0.0	1.0	205357.14285714284
chr13	49308387	49308524	RNA3716	137	29	3.649889264312628e-05	1.469590006308863e-05	1.0	211678.8321167883
chr13	49308473	49308610	RNA3717	137	29	0.0009199935976257266	1.4700300198455809e-05	1.0	211678.8321167883
chr13	49308499	49308636	RNA3718	137	30	0.0008893271443715358	1.4699200164614012e-05	1.0	218978.10218978103
chr13	49792783	49792854	RNA3719	71	28	0.036703522177439094	1.4699599887535442e-05	0.9642857142857143	394366.1971830986
chr13	49793907	49794044	RNA3720	137	33	6.691506011217522e-06	0.0	1.0	240875.91240875915
chr13	49794313	49794450	RNA3721	132	29	0.0043741710869967185	1.471539962949464e-05	0.9655172413793104	219696.9696969697
chr13	49794377	49794542	RNA3722	165	38	0.0033323892058481405	0.0	0.9736842105263158	230303.0303030303
chr13	49796255	49796392	RNA3723	137	19	0.0004163141617793439	1.4698500308440998e-05	1.0	138686.13138686132
chr13	49900329	49900441	RNA3724	112	22	5.483604875486456e-05	2.945910000562435e-05	1.0	196428.57142857142
chr13	49908184	49908349	RNA3725	165	26	7.236152214317576e-05	0.0	1.0	157575.75757575757
chr13	49909791	49909903	RNA3726	112	19	0.005606372464363196	1.4697699953103438e-05	0.9473684210526315	169642.85714285716
chr13	49910131	49910296	RNA3727	165	25	0.040113462743502165	0.0	0.96	151515.15151515152
chr13	49910262	49910374	RNA3728	112	21	0.00013017664696234787	0.0	1.0	187500.0
chr13	49910577	49910674	RNA3729	97	13	7.914522841298423e-05	0.0	1.0	134020.61855670103
chr13	51200959	51201096	RNA3730	137	40	0.038722401756854194	0.0	0.925	291970.802919708
chr13	51200961	51201073	RNA3731	112	35	0.01568274488781753	0.0	0.9428571428571428	312500.0
chr13	51201105	51201217	RNA3732	112	17	1.9023776397206716e-05	0.0	1.0	151785.71428571426
chr13	51201106	51201271	RNA3733	165	29	4.460474811538964e-05	0.0	1.0	175757.57575757575
chr13	51201151	51201316	RNA3734	165	32	0.0001240340422725619	7.348399776674342e-06	1.0	193939.39393939395
chr13	51201173	51201285	RNA3735	112	23	5.688081265637801e-05	1.4696799553348685e-05	1.0	205357.14285714284
chr13	51201343	51201508	RNA3736	165	34	0.029435543926143403	1.4696999642183075e-05	0.9705882352941176	206060.60606060605
chr13	51201401	51201566	RNA3737	165	30	1.9108376515456214e-05	0.0	1.0	181818.18181818182
chr13	51201424	51201536	RNA3738	112	20	2.5722274767757814e-05	7.348200142587302e-06	1.0	178571.42857142858
chr13	53204994	53205065	RNA3739	71	17	5.792467677297011e-05	1.4698100130772218e-05	1.0	239436.61971830984
chr13	54550909	54551046	RNA3740	137	29	0.008884307668393309	0.0	0.9310344827586207	211678.8321167883
chr13	54562099	54562264	RNA3741	165	43	6.257796576391888e-05	1.469590006308863e-05	1.0	260606.0606060606
chr13	55010998	55011110	RNA3742	112	31	6.589937572331776e-05	0.0	1.0	276785.7142857143
chr13	55410013	55410073	RNA3743	60	9	4.899711105584477e-06	0.0	1.0	150000.0
chr13	60175510	60175570	RNA3744	60	14	1.994994974145909e-05	0.0	1.0	233333.33333333334
chr13	60301091	60301151	RNA3745	60	12	0.000493643496838555	1.4701150121254614e-05	1.0	200000.0
chr13	60326242	60326302	RNA3746	60	17	1.3834559307294625e-05	0.0	1.0	283333.3333333333
chr13	60328097	60328157	RNA3747	60	12	2.6947291795894018e-05	7.348399776674342e-06	1.0	200000.0
chr13	60585028	60585088	RNA3748	60	9	0.11114866911227889	0.0	0.8888888888888888	150000.0
chr13	60586473	60586533	RNA3749	60	18	0.013160626815937965	7.350350188062294e-06	0.8888888888888888	300000.0
chr13	60596976	60597036	RNA3750	60	9	6.53313112100663e-05	0.0	1.0	150000.0
chr13	61522937	61522997	RNA3751	60	15	0.00021851108601064377	0.0	1.0	250000.0
chr13	65379926	65379986	RNA3752	60	12	8.577283324484597e-06	0.0	1.0	200000.0
chr13	67234644	67234794	RNA3753	150	22	1.6742064086756216e-05	0.0	1.0	146666.66666666666
chr13	70388860	70389010	RNA3754	150	32	0.0033568983190264048	1.4698749964736635e-05	0.9375	213333.33333333334
chr13	71327139	71327289	RNA3755	150	22	0.04630201334020967	1.4709350125485798e-05	0.9545454545454546	146666.66666666666
chr13	71388461	71388611	RNA3756	150	44	0.006222830868637167	0.0	0.9545454545454546	293333.3333333333
chr13	71389389	71389539	RNA3757	150	50	0.015555855605889514	1.4709799870615823e-05	0.96	333333.3333333333
chr13	71893985	71894135	RNA3758	150	43	0.04440161253884536	1.4696799553348685e-05	0.9534883720930233	286666.6666666667
chr13	71896122	71896272	RNA3759	150	30	0.030047429468898674	0.0	0.9666666666666667	200000.0
chr13	71996078	71996228	RNA3760	150	34	0.014292156328311267	1.469764993089484e-05	0.9705882352941176	226666.66666666666
chr13	72707367	72707517	RNA3761	150	30	0.00042503575341470257	0.0	1.0	200000.0
chr13	75483618	75483768	RNA3762	150	30	4.017650708191993e-05	1.469764993089484e-05	1.0	200000.0
chr13	98046575	98046662	RNA3763	87	18	4.1664732533615275e-05	1.4701100099046016e-05	1.0	206896.55172413794
chr13	102412816	102412903	RNA3764	87	0				0.0
chr13	102913964	102914051	RNA3765	87	23	6.39099997225339e-06	0.0	1.0	264367.816091954
chr13	102916208	102916295	RNA3766	87	21	0.002484974923477448	1.4699399798701052e-05	1.0	241379.3103448276
chr13	102921370	102921457	RNA3767	87	13	7.920915427698324e-06	0.0	1.0	149425.28735632185
chr13	103543961	103544048	RNA3768	84	24	3.1991061708443605e-05	0.0	1.0	285714.2857142857
chr13	103544074	103544161	RNA3769	87	16	0.013665887854074297	7.353350156336092e-06	0.9375	183908.0459770115
chr13	103557231	103557318	RNA3770	87	12	4.90029992761265e-06	0.0	1.0	137931.0344827586
chr13	104054532	104054619	RNA3771	87	16	0.09946134648049564	7.351849944825517e-06	0.8125	183908.0459770115
chr13	107944548	107944636	RNA3772	88	17	0.0021428511927832185	1.4705899957334624e-05	1.0	193181.81818181818
chr13	107957021	107957108	RNA3773	87	20	1.2498929891076627e-05	0.0	1.0	229885.05747126436
chr13	108106511	108106670	RNA3774	159	40	0.0007305469827315366	1.4701100099046016e-05	1.0	251572.32704402515
chr13	111688321	111688409	RNA3775	0	0				
chr13	112113204	112113363	RNA3776	159	23	9.587147874496978e-06	0.0	1.0	144654.08805031446
chr13	112637292	112637380	RNA3777	88	28	0.016442161802940194	7.347300197579898e-06	0.9642857142857143	318181.8181818182
chr13	112684737	112684825	RNA3778	88	16	2.7555181191014835e-05	1.4696799553348685e-05	1.0	181818.18181818182
chr13	112685020	112685108	RNA3779	88	18	0.10319873472336541	1.4699400253448403e-05	0.8888888888888888	204545.45454545456
chr13	113100735	113100823	RNA3780	88	27	0.07857613726035334	2.9406599423964508e-05	0.8888888888888888	306818.1818181818
chr13	113100787	113100875	RNA3781	88	28	0.027352246200605022	1.471565019528498e-05	0.9285714285714286	318181.8181818182
chr13	113100835	113100923	RNA3782	88	28	0.00011568398086377541	1.4720850231242366e-05	1.0	318181.8181818182
chr13	113103239	113103398	RNA3783	159	25	2.6457635431137742e-05	1.4697699953103438e-05	1.0	157232.70440251572
chr13	113105205	113105364	RNA3784	159	33	0.0070640393528127255	0.0	0.9696969696969697	207547.16981132075
chr13	113105587	113105746	RNA3785	159	36	0.0033681443540242756	1.4696599919261644e-05	0.9722222222222222	226415.09433962265
chr13	113156711	113156870	RNA3786	159	24	2.327012039888921e-05	0.0	1.0	150943.3962264151
chr13	113157279	113157438	RNA3787	159	32	0.03128767070614913	1.4698999621032272e-05	0.96875	201257.86163522015
chr13	113177024	113177183	RNA3788	159	32	0.031295946359563225	1.469984999857843e-05	0.96875	201257.86163522015
chr13	113870727	113870815	RNA3789	88	11	0.09122051553276833	1.4706300135003405e-05	0.9090909090909091	125000.0
chr13	114139587	114139746	RNA3790	105	0				0.0
chr13	114353592	114353751	RNA3791	159	0				0.0
chr14	24245262	24245340	RNA3792	78	14	0.00032283272821586397	0.0	1.0	179487.1794871795
chr14	24245676	24245852	RNA3793	176	35	2.0591474224470707e-05	1.4699799976369832e-05	1.0	198863.63636363635
chr14	24246838	24246916	RNA3794	78	18	1.3886727629142115e-05	1.4699150142405415e-05	1.0	230769.23076923078
chr14	24247102	24247278	RNA3795	176	23	4.1622635209295864e-05	0.0	1.0	130681.81818181818
chr14	24264767	24264845	RNA3796	78	18	0.05559638243827673	1.4698749964736635e-05	0.9444444444444444	230769.23076923078
chr14	24341151	24341327	RNA3797	176	41	0.06313636692947311	0.0	0.8780487804878049	232954.54545454544
chr14	25187262	25187340	RNA3798	78	31	0.020597103700428325	1.4699399798701052e-05	0.9354838709677419	397435.89743589744
chr14	25215164	25215340	RNA3799	176	50	0.020024988726090664	0.0	0.98	284090.9090909091
chr14	28317576	28317654	RNA3800	78	0				0.0
chr14	28317693	28317869	RNA3801	176	0				0.0
chr14	34462890	34462957	RNA3802	57	17	0.11773161888124699	0.0	0.8823529411764706	298245.6140350877
chr14	37588796	37588863	RNA3803	67	17	0.006278857688491421	0.0	0.9411764705882353	253731.3432835821
chr14	39031834	39031901	RNA3804	67	0				0.0
chr14	39170618	39170685	RNA3805	67	17	3.114389426841791e-05	1.471110044803936e-05	1.0	253731.3432835821
chr14	39174270	39174337	RNA3806	67	18	4.082658213317003e-05	0.0	1.0	268656.7164179105
chr14	39185298	39185365	RNA3807	67	14	0.007253963783958687	0.0	0.9285714285714286	208955.223880597
chr14	39191145	39191212	RNA3808	67	15	0.002125781987888328	0.0	1.0	223880.59701492538
chr14	39223214	39223281	RNA3809	67	14	9.450414121861936e-06	0.0	1.0	208955.223880597
chr14	40950799	40950866	RNA3810	67	0				0.0
chr14	42866328	42866395	RNA3811	67	13	0.017047937825177193	1.471799987484701e-05	0.9230769230769231	194029.85074626867
chr14	49477663	49477774	RNA3812	111	26	1.1309434564911726e-05	0.0	1.0	234234.23423423423
chr14	53035175	53035286	RNA3813	111	22	6.014531787844714e-06	0.0	1.0	198198.1981981982
chr14	54293389	54293500	RNA3814	111	27	0.02342351371855868	1.469549988541985e-05	0.9259259259259259	243243.24324324325
chr14	54422089	54422200	RNA3815	111	0				0.0
chr14	54422897	54423008	RNA3816	111	28	0.03577991121772226	1.469764993089484e-05	0.9642857142857143	252252.25225225222
chr14	54442911	54443022	RNA3817	111	35	1.8058280017740392e-05	0.0	1.0	315315.3153153153
chr14	54465481	54465592	RNA3818	111	18	0.047068770951227634	1.4696799553348685e-05	0.9444444444444444	162162.16216216216
chr14	54473800	54473921	RNA3819	121	24	5.512183330817304e-06	0.0	1.0	198347.10743801654
chr14	54543661	54543772	RNA3820	111	18	1.5518894290127922e-05	1.4702650332765188e-05	1.0	162162.16216216216
chr14	55463824	55463935	RNA3821	111	20	0.050007351009935516	1.469785001972923e-05	0.95	180180.18018018018
chr14	58556126	58556247	RNA3822	121	26	1.413301896928277e-05	0.0	1.0	214876.03305785125
chr14	59373047	59373168	RNA3823	121	34	4.4536956091388855e-05	0.0	1.0	280991.7355371901
chr14	59409777	59409898	RNA3824	121	41	0.10383818107309309	1.4697699953103438e-05	0.8780487804878049	338842.97520661156
chr14	59410433	59410544	RNA3825	111	29	0.03450151121727811	0.0	0.9655172413793104	261261.26126126124
chr14	59418032	59418153	RNA3826	121	21	0.02594752806371183	1.470200004405342e-05	0.9047619047619048	173553.71900826448
chr14	59576951	59577072	RNA3827	121	32	0.04787811162151456	0.0	0.90625	264462.80991735536
chr14	59577213	59577334	RNA3828	121	27	1.742468921966606e-05	1.4698500308440998e-05	1.0	223140.4958677686
chr14	59579715	59579836	RNA3829	121	18	0.015073888145353622	0.0	0.9444444444444444	148760.3305785124
chr14	59875357	59875529	RNA3830	172	23	2.7424448173562593e-05	0.0	1.0	133720.93023255814
chr14	60588142	60588263	RNA3831	121	16	2.3889637645879702e-05	1.4696800008096034e-05	1.0	132231.40495867768
chr14	63750077	63750249	RNA3832	172	30	0.0008599041675855248	7.35079993319232e-06	1.0	174418.6046511628
chr14	64339970	64340091	RNA3833	121	11	6.682327197764111e-06	0.0	1.0	90909.09090909091
chr14	64667243	64667415	RNA3834	172	29	0.0728372267951962	1.4703699889651034e-05	0.896551724137931	168604.6511627907
chr14	64675127	64675299	RNA3835	172	26	1.13079306104807e-05	0.0	1.0	151162.7906976744
chr14	64676772	64676944	RNA3836	171	23	6.433586863947668e-06	0.0	1.0	134502.92397660817
chr14	64879940	64880112	RNA3837	172	57	2.2489714195359358e-05	1.4706300135003405e-05	1.0	331395.3488372093
chr14	64879999	64880171	RNA3838	172	58	5.104847868692585e-05	0.0	1.0	337209.3023255814
chr14	64912637	64912809	RNA3839	172	29	1.9262687193733063e-05	0.0	1.0	168604.6511627907
chr14	65791980	65792152	RNA3840	172	31	7.587609560422482e-05	0.0	1.0	180232.55813953487
chr14	68737793	68737876	RNA3841	83	17	2.3351288291451056e-05	1.4699399798701052e-05	1.0	204819.27710843371
chr14	68860769	68860886	RNA3842	117	20	1.1760334882637834e-05	0.0	1.0	170940.17094017094
chr14	69819558	69819730	RNA3843	172	35	0.031619621737705265	1.4696400285174605e-05	0.9428571428571428	203488.37209302327
chr14	72605278	72605361	RNA3844	83	17	0.005062480961736147	1.4698100130772218e-05	0.9411764705882353	204819.27710843371
chr14	72895275	72895392	RNA3845	117	18	6.534216734305826e-06	0.0	1.0	153846.15384615384
chr14	73131241	73131324	RNA3846	83	15	2.7444419477727283e-05	0.0	1.0	180722.89156626505
chr14	73275001	73275084	RNA3847	83	24	0.0001446646287301187	1.4766500044061104e-05	1.0	289156.6265060241
chr14	73275012	73275095	RNA3848	83	25	0.0001394663995961282	1.4768899745831732e-05	1.0	301204.8192771085
chr14	73635897	73635980	RNA3849	83	18	9.811761123677974e-06	0.0	1.0	216867.4698795181
chr14	73644109	73644192	RNA3850	83	14	0.02388201142775869	1.4702649878017835e-05	0.9285714285714286	168674.6987951807
chr14	73644233	73644316	RNA3851	83	11	6.556554655451084e-05	1.4707199625263456e-05	1.0	132530.12048192773
chr14	73714857	73714974	RNA3852	117	26	0.004793702647475582	1.4697199731017465e-05	0.9615384615384616	222222.22222222222
chr14	73821659	73821776	RNA3853	104	3	2.7709233108907938e-05	3.25818000419531e-05	1.0	28846.153846153848
chr14	73821718	73821835	RNA3854	112	0				0.0
chr14	74084550	74084667	RNA3855	117	30	0.0009022630421289479	1.469964990974404e-05	1.0	256410.25641025638
chr14	74084654	74084771	RNA3856	117	35	0.00013777544112858836	1.4698999621032272e-05	1.0	299145.2991452991
chr14	74084689	74084806	RNA3857	117	37	3.0198686299379144e-05	1.4697199731017465e-05	1.0	316239.31623931625
chr14	74443310	74443393	RNA3858	83	13	5.654084536497696e-06	0.0	1.0	156626.5060240964
chr14	74876357	74876474	RNA3859	117	23	1.7895691519735196e-05	0.0	1.0	196581.19658119656
chr14	76084646	76084719	RNA3860	73	25	1.6461980012536516e-05	0.0	1.0	342465.7534246575
chr14	78142224	78142341	RNA3861	117	20	0.04999707019442211	1.4703299711982254e-05	0.95	170940.17094017094
chr14	78162745	78162828	RNA3862	83	17	1.0374611680591069e-05	0.0	1.0	204819.27710843371
chr14	80004891	80004964	RNA3863	73	10	4.563403972495922e-05	1.4721900242875563e-05	1.0	136986.301369863
chr14	80194766	80194839	RNA3864	73	14	0.002817643811730306	1.4704599834658438e-05	1.0	191780.8219178082
chr14	80196835	80196908	RNA3865	73	18	6.532755580539944e-06	0.0	1.0	246575.3424657534
chr14	80197172	80197245	RNA3866	73	13	1.01817614239945e-05	1.4703699889651034e-05	1.0	178082.19178082192
chr14	81233326	81233399	RNA3867	73	13	4.635067797117314e-05	0.0	1.0	178082.19178082192
chr14	81234139	81234212	RNA3868	73	15	2.058079990092401e-05	1.4700700376124589e-05	1.0	205479.4520547945
chr14	81245607	81245680	RNA3869	73	4	2.2050724965083646e-05	2.2050400275475113e-05	1.0	54794.520547945205
chr14	82269345	82269418	RNA3870	73	12	7.349233328568516e-06	0.0	1.0	164383.5616438356
chr14	85797966	85798039	RNA3871	73	14	1.1552399947894238e-05	0.0	1.0	191780.8219178082
chr14	88131446	88131553	RNA3872	107	16	8.267812575013522e-06	7.347950031544315e-06	1.0	149532.7102803738
chr14	90240490	90240597	RNA3873	107	13	9.72284727210424e-05	0.0	1.0	121495.32710280374
chr14	91225992	91226099	RNA3874	107	16	2.1128318337556268e-05	1.469590006308863e-05	1.0	149532.7102803738
chr14	91268690	91268797	RNA3875	107	16	5.511706206107192e-06	0.0	1.0	149532.7102803738
chr14	91271079	91271186	RNA3876	13	0				0.0
chr14	91514282	91514389	RNA3877	107	14	1.050007150687244e-05	7.348849976551719e-06	1.0	130841.12149532708
chr14	91514688	91514795	RNA3878	107	18	3.1030004871954795e-05	7.347749942709925e-06	1.0	168224.29906542055
chr14	91516356	91516463	RNA3879	107	20	0.00016721312790650257	0.0	1.0	186915.8878504673
chr14	92321914	92322021	RNA3880	107	21	1.0498266766219222e-05	1.4694600395159796e-05	1.0	196261.68224299065
chr14	96392011	96392118	RNA3881	107	36	9.811974905460374e-06	0.0	1.0	336448.5981308411
chr14	98746505	98746623	RNA3882	118	31	2.0391786986896764e-05	1.4699399798701052e-05	1.0	262711.8644067797
chr14	99141276	99141386	RNA3883	110	31	0.03721878340679869	1.4698500308440998e-05	0.9354838709677419	281818.1818181818
chr14	99962798	99962859	RNA3884	61	7	0.00029830896060697033	1.4704999557579868e-05	1.0	114754.09836065574
chr14	102742764	102742882	RNA3885	118	0				0.0
chr14	103075657	103075767	RNA3886	110	31	0.0007579113283305349	0.0	1.0	281818.1818181818
chr14	103524097	103524215	RNA3887	118	20	1.6169225182235408e-05	7.347300197579898e-06	1.0	169491.5254237288
chr14	103524249	103524367	RNA3888	118	23	0.043494875208560414	0.0	0.9565217391304348	194915.25423728814
chr14	103524531	103524649	RNA3889	118	24	0.000978696584600879	1.4696349808218656e-05	1.0	203389.83050847458
chr14	103715507	103715568	RNA3890	61	14	8.401300030007925e-06	0.0	1.0	229508.19672131148
chr14	103911085	103911203	RNA3891	118	16	3.399074330444621e-05	7.348399776674342e-06	1.0	135593.22033898305
chr14	103911125	103911243	RNA3892	118	18	4.980891602218646e-05	1.469964990974404e-05	1.0	152542.37288135593
chr14	103911393	103911511	RNA3893	118	17	0.00011759114985418862	0.0	1.0	144067.7966101695
chr14	104057387	104057497	RNA3894	110	0				0.0
chr14	104080369	104080479	RNA3895	110	25	0.0694890480236063	1.4697199731017465e-05	0.92	227272.72727272726
chr14	104084063	104084173	RNA3896	110	21	0.014236407386349681	0.0	0.9047619047619048	190909.0909090909
chr14	104117276	104117386	RNA3897	110	28	2.6261449420413714e-05	0.0	1.0	254545.45454545453
chr14	104122245	104122355	RNA3898	110	16	1.286967506075598e-05	1.4698549875902245e-05	1.0	145454.54545454544
chr14	104216480	104216590	RNA3899	110	0				0.0
chr14	104606663	104606791	RNA3900	128	22	0.004371029081043655	1.469590006308863e-05	0.9545454545454546	171875.0
chr14	104606666	104606794	RNA3901	128	22	0.004371029081043655	1.469590006308863e-05	0.9545454545454546	171875.0
chr14	104628692	104628820	RNA3902	128	24	0.04146928064176336	1.4725799701409414e-05	0.9583333333333334	187500.0
chr14	104631720	104631781	RNA3903	61	14	0.07298445537766643	7.347749942709925e-06	0.9285714285714286	229508.19672131148
chr14	104722919	104722980	RNA3904	61	15	8.14903348024624e-06	0.0	1.0	245901.63934426228
chr14	104723081	104723142	RNA3905	61	7	0.14287604758568964	2.940140075224917e-05	0.8571428571428571	114754.09836065574
chr14	104797403	104797464	RNA3906	61	7	6.300000027944666e-06	0.0	1.0	114754.09836065574
chr14	104798530	104798591	RNA3907	61	9	0.1109004476739857	0.0	0.8888888888888888	147540.98360655736
chr14	104846190	104846251	RNA3908	61	0				0.0
chr14	104847546	104847664	RNA3909	118	0				0.0
chr14	105113505	105113615	RNA3910	109	0				0.0
chr14	105515554	105515615	RNA3911	61	0				0.0
chr14	105517133	105517261	RNA3912	128	0				0.0
chr14	106881712	106881773	RNA3913	61	0				0.0
chr15	30773202	30773297	RNA3914	95	0				0.0
chr15	30773208	30773303	RNA3915	95	0				0.0
chr15	30773299	30773394	RNA3916	95	0				0.0
chr15	31474471	31474566	RNA3917	95	21	3.709536706862016e-05	1.4698500308440998e-05	1.0	221052.63157894736
chr15	32435579	32435672	RNA3918	0	0				
chr15	32436113	32436206	RNA3919	93	0				0.0
chr15	32436294	32436387	RNA3920	93	0				0.0
chr15	32765049	32765142	RNA3921	92	12	6.226341686973076e-06	0.0	1.0	130434.78260869565
chr15	35064315	35064410	RNA3922	95	12	4.410844091276867e-05	1.4701150121254614e-05	1.0	126315.78947368421
chr15	36411283	36411425	RNA3923	142	24	1.6539845925458793e-05	1.4699199709866662e-05	1.0	169014.08450704225
chr15	36826557	36826704	RNA3924	147	29	0.031821297623788145	0.0	0.9655172413793104	197278.91156462586
chr15	36862767	36862860	RNA3925	93	22	2.205432718420739e-05	1.4703749911859632e-05	1.0	236559.13978494625
chr15	40130647	40130752	RNA3926	105	0				0.0
chr15	40331027	40331169	RNA3927	142	22	1.4029754600580253e-05	0.0	1.0	154929.57746478872
chr15	40486387	40486534	RNA3928	147	34	0.010734460617346911	0.0	0.9705882352941176	231292.51700680272
chr15	41281957	41282099	RNA3929	142	30	1.3720376531030827e-05	1.469744984206045e-05	1.0	211267.6056338028
chr15	41282234	41282376	RNA3930	142	29	1.318238280183554e-05	0.0	1.0	204225.35211267608
chr15	41282268	41282410	RNA3931	142	32	0.0017022069881988935	0.0	0.96875	225352.11267605633
chr15	41515362	41515504	RNA3932	142	24	2.388748305292887e-05	0.0	1.0	169014.08450704225
chr15	41515489	41515636	RNA3933	147	23	2.0447908434061596e-05	0.0	1.0	156462.5850340136
chr15	41515598	41515740	RNA3934	142	22	6.681049936477476e-06	0.0	1.0	154929.57746478872
chr15	41515634	41515776	RNA3935	142	27	6.532514749711414e-06	0.0	1.0	190140.84507042254
chr15	41515923	41516070	RNA3936	147	17	0.006524757131099994	1.4707999980601016e-05	0.9411764705882353	115646.25850340136
chr15	41516552	41516699	RNA3937	147	18	0.0007334072915404649	1.4696349808218656e-05	1.0	122448.97959183673
chr15	41544421	41544568	RNA3938	141	28	0.01863136633291365	1.4776299849472707e-05	0.9642857142857143	198581.56028368796
chr15	41552576	41552723	RNA3939	146	0				0.0
chr15	41607786	41607933	RNA3940	147	24	0.00022837040349561714	0.0	1.0	163265.30612244896
chr15	42571191	42571333	RNA3941	142	29	0.0032099520272069995	0.0	0.9655172413793104	204225.35211267608
chr15	42571368	42571515	RNA3942	147	29	1.3715776009933422e-05	0.0	1.0	197278.91156462586
chr15	44198259	44198364	RNA3943	103	13	2.8026969840321966e-05	0.0	1.0	126213.59223300971
chr15	45081660	45081765	RNA3944	105	20	1.7649725077717448e-05	1.4703100077895215e-05	1.0	190476.19047619047
chr15	45083290	45083395	RNA3945	105	17	7.781905985800276e-06	0.0	1.0	161904.76190476192
chr15	45088225	45088330	RNA3946	105	23	8.319060923341846e-06	0.0	1.0	219047.61904761905
chr15	45203200	45203305	RNA3947	105	15	5.883253409895891e-06	0.0	1.0	142857.14285714284
chr15	45204738	45204843	RNA3948	105	16	8.284449961593054e-06	0.0	1.0	152380.9523809524
chr15	45285773	45285878	RNA3949	105	0				0.0
chr15	45703702	45703849	RNA3950	147	32	4.639454164134352e-05	0.0	1.0	217687.07482993195
chr15	45704323	45704465	RNA3951	142	38	0.012399953357233146	0.0	0.9736842105263158	267605.63380281685
chr15	45704398	45704503	RNA3952	105	21	0.0033944572819347607	1.4698100130772218e-05	0.9523809523809523	200000.0
chr15	48364708	48364778	RNA3953	70	14	0.05881269200920412	0.0	0.9285714285714286	200000.0
chr15	48369408	48369578	RNA3954	170	30	1.6170003224637408e-05	7.348200142587302e-06	1.0	176470.58823529413
chr15	48653078	48653183	RNA3955	105	15	8.819866585933293e-06	0.0	1.0	142857.14285714284
chr15	49854637	49854742	RNA3956	105	23	0.04349615875253221	1.4699799976369832e-05	0.9565217391304348	219047.61904761905
chr15	50266743	50266813	RNA3957	70	13	1.5830484978947104e-05	0.0	1.0	185714.2857142857
chr15	51339699	51339769	RNA3958	70	14	1.0498985765090246e-05	1.4696599919261644e-05	1.0	200000.0
chr15	51340931	51341101	RNA3959	170	29	4.358844800098507e-05	1.4697199731017465e-05	1.0	170588.23529411765
chr15	51409109	51409179	RNA3960	70	13	0.07694242039255747	1.4784999621042516e-05	0.9230769230769231	185714.2857142857
chr15	51410490	51410560	RNA3961	70	12	0.0012300192699967688	7.349699899350526e-06	1.0	171428.57142857142
chr15	51622839	51622909	RNA3962	70	26	5.824026164610858e-05	0.0	1.0	371428.5714285714
chr15	51622910	51622980	RNA3963	70	33	0.00024548509736632435	0.0	1.0	471428.5714285714
chr15	51661795	51661921	RNA3964	126	25	0.0002601847189362159	1.4700300198455809e-05	1.0	198412.6984126984
chr15	51722221	51722291	RNA3965	70	13	6.10627629122401e-05	1.4703699889651034e-05	1.0	185714.2857142857
chr15	52113328	52113498	RNA3966	170	0				0.0
chr15	52113889	52114059	RNA3967	170	16	6.430075075058994e-06	0.0	1.0	94117.64705882352
chr15	52114313	52114483	RNA3968	170	31	0.02674039932879813	1.4696799553348685e-05	0.967741935483871	182352.94117647057
chr15	52535191	52535361	RNA3969	170	28	5.249707263438184e-05	1.4702450243930798e-05	1.0	164705.88235294117
chr15	52540661	52540831	RNA3970	170	30	1.224966663357638e-05	0.0	1.0	176470.58823529413
chr15	52545063	52545168	RNA3971	105	0				0.0
chr15	52576507	52576677	RNA3972	170	25	0.0007579192404227711	0.0	1.0	147058.82352941178
chr15	52576799	52576869	RNA3973	70	15	1.8626586703848835e-05	1.4704200111737007e-05	1.0	214285.71428571426
chr15	53385562	53385667	RNA3974	105	29	0.0048260910972234726	1.4696400285174605e-05	0.9310344827586207	276190.4761904762
chr15	53385598	53385768	RNA3975	170	43	0.003760156803320224	1.4698500308440998e-05	0.9534883720930233	252941.17647058822
chr15	53386847	53386952	RNA3976	105	16	0.051175910200413455	7.348200142587302e-06	0.9375	152380.9523809524
chr15	53388543	53388648	RNA3977	105	19	0.039017748269734975	1.469590006308863e-05	0.9473684210526315	180952.38095238095
chr15	53762983	53763088	RNA3978	105	24	6.7376208410981535e-06	0.0	1.0	228571.42857142855
chr15	53771287	53771392	RNA3979	105	17	2.3349358771691402e-05	1.4705399735248648e-05	1.0	161904.76190476192
chr15	53835872	53835977	RNA3980	105	0				0.0
chr15	54809589	54809694	RNA3981	105	19	1.7027973387339652e-05	1.4702900443808176e-05	1.0	180952.38095238095
chr15	54810187	54810299	RNA3982	112	24	0.005428026136883088	0.0	0.9583333333333334	214285.71428571426
chr15	54810517	54810605	RNA3983	88	13	1.2439676958400434e-05	1.4701099644298664e-05	1.0	147727.27272727274
chr15	55509279	55509405	RNA3984	126	21	0.0009571288435922894	1.4696799553348685e-05	1.0	166666.66666666666
chr15	55823313	55823439	RNA3985	126	24	0.0018456585883086475	0.0	1.0	190476.19047619047
chr15	55824516	55824642	RNA3986	123	23	0.012667243167490355	1.475059980293736e-05	0.9565217391304348	186991.86991869917
chr15	55825952	55826078	RNA3987	126	25	0.0017913553491962345	1.4698100130772218e-05	1.0	198412.6984126984
chr15	56465330	56465456	RNA3988	126	31	3.889311319066332e-05	0.0	1.0	246031.746031746
chr15	56475914	56476040	RNA3989	125	31	0.03229382332859044	0.0	0.967741935483871	248000.0
chr15	56476089	56476159	RNA3990	70	16	5.516656244708429e-06	0.0	1.0	228571.42857142855
chr15	56629838	56629964	RNA3991	126	26	2.2055903732857038e-05	7.349699899350526e-06	1.0	206349.20634920633
chr15	57368904	57369074	RNA3992	170	39	0.002194190451915251	1.4694200217491016e-05	0.9743589743589743	229411.76470588235
chr15	57553536	57553662	RNA3993	126	36	0.013908902701839698	0.0	0.9722222222222222	285714.2857142857
chr15	57936638	57936750	RNA3994	112	28	2.1002746442325156e-05	0.0	1.0	250000.0
chr15	57942914	57943002	RNA3995	88	29	1.1659176034924833e-05	0.0	1.0	329545.45454545453
chr15	58584652	58584757	RNA3996	105	16	1.4699881262458803e-05	1.4696549897053046e-05	1.0	152380.9523809524
chr15	59102340	59102452	RNA3997	112	21	0.0005291478000799526	0.0	1.0	187500.0
chr15	59102441	59102553	RNA3998	112	25	7.644307952432428e-06	0.0	1.0	223214.28571428574
chr15	59102905	59103017	RNA3999	112	16	0.04182361966354619	1.469764993089484e-05	0.9375	142857.14285714284
chr15	59103060	59103148	RNA4000	88	16	7.257619972732526e-05	1.4696349808218656e-05	1.0	181818.18181818182
chr15	59103084	59103172	RNA4001	88	19	6.189113140096051e-05	1.469590006308863e-05	1.0	215909.0909090909
chr15	59104028	59104116	RNA4002	88	22	0.0661316510875374	7.350150099227904e-06	0.9090909090909091	250000.0
chr15	59523694	59523806	RNA4003	112	23	2.8766209178002026e-05	1.4701099644298664e-05	1.0	205357.14285714284
chr15	59524126	59524238	RNA4004	112	19	1.7019626427913625e-05	0.0	1.0	169642.85714285716
chr15	59524150	59524262	RNA4005	112	15	1.8618799852750575e-05	1.4696799553348685e-05	1.0	133928.57142857142
chr15	59524541	59524629	RNA4006	88	25	0.00020404518094437494	0.0	1.0	284090.9090909091
chr15	59524779	59524867	RNA4007	88	20	0.05001984308487408	1.4697199731017465e-05	0.95	227272.72727272726
chr15	59524785	59524873	RNA4008	88	18	0.05557515383871861	1.4697199731017465e-05	0.9444444444444444	204545.45454545456
chr15	59843984	59844099	RNA4009	115	22	0.00013495929699108933	7.348200142587302e-06	1.0	191304.34782608697
chr15	60062516	60062628	RNA4010	112	31	1.5173986955027607e-05	1.4697199731017465e-05	1.0	276785.7142857143
chr15	60297987	60298222	RNA4011	235	50	0.004104708961895083	0.0	0.98	212765.95744680852
chr15	60330771	60330859	RNA4012	88	21	0.047630249604914014	1.4697699953103438e-05	0.9523809523809523	238636.36363636365
chr15	61267799	61267925	RNA4013	126	22	2.6065713469003853e-05	0.0	1.0	174603.1746031746
chr15	63853872	63853987	RNA4014	115	24	0.01275828270441555	0.0	0.9166666666666666	208695.65217391303
chr15	64093864	64093976	RNA4015	112	21	0.0001743029379213065	1.4699399798701052e-05	1.0	187500.0
chr15	64148974	64149209	RNA4016	235	32	0.006647573905837587	1.469529979658546e-05	0.96875	136170.21276595746
chr15	64164674	64164762	RNA4017	88	15	5.88024674167779e-06	0.0	1.0	170454.54545454544
chr15	64737748	64737863	RNA4018	115	32	0.04501010570797348	1.4697699953103438e-05	0.9375	278260.8695652174
chr15	64830854	64830969	RNA4019	115	27	0.00015521902959234253	1.4705899957334624e-05	1.0	234782.6086956522
chr15	64841758	64841873	RNA4020	103	33	0.00011494151066003334	0.0	1.0	320388.3495145631
chr15	64962707	64962822	RNA4021	115	21	9.804447645798237e-06	0.0	1.0	182608.69565217392
chr15	64962774	64962889	RNA4022	115	22	1.002279098181382e-05	0.0	1.0	191304.34782608697
chr15	64962831	64962946	RNA4023	115	21	3.710948156020792e-05	1.4698100130772218e-05	1.0	182608.69565217392
chr15	65034046	65034281	RNA4024	235	42	0.024128331859563847	0.0	0.9761904761904762	178723.40425531915
chr15	65117004	65117239	RNA4025	235	41	2.1510006995301977e-05	0.0	1.0	174468.085106383
chr15	65117031	65117266	RNA4026	235	39	2.4497266354162402e-05	1.4697699953103438e-05	1.0	165957.44680851063
chr15	65137248	65137483	RNA4027	235	0				0.0
chr15	65143187	65143422	RNA4028	235	3	0.333205871002671	0.0	0.6666666666666666	12765.95744680851
chr15	65233117	65233352	RNA4029	235	68	0.00023931714675948628	1.4700699921377236e-05	1.0	289361.7021276596
chr15	65892342	65892577	RNA4030	235	49	0.01839836592711324	0.0	0.9795918367346939	208510.63829787233
chr15	65893272	65893387	RNA4031	115	16	2.9394231830786627e-05	0.0	1.0	139130.4347826087
chr15	69863528	69863643	RNA4032	115	25	0.0068013672850429415	0.0	0.96	217391.30434782608
chr15	70121564	70121799	RNA4033	235	37	3.773468391020772e-05	0.0	1.0	157446.8085106383
chr15	70601708	70601851	RNA4034	143	16	1.0110187531608972e-05	0.0	1.0	111888.11188811189
chr15	71095767	71095879	RNA4035	112	15	0.0667061773061505	0.0	0.9333333333333333	133928.57142857142
chr15	71096523	71096710	RNA4036	187	29	2.0942362362831947e-05	1.4696400285174605e-05	1.0	155080.21390374334
chr15	74598191	74598334	RNA4037	143	39	7.0867850295957e-05	0.0	1.0	272727.2727272727
chr15	74758976	74759088	RNA4038	112	0				0.0
chr15	74913976	74914163	RNA4039	187	38	9.595045517734627e-05	0.0	1.0	203208.55614973264
chr15	75344900	75345043	RNA4040	143	16	4.593262531216169e-06	0.0	1.0	111888.11188811189
chr15	75345180	75345323	RNA4041	143	19	8.509389437293927e-06	0.0	1.0	132867.13286713287
chr15	75345436	75345579	RNA4042	143	25	0.04002528492415877	0.0	0.96	174825.17482517482
chr15	75630928	75631071	RNA4043	143	23	0.010823403902419228	1.4697699953103438e-05	0.9565217391304348	160839.16083916085
chr15	75631193	75631336	RNA4044	143	33	5.858614826358695e-05	1.4698999621032272e-05	1.0	230769.23076923078
chr15	75632949	75633061	RNA4045	112	20	1.2742760236501096e-05	0.0	1.0	178571.42857142858
chr15	75713361	75713473	RNA4046	112	23	0.011282302319278126	1.469549988541985e-05	0.9565217391304348	205357.14285714284
chr15	75720160	75720303	RNA4047	143	24	9.198816618057512e-06	0.0	1.0	167832.16783216785
chr15	75721857	75721969	RNA4048	112	21	0.01444847971054384	0.0	0.9523809523809523	187500.0
chr15	75820381	75820493	RNA4049	112	20	1.6903179903238198e-05	1.4698100130772218e-05	1.0	178571.42857142858
chr15	75820658	75820770	RNA4050	112	15	5.87957996079543e-06	0.0	1.0	133928.57142857142
chr15	75828016	75828128	RNA4051	112	18	1.633233356794032e-05	1.469984999857843e-05	1.0	160714.28571428574
chr15	75901083	75901270	RNA4052	187	27	1.2523070162622772e-05	1.4697199731017465e-05	1.0	144385.0267379679
chr15	75902038	75902225	RNA4053	187	40	0.037242424527653376	7.349250154220499e-06	0.95	213903.743315508
chr15	75903441	75903628	RNA4054	187	39	0.03815264622367883	0.0	0.9487179487179487	208556.1497326203
chr15	76311785	76311972	RNA4055	161	35	0.02865951170458304	1.470159986638464e-05	0.9714285714285714	217391.30434782608
chr15	76312054	76312241	RNA4056	187	39	0.0001953961646694702	1.471539962949464e-05	1.0	208556.1497326203
chr15	76312544	76312731	RNA4057	186	34	0.003874914990212667	0.0	0.9705882352941176	182795.6989247312
chr15	76344411	76344554	RNA4058	143	19	1.4699094878631747e-05	0.0	1.0	132867.13286713287
chr15	76914760	76914872	RNA4059	112	24	1.286520834279751e-05	1.4699200164614012e-05	1.0	214285.71428571426
chr15	77098494	77098681	RNA4060	187	32	0.04321385002316447	1.4700950032420224e-05	0.9375	171122.9946524064
chr15	77492683	77492749	RNA4061	66	14	3.151497899774588e-05	7.352499778789934e-06	1.0	212121.21212121213
chr15	78250016	78250153	RNA4062	137	15	0.0666696041733303	0.0	0.9333333333333333	109489.05109489051
chr15	80623917	80624060	RNA4063	143	20	0.04961901328238127	1.470200004405342e-05	0.95	139860.13986013987
chr15	80678658	80678770	RNA4064	112	26	0.0031338475209500166	0.0	0.9615384615384616	232142.85714285716
chr15	81158300	81158487	RNA4065	182	35	0.00020814520529321441	0.0	1.0	192307.6923076923
chr15	81158832	81158898	RNA4066	56	22	0.0014402112308496008	0.0	1.0	392857.14285714284
chr15	82014383	82014449	RNA4067	66	20	0.005101341443423735	1.4702250155096408e-05	0.95	303030.30303030304
chr15	82123163	82123300	RNA4068	137	23	0.002421582725298275	1.4696799553348685e-05	1.0	167883.2116788321
chr15	82127264	82127330	RNA4069	66	9	8.167633192594318e-06	0.0	1.0	136363.63636363635
chr15	82128362	82128428	RNA4070	66	18	0.011359253722781022	1.4698300219606608e-05	0.9444444444444444	272727.2727272727
chr15	82288209	82288275	RNA4071	66	0				0.0
chr15	82289856	82289922	RNA4072	66	0				0.0
chr15	82352463	82352529	RNA4073	66	0				0.0
chr15	82714208	82714395	RNA4074	187	44	1.1026647929279419e-05	0.0	1.0	235294.11764705883
chr15	82715517	82715704	RNA4075	187	44	1.4367997664521507e-05	0.0	1.0	235294.11764705883
chr15	82715597	82715784	RNA4076	187	38	2.74377231394976e-05	7.348599865508732e-06	1.0	203208.55614973264
chr15	82836471	82836608	RNA4077	137	28	0.002770864458495576	7.347549853875535e-06	0.9642857142857143	204379.56204379562
chr15	82836602	82836739	RNA4078	137	34	1.642575601662511e-05	7.347300197579898e-06	1.0	248175.18248175184
chr15	82836677	82836814	RNA4079	137	29	1.7737020902253933e-05	1.4694600395159796e-05	1.0	211678.8321167883
chr15	83443336	83443473	RNA4080	137	25	2.8850328053516938e-05	1.4705899957334624e-05	1.0	182481.7518248175
chr15	83445035	83445101	RNA4081	66	7	0.0008473796877816655	1.4776300304220058e-05	1.0	106060.60606060606
chr15	83445781	83445918	RNA4082	137	26	4.127563142201472e-05	1.4698999621032272e-05	1.0	189781.02189781022
chr15	83445937	83446074	RNA4083	137	21	0.00048509952406068744	0.0	1.0	153284.67153284673
chr15	83618913	83618984	RNA4084	71	11	5.345427284324118e-06	0.0	1.0	154929.57746478872
chr15	83618979	83619050	RNA4085	71	10	2.0579510146490065e-05	1.4696800008096034e-05	1.0	140845.0704225352
chr15	83619002	83619073	RNA4086	71	12	1.1024841796825058e-05	0.0	1.0	169014.08450704225
chr15	83653347	83653534	RNA4087	187	47	3.285411672704588e-05	0.0	1.0	251336.89839572192
chr15	84198576	84198713	RNA4088	137	0				0.0
chr15	84475140	84475211	RNA4089	0	6	4.336868338820447e-05	3.2319849196937867e-05	1.0	
chr15	84946053	84946184	RNA4090	57	35	0.0593747896408396	7.912640285212547e-05	0.8	614035.0877192983
chr15	86032262	86032328	RNA4091	66	20	8.085099943855312e-06	0.0	1.0	303030.30303030304
chr15	86036559	86036746	RNA4092	187	42	2.099854336414686e-05	0.0	1.0	224598.93048128343
chr15	87849285	87849422	RNA4093	137	38	8.898257898468537e-06	0.0	1.0	277372.26277372264
chr15	88438423	88438494	RNA4094	71	17	1.9247052692017372e-05	1.47024002217222e-05	1.0	239436.61971830984
chr15	88790632	88790763	RNA4095	131	37	0.032862644302096324	1.4697699953103438e-05	0.9459459459459459	282442.7480916031
chr15	89816488	89816619	RNA4096	131	14	3.779019282644022e-05	7.347749942709925e-06	1.0	106870.22900763359
chr15	89818120	89818251	RNA4097	131	24	0.0023823944485078107	7.346900019911118e-06	0.9583333333333334	183206.106870229
chr15	89820982	89821113	RNA4098	131	21	0.0003500140223227996	1.4696799553348685e-05	1.0	160305.34351145037
chr15	89917655	89917786	RNA4099	131	30	0.1003473754482305	0.0	0.9	229007.63358778626
chr15	89918604	89918735	RNA4100	131	21	0.04768416066820334	1.4700700376124589e-05	0.9523809523809523	160305.34351145037
chr15	89999771	89999902	RNA4101	131	25	6.847820899565401e-05	1.4703699889651034e-05	1.0	190839.69465648857
chr15	90868402	90868533	RNA4102	131	26	0.01370497327672218	0.0	0.9615384615384616	198473.28244274808
chr15	94791675	94791806	RNA4103	131	36	2.8179802484369343e-05	0.0	1.0	274809.1603053435
chr16	10598	10736	RNA4104	95	0				0.0
chr16	10631	10701	RNA4105	61	0				0.0
chr16	10676	10922	RNA4106	150	0				0.0
chr16	10886	11029	RNA4107	143	0				0.0
chr16	10966	11104	RNA4108	138	0				0.0
chr16	11159	11229	RNA4109	70	0				0.0
chr16	11191	11334	RNA4110	143	0				0.0
chr16	38409	38580	RNA4111	171	0				0.0
chr16	39527	39698	RNA4112	171	0				0.0
chr16	45676	45825	RNA4113	149	0				0.0
chr16	76488	76734	RNA4114	246	56	0.0009343635042244243	0.0	0.9821428571428571	227642.2764227642
chr16	76621	76867	RNA4115	246	58	4.029318937807634e-05	1.4696800008096034e-05	1.0	235772.35772357724
chr16	139426	139505	RNA4116	79	0				0.0
chr16	413258	413433	RNA4117	175	0				0.0
chr16	558381	558507	RNA4118	126	31	3.555551859702085e-05	0.0	1.0	246031.746031746
chr16	634128	634254	RNA4119	126	36	0.001002743378825873	1.4698300219606608e-05	1.0	285714.2857142857
chr16	634220	634346	RNA4120	126	32	6.109381908458899e-05	0.0	1.0	253968.25396825396
chr16	667857	667983	RNA4121	126	42	0.014298565358309302	1.4698100130772218e-05	0.9761904761904762	333333.3333333333
chr16	667960	668086	RNA4122	126	41	0.014633335754629892	1.4701099644298664e-05	0.975609756097561	325396.8253968254
chr16	679898	680020	RNA4123	97	3	1.0269833486139154e-05	1.5348299712059088e-05	1.0	30927.835051546394
chr16	782677	782799	RNA4124	122	28	3.256114626180232e-05	1.4702849966852227e-05	1.0	229508.19672131148
chr16	783784	783906	RNA4125	122	45	0.02254335675162211	1.4698100130772218e-05	0.9777777777777777	368852.45901639346
chr16	784816	784942	RNA4126	126	45	7.382193681324618e-05	0.0	1.0	357142.85714285716
chr16	803969	804091	RNA4127	122	41	0.024443743575763458	1.4731000192114152e-05	0.975609756097561	336065.5737704918
chr16	805237	805359	RNA4128	122	29	0.01808564728460247	0.0	0.9655172413793104	237704.91803278687
chr16	814857	814979	RNA4129	122	22	2.071111355854999e-05	1.4696599919261644e-05	1.0	180327.868852459
chr16	1011396	1011526	RNA4130	124	17	0.06249527983350965	1.4993899640103336e-05	0.8823529411764706	137096.77419354836
chr16	1280668	1280843	RNA4131	175	39	0.0005808655092690779	1.4698500308440998e-05	1.0	222857.14285714287
chr16	1283065	1283240	RNA4132	175	37	0.00045698718059684884	0.0	1.0	211428.57142857145
chr16	1285213	1285388	RNA4133	169	1	0.0	0.0	1.0	5917.159763313609
chr16	1417854	1418029	RNA4134	175	38	0.00019624276130439	1.4699150142405415e-05	1.0	217142.85714285713
chr16	1425001	1425176	RNA4135	175	52	0.0003830574523117965	1.4856449979561148e-05	1.0	297142.85714285716
chr16	1476979	1477048	RNA4136	69	21	0.04764284907646686	1.4699799976369832e-05	0.9523809523809523	304347.82608695654
chr16	1489781	1489956	RNA4137	175	40	0.01596306158842253	0.0	0.975	228571.42857142855
chr16	1612073	1612199	RNA4138	126	49	7.561009333214041e-05	1.4697699953103438e-05	1.0	388888.8888888889
chr16	1795012	1795134	RNA4139	122	38	0.076341404887731	1.4698749964736635e-05	0.9210526315789473	311475.4098360656
chr16	1907443	1907573	RNA4140	130	32	5.6055096678160375e-05	1.470005008741282e-05	1.0	246153.84615384616
chr16	1965759	1965872	RNA4141	113	23	0.04356644866880822	1.4696400285174605e-05	0.9565217391304348	203539.82300884958
chr16	1965819	1965932	RNA4142	113	34	7.176086723227497e-05	7.348599865508732e-06	1.0	300884.95575221244
chr16	1966576	1966714	RNA4143	137	32	0.03152691637026805	1.4711699805047829e-05	0.96875	233576.6423357664
chr16	1969953	1970091	RNA4144	138	30	3.9355662435505916e-05	0.0	1.0	217391.30434782608
chr16	1994951	1995081	RNA4145	130	31	2.2815803335571693e-05	1.4705899957334624e-05	1.0	238461.53846153847
chr16	1995556	1995686	RNA4146	130	29	0.042385263597209594	1.4697199731017465e-05	0.9310344827586207	223076.9230769231
chr16	2022377	2022510	RNA4147	133	54	0.01904390513488949	1.4706500223837795e-05	0.9814814814814815	406015.0375939849
chr16	2039126	2039264	RNA4148	138	36	0.00017526888660136276	1.4703100077895215e-05	1.0	260869.5652173913
chr16	2039595	2039708	RNA4149	113	23	2.43155957872151e-05	1.4715000361320564e-05	1.0	203539.82300884958
chr16	2426828	2427003	RNA4150	175	25	1.4109952026046813e-05	1.4696799553348685e-05	1.0	142857.14285714284
chr16	2427043	2427112	RNA4151	69	12	8.573749861776983e-06	0.0	1.0	173913.04347826086
chr16	2428335	2428404	RNA4152	69	5	8.81807991390815e-06	1.469509970775107e-05	1.0	72463.76811594203
chr16	2428631	2428700	RNA4153	69	15	1.3717353370642134e-05	1.4696400285174605e-05	1.0	217391.30434782608
chr16	2531442	2531511	RNA4154	69	19	3.171950012121822e-05	0.0	1.0	275362.3188405797
chr16	2531646	2531715	RNA4155	69	21	1.5417342832993848e-05	0.0	1.0	304347.82608695654
chr16	2532468	2532537	RNA4156	69	22	2.480014150436276e-05	0.0	1.0	318840.5797101449
chr16	2910279	2910412	RNA4157	133	13	1.8102746183173553e-05	1.4713699783897027e-05	1.0	97744.36090225563
chr16	2956212	2956350	RNA4158	138	39	2.487773543599703e-05	0.0	1.0	282608.6956521739
chr16	2959075	2959188	RNA4159	113	21	0.0381356500599525	1.4703699889651034e-05	0.9047619047619048	185840.70796460178
chr16	3010199	3010332	RNA4160	133	38	4.873417047316424e-05	1.4696799553348685e-05	1.0	285714.2857142857
chr16	3012548	3012681	RNA4161	133	43	0.001071171990969197	1.470460028940579e-05	1.0	323308.2706766917
chr16	3022421	3022554	RNA4162	133	43	1.0599197784633657e-05	0.0	1.0	323308.2706766917
chr16	3022432	3022565	RNA4163	133	41	1.004038055792235e-05	0.0	1.0	308270.6766917293
chr16	3100221	3100354	RNA4164	132	45	0.00016500427744984555	1.4784200175199658e-05	1.0	340909.0909090909
chr16	3362176	3362245	RNA4165	69	10	0.02884588939987224	2.941089951491449e-05	0.9	144927.53623188406
chr16	3924417	3924550	RNA4166	133	51	0.035296121557835514	1.4706300135003405e-05	0.9215686274509803	383458.6466165413
chr16	4116520	4116599	RNA4167	79	37	6.948556489766317e-05	0.0	1.0	468354.43037974683
chr16	4155655	4155804	RNA4168	149	38	0.0003171979520438445	0.0	1.0	255033.5570469799
chr16	4459221	4459392	RNA4169	171	35	1.2178619934794759e-05	0.0	1.0	204678.3625730994
chr16	4459806	4459977	RNA4170	171	34	0.020491125877256038	0.0	0.9705882352941176	198830.40935672514
chr16	4459944	4460115	RNA4171	171	29	0.0004020086379537589	0.0	1.0	169590.6432748538
chr16	4802936	4803015	RNA4172	79	27	8.167133307358233e-06	0.0	1.0	341772.15189873416
chr16	4802940	4803089	RNA4173	149	66	0.015177355775477103	0.0	0.9848484848484849	442953.0201342282
chr16	4803026	4803175	RNA4174	149	83	0.01679248410285922	1.4698100130772218e-05	0.9759036144578314	557046.9798657718
chr16	4803040	4803189	RNA4175	149	80	0.017416690455559086	1.4697699953103438e-05	0.975	536912.7516778524
chr16	4803072	4803151	RNA4176	79	51	0.027310211494991292	1.4698999621032272e-05	0.9607843137254902	645569.6202531646
chr16	4803085	4803164	RNA4177	79	46	0.030268159479419406	1.4698549875902245e-05	0.9565217391304348	582278.4810126582
chr16	5097818	5097897	RNA4178	79	0				0.0
chr16	5097847	5097926	RNA4179	79	0				0.0
chr16	5238605	5238743	RNA4180	138	48	0.0052372521428954545	7.348849976551719e-06	0.9791666666666666	347826.0869565217
chr16	5238690	5238769	RNA4181	79	33	1.2033206048450371e-05	0.0	1.0	417721.5189873418
chr16	5238743	5238869	RNA4182	126	46	2.780561081912351e-05	0.0	1.0	365079.36507936503
chr16	5238750	5238899	RNA4183	149	54	2.532019255306936e-05	7.348200142587302e-06	1.0	362416.1073825503
chr16	5238838	5239013	RNA4184	175	61	5.011651956010214e-05	0.0	1.0	348571.4285714286
chr16	5238986	5239135	RNA4185	149	44	4.9766217691945116e-05	0.0	1.0	295302.0134228188
chr16	5238995	5239166	RNA4186	171	48	4.8365107659265754e-05	0.0	1.0	280701.7543859649
chr16	5239036	5239185	RNA4187	149	45	0.022229724859769505	0.0	0.9777777777777777	302013.42281879194
chr16	5239160	5239239	RNA4188	79	31	0.03227707609614534	0.0	0.967741935483871	392405.0632911392
chr16	5239211	5239280	RNA4189	69	28	3.4685581502863213e-05	1.469764993089484e-05	1.0	405797.1014492754
chr16	5239278	5239391	RNA4190	113	55	1.721975975008278e-05	0.0	1.0	486725.66371681413
chr16	5239286	5239408	RNA4191	122	58	0.017258710522206643	0.0	0.9827586206896551	475409.83606557373
chr16	5239625	5239774	RNA4192	149	65	0.025696560279469007	1.4713699783897027e-05	0.9692307692307692	436241.610738255
chr16	7820361	7820455	RNA4193	94	42	0.00041478658938232766	0.0	1.0	446808.5106382978
chr16	7847920	7848053	RNA4194	133	25	1.058455596648855e-05	1.4697199731017465e-05	1.0	187969.92481203008
chr16	9183551	9183700	RNA4195	149	114	0.003954962588610659	1.470220013288781e-05	0.9912280701754386	765100.6711409396
chr16	9183717	9183888	RNA4196	163	101	0.055084351709617944	1.4744499821972568e-05	0.9306930693069307	619631.9018404908
chr16	9183826	9183905	RNA4197	79	22	0.01860965742393586	0.0	0.9545454545454546	278481.0126582278
chr16	10204281	10204375	RNA4198	94	18	1.6385177685960014e-05	7.352699867624324e-06	1.0	191489.36170212764
chr16	10205472	10205568	RNA4199	96	29	0.00862995956579432	2.9953600460430607e-05	0.9655172413793104	302083.3333333333
chr16	10819226	10819320	RNA4200	94	22	0.09156600387735704	0.0	0.9090909090909091	234042.55319148937
chr16	10829939	10830033	RNA4201	94	43	0.046689047037182525	1.4697199731017465e-05	0.9534883720930233	457446.8085106383
chr16	10831917	10832011	RNA4202	94	20	0.005722065521786131	7.348200142587302e-06	0.95	212765.95744680852
chr16	10943755	10943849	RNA4203	94	19	0.0005150661407146489	0.0	1.0	202127.65957446807
chr16	10944187	10944281	RNA4204	94	25	5.056219259130834e-05	0.0	1.0	265957.44680851063
chr16	10944271	10944365	RNA4205	94	27	1.1975599927943405e-05	0.0	1.0	287234.04255319154
chr16	11926426	11926520	RNA4206	41	0				0.0
chr16	13705650	13705746	RNA4207	96	19	1.1603831568974879e-05	0.0	1.0	197916.66666666666
chr16	14632742	14632838	RNA4208	96	43	0.022058131790271183	1.469549988541985e-05	0.9767441860465116	447916.6666666667
chr16	14694397	14694493	RNA4209	0	0				
chr16	14694682	14694778	RNA4210	0	0				
chr16	14952213	14952309	RNA4211	18	0				0.0
chr16	14952265	14952361	RNA4212	0	0				
chr16	14952775	14952871	RNA4213	0	0				
chr16	15860029	15860238	RNA4214	202	33	1.852050597032164e-05	1.4719699720444623e-05	1.0	163366.33663366336
chr16	15864622	15864718	RNA4215	96	18	0.0002090909931414148	2.2550450012204237e-05	1.0	187500.0
chr16	15935916	15936010	RNA4216	94	0				0.0
chr16	16427362	16427492	RNA4217	130	9	3.818454509503973e-05	2.9810700652888045e-05	1.0	69230.76923076923
chr16	16428900	16429030	RNA4218	0	0				
chr16	16432331	16432461	RNA4219	130	34	0.0016761431378493807	1.5205249837890733e-05	1.0	261538.46153846156
chr16	17496583	17496713	RNA4220	130	27	1.4705055205181552e-05	0.0	1.0	207692.30769230772
chr16	18712200	18712317	RNA4221	0	1	0.0	0.0	1.0	
chr16	18759866	18759945	RNA4222	79	9	2.1242289221834898e-05	1.470200004405342e-05	1.0	113924.05063291139
chr16	19402115	19402324	RNA4223	208	37	0.03851962433482431	1.4704200111737007e-05	0.9459459459459459	177884.6153846154
chr16	19554245	19554341	RNA4224	96	20	1.5435360137413835e-05	0.0	1.0	208333.33333333334
chr16	20332842	20332962	RNA4225	120	20	1.618282994968397e-05	7.349250154220499e-06	1.0	166666.66666666666
chr16	20357455	20357664	RNA4226	209	53	0.0004495930035155395	0.0	1.0	253588.51674641148
chr16	20448362	20448571	RNA4227	0	0				
chr16	20449827	20450036	RNA4228	0	0				
chr16	20534454	20534663	RNA4229	209	0				0.0
chr16	20535387	20535596	RNA4230	206	0				0.0
chr16	20607233	20607442	RNA4231	209	0				0.0
chr16	21185760	21185969	RNA4232	207	41	0.002030405701877559	1.4705899957334624e-05	0.975609756097561	198067.63285024153
chr16	21186175	21186305	RNA4233	130	23	2.237591303602437e-05	1.4698999621032272e-05	1.0	176923.07692307694
chr16	22577282	22577399	RNA4234	78	2	8.125600288622081e-06	8.125600288622081e-06	1.0	25641.02564102564
chr16	22767010	22767089	RNA4235	79	10	1.6169249738587327e-05	0.0	1.0	126582.27848101266
chr16	23574726	23574843	RNA4236	117	17	4.236668310648194e-05	1.4701099644298664e-05	1.0	145299.1452991453
chr16	23600354	23600471	RNA4237	117	5	5.879660056962166e-06	0.0	1.0	42735.042735042734
chr16	23600981	23601098	RNA4238	117	30	0.007192234899412139	0.0	0.9666666666666667	256410.25641025638
chr16	23601223	23601302	RNA4239	79	6	2.4495332885029106e-06	0.0	1.0	75949.3670886076
chr16	23714254	23714371	RNA4240	117	28	1.6801646194963133e-05	1.4698999621032272e-05	1.0	239316.2393162393
chr16	23716237	23716361	RNA4241	124	11	0.0752042265691092	1.471840005251579e-05	0.9090909090909091	88709.67741935485
chr16	23721835	23721952	RNA4242	117	22	2.0711236257656392e-05	1.469744984206045e-05	1.0	188034.18803418803
chr16	23743362	23743441	RNA4243	79	20	1.0326839947083499e-05	0.0	1.0	253164.55696202532
chr16	23750720	23750799	RNA4244	79	8	0.0005967999431959399	2.3617300030309707e-05	1.0	101265.82278481012
chr16	23762437	23762516	RNA4245	79	20	1.9109419690720703e-05	0.0	1.0	253164.55696202532
chr16	23766703	23766782	RNA4246	79	10	5.879539912712063e-06	0.0	1.0	126582.27848101266
chr16	23785622	23785739	RNA4247	114	28	1.96368108455679e-05	1.4702649878017835e-05	1.0	245614.0350877193
chr16	23834060	23834139	RNA4248	79	17	1.8155870534161187e-05	1.4698999621032272e-05	1.0	215189.87341772154
chr16	24223785	24223901	RNA4249	116	21	1.820088558209439e-05	1.4699399798701052e-05	1.0	181034.4827586207
chr16	24224036	24224156	RNA4250	120	20	1.176020982711634e-05	1.4697199731017465e-05	1.0	166666.66666666666
chr16	24600131	24600248	RNA4251	117	30	0.0004799369691378746	1.469724975322606e-05	1.0	256410.25641025638
chr16	24836223	24836302	RNA4252	79	18	7.025591725726598e-05	1.4713650216435782e-05	1.0	227848.10126582277
chr16	25021204	25021324	RNA4253	92	29	0.08429190330552329	0.0	0.8620689655172413	315217.39130434784
chr16	25030236	25030356	RNA4254	120	19	0.00040691635226001744	1.4699399798701052e-05	1.0	158333.3333333333
chr16	25031185	25031305	RNA4255	120	22	0.00010091105096679225	0.0	1.0	183333.3333333333
chr16	25178735	25178855	RNA4256	120	27	2.5097422116634456e-05	1.4702900443808176e-05	1.0	225000.0
chr16	25190903	25191023	RNA4257	120	25	0.10202184179732285	1.4700300198455809e-05	0.88	208333.33333333334
chr16	25231618	25231827	RNA4258	209	42	0.0013698747931075938	1.4703749911859632e-05	0.9761904761904762	200956.93779904305
chr16	25231822	25231942	RNA4259	119	24	0.00013776003542412504	7.353799901466118e-06	1.0	201680.67226890757
chr16	26143914	26144012	RNA4260	98	24	0.012257790473123956	7.354450190177886e-06	0.9583333333333334	244897.95918367346
chr16	26161209	26161383	RNA4261	174	38	0.039658089687045026	1.4698549875902245e-05	0.9473684210526315	218390.80459770115
chr16	26196390	26196510	RNA4262	120	22	0.06560494962237003	1.4700299743708456e-05	0.9090909090909091	183333.3333333333
chr16	26368156	26368258	RNA4263	102	19	0.052624616915445115	0.0	0.9473684210526315	186274.50980392157
chr16	26401976	26402078	RNA4264	102	21	3.500537184749609e-05	0.0	1.0	205882.35294117645
chr16	27454967	27455091	RNA4265	124	25	2.116584360919366e-05	0.0	1.0	201612.90322580643
chr16	28064695	28064811	RNA4266	116	17	2.0785188526663392e-05	1.4704999557579868e-05	1.0	146551.724137931
chr16	28455501	28455617	RNA4267	0	0				
chr16	28455648	28455765	RNA4268	0	0				
chr16	28455908	28456024	RNA4269	0	0				
chr16	28455991	28456115	RNA4270	0	0				
chr16	28456096	28456220	RNA4271	0	0				
chr16	28456136	28456260	RNA4272	0	0				
chr16	28456175	28456254	RNA4273	0	0				
chr16	28456193	28456309	RNA4274	0	0				
chr16	29698841	29698965	RNA4275	124	23	1.9818887109144084e-05	1.4700700376124589e-05	1.0	185483.87096774194
chr16	29699015	29699131	RNA4276	116	26	0.00020465655786840138	1.4699799976369832e-05	1.0	224137.93103448275
chr16	29699142	29699266	RNA4277	124	26	0.06953577403045039	0.0	0.9230769230769231	209677.41935483873
chr16	29703532	29703648	RNA4278	116	9	0.0001405344975056378	0.0	1.0	77586.20689655172
chr16	29703734	29703858	RNA4279	124	18	0.04492604591354796	1.4704799923492828e-05	0.9444444444444444	145161.29032258067
chr16	29704613	29704737	RNA4280	124	22	6.683445429767807e-05	1.4700699921377236e-05	1.0	177419.3548387097
chr16	29704854	29704970	RNA4281	116	27	0.037051735585245535	1.4703299711982254e-05	0.9629629629629629	232758.62068965516
chr16	29707174	29707348	RNA4282	173	26	1.5841996208529545e-05	0.0	1.0	150289.01734104048
chr16	29973603	29973719	RNA4283	116	37	1.4699554068665796e-05	1.4696799553348685e-05	1.0	318965.51724137936
chr16	29973647	29973745	RNA4284	98	32	1.6537081222622874e-05	1.4697900041937828e-05	1.0	326530.61224489793
chr16	30125557	30125677	RNA4285	120	25	1.8938443972727862e-05	0.0	1.0	208333.33333333334
chr16	30370792	30370894	RNA4286	102	19	1.0834163204938369e-05	0.0	1.0	186274.50980392157
chr16	30400427	30400529	RNA4287	102	30	9.717690475857273e-05	0.0	1.0	294117.64705882355
chr16	30645157	30645331	RNA4288	174	31	2.1826244905709872e-05	0.0	1.0	178160.9195402299
chr16	30690598	30690772	RNA4289	174	34	4.67388532503217e-05	0.0	1.0	195402.29885057473
chr16	30692682	30692856	RNA4290	174	27	0.0005300309850537342	0.0	1.0	155172.41379310345
chr16	30776498	30776672	RNA4291	174	34	1.5141873572086779e-05	7.350350188062294e-06	1.0	195402.29885057473
chr16	30776778	30776952	RNA4292	174	37	0.029042910609786223	0.0	0.9459459459459459	212643.67816091952
chr16	30903984	30904082	RNA4293	98	16	1.3778656295925775e-05	0.0	1.0	163265.30612244896
chr16	30904068	30904242	RNA4294	174	26	1.6959734449088187e-05	1.4696400285174605e-05	1.0	149425.28735632185
chr16	30912486	30912584	RNA4295	98	4	1.472450003348058e-05	0.0	1.0	40816.32653061224
chr16	30913633	30913731	RNA4296	98	15	0.06667646554633393	1.469590006308863e-05	0.9333333333333333	153061.22448979592
chr16	31012011	31012109	RNA4297	98	16	0.014971114288073295	1.469984999857843e-05	0.9375	163265.30612244896
chr16	31027179	31027277	RNA4298	90	19	9.11858957184258e-06	0.0	1.0	211111.11111111112
chr16	31113072	31113170	RNA4299	98	15	0.024625519839294913	0.0	0.9333333333333333	153061.22448979592
chr16	31252953	31253055	RNA4300	102	28	0.0007338826334424514	0.0	1.0	274509.8039215687
chr16	31259121	31259223	RNA4301	102	14	0.00034339708658340235	1.4698349787067855e-05	1.0	137254.90196078434
chr16	31341597	31341699	RNA4302	102	23	3.580042673843647e-05	0.0	1.0	225490.19607843139
chr16	31341809	31341911	RNA4303	102	19	1.083165788211198e-05	0.0	1.0	186274.50980392157
chr16	31342009	31342111	RNA4304	102	26	0.0014348950610558126	1.4698300219606608e-05	1.0	254901.9607843137
chr16	31342017	31342119	RNA4305	102	25	0.00149111506751068	1.4698500308440998e-05	1.0	245098.03921568627
chr16	31943165	31943267	RNA4306	102	0				0.0
chr16	31943975	31944077	RNA4307	102	0				0.0
chr16	31944628	31944730	RNA4308	102	0				0.0
chr16	31944824	31944998	RNA4309	174	0				0.0
chr16	31946042	31946144	RNA4310	102	0				0.0
chr16	31947305	31947407	RNA4311	102	0				0.0
chr16	31947571	31947673	RNA4312	102	0				0.0
chr16	32008133	32008231	RNA4313	98	12	0.08335415288282395	1.4697899587190477e-05	0.9166666666666666	122448.97959183673
chr16	32385132	32385234	RNA4314	102	16	9.30371891172399e-06	0.0	1.0	156862.74509803922
chr16	32436516	32436618	RNA4315	50	3	6.03186648125605e-06	0.0	1.0	60000.0
chr16	33037268	33037384	RNA4316	116	0				0.0
chr16	33042657	33042781	RNA4317	124	0				0.0
chr16	35703190	35703364	RNA4318	174	0				0.0
chr16	35997028	35997126	RNA4319	98	0				0.0
chr16	36363958	36364060	RNA4320	0	0				
chr16	36374194	36374296	RNA4321	0	0				
chr16	46468975	46469089	RNA4322	114	0				0.0
chr16	46572796	46572910	RNA4323	114	15	2.6460146303471078e-05	0.0	1.0	131578.94736842104
chr16	46575865	46575979	RNA4324	114	0				0.0
chr16	46621485	46621599	RNA4325	114	30	1.1268219986956809e-05	1.469549988541985e-05	1.0	263157.8947368421
chr16	46641226	46641340	RNA4326	114	14	3.0447993594852507e-05	7.348849976551719e-06	1.0	122807.01754385965
chr16	46701583	46701697	RNA4327	114	15	6.859493320613789e-06	0.0	1.0	131578.94736842104
chr16	46795640	46795728	RNA4328	88	8	1.6538225168005738e-05	7.349050065386109e-06	1.0	90909.09090909091
chr16	46872991	46873079	RNA4329	87	15	1.8797253445275905e-05	1.4706300135003405e-05	1.0	172413.7931034483
chr16	46884096	46884184	RNA4330	88	28	0.00027348118598118125	0.0	1.0	318181.8181818182
chr16	46932970	46933058	RNA4331	88	14	0.07145166952139854	0.0	0.9285714285714286	159090.9090909091
chr16	46934633	46934721	RNA4332	88	16	0.00023335370326548879	1.4705250123370206e-05	1.0	181818.18181818182
chr16	47040703	47040791	RNA4333	88	20	8.818600053928095e-06	0.0	1.0	227272.72727272726
chr16	47052562	47052692	RNA4334	130	18	5.74883783883635e-05	1.4698500308440998e-05	1.0	138461.53846153847
chr16	47938228	47938316	RNA4335	88	8	1.2868512271779764e-05	0.0	1.0	90909.09090909091
chr16	47938433	47938547	RNA4336	114	22	0.0020112628750542706	0.0	1.0	192982.45614035087
chr16	48156347	48156477	RNA4337	116	29	0.023782483825863003	1.4867699974274728e-05	0.9655172413793104	250000.0
chr16	48163912	48164042	RNA4338	130	0				0.0
chr16	48164750	48164880	RNA4339	130	8	1.6844987271724676e-05	7.352949978667312e-06	1.0	61538.46153846154
chr16	48448695	48448817	RNA4340	122	25	9.99492003757041e-06	0.0	1.0	204918.03278688525
chr16	48450082	48450212	RNA4341	130	26	3.5203268488165614e-05	0.0	1.0	200000.0
chr16	48450600	48450730	RNA4342	130	30	0.02503684285017395	1.4696549897053046e-05	0.9666666666666667	230769.23076923078
chr16	48456741	48456871	RNA4343	128	31	0.032510356644824275	0.0	0.967741935483871	242187.5
chr16	48979788	48979874	RNA4344	86	17	4.928605727292848e-05	0.0	1.0	197674.41860465115
chr16	49277326	49277448	RNA4345	122	18	0.0007292302134373942	7.348599865508732e-06	1.0	147540.98360655736
chr16	49352662	49352784	RNA4346	122	26	0.0011776218376116246	1.4696799553348685e-05	1.0	213114.75409836063
chr16	49360697	49360819	RNA4347	122	25	0.0003997842485114149	0.0	1.0	204918.03278688525
chr16	49369540	49369670	RNA4348	130	23	4.8569134180616964e-05	1.4697199731017465e-05	1.0	176923.07692307694
chr16	49461732	49461854	RNA4349	122	26	0.0010098447155891838	1.4698549875902245e-05	1.0	213114.75409836063
chr16	49462435	49462557	RNA4350	122	19	3.560385228314969e-05	0.0	1.0	155737.7049180328
chr16	49476681	49476803	RNA4351	122	0				0.0
chr16	49936262	49936348	RNA4352	86	21	0.04762394968093715	0.0	0.9523809523809523	244186.0465116279
chr16	49940117	49940203	RNA4353	86	18	2.449849994769061e-06	0.0	1.0	209302.32558139536
chr16	49944233	49944319	RNA4354	86	11	8.01973634555576e-06	0.0	1.0	127906.97674418605
chr16	50132047	50132133	RNA4355	86	16	2.1130243453621275e-05	1.4698100130772218e-05	1.0	186046.51162790696
chr16	50140342	50140428	RNA4356	86	15	9.800493474661683e-06	0.0	1.0	174418.6046511628
chr16	50237549	50237635	RNA4357	86	20	0.007870728529087495	7.348200142587302e-06	0.95	232558.13953488372
chr16	50400102	50400224	RNA4358	122	22	0.008171039824033369	0.0	0.9545454545454546	180327.868852459
chr16	51007572	51007658	RNA4359	86	18	5.554039914083246e-05	0.0	1.0	209302.32558139536
chr16	51527462	51527586	RNA4360	124	29	2.128562385317653e-05	1.469509970775107e-05	1.0	233870.96774193548
chr16	51542198	51542312	RNA4361	114	17	8.647011728659409e-06	0.0	1.0	149122.80701754385
chr16	51691286	51691374	RNA4362	88	18	8.168311018784556e-06	0.0	1.0	204545.45454545456
chr16	53355683	53355813	RNA4363	130	21	0.000891477836592538	1.4700700376124589e-05	1.0	161538.46153846156
chr16	54314189	54314311	RNA4364	122	28	0.03575366369714823	0.0	0.9642857142857143	229508.19672131148
chr16	55103082	55103168	RNA4365	86	16	8.26751880822485e-06	0.0	1.0	186046.51162790696
chr16	55507111	55507235	RNA4366	124	21	0.022000897453359522	1.4700700376124589e-05	0.9523809523809523	169354.8387096774
chr16	55835284	55835427	RNA4367	143	18	0.042304677325723274	0.0	0.9444444444444444	125874.12587412588
chr16	55839485	55839628	RNA4368	143	30	0.0024687565187680957	0.0	1.0	209790.2097902098
chr16	55959864	55960007	RNA4369	143	36	0.010048684475577817	1.470179995521903e-05	0.9722222222222222	251748.25174825176
chr16	56360933	56361057	RNA4370	124	28	2.9396792699892344e-05	7.348399776674342e-06	1.0	225806.4516129032
chr16	56426156	56426280	RNA4371	124	19	6.1117368922596e-05	1.4697199731017465e-05	1.0	153225.8064516129
chr16	56426953	56427077	RNA4372	124	19	1.1604168464959672e-05	0.0	1.0	153225.8064516129
chr16	56583845	56583969	RNA4373	124	16	1.5618618817825336e-05	1.4698100130772218e-05	1.0	129032.25806451612
chr16	56583935	56584059	RNA4374	124	18	0.05557107114989574	7.349050065386109e-06	0.9444444444444444	145161.29032258067
chr16	56603036	56603160	RNA4375	124	27	0.003882456989197597	1.4698100130772218e-05	0.9629629629629629	217741.93548387097
chr16	56850371	56850514	RNA4376	143	25	1.705116002995055e-05	1.4698500308440998e-05	1.0	174825.17482517482
chr16	57504108	57504232	RNA4377	121	32	1.3654587547759379e-05	7.348849976551719e-06	1.0	264462.80991735536
chr16	60318749	60318892	RNA4378	143	28	1.2074492847854604e-05	1.469529979658546e-05	1.0	195804.1958041958
chr16	61516768	61516892	RNA4379	124	25	0.040006467776038335	0.0	0.96	201612.90322580643
chr16	62144708	62144848	RNA4380	140	25	1.117130395869026e-05	0.0	1.0	178571.42857142858
chr16	63691967	63692051	RNA4381	84	12	0.08317702759616925	1.4711899893882219e-05	0.8333333333333334	142857.14285714284
chr16	63692962	63693113	RNA4382	150	35	0.05733374331817426	1.4703699889651034e-05	0.8857142857142857	233333.33333333334
chr16	64823545	64823674	RNA4383	129	33	1.648077569839276e-05	0.0	1.0	255813.9534883721
chr16	66179801	66179941	RNA4384	140	25	2.4695700194567684e-05	0.0	1.0	178571.42857142858
chr16	66602029	66602180	RNA4385	151	36	0.02786229255909549	1.4696150174131617e-05	0.9722222222222222	238410.59602649006
chr16	66906699	66906839	RNA4386	140	34	0.029633972934789192	1.4698100130772218e-05	0.9705882352941176	242857.14285714284
chr16	66927389	66927529	RNA4387	140	29	2.483489308736988e-05	1.4696799553348685e-05	1.0	207142.85714285716
chr16	66928473	66928613	RNA4388	140	29	0.004976920557118283	1.4698500308440998e-05	0.9655172413793104	207142.85714285716
chr16	67018547	67018687	RNA4389	140	23	0.00031191982227185864	0.0	1.0	164285.7142857143
chr16	67024521	67024661	RNA4390	140	16	4.87063180685218e-05	7.347950031544315e-06	1.0	114285.71428571428
chr16	67151202	67151342	RNA4391	140	40	0.0006202674715950684	1.470460028940579e-05	1.0	285714.2857142857
chr16	67437648	67437799	RNA4392	151	29	3.4472279210224614e-05	0.0	1.0	192052.98013245035
chr16	67437650	67437801	RNA4393	151	30	3.381326990468557e-05	7.349250154220499e-06	1.0	198675.4966887417
chr16	67437689	67437840	RNA4394	151	29	8.162404318336594e-05	1.4698500308440998e-05	1.0	192052.98013245035
chr16	67639329	67639480	RNA4395	151	36	1.838407800076109e-05	1.4703100077895215e-05	1.0	238410.59602649006
chr16	67640285	67640369	RNA4396	84	21	0.00018755601961726698	0.0	1.0	250000.0
chr16	67642951	67643102	RNA4397	151	37	0.0024250135877967234	0.0	0.972972972972973	245033.11258278147
chr16	67643970	67644121	RNA4398	151	21	0.0006085763355561834	0.0	1.0	139072.8476821192
chr16	67986437	67986577	RNA4399	140	28	0.00036749719928203705	1.4698100130772218e-05	1.0	200000.0
chr16	68527803	68527954	RNA4400	151	150	0.03340789916392168	1.4696799553348685e-05	0.9666666666666667	993377.4834437086
chr16	68528335	68528419	RNA4401	84	34	0.058130061864042494	1.4697199731017465e-05	0.9411764705882353	404761.9047619048
chr16	68528578	68528662	RNA4402	84	30	0.0002508787991549338	1.4696800008096034e-05	1.0	357142.85714285716
chr16	68528969	68529098	RNA4403	129	61	0.0038070418183049127	0.0	0.9836065573770492	472868.2170542636
chr16	68529338	68529422	RNA4404	84	36	9.394116609150336e-06	0.0	1.0	428571.4285714285
chr16	69087601	69087685	RNA4405	84	0				0.0
chr16	69087933	69088017	RNA4406	84	18	0.0006284929475239333	1.4827950053586392e-05	1.0	214285.71428571426
chr16	69091842	69091926	RNA4407	84	9	3.2663000537367125e-06	0.0	1.0	107142.85714285713
chr16	69466764	69466855	RNA4408	91	17	0.05882698786477062	0.0	0.9411764705882353	186813.18681318683
chr16	69507640	69507769	RNA4409	129	21	2.0300090519799578e-05	0.0	1.0	162790.69767441862
chr16	69508013	69508142	RNA4410	129	35	1.596118285565728e-05	0.0	1.0	271317.82945736434
chr16	69509721	69509850	RNA4411	129	20	2.1350374981917954e-05	1.471150017096079e-05	1.0	155038.75968992247
chr16	69509818	69509902	RNA4412	84	14	3.4684971589220565e-05	1.4706700312672185e-05	1.0	166666.66666666666
chr16	69945312	69945441	RNA4413	129	0				0.0
chr16	69945828	69945957	RNA4414	129	0				0.0
chr16	69949679	69949808	RNA4415	116	0				0.0
chr16	70439583	70439801	RNA4416	218	46	6.934644933726261e-05	0.0	1.0	211009.17431192662
chr16	70686614	70686743	RNA4417	129	33	0.014910603509110151	1.4698500308440998e-05	0.9696969696969697	255813.9534883721
chr16	71728617	71728757	RNA4418	140	34	2.8966329489987195e-05	1.4700699921377236e-05	1.0	242857.14285714284
chr16	72197669	72197753	RNA4419	84	14	7.349950010393513e-06	7.348849976551719e-06	1.0	166666.66666666666
chr16	72197782	72197933	RNA4420	151	24	1.654075398012756e-05	0.0	1.0	158940.3973509934
chr16	73895015	73895106	RNA4421	91	34	5.3637530099338836e-05	1.4702900443808176e-05	1.0	373626.37362637365
chr16	73896458	73896672	RNA4422	214	48	3.5521266928143205e-05	0.0	1.0	224299.06542056074
chr16	73942048	73942266	RNA4423	218	44	0.022429126890756376	1.4697199731017465e-05	0.9545454545454546	201834.86238532112
chr16	73942292	73942383	RNA4424	91	20	9.55379000515677e-06	0.0	1.0	219780.21978021978
chr16	73942432	73942523	RNA4425	91	25	1.117220006562943e-05	0.0	1.0	274725.27472527476
chr16	73942609	73942700	RNA4426	91	21	1.3997604626288418e-05	0.0	1.0	230769.23076923078
chr16	74705437	74705528	RNA4427	91	18	8.983422352078682e-06	7.349050065386109e-06	1.0	197802.1978021978
chr16	74705855	74705946	RNA4428	91	17	0.0017809586310891829	0.0	1.0	186813.18681318683
chr16	74706307	74706436	RNA4429	126	23	0.012374585514922013	0.0	0.9565217391304348	182539.68253968252
chr16	74707497	74707588	RNA4430	91	18	5.719794444303261e-06	0.0	1.0	197802.1978021978
chr16	75193832	75194050	RNA4431	208	66	0.0055984844970308496	1.4697699953103438e-05	0.9848484848484849	317307.6923076923
chr16	75273970	75274188	RNA4432	218	44	0.004214497843804559	0.0	0.9772727272727273	201834.86238532112
chr16	75274545	75274763	RNA4433	208	39	4.0247682684422417e-05	0.0	1.0	187500.0
chr16	75276746	75276837	RNA4434	91	18	1.4001650116471057e-05	0.0	1.0	197802.1978021978
chr16	75623336	75623554	RNA4435	218	67	1.8229371738951817e-05	0.0	1.0	307339.4495412844
chr16	75623873	75624039	RNA4436	166	39	0.0016106419481310198	0.0	0.9743589743589743	234939.7590361446
chr16	75624515	75624733	RNA4437	218	44	0.02312558222849309	0.0	0.9772727272727273	201834.86238532112
chr16	75625655	75625873	RNA4438	218	61	0.04924899873458344	0.0	0.9508196721311475	279816.5137614679
chr16	76262680	76262898	RNA4439	218	55	3.877163812417178e-05	1.4699399798701052e-05	1.0	252293.57798165135
chr16	77159039	77159253	RNA4440	214	54	0.0014752035732878224	0.0	0.9814814814814815	252336.4485981308
chr16	77176042	77176256	RNA4441	214	50	0.04000382814947443	0.0	0.96	233644.8598130841
chr16	77181882	77182096	RNA4442	214	48	0.010367537945986287	0.0	0.9583333333333334	224299.06542056074
chr16	77184695	77184909	RNA4443	214	0				0.0
chr16	78074007	78074221	RNA4444	214	0				0.0
chr16	78075833	78076047	RNA4445	214	0				0.0
chr16	78089328	78089542	RNA4446	214	56	0.009384267316460993	0.0	0.9821428571428571	261682.24299065417
chr16	79231669	79231759	RNA4447	90	35	0.005405639331053988	0.0	0.9428571428571428	388888.8888888889
chr16	79238263	79238477	RNA4448	214	67	0.001548925949233548	0.0	0.9850746268656716	313084.1121495327
chr16	79243714	79243853	RNA4449	139	40	1.728591764731259e-05	0.0	1.0	287769.78417266184
chr16	79289098	79289189	RNA4450	91	31	2.607727372143581e-05	0.0	1.0	340659.34065934067
chr16	79540032	79540198	RNA4451	166	48	0.0017142145300491965	7.350150099227904e-06	0.9791666666666666	289156.6265060241
chr16	80047466	80047684	RNA4452	218	65	0.015397053570702085	0.0	0.9846153846153847	298165.1376146789
chr16	80049124	80049290	RNA4453	166	47	1.9704246969533057e-05	0.0	1.0	283132.53012048197
chr16	80050191	80050357	RNA4454	166	48	0.010217723630735991	0.0	0.9791666666666666	289156.6265060241
chr16	80050479	80050645	RNA4455	166	54	0.00019650164222184186	7.347300197579898e-06	1.0	325301.2048192771
chr16	80593616	80593782	RNA4456	155	25	1.7993551737163215e-05	1.487339977757074e-05	1.0	161290.32258064515
chr16	80594829	80594995	RNA4457	166	40	0.012043220027203457	1.4696599919261644e-05	0.975	240963.85542168675
chr16	80596803	80596969	RNA4458	166	43	0.023275008985957503	0.0	0.9767441860465116	259036.14457831325
chr16	80806846	80807044	RNA4459	198	39	2.4875012642062447e-05	0.0	1.0	196969.69696969696
chr16	80807885	80808051	RNA4460	166	49	0.002893207198194057	1.469509970775107e-05	0.9795918367346939	295180.7228915663
chr16	81291825	81291895	RNA4461	70	18	0.013820655330821155	7.349050065386109e-06	0.9444444444444444	257142.85714285713
chr16	81292056	81292302	RNA4462	238	25	2.0319940049373304e-05	1.4707999980601016e-05	1.0	105042.01680672269
chr16	81292092	81292162	RNA4463	70	12	1.838814993485429e-05	7.353350156336092e-06	1.0	171428.57142857142
chr16	81292119	81292365	RNA4464	238	37	5.4107230032568544e-05	1.4778500371903648e-05	1.0	155462.1848739496
chr16	81292132	81292378	RNA4465	238	35	5.341618603518944e-05	1.471579980716342e-05	1.0	147058.82352941178
chr16	81292292	81292362	RNA4466	70	26	6.668065032918749e-05	1.4828900020802394e-05	1.0	371428.5714285714
chr16	81444470	81444636	RNA4467	166	70	1.1118825724614517e-05	0.0	1.0	421686.74698795186
chr16	82025588	82025658	RNA4468	70	8	7.35153741970862e-06	7.349050065386109e-06	1.0	114285.71428571428
chr16	82028565	82028811	RNA4469	246	64	0.0001441754008482103	0.0	1.0	260162.6016260163
chr16	82604895	82605034	RNA4470	139	35	0.018444401991499552	0.0	0.9714285714285714	251798.56115107914
chr16	82605085	82605175	RNA4471	90	22	0.03804448090630268	0.0	0.9545454545454546	244444.44444444444
chr16	82605106	82605320	RNA4472	214	61	0.030144762551929886	0.0	0.9672131147540983	285046.7289719626
chr16	83967522	83967595	RNA4473	72	11	1.1663727243351538e-05	0.0	1.0	152777.77777777778
chr16	84006775	84006865	RNA4474	90	36	2.8062386238358865e-05	1.4705250123370206e-05	1.0	400000.0
chr16	84121730	84121820	RNA4475	90	17	2.161347075504068e-05	0.0	1.0	188888.88888888888
chr16	84121785	84121924	RNA4476	139	23	2.2365974077926406e-05	1.4697199731017465e-05	1.0	165467.62589928057
chr16	84121990	84122080	RNA4477	90	14	3.149964283823335e-06	0.0	1.0	155555.55555555556
chr16	84187238	84187328	RNA4478	90	26	3.166504180066299e-05	0.0	1.0	288888.8888888889
chr16	84187484	84187623	RNA4479	139	36	0.022383926004850858	1.470005008741282e-05	0.9166666666666666	258992.80575539568
chr16	84188304	84188394	RNA4480	90	26	0.01041775962917549	7.349050065386109e-06	0.9615384615384616	288888.8888888889
chr16	84190241	84190380	RNA4481	139	41	0.008973225463195391	0.0	0.975609756097561	294964.02877697843
chr16	84201452	84201591	RNA4482	139	27	0.00017258929929757371	1.4698500308440998e-05	1.0	194244.60431654679
chr16	84205877	84206016	RNA4483	139	38	0.02633590694997685	0.0	0.9736842105263158	273381.2949640288
chr16	84286943	84287033	RNA4484	90	28	4.356624728123345e-05	1.469744984206045e-05	1.0	311111.1111111111
chr16	84292963	84293102	RNA4485	138	38	0.029196767612192115	1.4719299997523194e-05	0.9473684210526315	275362.3188405797
chr16	84618288	84618486	RNA4486	101	0				0.0
chr16	84689988	84690058	RNA4487	70	17	6.929576503513518e-06	0.0	1.0	242857.14285714284
chr16	84801862	84802028	RNA4488	165	53	0.0005196308770191141	1.4700300198455809e-05	1.0	321212.1212121212
chr16	84804279	84804371	RNA4489	92	28	9.448785606634504e-06	0.0	1.0	304347.82608695654
chr16	85124819	85125017	RNA4490	198	47	0.042683606447040945	1.4696799553348685e-05	0.9574468085106383	237373.7373737374
chr16	85124901	85125040	RNA4491	139	39	0.025767667438953923	0.0	0.9743589743589743	280575.5395683453
chr16	85125177	85125343	RNA4492	166	42	0.047630949566350216	0.0	0.9523809523809523	253012.04819277106
chr16	85125337	85125503	RNA4493	166	42	0.0003755270515198129	7.347549853875535e-06	1.0	253012.04819277106
chr16	85125671	85125837	RNA4494	166	30	0.00952134580080989	0.0	0.9666666666666667	180722.89156626505
chr16	85125712	85125910	RNA4495	198	42	0.006814959417234993	1.4696400285174605e-05	0.9761904761904762	212121.21212121213
chr16	85125762	85125960	RNA4496	198	46	0.006253664196047674	1.4696599919261644e-05	0.9782608695652174	232323.2323232323
chr16	85127242	85127332	RNA4497	90	25	0.021054869096115	1.4697699953103438e-05	0.96	277777.7777777778
chr16	85127390	85127556	RNA4498	166	49	0.00047076240545200655	1.4698500308440998e-05	1.0	295180.7228915663
chr16	85880809	85880975	RNA4499	166	32	0.0001391553257406015	0.0	1.0	192771.0843373494
chr16	85881794	85881960	RNA4500	166	47	2.377364483997224e-05	0.0	1.0	283132.53012048197
chr16	85888725	85888923	RNA4501	198	65	2.6909244255732457e-05	0.0	1.0	328282.82828282827
chr16	85889105	85889303	RNA4502	198	50	0.0007042196514703378	0.0	1.0	252525.25252525255
chr16	85892723	85892921	RNA4503	198	47	0.0007497569647270189	0.0	1.0	237373.7373737374
chr16	85898858	85899024	RNA4504	166	57	0.01638314625152385	0.0	0.9824561403508771	343373.4939759036
chr16	85923664	85923734	RNA4505	70	17	0.058829581241137505	0.0	0.9411764705882353	242857.14285714284
chr16	85924696	85924942	RNA4506	246	57	0.004051912538463448	0.0	0.9824561403508771	231707.31707317074
chr16	86700837	86701035	RNA4507	198	83	0.03356306873586409	0.0	0.9518072289156626	419191.91919191915
chr16	86834510	86834676	RNA4508	166	50	0.021176900981063222	0.0	0.96	301204.8192771085
chr16	87869574	87869647	RNA4509	73	27	0.00038744504261692067	1.4740599908691364e-05	1.0	369863.0136986301
chr16	88690002	88690094	RNA4510	92	15	0.06670489443386032	1.4702900443808176e-05	0.9333333333333333	163043.47826086957
chr16	88691655	88691725	RNA4511	70	17	4.496934086679058e-05	1.4703299711982254e-05	1.0	242857.14285714284
chr16	88785639	88785712	RNA4512	73	18	9.802333453181847e-06	0.0	1.0	246575.3424657534
chr16	88868386	88868459	RNA4513	73	18	7.3514111136319116e-06	7.349499810516136e-06	1.0	246575.3424657534
chr16	88870090	88870163	RNA4514	73	15	7.276507518932787e-05	0.0	1.0	205479.4520547945
chr16	88977243	88977316	RNA4515	73	23	2.5392947819728963e-05	1.4699799976369832e-05	1.0	315068.4931506849
chr16	88983265	88983338	RNA4516	73	22	9.354040850501571e-06	7.348599865508732e-06	1.0	301369.8630136986
chr16	89083802	89083875	RNA4517	0	0				
chr16	89170342	89170481	RNA4518	139	33	1.3364366636916671e-05	0.0	1.0	237410.07194244603
chr16	89170627	89170717	RNA4519	90	25	0.040012347423908065	1.4696799553348685e-05	0.96	277777.7777777778
chr16	89598293	89598363	RNA4520	31	8	1.0541499932514853e-05	1.571864959259983e-05	1.0	258064.51612903224
chr16	89638946	89639038	RNA4521	0	0				
chr16	89671313	89671383	RNA4522	70	17	8.654711778303061e-06	0.0	1.0	242857.14285714284
chr16	89671471	89671541	RNA4523	70	22	1.807858631185478e-05	7.349899988184916e-06	1.0	314285.71428571426
chr16	89703152	89703222	RNA4524	70	0				0.0
chr16	89706203	89706273	RNA4525	70	26	0.019454153777062926	1.4696999642183075e-05	0.9615384615384616	371428.5714285714
chr16	89706356	89706448	RNA4526	92	34	0.029419114323365435	0.0	0.9705882352941176	369565.2173913043
chr16	89706613	89706683	RNA4527	70	15	9.799306705341829e-06	1.4697199731017465e-05	1.0	214285.71428571426
chr16	89706622	89706714	RNA4528	92	16	1.0105537512572482e-05	1.469744984206045e-05	1.0	173913.04347826086
chr16	89947129	89947221	RNA4529	92	21	6.161227749890437e-05	1.4700300198455809e-05	1.0	228260.86956521738
chr16	89947870	89947962	RNA4530	92	27	1.0343251704870016e-05	0.0	1.0	293478.26086956525
chr16	89948416	89948508	RNA4531	92	59	0.05170778704882265	1.4698999621032272e-05	0.9322033898305084	641304.3478260869
chr16	89968958	89969031	RNA4532	73	11	6.732363710232841e-06	0.0	1.0	150684.9315068493
chr16	90227253	90227345	RNA4533	0	0				
chr16	90227901	90227971	RNA4534	70	0				0.0
chr17	63465	63632	RNA4535	0	0				
chr17	63471	63709	RNA4536	0	0				
chr17	63479	63646	RNA4537	0	0				
chr17	131864	131945	RNA4538	81	0				0.0
chr17	137388	137469	RNA4539	81	0				0.0
chr17	139485	139723	RNA4540	235	0				0.0
chr17	140590	140828	RNA4541	0	0				
chr17	387590	387660	RNA4542	70	0				0.0
chr17	403592	403662	RNA4543	0	0				
chr17	404209	404279	RNA4544	0	0				
chr17	500770	500855	RNA4545	85	19	0.0015776096161540618	1.4719300452270543e-05	1.0	223529.4117647059
chr17	501806	501891	RNA4546	85	22	1.939843175270942e-05	0.0	1.0	258823.52941176473
chr17	502095	502180	RNA4547	85	17	0.0014869789241428724	0.0	1.0	200000.0
chr17	793264	793369	RNA4548	105	32	0.03185014529498175	1.4700700376124589e-05	0.96875	304761.9047619048
chr17	1272001	1272072	RNA4549	71	15	2.5481867245009935e-05	1.4698999621032272e-05	1.0	211267.6056338028
chr17	1274658	1274729	RNA4550	69	27	6.53665737007397e-05	1.526340020063799e-05	1.0	391304.347826087
chr17	1274881	1274952	RNA4551	71	23	3.270279672584734e-05	0.0	1.0	323943.661971831
chr17	1275967	1276128	RNA4552	161	49	0.009512863942717907	1.4716300029249396e-05	0.9591836734693877	304347.82608695654
chr17	1685942	1686109	RNA4553	167	39	0.00023014456497221864	0.0	1.0	233532.93413173655
chr17	1686103	1686208	RNA4554	105	21	9.802628569776148e-06	0.0	1.0	200000.0
chr17	1686274	1686348	RNA4555	74	18	0.05558006327247414	1.470460028940579e-05	0.9444444444444444	243243.24324324325
chr17	1694560	1694727	RNA4556	167	54	0.018549058368753996	1.4709100014442812e-05	0.9814814814814815	323353.29341317364
chr17	1710487	1710568	RNA4557	81	30	9.806800032189736e-06	0.0	1.0	370370.37037037034
chr17	1710529	1710634	RNA4558	105	29	0.0004132126591214446	0.0	1.0	276190.4761904762
chr17	1710532	1710613	RNA4559	81	22	0.0005413469370564929	0.0	1.0	271604.93827160494
chr17	1710603	1710708	RNA4560	105	30	1.7170629780592066e-05	1.4701749933010433e-05	1.0	285714.2857142857
chr17	1760529	1760690	RNA4561	160	40	0.025180110082396824	1.4695749996462837e-05	0.975	250000.0
chr17	1761180	1761286	RNA4562	106	15	0.00044978294208703455	1.4710200048284603e-05	1.0	141509.43396226416
chr17	1761277	1761348	RNA4563	71	12	0.16674634260751495	1.470005008741282e-05	0.8333333333333334	169014.08450704225
chr17	1761418	1761579	RNA4564	161	9	1.7984788933568376e-05	1.470460028940579e-05	1.0	55900.62111801242
chr17	1761454	1761621	RNA4565	167	0				0.0
chr17	1761530	1761611	RNA4566	81	0				0.0
chr17	1761692	1761853	RNA4567	161	37	2.7814021573366332e-05	0.0	1.0	229813.66459627327
chr17	2749950	2750111	RNA4568	161	63	4.3398645593982963e-05	1.4696799553348685e-05	1.0	391304.347826087
chr17	2750051	2750212	RNA4569	161	32	2.342671874089148e-05	0.0	1.0	198757.76397515528
chr17	2750548	2750648	RNA4570	100	24	1.9599870900792963e-05	1.4699199709866662e-05	1.0	240000.0
chr17	2750742	2750903	RNA4571	161	38	0.0053095930963632096	7.347749942709925e-06	0.9736842105263158	236024.84472049688
chr17	2751135	2751195	RNA4572	60	6	4.899516776883199e-06	0.0	1.0	100000.0
chr17	2752021	2752102	RNA4573	81	17	1.5563158954404492e-05	0.0	1.0	209876.54320987655
chr17	2752200	2752290	RNA4574	90	2	2.9442049708450213e-05	2.9442049708450213e-05	1.0	22222.222222222223
chr17	2752562	2752679	RNA4575	117	0				0.0
chr17	2752564	2752731	RNA4576	167	0				0.0
chr17	2752653	2752759	RNA4577	106	0				0.0
chr17	2754434	2754540	RNA4578	106	0				0.0
chr17	2754497	2754603	RNA4579	106	0				0.0
chr17	3275216	3275377	RNA4580	161	0				0.0
chr17	3565188	3565278	RNA4581	90	14	9.452207385558203e-06	0.0	1.0	155555.55555555556
chr17	3565190	3565325	RNA4582	132	16	9.191100218686188e-06	0.0	1.0	121212.12121212122
chr17	3565217	3565307	RNA4583	87	12	9.802550266613252e-06	0.0	1.0	137931.0344827586
chr17	3565284	3565374	RNA4584	87	18	0.11115680214263396	1.471150017096079e-05	0.8888888888888888	206896.55172413794
chr17	4375434	4375524	RNA4585	90	0				0.0
chr17	4378779	4378869	RNA4586	90	18	9.801161063983778e-06	0.0	1.0	200000.0
chr17	4383412	4383502	RNA4587	87	18	0.05558688826765016	0.0	0.9444444444444444	206896.55172413794
chr17	4385389	4385482	RNA4588	93	19	1.006242104937739e-05	0.0	1.0	204301.07526881722
chr17	4667776	4667911	RNA4589	135	20	4.704187372225734e-05	1.469964990974404e-05	1.0	148148.14814814815
chr17	4747872	4748007	RNA4590	133	0				0.0
chr17	4754517	4754652	RNA4591	135	0				0.0
chr17	4784560	4784695	RNA4592	135	0				0.0
chr17	4794249	4794384	RNA4593	135	20	2.1313595425450275e-05	7.348200142587302e-06	1.0	148148.14814814815
chr17	4800286	4800376	RNA4594	90	19	6.825817921420569e-05	1.4769299923500512e-05	1.0	211111.11111111112
chr17	4829613	4829748	RNA4595	135	26	2.2656869287643046e-05	0.0	1.0	192592.59259259258
chr17	5667039	5667113	RNA4596	74	14	0.017318484617589995	1.469785001972923e-05	0.9285714285714286	189189.1891891892
chr17	5771834	5771905	RNA4597	71	15	0.06666661871974308	0.0	0.9333333333333333	211267.6056338028
chr17	5771836	5771971	RNA4598	135	25	0.040027608737182155	0.0	0.96	185185.18518518517
chr17	6128944	6129044	RNA4599	100	17	7.782217621484853e-06	0.0	1.0	170000.0
chr17	6249286	6249403	RNA4600	117	19	1.5519089557574337e-05	1.4700300198455809e-05	1.0	162393.1623931624
chr17	6556586	6556660	RNA4601	71	0				0.0
chr17	6577168	6577335	RNA4602	167	21	8.81959280637261e-05	0.0	1.0	125748.50299401197
chr17	6640711	6640785	RNA4603	74	14	9.44763561554802e-06	0.0	1.0	189189.1891891892
chr17	6640813	6640887	RNA4604	74	20	0.005405867140279947	1.469590006308863e-05	0.95	270270.2702702703
chr17	6640893	6640974	RNA4605	81	37	0.027054839230274682	1.4694200217491016e-05	0.9459459459459459	456790.1234567901
chr17	6713503	6713577	RNA4606	74	16	1.655044371773278e-05	7.354649824264925e-06	1.0	216216.21621621624
chr17	6713517	6713591	RNA4607	74	13	1.9238292295014972e-05	1.470929964852985e-05	1.0	175675.67567567568
chr17	6716685	6716745	RNA4608	60	11	2.5392854199292436e-05	1.470200004405342e-05	1.0	183333.3333333333
chr17	6744584	6744658	RNA4609	74	14	1.2602600236277794e-05	0.0	1.0	189189.1891891892
chr17	6833597	6833697	RNA4610	99	16	0.06250780241254006	7.358350103459088e-06	0.9375	161616.16161616164
chr17	6835744	6835844	RNA4611	100	19	1.9342031727746443e-05	1.469549988541985e-05	1.0	190000.0
chr17	6835913	6836013	RNA4612	100	13	3.392170786424997e-05	1.4696400285174605e-05	1.0	130000.0
chr17	7020403	7020503	RNA4613	100	12	1.8378008689978742e-05	1.4700299743708456e-05	1.0	120000.0
chr17	7033360	7033460	RNA4614	100	17	4.410056525931474e-05	1.4700300198455809e-05	1.0	170000.0
chr17	7127151	7127251	RNA4615	100	21	0.00041715239214161124	0.0	1.0	210000.0
chr17	7136858	7136975	RNA4616	116	16	0.024120764784356645	7.349899988184916e-06	0.875	137931.0344827586
chr17	7234882	7234999	RNA4617	117	27	1.4155811017927536e-05	0.0	1.0	230769.23076923078
chr17	7239803	7239964	RNA4618	161	33	1.2473203076462431e-05	1.4697199731017465e-05	1.0	204968.9440993789
chr17	7239870	7239987	RNA4619	117	19	1.0830794723771856e-05	0.0	1.0	162393.1623931624
chr17	7633567	7633684	RNA4620	117	25	0.0040341992100365945	1.47024002217222e-05	0.96	213675.21367521366
chr17	7634366	7634426	RNA4621	60	12	1.7148025108326692e-05	1.4698300219606608e-05	1.0	200000.0
chr17	7634700	7634817	RNA4622	117	22	1.2697254657144764e-05	0.0	1.0	188034.18803418803
chr17	7634806	7634923	RNA4623	117	27	0.0015240535601184976	0.0	1.0	230769.23076923078
chr17	7645228	7645302	RNA4624	74	11	0.00609547330664513	1.4703699889651034e-05	0.9090909090909091	148648.64864864867
chr17	7704966	7705026	RNA4625	60	24	0.0008910267773671866	7.353350156336092e-06	1.0	400000.0
chr17	7712592	7712652	RNA4626	60	11	9.35389074253511e-06	0.0	1.0	183333.3333333333
chr17	7912847	7912907	RNA4627	60	8	2.406258693099234e-05	0.0	1.0	133333.33333333334
chr17	7912987	7913047	RNA4628	60	13	0.07273956912999545	0.0	0.9230769230769231	216666.6666666667
chr17	7917857	7917917	RNA4629	60	9	6.205906821478743e-05	0.0	1.0	150000.0
chr17	7991139	7991239	RNA4630	100	28	1.7848178588662578e-05	1.4698749964736635e-05	1.0	280000.0
chr17	8271935	8272028	RNA4631	93	14	0.0002344141509768322	1.4855650078970939e-05	1.0	150537.63440860214
chr17	8272523	8272640	RNA4632	117	20	1.7665180030235207e-05	1.4706300135003403e-05	1.0	170940.17094017094
chr17	8799414	8799474	RNA4633	60	23	9.596245629084708e-05	0.0	1.0	383333.3333333334
chr17	8800929	8801019	RNA4634	90	12	0.06399783582378406	1.4711250059917802e-05	0.9166666666666666	133333.33333333334
chr17	9013335	9013428	RNA4635	93	26	2.3220496551888763e-05	0.0	1.0	279569.89247311826
chr17	9020772	9020865	RNA4636	93	15	1.4700873543915805e-05	1.4699399798701052e-05	1.0	161290.32258064515
chr17	9021163	9021256	RNA4637	93	31	1.2507916160815593e-05	0.0	1.0	333333.3333333333
chr17	9729993	9730086	RNA4638	93	10	4.418060052557849e-06	0.0	1.0	107526.88172043012
chr17	9731388	9731481	RNA4639	93	22	5.0774844153647854e-05	1.469724975322606e-05	1.0	236559.13978494625
chr17	9732363	9732456	RNA4640	93	18	8.982266636950146e-06	0.0	1.0	193548.38709677418
chr17	9762249	9762384	RNA4641	135	22	0.0006100070026232766	0.0	1.0	162962.96296296298
chr17	10664248	10664341	RNA4642	93	25	0.012821446972957338	1.470159986638464e-05	0.92	268817.20430107525
chr17	11192972	11193072	RNA4643	100	21	3.709715379261602e-05	1.4698100130772218e-05	1.0	210000.0
chr17	11196751	11196825	RNA4644	74	13	2.0355138216333355e-05	1.4699799976369832e-05	1.0	175675.67567567568
chr17	12221587	12221704	RNA4645	117	35	1.889688857252959e-05	0.0	1.0	299145.2991452991
chr17	12663275	12663335	RNA4646	60	15	0.06669902617419818	1.4699799976369832e-05	0.9333333333333333	250000.0
chr17	13019059	13019136	RNA4647	77	8	2.756347510056851e-05	1.4700300198455809e-05	1.0	103896.1038961039
chr17	14371600	14371710	RNA4648	110	33	7.977748990731429e-05	0.0	1.0	300000.0
chr17	14550727	14550820	RNA4649	93	22	1.0021827206814619e-05	7.347749942709925e-06	1.0	236559.13978494625
chr17	16354203	16354311	RNA4650	108	16	0.06265437117491501	1.4703499800816644e-05	0.9375	148148.14814814815
chr17	16846995	16847072	RNA4651	77	0				0.0
chr17	17681212	17681289	RNA4652	77	25	6.779863091651062e-05	0.0	1.0	324675.32467532466
chr17	17837242	17837319	RNA4653	77	14	1.8904721725578255e-05	1.4700699921377236e-05	1.0	181818.18181818182
chr17	17842928	17843005	RNA4654	77	13	3.0522999273103544e-05	0.0	1.0	168831.16883116882
chr17	17972579	17972656	RNA4655	77	20	3.307342999505048e-05	0.0	1.0	259740.2597402597
chr17	17972611	17972688	RNA4656	77	16	9.185387455090677e-06	0.0	1.0	207792.2077922078
chr17	18073486	18073563	RNA4657	77	15	1.279039346021212e-05	0.0	1.0	194805.19480519483
chr17	18365327	18365437	RNA4658	110	0				0.0
chr17	19053982	19054059	RNA4659	0	0				
chr17	19214658	19214768	RNA4660	0	0				
chr17	19215171	19215281	RNA4661	0	0				
chr17	19215276	19215386	RNA4662	0	0				
chr17	19388957	19389067	RNA4663	110	24	6.736216657069842e-06	0.0	1.0	218181.81818181818
chr17	19396796	19396906	RNA4664	110	6	0.0	0.0	1.0	54545.454545454544
chr17	19404109	19404219	RNA4665	110	28	0.00013895866465775443	1.4723650110681774e-05	1.0	254545.45454545453
chr17	20403742	20403852	RNA4666	110	0				0.0
chr17	20404756	20404864	RNA4667	108	0				0.0
chr17	21044779	21044887	RNA4668	108	22	0.014502372841475743	7.349250154220499e-06	0.9545454545454546	203703.70370370368
chr17	21120970	21121078	RNA4669	108	21	9.798957069592906e-06	0.0	1.0	194444.44444444444
chr17	21121210	21121318	RNA4670	108	13	5.4272031425513394e-05	0.0	1.0	120370.37037037036
chr17	21193770	21193878	RNA4671	108	16	6.613866787574194e-05	1.4696999642183075e-05	1.0	148148.14814814815
chr17	21197577	21197685	RNA4672	108	20	0.024766753756694015	1.4698950053571025e-05	0.95	185185.18518518517
chr17	21280329	21280437	RNA4673	108	23	5.625772183006091e-05	1.4700300198455809e-05	1.0	212962.96296296298
chr17	22206779	22206887	RNA4674	108	0				0.0
chr17	23352913	23352997	RNA4675	0	0				
chr17	24141911	24142021	RNA4676	0	0				
chr17	24637011	24637132	RNA4677	0	0				
chr17	25929410	25929518	RNA4678	0	0				
chr17	27330207	27330291	RNA4679	84	20	3.0171965227053564e-05	1.473755037295632e-05	1.0	238095.23809523808
chr17	27358225	27358362	RNA4680	137	24	6.125850025758457e-06	0.0	1.0	175182.48175182482
chr17	28197002	28197086	RNA4681	84	9	0.00015186541663245813	1.4697699953103438e-05	1.0	107142.85714285713
chr17	28197278	28197362	RNA4682	84	17	1.038271185440381e-05	1.4704999557579868e-05	1.0	202380.9523809524
chr17	28197588	28197672	RNA4683	84	15	0.00013816679305212333	0.0	1.0	178571.42857142858
chr17	28863281	28863365	RNA4684	84	13	3.279224641187867e-05	1.4698999621032272e-05	1.0	154761.90476190476
chr17	28865291	28865412	RNA4685	121	15	1.7636567160171514e-05	0.0	1.0	123966.94214876034
chr17	28865444	28865528	RNA4686	84	15	4.507036252712802e-05	0.0	1.0	178571.42857142858
chr17	28871058	28871142	RNA4687	84	14	6.301099996822554e-06	0.0	1.0	166666.66666666666
chr17	29254568	29254689	RNA4688	121	31	0.00011604275069628499	0.0	1.0	256198.347107438
chr17	29255006	29255127	RNA4689	121	26	5.6539734801981504e-05	0.0	1.0	214876.03305785125
chr17	29255126	29255210	RNA4690	84	21	4.060075272198715e-05	1.4698500308440998e-05	1.0	250000.0
chr17	29255250	29255371	RNA4691	121	27	1.4153244524937076e-05	0.0	1.0	223140.4958677686
chr17	30186892	30187013	RNA4692	121	12	0.00022173770154645684	1.4701549844176043e-05	1.0	99173.55371900827
chr17	30187264	30187385	RNA4693	121	17	1.1239629255963818e-05	1.4696799553348685e-05	1.0	140495.86776859505
chr17	30187448	30187569	RNA4694	121	18	5.3078467367916106e-05	0.0	1.0	148760.3305785124
chr17	30187768	30187901	RNA4695	127	28	0.00013871640632193749	1.4732549971085973e-05	1.0	220472.44094488188
chr17	30572726	30572847	RNA4696	121	0				0.0
chr17	31540266	31540403	RNA4697	137	19	0.0001732965211933819	0.0	1.0	138686.13138686132
chr17	32253559	32253696	RNA4698	137	40	2.3913417430770952e-05	1.4701099644298664e-05	1.0	291970.802919708
chr17	32253566	32253703	RNA4699	137	38	2.440094998458856e-05	1.4701099644298664e-05	1.0	277372.26277372264
chr17	32253610	32253747	RNA4700	137	37	2.668037374147399e-05	1.4701099644298664e-05	1.0	270072.9927007299
chr17	32389727	32389864	RNA4701	137	23	6.071261277215292e-05	0.0	1.0	167883.2116788321
chr17	32393018	32393155	RNA4702	137	18	4.4191266422574544e-05	1.4708300113852601e-05	1.0	131386.8613138686
chr17	32486556	32486693	RNA4703	137	72	2.173593031784215e-05	0.0	1.0	525547.4452554744
chr17	32491625	32491709	RNA4704	84	12	0.010538908502667253	1.47024002217222e-05	0.9166666666666666	142857.14285714284
chr17	34252904	34253041	RNA4705	137	19	0.0024370005314841825	1.4697699953103438e-05	1.0	138686.13138686132
chr17	34253514	34253598	RNA4706	84	20	0.0023762908404023546	0.0	1.0	238095.23809523808
chr17	34253543	34253627	RNA4707	84	19	9.127871812539735e-05	1.4696799553348685e-05	1.0	226190.47619047618
chr17	34254628	34254761	RNA4708	133	23	1.0224300042508453e-05	0.0	1.0	172932.33082706766
chr17	34572629	34572750	RNA4709	121	30	2.1065580252371833e-05	0.0	1.0	247933.88429752068
chr17	34756059	34756192	RNA4710	133	32	0.025039102342191196	1.470220013288781e-05	0.96875	240601.50375939847
chr17	34923881	34924014	RNA4711	133	27	0.0002319153099961096	0.0	1.0	203007.51879699246
chr17	34925904	34926064	RNA4712	160	33	0.0002998298579878963	1.4704999557579868e-05	1.0	206250.0
chr17	34926829	34926962	RNA4713	133	34	0.00012540269710156716	1.4702900443808176e-05	1.0	255639.0977443609
chr17	35142440	35142573	RNA4714	133	24	0.0009578043900546613	0.0	1.0	180451.12781954886
chr17	35145623	35145704	RNA4715	81	27	0.037068636740648926	0.0	0.9629629629629629	333333.3333333333
chr17	35146289	35146422	RNA4716	133	26	4.523091523038842e-05	0.0	1.0	195488.72180451127
chr17	35146459	35146592	RNA4717	133	23	0.04413636383323256	1.4707199625263456e-05	0.9565217391304348	172932.33082706766
chr17	35962821	35962954	RNA4718	133	36	0.05034183574649534	1.4696150174131617e-05	0.9444444444444444	270676.6917293233
chr17	36945291	36945375	RNA4719	84	19	0.0008612803799463185	1.469590006308863e-05	1.0	226190.47619047618
chr17	37057879	37057963	RNA4720	84	14	1.574997856680836e-05	1.4698749964736635e-05	1.0	166666.66666666666
chr17	37080385	37080522	RNA4721	137	27	2.014224072707839e-05	0.0	1.0	197080.29197080294
chr17	37887451	37887556	RNA4722	105	0				0.0
chr17	37887684	37887789	RNA4723	105	0				0.0
chr17	37889141	37889225	RNA4724	84	0				0.0
chr17	37889469	37889624	RNA4725	155	0				0.0
chr17	37898783	37898867	RNA4726	0	0				
chr17	37900736	37900841	RNA4727	0	0				
chr17	37904232	37904398	RNA4728	0	0				
chr17	37966772	37966856	RNA4729	0	0				
chr17	37969678	37969743	RNA4730	0	0				
chr17	37977605	37977689	RNA4731	0	0				
chr17	37991791	37991875	RNA4732	0	0				
chr17	37992793	37992877	RNA4733	0	0				
chr17	37993511	37993595	RNA4734	0	0				
chr17	38001640	38001724	RNA4735	0	0				
chr17	38015571	38015655	RNA4736	0	0				
chr17	38016352	38016436	RNA4737	0	0				
chr17	38076203	38076287	RNA4738	0	0				
chr17	38124883	38124967	RNA4739	0	0				
chr17	38408544	38408649	RNA4740	105	18	0.049845270617172185	7.352499778789934e-06	0.9444444444444444	171428.57142857142
chr17	38764315	38764421	RNA4741	106	23	0.0002830734133765099	1.4696400285174605e-05	1.0	216981.13207547172
chr17	38765054	38765160	RNA4742	94	23	0.01277073655250126	1.9094899471383545e-05	0.9130434782608695	244680.8510638298
chr17	38825379	38825496	RNA4743	117	48	0.00013166496717075828	0.0	1.0	410256.41025641025
chr17	38854917	38855023	RNA4744	106	24	9.189129211032801e-06	0.0	1.0	226415.09433962265
chr17	38866526	38866686	RNA4745	160	31	0.03226566704512562	0.0	0.967741935483871	193750.0
chr17	38993625	38993709	RNA4746	84	17	0.001869377963510691	1.4699399798701052e-05	1.0	202380.9523809524
chr17	38996896	38996977	RNA4747	81	10	1.7644240233494202e-05	1.4703300166729605e-05	1.0	123456.79012345678
chr17	38999422	38999506	RNA4748	84	24	3.495290426750612e-05	1.4710600225953384e-05	1.0	285714.2857142857
chr17	39155200	39155289	RNA4749	89	13	9.045184574810824e-06	0.0	1.0	146067.4157303371
chr17	39454422	39454518	RNA4750	96	14	9.454614298322537e-06	0.0	1.0	145833.33333333334
chr17	39748911	39749017	RNA4751	106	14	1.3647521622513548e-05	0.0	1.0	132075.4716981132
chr17	39757189	39757349	RNA4752	160	30	2.2040125198443442e-05	1.4696599919261644e-05	1.0	187500.0
chr17	39866412	39866572	RNA4753	160	30	0.00011758906687949073	0.0	1.0	187500.0
chr17	39867176	39867336	RNA4754	160	33	0.029196684534244097	0.0	0.9696969696969697	206250.0
chr17	39880765	39880925	RNA4755	160	32	2.1137075066233365e-05	1.4701549844176043e-05	1.0	200000.0
chr17	39890106	39890266	RNA4756	160	22	5.278095411333267e-05	7.348849976551719e-06	1.0	137500.0
chr17	39894486	39894567	RNA4757	81	13	1.924133042708436e-05	1.4703699889651034e-05	1.0	160493.82716049382
chr17	39949822	39949953	RNA4758	131	16	0.0007434167404198809	7.353599812631728e-06	1.0	122137.40458015267
chr17	39952852	39952985	RNA4759	24	16	0.026645264842386496	1.9697850802913308e-05	0.9375	666666.6666666666
chr17	39978670	39978830	RNA4760	160	29	1.8259320282155326e-05	0.0	1.0	181250.0
chr17	40015051	40015132	RNA4761	81	24	0.0005940302833096178	1.4696150174131617e-05	1.0	296296.2962962963
chr17	40018690	40018771	RNA4762	81	20	2.134702508555864e-05	0.0	1.0	246913.58024691357
chr17	40107270	40107351	RNA4763	81	11	8.662854601094626e-06	0.0	1.0	135802.46913580247
chr17	40108383	40108464	RNA4764	81	16	1.1941743764509738e-05	1.469569997425424e-05	1.0	197530.86419753084
chr17	40137955	40138036	RNA4765	81	19	1.1607342218523722e-05	0.0	1.0	234567.9012345679
chr17	40991973	40992054	RNA4766	79	17	0.015200130252410678	1.471110044803936e-05	0.8823529411764706	215189.87341772154
chr17	40992292	40992452	RNA4767	160	26	0.036075841075426766	7.349050065386109e-06	0.9615384615384616	162500.0
chr17	41289732	41289887	RNA4768	155	19	4.1000737742012195e-05	1.4698999621032272e-05	1.0	122580.64516129032
chr17	41646803	41646969	RNA4769	166	19	2.2448336973242342e-05	0.0	1.0	114457.8313253012
chr17	42099680	42099835	RNA4770	155	25	0.00025272387883886854	0.0	1.0	161290.32258064515
chr17	42100775	42100882	RNA4771	107	29	1.4724269021824574e-05	1.4698999621032272e-05	1.0	271028.03738317755
chr17	42101204	42101269	RNA4772	65	14	2.6257513906914808e-05	1.470005008741282e-05	1.0	215384.6153846154
chr17	42185502	42185657	RNA4773	155	38	2.011700522224804e-05	1.4698999621032272e-05	1.0	245161.29032258064
chr17	42186241	42186396	RNA4774	155	31	0.008455455522849776	0.0	0.967741935483871	200000.0
chr17	42312326	42312481	RNA4775	155	35	6.89071624947213e-05	1.469590006308863e-05	1.0	225806.4516129032
chr17	42312343	42312498	RNA4776	155	40	6.066147966521095e-05	0.0	1.0	258064.51612903224
chr17	42388674	42388829	RNA4777	155	42	0.0002708448408676666	1.4696400285174605e-05	1.0	270967.7419354839
chr17	42401163	42401268	RNA4778	104	13	6.680813790947872e-05	1.471579980716342e-05	1.0	125000.0
chr17	42566470	42566636	RNA4779	166	33	5.299900090683061e-05	1.469549988541985e-05	1.0	198795.18072289156
chr17	42649881	42650047	RNA4780	166	17	0.05883904529390052	0.0	0.9411764705882353	102409.63855421686
chr17	42654707	42654873	RNA4781	166	24	2.3293871170910173e-05	1.4699199709866662e-05	1.0	144578.31325301205
chr17	42667104	42667270	RNA4782	166	32	0.03126745497814908	1.469744984206045e-05	0.96875	192771.0843373494
chr17	42667686	42667852	RNA4783	166	26	3.222455335651866e-05	0.0	1.0	156626.5060240964
chr17	42766281	42766447	RNA4784	166	0				0.0
chr17	42780189	42780306	RNA4785	117	32	3.629192136144769e-05	0.0	1.0	273504.27350427356
chr17	42850834	42850899	RNA4786	65	13	2.262071596374962e-05	1.4698500308440998e-05	1.0	200000.0
chr17	42850918	42851098	RNA4787	180	34	1.780634102033046e-05	0.0	1.0	188888.88888888888
chr17	42943589	42943687	RNA4788	98	5	6.179032079670397e-05	1.471149971621344e-05	1.0	51020.40816326531
chr17	42949803	42949868	RNA4789	65	13	4.861978539757965e-05	0.0	1.0	200000.0
chr17	42950173	42950238	RNA4790	65	12	1.4729599873438323e-05	0.0	1.0	184615.38461538462
chr17	42950414	42950498	RNA4791	84	18	0.055561271755525214	0.0	0.9444444444444444	214285.71428571426
chr17	42996396	42996461	RNA4792	65	17	9.51422348675003e-06	0.0	1.0	261538.46153846156
chr17	42996568	42996633	RNA4793	65	18	1.226537223273125e-05	0.0	1.0	276923.07692307694
chr17	43005862	43005946	RNA4794	84	0				0.0
chr17	43043654	43043809	RNA4795	155	27	0.03706950783914551	0.0	0.9259259259259259	174193.5483870968
chr17	43043822	43043887	RNA4796	65	17	0.00021788802303704022	1.4699399798701052e-05	1.0	261538.46153846156
chr17	43043983	43044079	RNA4797	96	20	1.8373085049458848e-05	7.348399776674342e-06	1.0	208333.33333333334
chr17	43044176	43044265	RNA4798	89	16	1.0107462401265367e-05	0.0	1.0	179775.2808988764
chr17	43713448	43713614	RNA4799	166	28	0.0022888396845896094	1.4697900041937828e-05	0.9642857142857143	168674.6987951807
chr17	43713543	43713660	RNA4800	117	23	2.236611722447769e-05	1.4697199731017465e-05	1.0	196581.19658119656
chr17	43716594	43716680	RNA4801	86	13	0.030504423121223787	0.0	0.9230769230769231	151162.7906976744
chr17	43750775	43750881	RNA4802	106	16	1.194305002627516e-05	1.4698749964736635e-05	1.0	150943.3962264151
chr17	43765912	43766029	RNA4803	117	16	9.187418754663668e-06	0.0	1.0	136752.13675213678
chr17	43780170	43780287	RNA4804	117	19	7.663516264169568e-05	1.4699399798701052e-05	1.0	162393.1623931624
chr17	43788051	43788168	RNA4805	117	18	1.3066611346504134e-05	7.347300197579898e-06	1.0	153846.15384615384
chr17	43797642	43797759	RNA4806	117	14	1.6797550025716533e-05	0.0	1.0	119658.11965811966
chr17	43875122	43875239	RNA4807	117	0				0.0
chr17	43912393	43912524	RNA4808	131	19	0.026294783958052754	0.0	0.9473684210526315	145038.1679389313
chr17	43950907	43950996	RNA4809	89	18	0.00010126324837578963	0.0	1.0	202247.19101123596
chr17	43952582	43952647	RNA4810	65	13	1.0185830713173626e-05	1.4705899957334624e-05	1.0	200000.0
chr17	44068497	44068586	RNA4811	89	26	1.1307723105766434e-05	0.0	1.0	292134.8314606742
chr17	44069266	44069355	RNA4812	89	19	0.010632658678332504	1.4706300135003405e-05	0.9473684210526315	213483.1460674157
chr17	44126320	44126409	RNA4813	89	13	1.809733874744195e-05	1.4700700376124589e-05	1.0	146067.4157303371
chr17	44128786	44128875	RNA4814	89	14	0.00013266375617603494	1.4717149952048203e-05	1.0	157303.37078651684
chr17	44138223	44138312	RNA4815	89	25	2.7046024479200715e-05	0.0	1.0	280898.8764044944
chr17	44268971	44269067	RNA4816	96	10	0.00027652660037346744	7.352699867624324e-06	1.0	104166.66666666667
chr17	44364280	44364376	RNA4817	91	19	4.220862219402333e-05	0.0	1.0	208791.2087912088
chr17	44371936	44372032	RNA4818	96	16	4.871585730370258e-05	1.470179995521903e-05	1.0	166666.66666666666
chr17	44392192	44392288	RNA4819	96	14	1.1567414341178456e-05	7.348399776674342e-06	1.0	145833.33333333334
chr17	44392590	44392686	RNA4820	96	25	3.303727567981134e-05	1.471799987484701e-05	1.0	260416.6666666667
chr17	44503481	44503577	RNA4821	96	34	1.9460744116418863e-05	0.0	1.0	354166.6666666667
chr17	44781918	44782049	RNA4822	131	29	1.3180544650317342e-05	0.0	1.0	221374.04580152672
chr17	44782149	44782266	RNA4823	117	23	2.811752157234951e-05	1.4696799553348685e-05	1.0	196581.19658119656
chr17	44832493	44832624	RNA4824	131	29	1.269109311422277e-05	0.0	1.0	221374.04580152672
chr17	44833046	44833206	RNA4825	160	29	8.114558615238036e-06	0.0	1.0	181250.0
chr17	44843894	44844025	RNA4826	131	25	0.04023700126275798	1.47024002217222e-05	0.96	190839.69465648857
chr17	44917291	44917422	RNA4827	131	35	8.534770030174607e-05	1.473360043746652e-05	1.0	267175.572519084
chr17	44917376	44917507	RNA4828	131	29	0.006647489654573411	0.0	0.9655172413793104	221374.04580152672
chr17	44957626	44957757	RNA4829	131	23	0.0002837231179949811	1.4697199731017465e-05	1.0	175572.51908396944
chr17	44957654	44957735	RNA4830	81	14	0.0004556156796492559	1.4697199731017465e-05	1.0	172839.5061728395
chr17	45144394	45144483	RNA4831	89	14	0.017707574260254776	0.0	0.9285714285714286	157303.37078651684
chr17	45144516	45144635	RNA4832	119	5	2.059344024019083e-05	1.4700700376124589e-05	1.0	42016.80672268908
chr17	45188919	45189015	RNA4833	96	0				0.0
chr17	46028467	46028552	RNA4834	85	12	0.00039809589338800935	7.348200142587302e-06	1.0	141176.4705882353
chr17	46028928	46029013	RNA4835	85	13	1.2436784765248796e-05	1.4697199731017465e-05	1.0	152941.17647058825
chr17	46029061	46029192	RNA4836	131	30	1.1436393197069732e-05	0.0	1.0	229007.63358778626
chr17	46029413	46029482	RNA4837	68	18	0.04347836547685801	7.368349997705082e-06	0.9444444444444444	264705.8823529412
chr17	46029723	46029830	RNA4838	107	31	1.5173287084185323e-05	1.4694600395159796e-05	1.0	289719.62616822426
chr17	46029742	46029827	RNA4839	85	26	1.413338077327353e-05	1.4695250229124213e-05	1.0	305882.3529411765
chr17	46487333	46487403	RNA4840	0	0				
chr17	46487600	46487670	RNA4841	20	0				0.0
chr17	46487938	46488008	RNA4842	19	0				0.0
chr17	46759073	46759180	RNA4843	107	17	0.00011845301009195261	1.4696799553348685e-05	1.0	158878.5046728972
chr17	46887233	46887413	RNA4844	180	19	2.012969454019641e-05	1.4697199731017465e-05	1.0	105555.55555555556
chr17	46901623	46901708	RNA4845	85	18	1.3064355648060785e-05	0.0	1.0	211764.70588235295
chr17	46906865	46906963	RNA4846	98	20	9.554109919918118e-06	0.0	1.0	204081.63265306124
chr17	46907285	46907392	RNA4847	107	22	3.809650479524196e-05	0.0	1.0	205607.476635514
chr17	46907429	46907536	RNA4848	107	23	0.0021038831382216012	1.471149971621344e-05	1.0	214953.2710280374
chr17	47223799	47223906	RNA4849	107	24	0.0012119889771232274	1.4698500308440998e-05	1.0	224299.06542056074
chr17	47223856	47223963	RNA4850	107	18	1.306764443143038e-05	1.4698950053571025e-05	1.0	168224.29906542055
chr17	47223943	47224050	RNA4851	107	16	1.6680187513884448e-05	1.470219967814046e-05	1.0	149532.7102803738
chr17	47251329	47251399	RNA4852	70	13	0.012746967320358986	1.469509970775107e-05	0.9230769230769231	185714.2857142857
chr17	47252316	47252471	RNA4853	155	28	0.005919972830659907	0.0	0.9642857142857143	180645.16129032258
chr17	47508607	47508672	RNA4854	65	0				0.0
chr17	47508937	47509023	RNA4855	86	0				0.0
chr17	47510118	47510298	RNA4856	180	0				0.0
chr17	47510640	47510806	RNA4857	166	0				0.0
chr17	47513418	47513516	RNA4858	98	16	9.190418893467722e-06	0.0	1.0	163265.30612244896
chr17	47513831	47514011	RNA4859	180	25	0.04001293369601626	1.4697199731017465e-05	0.96	138888.8888888889
chr17	47516779	47516959	RNA4860	173	32	1.7934653044447194e-05	0.0	1.0	184971.09826589594
chr17	47521450	47521548	RNA4861	98	15	1.1777293426954808e-05	0.0	1.0	153061.22448979592
chr17	47522307	47522405	RNA4862	98	16	4.86867870108623e-05	1.4697699953103438e-05	1.0	163265.30612244896
chr17	48012410	48012517	RNA4863	106	2	0.0	0.0	1.0	18867.924528301886
chr17	48012454	48012552	RNA4864	94	5	6.633840166614391e-06	0.0	1.0	53191.48936170213
chr17	48012514	48012612	RNA4865	95	15	0.0004354987981059782	0.0	1.0	157894.73684210525
chr17	48018813	48018993	RNA4866	180	39	0.005420956458109662	0.0	0.9743589743589743	216666.6666666667
chr17	48019995	48020175	RNA4867	177	30	0.007100571862883946	7.351649855991127e-06	0.9666666666666667	169491.5254237288
chr17	48024974	48025154	RNA4868	180	25	1.4696716061734616e-05	0.0	1.0	138888.8888888889
chr17	48064978	48065076	RNA4869	98	17	3.458117616366294e-06	0.0	1.0	173469.38775510204
chr17	48488686	48488772	RNA4870	86	12	8.575050060244394e-06	0.0	1.0	139534.88372093023
chr17	48519225	48519311	RNA4871	86	9	0.01681024003482888	1.4703299711982254e-05	0.8888888888888888	104651.16279069768
chr17	48520193	48520279	RNA4872	86	12	7.3523749506421154e-06	0.0	1.0	139534.88372093023
chr17	48606924	48607010	RNA4873	86	21	5.5294258388691285e-05	1.4696400285174605e-05	1.0	244186.0465116279
chr17	48607127	48607213	RNA4874	86	18	9.798677688700587e-06	7.347749942709925e-06	1.0	209302.32558139536
chr17	48707873	48707959	RNA4875	86	18	0.0308068082088337	1.469724975322606e-05	0.9444444444444444	209302.32558139536
chr17	48760590	48760707	RNA4876	117	24	8.572575097787194e-06	0.0	1.0	205128.20512820513
chr17	48818340	48818520	RNA4877	180	34	0.00011677039955269091	7.347749942709925e-06	1.0	188888.88888888888
chr17	48948812	48948910	RNA4878	98	9	0.057870425047036	0.0	0.8888888888888888	91836.73469387756
chr17	48979766	48979855	RNA4879	89	18	0.254211128142035	1.4698500308440998e-05	0.7222222222222222	202247.19101123596
chr17	49131342	49131461	RNA4880	118	0				0.0
chr17	49177993	49178089	RNA4881	96	11	1.2060663721058518e-05	1.4702900443808176e-05	1.0	114583.33333333333
chr17	49584039	49584125	RNA4882	86	9	1.6333666887173122e-06	0.0	1.0	104651.16279069768
chr17	49864186	49864317	RNA4883	131	25	0.046925348559852864	1.469549988541985e-05	0.92	190839.69465648857
chr17	49968134	49968203	RNA4884	69	10	0.011973299855071659	7.349050065386109e-06	0.8	144927.53623188406
chr17	50048103	50048222	RNA4885	119	24	3.246344939118841e-05	1.4700300198455809e-05	1.0	201680.67226890757
chr17	50130729	50130848	RNA4886	119	21	9.803761930102372e-06	0.0	1.0	176470.58823529413
chr17	50131441	50131560	RNA4887	96	12	2.5708191515135058e-05	7.4252498052374e-06	1.0	125000.0
chr17	50181837	50181956	RNA4888	119	16	5.511193762686162e-06	0.0	1.0	134453.78151260503
chr17	50183335	50183454	RNA4889	119	36	0.0008440465096049988	0.0	1.0	302521.0084033613
chr17	50270899	50271018	RNA4890	119	26	0.0022134102742851413	7.349699899350526e-06	0.9615384615384616	218487.3949579832
chr17	50856762	50856831	RNA4891	69	12	0.0003404269572608055	1.4696549897053046e-05	1.0	173913.04347826086
chr17	50858323	50858408	RNA4892	85	10	3.380776979610468e-05	1.4697199731017465e-05	1.0	117647.05882352941
chr17	50959022	50959091	RNA4893	69	15	0.004772260163129728	1.4699799976369832e-05	0.9333333333333333	217391.30434782608
chr17	50961765	50961834	RNA4894	69	17	9.856008958140861e-05	1.4697699953103438e-05	1.0	246376.8115942029
chr17	51132341	51132410	RNA4895	69	9	4.901792271993296e-05	0.0	1.0	130434.78260869565
chr17	51136580	51136649	RNA4896	69	8	1.2919287428303505e-05	1.4707599802932236e-05	1.0	115942.02898550725
chr17	51141958	51142077	RNA4897	119	17	2.1612441046535128e-05	1.469549988541985e-05	1.0	142857.14285714284
chr17	51173755	51173825	RNA4898	70	0				0.0
chr17	51174340	51174409	RNA4899	69	0				0.0
chr17	51310991	51311098	RNA4900	107	17	0.0005550031036203536	0.0	1.0	158878.5046728972
chr17	52160780	52160849	RNA4901	63	9	0.02444426208017426	1.8723800167208537e-05	0.8888888888888888	142857.14285714284
chr17	52836339	52836425	RNA4902	86	21	0.0018879024532257706	0.0	1.0	244186.0465116279
chr17	52838088	52838268	RNA4903	180	38	8.123420971778136e-06	0.0	1.0	211111.11111111112
chr17	52842852	52842950	RNA4904	98	15	4.3129793812107166e-05	0.0	1.0	153061.22448979592
chr17	54599364	54599483	RNA4905	111	19	3.4916190327891376e-05	0.0	1.0	171171.17117117118
chr17	55878334	55878403	RNA4906	69	19	1.6246368431893477e-05	0.0	1.0	275362.3188405797
chr17	56528212	56528330	RNA4907	115	33	0.06067212218788358	1.5273699318640865e-05	0.9393939393939394	286956.52173913043
chr17	57704380	57704498	RNA4908	118	28	0.008272707013897419	0.0	0.9642857142857143	237288.13559322036
chr17	57968100	57968170	RNA4909	70	18	7.184681665724273e-05	0.0	1.0	257142.85714285713
chr17	59155452	59155557	RNA4910	105	17	1.7303070361611862e-05	0.0	1.0	161904.76190476192
chr17	59155534	59155648	RNA4911	114	37	1.0729891835432722e-05	0.0	1.0	324561.40350877197
chr17	59155593	59155681	RNA4912	88	24	1.0412362523008293e-05	1.469724975322606e-05	1.0	272727.2727272727
chr17	60442716	60442834	RNA4913	118	18	4.7372204133150216e-05	1.4697699953103438e-05	1.0	152542.37288135593
chr17	61416379	61416497	RNA4914	118	24	1.836962921212363e-05	0.0	1.0	203389.83050847458
chr17	61447975	61448093	RNA4915	118	15	5.394268719100266e-05	1.470200004405342e-05	1.0	127118.6440677966
chr17	61449659	61449777	RNA4916	118	16	1.837273157434538e-05	7.348599865508732e-06	1.0	135593.22033898305
chr17	61515174	61515292	RNA4917	118	0				0.0
chr17	61522260	61522378	RNA4918	118	0				0.0
chr17	61586415	61586533	RNA4919	118	17	2.3351082371145275e-05	1.4699799976369832e-05	1.0	144067.7966101695
chr17	61677747	61677865	RNA4920	118	23	0.015116025336915891	0.0	0.9565217391304348	194915.25423728814
chr17	61940980	61941050	RNA4921	68	13	1.1852761487646672e-05	0.0	1.0	191176.47058823527
chr17	62069910	62070049	RNA4922	139	22	3.5412726860651264e-05	1.4699599887535442e-05	1.0	158273.38129496403
chr17	62454322	62454440	RNA4923	118	29	1.1657051706198876e-05	1.4696400285174605e-05	1.0	245762.7118644068
chr17	62616729	62616847	RNA4924	118	0				0.0
chr17	62694421	62694539	RNA4925	118	15	2.7438106129311347e-05	0.0	1.0	127118.6440677966
chr17	62697806	62697924	RNA4926	118	27	0.0012297426486906316	0.0	1.0	228813.5593220339
chr17	62847811	62847899	RNA4927	88	22	8.022209096287208e-06	0.0	1.0	250000.0
chr17	62848914	62848984	RNA4928	70	0				0.0
chr17	62850267	62850337	RNA4929	70	10	5.885119935555849e-06	0.0	1.0	142857.14285714284
chr17	62851045	62851159	RNA4930	114	24	0.01568507024781714	0.0	0.9583333333333334	210526.31578947368
chr17	62855419	62855537	RNA4931	118	29	2.128796909503124e-05	1.4696799553348685e-05	1.0	245762.7118644068
chr17	62859150	62859268	RNA4932	118	20	0.05001029057498272	0.0	0.95	169491.5254237288
chr17	62863255	62863325	RNA4933	70	14	9.449492933656853e-06	0.0	1.0	200000.0
chr17	62867734	62867852	RNA4934	118	21	0.00011968335257690635	1.4699399798701052e-05	1.0	177966.10169491524
chr17	62870318	62870423	RNA4935	105	17	0.0008259289380636271	0.0	1.0	161904.76190476192
chr17	63450108	63450178	RNA4936	70	13	1.6962838974270757e-05	0.0	1.0	185714.2857142857
chr17	63450872	63450942	RNA4937	70	10	5.881529978069011e-06	0.0	1.0	142857.14285714284
chr17	63522975	63523156	RNA4938	181	45	2.801591163006115e-05	1.4705399735248648e-05	1.0	248618.78453038674
chr17	63523139	63523209	RNA4939	70	2	7.357500180660282e-06	7.357500180660282e-06	1.0	28571.42857142857
chr17	63845750	63845868	RNA4940	118	0				0.0
chr17	63848115	63848203	RNA4941	88	0				0.0
chr17	63848929	63849043	RNA4942	114	23	6.134837898887229e-05	1.4698100130772218e-05	1.0	201754.38596491228
chr17	63869199	63869304	RNA4943	105	0				0.0
chr17	63869929	63870043	RNA4944	113	0				0.0
chr17	63871619	63871733	RNA4945	114	0				0.0
chr17	63933311	63933425	RNA4946	114	12	1.9597825030359672e-05	1.4696799553348685e-05	1.0	105263.15789473684
chr17	63934755	63934843	RNA4947	88	19	7.737642159841734e-06	0.0	1.0	215909.0909090909
chr17	63936816	63936930	RNA4948	114	28	0.035745812801451386	1.4702900443808176e-05	0.9642857142857143	245614.0350877193
chr17	63936969	63937057	RNA4949	87	25	0.040024997863692985	1.4827999621047638e-05	0.96	287356.3218390804
chr17	63991401	63991489	RNA4950	88	11	3.34309359624787e-05	1.472060012019938e-05	1.0	125000.0
chr17	63991791	63991896	RNA4951	105	25	2.1164823665457524e-05	1.4694600395159796e-05	1.0	238095.23809523808
chr17	63993796	63993884	RNA4952	88	21	0.05495992476898252	0.0	0.9047619047619048	238636.36363636365
chr17	63994091	63994196	RNA4953	105	24	0.08393114076943675	7.348399776674342e-06	0.9166666666666666	228571.42857142855
chr17	64021671	64021776	RNA4954	105	21	2.5953480612118554e-05	1.4712800293636974e-05	1.0	200000.0
chr17	64022257	64022362	RNA4955	105	23	8.96658263588071e-06	1.4696400285174605e-05	1.0	219047.61904761905
chr17	64022771	64022885	RNA4956	114	26	1.752605773547727e-05	1.4697900041937828e-05	1.0	228070.1754385965
chr17	64038378	64038466	RNA4957	88	11	1.8707063066937156e-05	1.4697199731017465e-05	1.0	125000.0
chr17	64133719	64133824	RNA4958	105	27	0.0026145398794849644	0.0	0.9629629629629629	257142.85714285713
chr17	64429428	64429498	RNA4959	70	14	3.04497571700501e-05	1.4699599887535442e-05	1.0	200000.0
chr17	64920758	64920872	RNA4960	114	0				0.0
chr17	64980579	64980667	RNA4961	86	19	1.7860920898352432e-05	1.4729699614690617e-05	1.0	220930.23255813954
chr17	65001952	65002057	RNA4962	105	5	1.1777720283134842e-05	0.0	1.0	47619.04761904762
chr17	66196814	66196953	RNA4963	139	17	4.327929352310842e-06	0.0	1.0	122302.1582733813
chr17	66302400	66302518	RNA4964	118	6	5.263599935763827e-06	0.0	1.0	50847.457627118645
chr17	66821864	66822003	RNA4965	139	31	0.014305456706361215	1.4698500308440998e-05	0.967741935483871	223021.58273381295
chr17	66955435	66955574	RNA4966	138	31	0.020150010597688135	1.473540032748133e-05	0.9354838709677419	224637.6811594203
chr17	66956383	66956522	RNA4967	138	26	0.03850439253423806	1.4903099781804485e-05	0.9615384615384616	188405.79710144928
chr17	67035377	67035516	RNA4968	139	24	9.800700164909343e-06	0.0	1.0	172661.87050359714
chr17	67038928	67039067	RNA4969	139	25	0.00011465245821454102	0.0	1.0	179856.11510791365
chr17	67058043	67058182	RNA4970	139	27	0.003938314023125036	1.4696799553348685e-05	0.9629629629629629	194244.60431654679
chr17	67335979	67336160	RNA4971	177	23	0.008379370430821313	0.0	0.9565217391304348	129943.50282485875
chr17	67791304	67791422	RNA4972	116	24	4.115072048686089e-05	1.4739300240762532e-05	1.0	206896.55172413794
chr17	68033001	68033140	RNA4973	139	31	0.00021591220889427865	1.4704999557579868e-05	1.0	223021.58273381295
chr17	68257938	68258119	RNA4974	181	33	0.00042277669774303835	1.4697199731017465e-05	1.0	182320.44198895028
chr17	68257997	68258178	RNA4975	181	31	0.00044863040734672785	0.0	1.0	171270.7182320442
chr17	68258129	68258199	RNA4976	70	9	1.4698766790388618e-05	1.4696400285174605e-05	1.0	128571.42857142857
chr17	68258635	68258816	RNA4977	181	29	0.0005332180068982161	1.469590006308863e-05	1.0	160220.99447513814
chr17	68771844	68771932	RNA4978	85	3	1.4797266582415128e-05	1.4739300240762532e-05	1.0	35294.117647058825
chr17	68774451	68774632	RNA4979	181	52	2.4030155792875022e-05	7.347100108745508e-06	1.0	287292.817679558
chr17	68778502	68778683	RNA4980	181	33	9.799990893401572e-06	0.0	1.0	182320.44198895028
chr17	68778642	68778823	RNA4981	181	33	0.002477106728402949	1.4697699953103438e-05	0.9696969696969697	182320.44198895028
chr17	68780296	68780410	RNA4982	114	12	2.4497991262243535e-05	0.0	1.0	105263.15789473684
chr17	68788494	68788599	RNA4983	105	20	0.031457971958980126	1.4698549875902245e-05	0.95	190476.19047619047
chr17	69555860	69556041	RNA4984	181	43	3.452140879025184e-05	1.4696400285174605e-05	1.0	237569.06077348065
chr17	70270890	70270985	RNA4985	95	20	0.014117761707166202	1.4696549897053046e-05	0.95	210526.31578947368
chr17	70273106	70273275	RNA4986	169	36	0.027790845191475455	7.348599865508732e-06	0.9722222222222222	213017.75147928996
chr17	70275318	70275563	RNA4987	245	38	1.7023207898378633e-05	1.4698099676024867e-05	1.0	155102.04081632654
chr17	71769964	71770051	RNA4988	87	19	1.0832026514675052e-05	0.0	1.0	218390.80459770115
chr17	72021492	72021631	RNA4989	139	21	0.04762254661463452	0.0	0.9523809523809523	151079.1366906475
chr17	73262430	73262533	RNA4990	103	30	1.9105539892428782e-05	1.4694850051455433e-05	1.0	291262.1359223301
chr17	73331088	73331269	RNA4991	181	18	0.055561273133460216	1.4701549844176043e-05	0.9444444444444444	99447.51381215469
chr17	74019047	74019216	RNA4992	169	36	5.471892713002043e-05	7.347950031544315e-06	1.0	213017.75147928996
chr17	74023719	74023814	RNA4993	95	23	2.4285082714488964e-05	0.0	1.0	242105.26315789475
chr17	74028294	74028539	RNA4994	243	58	0.017670932041161488	7.348849976551719e-06	0.9827586206896551	238683.12757201647
chr17	74862183	74862352	RNA4995	169	48	2.0268977266364265e-05	1.4699599887535442e-05	1.0	284023.66863905324
chr17	74934144	74934313	RNA4996	152	9	0.010879861386153296	0.0	0.8888888888888888	59210.52631578947
chr17	74934541	74934636	RNA4997	95	17	1.1242176322625978e-05	0.0	1.0	178947.36842105264
chr17	74934675	74934770	RNA4998	95	22	0.045466571608854305	1.4696999642183075e-05	0.9545454545454546	231578.94736842104
chr17	74935280	74935525	RNA4999	245	58	0.00867960520559038	1.4697900041937828e-05	0.9827586206896551	236734.69387755104
chr17	74935601	74935770	RNA5000	169	43	1.0254390660920499e-05	0.0	1.0	254437.86982248523
chr17	74935668	74935763	RNA5001	95	32	1.1022496835264164e-05	0.0	1.0	336842.10526315786
chr17	75068779	75068948	RNA5002	169	47	0.00671903846982109	1.4696400285174605e-05	0.9787234042553191	278106.50887573964
chr17	75068823	75068992	RNA5003	169	42	0.007521020920930386	7.348200142587302e-06	0.9761904761904762	248520.7100591716
chr17	75069104	75069199	RNA5004	95	13	0.07694238048448963	1.4700700376124589e-05	0.9230769230769231	136842.1052631579
chr17	75069165	75069410	RNA5005	245	46	0.04170290309898321	1.4710200048284603e-05	0.9565217391304348	187755.10204081633
chr17	75069186	75069355	RNA5006	169	28	0.06850192818751566	1.4711699805047829e-05	0.9285714285714286	165680.47337278107
chr17	75069320	75069565	RNA5007	245	43	0.0007655934771951927	1.4710200048284603e-05	1.0	175510.20408163266
chr17	75069352	75069447	RNA5008	95	18	1.6348761315991094e-05	1.4710400137118993e-05	1.0	189473.68421052632
chr17	75106520	75106765	RNA5009	242	10	0.09966725871890958	7.388150152110029e-06	0.9	41322.31404958678
chr17	75106546	75106791	RNA5010	242	10	0.09966725871890958	7.388150152110029e-06	0.9	41322.31404958678
chr17	75106666	75106753	RNA5011	87	0				0.0
chr17	75183033	75183128	RNA5012	95	40	0.025019538095125426	7.36050014893408e-06	0.975	421052.63157894736
chr17	75197536	75197781	RNA5013	245	15	4.905106713219235e-06	0.0	1.0	61224.489795918365
chr17	75236319	75236564	RNA5014	245	58	0.013824340768600259	1.4700900010211626e-05	0.9827586206896551	236734.69387755104
chr17	76132669	76132838	RNA5015	169	50	0.005401489841042344	0.0	0.98	295857.9881656805
chr17	76132749	76132836	RNA5016	87	23	0.011557875078719715	0.0	0.9565217391304348	264367.816091954
chr17	76132790	76132885	RNA5017	95	27	1.3067585145849821e-05	0.0	1.0	284210.5263157895
chr17	76132795	76133040	RNA5018	245	72	0.00295067847596581	0.0	0.9861111111111112	293877.55102040817
chr17	76133473	76133560	RNA5019	87	13	7.915330780423783e-06	0.0	1.0	149425.28735632185
chr17	76135848	76135935	RNA5020	87	22	1.0694327432826288e-05	7.349899988184916e-06	1.0	252873.56321839083
chr17	76240565	76240652	RNA5021	87	38	0.00023766901315531088	1.518930002930574e-05	1.0	436781.6091954023
chr17	76240615	76240702	RNA5022	87	32	0.06252658840929826	7.581949830637314e-06	0.9375	367816.091954023
chr17	76272227	76272460	RNA5023	233	59	0.016647579678061384	1.4700300198455809e-05	0.9830508474576272	253218.8841201717
chr17	76308749	76308836	RNA5024	87	24	1.3482308531820308e-05	0.0	1.0	275862.0689655172
chr17	76867466	76867540	RNA5025	74	16	3.491543640165079e-05	1.4698349787067855e-05	1.0	216216.21621621624
chr17	76980115	76980218	RNA5026	101	14	0.020498206179841605	1.4747200111742131e-05	0.9285714285714286	138613.86138613863
chr17	76982436	76982582	RNA5027	146	37	0.0011619737778026872	0.0	1.0	253424.6575342466
chr17	77232008	77232111	RNA5028	103	0				0.0
chr17	77232598	77232685	RNA5029	87	0				0.0
chr17	77504565	77504673	RNA5030	108	20	1.4703030092273713e-05	7.350150099227904e-06	1.0	185185.18518518517
chr17	78144021	78144124	RNA5031	103	27	1.5249711025345971e-05	0.0	1.0	262135.9223300971
chr17	78173541	78173644	RNA5032	103	0				0.0
chr17	78173817	78173920	RNA5033	103	0				0.0
chr17	78209311	78209414	RNA5034	103	4	0.2505988761984099	0.0012650793937609278	0.75	38834.95145631068
chr17	78213856	78213959	RNA5035	103	25	7.645448131370357e-06	0.0	1.0	242718.44660194175
chr17	78314462	78314565	RNA5036	103	18	1.6342760722583346e-05	0.0	1.0	174757.28155339806
chr17	79088649	79088894	RNA5037	245	49	0.00010588760786197684	0.0	1.0	200000.0
chr17	79089210	79089313	RNA5038	103	28	6.298878588495427e-06	0.0	1.0	271844.66019417474
chr17	79931723	79931892	RNA5039	169	39	1.1687146210393761e-05	0.0	1.0	230769.23076923078
chr17	80036040	80036135	RNA5040	95	0				0.0
chr17	80100746	80100991	RNA5041	240	45	0.04391593912308357	0.0	0.9555555555555556	187500.0
chr17	80125932	80126177	RNA5042	245	4	0.0	0.0	1.0	16326.5306122449
chr17	80162782	80163015	RNA5043	233	54	0.03132008219915439	1.4696599919261644e-05	0.9259259259259259	231759.6566523605
chr17	80164044	80164289	RNA5044	245	45	0.008279099603876397	0.0	0.9777777777777777	183673.46938775512
chr17	80166337	80166582	RNA5045	244	55	0.005291357755529378	0.0	0.9818181818181818	225409.83606557376
chr17	80253619	80253864	RNA5046	245	53	0.01888150762269501	1.4698999621032272e-05	0.9811320754716981	216326.5306122449
chr17	80254908	80255153	RNA5047	245	52	3.1380058159739314e-05	0.0	1.0	212244.89795918367
chr17	80255877	80256122	RNA5048	245	48	1.1347964554412707e-05	0.0	1.0	195918.36734693876
chr17	80260441	80260528	RNA5049	81	30	0.028104709417342142	1.4856449979561148e-05	0.9666666666666667	370370.37037037034
chr17	80260472	80260705	RNA5050	77	17	0.04959083788354987	2.19096000364516e-05	0.9411764705882353	220779.22077922078
chr17	80260503	80260736	RNA5051	46	9	0.0936515910135414	2.19096000364516e-05	0.8888888888888888	195652.1739130435
chr17	80260615	80260848	RNA5052	29	3	0.0	0.0	1.0	103448.27586206897
chr17	80260667	80260741	RNA5053	0	0				
chr17	81394280	81394513	RNA5054	233	44	0.0003329907441101592	1.4694649962621043e-05	1.0	188841.2017167382
chr17	81394448	81394681	RNA5055	233	44	2.672035651068206e-05	7.346900019911118e-06	1.0	188841.2017167382
chr17	81394455	81394563	RNA5056	108	24	1.4694966694147203e-05	0.0	1.0	222222.22222222222
chr17	81394591	81394824	RNA5057	233	42	7.838638360962225e-05	1.469529979658546e-05	1.0	180257.51072961374
chr17	81394663	81394766	RNA5058	103	17	0.0001452482662416968	1.469509970775107e-05	1.0	165048.5436893204
chr17	81394732	81394878	RNA5059	146	40	0.005415667593319987	1.469549988541985e-05	0.975	273972.602739726
chr17	81394803	81395048	RNA5060	245	59	0.003631283647907472	1.469509970775107e-05	0.9830508474576272	240816.32653061225
chr17	81537240	81537314	RNA5061	73	38	3.709174243818799e-05	1.4714300050400198e-05	1.0	520547.9452054794
chr17	81537245	81537483	RNA5062	235	105	0.009548810535332967	0.0	0.9904761904761905	446808.5106382978
chr17	81537455	81537693	RNA5063	238	93	0.0003181063226019302	1.4701099644298664e-05	1.0	390756.3025210084
chr17	81538395	81538469	RNA5064	74	26	0.056390368447794645	1.4698749964736635e-05	0.9230769230769231	351351.35135135136
chr17	81538970	81539208	RNA5065	238	65	2.6911523645346885e-05	0.0	1.0	273109.24369747896
chr17	81539792	81539866	RNA5066	74	18	0.01857194512498002	7.349899988184916e-06	0.9444444444444444	243243.24324324325
chr17	81818984	81819058	RNA5067	0	6	2.0656416988155495e-05	1.1570299648155924e-05	1.0	
chr17	81819911	81820014	RNA5068	101	24	4.173495415215507e-05	1.4753200048289727e-05	1.0	237623.7623762376
chr17	81821509	81821583	RNA5069	74	22	0.009005174027524012	0.0	0.9545454545454546	297297.29729729734
chr17	81822109	81822255	RNA5070	146	28	0.03572426549966882	1.4705449757457245e-05	0.9642857142857143	191780.8219178082
chr17	81822112	81822186	RNA5071	74	18	0.055556375010888184	1.4706500223837795e-05	0.9444444444444444	243243.24324324325
chr17	81874829	81874975	RNA5072	146	26	0.0006033630283687069	0.0	1.0	178082.19178082192
chr17	81875566	81875712	RNA5073	146	0				0.0
chr17	81911456	81911602	RNA5074	130	48	2.3707095825401876e-05	1.5272700238710968e-05	1.0	369230.76923076925
chr17	81911586	81911689	RNA5075	103	52	0.0012620891567481597	0.0	1.0	504854.36893203884
chr17	81911598	81911701	RNA5076	103	52	0.001257681121999732	0.0	1.0	504854.36893203884
chr17	81911639	81911785	RNA5077	146	73	0.014568581053001801	0.0	0.9863013698630136	500000.0
chr17	81962925	81963028	RNA5078	103	22	9.75474731190226e-05	1.4700049632665468e-05	1.0	213592.23300970873
chr17	81963845	81963948	RNA5079	103	31	0.011496365719164795	0.0	0.967741935483871	300970.87378640776
chr17	81968614	81968760	RNA5080	144	33	0.00015188580712701438	1.470200004405342e-05	1.0	229166.66666666666
chr17	82018010	82018113	RNA5081	103	21	0.019563799793840663	0.0	0.9523809523809523	203883.49514563105
chr17	82098315	82098548	RNA5082	233	102	6.238918891254806e-05	0.0	1.0	437768.24034334766
chr17	82295423	82295531	RNA5083	108	22	1.0692399965509223e-05	7.349050065386109e-06	1.0	203703.70370370368
chr17	82386197	82386305	RNA5084	102	0				0.0
chr17	82386270	82386378	RNA5085	100	0				0.0
chr17	82452372	82452480	RNA5086	108	23	2.4287395480428214e-05	0.0	1.0	212962.96296296298
chr17	82452900	82453008	RNA5087	108	22	0.030808256810566727	1.4708250091644004e-05	0.9545454545454546	203703.70370370368
chr17	82499473	82499581	RNA5088	108	25	3.703808040881073e-05	1.4699799976369832e-05	1.0	231481.4814814815
chr17	82502373	82502611	RNA5089	238	41	5.598823053132882e-05	1.4703299711982254e-05	1.0	172268.90756302522
chr17	82700277	82700351	RNA5090	74	7	0.002992737148555786	2.939969999715686e-05	1.0	94594.5945945946
chr17	82751628	82751774	RNA5091	127	0				0.0
chr17	83067570	83067673	RNA5092	103	44	0.015155607181296459	1.47044002005714e-05	0.9545454545454546	427184.46601941745
chr17	83128965	83129068	RNA5093	103	19	7.502833504028649e-05	1.469590006308863e-05	1.0	184466.01941747573
chr17	83243759	83243992	RNA5094	0	0				
chr18	73971	74063	RNA5095	92	0				0.0
chr18	149678	149770	RNA5096	92	0				0.0
chr18	158218	158310	RNA5097	92	0				0.0
chr18	503082	503203	RNA5098	121	18	0.011362470498523987	0.0	0.9444444444444444	148760.3305785124
chr18	588421	588542	RNA5099	121	27	0.00011927522326812334	0.0	1.0	223140.4958677686
chr18	594673	594794	RNA5100	121	30	9.457193176178548e-05	1.4700449810334248e-05	1.0	247933.88429752068
chr18	712728	712849	RNA5101	121	39	0.00027139235501239054	0.0	1.0	322314.0495867768
chr18	713210	713331	RNA5102	121	24	2.268120018318754e-05	2.2063150026951917e-05	1.0	198347.10743801654
chr18	720968	721089	RNA5103	121	24	2.0837691787767547e-05	7.349250154220499e-06	1.0	198347.10743801654
chr18	920699	920820	RNA5104	121	17	1.6429270437904907e-05	1.4697699953103438e-05	1.0	140495.86776859505
chr18	2505916	2506076	RNA5105	160	27	0.00745599923559186	1.469590006308863e-05	0.9629629629629629	168750.0
chr18	3065417	3065577	RNA5106	153	33	0.0012531669159271189	1.4712400115968194e-05	1.0	215686.27450980394
chr18	3065688	3065848	RNA5107	160	31	0.0554983512630579	0.0	0.9354838709677419	193750.0
chr18	3065862	3066022	RNA5108	160	30	0.0008406531587752325	1.4700500287290199e-05	1.0	187500.0
chr18	3281781	3281941	RNA5109	142	25	2.8852719624406388e-05	0.0	1.0	176056.338028169
chr18	3281865	3282025	RNA5110	141	20	0.05003255298051953	7.365700184891466e-06	0.95	141843.97163120567
chr18	3384261	3384421	RNA5111	160	23	1.7898504903193047e-05	0.0	1.0	143750.0
chr18	4455455	4455615	RNA5112	160	55	0.018618558596443274	0.0	0.9818181818181818	343750.0
chr18	5639782	5639903	RNA5113	121	24	4.287233309696603e-06	0.0	1.0	198347.10743801654
chr18	7468376	7468536	RNA5114	160	39	1.0930456389756635e-05	1.469590006308863e-05	1.0	243750.0
chr18	31043271	31043376	RNA5115	105	30	0.02422926217004715	0.0	0.9666666666666667	285714.2857142857
chr18	32777950	32778027	RNA5116	77	17	5.187952945775847e-06	0.0	1.0	220779.22077922078
chr18	34956204	34956309	RNA5117	105	16	2.0215774782172842e-05	1.4698749964736635e-05	1.0	152380.9523809524
chr18	35844078	35844183	RNA5118	105	0				0.0
chr18	35982038	35982143	RNA5119	105	25	0.0010507943084303384	0.0	1.0	238095.23809523808
chr18	35982066	35982171	RNA5120	105	24	0.0010945776921289483	0.0	1.0	228571.42857142855
chr18	36069255	36069360	RNA5121	105	27	5.252132629080711e-05	0.0	1.0	257142.85714285713
chr18	36070845	36070950	RNA5122	105	11	3.207196401820168e-05	0.0	1.0	104761.90476190476
chr18	36107677	36107782	RNA5123	105	21	0.0004150000431330922	0.0	1.0	200000.0
chr18	36272553	36272630	RNA5124	77	13	1.0175138623498451e-05	0.0	1.0	168831.16883116882
chr18	37232301	37232378	RNA5125	77	7	8.401328549163217e-06	0.0	1.0	90909.09090909091
chr18	37233004	37233081	RNA5126	77	11	6.680009061131965e-06	0.0	1.0	142857.14285714284
chr18	37233417	37233522	RNA5127	105	24	1.3472837698218905e-05	0.0	1.0	228571.42857142855
chr18	37242884	37242961	RNA5128	77	12	2.4495024869486263e-05	1.469744984206045e-05	1.0	155844.15584415584
chr18	37777624	37777701	RNA5129	77	13	5.6554153371297825e-06	0.0	1.0	168831.16883116882
chr18	37777989	37778066	RNA5130	77	14	2.1027971667661686e-05	1.4703300166729605e-05	1.0	181818.18181818182
chr18	37778281	37778358	RNA5131	77	18	0.09096151142678839	0.0	0.8888888888888888	233766.23376623375
chr18	38542815	38542892	RNA5132	77	19	1.8568989808524127e-05	1.4698100130772218e-05	1.0	246753.24675324676
chr18	41048686	41048791	RNA5133	105	25	3.234154795791019e-05	1.4697699953103438e-05	1.0	238095.23809523808
chr18	41129384	41129518	RNA5134	134	27	0.00010043006602278185	1.4739700418431312e-05	1.0	201492.53731343284
chr18	41632446	41632525	RNA5135	79	33	9.273869755181504e-05	1.470200004405342e-05	1.0	417721.5189873418
chr18	42150588	42150665	RNA5136	77	14	1.575044305874108e-05	0.0	1.0	181818.18181818182
chr18	44645454	44645588	RNA5137	134	26	0.0001379482025465827	1.4698100130772218e-05	1.0	194029.85074626867
chr18	45795813	45795892	RNA5138	79	24	2.388494980701814e-05	1.4698549875902245e-05	1.0	303797.4683544304
chr18	45799624	45799725	RNA5139	101	17	0.026523146292835437	0.0	0.9411764705882353	168316.83168316833
chr18	45968821	45968953	RNA5140	127	28	3.336962445894978e-05	1.470654979129904e-05	1.0	220472.44094488188
chr18	45983020	45983154	RNA5141	134	23	0.003941171620602326	1.4698500308440998e-05	0.9565217391304348	171641.79104477612
chr18	46077476	46077610	RNA5142	134	25	2.6458219872437802e-05	1.4696400285174605e-05	1.0	186567.1641791045
chr18	46077820	46077954	RNA5143	134	24	7.901558156693673e-05	0.0	1.0	179104.4776119403
chr18	46130124	46130258	RNA5144	134	13	1.2443023199291649e-05	1.4700300198455809e-05	1.0	97014.92537313433
chr18	46138664	46138798	RNA5145	134	31	7.255450219094555e-05	0.0	1.0	231343.28358208956
chr18	46171698	46171832	RNA5146	134	23	2.3061334262735128e-05	0.0	1.0	171641.79104477612
chr18	46471245	46471324	RNA5147	79	0				0.0
chr18	46472134	46472213	RNA5148	79	2	2.225995012850035e-05	2.225995012850035e-05	1.0	25316.45569620253
chr18	46472147	46472226	RNA5149	79	4	1.1129975064250175e-05	7.367049875028897e-06	1.0	50632.91139240506
chr18	46664654	46664733	RNA5150	79	13	3.618759875769202e-05	1.4699799976369832e-05	1.0	164556.96202531643
chr18	46666312	46666391	RNA5151	79	20	2.5198194316541802e-05	0.0	1.0	253164.55696202532
chr18	46666960	46667039	RNA5152	79	13	0.008031775860287702	0.0	0.9230769230769231	164556.96202531643
chr18	47105579	47105713	RNA5153	134	24	2.2659399670976847e-05	0.0	1.0	179104.4776119403
chr18	47756860	47756939	RNA5154	79	10	8.818689912004629e-06	0.0	1.0	126582.27848101266
chr18	49611027	49611159	RNA5155	132	19	4.7217926485719367e-05	0.0	1.0	143939.39393939395
chr18	49611217	49611318	RNA5156	101	18	1.2248533241492825e-05	1.4696149719384266e-05	1.0	178217.82178217822
chr18	50781107	50781239	RNA5157	132	29	0.0001110660832009929	0.0	1.0	219696.9696969697
chr18	50781985	50782086	RNA5158	101	18	5.7983044876487384e-05	7.347950031544315e-06	1.0	178217.82178217822
chr18	50786446	50786547	RNA5159	100	17	1.7843558881020942e-05	1.4707199625263456e-05	1.0	170000.0
chr18	50789744	50789845	RNA5160	66	10	1.1144979816890555e-05	7.35594994694111e-06	1.0	151515.15151515152
chr18	50836219	50836320	RNA5161	101	17	0.03435309126298842	1.4698500308440998e-05	0.9411764705882353	168316.83168316833
chr18	50854738	50854839	RNA5162	101	23	1.3420808776887942e-05	0.0	1.0	227722.77227722772
chr18	50862751	50862883	RNA5163	132	31	0.017700146961707956	0.0	0.967741935483871	234848.48484848486
chr18	50868014	50868146	RNA5164	132	15	2.7444307124822983e-05	1.4698100130772218e-05	1.0	113636.36363636363
chr18	50954342	50954443	RNA5165	101	25	1.4113503966651934e-05	0.0	1.0	247524.75247524751
chr18	50957755	50957887	RNA5166	131	20	0.0500353227292635	1.470200004405342e-05	0.95	152671.75572519086
chr18	50960464	50960596	RNA5167	132	32	3.592109763416767e-05	1.4723399999638787e-05	1.0	242424.24242424243
chr18	51089128	51089260	RNA5168	132	20	3.7495925016626996e-05	0.0	1.0	151515.15151515152
chr18	51098093	51098227	RNA5169	134	30	1.0290880012081667e-05	0.0	1.0	223880.59701492538
chr18	51310546	51310625	RNA5170	79	10	0.04887408364029397	7.348399776674342e-06	0.9	126582.27848101266
chr18	51316595	51316696	RNA5171	101	18	1.551511675441159e-05	0.0	1.0	178217.82178217822
chr18	52326753	52326885	RNA5172	132	22	0.00795879976493035	7.349250154220499e-06	0.9545454545454546	166666.66666666666
chr18	55221687	55221788	RNA5173	101	8	3.858106197184401e-05	7.348399776674342e-06	1.0	79207.92079207921
chr18	55866625	55866757	RNA5174	132	29	0.029715403150287877	0.0	0.9655172413793104	219696.9696969697
chr18	72222664	72222827	RNA5175	163	40	0.000590489401361081	7.354450190177886e-06	1.0	245398.77300613496
chr18	75783816	75783979	RNA5176	163	37	0.006187367719822093	0.0	0.972972972972973	226993.86503067485
chr18	76735098	76735261	RNA5177	162	0				0.0
chr18	76779018	76779181	RNA5178	163	38	0.011599324355278148	1.469724975322606e-05	0.9736842105263158	233128.8343558282
chr18	76779366	76779529	RNA5179	163	38	0.039048307536871246	1.4697199731017465e-05	0.9473684210526315	233128.8343558282
chr18	76973640	76973803	RNA5180	163	40	3.563953978299831e-05	1.4697699953103438e-05	1.0	245398.77300613496
chr18	76973971	76974134	RNA5181	163	35	1.5119834461072514e-05	1.469590006308863e-05	1.0	214723.9263803681
chr18	77141138	77141301	RNA5182	163	23	1.6684656657158372e-05	0.0	1.0	141104.2944785276
chr18	77932188	77932351	RNA5183	163	30	0.06739622658684917	1.4699599887535442e-05	0.9333333333333333	184049.07975460123
chr18	79755849	79755941	RNA5184	83	25	0.04968817118446167	1.47024002217222e-05	0.92	301204.8192771085
chr18	79756132	79756224	RNA5185	92	27	0.008986518134170849	1.4699799976369832e-05	0.9629629629629629	293478.26086956525
chr18	79776284	79776376	RNA5186	92	19	0.025543079184037767	1.4696400285174605e-05	0.9473684210526315	206521.73913043478
chr18	80261962	80262054	RNA5187	92	0				0.0
chr19	123804	123896	RNA5188	92	2	0.0	0.0	1.0	21739.130434782608
chr19	144281	144373	RNA5189	0	0				
chr19	178176	178273	RNA5190	0	0				
chr19	246570	246657	RNA5191	87	0				0.0
chr19	247338	247482	RNA5192	144	0				0.0
chr19	280867	280964	RNA5193	97	21	2.4502671034753676e-05	1.4697199731017465e-05	1.0	216494.84536082475
chr19	291562	291659	RNA5194	23	0				0.0
chr19	638835	638898	RNA5195	63	12	0.010608400654518837	1.4696999642183075e-05	0.9166666666666666	190476.19047619047
chr19	894463	894569	RNA5196	106	16	2.6641506394752423e-05	1.4699199709866662e-05	1.0	150943.3962264151
chr19	895185	895291	RNA5197	104	24	5.529497616407257e-05	1.4743849988008153e-05	1.0	230769.23076923078
chr19	978336	978596	RNA5198	260	55	0.0005221697014679717	1.4697699953103438e-05	1.0	211538.46153846153
chr19	998605	998711	RNA5199	106	29	0.03454009892705251	0.0	0.9310344827586207	273584.90566037735
chr19	1023469	1023729	RNA5200	257	72	0.0006737650546837213	1.4726849713042611e-05	1.0	280155.6420233463
chr19	1024187	1024447	RNA5201	260	59	1.5702233829837237e-05	1.4696799553348685e-05	1.0	226923.0769230769
chr19	1175195	1175282	RNA5202	87	13	3.619306048326237e-05	0.0	1.0	149425.28735632185
chr19	1240291	1240378	RNA5203	87	49	8.284855164451756e-05	0.0	1.0	563218.3908045976
chr19	1241453	1241540	RNA5204	87	16	1.1039037360660586e-05	1.4703950000694022e-05	1.0	183908.0459770115
chr19	1244938	1245025	RNA5205	87	22	3.343442726458772e-05	7.349499810516136e-06	1.0	252873.56321839083
chr19	1245022	1245109	RNA5206	87	23	3.2606721936678704e-05	0.0	1.0	264367.816091954
chr19	1327507	1327594	RNA5207	87	0				0.0
chr19	1382333	1382456	RNA5208	123	29	1.2674637971563201e-05	0.0	1.0	235772.35772357724
chr19	1446001	1446087	RNA5209	86	29	0.034479679658378976	0.0	0.9655172413793104	337209.3023255814
chr19	1900088	1900194	RNA5210	106	0				0.0
chr19	2070631	2070718	RNA5211	87	19	1.1666589527617601e-05	0.0	1.0	218390.80459770115
chr19	2070849	2071002	RNA5212	147	22	0.04552314041794406	0.0	0.9545454545454546	149659.86394557822
chr19	2740339	2740518	RNA5213	179	38	1.3150744627253835e-05	0.0	1.0	212290.5027932961
chr19	2744663	2744787	RNA5214	124	18	1.9599094230211297e-05	0.0	1.0	145161.29032258067
chr19	2995656	2995809	RNA5215	153	44	0.022740303079506866	1.4696999642183075e-05	0.9772727272727273	287581.6993464052
chr19	3086712	3086865	RNA5216	153	0				0.0
chr19	3091458	3091611	RNA5217	153	2	2.9635949886142047e-05	2.9635949886142047e-05	1.0	13071.8954248366
chr19	3127163	3127316	RNA5218	153	31	0.06680146561411088	1.475099998060614e-05	0.9032258064516129	202614.3790849673
chr19	3133478	3133631	RNA5219	153	40	2.7563494950293468e-05	1.4697699953103438e-05	1.0	261437.90849673204
chr19	3224296	3224449	RNA5220	153	23	1.4079600156907437e-05	1.4708900380355772e-05	1.0	150326.7973856209
chr19	3472187	3472250	RNA5221	63	11	9.353536453008102e-06	0.0	1.0	174603.1746031746
chr19	3472543	3472722	RNA5222	179	25	3.469805960775871e-05	0.0	1.0	139664.80446927375
chr19	3473468	3473592	RNA5223	124	0				0.0
chr19	3504218	3504342	RNA5224	124	7	8.397799969575967e-06	0.0	1.0	56451.6129032258
chr19	3504570	3504694	RNA5225	124	17	1.643984133431963e-05	1.4698100130772218e-05	1.0	137096.77419354836
chr19	3579300	3579479	RNA5226	179	45	6.238955906559518e-05	1.4697199731017465e-05	1.0	251396.64804469276
chr19	3580426	3580550	RNA5227	123	24	2.7513266824516047e-05	0.0	1.0	195121.9512195122
chr19	3580903	3581027	RNA5228	124	23	0.04483564322708844	1.48464996527764e-05	0.9565217391304348	185483.87096774194
chr19	3580950	3581129	RNA5229	169	17	0.0606599878954726	2.946640051959548e-05	0.9411764705882353	100591.71597633137
chr19	3593681	3593860	RNA5230	179	33	4.097735144926526e-05	0.0	1.0	184357.54189944133
chr19	3593977	3594156	RNA5231	179	20	8.13451997601078e-06	0.0	1.0	111731.84357541898
chr19	3629927	3630051	RNA5232	124	30	2.882261323974783e-05	0.0	1.0	241935.48387096776
chr19	3700642	3700821	RNA5233	179	49	1.129257972414572e-05	1.470159986638464e-05	1.0	273743.0167597765
chr19	4291042	4291186	RNA5234	144	39	0.01395202782824083	0.0	0.9743589743589743	270833.3333333333
chr19	4291112	4291265	RNA5235	153	37	0.014628714227050341	0.0	0.972972972972973	241830.06535947713
chr19	4360166	4360229	RNA5236	63	14	0.00036864657814865995	1.4709350125485798e-05	1.0	222222.22222222222
chr19	4401376	4401517	RNA5237	141	39	1.394929749482962e-05	0.0	1.0	276595.74468085106
chr19	4402054	4402117	RNA5238	63	9	9.798722102358523e-06	1.4697199731017465e-05	1.0	142857.14285714284
chr19	4402458	4402521	RNA5239	63	27	0.04724757116777995	0.0	0.9259259259259259	428571.4285714285
chr19	4518760	4518823	RNA5240	63	15	4.0174846496177304e-05	1.4696400285174605e-05	1.0	238095.23809523808
chr19	4518787	4518850	RNA5241	63	15	4.311345358776589e-05	1.4696400285174605e-05	1.0	238095.23809523808
chr19	4521056	4521180	RNA5242	124	27	4.4658040544020715e-05	1.47024002217222e-05	1.0	217741.93548387097
chr19	4591397	4591460	RNA5243	63	11	0.040629882503956403	1.4699399798701052e-05	0.9090909090909091	174603.1746031746
chr19	4604413	4604592	RNA5244	179	38	0.052649844478812734	0.0	0.9473684210526315	212290.5027932961
chr19	4613136	4613223	RNA5245	87	25	0.04051005816218093	0.0	0.96	287356.3218390804
chr19	4625933	4625996	RNA5246	63	13	0.07693891270824119	0.0	0.9230769230769231	206349.20634920633
chr19	4673938	4674043	RNA5247	105	21	0.010846804813289573	0.0	0.9047619047619048	200000.0
chr19	4889979	4890123	RNA5248	144	27	0.0007119554272018505	0.0	1.0	187500.0
chr19	4890083	4890227	RNA5249	144	37	0.027556956008870533	1.4718900274601763e-05	0.972972972972973	256944.4444444444
chr19	4890262	4890406	RNA5250	144	37	0.034718003042439084	1.4706300135003405e-05	0.9459459459459459	256944.4444444444
chr19	5341713	5341857	RNA5251	144	35	2.8563197442308658e-05	1.4698999621032272e-05	1.0	243055.55555555556
chr19	5346850	5346994	RNA5252	144	17	0.02767231465077202	1.4697199731017465e-05	0.9411764705882353	118055.55555555555
chr19	5366584	5366728	RNA5253	144	35	0.013022568596378339	0.0	0.9714285714285714	243055.55555555556
chr19	5370037	5370100	RNA5254	63	17	1.038456486960914e-05	0.0	1.0	269841.2698412698
chr19	5370234	5370297	RNA5255	63	14	0.071039957591438	0.0	0.9285714285714286	222222.22222222222
chr19	5370599	5370662	RNA5256	63	17	0.05850999947447503	1.4713199561811052e-05	0.9411764705882353	269841.2698412698
chr19	5372011	5372097	RNA5257	86	16	1.0104000011779135e-05	0.0	1.0	186046.51162790696
chr19	5372032	5372155	RNA5258	123	31	1.2800303246024543e-05	0.0	1.0	252032.52032520322
chr19	5377709	5377815	RNA5259	106	23	0.014188928087091683	0.0	0.9565217391304348	216981.13207547172
chr19	5378419	5378482	RNA5260	63	16	0.03913818343812636	0.0	0.9375	253968.25396825396
chr19	5904155	5904218	RNA5261	63	0				0.0
chr19	5904163	5904226	RNA5262	63	0				0.0
chr19	5904222	5904285	RNA5263	63	0				0.0
chr19	6207539	6207660	RNA5264	121	28	3.0454442529449e-05	0.0	1.0	231404.95867768597
chr19	6207900	6208003	RNA5265	103	12	1.1030491577912471e-05	0.0	1.0	116504.85436893204
chr19	6209442	6209529	RNA5266	87	21	2.870832906323469e-05	1.4698999621032272e-05	1.0	241379.3103448276
chr19	6282670	6282793	RNA5267	123	30	0.06568895384252754	1.4697450296807801e-05	0.9333333333333333	243902.43902439025
chr19	6303897	6303970	RNA5268	73	13	1.0175646261464302e-05	0.0	1.0	178082.19178082192
chr19	6340176	6340320	RNA5269	108	18	0.00011331039766242989	1.5659750715713017e-05	1.0	166666.66666666666
chr19	6341018	6341104	RNA5270	86	15	4.119625433910574e-05	0.0	1.0	174418.6046511628
chr19	6370670	6370793	RNA5271	123	29	0.0006470692432199484	1.470159986638464e-05	1.0	235772.35772357724
chr19	6370697	6370820	RNA5272	123	25	2.2068611942813052e-05	1.4732700037711766e-05	1.0	203252.03252032519
chr19	6412440	6412563	RNA5273	123	40	9.812948239868539e-05	0.0	1.0	325203.2520325203
chr19	6412582	6412756	RNA5274	174	50	0.0001284713909808442	1.4696599919261644e-05	1.0	287356.3218390804
chr19	6412927	6413050	RNA5275	123	37	0.013523165670350761	1.4719699720444623e-05	0.9459459459459459	300813.00813008135
chr19	6435455	6435541	RNA5276	86	16	0.06251837783747759	1.4696349808218656e-05	0.9375	186046.51162790696
chr19	6435814	6435900	RNA5277	86	15	0.0009935682549742815	0.0	1.0	174418.6046511628
chr19	6504462	6504585	RNA5278	123	11	1.0695854474430565e-05	0.0	1.0	89430.89430894308
chr19	6504869	6504955	RNA5279	86	20	2.956149032797377e-05	1.4714949884364614e-05	1.0	232558.13953488372
chr19	6504883	6504969	RNA5280	86	19	2.096213689870238e-05	1.471539962949464e-05	1.0	220930.23255813954
chr19	6557093	6557179	RNA5281	86	23	0.04371796282232578	1.4708900380355772e-05	0.9565217391304348	267441.8604651163
chr19	6670617	6670680	RNA5282	63	15	1.666372675875512e-05	1.4699399798701052e-05	1.0	238095.23809523808
chr19	7297876	7297962	RNA5283	86	0				0.0
chr19	7313722	7313845	RNA5284	123	12	4.5353158384381874e-05	7.352300144702895e-06	1.0	97560.9756097561
chr19	7823232	7823354	RNA5285	121	0				0.0
chr19	8033610	8033763	RNA5286	153	26	0.0004314187690047553	7.348399776674342e-06	1.0	169934.64052287582
chr19	8489685	8489826	RNA5287	141	33	0.02263453087586888	0.0	0.9696969696969697	234042.55319148937
chr19	8516600	8516724	RNA5288	124	0				0.0
chr19	8579571	8579750	RNA5289	179	27	1.4900803391892044e-05	0.0	1.0	150837.98882681565
chr19	8610856	8610943	RNA5290	87	24	1.283278758516341e-05	1.5298050129786134e-05	1.0	275862.0689655172
chr19	8629314	8629419	RNA5291	105	13	0.0001481091953442384	1.4698100130772218e-05	1.0	123809.52380952382
chr19	9262021	9262162	RNA5292	141	0				0.0
chr19	9323485	9323548	RNA5293	63	17	1.1238917710108902e-05	0.0	1.0	269841.2698412698
chr19	9323597	9323738	RNA5294	141	28	1.4697807305958014e-05	0.0	1.0	198581.56028368796
chr19	9323627	9323768	RNA5295	141	28	1.4173260881629846e-05	0.0	1.0	198581.56028368796
chr19	9462811	9462952	RNA5296	141	34	1.989169996865057e-05	1.4698749964736635e-05	1.0	241134.75177304962
chr19	9464953	9465094	RNA5297	141	21	1.1201104912504975e-05	0.0	1.0	148936.17021276595
chr19	9466025	9466166	RNA5298	141	24	5.8815449582043596e-05	0.0	1.0	170212.7659574468
chr19	9514998	9515085	RNA5299	87	16	1.4699125017614278e-05	1.469764993089484e-05	1.0	183908.0459770115
chr19	9551955	9552060	RNA5300	105	20	0.004269039308883289	0.0	0.95	190476.19047619047
chr19	9603531	9603618	RNA5301	87	17	1.8443946881983292e-05	1.5248599993356038e-05	1.0	195402.29885057473
chr19	9603712	9603817	RNA5302	95	11	0.18182227870006915	0.0	0.8181818181818182	115789.47368421052
chr19	9603726	9603813	RNA5303	77	11	0.18182227870006915	0.0	0.8181818181818182	142857.14285714284
chr19	9604492	9604597	RNA5304	105	0				0.0
chr19	9675229	9675316	RNA5305	87	38	5.725088849909372e-05	0.0	1.0	436781.6091954023
chr19	9675310	9675397	RNA5306	87	36	0.027867242514629537	1.4701099644298664e-05	0.9722222222222222	413793.1034482759
chr19	9675957	9676062	RNA5307	103	0				0.0
chr19	9689608	9689713	RNA5308	105	0				0.0
chr19	9721116	9721203	RNA5309	87	25	1.8855068265111024e-05	0.0	1.0	287356.3218390804
chr19	9740777	9740882	RNA5310	105	23	0.034981817528482076	1.4698999621032272e-05	0.9565217391304348	219047.61904761905
chr19	10074782	10074930	RNA5311	148	22	5.3502135828735345e-06	0.0	1.0	148648.64864864867
chr19	10085210	10085331	RNA5312	121	22	8.018718166237125e-06	7.347749942709925e-06	1.0	181818.18181818182
chr19	10122248	10122448	RNA5313	200	46	0.0001393569920527718	0.0	1.0	230000.0
chr19	10132687	10132790	RNA5314	103	22	8.167495674239145e-05	1.4711049971083412e-05	1.0	213592.23300970873
chr19	10299954	10300027	RNA5315	73	21	0.0005202360927710028	0.0	1.0	287671.23287671234
chr19	10339783	10339927	RNA5316	144	0				0.0
chr19	10383120	10383294	RNA5317	174	32	0.00023092236321530955	0.0	1.0	183908.0459770115
chr19	10383472	10383535	RNA5318	59	16	0.021139458902439387	5.686910117219668e-05	0.875	271186.4406779661
chr19	10384212	10384353	RNA5319	141	0				0.0
chr19	10384886	10384973	RNA5320	87	19	3.096917919863066e-05	0.0	1.0	218390.80459770115
chr19	10953153	10953296	RNA5321	143	33	2.896646710172431e-05	0.0	1.0	230769.23076923078
chr19	10955207	10955328	RNA5322	121	0				0.0
chr19	10955696	10955801	RNA5323	105	0				0.0
chr19	11080993	11081096	RNA5324	103	12	0.009651245528478578	1.4807849765929859e-05	0.9166666666666666	116504.85436893204
chr19	11083873	11083994	RNA5325	121	17	0.05883476877641121	0.0	0.9411764705882353	140495.86776859505
chr19	11084635	11084756	RNA5326	121	0				0.0
chr19	11085216	11085319	RNA5327	103	9	7.879814590218492e-05	1.479680031479802e-05	1.0	87378.64077669903
chr19	11085908	11086011	RNA5328	103	19	4.993733756762845e-05	1.4745800399396105e-05	1.0	184466.01941747573
chr19	11156785	11156906	RNA5329	120	24	0.030939539718133343	1.4725799701409414e-05	0.9583333333333334	200000.0
chr19	11156801	11156922	RNA5330	120	24	0.030788766882892556	1.4716899841005215e-05	0.9583333333333334	200000.0
chr19	11157164	11157267	RNA5331	101	28	0.007710766945105465	0.0	0.9642857142857143	277227.72277227725
chr19	11163636	11163739	RNA5332	103	24	0.0006453238093323864	1.4701749933010433e-05	1.0	233009.70873786407
chr19	11163985	11164058	RNA5333	73	26	0.02599299315572631	1.470869983677403e-05	0.9230769230769231	356164.38356164383
chr19	11265335	11265456	RNA5334	121	19	0.05264937160547178	1.469590006308863e-05	0.9473684210526315	157024.79338842977
chr19	11265338	11265441	RNA5335	103	16	0.06251837285645934	7.347950031544315e-06	0.9375	155339.8058252427
chr19	11267240	11267313	RNA5336	73	19	0.018208193569415398	1.4697199731017465e-05	0.8947368421052632	260273.9726027397
chr19	11269803	11269876	RNA5337	73	15	0.02151527881117848	1.4716700206918176e-05	0.9333333333333333	205479.4520547945
chr19	11270537	11270711	RNA5338	173	11	2.0079109080225103e-05	1.4710200048284603e-05	1.0	63583.81502890173
chr19	11355270	11355343	RNA5339	73	20	0.00012283374862817985	7.352100055868504e-06	1.0	273972.602739726
chr19	11355302	11355375	RNA5340	73	16	8.27806871939174e-06	7.352100055868504e-06	1.0	219178.08219178082
chr19	11365765	11365939	RNA5341	174	34	0.0003705990506044613	0.0	1.0	195402.29885057473
chr19	11365906	11366029	RNA5342	123	25	0.0005016628608791488	1.4699799976369832e-05	1.0	203252.03252032519
chr19	11366192	11366366	RNA5343	174	20	6.617490043936414e-06	0.0	1.0	114942.52873563218
chr19	11419699	11419873	RNA5344	174	30	4.7078015965473334e-05	1.470179995521903e-05	1.0	172413.7931034483
chr19	11420116	11420290	RNA5345	167	36	3.8113565905300355e-05	0.0	1.0	215568.8622754491
chr19	11420152	11420225	RNA5346	68	10	5.495285886353413e-05	1.6549450265301857e-05	1.0	147058.82352941178
chr19	11450969	11451143	RNA5347	174	46	0.02178322215262517	1.4696400285174605e-05	0.9782608695652174	264367.816091954
chr19	11451238	11451324	RNA5348	86	33	0.00035139512204873923	0.0	1.0	383720.93023255817
chr19	11813152	11813274	RNA5349	122	20	2.9455229696390138e-05	1.470220013288781e-05	1.0	163934.4262295082
chr19	12157024	12157146	RNA5350	122	16	0.001168638382694094	7.347950031544315e-06	1.0	131147.54098360657
chr19	12157789	12157963	RNA5351	174	31	4.057688094631083e-05	0.0	1.0	178160.9195402299
chr19	12158308	12158430	RNA5352	122	17	0.058854651592435615	0.0	0.9411764705882353	139344.26229508195
chr19	12158338	12158459	RNA5353	121	18	4.0824753846708406e-05	0.0	1.0	148760.3305785124
chr19	12158499	12158621	RNA5354	122	18	1.6331799947187796e-05	1.4696799553348685e-05	1.0	147540.98360655736
chr19	12159398	12159471	RNA5355	73	19	7.004005295273505e-06	0.0	1.0	260273.9726027397
chr19	12160239	12160342	RNA5356	103	27	3.3240125992083845e-05	1.4698500308440998e-05	1.0	262135.9223300971
chr19	12934083	12934205	RNA5357	122	25	1.7639643847360275e-05	1.4699399798701052e-05	1.0	204918.03278688525
chr19	12936390	12936485	RNA5358	95	25	7.703418395976172e-05	1.4698999621032272e-05	1.0	263157.8947368421
chr19	12937075	12937197	RNA5359	122	28	7.88065010835583e-06	0.0	1.0	229508.19672131148
chr19	12937971	12938093	RNA5360	122	25	0.08009992983588746	1.4697199731017465e-05	0.92	204918.03278688525
chr19	13795276	13795398	RNA5361	122	0				0.0
chr19	14016394	14016486	RNA5362	92	0				0.0
chr19	14018794	14018886	RNA5363	91	0				0.0
chr19	14026524	14026672	RNA5364	148	37	0.022064046815521085	0.0	0.972972972972973	250000.0
chr19	14026696	14026788	RNA5365	92	17	5.191505967077854e-06	0.0	1.0	184782.60869565216
chr19	14087612	14087812	RNA5366	200	59	0.016985284617229635	0.0	0.9830508474576272	295000.0
chr19	14087728	14087832	RNA5367	104	18	5.635453483894831e-05	1.4698100130772218e-05	1.0	173076.92307692306
chr19	14376332	14376473	RNA5368	141	33	0.041165749240021934	0.0	0.9393939393939394	234042.55319148937
chr19	14572435	14572681	RNA5369	246	41	0.012896647883214266	1.4701099644298664e-05	0.975609756097561	166666.66666666666
chr19	14615224	14615367	RNA5370	139	22	0.04546240446341638	0.0	0.9545454545454546	158273.38129496403
chr19	14618670	14618775	RNA5371	105	25	0.0025278865448126347	0.0	1.0	238095.23809523808
chr19	14618712	14618799	RNA5372	87	20	0.002571768116376904	0.0	1.0	229885.05747126436
chr19	14930980	14931053	RNA5373	73	15	0.0006028791994443253	0.0	1.0	205479.4520547945
chr19	14931025	14931128	RNA5374	103	25	2.122563590091576e-05	0.0	1.0	242718.44660194175
chr19	14931425	14931546	RNA5375	121	30	1.028859654373567e-05	0.0	1.0	247933.88429752068
chr19	14931474	14931622	RNA5376	148	33	9.799463551837217e-06	0.0	1.0	222972.97297297296
chr19	14931698	14931790	RNA5377	92	25	3.352460837049333e-05	1.47024002217222e-05	1.0	271739.1304347826
chr19	14931791	14931939	RNA5378	148	28	0.05280268761394576	1.470219967814046e-05	0.9285714285714286	189189.1891891892
chr19	14931870	14932018	RNA5379	148	25	0.01913313411965646	1.4703699889651034e-05	0.96	168918.9189189189
chr19	14932090	14932290	RNA5380	200	48	0.0007983163413882675	0.0	1.0	240000.0
chr19	14932177	14932377	RNA5381	200	38	0.02954629393491957	0.0	0.9210526315789473	190000.0
chr19	14932324	14932524	RNA5382	200	30	0.006791193013426283	1.4696999642183075e-05	0.9666666666666667	150000.0
chr19	14932676	14932850	RNA5383	174	31	0.0003057753673044366	0.0	1.0	178160.9195402299
chr19	14933157	14933300	RNA5384	143	28	0.03016095235154483	0.0	0.9285714285714286	195804.1958041958
chr19	14933272	14933415	RNA5385	143	33	0.04491500545623928	1.4699799976369832e-05	0.9393939393939394	230769.23076923078
chr19	14933851	14933994	RNA5386	143	27	0.03706643755527626	0.0	0.9629629629629629	188811.1888111888
chr19	16690388	16690536	RNA5387	148	20	6.291261397562868e-05	7.361600182775874e-06	1.0	135135.13513513515
chr19	16690914	16691008	RNA5388	92	23	0.04401116319762798	1.4753600225958508e-05	0.9565217391304348	250000.0
chr19	16691783	16691926	RNA5389	143	25	8.232767977460752e-06	0.0	1.0	174825.17482517482
chr19	16692149	16692349	RNA5390	200	41	0.0005053830810738408	1.470200004405342e-05	1.0	205000.0
chr19	16693159	16693254	RNA5391	95	20	0.009414785112357998	0.0	0.95	210526.31578947368
chr19	16693783	16693926	RNA5392	143	0				0.0
chr19	16694206	16694354	RNA5393	148	36	2.3477599698806157e-05	1.4700900010211626e-05	1.0	243243.24324324325
chr19	16694687	16694887	RNA5394	200	42	0.048510848883498034	1.470179995521903e-05	0.9523809523809523	210000.0
chr19	16694799	16694942	RNA5395	143	21	0.049318602617122884	1.4700300198455809e-05	0.9523809523809523	146853.14685314684
chr19	16695365	16695565	RNA5396	196	44	0.0004325625062309912	0.0	1.0	224489.79591836734
chr19	16696697	16696897	RNA5397	200	25	0.00024583017631811424	0.0	1.0	125000.0
chr19	16697038	16697186	RNA5398	148	28	0.02902630768510659	7.349499810516136e-06	0.9642857142857143	189189.1891891892
chr19	16697744	16697892	RNA5399	148	22	0.00010926990005992939	0.0	1.0	148648.64864864867
chr19	16697851	16697994	RNA5400	138	32	7.715505938676596e-05	0.0	1.0	231884.0579710145
chr19	17345583	17345678	RNA5401	82	17	1.2293612278025488e-05	0.0	1.0	207317.0731707317
chr19	17401614	17401709	RNA5402	95	24	0.0019678512123846277	1.4704150089528412e-05	1.0	252631.57894736843
chr19	17402749	17402844	RNA5403	95	15	2.156687363215399e-05	0.0	1.0	157894.73684210525
chr19	17434208	17434303	RNA5404	95	19	6.9641209847759455e-06	0.0	1.0	200000.0
chr19	17434736	17434831	RNA5405	95	0				0.0
chr19	17522963	17523058	RNA5406	95	20	0.010964730140995015	0.0	0.95	210526.31578947368
chr19	17734734	17734856	RNA5407	122	24	0.041719948702242	1.469785001972923e-05	0.9583333333333334	196721.31147540984
chr19	18187447	18187551	RNA5408	103	25	0.00010613817732518727	1.4758399629499763e-05	1.0	242718.44660194175
chr19	18417183	18417278	RNA5409	95	16	3.1236861900649746e-05	1.4698300219606608e-05	1.0	168421.05263157893
chr19	18551947	18552193	RNA5410	246	42	0.023817221364684622	1.469549988541985e-05	0.9761904761904762	170731.7073170732
chr19	18815393	18815485	RNA5411	92	0				0.0
chr19	18964104	18964208	RNA5412	104	27	1.7975188610658057e-05	1.47024002217222e-05	1.0	259615.38461538462
chr19	18968355	18968449	RNA5413	94	26	1.697242683243843e-05	0.0	1.0	276595.74468085106
chr19	19063513	19063617	RNA5414	104	65	2.9626376411983743e-05	0.0	1.0	625000.0
chr19	19063527	19063631	RNA5415	104	60	3.57698946421177e-05	0.0	1.0	576923.0769230769
chr19	19117811	19117915	RNA5416	104	36	0.03213796036079151	2.2901299416844267e-05	0.9166666666666666	346153.8461538461
chr19	19118227	19118331	RNA5417	104	19	0.09032985999060895	1.4725799701409414e-05	0.8947368421052632	182692.3076923077
chr19	19208011	19208115	RNA5418	104	17	2.8565812392434044e-05	1.4705399735248648e-05	1.0	163461.53846153847
chr19	19508955	19509201	RNA5419	246	65	0.00026749103828758525	0.0	1.0	264227.64227642276
chr19	19551946	19552192	RNA5420	246	58	0.0006757717775332664	1.4696150174131617e-05	1.0	235772.35772357724
chr19	19561158	19561358	RNA5421	200	38	0.026331325036847517	1.4699400253448403e-05	0.9736842105263158	190000.0
chr19	19561419	19561665	RNA5422	246	45	0.041494266031420715	0.0	0.9333333333333333	182926.82926829267
chr19	19756139	19756233	RNA5423	94	0				0.0
chr19	19756151	19756245	RNA5424	94	0				0.0
chr19	19756209	19756303	RNA5425	94	0				0.0
chr19	19756219	19756367	RNA5426	148	0				0.0
chr19	20321704	20321950	RNA5427	246	0				0.0
chr19	20321810	20322056	RNA5428	246	0				0.0
chr19	20322121	20322225	RNA5429	104	0				0.0
chr19	20322312	20322406	RNA5430	94	0				0.0
chr19	20322549	20322643	RNA5431	94	0				0.0
chr19	20322779	20323025	RNA5432	246	0				0.0
chr19	20322816	20322910	RNA5433	94	0				0.0
chr19	20331597	20331740	RNA5434	143	0				0.0
chr19	20662416	20662662	RNA5435	246	0				0.0
chr19	21060231	21060328	RNA5436	97	23	0.08722564906759582	1.4700300198455809e-05	0.9130434782608695	237113.40206185565
chr19	21060466	21060563	RNA5437	96	21	0.000425169386463012	0.0	1.0	218750.0
chr19	21062204	21062301	RNA5438	97	23	2.1823903886755195e-05	0.0	1.0	237113.40206185565
chr19	21062217	21062311	RNA5439	94	18	1.6453749796912438e-05	7.373999778792495e-06	1.0	191489.36170212764
chr19	21261473	21261570	RNA5440	97	0				0.0
chr19	21261732	21261827	RNA5441	73	0				0.0
chr19	23759945	23760049	RNA5442	104	18	5.716966724220482e-06	0.0	1.0	173076.92307692306
chr19	24420923	24421020	RNA5443	0	0				
chr19	24443145	24443239	RNA5444	0	0				
chr19	28219430	28219580	RNA5445	150	31	0.00033995356331997025	1.4697699953103438e-05	1.0	206666.66666666666
chr19	30714065	30714148	RNA5446	83	32	9.187921904185714e-06	0.0	1.0	385542.1686746988
chr19	30714282	30714346	RNA5447	64	14	0.028336875841757442	1.4702649878017837e-05	0.9285714285714286	218750.0
chr19	31014011	31014153	RNA5448	142	23	0.0002959301253054902	1.4701099644298664e-05	1.0	161971.8309859155
chr19	31149010	31149213	RNA5449	203	43	3.8292783840931905e-05	1.4698500308440998e-05	1.0	211822.66009852214
chr19	32202266	32202416	RNA5450	150	26	0.0002216299938201943	7.348849976551719e-06	1.0	173333.33333333334
chr19	32488638	32488763	RNA5451	125	30	0.00141359085901058	1.4696349808218656e-05	1.0	240000.0
chr19	33130766	33130916	RNA5452	150	29	5.377697063271354e-05	0.0	1.0	193333.33333333334
chr19	33130807	33130957	RNA5453	150	27	5.391190178569032e-05	0.0	1.0	180000.0
chr19	33131929	33132079	RNA5454	150	44	0.014691379922624037	0.0	0.9772727272727273	293333.3333333333
chr19	33229374	33229524	RNA5455	143	28	8.863605080477511e-05	0.0	1.0	195804.1958041958
chr19	33244311	33244461	RNA5456	150	26	0.03845766248864142	1.4724750144523568e-05	0.9615384615384616	173333.33333333334
chr19	33324566	33324716	RNA5457	150	29	1.1152641459845874e-05	0.0	1.0	193333.33333333334
chr19	33533158	33533233	RNA5458	75	16	0.00046952802472332683	1.4699199709866662e-05	1.0	213333.33333333334
chr19	33533648	33533781	RNA5459	133	21	0.060398956104282184	0.0	0.9047619047619048	157894.73684210525
chr19	34231256	34231406	RNA5460	150	25	6.350236570141913e-05	0.0	1.0	166666.66666666666
chr19	34527955	34528019	RNA5461	64	11	5.3448827698453796e-05	0.0	1.0	171875.0
chr19	34567908	34567991	RNA5462	83	13	0.00014019219662049306	2.939529986178968e-05	1.0	156626.5060240964
chr19	34732607	34732816	RNA5463	209	47	0.004105339000237471	1.470200004405342e-05	0.9787234042553191	224880.38277511962
chr19	34989772	34989914	RNA5464	142	30	7.3527065675686265e-06	0.0	1.0	211267.6056338028
chr19	35154465	35154668	RNA5465	203	56	0.0045912022872016634	1.4741850009158952e-05	0.9821428571428571	275862.0689655172
chr19	35224057	35224211	RNA5466	154	28	9.448828515295255e-06	0.0	1.0	181818.18181818182
chr19	35440236	35440300	RNA5467	64	11	1.7373390784831084e-05	0.0	1.0	171875.0
chr19	35517083	35517147	RNA5468	64	11	1.0694845183355607e-05	0.0	1.0	171875.0
chr19	35521114	35521178	RNA5469	64	10	1.911005001601568e-05	0.0	1.0	156250.0
chr19	35530484	35530548	RNA5470	64	12	7.358691618719604e-06	0.0	1.0	187500.0
chr19	35530557	35530640	RNA5471	83	18	2.2122694594549506e-05	1.4723450021847384e-05	1.0	216867.4698795181
chr19	35531452	35531516	RNA5472	64	9	3.2661910457433035e-05	1.4698100130772218e-05	1.0	140625.0
chr19	35625384	35625467	RNA5473	83	0				0.0
chr19	35626757	35626840	RNA5474	83	0				0.0
chr19	35626811	35626875	RNA5475	64	0				0.0
chr19	35641389	35641472	RNA5476	83	20	2.2047585161996834e-05	1.4697199731017465e-05	1.0	240963.85542168675
chr19	35645964	35646047	RNA5477	83	13	0.03238469662413151	0.0	0.9230769230769231	156626.5060240964
chr19	35717099	35717182	RNA5478	83	26	0.00031675995709379355	1.4701150121254614e-05	1.0	313253.0120481928
chr19	35887321	35887480	RNA5479	159	24	3.553863325577501e-05	1.4698749964736635e-05	1.0	150943.3962264151
chr19	35887465	35887613	RNA5480	148	24	3.4313946154412523e-05	1.4702899989060825e-05	1.0	162162.16216216216
chr19	35910710	35910852	RNA5481	142	33	0.03034001339140311	0.0	0.9696969696969697	232394.3661971831
chr19	35972144	35972286	RNA5482	142	16	0.0004179783367703737	7.348849976551719e-06	1.0	112676.05633802817
chr19	35997410	35997552	RNA5483	142	18	2.7770394960187443e-05	1.4698100130772218e-05	1.0	126760.56338028169
chr19	36003071	36003274	RNA5484	203	43	9.19620053621647e-05	1.4696400285174605e-05	1.0	211822.66009852214
chr19	36106304	36106507	RNA5485	201	44	0.03180327070516465	0.0	0.9545454545454546	218905.47263681592
chr19	36106886	36107089	RNA5486	203	42	4.165291656612102e-05	7.348200142587302e-06	1.0	206896.55172413794
chr19	36107277	36107419	RNA5487	142	29	0.03059676670163126	1.4698999621032272e-05	0.9655172413793104	204225.35211267608
chr19	36107653	36107795	RNA5488	142	20	2.500427431186381e-05	0.0	1.0	140845.0704225352
chr19	36108700	36108842	RNA5489	142	22	0.009420411255219231	7.353350156336092e-06	0.9545454545454546	154929.57746478872
chr19	36126064	36126267	RNA5490	203	36	0.044342125097399626	1.4704799923492828e-05	0.9444444444444444	177339.90147783252
chr19	36126080	36126283	RNA5491	203	38	0.04200949316871055	1.470654979129904e-05	0.9473684210526315	187192.118226601
chr19	36126158	36126319	RNA5492	161	30	0.019873793043431454	1.4706300135003405e-05	0.9666666666666667	186335.40372670806
chr19	36246277	36246480	RNA5493	203	32	0.016315285729660893	0.0	0.9375	157635.46798029557
chr19	36381351	36381475	RNA5494	124	20	2.6460860181025252e-05	1.4701150121254614e-05	1.0	161290.32258064515
chr19	36437625	36437689	RNA5495	64	9	0.11113398168890853	0.0	0.8888888888888888	140625.0
chr19	36438738	36438863	RNA5496	118	21	1.435289505025139e-05	1.4946799637982622e-05	1.0	177966.10169491524
chr19	36792467	36792592	RNA5497	125	0				0.0
chr19	36792595	36792737	RNA5498	142	0				0.0
chr19	36792672	36792755	RNA5499	83	0				0.0
chr19	36793070	36793273	RNA5500	203	0				0.0
chr19	36793308	36793433	RNA5501	114	0				0.0
chr19	36793657	36793782	RNA5502	57	0				0.0
chr19	37719806	37719939	RNA5503	133	37	1.8273997321139616e-05	0.0	1.0	278195.4887218045
chr19	37719820	37719945	RNA5504	125	34	1.8589594166020476e-05	0.0	1.0	272000.0
chr19	37719840	37719915	RNA5505	75	19	2.6302847513043536e-05	0.0	1.0	253333.33333333334
chr19	37719857	37719972	RNA5506	115	30	0.005987170989101285	1.4698100130772218e-05	0.9666666666666667	260869.5652173913
chr19	37719865	37719990	RNA5507	125	32	0.005617566336582054	1.4698300219606608e-05	0.96875	256000.0
chr19	37719921	37720046	RNA5508	125	27	0.04368836222416844	1.4698100130772218e-05	0.9259259259259259	216000.0
chr19	37906809	37906959	RNA5509	148	40	0.0003754643316369718	0.0	1.0	270270.2702702703
chr19	38371004	38371079	RNA5510	75	12	0.0048367362417138585	2.205319970016717e-05	1.0	160000.0
chr19	38372540	38372673	RNA5511	133	22	0.04354144937683073	0.0	0.9545454545454546	165413.53383458644
chr19	38383892	38383967	RNA5512	75	24	1.65361003989005e-05	7.348849976551719e-06	1.0	320000.0
chr19	38388180	38388313	RNA5513	133	35	9.670500003267079e-06	1.4696799553348685e-05	1.0	263157.8947368421
chr19	38388181	38388314	RNA5514	133	35	9.670500003267079e-06	1.4696799553348685e-05	1.0	263157.8947368421
chr19	38388190	38388265	RNA5515	75	22	1.1364590880640952e-05	1.4698549875902247e-05	1.0	293333.3333333333
chr19	38426626	38426701	RNA5516	75	8	9.18545015338168e-06	0.0	1.0	106666.66666666667
chr19	38427185	38427260	RNA5517	75	13	0.00967437802228232	1.472450003348058e-05	0.9230769230769231	173333.33333333334
chr19	38428928	38429061	RNA5518	133	32	6.157151980801048e-05	7.348849976551719e-06	1.0	240601.50375939847
chr19	38429232	38429365	RNA5519	133	18	0.0013753228259297855	1.4699600342282793e-05	1.0	135338.34586466165
chr19	38429523	38429598	RNA5520	75	12	0.019109391102347207	7.348849976551719e-06	0.9166666666666666	160000.0
chr19	38429806	38429939	RNA5521	133	17	0.0005156421489386114	0.0	1.0	127819.54887218044
chr19	38431320	38431445	RNA5522	125	28	0.035846800731633266	1.4699200164614012e-05	0.9642857142857143	224000.0
chr19	38770377	38770586	RNA5523	189	41	0.00010899783481407465	0.0	1.0	216931.2169312169
chr19	38853512	38853574	RNA5524	62	13	0.00012808087082632273	1.4731400369782932e-05	1.0	209677.41935483873
chr19	39111518	39111643	RNA5525	125	31	2.5606228753587197e-05	0.0	1.0	248000.0
chr19	39111649	39111774	RNA5526	125	25	1.4773963994227568e-05	0.0	1.0	200000.0
chr19	39207558	39207712	RNA5527	150	1	0.0	0.0	1.0	6666.666666666667
chr19	39246178	39246238	RNA5528	60	10	3.971916985391799e-05	7.356200057984097e-06	1.0	166666.66666666666
chr19	39261393	39261518	RNA5529	125	23	0.00011247547437327633	0.0	1.0	184000.0
chr19	39401008	39401083	RNA5530	75	16	1.9290855902904313e-05	0.0	1.0	213333.33333333334
chr19	39402149	39402282	RNA5531	133	23	1.4700117548193742e-05	1.4698100130772218e-05	1.0	172932.33082706766
chr19	39633029	39633238	RNA5532	209	0				0.0
chr19	39660813	39660961	RNA5533	148	0				0.0
chr19	39660889	39661048	RNA5534	159	0				0.0
chr19	39661924	39662133	RNA5535	209	0				0.0
chr19	39663439	39663648	RNA5536	209	0				0.0
chr19	40100678	40100785	RNA5537	107	27	0.0008818429261602196	1.4717100384586956e-05	1.0	252336.4485981308
chr19	40101489	40101698	RNA5538	209	42	0.0019224674345510008	7.349899988184916e-06	0.9761904761904762	200956.93779904305
chr19	40105480	40105689	RNA5539	207	15	0.06507316508777876	0.0	0.9333333333333333	72463.76811594203
chr19	40105725	40105934	RNA5540	209	46	0.02128646226551806	0.0	0.9782608695652174	220095.6937799043
chr19	40113731	40113892	RNA5541	161	0				0.0
chr19	40113826	40113980	RNA5542	154	0				0.0
chr19	40215696	40215850	RNA5543	154	35	3.239964012858799e-05	1.4708900380355772e-05	1.0	227272.72727272726
chr19	40215699	40215853	RNA5544	154	35	3.239964012858799e-05	1.4708900380355772e-05	1.0	227272.72727272726
chr19	40228116	40228270	RNA5545	154	28	1.679773185969262e-05	0.0	1.0	181818.18181818182
chr19	40228975	40229129	RNA5546	154	31	1.1878690348831081e-05	1.4697699953103438e-05	1.0	201298.70129870131
chr19	40311718	40311872	RNA5547	154	28	0.016746183055537187	1.4707599802932236e-05	0.9642857142857143	181818.18181818182
chr19	40391126	40391250	RNA5548	124	6	3.480960064431093e-05	2.9640399588970467e-05	1.0	48387.096774193546
chr19	40447396	40447460	RNA5549	64	14	1.7871857185777378e-05	1.4722099876962602e-05	1.0	218750.0
chr19	40636136	40636219	RNA5550	83	17	2.346820613584604e-05	0.0	1.0	204819.27710843371
chr19	40765392	40765551	RNA5551	159	30	9.797956772672478e-06	0.0	1.0	188679.24528301888
chr19	40765433	40765581	RNA5552	148	26	9.045019186697364e-06	0.0	1.0	175675.67567567568
chr19	40765441	40765600	RNA5553	159	30	8.328996621761083e-06	0.0	1.0	188679.24528301888
chr19	40765479	40765638	RNA5554	159	34	0.030176999409297203	0.0	0.9705882352941176	213836.4779874214
chr19	40765535	40765677	RNA5555	142	31	0.033098776629495036	0.0	0.967741935483871	218309.85915492955
chr19	40765639	40765787	RNA5556	148	26	8.480473017978231e-06	0.0	1.0	175675.67567567568
chr19	40765756	40765904	RNA5557	148	32	9.189296861222829e-06	0.0	1.0	216216.21621621624
chr19	40765763	40765972	RNA5558	209	46	0.0005668059866761489	0.0	1.0	220095.6937799043
chr19	41027733	41027881	RNA5559	148	31	2.6078542730593164e-05	0.0	1.0	209459.45945945947
chr19	41028147	41028295	RNA5560	148	31	0.054017659290747685	0.0	0.9354838709677419	209459.45945945947
chr19	41028169	41028328	RNA5561	159	31	4.5533299828913554e-05	0.0	1.0	194968.55345911952
chr19	41028708	41028867	RNA5562	159	30	0.02736491200218249	7.348599865508732e-06	0.9333333333333333	188679.24528301888
chr19	41028714	41028875	RNA5563	161	30	0.02736393235882133	7.348599865508732e-06	0.9333333333333333	186335.40372670806
chr19	41029053	41029212	RNA5564	159	48	0.046157845723485025	1.4698100130772218e-05	0.9166666666666666	301886.7924528302
chr19	41029267	41029415	RNA5565	148	31	0.0053394641796741344	1.4700700376124589e-05	0.967741935483871	209459.45945945947
chr19	41105146	41105307	RNA5566	161	0				0.0
chr19	41110303	41110506	RNA5567	203	0				0.0
chr19	41111298	41111459	RNA5568	161	0				0.0
chr19	41176775	41176936	RNA5569	161	10	8.828110094327712e-06	0.0	1.0	62111.801242236026
chr19	41177570	41177731	RNA5570	161	2	0.4999852914997973	0.4999852914997973	0.5	12422.360248447205
chr19	41208105	41208229	RNA5571	124	33	1.071558480444513e-05	0.0	1.0	266129.0322580645
chr19	41213357	41213511	RNA5572	154	22	0.04546123426813541	0.0	0.9545454545454546	142857.14285714284
chr19	41213865	41214026	RNA5573	161	37	0.04517019573973517	0.0	0.9459459459459459	229813.66459627327
chr19	41215734	41215858	RNA5574	124	29	0.027571504003484227	1.4705899957334624e-05	0.9655172413793104	233870.96774193548
chr19	41217078	41217193	RNA5575	115	21	6.231466475236336e-05	0.0	1.0	182608.69565217392
chr19	41217518	41217642	RNA5576	124	24	0.04119835514507031	0.0	0.9583333333333334	193548.38709677418
chr19	41503050	41503174	RNA5577	124	0				0.0
chr19	41504190	41504314	RNA5578	124	0				0.0
chr19	41505034	41505158	RNA5579	124	0				0.0
chr19	41852917	41853065	RNA5580	148	0				0.0
chr19	41882423	41882582	RNA5581	159	27	0.037059398974196044	0.0	0.9629629629629629	169811.32075471696
chr19	42085889	42086050	RNA5582	161	23	1.3425691063075474e-05	0.0	1.0	142857.14285714284
chr19	42197585	42197700	RNA5583	115	28	7.879514246919176e-06	0.0	1.0	243478.26086956522
chr19	42296258	42296373	RNA5584	115	33	6.2370756881357394e-06	0.0	1.0	286956.52173913043
chr19	42296667	42296782	RNA5585	115	24	2.939922463458877e-05	1.4698749964736635e-05	1.0	208695.65217391303
chr19	42312668	42312783	RNA5586	115	31	3.0345926080048196e-05	1.4699399798701052e-05	1.0	269565.2173913043
chr19	42312842	42312957	RNA5587	115	24	0.00029091922014382645	1.4697000096930424e-05	1.0	208695.65217391303
chr19	42381954	42382078	RNA5588	124	19	1.5472026413925433e-05	1.4697199731017465e-05	1.0	153225.8064516129
chr19	42391943	42392058	RNA5589	115	26	0.001479512286165957	0.0	1.0	226086.95652173914
chr19	42394235	42394360	RNA5590	125	31	3.802695145197323e-05	1.4703699889651034e-05	1.0	248000.0
chr19	42682343	42682458	RNA5591	115	21	2.5199485597627783e-05	1.4696400285174605e-05	1.0	182608.69565217392
chr19	42720367	42720492	RNA5592	125	3	4.9008000739074005e-06	0.0	1.0	24000.0
chr19	42720968	42721030	RNA5593	62	14	1.0498614301468479e-05	7.347549853875535e-06	1.0	225806.4516129032
chr19	43289038	43289163	RNA5594	125	0				0.0
chr19	43290463	43290588	RNA5595	125	0				0.0
chr19	43292052	43292112	RNA5596	60	0				0.0
chr19	43293721	43293836	RNA5597	115	0				0.0
chr19	43294207	43294316	RNA5598	109	0				0.0
chr19	43300004	43300104	RNA5599	100	0				0.0
chr19	43302069	43302219	RNA5600	150	0				0.0
chr19	43369689	43369925	RNA5601	126	0				0.0
chr19	43387653	43387810	RNA5602	157	0				0.0
chr19	43395314	43395389	RNA5603	75	0				0.0
chr19	43400394	43400527	RNA5604	133	0				0.0
chr19	43643803	43643928	RNA5605	125	0				0.0
chr19	43727825	43727887	RNA5606	62	17	1.9890223430753822e-05	1.4699399798701052e-05	1.0	274193.54838709673
chr19	43761211	43761318	RNA5607	107	15	1.3718139962293208e-05	1.4696400285174605e-05	1.0	140186.91588785045
chr19	43782877	43782939	RNA5608	62	14	0.07143697189284078	1.4699400253448403e-05	0.9285714285714286	225806.4516129032
chr19	43783260	43783322	RNA5609	62	13	0.0038220887951096036	1.4792000001762062e-05	1.0	209677.41935483873
chr19	43856169	43856275	RNA5610	106	18	0.055530236656674475	1.4699399798701052e-05	0.9444444444444444	169811.32075471696
chr19	43857488	43857550	RNA5611	62	15	2.1565420502154403e-05	0.0	1.0	241935.48387096776
chr19	43863061	43863123	RNA5612	62	7	7.138482760636795e-05	0.0	1.0	112903.2258064516
chr19	43871863	43871988	RNA5613	125	21	2.662007136677357e-05	1.4710600225953384e-05	1.0	168000.0
chr19	43871882	43872007	RNA5614	125	23	0.04346801693424387	1.4710600225953384e-05	0.9565217391304348	184000.0
chr19	43871958	43872083	RNA5615	125	8	0.1249025098236416	0.0	0.875	64000.0
chr19	43871961	43872086	RNA5616	125	8	0.1249025098236416	0.0	0.875	64000.0
chr19	43871991	43872116	RNA5617	125	10	0.09992348078885697	0.0	0.9	80000.0
chr19	43872017	43872079	RNA5618	62	4	0.0	0.0	1.0	64516.12903225806
chr19	43872056	43872181	RNA5619	125	18	0.05551957014343619	7.354649824264925e-06	0.9444444444444444	144000.0
chr19	43872112	43872237	RNA5620	125	17	0.05878542713429959	0.0	0.9411764705882353	136000.0
chr19	43872145	43872270	RNA5621	125	15	1.0791233277511007e-05	0.0	1.0	120000.0
chr19	43872174	43872299	RNA5622	125	15	7.847580006152081e-06	0.0	1.0	120000.0
chr19	43872224	43872284	RNA5623	60	8	9.197725148624158e-06	7.356599780905526e-06	1.0	133333.33333333334
chr19	43872225	43872285	RNA5624	60	8	9.197725148624158e-06	7.356599780905526e-06	1.0	133333.33333333334
chr19	43872254	43872314	RNA5625	60	8	9.195237453241134e-06	0.0	1.0	133333.33333333334
chr19	44305084	44305246	RNA5626	162	40	9.700974985662257e-05	0.0	1.0	246913.58024691357
chr19	44305125	44305250	RNA5627	125	31	2.275818728629559e-05	0.0	1.0	248000.0
chr19	44305222	44305347	RNA5628	125	19	0.052657880978921115	1.470200004405342e-05	0.9473684210526315	152000.0
chr19	44305246	44305306	RNA5629	60	12	3.7968199952345364e-05	2.204864995292155e-05	1.0	200000.0
chr19	44305262	44305387	RNA5630	125	21	0.04764564283795196	1.470200004405342e-05	0.9523809523809523	168000.0
chr19	44305327	44305452	RNA5631	125	13	2.0347853443610115e-05	0.0	1.0	104000.0
chr19	44305328	44305453	RNA5632	125	13	2.0347853443610115e-05	0.0	1.0	104000.0
chr19	44305362	44305487	RNA5633	125	15	1.9594059631339172e-05	0.0	1.0	120000.0
chr19	44305415	44305485	RNA5634	70	8	7.348562462539121e-06	7.347749942709925e-06	1.0	114285.71428571428
chr19	44305452	44305512	RNA5635	60	8	9.185662406707706e-06	7.347749942709925e-06	1.0	133333.33333333334
chr19	44305464	44305589	RNA5636	125	23	9.58541303312497e-06	0.0	1.0	184000.0
chr19	44305576	44305701	RNA5637	125	24	0.0001457509800957245	7.348200142587302e-06	1.0	192000.0
chr19	44312639	44312764	RNA5638	125	16	3.5853500662592e-05	7.35100002202671e-06	1.0	128000.0
chr19	44315838	44315898	RNA5639	60	7	2.099857088718896e-06	0.0	1.0	116666.66666666667
chr19	44464339	44464456	RNA5640	117	21	0.00011479479508124758	0.0	1.0	179487.1794871795
chr19	44536702	44536809	RNA5641	107	13	0.012419618574592894	1.4698999621032272e-05	0.9230769230769231	121495.32710280374
chr19	44536715	44536924	RNA5642	209	31	0.025699625017824145	1.4697699953103438e-05	0.9354838709677419	148325.35885167462
chr19	44536723	44536830	RNA5643	107	18	0.008969724620581262	0.0	0.9444444444444444	168224.29906542055
chr19	44536852	44536959	RNA5644	107	12	0.05293121026519051	0.0	0.9166666666666666	112149.53271028037
chr19	44760919	44761026	RNA5645	107	19	3.6393109870623384e-05	0.0	1.0	177570.0934579439
chr19	44772384	44772491	RNA5646	107	24	0.04069430225971852	1.4814499991189223e-05	0.9583333333333334	224299.06542056074
chr19	44839235	44839342	RNA5647	107	20	2.05817051664749e-05	0.0	1.0	186915.8878504673
chr19	44846067	44846129	RNA5648	62	34	0.004415077481152204	1.4723450021847384e-05	0.9705882352941176	548387.0967741935
chr19	44904970	44905043	RNA5649	73	13	1.4697038400649595e-05	0.0	1.0	178082.19178082192
chr19	44999021	44999146	RNA5650	121	27	0.00023467016240761226	1.4995700439612849e-05	1.0	223140.4958677686
chr19	45071134	45071259	RNA5651	125	37	0.0004183485364567731	1.4698500308440998e-05	1.0	296000.0
chr19	45071287	45071441	RNA5652	154	53	0.0002739538569310817	0.0	1.0	344155.8441558442
chr19	45305708	45305833	RNA5653	125	23	0.0003706715936499176	1.4697199731017465e-05	1.0	184000.0
chr19	45306269	45306329	RNA5654	60	9	4.41017435958916e-05	1.470200004405342e-05	1.0	150000.0
chr19	45378912	45379034	RNA5655	122	24	3.185785881971956e-05	0.0	1.0	196721.31147540984
chr19	45651213	45651332	RNA5656	119	22	0.027576030617844728	0.0	0.9545454545454546	184873.94957983194
chr19	45732863	45732970	RNA5657	107	29	1.065087944253123e-05	0.0	1.0	271028.03738317755
chr19	45793485	45793633	RNA5658	148	30	0.00032294584840807377	1.4698999621032272e-05	1.0	202702.70270270272
chr19	45874907	45875066	RNA5659	159	41	1.9003543745444182e-05	1.4697199731017465e-05	1.0	257861.63522012578
chr19	46099305	46099466	RNA5660	161	24	0.017516007219001033	1.4700699921377236e-05	0.9166666666666666	149068.32298136645
chr19	46343570	46343694	RNA5661	124	22	8.663179575952531e-05	1.4783499864279293e-05	1.0	177419.3548387097
chr19	46419994	46420127	RNA5662	132	37	0.02888997016071772	1.4814399946772028e-05	0.9459459459459459	280303.0303030303
chr19	46473840	46473955	RNA5663	115	22	1.7370636214759042e-05	0.0	1.0	191304.34782608697
chr19	46826250	46826400	RNA5664	148	5	0.0005072990947155543	1.4895999811415097e-05	1.0	33783.78378378379
chr19	47007317	47007442	RNA5665	125	36	0.0010552762945381874	1.4749250112799928e-05	1.0	288000.0
chr19	47060738	47060853	RNA5666	115	17	9.521194175142549e-06	1.47024002217222e-05	1.0	147826.08695652176
chr19	47347404	47347513	RNA5667	109	30	2.0096886722357923e-05	0.0	1.0	275229.3577981652
chr19	47347644	47347744	RNA5668	100	22	0.008178691543683024	1.4698549875902245e-05	0.9545454545454546	220000.0
chr19	47347942	47348178	RNA5669	236	67	0.015194716843325292	0.0	0.9850746268656716	283898.3050847458
chr19	47395811	47395968	RNA5670	157	0				0.0
chr19	47396355	47396470	RNA5671	115	0				0.0
chr19	47427631	47427746	RNA5672	115	15	1.5782006569978945e-05	0.0	1.0	130434.78260869565
chr19	47427716	47427831	RNA5673	115	14	3.465356446342517e-05	1.470005008741282e-05	1.0	121739.13043478261
chr19	47519834	47519949	RNA5674	115	27	0.0004098834812827569	1.4701099644298664e-05	1.0	234782.6086956522
chr19	47520257	47520372	RNA5675	115	24	7.962549981736325e-06	0.0	1.0	208695.65217391303
chr19	47577381	47577506	RNA5676	125	16	3.033256234630016e-05	0.0	1.0	128000.0
chr19	47605465	47605580	RNA5677	115	0				0.0
chr19	47743471	47743621	RNA5678	150	36	0.00010086801378545467	0.0	1.0	240000.0
chr19	47796281	47796431	RNA5679	149	33	1.7453478738551057e-05	0.0	1.0	221476.5100671141
chr19	47796448	47796598	RNA5680	150	25	0.004824003352368888	1.4700300198455809e-05	0.96	166666.66666666666
chr19	47796894	47797056	RNA5681	155	26	0.0009700065904605858	0.0	1.0	167741.93548387097
chr19	47796927	47797033	RNA5682	99	18	0.0013937607306312774	0.0	1.0	181818.18181818182
chr19	48111045	48111154	RNA5683	109	25	1.940708385518237e-05	0.0	1.0	229357.79816513762
chr19	48112723	48112823	RNA5684	100	25	6.720080091326562e-05	1.475489989388734e-05	1.0	250000.0
chr19	48112833	48112983	RNA5685	150	26	1.696806549052081e-05	1.4698749964736635e-05	1.0	173333.33333333334
chr19	48113026	48113176	RNA5686	150	24	2.0210912149798132e-05	1.4697900041937828e-05	1.0	160000.0
chr19	48113405	48113514	RNA5687	109	26	0.004457005400931497	1.4713200016558403e-05	0.9615384615384616	238532.11009174315
chr19	48113915	48114024	RNA5688	109	26	0.0001602792762451538	7.357250069617294e-06	1.0	238532.11009174315
chr19	48114332	48114482	RNA5689	150	34	1.0376632444069187e-05	7.348849976551719e-06	1.0	226666.66666666666
chr19	48114425	48114495	RNA5690	70	15	7.84054664109135e-06	0.0	1.0	214285.71428571426
chr19	48259439	48259548	RNA5691	109	22	0.028560321662139773	1.4698100130772218e-05	0.9545454545454546	201834.86238532112
chr19	48259492	48259592	RNA5692	100	16	2.3886131202740554e-05	1.4699399798701052e-05	1.0	160000.0
chr19	48260325	48260561	RNA5693	236	46	0.037461236950192586	0.0	0.9130434782608695	194915.25423728814
chr19	48261651	48261760	RNA5694	109	20	0.037744559604061576	0.0	0.9	183486.2385321101
chr19	48262102	48262202	RNA5695	100	0				0.0
chr19	48291786	48291886	RNA5696	100	18	1.225954449384719e-05	0.0	1.0	180000.0
chr19	48291934	48292034	RNA5697	100	17	9.513564691587817e-06	0.0	1.0	170000.0
chr19	48292935	48293092	RNA5698	157	27	1.1432762996129761e-05	0.0	1.0	171974.5222929936
chr19	48331471	48331707	RNA5699	236	42	0.0004857379035889763	7.348599865508732e-06	1.0	177966.10169491524
chr19	48332105	48332341	RNA5700	236	45	0.04445261202432044	0.0	0.9555555555555556	190677.9661016949
chr19	48364091	48364200	RNA5701	109	26	1.3573727091379736e-05	0.0	1.0	238532.11009174315
chr19	48376872	48377029	RNA5702	157	22	0.0065931899198817066	0.0	0.9545454545454546	140127.38853503185
chr19	48377843	48378079	RNA5703	236	38	7.438501518806686e-05	1.474625014452613e-05	1.0	161016.94915254237
chr19	48379704	48379940	RNA5704	236	59	0.006313418206338016	1.471110044803936e-05	0.9830508474576272	250000.0
chr19	48380604	48380761	RNA5705	157	6	2.2125083887658548e-05	1.4752500192116713e-05	1.0	38216.56050955414
chr19	48391654	48391811	RNA5706	157	35	1.6387311578517623e-05	1.47024002217222e-05	1.0	222929.9363057325
chr19	48391662	48391762	RNA5707	100	24	1.7771146000688766e-05	1.4703300166729605e-05	1.0	240000.0
chr19	48392122	48392239	RNA5708	107	0				0.0
chr19	48392207	48392364	RNA5709	149	0				0.0
chr19	48484178	48484335	RNA5710	157	28	1.4176121437359157e-05	0.0	1.0	178343.94904458598
chr19	48484831	48484956	RNA5711	125	22	2.5597899779805604e-05	1.4793100035603857e-05	1.0	176000.0
chr19	48484967	48485203	RNA5712	236	56	5.144817050351746e-05	1.469529979658546e-05	1.0	237288.13559322036
chr19	48528544	48528659	RNA5713	115	18	7.108444404163998e-05	0.0	1.0	156521.73913043478
chr19	48538722	48538847	RNA5714	125	24	2.0217658629916122e-05	1.4698749964736635e-05	1.0	192000.0
chr19	48540314	48540439	RNA5715	125	24	0.0019493636751803907	7.350350188062294e-06	1.0	192000.0
chr19	48708523	48708648	RNA5716	125	24	4.106276257212707e-05	1.4703050055686617e-05	1.0	192000.0
chr19	48708619	48708744	RNA5717	125	25	0.019939337476753274	1.4698500308440998e-05	0.96	200000.0
chr19	48711173	48711298	RNA5718	125	21	0.07719587715222415	1.4697699953103438e-05	0.9047619047619048	168000.0
chr19	48747868	48747974	RNA5719	106	20	0.010372085036578927	7.355100024142302e-06	0.85	188679.24528301888
chr19	48836709	48836815	RNA5720	104	0				0.0
chr19	48836750	48836856	RNA5721	104	0				0.0
chr19	48836779	48836941	RNA5722	162	11	6.687481717645741e-06	0.0	1.0	67901.23456790124
chr19	48836850	48837000	RNA5723	150	21	6.305138066679883e-06	0.0	1.0	140000.0
chr19	48836876	48836938	RNA5724	62	9	6.5371999274551245e-06	0.0	1.0	145161.29032258067
chr19	48868928	48869034	RNA5725	106	14	0.010314816578751817	1.4698549875902245e-05	0.9285714285714286	132075.4716981132
chr19	48877254	48877360	RNA5726	106	7	3.989929947627319e-05	1.4706300135003405e-05	1.0	66037.7358490566
chr19	48880637	48880710	RNA5727	73	0				0.0
chr19	48899204	48899366	RNA5728	162	0				0.0
chr19	48899765	48899927	RNA5729	162	33	0.038280710137493734	1.4701099644298664e-05	0.8787878787878788	203703.70370370368
chr19	48945322	48945484	RNA5730	162	37	0.04722640250433009	0.0	0.9459459459459459	228395.06172839506
chr19	48948893	48949055	RNA5731	159	28	0.05342012226622369	0.0	0.9285714285714286	176100.6289308176
chr19	48967837	48967943	RNA5732	106	17	9.510123484634438e-06	1.4696400285174605e-05	1.0	160377.35849056602
chr19	48993312	48993437	RNA5733	125	56	0.0005140699119335395	1.469744984206045e-05	1.0	448000.0
chr19	49021204	49021274	RNA5734	70	16	2.5729762285206017e-05	1.4698549875902245e-05	1.0	228571.42857142855
chr19	49052886	49053011	RNA5735	125	0				0.0
chr19	49053498	49053660	RNA5736	162	0				0.0
chr19	49110190	49110260	RNA5737	70	19	2.3984652599253712e-05	0.0	1.0	271428.5714285714
chr19	49112152	49112222	RNA5738	68	9	0.00013430227025107173	1.4866400306345897e-05	1.0	132352.9411764706
chr19	49119355	49119425	RNA5739	60	32	0.007587952704710675	1.4807149909756845e-05	0.96875	533333.3333333334
chr19	49119473	49119543	RNA5740	69	0				0.0
chr19	49215389	49215459	RNA5741	70	0				0.0
chr19	49216437	49216497	RNA5742	60	11	1.2028818094801284e-05	0.0	1.0	183333.3333333333
chr19	49270897	49271022	RNA5743	125	23	1.8534543375169477e-05	1.4697699953103438e-05	1.0	184000.0
chr19	49271273	49271382	RNA5744	109	16	2.664489983316761e-05	1.470219967814046e-05	1.0	146788.9908256881
chr19	49279568	49279668	RNA5745	100	19	0.0012864723166785541	1.469549988541985e-05	1.0	190000.0
chr19	49328315	49328432	RNA5746	117	23	9.585995623796327e-06	0.0	1.0	196581.19658119656
chr19	49328506	49328628	RNA5747	122	24	1.5923470982669914e-05	0.0	1.0	196721.31147540984
chr19	49419221	49419378	RNA5748	157	23	0.043624613574059404	1.469509970775107e-05	0.9565217391304348	146496.8152866242
chr19	49419873	49419990	RNA5749	117	25	0.009909319447360754	0.0	0.96	213675.21367521366
chr19	49421928	49422164	RNA5750	236	36	0.015125526793503418	0.0	0.9722222222222222	152542.37288135593
chr19	49429024	49429141	RNA5751	114	31	0.03971287875981121	1.5749999874969944e-05	0.9354838709677419	271929.82456140354
chr19	49442887	49443004	RNA5752	111	33	4.86199094831846e-05	1.4764100342290476e-05	1.0	297297.29729729734
chr19	49445181	49445298	RNA5753	112	0				0.0
chr19	49549934	49550051	RNA5754	117	0				0.0
chr19	49629496	49629621	RNA5755	125	18	0.01227962516380406	0.0	0.9444444444444444	144000.0
chr19	49640641	49640760	RNA5756	119	20	1.249635001840943e-05	0.0	1.0	168067.2268907563
chr19	49716287	49716394	RNA5757	107	17	3.458185282771978e-05	0.0	1.0	158878.5046728972
chr19	49765050	49765123	RNA5758	67	0				0.0
chr19	49817719	49817792	RNA5759	73	16	0.009450907594668927	1.4705449757457243e-05	0.9375	219178.08219178082
chr19	49817817	49817890	RNA5760	73	17	8.911958294073065e-05	1.4698999621032272e-05	1.0	232876.7123287671
chr19	49817917	49818023	RNA5761	106	27	6.536562977998983e-06	0.0	1.0	254716.98113207548
chr19	49961425	49961587	RNA5762	162	45	0.022230389351130322	0.0	0.9777777777777777	277777.7777777778
chr19	49961652	49961725	RNA5763	73	16	1.1027312496025843e-05	7.348399776674342e-06	1.0	219178.08219178082
chr19	49963743	49963816	RNA5764	73	14	2.100170747455946e-05	1.4698999621032272e-05	1.0	191780.8219178082
chr19	49976215	49976288	RNA5765	73	21	0.010004104648595824	1.4698100130772218e-05	0.9523809523809523	287671.23287671234
chr19	50150928	50150998	RNA5766	70	17	0.0002455019957778799	0.0	1.0	242857.14285714284
chr19	50310746	50310917	RNA5767	170	32	7.285478244510888e-05	1.4698100130772218e-05	1.0	188235.29411764705
chr19	50310902	50311024	RNA5768	122	11	6.28149536251663e-05	1.4699399798701052e-05	1.0	90163.9344262295
chr19	50311617	50311739	RNA5769	122	27	0.002768459256609877	0.0	0.9629629629629629	221311.47540983607
chr19	50311664	50311786	RNA5770	122	24	0.003113905342919067	0.0	0.9583333333333334	196721.31147540984
chr19	50431812	50431945	RNA5771	133	26	9.615050028234971e-06	1.4700900010211626e-05	1.0	195488.72180451127
chr19	50431828	50431950	RNA5772	122	24	0.00035409556232934635	1.470200004405342e-05	1.0	196721.31147540984
chr19	50431991	50432113	RNA5773	120	41	0.010106194793302051	0.0	0.975609756097561	341666.6666666667
chr19	50432719	50432836	RNA5774	117	21	0.00044089780532798544	0.0	1.0	179487.1794871795
chr19	50466386	50466508	RNA5775	122	40	0.02504448096476608	2.2051250198273923e-05	0.975	327868.8524590164
chr19	50572499	50572618	RNA5776	119	27	0.007853883230651525	1.4698100130772218e-05	0.9629629629629629	226890.756302521
chr19	50640188	50640307	RNA5777	119	20	7.499476760130589e-05	0.0	1.0	168067.2268907563
chr19	50647440	50647559	RNA5778	119	33	0.00020840514011841068	0.0	1.0	277310.9243697479
chr19	50647683	50647786	RNA5779	103	17	6.053888254802373e-06	0.0	1.0	165048.5436893204
chr19	50719933	50720052	RNA5780	75	22	0.0010615566643537	1.6827750187076163e-05	1.0	293333.3333333333
chr19	50720343	50720462	RNA5781	119	26	8.483853784687548e-06	0.0	1.0	218487.3949579832
chr19	50769713	50769832	RNA5782	119	27	3.2734259144078573e-05	1.4706700312672185e-05	1.0	226890.756302521
chr19	50796213	50796343	RNA5783	130	43	0.023309818463827084	0.0	0.9767441860465116	330769.23076923075
chr19	50881218	50881343	RNA5784	125	30	0.007206050182867323	0.0	0.9333333333333333	240000.0
chr19	50881435	50881508	RNA5785	73	6	7.351135172938197e-05	7.349250154220499e-06	1.0	82191.7808219178
chr19	51283164	51283297	RNA5786	133	25	0.0006158713882177793	1.471840005251579e-05	1.0	187969.92481203008
chr19	51370004	51370126	RNA5787	120	26	0.046638207617049295	1.5403049928863766e-05	0.8846153846153846	216666.6666666667
chr19	51371145	51371278	RNA5788	133	29	2.8384500371336228e-05	1.4698100130772218e-05	1.0	218045.11278195487
chr19	51371463	51371596	RNA5789	133	31	0.012555802308241019	1.4698100130772218e-05	0.967741935483871	233082.70676691728
chr19	51377911	51378044	RNA5790	126	24	0.00023326079857117362	1.4795049992244458e-05	1.0	190476.19047619047
chr19	51378200	51378333	RNA5791	133	31	0.008619544778588117	0.0	0.967741935483871	233082.70676691728
chr19	51445697	51445822	RNA5792	125	24	3.184601693343258e-05	0.0	1.0	192000.0
chr19	51472647	51472780	RNA5793	133	0				0.0
chr19	51662089	51662208	RNA5794	119	26	0.07340781672641802	0.0	0.8846153846153846	218487.3949579832
chr19	51742593	51742718	RNA5795	125	21	4.272682361347192e-05	0.0	1.0	168000.0
chr19	51742652	51742777	RNA5796	125	28	4.254597849596775e-05	1.4702849966852227e-05	1.0	224000.0
chr19	51743036	51743161	RNA5797	125	25	0.01772028751969628	0.0	0.96	200000.0
chr19	52265383	52265508	RNA5798	125	0				0.0
chr19	52265442	52265567	RNA5799	125	0				0.0
chr19	52265731	52265856	RNA5800	125	0				0.0
chr19	52368967	52369100	RNA5801	119	23	0.0006953005346946513	1.5343999621109106e-05	1.0	193277.31092436975
chr19	52453285	52453435	RNA5802	150	42	8.679871241058132e-05	1.4698100130772218e-05	1.0	280000.0
chr19	52453381	52453490	RNA5803	109	50	1.3529251991711533e-05	1.4698749964736637e-05	1.0	458715.59633027524
chr19	52453426	52453541	RNA5804	115	52	0.00014223474466653897	1.4700300198455809e-05	1.0	452173.9130434783
chr19	53273137	53273262	RNA5805	125	0				0.0
chr19	53273247	53273344	RNA5806	97	0				0.0
chr19	53274713	53274834	RNA5807	121	0				0.0
chr19	53276474	53276541	RNA5808	67	0				0.0
chr19	53286095	53286195	RNA5809	100	0				0.0
chr19	53316225	53316382	RNA5810	157	0				0.0
chr19	53316631	53316867	RNA5811	236	5	8.821379924484064e-06	1.4700300198455809e-05	1.0	21186.4406779661
chr19	53497644	53497759	RNA5812	115	20	9.5541050995962e-06	0.0	1.0	173913.04347826086
chr19	53498280	53498401	RNA5813	121	27	7.6229222637872835e-06	0.0	1.0	223140.4958677686
chr19	53595370	53595495	RNA5814	125	23	0.0004256592197318303	0.0	1.0	184000.0
chr19	53825923	53826085	RNA5815	157	29	4.9058669932930206e-05	0.0	1.0	184713.37579617833
chr19	53827454	53827560	RNA5816	106	24	6.0214125634652865e-05	1.4730999737366801e-05	1.0	226415.09433962265
chr19	54093873	54093943	RNA5817	70	10	2.649133948580129e-05	1.4706300135003403e-05	1.0	142857.14285714284
chr19	54159813	54159984	RNA5818	171	48	8.574393802973646e-06	0.0	1.0	280701.7543859649
chr19	54380211	54380328	RNA5819	117	14	0.07116966153749411	2.2536850337928627e-05	0.9285714285714286	119658.11965811966
chr19	54553150	54553223	RNA5820	73	13	7.916423083560612e-06	0.0	1.0	178082.19178082192
chr19	54554488	54554591	RNA5821	103	23	9.370719564448242e-05	1.4701099644298664e-05	1.0	223300.97087378643
chr19	54891687	54891817	RNA5822	130	18	1.6333571996559233e-05	1.4697899587190477e-05	1.0	138461.53846153847
chr19	55071563	55071734	RNA5823	171	33	8.055987867313283e-06	0.0	1.0	192982.45614035087
chr19	55089146	55089406	RNA5824	244	63	0.007798323818557633	1.4719300452270543e-05	0.9841269841269841	258196.7213114754
chr19	55090167	55090427	RNA5825	255	64	0.008063472901937981	1.4699599887535442e-05	0.96875	250980.39215686274
chr19	55150577	55150748	RNA5826	171	43	0.00012443050324035387	1.4697699953103438e-05	1.0	251461.98830409357
chr19	55150720	55150891	RNA5827	171	40	5.4016881244929344e-05	7.348399776674342e-06	1.0	233918.12865497076
chr19	55150760	55151020	RNA5828	260	63	3.8962207312691764e-05	1.4697199731017465e-05	1.0	242307.6923076923
chr19	55211495	55211666	RNA5829	171	32	0.001740013037078813	0.0	0.96875	187134.5029239766
chr19	55213048	55213219	RNA5830	171	0				0.0
chr19	55280766	55280937	RNA5831	171	41	0.0004387368219950689	1.469590006308863e-05	1.0	239766.08187134503
chr19	55363882	55364004	RNA5832	122	32	3.399322179119737e-05	1.4696599919261644e-05	1.0	262295.08196721313
chr19	55445019	55445144	RNA5833	125	21	1.680033801676156e-05	0.0	1.0	168000.0
chr19	55551520	55551623	RNA5834	103	16	0.03724622472907413	0.0	0.9375	155339.8058252427
chr19	55634493	55634596	RNA5835	103	17	2.768475919497025e-05	1.4707599802932236e-05	1.0	165048.5436893204
chr19	55634507	55634610	RNA5836	103	14	1.1560000075405696e-05	7.35079993319232e-06	1.0	135922.33009708737
chr19	55653202	55653332	RNA5837	130	38	0.0017815813266918756	1.470179995521903e-05	0.9736842105263158	292307.6923076923
chr19	55653253	55653356	RNA5838	103	36	0.005693917683301043	1.4704200111737007e-05	0.9444444444444444	349514.5631067961
chr19	55653843	55653962	RNA5839	119	50	0.020023517259887734	1.4696400285174605e-05	0.98	420168.06722689077
chr19	55653924	55654027	RNA5840	103	37	0.054067955745882204	1.4694200217491016e-05	0.9459459459459459	359223.3009708738
chr19	55740527	55740630	RNA5841	103	21	9.802771490372141e-06	0.0	1.0	203883.49514563105
chr19	55775322	55775452	RNA5842	130	22	1.0024099992733682e-05	1.4696800008096034e-05	1.0	169230.76923076925
chr19	55780735	55780865	RNA5843	130	28	0.00013597976512105115	1.4698349787067855e-05	1.0	215384.6153846154
chr19	55881970	55882100	RNA5844	129	23	0.00146605581116803	1.4721499610459432e-05	1.0	178294.57364341087
chr19	55882915	55883045	RNA5845	130	20	0.0021228422621334094	0.0	1.0	153846.15384615384
chr19	55933602	55933732	RNA5846	130	26	0.02015415982004224	7.347549853875535e-06	0.9615384615384616	200000.0
chr19	56082132	56082392	RNA5847	260	65	7.145771055197472e-05	0.0	1.0	250000.0
chr19	56171596	56171767	RNA5848	171	44	0.002261284095022177	1.4696349808218656e-05	0.9772727272727273	257309.9415204678
chr19	56210862	56210995	RNA5849	132	0				0.0
chr19	56437434	56437559	RNA5850	125	25	0.0400552757605692	1.4698999621032272e-05	0.96	200000.0
chr19	56437618	56437743	RNA5851	125	25	0.0004604727460173271	0.0	1.0	200000.0
chr19	56438887	56439012	RNA5852	125	23	1.0864982592149476e-05	1.4696799553348685e-05	1.0	184000.0
chr19	56531113	56531210	RNA5853	97	17	0.05883217535879607	1.4696400285174605e-05	0.9411764705882353	175257.7319587629
chr19	56533923	56534048	RNA5854	125	22	1.0691018277694555e-05	1.469744984206045e-05	1.0	176000.0
chr19	56534166	56534291	RNA5855	125	19	2.7082631755832607e-05	0.0	1.0	152000.0
chr19	56589098	56589223	RNA5856	125	28	0.012756364231498602	0.0	0.9642857142857143	224000.0
chr19	56591827	56591948	RNA5857	121	17	0.015490494886869462	1.4696799553348685e-05	0.9411764705882353	140495.86776859505
chr19	56595127	56595230	RNA5858	103	37	0.05176672420396711	0.0	0.918918918918919	359223.3009708738
chr19	56853348	56853478	RNA5859	130	34	1.815983523556323e-05	1.4698749964736635e-05	1.0	261538.46153846156
chr19	56899759	56899884	RNA5860	125	23	3.323218255029811e-05	1.4697699953103438e-05	1.0	184000.0
chr19	57229562	57229629	RNA5861	67	10	4.8529330433666346e-05	1.4707849913975224e-05	1.0	149253.73134328358
chr19	57360764	57360885	RNA5862	121	21	0.04967666079097571	2.9408300179056823e-05	0.9047619047619048	173553.71900826448
chr19	57362412	57362509	RNA5863	97	13	0.00010291353898466614	0.0	1.0	134020.61855670103
chr19	57483434	57483559	RNA5864	0	0				
chr19	57484423	57484520	RNA5865	93	19	2.7219225892996882e-05	1.4722299965796992e-05	1.0	204301.07526881722
chr19	57484582	57484679	RNA5866	97	27	1.0888859193343066e-05	0.0	1.0	278350.5154639175
chr19	57487040	57487155	RNA5867	115	23	0.04347378970487625	0.0	0.9565217391304348	200000.0
chr19	57567487	57567584	RNA5868	97	26	0.00024200142273072232	0.0	1.0	268041.23711340205
chr19	57570447	57570544	RNA5869	97	20	0.015149396082597372	1.4694600395159796e-05	0.95	206185.56701030926
chr19	57614098	57614195	RNA5870	97	30	0.00735657959291226	0.0	0.9333333333333333	309278.3505154639
chr19	57629326	57629447	RNA5871	121	24	0.0013867747372842034	1.4696999642183075e-05	1.0	198347.10743801654
chr19	57629920	57630041	RNA5872	121	23	0.03862170160011927	0.0	0.9565217391304348	190082.64462809917
chr19	57630227	57630348	RNA5873	121	23	0.005449896019814799	1.471149971621344e-05	0.9565217391304348	190082.64462809917
chr19	57763272	57763393	RNA5874	121	0				0.0
chr19	57768095	57768216	RNA5875	121	0				0.0
chr19	57769497	57769618	RNA5876	121	0				0.0
chr19	58118666	58118733	RNA5877	67	17	0.04962375629672939	0.0	0.9411764705882353	253731.3432835821
chr19	58219886	58219953	RNA5878	67	0				0.0
chr19	58227822	58227889	RNA5879	67	14	4.6204079158724795e-05	1.4706300135003403e-05	1.0	208955.223880597
chr19	58342670	58342737	RNA5880	67	21	2.379251899193063e-05	1.469549988541985e-05	1.0	313432.83582089556
chr19	58342828	58342949	RNA5881	121	18	1.6406649845319204e-05	1.470179995521903e-05	1.0	148760.3305785124
chr19	58342906	58342973	RNA5882	67	14	1.3792707185140379e-05	1.4700499832542846e-05	1.0	208955.223880597
chr19	58343262	58343329	RNA5883	66	0				0.0
chr19	58385128	58385243	RNA5884	115	23	8.308604265039321e-06	0.0	1.0	200000.0
chr19	58385746	58385867	RNA5885	121	21	4.200280922564811e-06	0.0	1.0	173553.71900826448
chr19	58385922	58386043	RNA5886	121	27	1.034500345903561e-05	0.0	1.0	223140.4958677686
chr19	58446022	58446143	RNA5887	121	28	5.565282101217786e-05	1.4696599919261644e-05	1.0	231404.95867768597
chr19	58451275	58451396	RNA5888	121	29	1.5203465785627248e-05	0.0	1.0	239669.4214876033
chr19	58464326	58464441	RNA5889	115	27	1.420037396773767e-05	0.0	1.0	234782.6086956522
chr19	58466828	58466943	RNA5890	115	36	6.45068740444243e-05	1.4698100130772218e-05	1.0	313043.47826086957
chr19	58512466	58512587	RNA5891	121	0				0.0
chr19	58512631	58512746	RNA5892	115	0				0.0
chr19	58512846	58512961	RNA5893	115	0				0.0
chr19	58513385	58513482	RNA5894	97	0				0.0
chr19	58555307	58555422	RNA5895	115	25	0.0025812302250778868	1.4696799553348685e-05	0.96	217391.30434782608
chr19	58606930	58606997	RNA5896	0	0				
chr2	20366	20581	RNA5897	215	0				0.0
chr2	20664	20879	RNA5898	215	0				0.0
chr2	20800	21045	RNA5899	245	0				0.0
chr2	20895	20978	RNA5900	83	0				0.0
chr2	20924	21007	RNA5901	83	0				0.0
chr2	21051	21296	RNA5902	245	0				0.0
chr2	279020	279167	RNA5903	147	29	7.602613769794798e-06	0.0	1.0	197278.91156462586
chr2	343099	343246	RNA5904	147	42	3.3949630700848606e-05	1.469569997425424e-05	1.0	285714.2857142857
chr2	345161	345309	RNA5905	148	22	4.479475335921637e-05	0.0	1.0	148648.64864864867
chr2	347606	347754	RNA5906	148	22	6.080921130805163e-05	0.0	1.0	148648.64864864867
chr2	352303	352451	RNA5907	148	19	1.2378668447797137e-05	1.4697699953103438e-05	1.0	128378.37837837837
chr2	355487	355634	RNA5908	147	30	0.03383465746334575	7.348200142587302e-06	0.9666666666666667	204081.63265306124
chr2	3849621	3849718	RNA5909	97	15	1.2739252997558377e-05	0.0	1.0	154639.17525773196
chr2	4860300	4860386	RNA5910	86	16	7.352350110068074e-06	0.0	1.0	186046.51162790696
chr2	7735189	7735286	RNA5911	97	23	0.0003713187159361068	1.4697199731017465e-05	1.0	237113.40206185565
chr2	8661767	8661864	RNA5912	97	20	0.002980424865563684	1.469549988541985e-05	0.95	206185.56701030926
chr2	8716767	8716864	RNA5913	97	13	0.04602614940099906	1.4696799553348685e-05	0.9230769230769231	134020.61855670103
chr2	8720244	8720341	RNA5914	97	14	0.07143907797873388	7.3512001108611e-06	0.9285714285714286	144329.8969072165
chr2	8839907	8840004	RNA5915	97	0				0.0
chr2	8840933	8841019	RNA5916	86	0				0.0
chr2	8851806	8851903	RNA5917	97	24	1.530992904008599e-05	7.347950031544315e-06	1.0	247422.68041237115
chr2	9003930	9004027	RNA5918	94	37	1.3264897313853343e-05	0.0	1.0	393617.02127659577
chr2	9730771	9730857	RNA5919	46	0				0.0
chr2	9822340	9822426	RNA5920	86	20	2.204682532464596e-05	7.347749942709925e-06	1.0	232558.13953488372
chr2	9838930	9839027	RNA5921	97	25	0.07521413061866043	0.0	0.92	257731.95876288658
chr2	9840041	9840127	RNA5922	86	10	1.3229419801064069e-05	0.0	1.0	116279.06976744186
chr2	9951429	9951515	RNA5923	86	11	1.7671627161193598e-05	0.0	1.0	127906.97674418605
chr2	9951541	9951627	RNA5924	86	26	1.6008888696186702e-05	0.0	1.0	302325.5813953488
chr2	10055208	10055294	RNA5925	86	26	0.004592146450354796	0.0	0.9615384615384616	302325.5813953488
chr2	10717394	10717480	RNA5926	86	13	4.184345415033966e-05	1.4696400285174605e-05	1.0	151162.7906976744
chr2	11670996	11671093	RNA5927	97	14	0.0001007860368450247	1.4696400285174605e-05	1.0	144329.8969072165
chr2	14466351	14466467	RNA5928	116	16	0.06252395974422598	1.4739250218553934e-05	0.9375	137931.0344827586
chr2	14693241	14693327	RNA5929	86	18	0.0008615989045210852	1.4700699921377236e-05	1.0	209302.32558139536
chr2	15641335	15641541	RNA5930	206	33	0.030318175736338715	0.0	0.9696969696969697	160194.17475728155
chr2	16691291	16691407	RNA5931	116	20	1.6169329865078907e-05	1.4696149719384266e-05	1.0	172413.7931034483
chr2	17533085	17533201	RNA5932	116	17	1.3834952957998933e-05	0.0	1.0	146551.724137931
chr2	17658878	17658994	RNA5933	106	21	0.0036809903929765943	1.47024002217222e-05	1.0	198113.20754716982
chr2	17659723	17659839	RNA5934	116	24	0.0002094331335911157	0.0	1.0	206896.55172413794
chr2	17802318	17802434	RNA5935	116	29	0.03449906423310463	1.470159986638464e-05	0.9655172413793104	250000.0
chr2	17802936	17803052	RNA5936	116	17	0.01295353636862058	0.0	0.9411764705882353	146551.724137931
chr2	17852288	17852404	RNA5937	116	20	0.05068870298946422	7.348200142587302e-06	0.95	172413.7931034483
chr2	18548570	18548686	RNA5938	116	22	1.6701436131614674e-05	1.4696799553348685e-05	1.0	189655.1724137931
chr2	19359889	19359956	RNA5939	67	17	7.78135295952191e-06	0.0	1.0	253731.3432835821
chr2	19388253	19388459	RNA5940	206	66	0.060627661405967294	1.469744984206045e-05	0.9393939393939394	320388.3495145631
chr2	19896129	19896284	RNA5941	155	23	2.5561743749003965e-05	0.0	1.0	148387.09677419355
chr2	20238456	20238559	RNA5942	103	17	1.2976564903510734e-05	0.0	1.0	165048.5436893204
chr2	20473284	20473490	RNA5943	206	36	0.025448704437066122	0.0	0.9444444444444444	174757.28155339806
chr2	20474664	20474870	RNA5944	206	39	3.053597946488805e-05	1.4697699953103438e-05	1.0	189320.38834951457
chr2	20475484	20475690	RNA5945	206	45	0.032607098575034694	1.4698500308440998e-05	0.9555555555555556	218446.60194174756
chr2	20656615	20656821	RNA5946	206	47	0.04256445028094025	1.4698100130772218e-05	0.9574468085106383	228155.33980582526
chr2	20659958	20660164	RNA5947	206	41	0.0007639558021853622	1.4700300198455809e-05	1.0	199029.12621359222
chr2	20681659	20681865	RNA5948	206	31	1.0905216215411579e-05	0.0	1.0	150485.43689320388
chr2	20929225	20929346	RNA5949	121	33	0.032547724758428966	0.0	0.9393939393939394	272727.2727272727
chr2	21058317	21058523	RNA5950	206	45	1.2086055499417263e-05	1.469590006308863e-05	1.0	218446.60194174756
chr2	22555182	22555363	RNA5951	181	36	0.003626349876463386	1.4702250155096408e-05	0.9722222222222222	198895.02762430938
chr2	22562021	22562132	RNA5952	111	25	1.3521908040274865e-05	0.0	1.0	225225.22522522524
chr2	22699905	22700021	RNA5953	116	19	7.740984217793754e-06	0.0	1.0	163793.10344827586
chr2	22868221	22868288	RNA5954	67	8	5.512975008059584e-06	0.0	1.0	119402.98507462686
chr2	23384906	23385061	RNA5955	155	86	0.005182223784887287	1.4830200143478578e-05	0.9767441860465116	554838.7096774193
chr2	24007864	24007931	RNA5956	67	17	3.5442070197054716e-05	0.0	1.0	253731.3432835821
chr2	24065002	24065069	RNA5957	67	11	6.691263561978386e-06	0.0	1.0	164179.10447761195
chr2	24065265	24065332	RNA5958	67	9	6.042880047767077e-05	0.0	1.0	134328.35820895524
chr2	24202374	24202441	RNA5959	58	9	2.7100567321106157e-05	0.0	1.0	155172.41379310345
chr2	24202582	24202649	RNA5960	67	8	2.9444000119832493e-05	0.0	1.0	119402.98507462686
chr2	24202626	24202729	RNA5961	103	16	9.188500030177238e-06	0.0	1.0	155339.8058252427
chr2	24202728	24202795	RNA5962	67	8	0.03229076619754777	7.349050065386109e-06	0.875	119402.98507462686
chr2	24463770	24463925	RNA5963	155	0				0.0
chr2	24480893	24481048	RNA5964	152	27	4.0740022558125906e-05	1.4731899682374204e-05	1.0	177631.57894736843
chr2	24482902	24483057	RNA5965	155	28	1.4698889117425271e-05	1.469549988541985e-05	1.0	180645.16129032258
chr2	24780703	24780858	RNA5966	155	26	0.0009481122365986451	0.0	1.0	167741.93548387097
chr2	24781008	24781091	RNA5967	83	14	3.464629993945238e-05	7.349250154220499e-06	1.0	168674.6987951807
chr2	24782106	24782189	RNA5968	83	21	7.978742494395314e-05	1.4697699953103438e-05	1.0	253012.04819277106
chr2	24782220	24782375	RNA5969	155	23	5.75112604248874e-06	0.0	1.0	148387.09677419355
chr2	24783517	24783600	RNA5970	83	25	0.0010375940362791804	1.4702900443808176e-05	1.0	301204.8192771085
chr2	24927841	24927962	RNA5971	121	29	0.018026047753069017	0.0	0.9655172413793104	239669.4214876033
chr2	24943314	24943469	RNA5972	154	23	1.705448231286468e-05	0.0	1.0	149350.64935064936
chr2	25159685	25159788	RNA5973	103	25	0.04104384066507918	1.4697199731017465e-05	0.96	242718.44660194175
chr2	25169615	25169682	RNA5974	67	10	5.5853130470495324e-05	1.4697900041937828e-05	1.0	149253.73134328358
chr2	25217078	25217181	RNA5975	103	15	2.0657893037420528e-05	1.4708900380355772e-05	1.0	145631.06796116504
chr2	25220259	25220362	RNA5976	103	16	7.386662502995023e-06	0.0	1.0	155339.8058252427
chr2	25375871	25375974	RNA5977	103	35	1.1340262816311182e-05	0.0	1.0	339805.82524271845
chr2	25376119	25376222	RNA5978	103	25	0.00012524741134256723	0.0	1.0	242718.44660194175
chr2	25376385	25376468	RNA5979	83	20	0.050011758765003834	1.469569997425424e-05	0.95	240963.85542168675
chr2	25376504	25376710	RNA5980	206	35	0.028580246962883395	0.0	0.9714285714285714	169902.91262135922
chr2	25376603	25376706	RNA5981	103	16	6.429793756979052e-06	0.0	1.0	155339.8058252427
chr2	25376631	25376742	RNA5982	111	22	2.9392276866756436e-05	0.0	1.0	198198.1981981982
chr2	25676094	25676249	RNA5983	155	26	1.4701123116258084e-05	7.347950031544315e-06	1.0	167741.93548387097
chr2	25878490	25878611	RNA5984	121	52	0.0056653061955190525	1.4705000012327218e-05	0.9807692307692307	429752.0661157025
chr2	25911700	25911821	RNA5985	121	32	1.3340603004505623e-05	0.0	1.0	264462.80991735536
chr2	25913239	25913360	RNA5986	121	17	0.0588321751470443	1.4698100130772218e-05	0.9411764705882353	140495.86776859505
chr2	25983017	25983138	RNA5987	121	20	0.03608191697644542	1.4703749911859632e-05	0.95	165289.2561983471
chr2	25986267	25986388	RNA5988	121	25	6.645255667534866e-05	0.0	1.0	206611.57024793388
chr2	26033962	26034083	RNA5989	121	49	0.004318320687662906	0.0	0.9795918367346939	404958.6776859504
chr2	26138875	26139056	RNA5990	169	0				0.0
chr2	26297583	26297686	RNA5991	103	22	0.03684901042284268	7.347950031544315e-06	0.9545454545454546	213592.23300970873
chr2	26297604	26297715	RNA5992	111	21	0.03860372522870291	1.469590006308863e-05	0.9523809523809523	189189.1891891892
chr2	26396052	26396163	RNA5993	111	19	0.0002158571152521126	1.4698500308440998e-05	1.0	171171.17117117118
chr2	26398195	26398306	RNA5994	111	21	0.0006527720771763083	0.0	1.0	189189.1891891892
chr2	26456802	26456913	RNA5995	111	19	0.10089409745653123	1.469590006308863e-05	0.8947368421052632	171171.17117117118
chr2	26456945	26457056	RNA5996	111	25	7.350456988205792e-05	0.0	1.0	225225.22522522524
chr2	26558872	26558983	RNA5997	111	29	0.0134152102820798	0.0	0.9655172413793104	261261.26126126124
chr2	27041960	27042081	RNA5998	121	21	0.00012039489926488815	0.0	1.0	173553.71900826448
chr2	27042141	27042322	RNA5999	181	35	4.8715292021889285e-05	1.4697199731017465e-05	1.0	193370.16574585636
chr2	27072739	27072821	RNA6000	82	16	2.021176874222352e-05	1.4699150142405415e-05	1.0	195121.9512195122
chr2	27120274	27120455	RNA6001	181	35	2.351891434955005e-05	0.0	1.0	193370.16574585636
chr2	27120922	27121103	RNA6002	181	33	1.6481254257968717e-05	0.0	1.0	182320.44198895028
chr2	27135115	27135296	RNA6003	180	31	0.0003042133214201428	1.4696799553348685e-05	1.0	172222.22222222222
chr2	27140622	27140803	RNA6004	181	37	1.8275989434086505e-05	1.4697199731017465e-05	1.0	204419.88950276244
chr2	27250151	27250332	RNA6005	181	39	5.6152645344964906e-05	1.469590006308863e-05	1.0	215469.61325966852
chr2	27417388	27417499	RNA6006	111	18	0.02128974914037624	7.347549853875535e-06	0.9444444444444444	162162.16216216216
chr2	27698078	27698206	RNA6007	128	30	1.6669309995146857e-05	1.4703950000694022e-05	1.0	234375.0
chr2	28340152	28340333	RNA6008	181	31	1.7552090426875637e-05	0.0	1.0	171270.7182320442
chr2	29055999	29056082	RNA6009	83	10	0.06062229844237663	7.347950031544315e-06	0.9	120481.92771084337
chr2	29056062	29056217	RNA6010	155	33	1.781593949668775e-05	0.0	1.0	212903.2258064516
chr2	29059054	29059121	RNA6011	67	15	2.0582853176159394e-05	1.4698999621032272e-05	1.0	223880.59701492538
chr2	30325925	30326028	RNA6012	103	17	1.55618650109416e-05	0.0	1.0	165048.5436893204
chr2	30909943	30910064	RNA6013	121	0				0.0
chr2	31171790	31171872	RNA6014	82	20	0.06449242322082681	1.4698549875902245e-05	0.85	243902.43902439025
chr2	31436325	31436436	RNA6015	111	28	0.05532247338763746	0.0	0.9285714285714286	252252.25225225222
chr2	31511441	31511569	RNA6016	128	31	7.1127354702536735e-06	0.0	1.0	242187.5
chr2	32045105	32045187	RNA6017	82	20	4.4948370896232506e-05	7.364849807345308e-06	1.0	243902.43902439025
chr2	32050518	32050590	RNA6018	72	0				0.0
chr2	32053145	32053227	RNA6019	82	0				0.0
chr2	32056067	32056248	RNA6020	181	33	0.01832113385006034	0.0	0.9696969696969697	182320.44198895028
chr2	32059618	32059700	RNA6021	82	20	0.05001102860987885	1.470454981244984e-05	0.95	243902.43902439025
chr2	32271288	32271370	RNA6022	82	19	0.05234405768212462	0.0	0.9473684210526315	231707.31707317074
chr2	32272339	32272443	RNA6023	104	17	2.7667318403576933e-05	0.0	1.0	163461.53846153847
chr2	32272730	32272812	RNA6024	82	10	7.3489200076437555e-06	7.347749942709925e-06	1.0	121951.21951219512
chr2	32273806	32273920	RNA6025	114	28	0.0021847658483043863	1.4696400285174605e-05	0.9642857142857143	245614.0350877193
chr2	32275232	32275314	RNA6026	82	19	8.508947327132582e-06	0.0	1.0	231707.31707317074
chr2	32619952	32620080	RNA6027	128	22	9.020638816019968e-05	7.348399776674342e-06	1.0	171875.0
chr2	32621216	32621344	RNA6028	128	25	1.0583560106169898e-05	0.0	1.0	195312.5
chr2	32627579	32627707	RNA6029	128	23	0.0006978360252105576	1.4699799976369832e-05	1.0	179687.5
chr2	32821422	32821550	RNA6030	128	27	1.7967484921057433e-05	1.4697199731017465e-05	1.0	210937.5
chr2	32821702	32821830	RNA6031	128	28	0.013777698233362955	1.4767999800824327e-05	0.9642857142857143	218750.0
chr2	32822043	32822171	RNA6032	128	23	1.0867965141622573e-05	1.4701099644298664e-05	1.0	179687.5
chr2	33400927	33401009	RNA6033	81	21	0.0051708244136101445	1.5923600585665554e-05	0.9523809523809523	259259.25925925924
chr2	33428004	33428132	RNA6034	128	40	0.025568648683065475	0.0	0.975	312500.0
chr2	36176655	36176727	RNA6035	72	21	3.609015701450378e-05	1.4749700312677303e-05	1.0	291666.6666666667
chr2	36176738	36176842	RNA6036	103	18	1.2445227690073403e-05	0.0	1.0	174757.28155339806
chr2	36183754	36183868	RNA6037	0	0				
chr2	36689062	36689134	RNA6038	72	30	0.0001519171323404074	7.351450221904088e-06	1.0	416666.6666666667
chr2	36834646	36834718	RNA6039	72	15	0.1333372523400006	0.0	0.8666666666666667	208333.33333333334
chr2	36836192	36836264	RNA6040	72	9	1.1434933286283114e-05	0.0	1.0	125000.0
chr2	36967702	36967774	RNA6041	72	12	1.2246866617715568e-05	1.4695950085297227e-05	1.0	166666.66666666666
chr2	36968187	36968269	RNA6042	82	15	5.3888179172642e-05	1.469509970775107e-05	1.0	182926.82926829267
chr2	36968293	36968365	RNA6043	72	14	1.994833623289318e-05	0.0	1.0	194444.44444444444
chr2	37161011	37161115	RNA6044	104	20	0.05001546584999232	0.0	0.95	192307.6923076923
chr2	37161027	37161141	RNA6045	114	22	0.045467286313603174	0.0	0.9545454545454546	192982.45614035087
chr2	37161801	37161873	RNA6046	72	16	1.4697318590606301e-05	1.4696399830427254e-05	1.0	222222.22222222222
chr2	37163139	37163253	RNA6047	114	27	0.0016852729584031644	1.4698999621032272e-05	1.0	236842.1052631579
chr2	37163466	37163580	RNA6048	114	25	1.1179107932548504e-05	0.0	1.0	219298.24561403508
chr2	37166038	37166142	RNA6049	104	29	0.0001446233326187803	1.4704200111737007e-05	1.0	278846.1538461539
chr2	37166801	37166905	RNA6050	104	29	0.0011265912056654137	1.4700300198455809e-05	1.0	278846.1538461539
chr2	37373461	37373575	RNA6051	114	23	1.4083304212481776e-05	1.470929964852985e-05	1.0	201754.38596491228
chr2	37373673	37373777	RNA6052	104	19	0.0034391722340507414	0.0	0.9473684210526315	182692.3076923077
chr2	37373760	37373888	RNA6053	128	37	0.027719453636220002	0.0	0.9459459459459459	289062.5
chr2	37373874	37373988	RNA6054	114	23	1.5339221847722386e-05	0.0	1.0	201754.38596491228
chr2	37374010	37374124	RNA6055	114	25	0.07645051157975104	0.0	0.92	219298.24561403508
chr2	37374056	37374160	RNA6056	104	24	0.07963656252468354	7.349250154220499e-06	0.9166666666666666	230769.23076923078
chr2	37374516	37374620	RNA6057	104	22	3.355786417490255e-05	7.352499778789934e-06	1.0	211538.46153846153
chr2	37922286	37922358	RNA6058	72	16	2.1141893967066375e-05	1.4697900041937828e-05	1.0	222222.22222222222
chr2	38377859	38377973	RNA6059	114	30	0.001987960701353585	0.0	1.0	263157.8947368421
chr2	38378932	38379036	RNA6060	104	14	1.364829293899155e-05	1.4698300219606608e-05	1.0	134615.3846153846
chr2	41140300	41140458	RNA6061	157	29	8.364848232806002e-06	0.0	1.0	184713.37579617833
chr2	41157843	41157915	RNA6062	63	16	0.01827788658704321	8.017949767236132e-06	0.9375	253968.25396825396
chr2	42135172	42135276	RNA6063	104	19	3.094881101691561e-05	1.4699399798701052e-05	1.0	182692.3076923077
chr2	42136487	42136601	RNA6064	114	41	1.6903390243850907e-05	0.0	1.0	359649.1228070175
chr2	43611797	43611942	RNA6065	145	45	0.0005242477237010804	0.0	1.0	310344.8275862069
chr2	44823227	44823385	RNA6066	158	41	2.5452709894855725e-05	1.4696400285174605e-05	1.0	259493.67088607594
chr2	45638750	45638908	RNA6067	158	41	0.0005399324504540326	0.0	1.0	259493.67088607594
chr2	45639898	45640056	RNA6068	158	43	0.007789672499648286	1.4698999621032272e-05	0.9767441860465116	272151.89873417723
chr2	45643144	45643302	RNA6069	158	31	2.038993557840743e-05	0.0	1.0	196202.5316455696
chr2	46686182	46686340	RNA6070	158	33	1.4698748738292436e-05	0.0	1.0	208860.7594936709
chr2	46686756	46686914	RNA6071	158	33	8.908575843879536e-06	0.0	1.0	208860.7594936709
chr2	46688392	46688550	RNA6072	158	45	0.0009400336295786562	0.0	1.0	284810.1265822785
chr2	46898719	46898877	RNA6073	158	32	0.027208542707512606	0.0	0.96875	202531.64556962025
chr2	47670858	47671003	RNA6074	145	37	2.661497807354068e-05	1.4697199731017465e-05	1.0	255172.41379310345
chr2	48386080	48386225	RNA6075	145	31	6.165295807506656e-05	0.0	1.0	213793.10344827588
chr2	48432864	48433009	RNA6076	140	42	0.003974776790008551	1.47073501466366e-05	0.9761904761904762	300000.0
chr2	48436499	48436644	RNA6077	145	26	4.522410839713396e-05	1.469569997425424e-05	1.0	179310.3448275862
chr2	48518070	48518215	RNA6078	145	0				0.0
chr2	48519035	48519180	RNA6079	145	0				0.0
chr2	48519650	48519795	RNA6080	145	0				0.0
chr2	49462293	49462384	RNA6081	91	18	6.545829713407236e-05	0.0	1.0	197802.1978021978
chr2	49478953	49479105	RNA6082	152	43	0.06834165929439921	1.469590006308863e-05	0.9069767441860465	282894.7368421053
chr2	49521591	49521736	RNA6083	145	35	0.00012602210736076255	1.4699799976369832e-05	1.0	241379.3103448276
chr2	49912195	49912353	RNA6084	155	30	0.039015096734116614	0.0	0.9333333333333333	193548.38709677418
chr2	52977573	52977664	RNA6085	91	10	0.0001903815158584618	2.3393149604089558e-05	1.0	109890.10989010989
chr2	53345207	53345359	RNA6086	152	32	0.037770368082391315	7.366350018855883e-06	0.9375	210526.31578947368
chr2	53401477	53401622	RNA6087	145	37	0.0002523520532958073	1.4698100130772218e-05	1.0	255172.41379310345
chr2	53861760	53861851	RNA6088	91	12	0.005004366780819192	1.4699150142405415e-05	0.9166666666666666	131868.13186813187
chr2	53863174	53863265	RNA6089	91	15	1.2738933219225145e-05	0.0	1.0	164835.16483516482
chr2	53863683	53863774	RNA6090	91	23	0.013470641976037647	1.4697699953103438e-05	0.9565217391304348	252747.25274725273
chr2	54306313	54306465	RNA6091	152	26	3.731314189699978e-05	1.4696349808218656e-05	1.0	171052.63157894736
chr2	54307224	54307315	RNA6092	91	23	0.04349743421303372	0.0	0.9565217391304348	252747.25274725273
chr2	54310381	54310533	RNA6093	152	27	3.7569574083630994e-05	0.0	1.0	177631.57894736843
chr2	54310738	54310890	RNA6094	152	32	1.473694379683345e-05	1.4708250091644004e-05	1.0	210526.31578947368
chr2	54311952	54312043	RNA6095	91	21	0.015310917272385958	0.0	0.9523809523809523	230769.23076923078
chr2	54387469	54387560	RNA6096	91	23	0.03537007563638484	0.0	0.9565217391304348	252747.25274725273
chr2	54398056	54398208	RNA6097	152	29	2.6862879669098094e-05	1.4698100130772218e-05	1.0	190789.47368421053
chr2	54406846	54406998	RNA6098	152	0				0.0
chr2	54452649	54452801	RNA6099	152	21	8.398599978439355e-06	0.0	1.0	138157.8947368421
chr2	55281649	55281740	RNA6100	91	23	1.0233099996896826e-05	0.0	1.0	252747.25274725273
chr2	55422570	55422722	RNA6101	152	29	1.1658065604620034e-05	0.0	1.0	190789.47368421053
chr2	56411245	56411498	RNA6102	253	62	0.023969717387107296	1.4698099676024867e-05	0.9516129032258065	245059.2885375494
chr2	57075789	57075889	RNA6103	100	12	0.00016182662996771567	0.0	1.0	120000.0
chr2	58247795	58248001	RNA6104	206	57	0.05298620326022118	0.0	0.9473684210526315	276699.0291262136
chr2	58416948	58417039	RNA6105	91	29	0.011073179029937881	0.0	0.9655172413793104	318681.31868131866
chr2	58417372	58417524	RNA6106	152	34	4.712297855161439e-05	0.0	1.0	223684.2105263158
chr2	60128660	60128913	RNA6107	253	48	4.3488488510470216e-05	1.4696549897053046e-05	1.0	189723.32015810275
chr2	60131080	60131175	RNA6108	95	23	7.670495624947565e-06	0.0	1.0	242105.26315789475
chr2	60444498	60444598	RNA6109	100	16	0.06251286099364961	1.4699599887535442e-05	0.9375	160000.0
chr2	60819590	60819843	RNA6110	253	61	0.01652332987245632	1.469590006308863e-05	0.9836065573770492	241106.71936758893
chr2	60820274	60820527	RNA6111	253	64	7.71946255895213e-05	1.4698749964736635e-05	1.0	252964.42687747034
chr2	60822217	60822470	RNA6112	253	48	0.01760737812109407	1.4696599919261644e-05	0.9791666666666666	189723.32015810275
chr2	61052821	61053074	RNA6113	253	71	0.01419068620559211	0.0	0.9859154929577465	280632.41106719367
chr2	61053224	61053477	RNA6114	253	0				0.0
chr2	61062820	61062920	RNA6115	100	18	6.5324389753287605e-06	0.0	1.0	180000.0
chr2	61064378	61064478	RNA6116	100	12	0.00011259586661556702	7.438250122504542e-06	1.0	120000.0
chr2	61064764	61064864	RNA6117	100	13	1.8133153879226975e-05	1.471110044803936e-05	1.0	130000.0
chr2	61065172	61065425	RNA6118	252	28	3.694316481934008e-05	0.0	1.0	111111.11111111111
chr2	61539869	61540009	RNA6119	140	23	0.00031884487294597835	1.469549988541985e-05	1.0	164285.7142857143
chr2	61539942	61540042	RNA6120	100	21	3.2194108912547686e-05	1.469549988541985e-05	1.0	210000.0
chr2	61544217	61544317	RNA6121	100	21	3.500866677357061e-06	0.0	1.0	210000.0
chr2	61646650	61646750	RNA6122	100	24	1.6542074907495034e-05	1.470025017624721e-05	1.0	240000.0
chr2	61860658	61860864	RNA6123	206	58	0.043487889713905416	1.469764993089484e-05	0.9310344827586207	281553.3980582524
chr2	61860734	61860940	RNA6124	206	57	0.009171868026146907	1.4707999980601016e-05	0.9649122807017544	276699.0291262136
chr2	61860980	61861186	RNA6125	174	41	0.008530462896332441	1.8133699995814823e-05	0.975609756097561	235632.18390804596
chr2	61861921	61862174	RNA6126	253	48	0.0032308490220884696	0.0	0.9791666666666666	189723.32015810275
chr2	61865805	61866011	RNA6127	206	0				0.0
chr2	63057887	63057982	RNA6128	95	15	5.8817200018287014e-06	0.0	1.0	157894.73684210525
chr2	63057940	63058146	RNA6129	203	37	7.745562200127736e-06	0.0	1.0	182266.00985221675
chr2	63058316	63058411	RNA6130	95	16	8.26873127834915e-06	7.349250154220499e-06	1.0	168421.05263157893
chr2	63058714	63058920	RNA6131	206	51	8.357654865796898e-06	0.0	1.0	247572.81553398058
chr2	63058731	63058826	RNA6132	95	19	6.18864731605802e-06	0.0	1.0	200000.0
chr2	63059139	63059239	RNA6133	100	22	9.35388648444628e-06	1.4697900041937828e-05	1.0	220000.0
chr2	63059230	63059436	RNA6134	206	54	5.661666930083784e-05	1.4697699953103438e-05	1.0	262135.9223300971
chr2	63059407	63059502	RNA6135	95	23	6.70993746572757e-05	0.0	1.0	242105.26315789475
chr2	63891594	63891689	RNA6136	95	30	1.0302160020122149e-05	0.0	1.0	315789.4736842105
chr2	63891941	63892036	RNA6137	95	17	1.2975164870166576e-05	1.4699799976369832e-05	1.0	178947.36842105264
chr2	63891963	63892058	RNA6138	95	15	1.176421349858477e-05	1.4699799976369832e-05	1.0	157894.73684210525
chr2	64038369	64038575	RNA6139	206	24	0.04198097666577875	7.349499810516136e-06	0.9583333333333334	116504.85436893204
chr2	64369805	64369911	RNA6140	106	15	0.003467100003096371	0.0	0.9333333333333333	141509.43396226416
chr2	64625218	64625313	RNA6141	93	31	0.00470079888183986	0.0	0.967741935483871	333333.3333333333
chr2	65432712	65432852	RNA6142	140	53	2.8608931574604252e-05	1.4703699889651034e-05	1.0	378571.4285714286
chr2	65433896	65434149	RNA6143	253	54	2.7503079915424837e-05	1.4698100130772218e-05	1.0	213438.7351778656
chr2	65434025	65434125	RNA6144	100	23	3.579541376181432e-05	1.4701099644298664e-05	1.0	230000.0
chr2	65434079	65434219	RNA6145	140	23	0.04353003370084952	1.4708500202686992e-05	0.9565217391304348	164285.7142857143
chr2	65434191	65434331	RNA6146	140	28	0.04196155909240977	1.4704599834658438e-05	0.9285714285714286	200000.0
chr2	65435099	65435239	RNA6147	140	33	0.010050624005116604	1.4698500308440998e-05	0.9696969696969697	235714.2857142857
chr2	66838298	66838438	RNA6148	140	22	9.355104421873959e-06	0.0	1.0	157142.85714285713
chr2	66840269	66840492	RNA6149	223	44	0.022733624061298873	0.0	0.9772727272727273	197309.41704035873
chr2	66842088	66842228	RNA6150	140	27	9.254599987158414e-06	0.0	1.0	192857.14285714287
chr2	66855082	66855222	RNA6151	140	27	2.2320536758070276e-05	0.0	1.0	192857.14285714287
chr2	67898026	67898232	RNA6152	206	45	0.030377721545280813	0.0	0.9555555555555556	218446.60194174756
chr2	67900235	67900375	RNA6153	140	28	3.624290359635933e-05	1.470694996896782e-05	1.0	200000.0
chr2	67953836	67953912	RNA6154	75	10	0.09747436064135398	0.0	0.9	133333.33333333334
chr2	68346931	68347037	RNA6155	106	19	1.702158978763015e-05	0.0	1.0	179245.28301886792
chr2	68351516	68351624	RNA6156	108	18	0.016380020297118686	7.347300197579898e-06	0.9444444444444444	166666.66666666666
chr2	68449692	68449787	RNA6157	82	0				0.0
chr2	69250849	69250955	RNA6158	106	18	1.796330535499505e-05	1.4696149719384266e-05	1.0	169811.32075471696
chr2	69314148	69314254	RNA6159	105	22	2.2888332130763655e-05	7.350350188062294e-06	1.0	209523.80952380953
chr2	69319562	69319668	RNA6160	106	16	1.0104993634740822e-05	0.0	1.0	150943.3962264151
chr2	69394135	69394241	RNA6161	106	25	0.04000882003994775	0.0	0.96	235849.05660377358
chr2	69395757	69395863	RNA6162	106	14	2.3111307330376896e-05	7.348849976551719e-06	1.0	132075.4716981132
chr2	69438549	69438655	RNA6163	106	0				0.0
chr2	70104134	70104357	RNA6164	223	26	0.0002589458608431749	0.0	1.0	116591.92825112108
chr2	70309856	70309962	RNA6165	106	19	0.05263931453670299	0.0	0.9473684210526315	179245.28301886792
chr2	70772727	70772950	RNA6166	223	49	0.0037307867995117023	0.0	0.9795918367346939	219730.94170403588
chr2	70774682	70774905	RNA6167	221	34	6.701587908002181e-05	0.0	1.0	153846.15384615384
chr2	70774881	70775104	RNA6168	222	44	0.0098688191811272	0.0	0.9772727272727273	198198.1981981982
chr2	70795511	70795734	RNA6169	223	34	3.199246844707947e-05	7.347749942709925e-06	1.0	152466.36771300447
chr2	70800102	70800325	RNA6170	223	41	5.844861946725484e-05	1.4698999621032272e-05	1.0	183856.50224215246
chr2	70884982	70885205	RNA6171	223	54	0.007682929832214906	1.4698100130772218e-05	0.9814814814814815	242152.466367713
chr2	71447666	71447806	RNA6172	140	25	0.004968118201395552	0.0	0.96	178571.42857142858
chr2	71779463	71779686	RNA6173	223	49	0.0007019241353302609	1.4696400285174605e-05	1.0	219730.94170403588
chr2	71975115	71975191	RNA6174	76	12	0.0009751727600360002	1.4698749964736635e-05	1.0	157894.73684210525
chr2	72173142	72173250	RNA6175	108	18	0.0005912527626100523	1.469964990974404e-05	1.0	166666.66666666666
chr2	72827935	72828011	RNA6176	76	9	8.1872889899791e-06	0.0	1.0	118421.05263157895
chr2	72937224	72937300	RNA6177	76	16	2.4875356189113335e-05	1.4697050119139021e-05	1.0	210526.31578947368
chr2	72939307	72939383	RNA6178	76	5	5.8786199588212185e-06	0.0	1.0	65789.47368421052
chr2	73158903	73158979	RNA6179	76	11	1.469857281997313e-05	0.0	1.0	144736.84210526317
chr2	73159277	73159353	RNA6180	76	15	0.06682642200454816	1.4701099644298664e-05	0.9333333333333333	197368.42105263157
chr2	73159348	73159456	RNA6181	108	16	6.435506293200888e-06	0.0	1.0	148148.14814814815
chr2	73162131	73162207	RNA6182	76	12	0.07439274214031381	1.4698950053571025e-05	0.9166666666666666	157894.73684210525
chr2	73212714	73212822	RNA6183	108	24	1.2251645671312872e-05	1.4696599919261644e-05	1.0	222222.22222222222
chr2	73227549	73227657	RNA6184	108	18	6.125925104546017e-05	1.4698549875902245e-05	1.0	166666.66666666666
chr2	73253103	73253211	RNA6185	108	17	0.004202393123063404	1.4700300198455809e-05	0.9411764705882353	157407.40740740742
chr2	73253329	73253437	RNA6186	108	13	0.04049010661751358	1.4700300198455809e-05	0.9230769230769231	120370.37037037036
chr2	73316240	73316348	RNA6187	108	7	3.570817105875161e-05	1.4697699953103438e-05	1.0	64814.81481481481
chr2	74178899	74178975	RNA6188	76	22	0.019313531011241798	0.0	0.9545454545454546	289473.68421052635
chr2	74185254	74185362	RNA6189	107	9	9.830788965498667e-06	0.0	1.0	84112.14953271027
chr2	74185763	74185869	RNA6190	106	21	0.001347283287595059	1.4761500096938107e-05	1.0	198113.20754716982
chr2	75786590	75786813	RNA6191	223	40	8.454717431050085e-06	0.0	1.0	179372.19730941704
chr2	76405935	76406011	RNA6192	76	20	9.554820098855999e-06	0.0	1.0	263157.8947368421
chr2	76407570	76407678	RNA6193	108	24	2.8174445750053135e-05	1.4696150174131617e-05	1.0	222222.22222222222
chr2	81908961	81909075	RNA6194	114	17	2.8530988214799314e-05	0.0	1.0	149122.80701754385
chr2	82760064	82760174	RNA6195	110	23	0.0009209063115596756	1.474229975428898e-05	1.0	209090.9090909091
chr2	84819983	84820195	RNA6196	212	30	2.302988320176606e-05	1.4698099676024867e-05	1.0	141509.43396226416
chr2	85597779	85597893	RNA6197	114	21	0.04762674750946601	0.0	0.9523809523809523	184210.52631578947
chr2	86502709	86502823	RNA6198	114	25	1.82016038888832e-05	1.4702900443808176e-05	1.0	219298.24561403508
chr2	86502762	86502876	RNA6199	114	24	1.7751866380422086e-05	0.0	1.0	210526.31578947368
chr2	86503104	86503218	RNA6200	114	15	1.0779413363100806e-05	0.0	1.0	131578.94736842104
chr2	86779243	86779357	RNA6201	114	18	1.3881899879682654e-05	0.0	1.0	157894.73684210525
chr2	86780919	86781033	RNA6202	114	19	0.0529116236738398	1.4701099644298664e-05	0.9473684210526315	166666.66666666666
chr2	86783085	86783199	RNA6203	114	14	0.07154089832303204	1.4698349787067855e-05	0.9285714285714286	122807.01754385965
chr2	86783125	86783235	RNA6204	110	15	0.06688222728735126	1.4698999621032272e-05	0.9333333333333333	136363.63636363635
chr2	87027409	87027621	RNA6205	0	0				
chr2	87431574	87431684	RNA6206	110	20	9.55771993176313e-06	0.0	1.0	181818.18181818182
chr2	87435734	87435844	RNA6207	110	20	1.396928005305943e-05	1.4701349755341653e-05	1.0	181818.18181818182
chr2	87437166	87437276	RNA6208	110	17	1.1249294081661741e-05	0.0	1.0	154545.45454545453
chr2	87437215	87437329	RNA6209	114	20	2.2785949749958e-05	1.470025017624721e-05	1.0	175438.59649122806
chr2	87832721	87832831	RNA6210	110	0				0.0
chr2	87855252	87855362	RNA6211	110	18	2.947367789197192e-05	1.4729900158272358e-05	1.0	163636.36363636365
chr2	87906085	87906195	RNA6212	0	0				
chr2	87964412	87964624	RNA6213	212	0				0.0
chr2	88065142	88065354	RNA6214	45	0				0.0
chr2	88065605	88065817	RNA6215	209	56	0.03599744157413299	7.356400146818487e-06	0.9642857142857143	267942.5837320574
chr2	88120828	88121040	RNA6216	212	36	1.3883158367711005e-05	0.0	1.0	169811.32075471696
chr2	88121866	88122078	RNA6217	212	27	0.008362642751139732	1.4698999621032272e-05	0.9629629629629629	127358.49056603774
chr2	88226072	88226284	RNA6218	212	42	1.4388021597931992e-05	0.0	1.0	198113.20754716982
chr2	88806687	88806797	RNA6219	110	0				0.0
chr2	89324728	89324940	RNA6220	0	0				
chr2	91537181	91537318	RNA6221	137	24	8.740920785991571e-06	0.0	1.0	175182.48175182482
chr2	91586885	91586999	RNA6222	109	33	0.030312382406147222	0.0	0.9696969696969697	302752.29357798165
chr2	91774979	91775112	RNA6223	133	0				0.0
chr2	92067194	92067342	RNA6224	148	0				0.0
chr2	92084337	92084549	RNA6225	0	0				
chr2	92084357	92084467	RNA6226	0	0				
chr2	94169125	94169332	RNA6227	207	0				0.0
chr2	94997273	94997385	RNA6228	112	24	0.04188594031431117	1.4698499853693647e-05	0.9583333333333334	214285.71428571426
chr2	95418419	95418556	RNA6229	137	0				0.0
chr2	95777468	95777601	RNA6230	0	0				
chr2	95801421	95801569	RNA6231	147	0				0.0
chr2	95992525	95992637	RNA6232	112	30	8.328936716376727e-06	0.0	1.0	267857.14285714284
chr2	96007188	96007300	RNA6233	112	17	3.550135919366681e-05	1.4701099644298664e-05	1.0	151785.71428571426
chr2	96010287	96010399	RNA6234	112	23	0.00014660358852858316	1.4696400285174605e-05	1.0	205357.14285714284
chr2	96040091	96040203	RNA6235	0	0				
chr2	96044243	96044355	RNA6236	0	0				
chr2	96138532	96138644	RNA6237	104	26	0.028608984921587612	1.4822699995420408e-05	0.9615384615384616	250000.0
chr2	96385795	96385932	RNA6238	137	37	0.0009386933259372913	1.4713199561811052e-05	1.0	270072.9927007299
chr2	96525713	96525850	RNA6239	136	33	0.030323694972552898	1.471799987484701e-05	0.9696969696969697	242647.0588235294
chr2	96536356	96536493	RNA6240	137	27	8.16916653329153e-06	0.0	1.0	197080.29197080294
chr2	96554635	96554772	RNA6241	137	28	8.189830850824228e-05	0.0	1.0	204379.56204379562
chr2	96560706	96560843	RNA6242	137	3	1.9776166785353173e-05	1.4842100426903926e-05	1.0	21897.810218978102
chr2	96705449	96705582	RNA6243	133	18	1.878283900522046e-05	1.470005008741282e-05	1.0	135338.34586466165
chr2	96705487	96705635	RNA6244	148	23	9.587334834973065e-06	0.0	1.0	155405.4054054054
chr2	96705666	96705803	RNA6245	137	27	2.3414070643341078e-05	0.0	1.0	197080.29197080294
chr2	96752491	96752624	RNA6246	133	23	5.250371352461412e-05	1.472710027883295e-05	1.0	172932.33082706766
chr2	96753698	96753846	RNA6247	148	29	1.46979896742063e-05	0.0	1.0	195945.94594594595
chr2	96753898	96754046	RNA6248	148	19	1.469942110002433e-05	0.0	1.0	128378.37837837837
chr2	96755900	96756033	RNA6249	133	18	7.352144418998958e-06	0.0	1.0	135338.34586466165
chr2	96858296	96858444	RNA6250	148	35	6.0105227956743476e-05	0.0	1.0	236486.48648648648
chr2	96858664	96858797	RNA6251	133	26	0.00012271669125905443	0.0	1.0	195488.72180451127
chr2	96858985	96859118	RNA6252	133	24	1.714784593787025e-05	0.0	1.0	180451.12781954886
chr2	96859382	96859530	RNA6253	148	24	7.657433339621236e-05	0.0	1.0	162162.16216216216
chr2	96873934	96874067	RNA6254	133	20	1.83716248557143e-05	1.469549988541985e-05	1.0	150375.93984962406
chr2	96986743	96986891	RNA6255	148	0				0.0
chr2	97034774	97034886	RNA6256	112	12	3.068792451206339e-05	0.0	1.0	107142.85714285713
chr2	97104376	97104591	RNA6257	215	0				0.0
chr2	97104999	97105214	RNA6258	215	0				0.0
chr2	97107092	97107307	RNA6259	215	0				0.0
chr2	97408737	97408944	RNA6260	0	0				
chr2	97596571	97596708	RNA6261	137	0				0.0
chr2	97755496	97755629	RNA6262	133	19	9.284331626029024e-06	0.0	1.0	142857.14285714284
chr2	97755909	97756057	RNA6263	148	26	1.4697796499460549e-05	0.0	1.0	175675.67567567568
chr2	97997250	97997347	RNA6264	97	13	1.2436846051195481e-05	0.0	1.0	134020.61855670103
chr2	98086208	98086423	RNA6265	215	32	1.1942984542654765e-05	0.0	1.0	148837.2093023256
chr2	98320658	98320865	RNA6266	207	47	0.0001304200006532131	1.4697699953103438e-05	1.0	227053.14009661836
chr2	98433133	98433340	RNA6267	207	28	0.037199949980406787	0.0	0.9285714285714286	135265.7004830918
chr2	98443677	98443884	RNA6268	206	31	1.4084245307340978e-05	1.4785900020797271e-05	1.0	150485.43689320388
chr2	98594975	98595182	RNA6269	207	0				0.0
chr2	98596108	98596315	RNA6270	207	12	8.600941555414465e-06	7.348399776674342e-06	1.0	57971.014492753624
chr2	98618778	98618985	RNA6271	207	42	0.00015113269689338637	1.469744984206045e-05	1.0	202898.5507246377
chr2	99544421	99544628	RNA6272	207	35	3.5692559556210384e-05	0.0	1.0	169082.12560386473
chr2	100812553	100812665	RNA6273	112	24	0.003284713317498241	7.349899988184916e-06	0.9583333333333334	214285.71428571426
chr2	101511852	101511989	RNA6274	137	24	1.8989983232129487e-05	1.470005008741282e-05	1.0	175182.48175182482
chr2	101663290	101663423	RNA6275	131	19	8.798710520128033e-06	0.0	1.0	145038.1679389313
chr2	101670038	101670186	RNA6276	144	33	0.00987730582307973	0.0	0.9696969696969697	229166.66666666666
chr2	101672707	101672804	RNA6277	97	20	2.131909982381062e-05	1.4701099644298664e-05	1.0	206185.56701030926
chr2	102062496	102062711	RNA6278	215	28	1.3647600163884427e-05	1.4696999642183075e-05	1.0	130232.55813953489
chr2	102618987	102619084	RNA6279	97	15	0.00396948435870096	1.4697699953103438e-05	0.9333333333333333	154639.17525773196
chr2	102714230	102714327	RNA6280	97	26	1.4700611735371575e-05	7.347749942709925e-06	1.0	268041.23711340205
chr2	102714430	102714527	RNA6281	97	23	0.04358282992072181	1.4699399798701052e-05	0.9130434782608695	237113.40206185565
chr2	103025970	103026067	RNA6282	97	23	7.032530487302448e-06	0.0	1.0	237113.40206185565
chr2	103026633	103026730	RNA6283	97	22	1.8038249891102747e-05	0.0	1.0	226804.12371134022
chr2	103027627	103027724	RNA6284	97	24	8.57412510413269e-06	0.0	1.0	247422.68041237115
chr2	103483946	103484042	RNA6285	96	14	1.4699157288435214e-05	1.469744984206045e-05	1.0	145833.33333333334
chr2	103563729	103563936	RNA6286	207	34	1.5565344202674596e-05	1.4696999642183075e-05	1.0	164251.20772946862
chr2	103797182	103797279	RNA6287	97	26	0.00015601043728215213	7.347950031544315e-06	1.0	268041.23711340205
chr2	107216283	107216379	RNA6288	96	23	1.1509226090350674e-05	0.0	1.0	239583.33333333334
chr2	107753995	107754092	RNA6289	97	12	3.797805720750772e-05	1.4700500287290199e-05	1.0	123711.34020618557
chr2	107895810	107896041	RNA6290	138	36	0.019054484602621508	7.454450042132521e-06	0.9722222222222222	260869.5652173913
chr2	107912065	107912126	RNA6291	61	0				0.0
chr2	108316983	108317079	RNA6292	96	0				0.0
chr2	108366618	108366714	RNA6293	96	10	1.1756370258808602e-05	7.347100108745508e-06	1.0	104166.66666666667
chr2	108376033	108376129	RNA6294	96	12	7.3507499867749475e-06	7.348399776674342e-06	1.0	125000.0
chr2	108393200	108393296	RNA6295	96	8	5.514974986908783e-06	0.0	1.0	83333.33333333333
chr2	108393237	108393333	RNA6296	96	11	6.685472643849525e-06	0.0	1.0	114583.33333333333
chr2	108439311	108439407	RNA6297	96	24	6.125112501346545e-06	0.0	1.0	250000.0
chr2	108445865	108445961	RNA6298	96	0				0.0
chr2	111890965	111891026	RNA6299	61	12	3.184730811274257e-05	7.349899988184916e-06	1.0	196721.31147540984
chr2	111893531	111893762	RNA6300	231	37	0.017256233007346217	1.4696799553348685e-05	0.918918918918919	160173.16017316017
chr2	112368085	112368316	RNA6301	0	0				
chr2	112469928	112470159	RNA6302	231	0				0.0
chr2	112470082	112470313	RNA6303	231	0				0.0
chr2	112664017	112664248	RNA6304	227	50	0.016811247429886857	7.3512001108611e-06	0.96	220264.31718061672
chr2	112664106	112664337	RNA6305	227	47	0.012346914415096017	1.471759969717823e-05	0.9787234042553191	207048.45814977973
chr2	112664213	112664444	RNA6306	231	42	0.01964212496815369	1.470179995521903e-05	0.9761904761904762	181818.18181818182
chr2	112807681	112807742	RNA6307	61	14	0.0714621722848798	0.0	0.9285714285714286	229508.19672131148
chr2	112909180	112909241	RNA6308	61	13	3.166083913058414e-05	1.4697199731017465e-05	1.0	213114.75409836063
chr2	112909465	112909526	RNA6309	61	10	2.204516040364196e-05	1.4696599919261644e-05	1.0	163934.4262295082
chr2	112919332	112919393	RNA6310	61	12	0.01786140668703713	0.0	0.9166666666666666	196721.31147540984
chr2	112927779	112927840	RNA6311	61	12	0.08334068526657272	7.349899988184916e-06	0.9166666666666666	196721.31147540984
chr2	113019688	113019749	RNA6312	61	0				0.0
chr2	113054453	113054549	RNA6313	96	19	7.039892156362088e-05	1.4696799553348685e-05	1.0	197916.66666666666
chr2	113436117	113436348	RNA6314	231	43	7.965172591316016e-05	0.0	1.0	186147.18614718615
chr2	113962815	113962876	RNA6315	61	15	0.0666912086673013	0.0	0.9333333333333333	245901.63934426228
chr2	116420483	116420587	RNA6316	104	23	0.02582282639583433	0.0	0.9565217391304348	221153.84615384616
chr2	117291140	117291371	RNA6317	231	36	0.027784317080659093	0.0	0.9722222222222222	155844.15584415584
chr2	117846895	117846956	RNA6318	61	10	1.029602981361677e-05	7.351649855991127e-06	1.0	163934.4262295082
chr2	119035980	119036172	RNA6319	192	42	4.6943892379025934e-05	0.0	1.0	218750.0
chr2	119667882	119667986	RNA6320	104	13	0.0011160124187461747	1.4696799553348685e-05	1.0	125000.0
chr2	120678834	120678938	RNA6321	104	21	1.7512309612010584e-05	1.47024002217222e-05	1.0	201923.07692307694
chr2	120734763	120734867	RNA6322	104	22	0.0004556012646720401	7.347950031544315e-06	1.0	211538.46153846153
chr2	120735309	120735413	RNA6323	104	35	1.3440219897477489e-05	1.4696400285174605e-05	1.0	336538.46153846156
chr2	120993458	120993562	RNA6324	104	22	0.09091710852743001	7.348200142587302e-06	0.9090909090909091	211538.46153846153
chr2	120995187	120995291	RNA6325	104	24	0.041690550250147375	1.4699399798701052e-05	0.9583333333333334	230769.23076923078
chr2	121095178	121095282	RNA6326	94	12	0.0001103143782377915	7.351450221904088e-06	1.0	127659.57446808509
chr2	121896125	121896229	RNA6327	104	15	5.88122669190246e-06	0.0	1.0	144230.76923076922
chr2	122981190	122981382	RNA6328	185	45	0.042324353284473336	1.4736699995410165e-05	0.9111111111111111	243243.24324324325
chr2	123156811	123156892	RNA6329	81	14	1.900152873141636e-05	7.37985010346165e-06	1.0	172839.5061728395
chr2	123919865	123920057	RNA6330	192	32	1.2862137424462807e-05	7.347300197579898e-06	1.0	166666.66666666666
chr2	123965157	123965349	RNA6331	192	33	2.4498305802725266e-05	1.4698999621032272e-05	1.0	171875.0
chr2	123978978	123979170	RNA6332	192	35	0.0031434456108919593	1.4698500308440998e-05	0.9714285714285714	182291.66666666666
chr2	124921618	124921810	RNA6333	192	37	0.0003807050591579301	0.0	1.0	192708.33333333334
chr2	124927443	124927635	RNA6334	192	41	0.0001337365822952793	1.4699799976369832e-05	1.0	213541.66666666666
chr2	124940967	124941159	RNA6335	192	48	0.00014146934315324822	0.0	1.0	250000.0
chr2	124958396	124958500	RNA6336	104	15	3.919697361803922e-05	1.4697199731017465e-05	1.0	144230.76923076922
chr2	126483557	126483749	RNA6337	192	36	2.9811104796962696e-05	0.0	1.0	187500.0
chr2	127046862	127046943	RNA6338	81	11	3.741029013326513e-05	0.0	1.0	135802.46913580247
chr2	128034890	128034971	RNA6339	81	0				0.0
chr2	128071783	128071864	RNA6340	81	17	0.06309606624226409	1.4698500308440998e-05	0.8823529411764706	209876.54320987655
chr2	128088494	128088575	RNA6341	81	11	0.00033680657659053583	0.0	1.0	135802.46913580247
chr2	128196263	128196344	RNA6342	81	17	6.054670634244651e-06	0.0	1.0	209876.54320987655
chr2	128196316	128196397	RNA6343	81	14	0.030739007108422804	1.4697900041937828e-05	0.9285714285714286	172839.5061728395
chr2	128235976	128236057	RNA6344	80	17	1.4367758868662777e-05	0.0	1.0	212500.0
chr2	129135974	129136055	RNA6345	81	14	0.00011975140809485717	0.0	1.0	172839.5061728395
chr2	129886174	129886366	RNA6346	192	44	0.000929186097974622	1.4696599919261644e-05	1.0	229166.66666666666
chr2	130221904	130222051	RNA6347	147	0				0.0
chr2	130226110	130226257	RNA6348	147	0				0.0
chr2	130312927	130313074	RNA6349	147	24	0.0007258943172321976	0.0	1.0	163265.30612244896
chr2	131047418	131047565	RNA6350	147	27	0.00011161980395020574	0.0	1.0	183673.46938775512
chr2	132147359	132147440	RNA6351	81	0				0.0
chr2	135048561	135048708	RNA6352	147	27	4.5197885844604506e-05	0.0	1.0	183673.46938775512
chr2	139730807	139731063	RNA6353	256	40	0.019349934520141686	0.0	0.975	156250.0
chr2	143089443	143089699	RNA6354	256	71	0.00018571755722212444	1.470159986638464e-05	1.0	277343.75
chr2	143917327	143917471	RNA6355	144	28	0.0057270991497132065	7.347300197579898e-06	0.9642857142857143	194444.44444444444
chr2	144336341	144336597	RNA6356	256	66	0.0001285606325230487	0.0	1.0	257812.5
chr2	144337879	144338135	RNA6357	256	40	0.050011025932417394	7.348399776674342e-06	0.95	156250.0
chr2	144340550	144340806	RNA6358	256	58	7.731824432304131e-05	1.4701349755341653e-05	1.0	226562.5
chr2	145278050	145278306	RNA6359	256	46	2.949637177073764e-05	1.4746899978490546e-05	1.0	179687.5
chr2	145282067	145282323	RNA6360	256	57	0.007012668321214984	1.4745300177310128e-05	0.9649122807017544	222656.25
chr2	145282174	145282430	RNA6361	256	55	0.007265535963729646	0.0	0.9636363636363636	214843.75
chr2	145416003	145416259	RNA6362	256	50	0.02109535478673933	1.471799987484701e-05	0.98	195312.5
chr2	147729854	147729953	RNA6363	99	0				0.0
chr2	147737864	147738008	RNA6364	144	17	0.018562144575352078	1.4698500308440998e-05	0.9411764705882353	118055.55555555555
chr2	147741014	147741091	RNA6365	77	15	0.06668528301997867	0.0	0.9333333333333333	194805.19480519483
chr2	148545229	148545373	RNA6366	144	31	7.680920093515139e-05	0.0	1.0	215277.77777777778
chr2	148548999	148549143	RNA6367	144	34	0.0007180948059345431	0.0	1.0	236111.1111111111
chr2	148550228	148550372	RNA6368	144	39	0.051304286323428615	0.0	0.9487179487179487	270833.3333333333
chr2	148799398	148799542	RNA6369	144	34	2.2063747377718502e-05	0.0	1.0	236111.1111111111
chr2	148800707	148800851	RNA6370	144	38	0.020636127952505037	0.0	0.9736842105263158	263888.8888888889
chr2	148864554	148864698	RNA6371	144	23	1.0865795799042605e-05	1.4700300198455809e-05	1.0	159722.22222222222
chr2	149507316	149507572	RNA6372	256	62	0.03753419134262649	1.469764993089484e-05	0.9354838709677419	242187.5
chr2	149540850	149540994	RNA6373	144	32	0.06258590434504185	0.0	0.9375	222222.22222222222
chr2	150168163	150168262	RNA6374	99	17	6.959629364941707e-06	0.0	1.0	171717.1717171717
chr2	150410184	150410261	RNA6375	77	13	5.8789555133930485e-05	0.0	1.0	168831.16883116882
chr2	151104535	151104634	RNA6376	99	15	1.6656033282439844e-05	1.469509970775107e-05	1.0	151515.15151515152
chr2	151195319	151195418	RNA6377	99	15	0.03359686695778995	1.4699399798701052e-05	0.9333333333333333	151515.15151515152
chr2	151247013	151247112	RNA6378	99	10	2.7976449746346686e-05	1.4705050034535816e-05	1.0	101010.101010101
chr2	151264094	151264193	RNA6379	99	27	1.197771490734766e-05	1.4697199731017465e-05	1.0	272727.2727272727
chr2	151265487	151265586	RNA6380	99	23	0.04349423751733886	0.0	0.9565217391304348	232323.2323232323
chr2	151321729	151321806	RNA6381	77	22	1.4041727436874599e-05	0.0	1.0	285714.2857142857
chr2	151383303	151383402	RNA6382	97	17	0.000145436833115711	0.0	1.0	175257.7319587629
chr2	151388663	151388740	RNA6383	77	9	0.004846189393093579	1.4699399798701052e-05	1.0	116883.11688311688
chr2	151409672	151409749	RNA6384	77	9	5.3896088300257724e-05	1.4697699953103438e-05	1.0	116883.11688311688
chr2	151736547	151736624	RNA6385	77	22	4.01006553726212e-05	1.4704150089528412e-05	1.0	285714.2857142857
chr2	151736662	151736739	RNA6386	77	12	1.59270248332098e-05	0.0	1.0	155844.15584415584
chr2	151738240	151738317	RNA6387	77	11	0.07594247055302814	1.4696799553348685e-05	0.9090909090909091	142857.14285714284
chr2	152232201	152232300	RNA6388	99	21	6.300604755302802e-06	0.0	1.0	212121.21212121213
chr2	152328563	152328640	RNA6389	77	8	9.189012303068012e-06	0.0	1.0	103896.1038961039
chr2	153599436	153599547	RNA6390	111	22	0.0014093752477657901	7.356200057984097e-06	1.0	198198.1981981982
chr2	153779266	153779410	RNA6391	144	27	0.0009546576340182053	1.47024002217222e-05	1.0	187500.0
chr2	155976727	155976826	RNA6392	99	11	9.357636455123695e-06	1.4702900443808176e-05	1.0	111111.11111111111
chr2	156433761	156433838	RNA6393	77	16	0.000729481232724535	0.0	1.0	207792.2077922078
chr2	156771767	156771878	RNA6394	111	22	0.09684503844135345	0.0	0.8636363636363636	198198.1981981982
chr2	158147457	158147568	RNA6395	111	18	0.004518321264539634	7.348849976551719e-06	0.9444444444444444	162162.16216216216
chr2	158148809	158148920	RNA6396	111	23	8.949491292815251e-06	0.0	1.0	207207.2072072072
chr2	158157360	158157471	RNA6397	111	33	0.00040319478656865743	1.4700300198455809e-05	1.0	297297.29729729734
chr2	158783239	158783350	RNA6398	111	40	0.0007833473997152344	0.0	1.0	360360.36036036036
chr2	158790657	158790768	RNA6399	111	29	0.015481035006532374	0.0	0.9655172413793104	261261.26126126124
chr2	158794845	158794956	RNA6400	111	14	1.4699928280079894e-05	1.4696799553348685e-05	1.0	126126.12612612611
chr2	159317417	159317528	RNA6401	111	15	1.0779153368882059e-05	0.0	1.0	135135.13513513515
chr2	160901488	160901597	RNA6402	109	21	0.010374326610525755	0.0	0.9523809523809523	192660.55045871562
chr2	163568716	163568827	RNA6403	111	27	0.038926427694739814	1.4698500308440998e-05	0.9629629629629629	243243.24324324325
chr2	164633947	164634056	RNA6404	109	0				0.0
chr2	165743413	165743522	RNA6405	109	19	2.019612120899114e-05	0.0	1.0	174311.9266055046
chr2	165744101	165744210	RNA6406	109	22	2.138450029385462e-05	0.0	1.0	201834.86238532112
chr2	165746073	165746182	RNA6407	109	8	9.372589749998153e-05	2.205320015491452e-05	1.0	73394.49541284404
chr2	166391422	166391531	RNA6408	109	11	4.021299983750478e-06	0.0	1.0	100917.43119266056
chr2	166397752	166397861	RNA6409	109	17	1.471388820979936e-05	0.0	1.0	155963.3027522936
chr2	166401688	166401797	RNA6410	109	15	1.2747986572018514e-05	0.0	1.0	137614.6788990826
chr2	166774589	166774698	RNA6411	109	19	0.006829146512772187	0.0	0.9473684210526315	174311.9266055046
chr2	170863342	170863421	RNA6412	78	12	0.05486152666867383	7.348399776674342e-06	0.9166666666666666	153846.15384615384
chr2	170924849	170924958	RNA6413	109	15	2.4494946349774708e-05	0.0	1.0	137614.6788990826
chr2	172096149	172096297	RNA6414	148	35	8.651852323444653e-05	1.469549988541985e-05	1.0	236486.48648648648
chr2	172096663	172096811	RNA6415	148	32	5.0058654323940774e-05	0.0	1.0	216216.21621621624
chr2	172096778	172096926	RNA6416	148	32	9.191228059535206e-06	0.0	1.0	216216.21621621624
chr2	172397375	172397520	RNA6417	145	26	7.349399941001768e-06	0.0	1.0	179310.3448275862
chr2	173054957	173055105	RNA6418	148	20	1.543523007967451e-05	1.4697050119139021e-05	1.0	135135.13513513515
chr2	173528254	173528456	RNA6419	202	0				0.0
chr2	174251026	174251105	RNA6420	79	18	1.3230150317313603e-05	0.0	1.0	227848.10126582277
chr2	175063793	175063872	RNA6421	79	9	1.9601988747631873e-05	1.4698999621032272e-05	1.0	113924.05063291139
chr2	175065888	175065967	RNA6422	79	15	0.0024138677783412223	0.0	1.0	189873.417721519
chr2	175069067	175069146	RNA6423	79	19	0.0002522644616826556	0.0	1.0	240506.32911392406
chr2	175230742	175230821	RNA6424	79	13	3.845754543782549e-05	1.4698999621032272e-05	1.0	164556.96202531643
chr2	175232586	175232665	RNA6425	79	37	8.615750721218334e-05	2.94758992822608e-05	1.0	468354.43037974683
chr2	175234165	175234244	RNA6426	77	14	3.455941441642863e-05	1.469964990974404e-05	1.0	181818.18181818182
chr2	176195684	176195763	RNA6427	79	24	1.799271645571103e-05	0.0	1.0	303797.4683544304
chr2	176203988	176204133	RNA6428	145	25	0.01559066915018775	0.0	0.96	172413.7931034483
chr2	176829702	176829847	RNA6429	145	30	0.03294127136520424	0.0	0.9666666666666667	206896.55172413794
chr2	176830030	176830175	RNA6430	145	26	5.9355046757366605e-05	0.0	1.0	179310.3448275862
chr2	176830244	176830389	RNA6431	145	35	4.1581854696100326e-05	1.4696799553348685e-05	1.0	241379.3103448276
chr2	176830315	176830463	RNA6432	148	29	5.474687993133526e-05	1.4697699953103438e-05	1.0	195945.94594594595
chr2	177569166	177569311	RNA6433	145	20	1.4697630149380181e-05	7.347100108745508e-06	1.0	137931.0344827586
chr2	177571035	177571237	RNA6434	202	44	0.022772369715126348	1.4697199731017465e-05	0.9772727272727273	217821.7821782178
chr2	177571090	177571235	RNA6435	145	30	0.033392615835600735	1.4697199731017465e-05	0.9666666666666667	206896.55172413794
chr2	177571929	177572074	RNA6436	145	27	1.4699677565119677e-05	1.4697699953103438e-05	1.0	186206.89655172414
chr2	177619772	177619974	RNA6437	202	30	2.0589816388867735e-05	0.0	1.0	148514.8514851485
chr2	177620347	177620549	RNA6438	202	31	1.3750499713367508e-05	0.0	1.0	153465.34653465345
chr2	177621835	177622037	RNA6439	202	33	0.00014607901619345746	0.0	1.0	163366.33663366336
chr2	177622585	177622730	RNA6440	145	14	1.994964993303126e-05	1.469724975322606e-05	1.0	96551.72413793103
chr2	179944302	179944504	RNA6441	202	37	0.019005120759863308	0.0	0.972972972972973	183168.31683168316
chr2	179944330	179944532	RNA6442	202	41	0.017150962680871754	0.0	0.975609756097561	202970.29702970298
chr2	179944444	179944570	RNA6443	126	21	4.901528492544978e-06	0.0	1.0	166666.66666666666
chr2	179944523	179944725	RNA6444	200	34	0.03306443825880813	1.4707600257679587e-05	0.9411764705882353	170000.0
chr2	179944595	179944797	RNA6445	200	34	1.1820747016934225e-05	1.4707600257679587e-05	1.0	170000.0
chr2	180031119	180031198	RNA6446	79	14	1.4730643020551984e-05	0.0	1.0	177215.18987341772
chr2	182137287	182137432	RNA6447	145	42	0.047649144821315575	7.348849976551719e-06	0.9523809523809523	289655.1724137931
chr2	182137951	182138077	RNA6448	126	17	1.5563717437651256e-05	1.4696799553348685e-05	1.0	134920.6349206349
chr2	183045417	183045543	RNA6449	126	0				0.0
chr2	183073611	183073737	RNA6450	126	17	9.618335185650164e-05	1.484909989812877e-05	1.0	134920.6349206349
chr2	183075350	183075476	RNA6451	126	16	0.06251194428756436	1.4698300219606608e-05	0.9375	126984.12698412698
chr2	183169145	183169271	RNA6452	126	17	0.012002546788073014	1.4698100130772218e-05	0.9411764705882353	134920.6349206349
chr2	183169848	183169974	RNA6453	126	27	0.010432028386579372	0.0	0.9259259259259259	214285.71428571426
chr2	183235235	183235361	RNA6454	126	20	1.470605498070174e-05	0.0	1.0	158730.15873015873
chr2	183243497	183243699	RNA6455	202	45	1.4701195525250727e-05	1.4696400285174605e-05	1.0	222772.27722772278
chr2	183983470	183983596	RNA6456	126	30	4.3183767866138346e-05	0.0	1.0	238095.23809523808
chr2	187626886	187627012	RNA6457	126	19	1.7794247373543646e-05	1.4696799553348685e-05	1.0	150793.6507936508
chr2	190844880	190844941	RNA6458	60	12	4.129631732514798e-05	1.472255007683998e-05	1.0	200000.0
chr2	192671329	192671580	RNA6459	251	44	6.450428312828547e-05	0.0	1.0	175298.8047808765
chr2	194192268	194192329	RNA6460	61	11	2.410160959697493e-05	1.4706700312672185e-05	1.0	180327.868852459
chr2	194199908	194199969	RNA6461	61	10	5.446963969006324e-05	1.4721500065206783e-05	1.0	163934.4262295082
chr2	194207004	194207065	RNA6462	61	10	0.09956764626085715	7.351649855991127e-06	0.9	163934.4262295082
chr2	194209195	194209256	RNA6463	61	8	7.350187502197514e-06	0.0	1.0	131147.54098360657
chr2	196082573	196082634	RNA6464	61	11	8.017536277872171e-06	0.0	1.0	180327.868852459
chr2	196085802	196085863	RNA6465	60	10	8.306650033773622e-06	0.0	1.0	166666.66666666666
chr2	196180998	196181059	RNA6466	61	13	1.5830923075554892e-05	1.4698100130772218e-05	1.0	213114.75409836063
chr2	196594649	196594900	RNA6467	251	31	3.983828792702223e-05	0.0	1.0	123505.97609561753
chr2	196966726	196966787	RNA6468	61	10	7.348919916694286e-06	0.0	1.0	163934.4262295082
chr2	197326745	197326821	RNA6469	76	13	1.6963592805456267e-05	0.0	1.0	171052.63157894736
chr2	197383020	197383271	RNA6470	251	51	1.0959854900612103e-05	1.4698500308440998e-05	1.0	203187.25099601594
chr2	197475328	197475579	RNA6471	251	44	6.014491247118157e-05	0.0	1.0	175298.8047808765
chr2	197483709	197483960	RNA6472	251	34	0.00010941028845349149	1.4701350210089004e-05	1.0	135458.16733067727
chr2	197558286	197558537	RNA6473	251	42	0.02833590594729598	1.4702650332765188e-05	0.9523809523809523	167330.67729083664
chr2	197558359	197558610	RNA6474	251	39	0.030508798409941956	1.47024002217222e-05	0.9487179487179487	155378.48605577688
chr2	197558424	197558675	RNA6475	251	40	0.025058121351867156	0.0	0.975	159362.5498007968
chr2	198866981	198867232	RNA6476	251	47	2.3776427390636317e-05	0.0	1.0	187250.99601593625
chr2	198869303	198869470	RNA6477	167	57	0.01759956149049812	1.4699399798701052e-05	0.9824561403508771	341317.3652694611
chr2	198870464	198870583	RNA6478	119	21	2.799941882715217e-05	1.4696799553348685e-05	1.0	176470.58823529413
chr2	200904987	200905048	RNA6479	61	7	1.2604242848673103e-05	0.0	1.0	114754.09836065574
chr2	201103162	201103238	RNA6480	76	13	0.07698882316799426	1.4737999663338996e-05	0.9230769230769231	171052.63157894736
chr2	201786426	201786593	RNA6481	167	37	0.0007877630328162088	0.0	1.0	221556.88622754492
chr2	201906091	201906210	RNA6482	119	13	1.356695401437509e-05	1.469549988541985e-05	1.0	109243.6974789916
chr2	202070143	202070219	RNA6483	76	18	7.024407164458783e-05	7.348849976551719e-06	1.0	236842.1052631579
chr2	202205899	202205975	RNA6484	76	16	5.602787496172823e-06	0.0	1.0	210526.31578947368
chr2	202206060	202206136	RNA6485	74	15	1.560887994855875e-05	0.0	1.0	202702.70270270272
chr2	202239694	202239770	RNA6486	76	19	1.2378194744661941e-05	1.4696799553348685e-05	1.0	250000.0
chr2	202241859	202241935	RNA6487	76	10	0.0005557017508181143	0.0	1.0	131578.94736842104
chr2	202340679	202340755	RNA6488	76	11	0.0005110596597329578	0.0	1.0	144736.84210526317
chr2	202371111	202371362	RNA6489	251	71	0.002272122881152767	1.4708500202686992e-05	0.9859154929577465	282868.52589641436
chr2	202634291	202634458	RNA6490	167	51	2.9402178459383814e-05	0.0	1.0	305389.2215568863
chr2	202771278	202771445	RNA6491	167	31	0.0036546409549872228	0.0	0.967741935483871	185628.74251497004
chr2	202771775	202771894	RNA6492	119	19	1.0057642229137281e-05	0.0	1.0	159663.86554621847
chr2	202772221	202772388	RNA6493	167	28	0.07158763508677371	0.0	0.9285714285714286	167664.67065868262
chr2	202772504	202772623	RNA6494	119	20	0.05002792892560136	1.469724975322606e-05	0.95	168067.2268907563
chr2	202772830	202772949	RNA6495	119	31	4.3148829982163246e-05	1.4699799976369832e-05	1.0	260504.2016806723
chr2	203309805	203309972	RNA6496	162	28	0.07143366358189139	0.0	0.9285714285714286	172839.5061728395
chr2	203309920	203310039	RNA6497	114	14	0.07140942385019246	7.354450190177886e-06	0.9285714285714286	122807.01754385965
chr2	203309989	203310065	RNA6498	76	9	8.388022150837867e-06	1.4831999578746036e-05	1.0	118421.05263157895
chr2	203309997	203310164	RNA6499	167	26	1.753041911237439e-05	0.0	1.0	155688.62275449102
chr2	203310110	203310229	RNA6500	119	18	1.0637000034168725e-05	0.0	1.0	151260.50420168065
chr2	203310281	203310448	RNA6501	167	33	0.00025391176669389826	0.0	1.0	197604.79041916167
chr2	203310383	203310502	RNA6502	119	29	0.00029856112444670324	1.4697199731017465e-05	1.0	243697.47899159664
chr2	203875664	203875831	RNA6503	162	37	0.02704053875695044	1.4697199731017465e-05	0.972972972972973	228395.06172839506
chr2	203991145	203991264	RNA6504	119	19	1.393123147863619e-05	0.0	1.0	159663.86554621847
chr2	206092018	206092263	RNA6505	245	43	0.023294796820601028	1.4699799976369832e-05	0.9767441860465116	175510.20408163266
chr2	206093020	206093265	RNA6506	245	36	0.00033318487852637273	1.4696399830427254e-05	1.0	146938.77551020408
chr2	206174337	206174582	RNA6507	245	48	0.00714514591578563	0.0	0.9791666666666666	195918.36734693876
chr2	207073578	207073823	RNA6508	245	43	0.0003487165408736203	0.0	1.0	175510.20408163266
chr2	207074035	207074111	RNA6509	76	12	5.389256595359073e-05	1.4697699953103438e-05	1.0	157894.73684210525
chr2	207808398	207808517	RNA6510	119	23	4.346590800274449e-05	1.4701099644298664e-05	1.0	193277.31092436975
chr2	207810611	207810778	RNA6511	167	26	7.971328533620002e-05	1.4698999621032272e-05	1.0	155688.62275449102
chr2	210931109	210931354	RNA6512	245	45	0.010412624336438765	1.4699399798701052e-05	0.9777777777777777	183673.46938775512
chr2	211262342	211262431	RNA6513	89	0				0.0
chr2	214685103	214685214	RNA6514	111	0				0.0
chr2	214686116	214686255	RNA6515	0	3	7.452133286276666e-05	0.0	1.0	
chr2	214686364	214686482	RNA6516	0	1	8.698680176166818e-05	8.698680176166818e-05	1.0	
chr2	214687284	214687463	RNA6517	137	11	0.00021546186417252644	0.0	1.0	80291.9708029197
chr2	214707835	214707924	RNA6518	89	15	3.5285760653387694e-05	0.0	1.0	168539.32584269662
chr2	215887552	215887641	RNA6519	89	13	0.05130618575255468	1.470159986638464e-05	0.9230769230769231	146067.4157303371
chr2	215930942	215931031	RNA6520	89	18	0.055645378504676844	1.469984999857843e-05	0.9444444444444444	202247.19101123596
chr2	215942444	215942533	RNA6521	89	0				0.0
chr2	216103025	216103114	RNA6522	89	14	9.448771379538812e-06	0.0	1.0	157303.37078651684
chr2	216103239	216103328	RNA6523	89	12	0.0027817829896624336	0.0	1.0	134831.4606741573
chr2	216103849	216103938	RNA6524	89	20	5.144615033714217e-06	0.0	1.0	224719.1011235955
chr2	216620046	216620135	RNA6525	89	11	9.374245564686134e-06	1.4714500139234588e-05	1.0	123595.50561797753
chr2	217798787	217798905	RNA6526	118	21	0.0008063909769719294	1.4697699953103438e-05	1.0	177966.10169491524
chr2	217799384	217799523	RNA6527	139	34	1.902354987952445e-05	7.348399776674342e-06	1.0	244604.3165467626
chr2	218146224	218146342	RNA6528	118	27	0.0010981322874175465	0.0	1.0	228813.5593220339
chr2	218206397	218206576	RNA6529	179	27	0.00021646738932084962	1.4696400285174605e-05	1.0	150837.98882681565
chr2	218211974	218212085	RNA6530	111	18	0.0277565331354405	0.0	0.9444444444444444	162162.16216216216
chr2	218257818	218257936	RNA6531	117	28	2.0241785640400668e-05	0.0	1.0	239316.2393162393
chr2	218258312	218258430	RNA6532	114	30	0.021474327497920356	7.35769981474732e-06	0.9666666666666667	263157.8947368421
chr2	218409272	218409390	RNA6533	118	0				0.0
chr2	218410954	218411072	RNA6534	118	0				0.0
chr2	218412480	218412598	RNA6535	118	20	3.894841515829954e-05	1.469569997425424e-05	1.0	169491.5254237288
chr2	218603967	218604106	RNA6536	139	25	0.00014607571269152368	1.4705399735248648e-05	1.0	179856.11510791365
chr2	218663600	218663739	RNA6537	139	24	2.0826212145641715e-05	1.4698999621032272e-05	1.0	172661.87050359714
chr2	218663654	218663793	RNA6538	139	23	2.8128673559121946e-05	1.4700300198455809e-05	1.0	165467.62589928057
chr2	218816123	218816262	RNA6539	139	26	0.0003375631211803475	1.4702849966852227e-05	1.0	187050.35971223022
chr2	218816246	218816385	RNA6540	139	36	0.039709705730956564	0.0	0.9444444444444444	258992.80575539568
chr2	218817716	218817855	RNA6541	139	24	2.449474997471636e-05	0.0	1.0	172661.87050359714
chr2	219061152	219061263	RNA6542	111	32	4.457024948578303e-05	1.470005008741282e-05	1.0	288288.2882882883
chr2	219061570	219061749	RNA6543	179	31	9.482842048577544e-06	0.0	1.0	173184.35754189946
chr2	219061771	219061950	RNA6544	179	31	6.0211235376614395e-05	1.469549988541985e-05	1.0	173184.35754189946
chr2	219062538	219062717	RNA6545	179	45	0.0371665936010888	1.469590006308863e-05	0.9333333333333333	251396.64804469276
chr2	219063798	219063909	RNA6546	111	22	6.883502221005603e-05	1.4699199709866662e-05	1.0	198198.1981981982
chr2	219064390	219064501	RNA6547	111	16	0.00013781216563301857	1.469569997425424e-05	1.0	144144.14414414414
chr2	219277913	219278031	RNA6548	118	20	1.9842089841403706e-05	0.0	1.0	169491.5254237288
chr2	219278403	219278514	RNA6549	111	24	1.6535466746366485e-05	1.4696799553348685e-05	1.0	216216.21621621624
chr2	219278406	219278517	RNA6550	111	26	1.5263507765876755e-05	1.4696599919261644e-05	1.0	234234.23423423423
chr2	219278984	219279163	RNA6551	179	47	0.00013880922746310786	1.4699399798701052e-05	1.0	262569.83240223466
chr2	219279100	219279279	RNA6552	179	44	2.037714983254529e-05	1.4696150174131617e-05	1.0	245810.05586592178
chr2	219310435	219310614	RNA6553	179	29	1.520602061896666e-05	1.4698999621032272e-05	1.0	162011.17318435753
chr2	219350066	219350177	RNA6554	111	16	2.5722818577378348e-05	1.4698749964736635e-05	1.0	144144.14414414414
chr2	219684821	219684910	RNA6555	89	29	0.03449695169973861	0.0	0.9655172413793104	325842.6966292135
chr2	219685016	219685127	RNA6556	111	44	3.13974291078537e-05	1.4696599919261644e-05	1.0	396396.3963963964
chr2	219685046	219685225	RNA6557	179	48	3.643516451271291e-05	1.469569997425424e-05	1.0	268156.4245810056
chr2	219685108	219685247	RNA6558	139	41	2.616672226416898e-05	1.469549988541985e-05	1.0	294964.02877697843
chr2	222079709	222079926	RNA6559	217	36	0.027801459350080722	0.0	0.9722222222222222	165898.61751152074
chr2	222564166	222564280	RNA6560	114	13	0.0769660523008217	1.4697199731017465e-05	0.9230769230769231	114035.08771929824
chr2	223223325	223223443	RNA6561	118	22	0.014169209271999116	0.0	0.9545454545454546	186440.6779661017
chr2	223646065	223646204	RNA6562	139	28	0.03501381824997095	0.0	0.9642857142857143	201438.8489208633
chr2	224137173	224137352	RNA6563	164	40	0.034378483035970936	0.0	0.95	243902.43902439025
chr2	224219939	224220050	RNA6564	111	22	0.005410695574276112	0.0	0.9545454545454546	198198.1981981982
chr2	225392788	225393005	RNA6565	217	41	0.01793531032166268	1.47024002217222e-05	0.975609756097561	188940.0921658986
chr2	226551357	226551471	RNA6566	114	28	0.006219576721637815	1.4699199709866662e-05	0.9642857142857143	245614.0350877193
chr2	226729977	226730194	RNA6567	217	31	9.960087012469529e-06	0.0	1.0	142857.14285714284
chr2	226819951	226820168	RNA6568	214	33	0.02492176103378645	0.0	0.9696969696969697	154205.60747663552
chr2	226829242	226829459	RNA6569	217	44	1.5704920646051532e-05	0.0	1.0	202764.97695852537
chr2	227358554	227358771	RNA6570	217	38	9.984214741626635e-05	7.349050065386109e-06	1.0	175115.20737327187
chr2	227359498	227359715	RNA6571	217	37	0.026294013093221914	0.0	0.972972972972973	170506.91244239634
chr2	227359937	227360154	RNA6572	217	49	3.0295773712519492e-05	0.0	1.0	225806.4516129032
chr2	227360941	227361055	RNA6573	114	25	8.231652100221253e-06	0.0	1.0	219298.24561403508
chr2	227395097	227395211	RNA6574	114	17	2.248101726067965e-05	1.4696799553348685e-05	1.0	149122.80701754385
chr2	227397315	227397429	RNA6575	114	25	4.940976305078595e-05	1.4698999621032272e-05	1.0	219298.24561403508
chr2	227564093	227564207	RNA6576	114	22	0.0009373898473396283	7.351450221904088e-06	1.0	192982.45614035087
chr2	227585327	227585441	RNA6577	114	28	1.7326667797792897e-05	0.0	1.0	245614.0350877193
chr2	227661793	227661907	RNA6578	114	17	0.05880105206945113	1.4698500308440998e-05	0.9411764705882353	149122.80701754385
chr2	227961792	227962009	RNA6579	217	38	0.026243452035559084	0.0	0.9736842105263158	175115.20737327187
chr2	228397549	228397663	RNA6580	114	26	0.038477370703906034	1.4696349808218656e-05	0.9615384615384616	228070.1754385965
chr2	231955439	231955656	RNA6581	217	36	0.020057677302980255	0.0	0.9444444444444444	165898.61751152074
chr2	232538730	232538844	RNA6582	113	11	1.346609976528657e-05	0.0	1.0	97345.13274336283
chr20	132504	132598	RNA6583	94	0				0.0
chr20	132714	132808	RNA6584	94	0				0.0
chr20	549918	550013	RNA6585	95	14	1.7846350147003495e-05	0.0	1.0	147368.42105263157
chr20	2835004	2835177	RNA6586	173	40	0.04633477514016703	1.4697199731017465e-05	0.925	231213.87283236993
chr20	3753210	3753383	RNA6587	173	31	0.008470417701192348	0.0	0.967741935483871	179190.7514450867
chr20	3838073	3838246	RNA6588	173	42	0.02389887912137228	1.4711750282003777e-05	0.9761904761904762	242774.56647398844
chr20	3843620	3843793	RNA6589	173	24	4.42228917260414e-05	1.4739000107510947e-05	1.0	138728.32369942195
chr20	4018996	4019169	RNA6590	168	30	1.242910672468781e-05	7.364650173258269e-06	1.0	178571.42857142858
chr20	4022945	4023118	RNA6591	173	34	6.830706313527814e-05	1.4698100130772218e-05	1.0	196531.79190751447
chr20	4023326	4023499	RNA6592	173	35	2.3099819580756818e-05	1.4697199731017465e-05	1.0	202312.1387283237
chr20	4413137	4413232	RNA6593	95	26	1.5828288199439426e-05	0.0	1.0	273684.2105263158
chr20	4838261	4838434	RNA6594	173	34	0.022393487257458586	1.4697900041937828e-05	0.9411764705882353	196531.79190751447
chr20	5530787	5530882	RNA6595	95	0				0.0
chr20	5541372	5541467	RNA6596	95	0				0.0
chr20	5543783	5543878	RNA6597	95	0				0.0
chr20	5615596	5615691	RNA6598	95	15	0.06711296210263146	1.4706700312672185e-05	0.9333333333333333	157894.73684210525
chr20	5624316	5624411	RNA6599	95	25	0.00017884989105368125	1.4702900443808176e-05	1.0	263157.8947368421
chr20	5728099	5728194	RNA6600	95	22	5.077494663716772e-05	1.4697199731017465e-05	1.0	231578.94736842104
chr20	6620674	6620769	RNA6601	95	19	2.2441526006758106e-05	0.0	1.0	200000.0
chr20	8071179	8071352	RNA6602	173	45	0.0007070830378223831	0.0	1.0	260115.60693641615
chr20	10434899	10434994	RNA6603	95	16	9.192475226882046e-05	7.349499810516136e-06	1.0	168421.05263157893
chr20	13639319	13639553	RNA6604	234	45	0.001545203671189984	0.0	1.0	192307.6923076923
chr20	16126701	16126862	RNA6605	161	34	0.044367566207122705	1.4696799553348685e-05	0.9411764705882353	211180.1242236025
chr20	17569533	17569767	RNA6606	127	51	0.019650837379017235	1.5088899999682326e-05	0.9803921568627451	401574.80314960633
chr20	18498017	18498251	RNA6607	234	49	1.13990081816294e-05	0.0	1.0	209401.7094017094
chr20	18565801	18566035	RNA6608	234	37	0.01145395742268856	1.4697699953103438e-05	0.972972972972973	158119.65811965812
chr20	18566708	18566942	RNA6609	234	47	1.5636151127836998e-05	0.0	1.0	200854.70085470087
chr20	20004377	20004611	RNA6610	234	0				0.0
chr20	20004419	20004653	RNA6611	234	0				0.0
chr20	20004482	20004716	RNA6612	230	0				0.0
chr20	20004552	20004786	RNA6613	229	0				0.0
chr20	20004647	20004762	RNA6614	110	0				0.0
chr20	20033881	20034042	RNA6615	159	35	0.02858924320865169	0.0	0.9714285714285714	220125.78616352202
chr20	20942960	20943121	RNA6616	161	47	0.021314439433828075	1.469549988541985e-05	0.9787234042553191	291925.4658385093
chr20	21115353	21115514	RNA6617	161	19	3.0955420937205323e-06	0.0	1.0	118012.42236024844
chr20	21122645	21122806	RNA6618	161	36	0.0556445645722508	1.4698100130772218e-05	0.9444444444444444	223602.4844720497
chr20	21389970	21390131	RNA6619	161	36	0.0013168337284241685	0.0	1.0	223602.4844720497
chr20	21390144	21390305	RNA6620	161	27	0.002151829552867975	1.469590006308863e-05	0.9629629629629629	167701.86335403728
chr20	21390329	21390490	RNA6621	161	22	9.048189341145795e-05	1.4700700376124589e-05	1.0	136645.96273291926
chr20	22242264	22242425	RNA6622	161	21	0.047647044842917576	1.4696799553348685e-05	0.9523809523809523	130434.78260869565
chr20	23760629	23760863	RNA6623	234	0				0.0
chr20	23935818	23935933	RNA6624	115	29	0.06978162798033484	1.4702900443808176e-05	0.9310344827586207	252173.91304347824
chr20	24465890	24466005	RNA6625	115	19	1.0828658033508537e-05	0.0	1.0	165217.3913043478
chr20	24466080	24466195	RNA6626	115	22	0.0007608941361302718	0.0	1.0	191304.34782608697
chr20	24466861	24466976	RNA6627	115	17	0.0001936781514172279	0.0	1.0	147826.08695652176
chr20	25113497	25113612	RNA6628	109	17	0.0005397456423666175	1.470929964852985e-05	1.0	155963.3027522936
chr20	25114201	25114316	RNA6629	115	20	0.04016909443294025	7.347300197579898e-06	0.95	173913.04347826086
chr20	25120645	25120760	RNA6630	115	17	1.816094091361995e-05	0.0	1.0	147826.08695652176
chr20	25972512	25972627	RNA6631	115	0				0.0
chr20	25984806	25984967	RNA6632	161	0				0.0
chr20	28430840	28430987	RNA6633	0	0				
chr20	28490785	28491025	RNA6634	0	0				
chr20	29709351	29709522	RNA6635	0	0				
chr20	29935034	29935149	RNA6636	0	0				
chr20	30617347	30617412	RNA6637	65	0				0.0
chr20	31633592	31633739	RNA6638	147	19	1.2382431697532362e-05	0.0	1.0	129251.70068027212
chr20	32441436	32441676	RNA6639	240	29	5.0683103585595685e-06	0.0	1.0	120833.33333333333
chr20	32617443	32617590	RNA6640	147	28	1.4700342814775766e-05	0.0	1.0	190476.19047619047
chr20	32622770	32622917	RNA6641	147	36	6.491460931100773e-05	1.4696800008096034e-05	1.0	244897.95918367346
chr20	32623911	32624058	RNA6642	147	46	0.005872098883509865	0.0	0.9782608695652174	312925.1700680272
chr20	32743932	32744079	RNA6643	147	22	1.002250002619059e-05	0.0	1.0	149659.86394557822
chr20	32743955	32744102	RNA6644	147	30	1.0779490003187675e-05	0.0	1.0	204081.63265306124
chr20	32744281	32744428	RNA6645	147	28	9.977014185226705e-06	7.349250154220499e-06	1.0	190476.19047619047
chr20	33356756	33356996	RNA6646	239	42	3.0473214316031743e-05	1.4719700175191974e-05	1.0	175732.21757322174
chr20	33475969	33476209	RNA6647	232	37	0.027047835907929717	1.4716300029249396e-05	0.972972972972973	159482.75862068968
chr20	33476499	33476739	RNA6648	240	51	5.5367646899523166e-05	1.4703299711982254e-05	1.0	212500.0
chr20	33694775	33695015	RNA6649	240	41	2.223077065469795e-05	1.4697699953103438e-05	1.0	170833.33333333334
chr20	33695190	33695430	RNA6650	238	50	3.0620676297982604e-05	1.477129990234971e-05	1.0	210084.03361344538
chr20	33695453	33695600	RNA6651	147	25	1.8849964108083236e-05	0.0	1.0	170068.02721088435
chr20	33702517	33702688	RNA6652	171	48	5.827458655478736e-05	0.0	1.0	280701.7543859649
chr20	33725139	33725379	RNA6653	240	36	2.1679583647304e-05	7.352949978667312e-06	1.0	150000.0
chr20	33854603	33854771	RNA6654	168	24	2.940007459528395e-05	0.0	1.0	142857.14285714284
chr20	34544994	34545165	RNA6655	171	38	0.04846419259521147	1.4700500287290199e-05	0.9473684210526315	222222.22222222222
chr20	34545083	34545254	RNA6656	171	39	0.021438005822253612	1.4697199731017465e-05	0.9743589743589743	228070.1754385965
chr20	34545475	34545646	RNA6657	171	39	0.025688507351729548	1.4696799553348685e-05	0.9743589743589743	228070.1754385965
chr20	34546515	34546755	RNA6658	240	48	0.0008373730501981866	1.4698500308440998e-05	1.0	200000.0
chr20	34560475	34560540	RNA6659	65	13	6.915469314732875e-06	0.0	1.0	200000.0
chr20	34825933	34826104	RNA6660	171	18	0.02152598886282754	0.0	0.9444444444444444	105263.15789473684
chr20	34826147	34826318	RNA6661	171	29	6.590417264117699e-06	0.0	1.0	169590.6432748538
chr20	34826544	34826715	RNA6662	171	36	3.229808915723715e-05	1.4707849913975224e-05	1.0	210526.31578947368
chr20	35519831	35519896	RNA6663	65	9	9.815133428977182e-06	0.0	1.0	138461.53846153847
chr20	35608321	35608386	RNA6664	65	0				0.0
chr20	35613276	35613341	RNA6665	65	19	2.247410554302258e-05	1.4715000361320564e-05	1.0	292307.6923076923
chr20	35624063	35624128	RNA6666	65	10	1.1775869916164084e-05	1.4705050034535816e-05	1.0	153846.15384615384
chr20	35625624	35625689	RNA6667	65	8	1.1025574963241525e-05	1.469704966439167e-05	1.0	123076.92307692308
chr20	35701071	35701242	RNA6668	171	30	0.004570279660614079	0.0	0.9666666666666667	175438.59649122806
chr20	35701225	35701290	RNA6669	65	6	7.349183306359919e-06	7.348399776674342e-06	1.0	92307.69230769231
chr20	36748107	36748172	RNA6670	65	21	0.0010651852284614214	1.4705399735248648e-05	1.0	323076.9230769231
chr20	37265018	37265112	RNA6671	94	26	9.044807834120897e-06	0.0	1.0	276595.74468085106
chr20	37266609	37266703	RNA6672	94	11	0.0001469923618887156	0.0	1.0	117021.27659574468
chr20	37277020	37277114	RNA6673	94	16	2.2970562383755943e-05	0.0	1.0	170212.7659574468
chr20	37672786	37672933	RNA6674	147	19	0.003382624031952502	1.4696400285174605e-05	0.9473684210526315	129251.70068027212
chr20	37691716	37691884	RNA6675	168	34	3.0280377225553066e-05	1.4699599887535442e-05	1.0	202380.9523809524
chr20	38169435	38169529	RNA6676	87	21	0.030070920068196533	1.4740599908691364e-05	0.9523809523809523	241379.3103448276
chr20	38579324	38579564	RNA6677	240	44	8.853870489970349e-05	0.0	1.0	183333.3333333333
chr20	38579634	38579802	RNA6678	168	41	0.0005443091312616376	0.0	1.0	244047.61904761905
chr20	38729420	38729490	RNA6679	70	14	1.679611445329236e-05	0.0	1.0	200000.0
chr20	38741588	38741756	RNA6680	168	0				0.0
chr20	38747417	38747585	RNA6681	168	0				0.0
chr20	38774621	38774789	RNA6682	168	29	0.008936198290124093	0.0	0.9655172413793104	172619.0476190476
chr20	38781571	38781739	RNA6683	168	0				0.0
chr20	38923190	38923358	RNA6684	168	20	1.6907719964361077e-05	1.4696800008096034e-05	1.0	119047.61904761904
chr20	39076337	39076508	RNA6685	170	29	0.000361053483582755	1.4707599802932236e-05	1.0	170588.23529411765
chr20	40285270	40285397	RNA6686	127	23	0.043119764380405635	1.4696400285174605e-05	0.9565217391304348	181102.36220472443
chr20	40287155	40287323	RNA6687	168	42	0.0010893142730743568	7.348599865508732e-06	1.0	250000.0
chr20	40287634	40287745	RNA6688	111	26	1.9789450386896343e-05	0.0	1.0	234234.23423423423
chr20	40297725	40297790	RNA6689	65	18	0.00061205802947167	1.4773449947824702e-05	1.0	276923.07692307694
chr20	40645014	40645138	RNA6690	124	35	9.65870292150482e-06	0.0	1.0	282258.06451612903
chr20	41367047	41367171	RNA6691	124	29	1.115299998892661e-05	0.0	1.0	233870.96774193548
chr20	41621862	41621956	RNA6692	94	13	0.00014699559415021137	1.469509970775107e-05	1.0	138297.87234042553
chr20	43448664	43448734	RNA6693	70	14	2.1006078830912618e-05	0.0	1.0	200000.0
chr20	43589052	43589122	RNA6694	70	15	8.43117847883343e-05	1.4743600331712514e-05	1.0	214285.71428571426
chr20	43662146	43662216	RNA6695	70	6	2.4500083175856464e-05	2.9402700420178007e-05	1.0	85714.28571428571
chr20	43666898	43666968	RNA6696	70	27	4.0297495952805825e-05	1.4701099644298664e-05	1.0	385714.28571428574
chr20	43717925	43718093	RNA6697	168	38	1.1218621143358943e-05	0.0	1.0	226190.47619047618
chr20	43719681	43719751	RNA6698	70	18	4.1653311452838294e-05	1.4698950053571025e-05	1.0	257142.85714285713
chr20	43721598	43721668	RNA6699	70	17	1.557438843198778e-05	0.0	1.0	242857.14285714284
chr20	43727253	43727364	RNA6700	111	25	0.0017959820862961282	0.0	1.0	225225.22522522524
chr20	43873393	43873463	RNA6701	70	15	4.899014626668296e-05	1.469509970775107e-05	1.0	214285.71428571426
chr20	43905878	43906005	RNA6702	127	18	2.2869266053420896e-05	0.0	1.0	141732.28346456692
chr20	44302004	44302128	RNA6703	124	23	2.8127534159974533e-05	0.0	1.0	185483.87096774194
chr20	44528150	44528261	RNA6704	111	25	0.00013938387928646602	0.0	1.0	225225.22522522524
chr20	44528719	44528830	RNA6705	111	30	2.4534430303899998e-05	1.470159986638464e-05	1.0	270270.2702702703
chr20	44530050	44530161	RNA6706	111	30	0.033473025119898615	1.47024002217222e-05	0.9666666666666667	270270.2702702703
chr20	44834625	44834736	RNA6707	111	20	3.233348998037219e-05	0.0	1.0	180180.18018018018
chr20	44836798	44836868	RNA6708	70	12	1.837744972969328e-05	7.351649855991127e-06	1.0	171428.57142857142
chr20	44840425	44840537	RNA6709	112	20	0.05000588560510551	0.0	0.95	178571.42857142858
chr20	44841379	44841490	RNA6710	110	11	1.8839745032230645e-05	1.4734099750057794e-05	1.0	100000.0
chr20	44857317	44857444	RNA6711	127	18	0.07741036640436505	1.469724975322606e-05	0.8333333333333334	141732.28346456692
chr20	44858665	44858776	RNA6712	111	14	3.9894406914494167e-05	0.0	1.0	126126.12612612611
chr20	44963333	44963460	RNA6713	127	29	0.03449492395169539	0.0	0.9655172413793104	228346.4566929134
chr20	44963448	44963575	RNA6714	127	18	0.003492026737098452	1.469785001972923e-05	0.9444444444444444	141732.28346456692
chr20	45084234	45084361	RNA6715	127	20	1.7640375199330268e-05	1.4700500287290199e-05	1.0	157480.3149606299
chr20	45085789	45085916	RNA6716	127	16	1.7456699765716072e-05	0.0	1.0	125984.25196850393
chr20	45117656	45117780	RNA6717	124	24	0.052852923953688936	0.0	0.9166666666666666	193548.38709677418
chr20	45178199	45178326	RNA6718	127	26	1.5832826962790794e-05	1.4696999642183075e-05	1.0	204724.4094488189
chr20	45203840	45203964	RNA6719	124	18	2.698045520648368e-05	1.4706050023960415e-05	1.0	145161.29032258067
chr20	45292171	45292295	RNA6720	124	23	8.054774397073152e-05	1.4700700376124589e-05	1.0	185483.87096774194
chr20	45292717	45292841	RNA6721	124	24	1.2861475056524796e-05	1.4697050119139021e-05	1.0	193548.38709677418
chr20	45317927	45318051	RNA6722	124	24	1.4701908412458476e-05	1.4697050119139021e-05	1.0	193548.38709677418
chr20	45324561	45324685	RNA6723	124	19	0.00031338844607824227	1.4696400285174605e-05	1.0	153225.8064516129
chr20	45411349	45411473	RNA6724	124	25	1.1176307925777766e-05	0.0	1.0	201612.90322580643
chr20	45812046	45812157	RNA6725	111	25	0.01341785132328368	1.4704999557579868e-05	0.92	225225.22522522524
chr20	46007868	46007992	RNA6726	124	22	0.04597790886311321	1.4705849935126025e-05	0.9545454545454546	177419.3548387097
chr20	46090277	46090404	RNA6727	127	28	4.042228546754881e-05	0.0	1.0	220472.44094488188
chr20	46111184	46111308	RNA6728	124	25	9.99465999484528e-06	1.469590006308863e-05	1.0	201612.90322580643
chr20	46113217	46113341	RNA6729	124	23	4.409777422709737e-05	1.469590006308863e-05	1.0	185483.87096774194
chr20	46146576	46146700	RNA6730	124	34	0.0002380352641600429	1.4705199646414258e-05	1.0	274193.54838709673
chr20	46147757	46147881	RNA6731	124	32	1.1946572016086066e-05	0.0	1.0	258064.51612903224
chr20	46173485	46173609	RNA6732	124	31	0.03228888403261789	0.0	0.967741935483871	250000.0
chr20	46311692	46311816	RNA6733	121	18	1.595142218017524e-05	7.355100024142302e-06	1.0	148760.3305785124
chr20	46690698	46690810	RNA6734	112	15	0.02814145195261516	1.4697199731017465e-05	0.8666666666666667	133928.57142857142
chr20	47192591	47192715	RNA6735	110	4	0.0003297282969469712	1.577159946464235e-05	1.0	36363.63636363636
chr20	48622893	48623005	RNA6736	112	25	0.06374737309815828	1.4700700376124589e-05	0.92	223214.28571428574
chr20	48623816	48623886	RNA6737	70	16	0.005603568887181604	0.0	0.9375	228571.42857142855
chr20	49574610	49574722	RNA6738	112	21	0.000338009370092806	0.0	1.0	187500.0
chr20	49625557	49625669	RNA6739	112	27	3.1039377703294746e-05	1.470159986638464e-05	1.0	241071.42857142858
chr20	49628052	49628164	RNA6740	112	21	0.0031760911400678647	0.0	0.9523809523809523	187500.0
chr20	49719972	49720084	RNA6741	112	15	0.0002963221708947996	0.0	1.0	133928.57142857142
chr20	49725259	49725371	RNA6742	112	9	8.16588898386625e-06	0.0	1.0	80357.14285714287
chr20	49795154	49795266	RNA6743	112	24	6.492171326044224e-05	1.4699399798701052e-05	1.0	214285.71428571426
chr20	49809197	49809308	RNA6744	111	19	1.547191052515317e-05	1.4697199731017465e-05	1.0	171171.17117117118
chr20	50044530	50044657	RNA6745	127	0				0.0
chr20	50197893	50198017	RNA6746	0	2	0.00026709400117395	0.00026709400117395	1.0	
chr20	50691565	50691677	RNA6747	112	20	2.278839492645891e-05	1.4701150121254614e-05	1.0	178571.42857142858
chr20	50719361	50719473	RNA6748	112	20	1.4710384675708067e-05	1.4704150089528412e-05	1.0	178571.42857142858
chr20	51075456	51075580	RNA6749	124	30	2.307443382960418e-05	0.0	1.0	241935.48387096776
chr20	51564003	51564115	RNA6750	112	26	0.023979695625117668	1.4702250155096408e-05	0.9615384615384616	232142.85714285716
chr20	51594971	51595083	RNA6751	112	12	6.151549920711356e-06	0.0	1.0	107142.85714285713
chr20	51595349	51595461	RNA6752	112	25	0.00932469823881547	1.4697699953103438e-05	0.96	223214.28571428574
chr20	51779465	51779577	RNA6753	111	0				0.0
chr20	51781573	51781685	RNA6754	112	0				0.0
chr20	51878297	51878409	RNA6755	112	28	1.9428885642420418e-05	1.4701349755341653e-05	1.0	250000.0
chr20	52050782	52050894	RNA6756	112	12	6.123741665457298e-06	0.0	1.0	107142.85714285713
chr20	53509656	53509820	RNA6757	164	0				0.0
chr20	54704438	54704550	RNA6758	112	19	1.4707941868676388e-05	1.4699799976369832e-05	1.0	169642.85714285716
chr20	56314040	56314108	RNA6759	68	19	2.476346789511067e-05	0.0	1.0	279411.76470588235
chr20	56723845	56723957	RNA6760	112	28	0.007626484740707637	1.4697199731017465e-05	0.9642857142857143	250000.0
chr20	57140695	57140829	RNA6761	134	35	0.0023878700766674947	0.0	0.9714285714285714	261194.02985074624
chr20	57164786	57164950	RNA6762	164	42	0.0007772532706526548	7.347749942709925e-06	1.0	256097.56097560975
chr20	57344520	57344636	RNA6763	116	25	3.704087619552938e-05	1.4699399798701052e-05	1.0	215517.24137931032
chr20	57348003	57348149	RNA6764	146	37	0.0020191737049891608	0.0	1.0	253424.6575342466
chr20	58208269	58208433	RNA6765	164	30	0.006954258577388825	7.347549853875535e-06	0.9666666666666667	182926.82926829267
chr20	58211294	58211458	RNA6766	164	41	9.321078057216321e-06	0.0	1.0	250000.0
chr20	58214425	58214589	RNA6767	164	56	0.000387104061685149	1.4696349808218656e-05	1.0	341463.4146341464
chr20	58309549	58309658	RNA6768	109	0				0.0
chr20	58367559	58367723	RNA6769	164	37	1.7084205348901953e-05	1.469549988541985e-05	1.0	225609.75609756098
chr20	58368182	58368346	RNA6770	164	32	0.03126837271565819	1.4698100130772218e-05	0.96875	195121.9512195122
chr20	58370223	58370387	RNA6771	164	33	5.437466602002162e-05	0.0	1.0	201219.51219512196
chr20	58621658	58621754	RNA6772	96	28	2.2574414158171944e-05	1.4699199709866662e-05	1.0	291666.6666666667
chr20	58629028	58629180	RNA6773	152	36	0.005123794071070931	1.4698950053571025e-05	0.9722222222222222	236842.1052631579
chr20	58913372	58913440	RNA6774	68	13	2.1482346640435874e-05	1.4696799553348685e-05	1.0	191176.47058823527
chr20	58914240	58914387	RNA6775	147	25	0.0004793358669849007	1.4697699953103438e-05	1.0	170068.02721088435
chr20	59008863	59009033	RNA6776	170	32	2.710665665972484e-05	1.4699199709866662e-05	1.0	188235.29411764705
chr20	59009132	59009249	RNA6777	117	24	1.531240828474395e-05	0.0	1.0	205128.20512820513
chr20	59011732	59011873	RNA6778	141	26	0.02075708950626274	1.469764993089484e-05	0.9615384615384616	184397.16312056736
chr20	59274397	59274561	RNA6779	164	31	4.741591968218138e-05	1.4698100130772218e-05	1.0	189024.39024390245
chr20	59856204	59856272	RNA6780	68	19	0.05262228651501668	1.4700700376124589e-05	0.9473684210526315	279411.76470588235
chr20	59859754	59859822	RNA6781	58	10	1.1762630037992494e-05	0.0	1.0	172413.7931034483
chr20	59862566	59862634	RNA6782	68	12	7.111583393755089e-05	7.355100024142302e-06	1.0	176470.58823529413
chr20	59951585	59951653	RNA6783	68	14	7.035683633407456e-05	1.4710200048284605e-05	1.0	205882.35294117645
chr20	59952503	59952571	RNA6784	68	12	9.800508375216547e-06	0.0	1.0	176470.58823529413
chr20	60038817	60038885	RNA6785	68	14	7.3508999126456076e-06	0.0	1.0	205882.35294117645
chr20	60924119	60924187	RNA6786	68	21	2.7306428819423627e-05	0.0	1.0	308823.5294117647
chr20	61102479	61102613	RNA6787	132	0				0.0
chr20	61208032	61208178	RNA6788	146	33	1.8707118132704765e-05	0.0	1.0	226027.39726027395
chr20	61244789	61244905	RNA6789	116	27	1.4153677916005512e-05	1.469549988541985e-05	1.0	232758.62068965516
chr20	62072054	62072188	RNA6790	134	33	0.00012559002334455298	0.0	1.0	246268.6567164179
chr20	62076788	62076934	RNA6791	146	23	0.06204181383497559	0.0	0.9130434782608695	157534.24657534246
chr20	62100281	62100415	RNA6792	134	33	0.06062387855796591	1.4698100130772218e-05	0.9393939393939394	246268.6567164179
chr20	62100615	62100749	RNA6793	134	30	3.6254653665911847e-05	0.0	1.0	223880.59701492538
chr20	62135426	62135572	RNA6794	146	33	0.006057285656810782	0.0	0.9696969696969697	226027.39726027395
chr20	62135868	62136014	RNA6795	146	30	0.006658210266020128	1.4698100130772218e-05	0.9666666666666667	205479.4520547945
chr20	62136269	62136403	RNA6796	134	42	2.8345564043688042e-05	1.4696400285174605e-05	1.0	313432.83582089556
chr20	62143510	62143644	RNA6797	134	52	1.010830767602118e-05	0.0	1.0	388059.70149253734
chr20	62209764	62209880	RNA6798	116	23	6.390134686902773e-06	0.0	1.0	198275.86206896554
chr20	62210589	62210735	RNA6799	146	33	0.00018218179753382542	0.0	1.0	226027.39726027395
chr20	62211303	62211449	RNA6800	146	28	2.0997353723419074e-05	1.469569997425424e-05	1.0	191780.8219178082
chr20	62221747	62221881	RNA6801	134	25	8.233600019593724e-06	1.4699399798701052e-05	1.0	186567.1641791045
chr20	62296838	62296954	RNA6802	116	36	2.7365202767108032e-05	1.4696400285174605e-05	1.0	310344.8275862069
chr20	62298173	62298289	RNA6803	116	22	4.2731850333598796e-05	0.0	1.0	189655.1724137931
chr20	62298538	62298684	RNA6804	146	21	3.3597890987507776e-05	0.0	1.0	143835.61643835617
chr20	62300113	62300222	RNA6805	109	28	0.03572217748563032	7.350549822149332e-06	0.9642857142857143	256880.73394495415
chr20	62371149	62371265	RNA6806	116	27	0.009567284603084163	0.0	0.9629629629629629	232758.62068965516
chr20	62379198	62379314	RNA6807	116	24	0.04197856778311385	1.4735199783899589e-05	0.9583333333333334	206896.55172413794
chr20	62463283	62463399	RNA6808	116	26	2.0771261181204693e-05	1.4754700259800302e-05	1.0	224137.93103448275
chr20	62521538	62521690	RNA6809	152	0				0.0
chr20	62591473	62591569	RNA6810	96	13	0.04786408645759365	0.0	0.8461538461538461	135416.66666666666
chr20	62814075	62814222	RNA6811	147	38	0.016677053952279444	1.4699599887535442e-05	0.9736842105263158	258503.40136054423
chr20	62969606	62969747	RNA6812	141	24	0.0034078708792245915	7.348599865508732e-06	0.9583333333333334	170212.7659574468
chr20	62969615	62969785	RNA6813	170	30	0.00281846574437925	1.4698100130772218e-05	0.9666666666666667	176470.58823529413
chr20	62989663	62989780	RNA6814	117	0				0.0
chr20	63139098	63139232	RNA6815	134	25	0.004140907112050625	0.0	0.96	186567.1641791045
chr20	63193713	63193822	RNA6816	109	21	9.10627607351801e-06	0.0	1.0	192660.55045871562
chr20	63195277	63195423	RNA6817	146	26	2.2046311851924718e-05	0.0	1.0	178082.19178082192
chr20	63223450	63223614	RNA6818	164	29	2.3823237699674277e-05	0.0	1.0	176829.26829268291
chr20	63240548	63240657	RNA6819	106	29	1.006324820427208e-05	0.0	1.0	273584.90566037735
chr20	63240642	63240751	RNA6820	109	33	1.070710299466031e-05	0.0	1.0	302752.29357798165
chr20	63336812	63336921	RNA6821	109	25	4.2327831833970964e-05	0.0	1.0	229357.79816513762
chr20	63342749	63342858	RNA6822	109	34	0.028737081776987045	1.469764993089484e-05	0.9705882352941176	311926.6055045872
chr20	63389434	63389550	RNA6823	116	0				0.0
chr20	63398800	63398952	RNA6824	152	40	0.025026828927707356	1.4697900041937828e-05	0.975	263157.8947368421
chr20	63399161	63399270	RNA6825	109	46	0.00024234559269524985	1.4707199625263456e-05	1.0	422018.34862385324
chr20	63483514	63483610	RNA6826	96	0				0.0
chr20	63523269	63523421	RNA6827	150	33	7.951969837449529e-05	1.4707199625263456e-05	1.0	220000.0
chr20	63523383	63523535	RNA6828	150	44	0.022747661297671584	1.4697699953103438e-05	0.9772727272727273	293333.3333333333
chr20	63537623	63537775	RNA6829	152	39	0.025714898308951184	0.0	0.9743589743589743	256578.94736842107
chr20	63537921	63538073	RNA6830	152	43	0.023573341612402224	1.4697199731017465e-05	0.9767441860465116	282894.7368421053
chr20	63579859	63579955	RNA6831	77	17	0.002118573008534852	2.1074800315545872e-05	1.0	220779.22077922078
chr20	63581914	63582010	RNA6832	96	17	0.058833078800008105	0.0	0.9411764705882353	177083.33333333334
chr20	63632037	63632133	RNA6833	96	0				0.0
chr20	63632254	63632350	RNA6834	96	0				0.0
chr20	63633246	63633342	RNA6835	96	30	1.812754301984595e-05	1.4696599919261644e-05	1.0	312500.0
chr20	63633371	63633523	RNA6836	152	37	0.005948194713710107	0.0	0.972972972972973	243421.05263157896
chr20	63832549	63832696	RNA6837	147	51	3.2286725827893207e-05	1.4698999621032272e-05	1.0	346938.7755102041
chr20	63857621	63857768	RNA6838	147	22	0.037671212111490604	1.4707799891766626e-05	0.9545454545454546	149659.86394557822
chr20	63858821	63858991	RNA6839	170	37	6.357633481308684e-05	0.0	1.0	217647.05882352943
chr20	63858890	63859031	RNA6840	141	38	0.00013701203749261274	0.0	1.0	269503.5460992908
chr20	63858982	63859152	RNA6841	170	43	8.483921452394431e-05	0.0	1.0	252941.17647058822
chr20	63859111	63859281	RNA6842	170	47	0.021330078504375852	1.4697199731017465e-05	0.9787234042553191	276470.58823529416
chr20	63859354	63859501	RNA6843	147	40	9.18611487577423e-05	1.4698100130772218e-05	1.0	272108.84353741497
chr20	63859610	63859751	RNA6844	141	24	1.592299569589765e-05	0.0	1.0	170212.7659574468
chr20	63859697	63859838	RNA6845	141	37	1.8671302608999793e-05	0.0	1.0	262411.3475177305
chr20	63859814	63859931	RNA6846	117	24	0.0854780400557047	0.0	0.875	205128.20512820513
chr20	63980009	63980156	RNA6847	147	28	0.00493268268097121	0.0	0.9642857142857143	190476.19047619047
chr20	63980139	63980286	RNA6848	147	26	0.006793996562709458	1.4699399798701052e-05	0.9615384615384616	176870.74829931973
chr20	63980244	63980385	RNA6849	141	33	0.005344826892007512	1.4698500308440998e-05	0.9696969696969697	234042.55319148937
chr20	63980417	63980534	RNA6850	117	23	1.086456517362461e-05	0.0	1.0	196581.19658119656
chr20	63980611	63980758	RNA6851	147	24	4.533139482039766e-05	0.0	1.0	163265.30612244896
chr20	63980744	63980914	RNA6852	170	44	3.541477899075445e-05	1.470025017624721e-05	1.0	258823.52941176473
chr20	63980748	63980918	RNA6853	170	46	3.451405380315751e-05	1.4699399798701052e-05	1.0	270588.23529411765
chr20	63980753	63980870	RNA6854	117	29	4.461027157080072e-05	1.4701099644298664e-05	1.0	247863.24786324787
chr20	63980788	63980929	RNA6855	141	34	4.7559203855650666e-05	1.4699399798701052e-05	1.0	241134.75177304962
chr20	64033107	64033224	RNA6856	117	25	8.230968087445944e-06	0.0	1.0	213675.21367521366
chr20	64043698	64043815	RNA6857	117	19	0.00011219328084016528	1.4696400285174605e-05	1.0	162393.1623931624
chr20	64072793	64072963	RNA6858	170	36	0.02784799653404155	1.4696799553348685e-05	0.9722222222222222	211764.70588235295
chr20	64073016	64073157	RNA6859	141	23	3.898510844326038e-05	0.0	1.0	163120.56737588655
chr20	64101566	64101683	RNA6860	117	9	6.859122054770581e-05	1.4696400285174605e-05	1.0	76923.07692307692
chr20	64330815	64330967	RNA6861	152	0				0.0
chr20	64331249	64331401	RNA6862	152	0				0.0
chr20	64332721	64332838	RNA6863	117	0				0.0
chr21	9140510	9140682	RNA6864	0	0				
chr21	10812991	10813163	RNA6865	170	0				0.0
chr21	13493236	13493408	RNA6866	172	0				0.0
chr21	13505262	13505434	RNA6867	172	0				0.0
chr21	13511328	13511500	RNA6868	172	0				0.0
chr21	13764672	13764844	RNA6869	0	0				
chr21	13764846	13765018	RNA6870	0	0				
chr21	13764969	13765141	RNA6871	0	0				
chr21	14473881	14474053	RNA6872	172	37	2.8605308068867923e-05	1.4698500308440998e-05	1.0	215116.27906976742
chr21	18530776	18530948	RNA6873	172	32	0.006469609927563622	0.0	0.96875	186046.51162790696
chr21	24116569	24116658	RNA6874	89	0				0.0
chr21	27837451	27837540	RNA6875	89	24	2.636113739147834e-05	1.4708900380355772e-05	1.0	269662.9213483146
chr21	27950020	27950109	RNA6876	89	0				0.0
chr21	27950366	27950455	RNA6877	89	0				0.0
chr21	27953478	27953567	RNA6878	89	0				0.0
chr21	28926413	28926502	RNA6879	89	13	8.25486146053418e-05	1.4698500308440998e-05	1.0	146067.4157303371
chr21	28927283	28927372	RNA6880	89	16	0.011593376236533	7.367049875028897e-06	0.9375	179775.2808988764
chr21	28994629	28994718	RNA6881	89	14	1.60411786315048e-05	0.0	1.0	157303.37078651684
chr21	30005625	30005714	RNA6882	89	17	0.004269265446750707	1.4697699953103438e-05	0.9411764705882353	191011.23595505618
chr21	31572651	31572745	RNA6883	94	7	6.3020142988534644e-06	0.0	1.0	74468.08510638298
chr21	32248176	32248293	RNA6884	117	25	1.1170160141770096e-05	0.0	1.0	213675.21367521366
chr21	33499072	33499161	RNA6885	89	12	1.3485016400712388e-05	0.0	1.0	134831.4606741573
chr21	34720636	34720788	RNA6886	152	25	0.014030143067102468	1.4697699953103438e-05	0.96	164473.68421052632
chr21	34721706	34721772	RNA6887	66	13	1.6964453747130935e-05	1.4700300198455809e-05	1.0	196969.69696969696
chr21	34787602	34787696	RNA6888	94	23	2.6840117322490302e-05	1.4696799553348685e-05	1.0	244680.8510638298
chr21	36024043	36024137	RNA6889	94	19	3.180174232846151e-05	0.0	1.0	202127.65957446807
chr21	36024101	36024195	RNA6890	94	14	4.526782855203745e-05	0.0	1.0	148936.17021276595
chr21	36034219	36034336	RNA6891	117	22	8.752594191140143e-05	1.4701550298923394e-05	1.0	188034.18803418803
chr21	36034395	36034489	RNA6892	94	22	0.04546189554089737	0.0	0.9545454545454546	234042.55319148937
chr21	36294312	36294406	RNA6893	94	18	0.0008762453629868836	0.0	1.0	191489.36170212764
chr21	36294654	36294748	RNA6894	94	22	0.005701578542894733	7.35574985810672e-06	0.9545454545454546	234042.55319148937
chr21	36294789	36294883	RNA6895	94	16	3.86102867082612e-05	0.0	1.0	170212.7659574468
chr21	36990672	36990789	RNA6896	117	24	0.029831200835019445	1.4696999642183075e-05	0.9583333333333334	205128.20512820513
chr21	37023169	37023286	RNA6897	117	15	4.020592720431429e-05	1.471539962949464e-05	1.0	128205.12820512819
chr21	37024217	37024311	RNA6898	94	0				0.0
chr21	37029631	37029748	RNA6899	117	0				0.0
chr21	37204517	37204634	RNA6900	117	20	3.380847083462336e-05	0.0	1.0	170940.17094017094
chr21	37206440	37206557	RNA6901	117	18	0.0009017798447530363	0.0	1.0	153846.15384615384
chr21	37207648	37207765	RNA6902	117	11	8.020799958268816e-06	0.0	1.0	94017.09401709402
chr21	37527322	37527467	RNA6903	145	22	1.269976816977191e-05	0.0	1.0	151724.1379310345
chr21	37538946	37539035	RNA6904	89	14	2.099812867786561e-05	0.0	1.0	157303.37078651684
chr21	38314403	38314520	RNA6905	117	26	0.03849772035877882	0.0	0.9615384615384616	222222.22222222222
chr21	38371574	38371640	RNA6906	66	18	1.145702213357759e-05	0.0	1.0	272727.2727272727
chr21	38372238	38372390	RNA6907	152	19	0.00021254243347356444	0.0	1.0	125000.0
chr21	39332083	39332149	RNA6908	66	13	1.4698753567732312e-05	0.0	1.0	196969.69696969696
chr21	39340560	39340712	RNA6909	152	33	0.030352914966208497	0.0	0.9696969696969697	217105.26315789475
chr21	39349684	39349750	RNA6910	66	19	0.013514776964879464	0.0	0.9473684210526315	287878.7878787879
chr21	39349702	39349854	RNA6911	152	47	0.004179137677714063	0.0	0.9787234042553191	309210.5263157895
chr21	39349713	39349779	RNA6912	66	21	0.009292393672824669	0.0	0.9523809523809523	318181.8181818182
chr21	39349757	39349909	RNA6913	152	42	0.004668954925234304	0.0	0.9761904761904762	276315.7894736842
chr21	39516440	39516506	RNA6914	66	13	0.004193968127835341	1.4700300198455809e-05	0.9230769230769231	196969.69696969696
chr21	39521681	39521833	RNA6915	152	26	0.036411816471627396	0.0	0.9615384615384616	171052.63157894736
chr21	39524426	39524492	RNA6916	66	13	0.07272683708742987	0.0	0.9230769230769231	196969.69696969696
chr21	39524877	39524943	RNA6917	66	14	0.0014754557141064154	1.4704350178362802e-05	1.0	212121.21212121213
chr21	39525159	39525311	RNA6918	152	27	0.005848582271432349	0.0	0.9259259259259259	177631.57894736843
chr21	39545928	39546080	RNA6919	152	32	7.073875946161182e-05	1.4697699953103438e-05	1.0	210526.31578947368
chr21	40855164	40855230	RNA6920	64	10	0.00022544457287948963	1.4774750070500886e-05	1.0	156250.0
chr21	40856041	40856193	RNA6921	152	30	0.06576490505388695	1.469549988541985e-05	0.9	197368.42105263157
chr21	40889945	40890039	RNA6922	91	17	2.0917512034315185e-05	0.0	1.0	186813.18681318683
chr21	41302928	41303073	RNA6923	145	18	6.532516636070795e-06	0.0	1.0	124137.93103448275
chr21	41538677	41538766	RNA6924	89	22	0.0015182853426680973	1.4698950053571025e-05	1.0	247191.01123595505
chr21	42057581	42057698	RNA6925	117	30	0.06796458631812735	7.347300197579898e-06	0.9333333333333333	256410.25641025638
chr21	42196914	42197059	RNA6926	145	30	0.00028722763439266235	1.469764993089484e-05	1.0	206896.55172413794
chr21	42325653	42325798	RNA6927	145	17	3.544691229334327e-05	1.4696799553348685e-05	1.0	117241.37931034483
chr21	42339375	42339520	RNA6928	145	0				0.0
chr21	42369727	42369872	RNA6929	145	37	0.02137979277813428	1.4696400285174605e-05	0.9459459459459459	255172.41379310345
chr21	42369957	42370102	RNA6930	145	49	0.008297746200993538	1.469590006308863e-05	0.9795918367346939	337931.0344827586
chr21	42371728	42371817	RNA6931	89	17	0.000496298968006583	1.4696400285174605e-05	1.0	191011.23595505618
chr21	42448383	42448528	RNA6932	145	25	4.8212624897129504e-05	1.4694200217491016e-05	1.0	172413.7931034483
chr21	42471236	42471325	RNA6933	89	11	0.0055010529169356465	1.4698500308440998e-05	0.9090909090909091	123595.50561797753
chr21	42472198	42472287	RNA6934	89	23	0.0003048866039297568	0.0	1.0	258426.96629213486
chr21	42615266	42615355	RNA6935	89	16	0.00019475954309199384	7.672500032640528e-06	1.0	179775.2808988764
chr21	42616990	42617079	RNA6936	89	22	2.939685001282223e-05	0.0	1.0	247191.01123595505
chr21	42619290	42619379	RNA6937	89	26	0.012816493113370174	0.0	0.9615384615384616	292134.8314606742
chr21	43380985	43381130	RNA6938	21	0				0.0
chr21	43383532	43383621	RNA6939	0	0				
chr21	44349155	44349307	RNA6940	152	35	0.00020201216523542558	1.4698500308440998e-05	1.0	230263.15789473683
chr21	44349574	44349640	RNA6941	66	19	2.088925291325586e-05	0.0	1.0	287878.7878787879
chr22	10784442	10784614	RNA6942	169	0				0.0
chr22	12595494	12595602	RNA6943	108	0				0.0
chr22	12886869	12887041	RNA6944	0	0				
chr22	15591086	15591258	RNA6945	172	0				0.0
chr22	15616721	15616893	RNA6946	172	0				0.0
chr22	15618073	15618245	RNA6947	172	0				0.0
chr22	17034421	17034529	RNA6948	108	0				0.0
chr22	17034519	17034691	RNA6949	172	0				0.0
chr22	17034630	17034736	RNA6950	106	0				0.0
chr22	17035031	17035178	RNA6951	147	0				0.0
chr22	17035452	17035624	RNA6952	172	0				0.0
chr22	17036107	17036279	RNA6953	172	36	1.714820564302266e-05	1.469569997425424e-05	1.0	209302.32558139536
chr22	17036150	17036322	RNA6954	172	35	0.002625883925247759	1.469590006308863e-05	0.9714285714285714	203488.37209302327
chr22	17591837	17591943	RNA6955	106	18	0.055593922761393806	0.0	0.9444444444444444	169811.32075471696
chr22	17591868	17591974	RNA6956	106	19	0.05265787671597583	1.4699399798701052e-05	0.9473684210526315	179245.28301886792
chr22	17591869	17591977	RNA6957	108	18	0.055559634033013734	1.4698549875902245e-05	0.9444444444444444	166666.66666666666
chr22	17591873	17591979	RNA6958	106	18	0.05556045049969624	1.4698549875902245e-05	0.9444444444444444	169811.32075471696
chr22	17591915	17592023	RNA6959	108	22	0.04617286835830534	1.4697050119139021e-05	0.9545454545454546	203703.70370370368
chr22	17591968	17592076	RNA6960	108	20	0.0007982453795648281	0.0	1.0	185185.18518518517
chr22	17730964	17731070	RNA6961	106	16	0.06250736138127877	0.0	0.9375	150943.3962264151
chr22	17731079	17731185	RNA6962	102	24	1.4348820968734799e-05	0.0	1.0	235294.11764705883
chr22	17731516	17731624	RNA6963	108	28	0.0009584255050672844	7.347100108745508e-06	1.0	259259.25925925924
chr22	17731585	17731693	RNA6964	108	9	0.11372706408049756	1.4698100130772218e-05	0.8888888888888888	83333.33333333333
chr22	17731734	17731842	RNA6965	108	20	0.05000587893500778	0.0	0.95	185185.18518518517
chr22	17787223	17787329	RNA6966	106	21	1.1198138054169249e-05	1.469590006308863e-05	1.0	198113.20754716982
chr22	18897327	18897433	RNA6967	0	0				
chr22	18898307	18898415	RNA6968	0	0				
chr22	20334031	20334203	RNA6969	0	0				
chr22	21329517	21329664	RNA6970	147	0				0.0
chr22	21647982	21648129	RNA6971	147	29	0.005998339243825309	1.4768899745831732e-05	0.9655172413793104	197278.91156462586
chr22	21649499	21649646	RNA6972	147	27	0.018746558929672533	1.4698999621032272e-05	0.9259259259259259	183673.46938775512
chr22	21650612	21650759	RNA6973	147	24	6.86124255177314e-05	1.4699799976369832e-05	1.0	163265.30612244896
chr22	21984519	21984666	RNA6974	147	29	0.03453953028167296	1.4698100130772218e-05	0.9655172413793104	197278.91156462586
chr22	21985239	21985386	RNA6975	147	32	1.6076774926432336e-05	0.0	1.0	217687.07482993195
chr22	21985732	21985840	RNA6976	108	18	3.107138400082345e-05	0.0	1.0	166666.66666666666
chr22	21987788	21987894	RNA6977	106	25	0.026650941954212613	0.0	0.96	235849.05660377358
chr22	21990202	21990349	RNA6978	147	21	2.239697650587318e-05	0.0	1.0	142857.14285714284
chr22	23017179	23017326	RNA6979	147	0				0.0
chr22	24774950	24775102	RNA6980	152	0				0.0
chr22	25739112	25739364	RNA6981	252	50	0.01999646667596607	0.0	0.98	198412.6984126984
chr22	26387548	26387660	RNA6982	112	23	0.04460801998736671	0.0	0.9565217391304348	205357.14285714284
chr22	26631505	26631652	RNA6983	147	27	7.62484564297139e-05	1.4696400285174605e-05	1.0	183673.46938775512
chr22	28758244	28758396	RNA6984	152	20	0.04867948404448725	1.4698099676024867e-05	0.95	131578.94736842104
chr22	29600685	29600837	RNA6985	152	24	1.5324720645063888e-05	1.4701099644298664e-05	1.0	157894.73684210525
chr22	29600992	29601144	RNA6986	152	34	0.00843660514679226	0.0	0.9705882352941176	223684.2105263158
chr22	29601872	29602024	RNA6987	152	25	0.04000078879194917	1.469509970775107e-05	0.96	164473.68421052632
chr22	29772522	29772674	RNA6988	152	0				0.0
chr22	29772908	29773060	RNA6989	152	0				0.0
chr22	29774140	29774392	RNA6990	252	0				0.0
chr22	29865484	29865636	RNA6991	147	27	5.348847723022292e-05	1.5573899872833863e-05	1.0	183673.46938775512
chr22	30180106	30180218	RNA6992	112	20	0.0015236595179430874	0.0	1.0	178571.42857142858
chr22	30574699	30574951	RNA6993	234	61	0.0012714724664531715	0.0	0.9836065573770492	260683.7606837607
chr22	30627305	30627526	RNA6994	221	17	0.024360252539254893	1.470159986638464e-05	0.9411764705882353	76923.07692307692
chr22	30676658	30676810	RNA6995	152	24	0.0054885742339744505	0.0	0.9583333333333334	157894.73684210525
chr22	30677843	30678095	RNA6996	252	48	0.026383305541799015	7.348200142587302e-06	0.9583333333333334	190476.19047619047
chr22	30678392	30678644	RNA6997	252	41	0.02440566004406719	0.0	0.975609756097561	162698.4126984127
chr22	30985751	30986003	RNA6998	252	45	0.022799446333495624	0.0	0.9777777777777777	178571.42857142858
chr22	30986520	30986772	RNA6999	252	53	2.6070903467765396e-05	1.4698100130772218e-05	1.0	210317.46031746033
chr22	31010121	31010373	RNA7000	252	58	0.02893277093479465	0.0	0.9655172413793104	230158.73015873015
chr22	31021545	31021657	RNA7001	112	4	3.6967001051380066e-06	0.0	1.0	35714.28571428571
chr22	31021617	31021729	RNA7002	112	22	0.045458593363698376	0.0	0.9545454545454546	196428.57142857142
chr22	31022370	31022482	RNA7003	112	17	0.05887375716616482	1.4698999621032272e-05	0.9411764705882353	151785.71428571426
chr22	31663744	31663856	RNA7004	112	17	6.940764197838779e-05	2.945070082205348e-05	1.0	151785.71428571426
chr22	31664138	31664250	RNA7005	112	19	0.00224041637796433	1.4738800018676557e-05	1.0	169642.85714285716
chr22	31664691	31664803	RNA7006	112	23	5.113021712611005e-06	0.0	1.0	205357.14285714284
chr22	31751178	31751430	RNA7007	248	54	0.01689978056715012	0.0	0.9629629629629629	217741.93548387097
chr22	32121788	32121900	RNA7008	112	20	2.939813484771979e-05	0.0	1.0	178571.42857142858
chr22	32386291	32386404	RNA7009	113	25	5.998047487082225e-05	1.4698100130772218e-05	1.0	221238.93805309734
chr22	33062222	33062394	RNA7010	172	27	0.047816928604637106	1.4696799553348685e-05	0.9259259259259259	156976.7441860465
chr22	33065832	33066002	RNA7011	170	40	3.123868509646433e-05	1.4697000096930424e-05	1.0	235294.11764705883
chr22	33925898	33926144	RNA7012	246	55	0.0018818669646035147	0.0	0.9818181818181818	223577.23577235773
chr22	34219555	34219776	RNA7013	221	39	0.0002675573451620532	1.4700300198455809e-05	1.0	176470.58823529413
chr22	34221766	34221918	RNA7014	152	28	0.00010289215707156149	0.0	1.0	184210.52631578947
chr22	35297219	35297315	RNA7015	96	15	9.799346662475727e-06	0.0	1.0	156250.0
chr22	35297517	35297606	RNA7016	80	23	9.17410912417956e-05	0.0	1.0	287500.0
chr22	35297557	35297709	RNA7017	139	37	0.02711180140058049	1.4710200048284603e-05	0.972972972972973	266187.0503597122
chr22	35429637	35429897	RNA7018	260	47	0.0033638429904579202	1.469590006308863e-05	0.9787234042553191	180769.23076923075
chr22	35519662	35519883	RNA7019	221	50	0.008406546120077107	1.4696999642183075e-05	0.98	226244.3438914027
chr22	35535189	35535410	RNA7020	220	41	0.00020648876522122415	1.4713199561811052e-05	1.0	186363.63636363638
chr22	35535330	35535551	RNA7021	220	33	9.283825271598038e-05	0.0	1.0	150000.0
chr22	35641666	35641887	RNA7022	221	46	0.00011822095348179442	0.0	1.0	208144.7963800905
chr22	35642129	35642350	RNA7023	221	53	0.006923402851206665	0.0	0.9811320754716981	239819.0045248869
chr22	35716259	35716480	RNA7024	221	36	4.206602994195243e-05	0.0	1.0	162895.92760180996
chr22	35738344	35738596	RNA7025	252	63	0.01895381489075156	1.4696799553348685e-05	0.9682539682539683	250000.0
chr22	36070715	36070827	RNA7026	112	0				0.0
chr22	36136494	36136607	RNA7027	113	18	0.007671989258849652	1.47024002217222e-05	0.9444444444444444	159292.03539823007
chr22	36557622	36557843	RNA7028	221	62	0.022543583360255717	7.347950031544315e-06	0.967741935483871	280542.98642533936
chr22	36785988	36786158	RNA7029	170	36	1.8372636052134704e-05	1.4696400285174605e-05	1.0	211764.70588235295
chr22	36786342	36786514	RNA7030	172	44	0.022758340807678735	1.4699599887535442e-05	0.9772727272727273	255813.9534883721
chr22	37032672	37032785	RNA7031	113	21	4.20070944182077e-05	1.4698500308440998e-05	1.0	185840.70796460178
chr22	37117657	37117770	RNA7032	113	18	0.0030789766047342256	0.0	0.9444444444444444	159292.03539823007
chr22	37118389	37118502	RNA7033	113	18	8.983166784065928e-06	0.0	1.0	159292.03539823007
chr22	37201288	37201401	RNA7034	109	0				0.0
chr22	37202471	37202584	RNA7035	113	20	2.6459754917588923e-05	1.4700950032420224e-05	1.0	176991.15044247787
chr22	37272534	37272647	RNA7036	112	21	0.039076116798371786	1.4702900443808176e-05	0.9523809523809523	187500.0
chr22	37520048	37520172	RNA7037	124	33	0.0019663386447064104	0.0	1.0	266129.0322580645
chr22	37569540	37569710	RNA7038	170	42	0.009412619074261046	1.4696800008096034e-05	0.9761904761904762	247058.82352941178
chr22	37596415	37596587	RNA7039	172	40	6.959300646940117e-05	1.4705249668622855e-05	1.0	232558.13953488372
chr22	37668801	37668971	RNA7040	170	28	8.922785647363135e-06	0.0	1.0	164705.88235294117
chr22	37671883	37672053	RNA7041	162	28	0.0023234893310148225	1.4800999906583456e-05	0.9642857142857143	172839.5061728395
chr22	37679844	37680014	RNA7042	170	33	2.0488694038551918e-05	1.4697199731017465e-05	1.0	194117.64705882352
chr22	37680438	37680610	RNA7043	172	27	3.5947270791635975e-05	1.470159986638464e-05	1.0	156976.7441860465
chr22	37680716	37680886	RNA7044	170	0				0.0
chr22	37681254	37681426	RNA7045	172	0				0.0
chr22	37782231	37782401	RNA7046	170	19	4.951138874418826e-05	1.4701099644298664e-05	1.0	111764.70588235295
chr22	37784471	37784643	RNA7047	172	37	0.008684474345623246	1.4698999621032272e-05	0.972972972972973	215116.27906976742
chr22	37785975	37786147	RNA7048	172	30	3.144297024846001e-05	0.0	1.0	174418.6046511628
chr22	37800189	37800260	RNA7049	71	0				0.0
chr22	37822244	37822490	RNA7050	246	47	5.943055316976747e-06	0.0	1.0	191056.9105691057
chr22	37828335	37828507	RNA7051	172	25	0.00010230098432657392	1.4696799553348685e-05	1.0	145348.83720930232
chr22	38075858	38075971	RNA7052	113	18	1.6330933097678745e-05	1.4696349808218656e-05	1.0	159292.03539823007
chr22	38399157	38399309	RNA7053	152	80	0.01264396455318319	1.4712600204802584e-05	0.975	526315.7894736842
chr22	38518104	38518200	RNA7054	96	15	3.136664587751548e-05	0.0	1.0	156250.0
chr22	38701610	38701856	RNA7055	246	60	1.1762168378481875e-05	1.4696999642183075e-05	1.0	243902.43902439025
chr22	38701685	38701855	RNA7056	170	35	9.244471428766182e-06	0.0	1.0	205882.35294117645
chr22	38803807	38803979	RNA7057	172	24	0.01329449272687573	1.4699799976369832e-05	0.9583333333333334	139534.88372093023
chr22	38808834	38809080	RNA7058	246	48	1.5619945713750462e-05	0.0	1.0	195121.9512195122
chr22	38817662	38817908	RNA7059	246	40	0.025014700282486046	0.0	0.975	162601.62601626015
chr22	38845205	38845451	RNA7060	246	41	0.049697015954667974	0.0	0.926829268292683	166666.66666666666
chr22	38847505	38847584	RNA7061	79	15	2.1562900352970853e-05	1.4697699953103438e-05	1.0	189873.417721519
chr22	38854033	38854279	RNA7062	246	51	7.731982726659494e-05	1.4700300198455809e-05	1.0	207317.0731707317
chr22	38931884	38932130	RNA7063	239	64	0.016476810931720813	1.4729699614690617e-05	0.984375	267782.42677824263
chr22	38982148	38982248	RNA7064	100	22	0.0001598332201369434	1.4840099993307376e-05	1.0	220000.0
chr22	39013735	39013824	RNA7065	89	34	0.029438997726227913	1.4694850051455433e-05	0.9705882352941176	382022.47191011236
chr22	39292150	39292302	RNA7066	152	47	2.065309589407197e-05	1.4703299711982254e-05	1.0	309210.5263157895
chr22	39392082	39392234	RNA7067	152	20	0.00045849740672564935	1.4695749996462837e-05	1.0	131578.94736842104
chr22	39398975	39399127	RNA7068	152	34	0.029439519441011183	1.4723850199516164e-05	0.9705882352941176	223684.2105263158
chr22	39399379	39399639	RNA7069	260	58	1.824959166822356e-05	0.0	1.0	223076.9230769231
chr22	39437546	39437698	RNA7070	152	23	3.1321722536114686e-05	0.0	1.0	151315.7894736842
chr22	39439975	39440071	RNA7071	96	20	7.938445151012274e-06	0.0	1.0	208333.33333333334
chr22	39449374	39449526	RNA7072	152	19	2.8627668430802532e-05	1.4699799976369832e-05	1.0	125000.0
chr22	39519201	39519297	RNA7073	96	27	2.2864970728899644e-05	1.469590006308863e-05	1.0	281250.0
chr22	39528527	39528623	RNA7074	96	19	2.7086768520683067e-05	1.4699399798701052e-05	1.0	197916.66666666666
chr22	39538785	39538937	RNA7075	152	32	0.03018199459731363	1.469590006308863e-05	0.96875	210526.31578947368
chr22	39539286	39539382	RNA7076	96	16	2.944634996992749e-05	1.4735349850525381e-05	1.0	166666.66666666666
chr22	39542802	39542898	RNA7077	96	26	2.776363799756906e-05	1.4719500086357584e-05	1.0	270833.3333333333
chr22	39691486	39691582	RNA7078	96	16	0.06251286805627387	1.4699200164614012e-05	0.9375	166666.66666666666
chr22	39897042	39897288	RNA7079	246	61	0.00011636851073102099	0.0	1.0	247967.47967479675
chr22	39991788	39991877	RNA7080	89	15	0.06668920403972152	0.0	0.9333333333333333	168539.32584269662
chr22	40044602	40044691	RNA7081	89	30	1.3236146605777321e-05	1.4700299743708456e-05	1.0	337078.65168539324
chr22	40044670	40044759	RNA7082	89	22	0.0002345556546391546	0.0	1.0	247191.01123595505
chr22	40337152	40337412	RNA7083	260	62	1.399279040748537e-05	0.0	1.0	238461.53846153847
chr22	40338462	40338551	RNA7084	89	15	5.882346643678223e-06	0.0	1.0	168539.32584269662
chr22	40343939	40344028	RNA7085	89	20	1.3325235067895847e-05	1.4742550320079317e-05	1.0	224719.1011235955
chr22	40344540	40344629	RNA7086	87	15	7.864108829380081e-05	0.0	1.0	172413.7931034483
chr22	40344885	40345106	RNA7087	221	31	2.6091974119006404e-05	0.0	1.0	140271.49321266968
chr22	40345073	40345333	RNA7088	260	35	0.0005624672903130436	1.4699799976369832e-05	1.0	134615.3846153846
chr22	40345213	40345365	RNA7089	152	19	0.04420878156643562	1.4704999557579868e-05	0.9473684210526315	125000.0
chr22	40345770	40346030	RNA7090	260	58	0.0009647327657180067	0.0	0.9827586206896551	223076.9230769231
chr22	40636743	40636839	RNA7091	96	29	2.0271520701620554e-05	1.469509970775107e-05	1.0	302083.3333333333
chr22	40638602	40638862	RNA7092	260	27	0.0001823406186371394	1.4710200048284603e-05	1.0	103846.15384615386
chr22	40646952	40647212	RNA7093	260	45	0.00015956759238583198	0.0	1.0	173076.92307692306
chr22	40648117	40648377	RNA7094	260	43	2.564132316978204e-05	1.4698999621032272e-05	1.0	165384.61538461538
chr22	41360302	41360391	RNA7095	89	19	1.9339105356745056e-05	1.4696799553348685e-05	1.0	213483.1460674157
chr22	41545675	41545799	RNA7096	124	49	0.016452616670922366	1.4697699953103438e-05	0.9795918367346939	395161.2903225806
chr22	41664323	41664583	RNA7097	260	56	1.6799891552311073e-05	0.0	1.0	215384.6153846154
chr22	41698515	41698586	RNA7098	71	18	8.191266614529821e-06	0.0	1.0	253521.12676056338
chr22	41698703	41698824	RNA7099	121	0				0.0
chr22	42139992	42140105	RNA7100	113	0				0.0
chr22	42155597	42155748	RNA7101	151	31	3.937549386576953e-05	1.4698500308440998e-05	1.0	205298.0132450331
chr22	42157066	42157217	RNA7102	151	37	1.5891662032289958e-05	1.4699399798701052e-05	1.0	245033.11258278147
chr22	42159009	42159160	RNA7103	151	36	2.7831244349513427e-05	1.4701150121254614e-05	1.0	238410.59602649006
chr22	42436973	42437097	RNA7104	124	25	4.0000842636796076e-05	1.4708900380355772e-05	1.0	201612.90322580643
chr22	42498068	42498192	RNA7105	124	17	6.0557706948362895e-06	0.0	1.0	137096.77419354836
chr22	42499244	42499368	RNA7106	121	30	0.002564582186247806	1.4727550023962976e-05	0.9666666666666667	247933.88429752068
chr22	42520053	42520177	RNA7107	124	34	0.0002218280462383279	1.4698300219606608e-05	1.0	274193.54838709673
chr22	42534975	42535099	RNA7108	124	24	8.82196518053378e-05	1.4696400285174605e-05	1.0	193548.38709677418
chr22	42582097	42582221	RNA7109	124	35	0.05727347693142032	1.4699399798701052e-05	0.9428571428571428	282258.06451612903
chr22	42583459	42583629	RNA7110	170	41	0.016701448913741708	0.0	0.975609756097561	241176.4705882353
chr22	42731065	42731136	RNA7111	71	13	1.0176492161496497e-05	0.0	1.0	183098.5915492958
chr22	42775575	42775747	RNA7112	172	37	0.027041023415984307	1.4706300135003405e-05	0.9459459459459459	215116.27906976742
chr22	42791651	42791722	RNA7113	71	9	0.11111437735568568	0.0	0.8888888888888888	126760.56338028169
chr22	42795127	42795198	RNA7114	71	0				0.0
chr22	42795601	42795680	RNA7115	79	10	0.002935801258990965	7.363749773503514e-06	1.0	126582.27848101266
chr22	43089420	43089491	RNA7116	71	18	3.1861672293108206e-05	1.469984999857843e-05	1.0	253521.12676056338
chr22	43089927	43089998	RNA7117	71	8	1.8490625279810045e-06	0.0	1.0	112676.05633802817
chr22	43090115	43090186	RNA7118	71	15	1.0782066783576739e-05	0.0	1.0	211267.6056338028
chr22	43091960	43092060	RNA7119	96	17	2.9435635202817068e-05	1.5399300536955707e-05	1.0	177083.33333333334
chr22	43144701	43144852	RNA7120	151	0				0.0
chr22	43409853	43410099	RNA7121	246	50	0.02006085323706429	1.4697699953103438e-05	0.98	203252.03252032519
chr22	43410281	43410360	RNA7122	79	13	4.4099431341651395e-05	1.4700700376124589e-05	1.0	164556.96202531643
chr22	43410460	43410584	RNA7123	124	29	4.967950788905627e-05	0.0	1.0	233870.96774193548
chr22	43410642	43410721	RNA7124	79	19	8.509315720354943e-06	1.469590006308863e-05	1.0	240506.32911392406
chr22	43411076	43411155	RNA7125	79	13	4.0703724013063085e-05	0.0	1.0	164556.96202531643
chr22	43863219	43863298	RNA7126	74	19	6.107461960804854e-05	0.0	1.0	256756.75675675675
chr22	43864062	43864162	RNA7127	100	18	0.0006353444691234765	0.0	1.0	180000.0
chr22	43866705	43866805	RNA7128	100	17	2.5075723576312555e-05	1.4698999621032272e-05	1.0	170000.0
chr22	43866874	43866974	RNA7129	100	25	0.040824911653435256	1.470460028940579e-05	0.96	250000.0
chr22	43868959	43869038	RNA7130	79	15	8.427131433563102e-05	1.4699399798701052e-05	1.0	189873.417721519
chr22	43873250	43873329	RNA7131	79	9	0.11111601008875975	1.4696799553348685e-05	0.8888888888888888	113924.05063291139
chr22	43873404	43873475	RNA7132	71	13	0.06397483176050837	0.0	0.8461538461538461	183098.5915492958
chr22	44236653	44236753	RNA7133	100	9	0.000483489933887735	1.4707999980601016e-05	1.0	90000.0
chr22	44237330	44237430	RNA7134	99	16	5.542812459680135e-06	0.0	1.0	161616.16161616164
chr22	44242772	44242872	RNA7135	100	23	0.009463270235597595	1.4713699783897027e-05	0.9130434782608695	230000.0
chr22	44423599	44423751	RNA7136	152	50	0.020046154139981804	1.4697900041937828e-05	0.98	328947.36842105264
chr22	44498911	44499007	RNA7137	96	0				0.0
chr22	44865211	44865290	RNA7138	79	33	0.00011449621306934154	0.0	1.0	417721.5189873418
chr22	45013289	45013389	RNA7139	100	27	0.003114439341044519	0.0	0.9629629629629629	270000.0
chr22	45298841	45299101	RNA7140	260	58	2.9152930892447475e-05	1.4698300219606608e-05	1.0	223076.9230769231
chr22	45300431	45300520	RNA7141	89	22	1.3361168095631444e-05	0.0	1.0	247191.01123595505
chr22	45867472	45867593	RNA7142	121	32	0.0003723616872832694	0.0	1.0	264462.80991735536
chr22	45987745	45987866	RNA7143	121	16	9.187331272642041e-06	0.0	1.0	132231.40495867768
chr22	45990497	45990618	RNA7144	121	18	0.05562005558481864	1.469569997425424e-05	0.9444444444444444	148760.3305785124
chr22	45993522	45993673	RNA7145	151	29	2.2232468899312644e-05	1.4752299648534972e-05	1.0	192052.98013245035
chr22	45994275	45994396	RNA7146	121	28	0.013530876497562917	7.353799901466118e-06	0.9642857142857143	231404.95867768597
chr22	47177755	47177876	RNA7147	121	31	0.007601475578461935	1.4694200217491016e-05	0.967741935483871	256198.347107438
chr22	47178039	47178160	RNA7148	121	35	0.020056613286085063	1.4708500202686992e-05	0.9428571428571428	289256.1983471074
chr22	47178826	47178947	RNA7149	121	35	3.066259461254899e-05	1.4698500308440998e-05	1.0	289256.1983471074
chr22	47455094	47455218	RNA7150	124	28	0.05035564022971682	1.4705200101161608e-05	0.9285714285714286	225806.4516129032
chr22	47609741	47609862	RNA7151	121	27	0.013114060861847028	1.4697199731017465e-05	0.9629629629629629	223140.4958677686
chr22	47610415	47610486	RNA7152	71	7	1.2600342675536272e-05	1.4699399798701052e-05	1.0	98591.54929577465
chr22	48473359	48473438	RNA7153	79	18	4.4919498325012393e-05	1.4696149719384266e-05	1.0	227848.10126582277
chr22	48995786	48995886	RNA7154	100	0				0.0
chr3	2084018	2084085	RNA7155	67	29	0.042181298180586385	1.471579980716342e-05	0.9310344827586207	432835.82089552237
chr3	2090295	2090362	RNA7156	67	16	0.02770795120147795	7.350350188062294e-06	0.9375	238805.97014925373
chr3	2094044	2094111	RNA7157	67	19	6.962600022425728e-06	0.0	1.0	283582.0895522388
chr3	2095756	2095823	RNA7158	67	10	0.02897214887261725	0.0	0.9	149253.73134328358
chr3	3180586	3180653	RNA7159	67	17	8.388722252514223e-05	1.4699799976369832e-05	1.0	253731.3432835821
chr3	3181882	3181949	RNA7160	67	9	0.02274480215570899	1.4714500139234588e-05	0.8888888888888888	134328.35820895524
chr3	3184180	3184247	RNA7161	67	12	2.4499799640875698e-05	0.0	1.0	179104.4776119403
chr3	4471320	4471387	RNA7162	67	13	7.800366354506203e-05	1.4696799553348685e-05	1.0	194029.85074626867
chr3	5634489	5634556	RNA7163	67	15	6.860500070615671e-06	0.0	1.0	223880.59701492538
chr3	9482701	9482834	RNA7164	133	27	0.00014753415295368599	0.0	1.0	203007.51879699246
chr3	10244921	10245077	RNA7165	156	28	2.204753955733151e-05	0.0	1.0	179487.1794871795
chr3	13287631	13287764	RNA7166	133	28	1.260225712940155e-05	7.347300197579898e-06	1.0	210526.31578947368
chr3	14083067	14083200	RNA7167	133	18	1.3880927831956393e-05	1.4696999642183075e-05	1.0	135338.34586466165
chr3	14109170	14109303	RNA7168	133	22	0.02159203900555439	1.4699599887535442e-05	0.9545454545454546	165413.53383458644
chr3	14109210	14109343	RNA7169	133	22	0.021590700655492987	1.4699599887535442e-05	0.9545454545454546	165413.53383458644
chr3	14209192	14209348	RNA7170	156	28	1.8376360588132224e-05	7.348599865508732e-06	1.0	179487.1794871795
chr3	14209875	14210008	RNA7171	133	30	0.03384698500003651	1.4696400285174605e-05	0.9333333333333333	225563.9097744361
chr3	14215056	14215189	RNA7172	133	26	1.4132953905430275e-05	0.0	1.0	195488.72180451127
chr3	14241845	14241978	RNA7173	133	26	0.00010929708717482042	1.4698749964736635e-05	1.0	195488.72180451127
chr3	15107471	15107627	RNA7174	156	32	0.00022475385111419687	1.4697900041937828e-05	1.0	205128.20512820513
chr3	15143995	15144128	RNA7175	133	28	0.020875631274131067	0.0	0.9642857142857143	210526.31578947368
chr3	15149200	15149356	RNA7176	156	26	1.8091523088513226e-05	1.4696999642183075e-05	1.0	166666.66666666666
chr3	15151246	15151402	RNA7177	156	34	0.02965731565004983	1.470220013288781e-05	0.9411764705882353	217948.71794871794
chr3	15366993	15367149	RNA7178	156	28	1.2610264028416299e-05	0.0	1.0	179487.1794871795
chr3	15367020	15367176	RNA7179	156	26	0.0005545989977410755	0.0	1.0	166666.66666666666
chr3	15367380	15367536	RNA7180	156	23	2.7483030388118296e-05	1.4697699953103438e-05	1.0	147435.89743589744
chr3	16520230	16520386	RNA7181	156	24	7.988437459971465e-06	0.0	1.0	153846.15384615384
chr3	18945862	18945995	RNA7182	133	0				0.0
chr3	18945911	18946067	RNA7183	156	0				0.0
chr3	25666040	25666207	RNA7184	167	28	6.090015007689726e-05	1.4698300219606608e-05	1.0	167664.67065868262
chr3	30080926	30081093	RNA7185	164	46	0.08180417128134017	2.7003049581253435e-05	0.8478260869565217	280487.80487804883
chr3	30081003	30081078	RNA7186	75	21	0.0531348721008163	1.582930053700693e-05	0.8571428571428571	280000.0
chr3	30552379	30552546	RNA7187	167	25	1.0584572119114454e-05	0.0	1.0	149700.5988023952
chr3	30563518	30563685	RNA7188	134	36	0.000589359962532395	0.0	1.0	268656.7164179105
chr3	30575739	30575906	RNA7189	167	30	3.6777357763638075e-05	0.0	1.0	179640.71856287424
chr3	30694882	30695049	RNA7190	167	31	0.00012850153519049687	0.0	1.0	185628.74251497004
chr3	30702714	30702881	RNA7191	167	29	0.012403107006634696	0.0	0.9655172413793104	173652.69461077845
chr3	30724411	30724578	RNA7192	167	33	3.2072474906186656e-05	0.0	1.0	197604.79041916167
chr3	31637991	31638158	RNA7193	167	30	3.38101107748402e-05	0.0	1.0	179640.71856287424
chr3	32378876	32378951	RNA7194	75	15	3.0382900270823213e-05	0.0	1.0	200000.0
chr3	33272890	33272965	RNA7195	75	13	1.243906172021525e-05	0.0	1.0	173333.33333333334
chr3	33273272	33273347	RNA7196	75	11	6.681154445686843e-06	0.0	1.0	146666.66666666666
chr3	33273514	33273589	RNA7197	75	17	2.2482553022730958e-05	0.0	1.0	226666.66666666666
chr3	33442455	33442530	RNA7198	75	9	8.166955619041497e-06	0.0	1.0	120000.0
chr3	33443008	33443083	RNA7199	75	13	3.392146880706229e-05	0.0	1.0	173333.33333333334
chr3	33492744	33492819	RNA7200	75	10	1.0290610134688905e-05	7.349899988184916e-06	1.0	133333.33333333334
chr3	33725796	33725934	RNA7201	138	30	0.0004414642013216473	1.4701349755341653e-05	1.0	217391.30434782608
chr3	33870338	33870438	RNA7202	100	19	0.0046466928550599725	0.0	0.9473684210526315	190000.0
chr3	34793286	34793361	RNA7203	75	19	0.052637767868681726	0.0	0.9473684210526315	253333.33333333334
chr3	34805157	34805266	RNA7204	109	27	1.797854104181571e-05	0.0	1.0	247706.42201834865
chr3	35633995	35634162	RNA7205	167	38	0.02635795441682076	7.347749942709925e-06	0.9736842105263158	227544.91017964072
chr3	37442809	37442947	RNA7206	138	22	0.04548594728232109	1.4698100130772218e-05	0.9545454545454546	159420.28985507245
chr3	37985283	37985445	RNA7207	162	31	0.026634260031964764	1.4698500308440998e-05	0.967741935483871	191358.024691358
chr3	37986104	37986204	RNA7208	100	19	3.6358753373184807e-05	1.4697199731017465e-05	1.0	190000.0
chr3	38143078	38143187	RNA7209	109	13	0.07694569519242997	1.4700300198455809e-05	0.9230769230769231	119266.05504587157
chr3	38345595	38345733	RNA7210	135	26	0.0004207550488480071	1.4702449789183447e-05	1.0	192592.59259259258
chr3	38345728	38345803	RNA7211	75	14	2.31259711134549e-05	7.350350188062294e-06	1.0	186666.6666666667
chr3	38493235	38493373	RNA7212	138	28	8.39936433294497e-06	0.0	1.0	202898.5507246377
chr3	38494742	38494880	RNA7213	137	20	0.029148374544820395	0.0	0.95	145985.401459854
chr3	38544940	38545078	RNA7214	138	24	7.961979160124125e-06	0.0	1.0	173913.04347826086
chr3	38547410	38547548	RNA7215	138	16	1.0112649988514022e-05	7.347950031544315e-06	1.0	115942.02898550725
chr3	38654593	38654731	RNA7216	138	26	2.2050754383736005e-05	1.4699199709866662e-05	1.0	188405.79710144928
chr3	38680123	38680223	RNA7217	100	20	4.6940410220479365e-05	1.4703100077895215e-05	1.0	200000.0
chr3	38837666	38837775	RNA7218	109	25	0.0002463674522368778	1.4697699953103438e-05	1.0	229357.79816513762
chr3	38840563	38840663	RNA7219	100	24	1.22509417224137e-05	0.0	1.0	240000.0
chr3	38841373	38841473	RNA7220	100	18	2.123213299556075e-05	0.0	1.0	180000.0
chr3	38841845	38841954	RNA7221	109	9	6.532877806522367e-06	0.0	1.0	82568.80733944954
chr3	38843646	38843755	RNA7222	109	19	1.0829678869509065e-05	0.0	1.0	174311.9266055046
chr3	39397730	39397830	RNA7223	100	22	3.007485863483927e-05	1.4698549875902245e-05	1.0	220000.0
chr3	39397779	39397879	RNA7224	100	12	1.1030174770591353e-05	0.0	1.0	120000.0
chr3	39397894	39398003	RNA7225	109	14	0.00010185832953927381	0.0	1.0	128440.36697247707
chr3	39399845	39399945	RNA7226	100	19	0.05265248098409133	2.9408300179056823e-05	0.9473684210526315	190000.0
chr3	39400185	39400294	RNA7227	109	14	3.1509050196676655e-05	1.4698950053571025e-05	1.0	128440.36697247707
chr3	39403156	39403265	RNA7228	109	0				0.0
chr3	39530957	39531095	RNA7229	138	31	2.8449619681083155e-05	0.0	1.0	224637.6811594203
chr3	40313085	40313185	RNA7230	100	20	4.410275005284348e-06	0.0	1.0	200000.0
chr3	40313554	40313663	RNA7231	109	18	2.4499222490703687e-06	0.0	1.0	165137.6146788991
chr3	40471056	40471309	RNA7232	253	49	0.00017226235688992014	0.0	1.0	193675.88932806323
chr3	40595232	40595298	RNA7233	66	13	1.0177338761143172e-05	0.0	1.0	196969.69696969696
chr3	41173814	41174007	RNA7234	193	23	4.7278666897907236e-05	1.4697699953103438e-05	1.0	119170.98445595855
chr3	41174774	41174936	RNA7235	162	36	0.012474193486645564	0.0	0.9722222222222222	222222.22222222222
chr3	41963296	41963362	RNA7236	66	12	6.125560154638002e-05	0.0	1.0	181818.18181818182
chr3	42431652	42431814	RNA7237	162	36	4.2463729540837405e-05	0.0	1.0	222222.22222222222
chr3	42539883	42540045	RNA7238	162	41	0.00044135457835913877	1.4699399798701052e-05	1.0	253086.41975308643
chr3	42544077	42544239	RNA7239	162	21	1.2599919067551604e-05	1.4698100130772218e-05	1.0	129629.62962962962
chr3	42684342	42684504	RNA7240	162	35	5.508199675594545e-05	0.0	1.0	216049.38271604938
chr3	42684349	42684511	RNA7241	162	33	5.4810254258685624e-05	0.0	1.0	203703.70370370368
chr3	42684931	42685093	RNA7242	162	27	3.375961120952365e-05	1.4700300198455809e-05	1.0	166666.66666666666
chr3	43280184	43280322	RNA7243	138	31	0.03225521572975624	1.4697199731017465e-05	0.967741935483871	224637.6811594203
chr3	43744018	43744180	RNA7244	162	33	0.006297362988940827	0.0	0.9696969696969697	203703.70370370368
chr3	43744088	43744189	RNA7245	101	21	1.890509554955361e-05	0.0	1.0	207920.79207920792
chr3	43809168	43809268	RNA7246	32	7	2.2921042857758168e-05	1.7193400708492845e-05	1.0	218750.0
chr3	44127712	44127821	RNA7247	109	19	0.0003335121161733956	1.4699799976369832e-05	1.0	174311.9266055046
chr3	44410279	44410398	RNA7248	119	20	0.0012187612224352005	0.0	1.0	168067.2268907563
chr3	44410471	44410724	RNA7249	253	50	0.0003107954705774189	1.4700699921377236e-05	1.0	197628.4584980237
chr3	44554878	44554944	RNA7250	66	13	1.695934602489265e-05	1.4697699953103438e-05	1.0	196969.69696969696
chr3	44737361	44737554	RNA7251	193	42	0.024251973277625346	7.3512001108611e-06	0.9761904761904762	217616.58031088082
chr3	45348860	45349113	RNA7252	253	50	0.0074609124484777516	1.4696599919261644e-05	0.98	197628.4584980237
chr3	45350097	45350227	RNA7253	130	26	2.035220401151806e-05	7.347749942709925e-06	1.0	200000.0
chr3	45383054	45383120	RNA7254	66	11	0.0005225015407135617	1.4696400285174605e-05	1.0	166666.66666666666
chr3	45383795	45383861	RNA7255	66	12	3.3071607504096184e-05	0.0	1.0	181818.18181818182
chr3	45384116	45384369	RNA7256	253	38	0.026325849628990806	7.349050065386109e-06	0.9736842105263158	150197.62845849802
chr3	45384706	45384959	RNA7257	253	36	2.886949722677327e-05	1.4697900041937828e-05	1.0	142292.4901185771
chr3	45388360	45388426	RNA7258	66	23	0.002158120640279257	0.0	1.0	348484.8484848485
chr3	45745839	45745905	RNA7259	66	7	5.24978564239189e-05	0.0	1.0	106060.60606060606
chr3	45746933	45747186	RNA7260	253	62	0.016447656075929584	1.4696400285174605e-05	0.9838709677419355	245059.2885375494
chr3	45747049	45747115	RNA7261	66	21	4.898938078397242e-06	0.0	1.0	318181.8181818182
chr3	45748117	45748370	RNA7262	253	60	1.2250508355767427e-05	1.4696800008096034e-05	1.0	237154.15019762845
chr3	45748144	45748337	RNA7263	193	49	9.900538780315476e-06	0.0	1.0	253886.0103626943
chr3	45748178	45748431	RNA7264	253	55	1.1226810932963748e-05	1.4698500308440998e-05	1.0	217391.30434782608
chr3	45751059	45751252	RNA7265	193	41	0.02452289143736668	0.0	0.975609756097561	212435.23316062178
chr3	45752590	45752783	RNA7266	193	38	8.08395553145864e-05	0.0	1.0	196891.19170984457
chr3	45753918	45753984	RNA7267	66	15	0.00010387118005988703	0.0	1.0	227272.72727272726
chr3	45916073	45916266	RNA7268	193	44	0.005996303070622322	1.4695950085297227e-05	0.9772727272727273	227979.27461139896
chr3	45916227	45916420	RNA7269	193	33	5.702106406688148e-05	0.0	1.0	170984.45595854922
chr3	45916692	45916885	RNA7270	193	40	2.6093007704728347e-05	1.4698749964736635e-05	1.0	207253.88601036268
chr3	45917027	45917093	RNA7271	66	11	2.0043181228334437e-05	0.0	1.0	166666.66666666666
chr3	46515032	46515285	RNA7272	253	51	0.020765064926433523	0.0	0.9607843137254902	201581.0276679842
chr3	46694190	46694256	RNA7273	66	16	7.53418133854122e-05	7.348200142587302e-06	1.0	242424.24242424243
chr3	46826956	46827022	RNA7274	66	3	1.4697200337347264e-05	1.4698500308440998e-05	1.0	45454.545454545456
chr3	46834338	46834531	RNA7275	193	43	0.00019485678891468006	1.4698500308440998e-05	1.0	222797.9274611399
chr3	46909468	46909534	RNA7276	66	16	2.2048687526416193e-05	1.4699199709866662e-05	1.0	242424.24242424243
chr3	46920048	46920114	RNA7277	66	8	2.945087510397096e-05	0.0	1.0	121212.12121212122
chr3	47010546	47010612	RNA7278	66	12	8.574841634375238e-06	0.0	1.0	181818.18181818182
chr3	47010647	47010713	RNA7279	66	9	6.533255549988502e-06	0.0	1.0	136363.63636363635
chr3	47016035	47016101	RNA7280	66	13	1.1391738553356845e-05	0.0	1.0	196969.69696969696
chr3	47354859	47355029	RNA7281	170	36	5.7168127770833395e-05	0.0	1.0	211764.70588235295
chr3	47373066	47373167	RNA7282	101	13	9.044392334964448e-06	0.0	1.0	128712.87128712871
chr3	47581522	47581684	RNA7283	162	32	0.06254363174753053	1.469764993089484e-05	0.9375	197530.86419753084
chr3	47850420	47850523	RNA7284	103	23	2.4285656566103252e-05	0.0	1.0	223300.97087378643
chr3	48091475	48091541	RNA7285	66	12	3.3073892685319714e-05	7.350350188062294e-06	1.0	181818.18181818182
chr3	48092960	48093075	RNA7286	115	17	1.471492958123289e-05	1.4703299711982254e-05	1.0	147826.08695652176
chr3	48194048	48194149	RNA7287	101	19	1.3925773888140133e-05	0.0	1.0	188118.81188118813
chr3	48240239	48240340	RNA7288	101	20	5.880750040887506e-06	0.0	1.0	198019.80198019804
chr3	48240875	48240976	RNA7289	101	20	3.7480979744938296e-05	1.4697199731017465e-05	1.0	198019.80198019804
chr3	48304437	48304538	RNA7290	101	9	9.82309999623491e-06	1.471840005251579e-05	1.0	89108.91089108911
chr3	48305769	48305870	RNA7291	101	16	1.4697912376959721e-05	7.348399776674342e-06	1.0	158415.84158415842
chr3	48367643	48367762	RNA7292	119	18	1.2249650050459119e-05	1.4698100130772218e-05	1.0	151260.50420168065
chr3	48401710	48401811	RNA7293	101	15	0.06667156349976723	1.4697699953103438e-05	0.9333333333333333	148514.8514851485
chr3	49023771	49023901	RNA7294	130	28	0.00880800293897924	1.4701349755341653e-05	0.9642857142857143	215384.6153846154
chr3	49258735	49258854	RNA7295	119	0				0.0
chr3	49267342	49267443	RNA7296	101	15	4.409924622450173e-05	0.0	1.0	148514.8514851485
chr3	49349525	49349644	RNA7297	119	19	1.3928842236055061e-05	1.4699799976369832e-05	1.0	159663.86554621847
chr3	49357039	49357158	RNA7298	117	25	1.5392591849376912e-05	0.0	1.0	213675.21367521366
chr3	49416506	49416625	RNA7299	119	22	2.2715831619272278e-05	0.0	1.0	184873.94957983194
chr3	49416535	49416654	RNA7300	119	19	1.547385770543682e-05	0.0	1.0	159663.86554621847
chr3	49416619	49416738	RNA7301	119	13	0.02360358461052013	0.0	0.9230769230769231	109243.6974789916
chr3	49816813	49816943	RNA7302	130	16	0.013787599112106363	7.352699867624324e-06	0.9375	123076.92307692308
chr3	49856802	49856932	RNA7303	130	29	0.0002975351353911549	0.0	1.0	223076.9230769231
chr3	49857807	49857937	RNA7304	130	15	1.2739193516608794e-05	0.0	1.0	115384.61538461539
chr3	49871134	49871264	RNA7305	130	24	2.633404941813027e-05	0.0	1.0	184615.38461538462
chr3	49883000	49883130	RNA7306	130	18	0.002035759130194487	0.0	1.0	138461.53846153847
chr3	49931158	49931288	RNA7307	130	16	0.00039320670168763156	1.4695950085297227e-05	1.0	123076.92307692308
chr3	50505344	50505463	RNA7308	119	29	2.4330096619384977e-05	0.0	1.0	243697.47899159664
chr3	50548936	50549189	RNA7309	253	54	1.7148516521785727e-05	1.4697199731017465e-05	1.0	213438.7351778656
chr3	50673504	50673634	RNA7310	130	23	0.011322882933595593	0.0	0.9565217391304348	176923.07692307694
chr3	50673809	50674002	RNA7311	193	26	2.3744738253015874e-05	0.0	1.0	134715.02590673577
chr3	50674317	50674383	RNA7312	66	11	6.54540496973472e-05	0.0	1.0	166666.66666666666
chr3	51389998	51390168	RNA7313	170	28	1.2598628537875813e-05	0.0	1.0	164705.88235294117
chr3	51834345	51834448	RNA7314	103	11	8.019272751301866e-06	0.0	1.0	106796.11650485436
chr3	51834729	51834898	RNA7315	169	25	1.2939048065163661e-05	1.4699399798701052e-05	1.0	147928.99408284025
chr3	51949196	51949262	RNA7316	66	9	8.16730001436857e-06	0.0	1.0	136363.63636363635
chr3	51989231	51989401	RNA7317	170	23	0.0005489548713898234	1.4696799553348685e-05	1.0	135294.11764705883
chr3	52066585	52066755	RNA7318	170	39	1.809045370930566e-05	1.4696799553348685e-05	1.0	229411.76470588235
chr3	52069537	52069652	RNA7319	115	19	6.189863166869863e-06	0.0	1.0	165217.3913043478
chr3	52070532	52070702	RNA7320	170	34	0.00015565074026572905	0.0	1.0	200000.0
chr3	52155567	52155737	RNA7321	170	23	1.3431021769698102e-05	0.0	1.0	135294.11764705883
chr3	52175370	52175540	RNA7322	170	43	0.0021474753364727353	1.469590006308863e-05	0.9767441860465116	252941.17647058822
chr3	52251064	52251234	RNA7323	168	25	3.042784406715771e-05	1.4728800124430563e-05	1.0	148809.52380952382
chr3	52771886	52771989	RNA7324	103	25	5.057090129411858e-05	1.4697699953103438e-05	1.0	242718.44660194175
chr3	52809307	52809410	RNA7325	103	16	0.00011763120522800326	1.4705450212204596e-05	1.0	155339.8058252427
chr3	52810116	52810219	RNA7326	103	21	1.0499076129885257e-05	0.0	1.0	203883.49514563105
chr3	52812779	52812894	RNA7327	115	14	1.1550764026781377e-05	0.0	1.0	121739.13043478261
chr3	52812810	52812925	RNA7328	115	14	4.095146472795931e-05	0.0	1.0	121739.13043478261
chr3	52812846	52812961	RNA7329	115	19	5.1942722166126166e-05	1.4699399798701052e-05	1.0	165217.3913043478
chr3	53132541	53132644	RNA7330	103	13	0.05344567754155622	0.0	0.9230769230769231	126213.59223300971
chr3	53136256	53136359	RNA7331	103	15	2.9396466440327154e-06	0.0	1.0	145631.06796116504
chr3	53140376	53140491	RNA7332	115	18	2.533009455872946e-05	1.4704150089528412e-05	1.0	156521.73913043478
chr3	53141047	53141162	RNA7333	115	19	1.3153721068336285e-05	1.4700300198455809e-05	1.0	165217.3913043478
chr3	53143322	53143425	RNA7334	103	18	1.960152702748637e-05	0.0	1.0	174757.28155339806
chr3	53151670	53151840	RNA7335	170	36	1.1840608218941876e-05	0.0	1.0	211764.70588235295
chr3	53217693	53217808	RNA7336	115	29	0.01316142312617589	1.470460028940579e-05	0.9655172413793104	252173.91304347824
chr3	53223106	53223207	RNA7337	101	22	2.605289099929229e-05	1.4696599919261644e-05	1.0	217821.7821782178
chr3	53866205	53866308	RNA7338	103	19	5.416426287602487e-06	0.0	1.0	184466.01941747573
chr3	53924530	53924649	RNA7339	119	25	0.0004928814464437864	1.4696400285174605e-05	1.0	210084.03361344538
chr3	53925484	53925614	RNA7340	130	24	0.041729501692543636	1.478059994042269e-05	0.9583333333333334	184615.38461538462
chr3	53926090	53926205	RNA7341	115	19	0.038539209122111624	1.6146199413924478e-05	0.9473684210526315	165217.3913043478
chr3	55507267	55507436	RNA7342	169	22	3.942515009342949e-05	1.4698749964736635e-05	1.0	130177.51479289941
chr3	56683936	56684105	RNA7343	166	42	0.017978377495551062	0.0	0.9761904761904762	253012.04819277106
chr3	56719167	56719336	RNA7344	169	42	0.0014062097115605597	1.4701150121254614e-05	1.0	248520.7100591716
chr3	56726433	56726602	RNA7345	169	30	1.175948009404079e-05	0.0	1.0	177514.79289940826
chr3	57082041	57082210	RNA7346	163	28	0.021498535658858075	1.4845300029264761e-05	0.9642857142857143	171779.14110429448
chr3	57082875	57083044	RNA7347	138	24	0.023354477594201246	0.0	0.9583333333333334	173913.04347826086
chr3	57088660	57088829	RNA7348	169	31	0.006474579219420478	0.0	0.967741935483871	183431.9526627219
chr3	57089685	57089855	RNA7349	170	39	2.336883582569813e-05	0.0	1.0	229411.76470588235
chr3	57742323	57742426	RNA7350	103	13	9.056077103126041e-06	0.0	1.0	126213.59223300971
chr3	57742931	57743100	RNA7351	169	30	1.1271226715807489e-05	0.0	1.0	177514.79289940826
chr3	58008012	58008127	RNA7352	115	27	0.03705391337428376	1.4698100130772218e-05	0.9629629629629629	234782.6086956522
chr3	58306086	58306209	RNA7353	123	28	2.3095078566773616e-05	0.0	1.0	227642.2764227642
chr3	61556954	61557123	RNA7354	169	39	0.025659868954160343	1.4696400285174605e-05	0.9743589743589743	230769.23076923078
chr3	62369493	62369616	RNA7355	123	33	2.806375119468806e-05	1.4698500308440998e-05	1.0	268292.68292682926
chr3	62918708	62918831	RNA7356	123	21	0.047626750514133336	0.0	0.9523809523809523	170731.7073170732
chr3	62918888	62919011	RNA7357	123	29	0.00011715339023166665	1.4706700312672185e-05	1.0	235772.35772357724
chr3	62923604	62923727	RNA7358	122	20	0.00019000999236595532	0.0	1.0	163934.4262295082
chr3	63647042	63647165	RNA7359	123	0				0.0
chr3	63649929	63650052	RNA7360	123	0				0.0
chr3	63711868	63711991	RNA7361	123	20	4.410035035107285e-06	0.0	1.0	162601.62601626015
chr3	64512000	64512123	RNA7362	123	0				0.0
chr3	68553919	68554025	RNA7363	106	16	7.352637567237252e-06	0.0	1.0	150943.3962264151
chr3	68615361	68615484	RNA7364	123	33	0.009610289574855853	1.4696400285174605e-05	0.9696969696969697	268292.68292682926
chr3	72446721	72446827	RNA7365	106	29	1.3187227554665477e-05	0.0	1.0	273584.90566037735
chr3	72573240	72573346	RNA7366	106	27	0.002421047751778564	1.4698500308440998e-05	0.9629629629629629	254716.98113207548
chr3	72573550	72573656	RNA7367	106	24	1.4700462619051194e-05	7.349699899350526e-06	1.0	226415.09433962265
chr3	72574674	72574780	RNA7368	106	13	0.00046008582977753786	0.0	1.0	122641.50943396226
chr3	73636468	73636574	RNA7369	106	20	0.004766581744752322	1.469744984206045e-05	0.95	188679.24528301888
chr3	73641567	73641649	RNA7370	82	14	8.401014383707661e-06	0.0	1.0	170731.7073170732
chr3	73644246	73644352	RNA7371	106	24	8.575462553984024e-06	0.0	1.0	226415.09433962265
chr3	73731310	73731416	RNA7372	106	31	2.6573899371973255e-05	1.4702900443808176e-05	1.0	292452.8301886792
chr3	75207850	75207956	RNA7373	106	24	0.02767191409619348	0.0	0.9583333333333334	226415.09433962265
chr3	77651628	77651710	RNA7374	82	14	1.700080682504356e-05	0.0	1.0	170731.7073170732
chr3	78533143	78533225	RNA7375	82	20	0.007674752532329868	0.0	0.95	243902.43902439025
chr3	78592210	78592292	RNA7376	82	17	5.794740659706586e-05	1.470200004405342e-05	1.0	207317.0731707317
chr3	78595915	78596021	RNA7377	106	19	0.010739926336961943	1.4698100130772218e-05	0.9473684210526315	179245.28301886792
chr3	78596008	78596090	RNA7378	82	12	8.574533315671337e-06	1.4698100130772218e-05	1.0	146341.46341463414
chr3	79769196	79769278	RNA7379	82	14	7.349721402403833e-06	7.348599865508732e-06	1.0	170731.7073170732
chr3	79779141	79779223	RNA7380	82	26	0.07213553006802333	1.4698950053571025e-05	0.9230769230769231	317073.1707317073
chr3	79783266	79783348	RNA7381	82	21	0.00028851127089658937	0.0	1.0	256097.56097560975
chr3	80878734	80878816	RNA7382	82	15	1.666175370094594e-05	0.0	1.0	182926.82926829267
chr3	80878973	80879124	RNA7383	151	27	0.016093765575499637	1.4698500308440998e-05	0.9259259259259259	178807.94701986754
chr3	82705577	82705770	RNA7384	193	34	0.016827917048484613	0.0	0.9705882352941176	176165.80310880826
chr3	84470720	84470802	RNA7385	82	15	5.87984662464199e-06	0.0	1.0	182926.82926829267
chr3	84475395	84475546	RNA7386	151	36	0.0278020372888174	1.4702650332765188e-05	0.9444444444444444	238410.59602649006
chr3	84485476	84485627	RNA7387	151	26	2.209623450583352e-05	7.35769981474732e-06	1.0	172185.43046357614
chr3	84490418	84490569	RNA7388	151	47	0.04437636536805896	0.0	0.9148936170212766	311258.27814569534
chr3	84496350	84496501	RNA7389	151	31	0.0002293703281529471	0.0	1.0	205298.0132450331
chr3	86084024	86084175	RNA7390	151	41	1.649389267230258e-05	1.4697699953103438e-05	1.0	271523.178807947
chr3	86089066	86089217	RNA7391	151	47	0.021576523037088298	0.0	0.9787234042553191	311258.27814569534
chr3	86132622	86132773	RNA7392	151	26	3.9614045258180345e-05	0.0	1.0	172185.43046357614
chr3	86282549	86282742	RNA7393	193	61	0.0005717419420553062	1.4698100130772218e-05	1.0	316062.1761658031
chr3	87079204	87079355	RNA7394	151	6	7.35100002202671e-06	7.347950031544315e-06	1.0	39735.09933774835
chr3	87169506	87169699	RNA7395	193	46	2.141640243280375e-05	1.4699799976369832e-05	1.0	238341.9689119171
chr3	87194944	87195137	RNA7396	193	36	0.008431479927922838	1.4700449810334248e-05	0.9722222222222222	186528.49740932643
chr3	87204088	87204281	RNA7397	193	48	1.133649588306677e-05	0.0	1.0	248704.66321243523
chr3	87256028	87256221	RNA7398	193	38	1.005882363882027e-05	0.0	1.0	196891.19170984457
chr3	87256799	87256992	RNA7399	193	35	2.947011138790136e-05	0.0	1.0	181347.15025906736
chr3	87342197	87342390	RNA7400	193	0				0.0
chr3	88253040	88253233	RNA7401	193	35	0.00013359511069990147	0.0	1.0	181347.15025906736
chr3	90602906	90603057	RNA7402	151	0				0.0
chr3	91554520	91554713	RNA7403	0	0				
chr3	95335246	95335365	RNA7404	119	27	0.014573064100659392	1.4700300198455809e-05	0.9629629629629629	226890.756302521
chr3	95525233	95525444	RNA7405	211	44	1.610562968711323e-05	0.0	1.0	208530.80568720377
chr3	97978080	97978245	RNA7406	165	32	0.007889037422756928	0.0	0.96875	193939.39393939395
chr3	100325735	100325854	RNA7407	119	13	0.00186018713513755	0.0	1.0	109243.6974789916
chr3	100326776	100326895	RNA7408	119	16	0.021018169451224363	7.348399776674342e-06	0.9375	134453.78151260503
chr3	100327105	100327224	RNA7409	119	24	1.7148578990600072e-05	1.4696999642183075e-05	1.0	201680.67226890757
chr3	100327198	100327409	RNA7410	211	27	3.15748035670032e-05	1.4696799553348685e-05	1.0	127962.08530805686
chr3	100327334	100327499	RNA7411	165	15	1.1758099935832433e-05	0.0	1.0	90909.09090909091
chr3	100328143	100328262	RNA7412	119	20	0.019992480528708254	0.0	0.95	168067.2268907563
chr3	100361779	100361898	RNA7413	119	15	0.06667450596663306	1.4697699953103438e-05	0.9333333333333333	126050.42016806723
chr3	100361876	100361995	RNA7414	119	11	1.6034318419269673e-05	1.4696400285174605e-05	1.0	92436.97478991597
chr3	100401239	100401450	RNA7415	211	68	0.014068746788525993	1.469549988541985e-05	0.9852941176470589	322274.8815165877
chr3	100486919	100487038	RNA7416	119	29	2.687368973495339e-05	0.0	1.0	243697.47899159664
chr3	100488466	100488677	RNA7417	211	35	0.00485420268443184	1.4699399798701052e-05	0.9714285714285714	165876.77725118483
chr3	100489205	100489416	RNA7418	211	51	8.214533904808883e-05	1.4697199731017465e-05	1.0	241706.16113744077
chr3	100579084	100579295	RNA7419	211	40	0.025053648456491828	1.469764993089484e-05	0.975	189573.4597156398
chr3	100583625	100583836	RNA7420	211	42	0.00014316618684720754	1.4698999621032272e-05	1.0	199052.1327014218
chr3	100696608	100696819	RNA7421	211	41	0.00012908919034532702	0.0	1.0	194312.7962085308
chr3	100996019	100996184	RNA7422	165	29	1.8736503048348337e-05	1.469590006308863e-05	1.0	175757.57575757575
chr3	101004135	101004300	RNA7423	165	45	0.00019641837186806996	0.0	1.0	272727.2727272727
chr3	101019088	101019253	RNA7424	165	29	0.05425139739948243	0.0	0.9310344827586207	175757.57575757575
chr3	101517457	101517576	RNA7425	119	24	1.102611656733643e-05	0.0	1.0	201680.67226890757
chr3	101517712	101517877	RNA7426	165	26	0.023672940366360792	0.0	0.9615384615384616	157575.75757575757
chr3	101518461	101518626	RNA7427	165	22	0.045528761904279236	0.0	0.9545454545454546	133333.33333333334
chr3	101519095	101519260	RNA7428	165	21	0.028294851976819954	0.0	0.9523809523809523	127272.72727272726
chr3	101570573	101570784	RNA7429	211	47	0.0016373990884142342	0.0	0.9787234042553191	222748.81516587676
chr3	102483323	102483488	RNA7430	165	40	0.0021132260598505973	0.0	0.975	242424.24242424243
chr3	105359530	105359649	RNA7431	119	21	0.00014561159934514136	0.0	1.0	176470.58823529413
chr3	105577033	105577244	RNA7432	211	32	2.1130556092428344e-05	0.0	1.0	151658.76777251187
chr3	106305101	106305266	RNA7433	165	40	0.07521290522120125	1.470694996896782e-05	0.925	242424.24242424243
chr3	107508343	107508409	RNA7434	66	16	0.00017550398632692457	1.469764993089484e-05	1.0	242424.24242424243
chr3	107814131	107814228	RNA7435	97	22	2.1383872411783082e-05	0.0	1.0	226804.12371134022
chr3	108760592	108760719	RNA7436	127	23	0.008503425009700505	0.0	0.9565217391304348	181102.36220472443
chr3	110854883	110854949	RNA7437	66	10	3.2355679650203715e-05	2.2060100491216872e-05	1.0	151515.15151515152
chr3	111671929	111672026	RNA7438	97	14	1.2972099804236287e-05	0.0	1.0	144329.8969072165
chr3	111976680	111976746	RNA7439	66	14	7.769519223593898e-05	7.348200142587302e-06	1.0	212121.21212121213
chr3	112025789	112025855	RNA7440	66	12	0.030143090939570055	0.0	0.9166666666666666	181818.18181818182
chr3	112032751	112032817	RNA7441	66	16	1.2862893811416143e-05	0.0	1.0	242424.24242424243
chr3	112082159	112082225	RNA7442	66	10	0.09909759048468915	1.4697000096930424e-05	0.9	151515.15151515152
chr3	112086188	112086254	RNA7443	66	16	2.0208725118205552e-05	1.4696799553348685e-05	1.0	242424.24242424243
chr3	112140757	112140823	RNA7444	66	6	0.059851018684639705	1.4708050002809614e-05	0.8333333333333334	90909.09090909091
chr3	112525449	112525546	RNA7445	97	9	1.3070444664562172e-05	0.0	1.0	92783.50515463918
chr3	112531490	112531587	RNA7446	97	16	0.058577122190229154	0.0	0.9375	164948.45360824742
chr3	112531557	112531654	RNA7447	88	18	0.05211489875935311	0.0	0.9444444444444444	204545.45454545456
chr3	112654019	112654116	RNA7448	97	15	8.525483481206364e-05	1.4699399798701052e-05	1.0	154639.17525773196
chr3	112657123	112657220	RNA7449	97	17	0.058789798663811406	1.4698100130772218e-05	0.9411764705882353	175257.7319587629
chr3	112662263	112662360	RNA7450	97	0				0.0
chr3	112663702	112663829	RNA7451	50	0				0.0
chr3	112981721	112981787	RNA7452	66	19	0.05266484124316967	1.4699799976369832e-05	0.9473684210526315	287878.7878787879
chr3	113633996	113634093	RNA7453	97	14	1.9948814757037255e-05	0.0	1.0	144329.8969072165
chr3	113647156	113647283	RNA7454	127	33	0.029878999470797262	0.0	0.9696969696969697	259842.51968503935
chr3	113746627	113746754	RNA7455	127	31	0.000974881997946438	0.0	1.0	244094.4881889764
chr3	113746632	113746759	RNA7456	127	32	0.0009453357855022608	0.0	1.0	251968.50393700786
chr3	113815460	113815587	RNA7457	127	25	2.3518143898396956e-05	1.4694600395159796e-05	1.0	196850.39370078742
chr3	113827906	113828033	RNA7458	127	16	0.06249999510686167	1.4697050119139021e-05	0.9375	125984.25196850393
chr3	113947713	113947840	RNA7459	127	16	7.101004536024807e-05	1.4921649835741846e-05	1.0	125984.25196850393
chr3	114311779	114311906	RNA7460	127	14	0.00023205368155946086	0.0	1.0	110236.22047244094
chr3	115620800	115620882	RNA7461	82	13	0.01875490767305074	0.0	0.9230769230769231	158536.58536585365
chr3	115621537	115621603	RNA7462	66	11	1.470290011308283e-05	1.4697699953103438e-05	1.0	166666.66666666666
chr3	117144577	117144705	RNA7463	128	0				0.0
chr3	117490570	117490667	RNA7464	97	25	1.6467460118292364e-05	1.4702900443808176e-05	1.0	257731.95876288658
chr3	117671795	117671922	RNA7465	127	29	0.034490870751706725	0.0	0.9655172413793104	228346.4566929134
chr3	118891596	118891678	RNA7466	82	14	7.350085797951477e-05	2.9396000172710046e-05	1.0	170731.7073170732
chr3	119693866	119693994	RNA7467	128	23	0.014067874123611539	0.0	0.9565217391304348	179687.5
chr3	119699296	119699378	RNA7468	82	17	0.0011318865060863602	0.0	1.0	207317.0731707317
chr3	119818919	119819122	RNA7469	203	33	1.1144587832939692e-05	0.0	1.0	162561.5763546798
chr3	119819575	119819657	RNA7470	82	24	2.266303787715653e-05	0.0	1.0	292682.9268292683
chr3	119821193	119821275	RNA7471	82	19	1.9339520852215188e-05	0.0	1.0	231707.31707317074
chr3	120289553	120289635	RNA7472	82	21	0.00027084232104762466	0.0	1.0	256097.56097560975
chr3	120289597	120289679	RNA7473	82	18	0.004771045911891425	1.4697699953103438e-05	0.9444444444444444	219512.19512195123
chr3	120289851	120289933	RNA7474	82	21	0.020637513112368257	0.0	0.9523809523809523	256097.56097560975
chr3	120565602	120565730	RNA7475	128	22	0.02628442603806681	7.348599865508732e-06	0.9545454545454546	171875.0
chr3	120565989	120566117	RNA7476	128	23	0.00029012388534718607	1.469549988541985e-05	1.0	179687.5
chr3	120570368	120570496	RNA7477	128	29	9.832991797557488e-05	0.0	1.0	226562.5
chr3	121431236	121431364	RNA7478	128	23	0.0029957874955431644	0.0	0.9565217391304348	179687.5
chr3	121431299	121431427	RNA7479	128	27	0.0025606813073358716	0.0	0.9629629629629629	210937.5
chr3	121431301	121431429	RNA7480	128	27	0.0025606813073358716	0.0	0.9629629629629629	210937.5
chr3	121552348	121552430	RNA7481	82	14	7.350884204372223e-05	0.0	1.0	170731.7073170732
chr3	121556300	121556416	RNA7482	116	32	0.004832957282559389	7.348599865508732e-06	0.96875	275862.0689655172
chr3	121763259	121763387	RNA7483	128	22	0.00469728240444634	0.0	0.9545454545454546	171875.0
chr3	123896004	123896207	RNA7484	203	37	1.9067697148538837e-05	1.4696400285174605e-05	1.0	182266.00985221675
chr3	124756254	124756457	RNA7485	203	0				0.0
chr3	124756261	124756464	RNA7486	203	0				0.0
chr3	124759473	124759676	RNA7487	203	42	3.2146907675009115e-05	0.0	1.0	206896.55172413794
chr3	124903295	124903498	RNA7488	203	37	2.0262089369554495e-05	0.0	1.0	182266.00985221675
chr3	124903356	124903559	RNA7489	203	37	2.1057662289001444e-05	0.0	1.0	182266.00985221675
chr3	124958062	124958265	RNA7490	203	43	2.7012439310304563e-05	1.4699799976369832e-05	1.0	211822.66009852214
chr3	124958090	124958206	RNA7491	116	18	1.8785016739755382e-05	1.470025017624721e-05	1.0	155172.41379310345
chr3	125082331	125082413	RNA7492	82	0				0.0
chr3	125082487	125082607	RNA7493	120	20	0.05001102437972803	0.0	0.95	166666.66666666666
chr3	125742033	125742161	RNA7494	128	0				0.0
chr3	125765685	125765801	RNA7495	116	0				0.0
chr3	125765889	125766005	RNA7496	116	0				0.0
chr3	125765891	125766007	RNA7497	116	0				0.0
chr3	126003738	126003854	RNA7498	116	29	2.027624489936239e-05	1.4698500308440998e-05	1.0	250000.0
chr3	126003771	126003887	RNA7499	116	30	0.00039590278020113997	1.4696349808218656e-05	1.0	258620.68965517243
chr3	126005439	126005642	RNA7500	203	39	2.8259619098088934e-05	1.4698500308440998e-05	1.0	192118.22660098522
chr3	126005684	126005800	RNA7501	116	14	1.3649199965064846e-05	1.4698500308440998e-05	1.0	120689.6551724138
chr3	126006121	126006230	RNA7502	109	11	1.603460920953446e-05	0.0	1.0	100917.43119266056
chr3	126972831	126972947	RNA7503	116	18	0.0022159097413552526	1.4699599887535442e-05	1.0	155172.41379310345
chr3	129080028	129080148	RNA7504	120	14	0.002943899186707957	1.4694850051455433e-05	1.0	116666.66666666667
chr3	129526971	129527038	RNA7505	67	17	0.058829582052941774	0.0	0.9411764705882353	253731.3432835821
chr3	129641998	129642201	RNA7506	203	43	0.0232770096535057	0.0	0.9767441860465116	211822.66009852214
chr3	129643236	129643356	RNA7507	120	26	0.03847171449993207	0.0	0.9615384615384616	216666.6666666667
chr3	129643944	129644064	RNA7508	120	15	0.055560460608163935	1.4698999621032272e-05	0.9333333333333333	125000.0
chr3	129645927	129646047	RNA7509	120	17	2.16638360036398e-05	0.0	1.0	141666.66666666666
chr3	129646360	129646469	RNA7510	109	17	9.880705767821328e-06	0.0	1.0	155963.3027522936
chr3	130202518	130202638	RNA7511	120	0				0.0
chr3	130205932	130206052	RNA7512	120	0				0.0
chr3	130208375	130208495	RNA7513	120	0				0.0
chr3	130496199	130496308	RNA7514	109	20	2.510348467694619e-05	1.4744050076842543e-05	1.0	183486.2385321101
chr3	130497929	130498038	RNA7515	109	20	0.05479927435599165	1.4696599919261644e-05	0.9	183486.2385321101
chr3	130505099	130505215	RNA7516	116	17	0.015870758149396664	1.4696799553348685e-05	0.8235294117647058	146551.724137931
chr3	130511578	130511687	RNA7517	109	15	1.1760553570635775e-05	0.0	1.0	137614.6788990826
chr3	131394463	131394572	RNA7518	109	10	5.880069966224255e-06	0.0	1.0	91743.11926605504
chr3	131394463	131394583	RNA7519	120	11	8.017899993071545e-06	0.0	1.0	91666.66666666666
chr3	131394749	131394858	RNA7520	109	15	1.9601800280118672e-06	0.0	1.0	137614.6788990826
chr3	131395048	131395157	RNA7521	109	20	9.732130047268584e-06	0.0	1.0	183486.2385321101
chr3	132287680	132287789	RNA7522	109	16	5.513706184956391e-06	0.0	1.0	146788.9908256881
chr3	133500441	133500508	RNA7523	67	15	2.4900746090372337e-05	1.4715000361320564e-05	1.0	223880.59701492538
chr3	134387426	134387493	RNA7524	67	10	6.9085609811734e-05	1.4698950053571025e-05	1.0	149253.73134328358
chr3	134473531	134473651	RNA7525	120	14	0.026060693128459076	1.4705449757457245e-05	0.9285714285714286	116666.66666666667
chr3	134474109	134474176	RNA7526	67	8	1.2861324876212166e-05	1.4698549875902245e-05	1.0	119402.98507462686
chr3	134476476	134476543	RNA7527	67	8	7.349637485276617e-06	7.348599865508732e-06	1.0	119402.98507462686
chr3	135534293	135534360	RNA7528	67	15	7.545617960810248e-05	1.4698999621032272e-05	1.0	223880.59701492538
chr3	135539958	135540025	RNA7529	67	14	0.032675911991321166	1.4698300219606608e-05	0.9285714285714286	208955.223880597
chr3	135542265	135542332	RNA7530	67	10	4.426369814607777e-05	7.37134996597888e-06	1.0	149253.73134328358
chr3	135547742	135547809	RNA7531	67	13	0.03511478610919137	0.0	0.9230769230769231	194029.85074626867
chr3	135552640	135552822	RNA7532	182	40	0.006279782224169135	1.469744984206045e-05	0.975	219780.21978021978
chr3	135965542	135965651	RNA7533	109	47	0.00675033694781806	1.4720199942530598e-05	0.9787234042553191	431192.66055045876
chr3	136757613	136757686	RNA7534	73	19	2.4753941704001767e-05	0.0	1.0	260273.9726027397
chr3	137721449	137721545	RNA7535	96	22	6.014472712029766e-06	0.0	1.0	229166.66666666666
chr3	138596971	138597153	RNA7536	182	41	3.91108733088974e-05	0.0	1.0	225274.7252747253
chr3	138985107	138985289	RNA7537	182	28	0.039988043674579136	1.4698500308440998e-05	0.9285714285714286	153846.15384615384
chr3	138988787	138988969	RNA7538	182	45	0.03942833432890135	1.4696799553348685e-05	0.9555555555555556	247252.74725274727
chr3	138990899	138991081	RNA7539	182	47	5.287968047304056e-05	1.4698100130772218e-05	1.0	258241.75824175827
chr3	139000175	139000242	RNA7540	67	5	4.7079081014075325e-05	1.471189989388222e-05	1.0	74626.86567164179
chr3	140734961	140735143	RNA7541	182	32	0.014935495470098202	0.0	0.96875	175824.17582417585
chr3	140735247	140735429	RNA7542	182	42	0.023864488486153617	1.4701749933010433e-05	0.9761904761904762	230769.23076923078
chr3	140737779	140737961	RNA7543	182	33	0.05882525565417988	1.4698100130772218e-05	0.9090909090909091	181318.6813186813
chr3	140740031	140740104	RNA7544	73	13	1.4698492472790758e-05	0.0	1.0	178082.19178082192
chr3	140740671	140740853	RNA7545	182	31	2.8923286692819923e-05	0.0	1.0	170329.67032967033
chr3	141216992	141217065	RNA7546	73	18	0.0057806053995995525	0.0	0.9444444444444444	246575.3424657534
chr3	141218624	141218697	RNA7547	73	12	1.1023574870705488e-05	0.0	1.0	164383.5616438356
chr3	141219869	141219942	RNA7548	73	15	3.91983994632028e-06	0.0	1.0	205479.4520547945
chr3	141223682	141223778	RNA7549	96	15	1.666682680175703e-05	1.4697699953103438e-05	1.0	156250.0
chr3	141457543	141457616	RNA7550	73	8	1.4699674920848338e-05	1.469964990974404e-05	1.0	109589.04109589041
chr3	141464128	141464201	RNA7551	73	11	1.3365763565657703e-05	1.4697699953103438e-05	1.0	150684.9315068493
chr3	141486737	141486810	RNA7552	73	23	1.0232004332583925e-05	0.0	1.0	315068.4931506849
chr3	142228393	142228489	RNA7553	96	16	1.8374887304158564e-05	1.4697199731017465e-05	1.0	166666.66666666666
chr3	142288197	142288293	RNA7554	96	10	4.997277947039831e-05	0.0	1.0	104166.66666666667
chr3	142302559	142302655	RNA7555	96	19	1.1609742087832848e-05	1.4699399798701052e-05	1.0	197916.66666666666
chr3	142586002	142586098	RNA7556	96	26	1.583011145647005e-05	0.0	1.0	270833.3333333333
chr3	142586045	142586118	RNA7557	73	22	1.9376113538198177e-05	0.0	1.0	301369.8630136986
chr3	142586075	142586171	RNA7558	96	24	2.021014578682712e-05	1.4699599887535442e-05	1.0	250000.0
chr3	142586247	142586343	RNA7559	96	22	4.7426123604628536e-05	0.0	1.0	229166.66666666666
chr3	143154542	143154638	RNA7560	93	17	0.019826202187580147	0.0	0.9411764705882353	182795.6989247312
chr3	144632357	144632539	RNA7561	182	47	1.939704034544088e-05	0.0	1.0	258241.75824175827
chr3	146388910	146388983	RNA7562	73	15	2.0582993602141275e-05	0.0	1.0	205479.4520547945
chr3	147374501	147374597	RNA7563	96	17	9.51071759867345e-06	0.0	1.0	177083.33333333334
chr3	164019746	164019956	RNA7564	210	47	0.011899706326267787	1.469590006308863e-05	0.9787234042553191	223809.52380952382
chr3	166661227	166661488	RNA7565	260	79	0.026412911246161106	1.4706300135003405e-05	0.9620253164556962	303846.1538461538
chr3	166679744	166679954	RNA7566	210	36	4.4508911135682244e-05	0.0	1.0	171428.57142857142
chr3	167658497	167658707	RNA7567	210	41	2.8105450859933852e-05	0.0	1.0	195238.09523809524
chr3	167661524	167661734	RNA7568	210	43	0.02326333433484251	0.0	0.9767441860465116	204761.90476190476
chr3	167663473	167663683	RNA7569	210	42	3.5701208898464515e-05	1.4698099676024867e-05	1.0	200000.0
chr3	167833274	167833484	RNA7570	210	29	0.031467892409260644	1.472670010116417e-05	0.9655172413793104	138095.2380952381
chr3	167845976	167846186	RNA7571	210	28	0.035724265814289016	1.4705399735248648e-05	0.9642857142857143	133333.33333333334
chr3	167854617	167854827	RNA7572	210	39	3.053250195359614e-05	0.0	1.0	185714.2857142857
chr3	168830710	168830920	RNA7573	210	43	2.838182083292118e-05	1.470159986638464e-05	1.0	204761.90476190476
chr3	169907226	169907487	RNA7574	261	58	0.04696371906717606	1.4698100130772218e-05	0.9482758620689655	222222.22222222222
chr3	170873219	170873480	RNA7575	261	58	0.034498736632626946	1.4700699921377236e-05	0.9655172413793104	222222.22222222222
chr3	170873233	170873494	RNA7576	261	56	0.03573004705700506	1.4703300166729605e-05	0.9642857142857143	214559.38697318008
chr3	170873733	170873994	RNA7577	261	54	0.01854993806094811	1.472670010116417e-05	0.9814814814814815	206896.55172413794
chr3	171473713	171473974	RNA7578	261	69	0.029015772785382782	1.4700700376124589e-05	0.9710144927536232	264367.816091954
chr3	171473744	171474005	RNA7579	261	67	0.02987576656544919	1.4699399798701052e-05	0.9701492537313433	256704.98084291187
chr3	171477848	171478109	RNA7580	261	69	0.00035206423365087525	0.0	1.0	264367.816091954
chr3	172023813	172024074	RNA7581	261	39	0.07705126205483116	1.470159986638464e-05	0.9230769230769231	149425.28735632185
chr3	172025972	172026073	RNA7582	100	16	2.8650574336089723e-05	0.0	1.0	160000.0
chr3	172734209	172734419	RNA7583	210	34	0.0005250388590759345	0.0	1.0	161904.76190476192
chr3	175916912	175917173	RNA7584	261	50	0.020014418082027988	0.0	0.98	191570.88122605364
chr3	175921585	175921686	RNA7585	99	20	1.4773414841329214e-05	0.0	1.0	202020.202020202
chr3	176932278	176932379	RNA7586	97	20	0.0027017490558137007	7.348399776674342e-06	0.95	206185.56701030926
chr3	177015418	177015519	RNA7587	101	23	2.6203552055365827e-05	0.0	1.0	227722.77227722772
chr3	177018099	177018200	RNA7588	101	21	2.519670483923253e-05	0.0	1.0	207920.79207920792
chr3	177240279	177240380	RNA7589	101	16	0.06255145281977548	0.0	0.9375	158415.84158415842
chr3	177242974	177243075	RNA7590	101	26	1.4697630936445969e-05	0.0	1.0	257425.74257425743
chr3	177249351	177249452	RNA7591	101	19	1.0059379028940671e-05	0.0	1.0	188118.81188118813
chr3	177351904	177352005	RNA7592	101	16	9.189206309656583e-06	7.350350188062294e-06	1.0	158415.84158415842
chr3	179272932	179273150	RNA7593	218	37	5.720239602630092e-05	0.0	1.0	169724.77064220185
chr3	181882667	181882768	RNA7594	101	21	0.00013377793476094312	1.471110044803936e-05	1.0	207920.79207920792
chr3	183175138	183175356	RNA7595	218	35	0.003918086693166902	0.0	0.9714285714285714	160550.45871559635
chr3	184065275	184065493	RNA7596	218	0				0.0
chr3	184219027	184219245	RNA7597	218	0				0.0
chr3	184222050	184222268	RNA7598	218	42	2.8014444524159e-05	7.349050065386109e-06	1.0	192660.55045871562
chr3	184294724	184294942	RNA7599	218	38	1.160677349712626e-05	0.0	1.0	174311.9266055046
chr3	184296280	184296498	RNA7600	218	42	0.00010726347220822037	0.0	1.0	192660.55045871562
chr3	184335538	184335756	RNA7601	218	54	5.3625554991643255e-05	1.4697199731017465e-05	1.0	247706.42201834865
chr3	185162186	185162404	RNA7602	218	32	9.740010554537381e-05	0.0	1.0	146788.9908256881
chr3	187182466	187182568	RNA7603	102	21	6.299657105132826e-06	0.0	1.0	205882.35294117645
chr3	188907122	188907340	RNA7604	218	48	0.0025428658958238206	0.0	0.9791666666666666	220183.48623853212
chr3	191177982	191178084	RNA7605	102	27	6.424984389417869e-05	0.0	1.0	264705.8823529412
chr3	191400589	191400665	RNA7606	76	14	1.3649742543618362e-05	7.348599865508732e-06	1.0	184210.52631578947
chr3	191956974	191957076	RNA7607	102	18	0.00039555174614885587	0.0	1.0	176470.58823529413
chr3	191957629	191957731	RNA7608	102	16	0.062497235937200926	0.0	0.9375	156862.74509803922
chr3	191961097	191961199	RNA7609	102	18	4.2457756131213255e-05	1.469569997425424e-05	1.0	176470.58823529413
chr3	192776976	192777078	RNA7610	102	19	8.509236785788457e-06	0.0	1.0	186274.50980392157
chr3	192781817	192781919	RNA7611	102	21	0.04827937159699926	1.4699799976369832e-05	0.9523809523809523	205882.35294117645
chr3	192786578	192786680	RNA7612	102	18	1.551716104586376e-05	1.4699400253448403e-05	1.0	176470.58823529413
chr3	193186116	193186218	RNA7613	102	0				0.0
chr3	195273547	195273623	RNA7614	76	15	1.3717913498112467e-05	0.0	1.0	197368.42105263157
chr3	196120206	196120282	RNA7615	76	18	1.5514905751640778e-05	7.349050065386109e-06	1.0	236842.1052631579
chr3	196121513	196121589	RNA7616	76	12	2.4504083739884663e-06	0.0	1.0	157894.73684210525
chr3	196132653	196132729	RNA7617	76	18	0.0003577691774504821	1.469785001972923e-05	1.0	236842.1052631579
chr3	197032475	197032551	RNA7618	53	23	0.03758568529507971	3.0066999897826463e-05	0.8695652173913043	433962.26415094343
chr3	197033506	197033582	RNA7619	73	5	1.722354027151596e-05	1.6747100744396448e-05	1.0	68493.1506849315
chr3	197033567	197033643	RNA7620	74	0				0.0
chr3	197042305	197042407	RNA7621	102	20	1.1874825213453733e-05	0.0	1.0	196078.431372549
chr3	197504344	197504420	RNA7622	76	14	0.002734851708607626	0.0	1.0	184210.52631578947
chr4	694211	694314	RNA7623	103	20	0.0013501410766366454	1.4698549875902245e-05	1.0	194174.7572815534
chr4	847452	847625	RNA7624	173	56	9.213919044473295e-05	1.4699199709866662e-05	1.0	323699.4219653179
chr4	1591271	1591375	RNA7625	104	17	6.919882466985762e-06	0.0	1.0	163461.53846153847
chr4	1600152	1600255	RNA7626	103	28	0.035800921122829864	1.4700700376124589e-05	0.9642857142857143	271844.66019417474
chr4	1684870	1684973	RNA7627	103	24	1.1026191714335288e-05	0.0	1.0	233009.70873786407
chr4	1692496	1692599	RNA7628	103	35	2.939494586046439e-05	1.4697199731017465e-05	1.0	339805.82524271845
chr4	1779410	1779513	RNA7629	103	21	0.0477254393035331	1.4697699953103438e-05	0.9523809523809523	203883.49514563105
chr4	1779822	1779925	RNA7630	103	22	0.0012619154556639132	1.4698999621032272e-05	1.0	213592.23300970873
chr4	1785825	1785998	RNA7631	173	62	0.016269386810812816	1.4698749964736635e-05	0.9838709677419355	358381.5028901734
chr4	1810366	1810469	RNA7632	103	23	0.04355240397201312	0.0	0.9565217391304348	223300.97087378643
chr4	1869944	1870117	RNA7633	173	36	0.02782922912628136	1.4696150174131617e-05	0.9722222222222222	208092.48554913295
chr4	1870501	1870674	RNA7634	173	56	1.918886240608603e-05	1.4707800346513977e-05	1.0	323699.4219653179
chr4	1982355	1982528	RNA7635	173	37	1.271388112867056e-05	1.4696799553348685e-05	1.0	213872.8323699422
chr4	1982499	1982672	RNA7636	173	41	7.715399970481302e-05	1.4703699889651034e-05	1.0	236994.21965317917
chr4	2071119	2071238	RNA7637	119	30	0.00014506206801645786	1.470179995521903e-05	1.0	252100.84033613445
chr4	2071123	2071296	RNA7638	173	39	0.00011498260356836984	1.470159986638464e-05	1.0	225433.5260115607
chr4	2733452	2733555	RNA7639	103	31	5.312944411401906e-05	1.4703699889651034e-05	1.0	300970.87378640776
chr4	2930292	2930465	RNA7640	173	49	0.00016378013732515072	0.0	1.0	283236.9942196532
chr4	2930345	2930464	RNA7641	119	32	1.6077715741856186e-05	1.469724975322606e-05	1.0	268907.56302521005
chr4	3040787	3040906	RNA7642	103	19	0.05265376685790551	1.4738800018676557e-05	0.9473684210526315	184466.01941747573
chr4	3041047	3041166	RNA7643	119	32	0.03128537369360629	7.347950031544315e-06	0.96875	268907.56302521005
chr4	3041175	3041357	RNA7644	182	32	0.03723239073821105	1.469744984206045e-05	0.9375	175824.17582417585
chr4	3244034	3244153	RNA7645	119	20	1.8373560078539097e-05	1.4696599919261644e-05	1.0	168067.2268907563
chr4	3244071	3244190	RNA7646	119	20	1.1023715069313767e-05	1.4696999642183075e-05	1.0	168067.2268907563
chr4	3288543	3288662	RNA7647	119	30	0.06666617724674022	0.0	0.9333333333333333	252100.84033613445
chr4	3440793	3440907	RNA7648	112	36	0.0038666150544738884	1.4731650026078569e-05	0.9444444444444444	321428.5714285715
chr4	3441624	3441739	RNA7649	115	23	1.5976530567454375e-05	0.0	1.0	200000.0
chr4	4171516	4171671	RNA7650	155	0				0.0
chr4	4252438	4252557	RNA7651	107	30	0.0793285307701808	1.4905300304235425e-05	0.9	280373.8317757009
chr4	4261539	4261654	RNA7652	115	25	0.009379889748452113	1.4699799976369832e-05	0.96	217391.30434782608
chr4	4335307	4335421	RNA7653	114	0				0.0
chr4	4335527	4335641	RNA7654	114	0				0.0
chr4	4335578	4335693	RNA7655	115	0				0.0
chr4	4336104	4336219	RNA7656	115	0				0.0
chr4	4336218	4336332	RNA7657	114	0				0.0
chr4	4823383	4823497	RNA7658	114	23	3.003486918991187e-05	1.4698100130772218e-05	1.0	201754.38596491228
chr4	4824237	4824351	RNA7659	114	26	1.582763434270709e-05	0.0	1.0	228070.1754385965
chr4	4824410	4824525	RNA7660	115	24	0.032022416440365	0.0	0.9583333333333334	208695.65217391303
chr4	4824496	4824611	RNA7661	115	19	0.028789256183316812	1.4699799976369832e-05	0.9473684210526315	165217.3913043478
chr4	4825699	4825813	RNA7662	114	15	0.06675389093221988	1.4701099644298664e-05	0.9333333333333333	131578.94736842104
chr4	4827109	4827224	RNA7663	115	21	9.100642836572314e-06	0.0	1.0	182608.69565217392
chr4	5514032	5514147	RNA7664	115	37	0.004014721611309974	1.4698500308440998e-05	0.972972972972973	321739.1304347826
chr4	5535737	5535851	RNA7665	114	25	1.2935135746372653e-05	0.0	1.0	219298.24561403508
chr4	5539529	5539633	RNA7666	104	24	2.266204190466915e-05	1.4697900041937828e-05	1.0	230769.23076923078
chr4	6564776	6564880	RNA7667	104	24	1.3483679064542708e-05	0.0	1.0	230769.23076923078
chr4	6565582	6565686	RNA7668	104	19	1.0056005282278516e-05	1.4697199731017465e-05	1.0	182692.3076923077
chr4	6574780	6574884	RNA7669	104	23	1.7258847709972235e-05	0.0	1.0	221153.84615384616
chr4	6624745	6624849	RNA7670	99	26	0.038603758795174	2.342750030948082e-05	0.9615384615384616	262626.2626262627
chr4	6633877	6633981	RNA7671	104	21	1.5399161600809295e-05	0.0	1.0	201923.07692307694
chr4	6705495	6705598	RNA7672	103	25	3.351421175465778e-05	1.4699399798701052e-05	1.0	242718.44660194175
chr4	6720098	6720202	RNA7673	103	30	2.7665180004985696e-05	7.354450190177886e-06	1.0	291262.1359223301
chr4	6906009	6906191	RNA7674	182	49	2.820034263335893e-05	0.0	1.0	269230.7692307692
chr4	6906709	6906882	RNA7675	170	26	5.827531881899814e-05	7.353150067501702e-06	1.0	152941.17647058825
chr4	7749639	7749743	RNA7676	104	25	0.00010078894392790571	0.0	1.0	240384.6153846154
chr4	7941566	7941748	RNA7677	182	37	0.003907658296648638	1.4700300198455809e-05	0.972972972972973	203296.7032967033
chr4	7959214	7959396	RNA7678	182	33	1.2472224101877531e-05	0.0	1.0	181318.6813186813
chr4	7963202	7963384	RNA7679	182	47	0.009043563860591635	0.0	0.9787234042553191	258241.75824175827
chr4	8165687	8165869	RNA7680	182	38	0.000176781621217067	0.0	1.0	208791.2087912088
chr4	8167628	8167783	RNA7681	155	34	7.435517497522486e-05	1.4696999642183075e-05	1.0	219354.83870967742
chr4	8173380	8173562	RNA7682	181	36	1.2259636226491027e-05	7.349050065386109e-06	1.0	198895.02762430938
chr4	8243771	8243890	RNA7683	119	31	1.3280116153536122e-05	0.0	1.0	260504.2016806723
chr4	8255058	8255240	RNA7684	182	33	2.7172642066114397e-05	1.4697199731017465e-05	1.0	181318.6813186813
chr4	8639284	8639473	RNA7685	189	46	0.00031888867725564374	1.4698100130772218e-05	1.0	243386.24338624338
chr4	9033598	9033753	RNA7686	155	0				0.0
chr4	9033701	9033883	RNA7687	182	0				0.0
chr4	9033702	9033857	RNA7688	155	0				0.0
chr4	9033748	9033903	RNA7689	155	0				0.0
chr4	9409224	9409379	RNA7690	155	64	0.03118313452897326	0.0	0.96875	412903.22580645164
chr4	9410157	9410312	RNA7691	155	65	0.030805408237854583	1.4698500308440998e-05	0.9692307692307692	419354.83870967745
chr4	9410985	9411140	RNA7692	155	48	0.02081372930607964	0.0	0.9791666666666666	309677.4193548387
chr4	9418428	9418543	RNA7693	115	41	0.02443362854652016	0.0	0.975609756097561	356521.73913043475
chr4	9524958	9525072	RNA7694	114	0				0.0
chr4	10168468	10168623	RNA7695	155	73	0.027801273927676222	1.4696400285174605e-05	0.958904109589041	470967.7419354839
chr4	10709279	10709383	RNA7696	104	22	0.007463492716686393	1.4696999642183075e-05	0.9545454545454546	211538.46153846153
chr4	12160725	12160907	RNA7697	182	46	8.021658745944833e-06	0.0	1.0	252747.25274725273
chr4	12176239	12176428	RNA7698	186	41	0.03162239072711289	1.4714500139234588e-05	0.9512195121951219	220430.1075268817
chr4	13540562	13540751	RNA7699	189	35	1.176005137365012e-05	0.0	1.0	185185.18518518517
chr4	13557734	13557923	RNA7700	189	36	0.018295028062463338	1.4698749964736635e-05	0.9722222222222222	190476.19047619047
chr4	13559527	13559716	RNA7701	189	34	0.0003126347411553586	0.0	1.0	179894.1798941799
chr4	13631124	13631313	RNA7702	189	36	0.0006332965777902298	1.4696799553348685e-05	1.0	190476.19047619047
chr4	13639679	13639868	RNA7703	189	44	1.837373193583371e-05	1.4697900041937828e-05	1.0	232804.2328042328
chr4	13653309	13653498	RNA7704	189	35	0.00022257808161936784	0.0	1.0	185185.18518518517
chr4	14147414	14147569	RNA7705	155	27	0.00012086701628032468	0.0	1.0	174193.5483870968
chr4	14459170	14459359	RNA7706	183	36	0.0011810505402789	7.347749942709925e-06	1.0	196721.31147540984
chr4	18164276	18164465	RNA7707	189	30	3.189136004948021e-05	0.0	1.0	158730.15873015873
chr4	22342140	22342253	RNA7708	110	20	0.00020627321046048428	0.0	1.0	181818.18181818182
chr4	22343388	22343648	RNA7709	260	46	4.027156088024138e-05	1.470159986638464e-05	1.0	176923.07692307694
chr4	25471062	25471322	RNA7710	260	48	0.001342178390264807	1.4696150174131617e-05	1.0	184615.38461538462
chr4	25932463	25932576	RNA7711	113	19	3.871456312097819e-05	1.470460028940579e-05	1.0	168141.59292035399
chr4	26444215	26444475	RNA7712	260	41	0.015369857492748069	1.4698500308440998e-05	0.975609756097561	157692.3076923077
chr4	26446259	26446519	RNA7713	256	43	0.025164224900520837	0.0	0.9767441860465116	167968.75
chr4	26447882	26448142	RNA7714	260	43	0.027628074222712014	0.0	0.9534883720930233	165384.61538461538
chr4	26571458	26571718	RNA7715	260	72	4.470972989009603e-05	0.0	1.0	276923.07692307694
chr4	26573338	26573598	RNA7716	260	50	2.7380008323232635e-05	1.4698100130772218e-05	1.0	192307.6923076923
chr4	26575414	26575674	RNA7717	260	35	1.8058900189186643e-05	1.4697699953103438e-05	1.0	134615.3846153846
chr4	26762064	26762177	RNA7718	113	24	2.26642622086099e-05	0.0	1.0	212389.38053097346
chr4	26803036	26803149	RNA7719	113	18	1.2249577745630328e-05	0.0	1.0	159292.03539823007
chr4	26810975	26811088	RNA7720	113	23	2.7480447976772066e-05	0.0	1.0	203539.82300884958
chr4	27025988	27026101	RNA7721	113	26	0.007358579295249417	1.4703299711982254e-05	0.9615384615384616	230088.49557522123
chr4	27029406	27029519	RNA7722	113	22	1.6034350003540652e-05	1.469785001972923e-05	1.0	194690.26548672566
chr4	27095586	27095699	RNA7723	113	19	1.237766307320654e-05	1.4697199731017465e-05	1.0	168141.59292035399
chr4	27480039	27480299	RNA7724	260	35	0.028579829759889566	0.0	0.9714285714285714	134615.3846153846
chr4	28009608	28009721	RNA7725	113	24	4.9007645732966826e-05	1.4699199709866662e-05	1.0	212389.38053097346
chr4	31485800	31486060	RNA7726	260	56	0.01634987390376149	0.0	0.9821428571428571	215384.6153846154
chr4	31992857	31992970	RNA7727	113	34	0.058872356003629486	1.4918699889676645e-05	0.9411764705882353	300884.95575221244
chr4	36836320	36836425	RNA7728	97	15	0.009970055013460901	1.4698100130772218e-05	0.9333333333333333	154639.17525773196
chr4	37822390	37822495	RNA7729	105	14	1.1548385893027963e-05	0.0	1.0	133333.33333333334
chr4	37826175	37826280	RNA7730	105	19	0.009475994915958021	0.0	0.9473684210526315	180952.38095238095
chr4	37826364	37826469	RNA7731	105	33	2.940167351797443e-05	0.0	1.0	314285.71428571426
chr4	37889948	37890053	RNA7732	105	20	6.614234962398768e-06	0.0	1.0	190476.19047619047
chr4	37890012	37890117	RNA7733	105	20	0.050119805099939185	0.0	0.95	190476.19047619047
chr4	37890258	37890363	RNA7734	105	25	1.1757907923310996e-05	1.469549988541985e-05	1.0	238095.23809523808
chr4	38860890	38860995	RNA7735	105	23	7.608819004931283e-05	0.0	1.0	219047.61904761905
chr4	42660183	42660389	RNA7736	206	37	0.0035008719691472204	1.4697699953103438e-05	0.972972972972973	179611.6504854369
chr4	42858739	42858844	RNA7737	96	17	2.7648658300777778e-05	0.0	1.0	177083.33333333334
chr4	46596179	46596385	RNA7738	201	0				0.0
chr4	47428294	47428408	RNA7739	114	19	1.0833094931608924e-05	1.4696400285174605e-05	1.0	166666.66666666666
chr4	47471563	47471769	RNA7740	206	39	0.022635537626975295	1.469590006308863e-05	0.9743589743589743	189320.38834951457
chr4	47477489	47477695	RNA7741	206	49	8.968916918835018e-05	0.0	1.0	237864.0776699029
chr4	47478938	47479144	RNA7742	206	49	6.389245270244392e-05	1.4698500308440998e-05	1.0	237864.0776699029
chr4	48040949	48041067	RNA7743	118	18	1.4704233661983376e-05	0.0	1.0	152542.37288135593
chr4	48042578	48042784	RNA7744	206	40	0.0003024306682618737	0.0	1.0	194174.7572815534
chr4	48043865	48044071	RNA7745	206	31	9.48621941314477e-06	0.0	1.0	150485.43689320388
chr4	48047949	48048155	RNA7746	206	36	0.00011472989563621551	1.4696599919261644e-05	1.0	174757.28155339806
chr4	48862729	48862935	RNA7747	206	47	8.131904267313385e-06	0.0	1.0	228155.33980582526
chr4	49739305	49739419	RNA7748	0	0				
chr4	50467053	50467143	RNA7749	0	0				
chr4	51139648	51139766	RNA7750	0	0				
chr4	51941401	51941515	RNA7751	114	40	8.820030029710323e-06	0.0	1.0	350877.1929824561
chr4	52038490	52038604	RNA7752	114	27	0.0001481262137261796	0.0	1.0	236842.1052631579
chr4	52050597	52050711	RNA7753	114	22	8.687109129823511e-06	1.4698299764859257e-05	1.0	192982.45614035087
chr4	52099219	52099333	RNA7754	114	20	0.05019262783434897	7.349050065386109e-06	0.95	175438.59649122806
chr4	52107565	52107679	RNA7755	114	21	9.802052426537211e-06	0.0	1.0	184210.52631578947
chr4	52159946	52160060	RNA7756	114	0				0.0
chr4	52670987	52671105	RNA7757	118	23	0.00014186057480559383	0.0	1.0	194915.25423728814
chr4	52705760	52705878	RNA7758	118	25	0.00458293518568098	0.0	0.96	211864.40677966102
chr4	52706064	52706182	RNA7759	118	17	1.3834634902355862e-05	0.0	1.0	144067.7966101695
chr4	52706920	52707126	RNA7760	198	40	5.968659993413485e-05	1.470715005780221e-05	1.0	202020.202020202
chr4	52869873	52869991	RNA7761	118	15	4.0186213360960414e-05	0.0	1.0	127118.6440677966
chr4	52870151	52870269	RNA7762	118	19	5.18342050877632e-05	1.4699399798701052e-05	1.0	161016.94915254237
chr4	52871928	52872046	RNA7763	118	19	4.045794163462827e-05	0.0	1.0	161016.94915254237
chr4	52872784	52872898	RNA7764	114	21	1.3297471317245741e-05	0.0	1.0	184210.52631578947
chr4	53366813	53366931	RNA7765	118	30	4.2630924144752934e-05	1.469744984206045e-05	1.0	254237.2881355932
chr4	54962457	54962547	RNA7766	90	24	0.041684425883242206	1.4694850051455433e-05	0.9583333333333334	266666.6666666667
chr4	55341043	55341133	RNA7767	90	21	0.04761904716659566	0.0	0.9523809523809523	233333.33333333334
chr4	55342843	55342933	RNA7768	90	18	0.05555718827225872	0.0	0.9444444444444444	200000.0
chr4	55344338	55344428	RNA7769	90	21	6.304885616936233e-06	0.0	1.0	233333.33333333334
chr4	55551507	55551597	RNA7770	90	18	0.0022162671140095896	1.469744984206045e-05	1.0	200000.0
chr4	55556177	55556267	RNA7771	90	20	0.10001249537999683	1.4700700376124589e-05	0.9	222222.22222222222
chr4	55643313	55643403	RNA7772	90	19	0.052641641463292456	1.4700300198455809e-05	0.9473684210526315	211111.11111111112
chr4	56504124	56504214	RNA7773	90	19	1.2382305229900675e-05	0.0	1.0	211111.11111111112
chr4	56901206	56901320	RNA7774	114	12	1.9674750243815246e-05	7.350150099227904e-06	1.0	105263.15789473684
chr4	57505579	57505697	RNA7775	118	22	1.1358759035250511e-05	0.0	1.0	186440.6779661017
chr4	59100746	59100836	RNA7776	90	24	0.02759727757612988	0.0	0.9583333333333334	266666.6666666667
chr4	62954485	62954602	RNA7777	117	28	0.011559993283299264	1.4730099792359397e-05	0.9642857142857143	239316.2393162393
chr4	65029947	65030071	RNA7778	124	21	2.6783314015547503e-05	1.4789799934078474e-05	1.0	169354.8387096774
chr4	67160902	67161019	RNA7779	117	24	4.7174434219713285e-05	7.347749942709925e-06	1.0	205128.20512820513
chr4	67610992	67611109	RNA7780	117	18	1.307100557015575e-05	0.0	1.0	153846.15384615384
chr4	67611051	67611168	RNA7781	117	26	1.4705569286049398e-05	0.0	1.0	222222.22222222222
chr4	67611537	67611654	RNA7782	117	25	3.7642875722658265e-05	1.4699799976369832e-05	1.0	213675.21367521366
chr4	68133209	68133364	RNA7783	155	37	2.3074327317943064e-05	0.0	1.0	238709.67741935485
chr4	68141360	68141477	RNA7784	117	27	2.0689759434454943e-05	1.4697699953103438e-05	1.0	230769.23076923078
chr4	68149310	68149427	RNA7785	117	21	0.0007782993906013334	0.0	1.0	179487.1794871795
chr4	68154472	68154589	RNA7786	117	23	4.538036670925409e-05	0.0	1.0	196581.19658119656
chr4	68422393	68422510	RNA7787	109	0				0.0
chr4	68422653	68422777	RNA7788	124	0				0.0
chr4	68423177	68423301	RNA7789	124	0				0.0
chr4	68423295	68423419	RNA7790	124	0				0.0
chr4	68423640	68423764	RNA7791	124	0				0.0
chr4	70538402	70538608	RNA7792	206	38	1.0298584201288912e-05	0.0	1.0	184466.01941747573
chr4	70540167	70540291	RNA7793	124	28	2.7300582425076242e-05	0.0	1.0	225806.4516129032
chr4	70542051	70542175	RNA7794	124	19	6.96539475603985e-06	0.0	1.0	153225.8064516129
chr4	70542536	70542660	RNA7795	124	31	5.8450610008398724e-05	0.0	1.0	250000.0
chr4	70544244	70544326	RNA7796	82	10	1.3229890191723825e-05	1.4697199731017465e-05	1.0	121951.21951219512
chr4	70843671	70843795	RNA7797	122	29	0.0009935411237228305	1.4703699889651034e-05	1.0	237704.91803278687
chr4	71034711	71034836	RNA7798	125	23	0.0005025079071856413	2.939969999715686e-05	1.0	184000.0
chr4	71035224	71035295	RNA7799	71	16	1.6539955993266515e-05	0.0	1.0	225352.11267605633
chr4	72028579	72028734	RNA7800	155	31	0.06457778722594207	1.4697199731017465e-05	0.9354838709677419	200000.0
chr4	72157317	72157453	RNA7801	136	31	1.0908406458779184e-05	0.0	1.0	227941.17647058822
chr4	72720887	72721004	RNA7802	117	29	0.002992485004362038	1.4699799976369832e-05	0.9655172413793104	247863.24786324787
chr4	72942600	72942857	RNA7803	257	52	0.05770587863442135	1.470005008741282e-05	0.9423076923076923	202334.63035019455
chr4	72943324	72943406	RNA7804	82	12	1.1024774948964478e-05	0.0	1.0	146341.46341463414
chr4	73008275	73008430	RNA7805	155	26	0.03863798445196993	1.4700499832542846e-05	0.9615384615384616	167741.93548387097
chr4	73027270	73027425	RNA7806	155	32	0.03125964739058418	7.348849976551719e-06	0.96875	206451.61290322582
chr4	73028900	73029055	RNA7807	155	34	1.8589335281027416e-05	7.347950031544315e-06	1.0	219354.83870967742
chr4	73371080	73371235	RNA7808	155	27	4.519731077447335e-05	0.0	1.0	174193.5483870968
chr4	73371996	73372151	RNA7809	155	38	6.270187814630737e-05	1.469724975322606e-05	1.0	245161.29032258064
chr4	73372412	73372567	RNA7810	155	33	0.0002998117891944566	1.4698100130772218e-05	1.0	212903.2258064516
chr4	73738342	73738424	RNA7811	82	21	0.04762744845235526	0.0	0.9523809523809523	256097.56097560975
chr4	73777085	73777189	RNA7812	104	24	7.719154321724204e-05	0.0	1.0	230769.23076923078
chr4	73791409	73791491	RNA7813	82	12	0.0008192016796328954	1.475234967074357e-05	1.0	146341.46341463414
chr4	73827758	73827840	RNA7814	82	19	0.052684290609824144	0.0	0.9473684210526315	231707.31707317074
chr4	73849888	73849970	RNA7815	82	13	0.07693212480003589	1.4696799553348685e-05	0.9230769230769231	158536.58536585365
chr4	73849988	73850070	RNA7816	82	18	8.98339451143531e-06	0.0	1.0	219512.19512195123
chr4	73936881	73936963	RNA7817	82	14	1.155974281833291e-05	7.353999990300508e-06	1.0	170731.7073170732
chr4	74393684	74393839	RNA7818	155	28	0.05744161320772686	7.349899988184916e-06	0.9285714285714286	180645.16129032258
chr4	74507885	74508091	RNA7819	206	49	0.0017424936224638104	0.0	0.9795918367346939	237864.0776699029
chr4	74795766	74795848	RNA7820	82	16	0.025366700199811017	0.0	0.9375	195121.9512195122
chr4	74797558	74797682	RNA7821	122	30	0.0333568176403484	0.0	0.9666666666666667	245901.63934426228
chr4	74908237	74908362	RNA7822	125	22	1.4042977165279973e-05	7.352699867624324e-06	1.0	176000.0
chr4	75127352	75127423	RNA7823	71	0				0.0
chr4	75435303	75435509	RNA7824	206	51	5.188303868064201e-05	1.4698100130772218e-05	1.0	247572.81553398058
chr4	75443896	75444126	RNA7825	230	0				0.0
chr4	75477800	75478006	RNA7826	206	33	1.2028221190672467e-05	0.0	1.0	160194.17475728155
chr4	75478441	75478647	RNA7827	206	37	0.01184616901556748	1.4701099644298664e-05	0.972972972972973	179611.6504854369
chr4	75555673	75555879	RNA7828	206	38	0.040996143120992194	1.4696150174131617e-05	0.9473684210526315	184466.01941747573
chr4	75555841	75556047	RNA7829	206	46	0.021918376171964585	1.4698100130772218e-05	0.9782608695652174	223300.97087378643
chr4	75633439	75633645	RNA7830	206	35	9.23891140181305e-06	0.0	1.0	169902.91262135922
chr4	75816609	75816734	RNA7831	125	17	0.01207709304414011	0.0	0.9411764705882353	136000.0
chr4	75903371	75903496	RNA7832	125	21	1.5399566672424574e-05	1.4697699953103438e-05	1.0	168000.0
chr4	75907544	75907669	RNA7833	125	7	1.6841271255023977e-05	1.4717100384586956e-05	1.0	56000.0
chr4	75907913	75907984	RNA7834	71	12	0.059305523571993035	1.4715199995407602e-05	0.9166666666666666	169014.08450704225
chr4	76007837	76007973	RNA7835	136	17	2.4212864980861197e-05	1.4696799553348685e-05	1.0	125000.0
chr4	76007908	76008033	RNA7836	125	24	1.470097523300061e-05	7.349050065386109e-06	1.0	192000.0
chr4	76008957	76009028	RNA7837	71	17	2.9413917860331124e-05	1.470460028940579e-05	1.0	239436.61971830984
chr4	76009637	76009762	RNA7838	125	24	0.00834287891332981	1.4699399798701052e-05	0.9583333333333334	192000.0
chr4	76010092	76010163	RNA7839	71	6	4.899933325456611e-06	0.0	1.0	84507.04225352113
chr4	76010519	76010644	RNA7840	125	33	0.00037597825325285376	1.470200004405342e-05	1.0	264000.0
chr4	76802662	76802733	RNA7841	71	22	0.010591229155951702	0.0	0.9545454545454546	309859.15492957743
chr4	76803709	76803845	RNA7842	136	27	0.03166300295086128	0.0	0.9629629629629629	198529.41176470587
chr4	76803880	76804086	RNA7843	206	50	0.017107266063721906	0.0	0.98	242718.44660194175
chr4	76804010	76804146	RNA7844	136	34	0.007333024430328589	1.4707399714097846e-05	0.9705882352941176	250000.0
chr4	76804401	76804472	RNA7845	71	15	1.3723653319175355e-05	1.4699799976369832e-05	1.0	211267.6056338028
chr4	76805719	76805976	RNA7846	257	48	1.684405594914852e-05	0.0	1.0	186770.42801556422
chr4	76805897	76806033	RNA7847	136	21	1.540820925410593e-05	0.0	1.0	154411.76470588235
chr4	76805974	76806099	RNA7848	125	23	1.0907043360930402e-05	0.0	1.0	184000.0
chr4	76806646	76806717	RNA7849	71	7	0.019401814992826456	0.0	0.8571428571428571	98591.54929577465
chr4	76807836	76807907	RNA7850	71	10	0.00011463782257123187	7.347749942709925e-06	1.0	140845.0704225352
chr4	77615270	77615406	RNA7851	136	21	0.000152643897308734	0.0	1.0	154411.76470588235
chr4	77616049	77616185	RNA7852	136	25	1.9404243685129376e-05	0.0	1.0	183823.52941176473
chr4	77616515	77616651	RNA7853	136	32	4.96033317176532e-05	1.469744984206045e-05	1.0	235294.11764705883
chr4	77821817	77822074	RNA7854	257	49	0.02042346289667597	1.4694600395159796e-05	0.9591836734693877	190661.47859922177
chr4	77828336	77828440	RNA7855	104	17	1.8155788412138718e-05	1.4696400285174605e-05	1.0	163461.53846153847
chr4	77830834	77831091	RNA7856	257	35	1.5120054506820138e-05	1.4697199731017465e-05	1.0	136186.77042801556
chr4	77834225	77834482	RNA7857	257	53	5.990271824455566e-05	1.4697199731017465e-05	1.0	206225.68093385213
chr4	77984971	77985228	RNA7858	257	40	0.025013228892657936	7.347749942709925e-06	0.975	155642.0233463035
chr4	77985490	77985747	RNA7859	257	50	0.008924934253391253	0.0	0.96	194552.52918287937
chr4	78037859	78038009	RNA7860	150	29	0.03422852910672849	0.0	0.9655172413793104	193333.33333333334
chr4	78043922	78044058	RNA7861	136	26	1.366753062589291e-05	7.354649824264925e-06	1.0	191176.47058823527
chr4	78044242	78044397	RNA7862	153	22	2.9537577781655397e-05	1.4700499832542846e-05	1.0	143790.8496732026
chr4	78045704	78045961	RNA7863	256	42	0.009075575378877444	1.4703100077895215e-05	0.9761904761904762	164062.5
chr4	78704239	78704343	RNA7864	104	18	0.0025360236951807186	0.0	1.0	173076.92307692306
chr4	78754103	78754207	RNA7865	104	27	9.800125957958193e-06	1.4697699953103438e-05	1.0	259615.38461538462
chr4	78757722	78757826	RNA7866	104	28	1.784861751730053e-05	0.0	1.0	269230.7692307692
chr4	78760691	78760773	RNA7867	82	12	1.5931666742593126e-05	7.352100055868504e-06	1.0	146341.46341463414
chr4	78764441	78764698	RNA7868	257	38	2.321220288075206e-05	1.470179995521903e-05	1.0	147859.92217898832
chr4	79625456	79625560	RNA7869	104	16	1.93011750297919e-05	0.0	1.0	153846.15384615384
chr4	79637684	79637914	RNA7870	223	44	0.0012051729843692064	1.483784990341519e-05	1.0	197309.41704035873
chr4	79644761	79644865	RNA7871	104	0				0.0
chr4	79647217	79647321	RNA7872	104	32	3.170418375475173e-05	1.4700900010211626e-05	1.0	307692.3076923077
chr4	79802724	79802822	RNA7873	98	18	0.055554751301365786	7.352949978667312e-06	0.8888888888888888	183673.46938775512
chr4	79813272	79813376	RNA7874	104	21	1.824759545429431e-05	0.0	1.0	201923.07692307694
chr4	80136809	80137039	RNA7875	230	37	1.550531630306424e-05	0.0	1.0	160869.5652173913
chr4	80176830	80177060	RNA7876	230	51	0.029663671013997153	1.4698500308440998e-05	0.9607843137254902	221739.1304347826
chr4	80177943	80178173	RNA7877	230	48	0.0006157833867632613	1.469590006308863e-05	1.0	208695.65217391303
chr4	80207487	80207717	RNA7878	230	47	0.02191512114091273	0.0	0.9787234042553191	204347.82608695654
chr4	80209113	80209343	RNA7879	230	36	0.027814522969947568	1.4696599919261644e-05	0.9722222222222222	156521.73913043478
chr4	80265490	80265720	RNA7880	230	46	0.0018904268669915748	0.0	0.9782608695652174	200000.0
chr4	80266355	80266480	RNA7881	125	40	1.3962885145699908e-05	0.0	1.0	320000.0
chr4	80266402	80266608	RNA7882	206	72	1.4902120976025607e-05	0.0	1.0	349514.5631067961
chr4	81025642	81025713	RNA7883	71	15	9.802800013858359e-06	1.4700300198455809e-05	1.0	211267.6056338028
chr4	81305183	81305413	RNA7884	230	43	0.0294457019303885	1.469590006308863e-05	0.9534883720930233	186956.52173913043
chr4	82045678	82045828	RNA7885	150	25	0.021865078164446453	0.0	0.96	166666.66666666666
chr4	82147068	82147204	RNA7886	136	22	0.00030471562786260224	1.470005008741282e-05	1.0	161764.70588235295
chr4	82562454	82562517	RNA7887	63	9	4.087095476279327e-05	0.0	1.0	142857.14285714284
chr4	82818097	82818354	RNA7888	257	50	0.021014108101117014	1.4704799923492828e-05	0.98	194552.52918287937
chr4	83016745	83016895	RNA7889	150	0				0.0
chr4	83024841	83024973	RNA7890	132	23	0.0011308870787457665	0.0	1.0	174242.42424242425
chr4	83026204	83026354	RNA7891	150	41	0.00017182049313992635	1.4752299648534972e-05	1.0	273333.3333333333
chr4	83033815	83033965	RNA7892	150	30	0.019399941957514478	0.0	0.9666666666666667	200000.0
chr4	83085837	83085987	RNA7893	150	25	9.995799919124693e-06	0.0	1.0	166666.66666666666
chr4	83085989	83086139	RNA7894	150	25	0.00011466245778137098	0.0	1.0	166666.66666666666
chr4	83175076	83175226	RNA7895	150	30	0.03247396817884388	0.0	0.9666666666666667	200000.0
chr4	83606093	83606197	RNA7896	104	11	4.0101454446399165e-06	0.0	1.0	105769.23076923077
chr4	83615726	83615824	RNA7897	98	17	0.00010204876065579333	1.470159986638464e-05	1.0	173469.38775510204
chr4	84517777	84517927	RNA7898	150	22	0.06109267632245974	0.0	0.9090909090909091	146666.66666666666
chr4	84524873	84524971	RNA7899	98	28	0.037461604011598724	7.348399776674342e-06	0.9642857142857143	285714.2857142857
chr4	84662477	84662575	RNA7900	98	8	2.3888324903953363e-05	1.4701350210089004e-05	1.0	81632.65306122448
chr4	84667608	84667706	RNA7901	98	19	1.0066763216424366e-05	0.0	1.0	193877.55102040817
chr4	85029404	85029502	RNA7902	98	6	1.959790006367257e-05	1.4699399798701052e-05	1.0	61224.489795918365
chr4	85031419	85031524	RNA7903	105	18	3.756327815709347e-05	1.4696599919261644e-05	1.0	171428.57142857142
chr4	85032466	85032564	RNA7904	98	21	0.015537691761762416	1.4700700376124589e-05	0.9523809523809523	214285.71428571426
chr4	85043284	85043382	RNA7905	98	13	0.07693551374618088	0.0	0.9230769230769231	132653.0612244898
chr4	85123680	85123910	RNA7906	230	35	1.4710237311580446e-05	0.0	1.0	152173.91304347827
chr4	85474885	85474983	RNA7907	98	30	3.8223723640839426e-05	7.348599865508732e-06	1.0	306122.44897959183
chr4	86816485	86816548	RNA7908	63	10	2.3522689571102926e-05	1.4696599919261644e-05	1.0	158730.15873015873
chr4	86872441	86872573	RNA7909	132	21	0.00014428328947923278	1.469590006308863e-05	1.0	159090.9090909091
chr4	87392842	87392905	RNA7910	63	0				0.0
chr4	87418480	87418543	RNA7911	63	11	1.202685466110283e-05	1.4697199731017465e-05	1.0	174603.1746031746
chr4	87418841	87418904	RNA7912	63	17	0.022247356444281382	1.469590006308863e-05	0.9411764705882353	269841.2698412698
chr4	87778327	87778390	RNA7913	63	12	1.592442504261271e-05	0.0	1.0	190476.19047619047
chr4	87778442	87778505	RNA7914	63	7	1.0498085820082842e-05	0.0	1.0	111111.11111111111
chr4	87784919	87784982	RNA7915	63	15	9.802273416426032e-06	0.0	1.0	238095.23809523808
chr4	87891328	87891460	RNA7916	132	18	0.008962906428071918	1.4698349787067855e-05	0.9444444444444444	136363.63636363635
chr4	87974125	87974257	RNA7917	132	24	9.554821353200436e-05	0.0	1.0	181818.18181818182
chr4	87974139	87974271	RNA7918	132	24	0.0001151531756704522	7.348599865508732e-06	1.0	181818.18181818182
chr4	87974213	87974363	RNA7919	150	27	3.6483999287556995e-05	1.4698999621032272e-05	1.0	180000.0
chr4	88080917	88081049	RNA7920	132	21	8.400352488111129e-06	0.0	1.0	159090.9090909091
chr4	88083281	88083413	RNA7921	132	22	2.3395481424481056e-05	0.0	1.0	166666.66666666666
chr4	88231968	88232100	RNA7922	132	20	1.039743006003846e-05	1.476694978919113e-05	1.0	151515.15151515152
chr4	88378598	88378661	RNA7923	63	17	5.1877706188379846e-06	0.0	1.0	269841.2698412698
chr4	89128092	89128197	RNA7924	105	15	1.17586468453131e-05	0.0	1.0	142857.14285714284
chr4	89128450	89128582	RNA7925	132	19	3.017772609094912e-05	1.4698500308440998e-05	1.0	143939.39393939395
chr4	89235436	89235541	RNA7926	105	23	0.015781002534743526	1.4697699953103438e-05	0.9565217391304348	219047.61904761905
chr4	89235691	89235796	RNA7927	105	20	8.819990034680813e-06	0.0	1.0	190476.19047619047
chr4	89235705	89235810	RNA7928	105	21	6.300238055700902e-06	0.0	1.0	200000.0
chr4	89235866	89235964	RNA7929	98	20	0.028727169067678915	0.0	0.95	204081.63265306124
chr4	91610199	91610304	RNA7930	105	22	1.2698354566964554e-05	0.0	1.0	209523.80952380953
chr4	91610456	91610561	RNA7931	105	25	5.880520075152163e-06	0.0	1.0	238095.23809523808
chr4	91611706	91611811	RNA7932	105	22	1.0023595347196203e-05	0.0	1.0	209523.80952380953
chr4	91612641	91612746	RNA7933	105	13	4.52398461885213e-06	0.0	1.0	123809.52380952382
chr4	92176904	92177036	RNA7934	129	23	0.0021919766608255484	1.4713199561811052e-05	1.0	178294.57364341087
chr4	92181516	92181579	RNA7935	63	14	6.6154508463759e-05	7.349499810516136e-06	1.0	222222.22222222222
chr4	94107002	94107123	RNA7936	121	22	0.020993442643182123	0.0	0.9090909090909091	181818.18181818182
chr4	94740464	94740569	RNA7937	102	22	0.045476449717749674	1.471364976168843e-05	0.9545454545454546	215686.27450980394
chr4	97177969	97178090	RNA7938	121	19	0.053628274838478034	1.4703299711982254e-05	0.9473684210526315	157024.79338842977
chr4	97181457	97181578	RNA7939	121	22	0.005876457806194098	0.0	0.9545454545454546	181818.18181818182
chr4	97182254	97182375	RNA7940	121	29	4.25782999596292e-05	0.0	1.0	239669.4214876033
chr4	97183230	97183351	RNA7941	121	22	0.04528554338147924	0.0	0.9545454545454546	181818.18181818182
chr4	98680591	98680695	RNA7942	104	13	4.522930724376168e-06	0.0	1.0	125000.0
chr4	98681003	98681124	RNA7943	121	18	1.3881772449366798e-05	0.0	1.0	148760.3305785124
chr4	98681946	98682067	RNA7944	121	27	2.831390678760508e-05	0.0	1.0	223140.4958677686
chr4	98688523	98688611	RNA7945	88	12	1.2251341710602661e-05	0.0	1.0	136363.63636363635
chr4	98689653	98689774	RNA7946	121	18	2.28641328148e-05	0.0	1.0	148760.3305785124
chr4	98691926	98692075	RNA7947	149	29	0.0022090307530906383	0.0	0.9655172413793104	194630.87248322146
chr4	99439249	99439370	RNA7948	121	24	1.041250838322109e-05	0.0	1.0	198347.10743801654
chr4	101402919	101403068	RNA7949	145	25	0.00024117499793646624	0.0	1.0	172413.7931034483
chr4	101403252	101403356	RNA7950	104	35	3.697758581567654e-05	1.470159986638464e-05	1.0	336538.46153846156
chr4	101403761	101403865	RNA7951	104	26	0.028007195393771462	1.4699000075779622e-05	0.9615384615384616	250000.0
chr4	101404941	101405062	RNA7952	121	47	0.00040513620730594195	1.4712400115968194e-05	1.0	388429.7520661157
chr4	101405942	101406046	RNA7953	104	11	1.7707399902886727e-05	0.0	1.0	105769.23076923077
chr4	101406067	101406155	RNA7954	88	0				0.0
chr4	101406791	101406940	RNA7955	0	6	2.7808049708255567e-05	1.9637100194813684e-05	1.0	
chr4	101407112	101407200	RNA7956	88	19	2.527604221157628e-05	1.4813499547017273e-05	1.0	215909.0909090909
chr4	101407422	101407510	RNA7957	88	20	0.05027139062281094	1.469764993089484e-05	0.95	227272.72727272726
chr4	101408639	101408788	RNA7958	149	0				0.0
chr4	101408664	101408752	RNA7959	88	0				0.0
chr4	101409840	101409944	RNA7960	104	0				0.0
chr4	101409870	101410019	RNA7961	149	16	1.655331271877003e-05	1.4705649846291635e-05	1.0	107382.55033557047
chr4	105123417	105123521	RNA7962	104	0				0.0
chr4	105123773	105123877	RNA7963	95	10	0.09809260699612422	2.2057100068195723e-05	0.9	105263.15789473684
chr4	105124395	105124499	RNA7964	104	13	1.0201507603386954e-05	0.0	1.0	125000.0
chr4	105126086	105126190	RNA7965	104	24	7.966287436526423e-06	0.0	1.0	230769.23076923078
chr4	105129115	105129203	RNA7966	88	12	1.7147349960087605e-05	0.0	1.0	136363.63636363635
chr4	105129135	105129284	RNA7967	149	22	1.469808619896403e-05	0.0	1.0	147651.0067114094
chr4	105129697	105129846	RNA7968	142	31	7.18003561081335e-05	1.4699799976369832e-05	1.0	218309.85915492955
chr4	105129747	105129896	RNA7969	142	34	1.70421822611596e-05	1.4699799976369832e-05	1.0	239436.61971830984
chr4	105129813	105129901	RNA7970	88	19	2.166265240750829e-05	1.4699799976369832e-05	1.0	215909.0909090909
chr4	105130174	105130323	RNA7971	149	27	3.105188190803972e-05	0.0	1.0	181208.05369127516
chr4	105130715	105130803	RNA7972	88	22	0.0012644552438855882	7.349050065386109e-06	1.0	250000.0
chr4	105130905	105130993	RNA7973	88	13	0.07693438512300278	0.0	0.9230769230769231	147727.27272727274
chr4	107724108	107724207	RNA7974	99	23	1.1504573866778115e-05	0.0	1.0	232323.2323232323
chr4	107745363	107745467	RNA7975	104	28	0.003162842907873447	0.0	0.9642857142857143	269230.7692307692
chr4	108047368	108047456	RNA7976	88	16	0.0007118533450238808	0.0	1.0	181818.18181818182
chr4	108717930	108718079	RNA7977	149	30	1.959801353829158e-05	1.4696599919261644e-05	1.0	201342.2818791946
chr4	109706198	109706273	RNA7978	75	0				0.0
chr4	112139163	112139262	RNA7979	99	0				0.0
chr4	112510295	112510394	RNA7980	99	20	1.1758694927266334e-05	1.4697199731017465e-05	1.0	202020.202020202
chr4	112511818	112511917	RNA7981	99	15	5.879706623090897e-06	0.0	1.0	151515.15151515152
chr4	112512494	112512593	RNA7982	99	17	1.3831823440231688e-05	0.0	1.0	171717.1717171717
chr4	112658965	112659064	RNA7983	99	18	0.047903115936808	0.0	0.9444444444444444	181818.18181818182
chr4	112679904	112680003	RNA7984	98	0				0.0
chr4	112692326	112692425	RNA7985	99	19	2.2441658314299087e-05	1.4697699953103438e-05	1.0	191919.19191919192
chr4	113762459	113762558	RNA7986	99	26	0.016152858497032584	7.348849976551719e-06	0.9615384615384616	262626.2626262627
chr4	113762568	113762643	RNA7987	75	29	2.281441021326881e-05	1.4696799553348685e-05	1.0	386666.6666666667
chr4	114546465	114546540	RNA7988	75	16	0.002772878159760236	1.4708450180478394e-05	1.0	213333.33333333334
chr4	114598338	114598413	RNA7989	75	20	0.006819919384361129	7.349499810516136e-06	0.95	266666.6666666667
chr4	114598628	114598703	RNA7990	75	28	0.014877659348680282	1.471150017096079e-05	0.8928571428571429	373333.3333333334
chr4	114680484	114680559	RNA7991	75	15	0.06667058600663343	1.4697199731017465e-05	0.9333333333333333	200000.0
chr4	114697545	114697620	RNA7992	75	18	0.0015386669387124922	1.4778449894947698e-05	1.0	240000.0
chr4	114782871	114782946	RNA7993	75	18	1.1435072388445002e-05	0.0	1.0	240000.0
chr4	115783806	115783881	RNA7994	75	13	5.119800061947659e-05	1.4782400285184847e-05	1.0	173333.33333333334
chr4	116614142	116614241	RNA7995	99	23	0.024428937012089588	1.4707999980601016e-05	0.9565217391304348	232323.2323232323
chr4	118269482	118269638	RNA7996	156	22	0.0013941562969276506	7.348599865508732e-06	1.0	141025.64102564103
chr4	119295813	119295888	RNA7997	75	14	4.305490795428931e-05	1.4699799976369832e-05	1.0	186666.6666666667
chr4	121874017	121874173	RNA7998	156	35	8.856934203192526e-06	0.0	1.0	224358.97435897437
chr4	122457159	122457315	RNA7999	156	27	1.362907776772907e-05	0.0	1.0	173076.92307692306
chr4	122460270	122460426	RNA8000	156	49	0.020506249442609707	0.0	0.9795918367346939	314102.5641025641
chr4	122460902	122461058	RNA8001	156	37	0.05406001186755118	0.0	0.9459459459459459	237179.48717948716
chr4	123344101	123344257	RNA8002	156	28	0.0012678238851029661	1.4697199731017465e-05	1.0	179487.1794871795
chr4	123345214	123345370	RNA8003	156	32	0.003307829144830516	0.0	0.96875	205128.20512820513
chr4	123364835	123364991	RNA8004	156	31	5.0734436421578196e-05	1.4697199731017465e-05	1.0	198717.94871794872
chr4	123984651	123984807	RNA8005	156	30	0.0021194770491092577	1.470910001444281e-05	0.9666666666666667	192307.6923076923
chr4	128268793	128268949	RNA8006	156	27	0.03704411494072701	0.0	0.9629629629629629	173076.92307692306
chr4	132526444	132526606	RNA8007	162	24	0.06327067420579624	1.4719100363436153e-05	0.875	148148.14814814815
chr4	136522548	136522710	RNA8008	162	40	2.023136516981698e-05	0.0	1.0	246913.58024691357
chr4	137447539	137447701	RNA8009	162	33	0.02568763137870436	1.4697699953103438e-05	0.9696969696969697	203703.70370370368
chr4	137493079	137493241	RNA8010	162	28	4.5669136982588486e-05	0.0	1.0	172839.5061728395
chr4	137506433	137506595	RNA8011	162	32	0.03126838640605456	1.470200004405342e-05	0.96875	197530.86419753084
chr4	137535051	137535213	RNA8012	156	27	1.5154970107552665e-05	1.4696400285174605e-05	1.0	173076.92307692306
chr4	137539983	137540145	RNA8013	162	42	0.02383967119229575	0.0	0.9761904761904762	259259.25925925924
chr4	137544310	137544472	RNA8014	162	24	7.353366716718786e-06	0.0	1.0	148148.14814814815
chr4	138664086	138664248	RNA8015	162	24	0.0412433561252783	1.4697050119139021e-05	0.9583333333333334	148148.14814814815
chr4	139649580	139649735	RNA8016	155	31	0.00016458539055512478	1.4701099644298664e-05	1.0	200000.0
chr4	141281275	141281430	RNA8017	155	22	5.611639496484772e-05	1.4699199709866662e-05	1.0	141935.48387096776
chr4	141282154	141282309	RNA8018	155	21	0.03211452881303211	0.0	0.9047619047619048	135483.87096774194
chr4	141290835	141290997	RNA8019	162	29	1.72382759611233e-05	0.0	1.0	179012.34567901233
chr4	141290955	141291110	RNA8020	155	37	0.004524322969233691	0.0	0.972972972972973	238709.67741935485
chr4	141292528	141292683	RNA8021	155	25	2.2933304207980047e-05	0.0	1.0	161290.32258064515
chr4	145190268	145190423	RNA8022	155	28	1.2620278507060194e-05	0.0	1.0	180645.16129032258
chr4	145192265	145192420	RNA8023	155	39	3.053793886628322e-05	0.0	1.0	251612.90322580643
chr4	145195141	145195296	RNA8024	155	23	8.948460914404638e-06	1.4697699953103438e-05	1.0	148387.09677419355
chr4	145668825	145668980	RNA8025	155	25	0.007441393887056613	0.0	0.96	161290.32258064515
chr4	146537917	146538181	RNA8026	263	64	0.001904498029375641	1.4703049600939266e-05	0.984375	243346.00760456274
chr4	149342086	149342241	RNA8027	155	28	0.03560217037381465	0.0	0.9285714285714286	180645.16129032258
chr4	150261731	150261995	RNA8028	264	58	1.469821206134213e-05	0.0	1.0	219696.9696969697
chr4	151089287	151089551	RNA8029	264	27	2.7495285293194115e-05	0.0	1.0	102272.72727272728
chr4	151091765	151092029	RNA8030	264	51	0.001013372925662415	0.0	1.0	193181.81818181818
chr4	151096225	151096489	RNA8031	264	49	0.0018723766604997914	1.4698100130772218e-05	0.9795918367346939	185606.0606060606
chr4	151766882	151767146	RNA8032	264	52	5.8537099011326446e-05	1.4699599887535442e-05	1.0	196969.69696969696
chr4	151767815	151768079	RNA8033	264	49	0.0006921227876383806	0.0	1.0	185606.0606060606
chr4	151785457	151785721	RNA8034	264	54	0.018647577304886063	0.0	0.9814814814814815	204545.45454545456
chr4	152086249	152086513	RNA8035	264	49	0.005784685303538305	0.0	0.9795918367346939	185606.0606060606
chr4	156109231	156109495	RNA8036	264	60	0.007800255768855393	0.0	0.9666666666666667	227272.72727272726
chr4	161061020	161061099	RNA8037	79	14	3.993149221059568e-05	1.4712800293636974e-05	1.0	177215.18987341772
chr4	164711980	164712059	RNA8038	79	10	1.470060997235123e-05	1.4700499832542846e-05	1.0	126582.27848101266
chr4	165041925	165042113	RNA8039	188	35	3.906365735538792e-05	0.0	1.0	186170.21276595743
chr4	165828363	165828442	RNA8040	79	11	0.0020676915168719727	0.0	1.0	139240.5063291139
chr4	165868294	165868373	RNA8041	79	14	9.448943014181818e-06	0.0	1.0	177215.18987341772
chr4	165869776	165869855	RNA8042	79	17	1.2103223632627359e-05	1.469549988541985e-05	1.0	215189.87341772154
chr4	166536841	166536920	RNA8043	79	17	9.516423607933307e-06	1.4697699953103438e-05	1.0	215189.87341772154
chr4	166539558	166539637	RNA8044	79	14	8.399942933985066e-06	0.0	1.0	177215.18987341772
chr4	166550159	166550238	RNA8045	79	15	1.176107337717743e-05	0.0	1.0	189873.417721519
chr4	167262100	167262179	RNA8046	79	17	0.016642090354627506	0.0	0.9411764705882353	215189.87341772154
chr4	169014753	169014941	RNA8047	188	36	0.00029272955953273615	1.4698100130772218e-05	1.0	191489.36170212764
chr4	169346662	169346850	RNA8048	188	32	1.0566312482751528e-05	1.4695749996462837e-05	1.0	170212.7659574468
chr4	169358379	169358567	RNA8049	188	42	1.7150088167126882e-05	0.0	1.0	223404.2553191489
chr4	169360401	169360589	RNA8050	188	54	0.000320251635205042	0.0	1.0	287234.04255319154
chr4	170047749	170047936	RNA8051	187	8	0.0006614515567662069	2.2090800030127866e-05	1.0	42780.7486631016
chr4	170048035	170048223	RNA8052	188	31	3.034437395399208e-05	1.469590006308863e-05	1.0	164893.6170212766
chr4	170048165	170048353	RNA8053	188	22	1.4029781596036628e-05	7.347749942709925e-06	1.0	117021.27659574468
chr4	170048693	170048881	RNA8054	188	23	0.00798512908042302	1.469549988541985e-05	0.9130434782608695	122340.4255319149
chr4	170319374	170319562	RNA8055	188	51	0.019649085390394207	0.0	0.9803921568627451	271276.59574468085
chr4	170324430	170324509	RNA8056	79	10	5.294552011036816e-05	0.0	1.0	126582.27848101266
chr4	173080654	173080765	RNA8057	111	18	1.5514299927114433e-05	1.4696150174131617e-05	1.0	162162.16216216216
chr4	174227749	174227936	RNA8058	187	34	1.3403135359539097e-05	0.0	1.0	181818.18181818182
chr4	174550939	174551127	RNA8059	188	38	0.0012736170363878987	0.0	1.0	202127.65957446807
chr4	174829284	174829471	RNA8060	187	52	3.5329742226722005e-05	7.347549853875535e-06	1.0	278074.86631016043
chr4	174829382	174829569	RNA8061	187	49	4.139230368680468e-05	0.0	1.0	262032.0855614973
chr4	174829467	174829654	RNA8062	187	49	3.299703875737998e-05	0.0	1.0	262032.0855614973
chr4	174983917	174984104	RNA8063	187	43	0.0016053867928475915	0.0	0.9767441860465116	229946.52406417113
chr4	174992581	174992768	RNA8064	187	39	0.004885397561641483	0.0	0.9743589743589743	208556.1497326203
chr4	175036989	175037176	RNA8065	187	31	0.03264778215267847	0.0	0.967741935483871	165775.4010695187
chr4	176009869	176010056	RNA8066	187	41	0.029680721496156248	0.0	0.9512195121951219	219251.3368983957
chr4	176380530	176380641	RNA8067	111	20	0.049992647520502954	0.0	0.95	180180.18018018018
chr4	177302517	177302628	RNA8068	111	15	1.4697959947322185e-05	0.0	1.0	135135.13513513515
chr4	177421537	177421648	RNA8069	111	21	4.8311280373858345e-05	1.4697699953103438e-05	1.0	189189.1891891892
chr4	177430095	177430206	RNA8070	111	16	0.003281235179542809	0.0	0.9375	144144.14414414414
chr4	178708815	178709017	RNA8071	202	0				0.0
chr4	178709281	178709392	RNA8072	111	36	0.00037583961168112686	1.4703750366606982e-05	1.0	324324.3243243243
chr4	178709655	178709766	RNA8073	111	37	0.061478572189632874	1.4697199731017465e-05	0.918918918918919	333333.3333333333
chr4	178709742	178709853	RNA8074	111	30	0.0013708988292819384	1.4696150174131617e-05	1.0	270270.2702702703
chr4	178709745	178709856	RNA8075	111	27	0.0015226765325240634	1.4696400285174605e-05	1.0	243243.24324324325
chr4	179911312	179911423	RNA8076	111	21	0.04763164768090584	0.0	0.9523809523809523	189189.1891891892
chr4	179915816	179916003	RNA8077	187	39	0.002285733419156688	0.0	0.9743589743589743	208556.1497326203
chr4	182822137	182822232	RNA8078	95	22	1.8039477088839332e-05	7.348849976551719e-06	1.0	231578.94736842104
chr4	182822142	182822226	RNA8079	84	20	1.9843424797723266e-05	1.4698100130772218e-05	1.0	238095.23809523808
chr4	182822248	182822450	RNA8080	202	35	0.0003788016846426292	1.4698500308440998e-05	1.0	173267.32673267325
chr4	182824289	182824401	RNA8081	112	27	0.0022277093374348726	1.4697199731017465e-05	0.9629629629629629	241071.42857142858
chr4	183000074	183000276	RNA8082	202	0				0.0
chr4	183042266	183042468	RNA8083	202	40	0.01659617326845364	1.470005008741282e-05	0.95	198019.80198019804
chr4	183046709	183046911	RNA8084	202	39	1.8844992574973464e-05	1.469590006308863e-05	1.0	193069.30693069307
chr4	183321248	183321450	RNA8085	202	36	0.003169216136206562	1.469744984206045e-05	0.9722222222222222	178217.82178217822
chr4	183323234	183323436	RNA8086	202	38	0.05265749192078242	1.469744984206045e-05	0.9473684210526315	188118.81188118813
chr4	183429412	183429614	RNA8087	202	44	0.03748812892831665	7.347950031544315e-06	0.9545454545454546	217821.7821782178
chr4	184069373	184069468	RNA8088	95	14	5.6689369427786504e-05	0.0	1.0	147368.42105263157
chr4	184306585	184306787	RNA8089	202	32	0.0027879144805069683	7.348399776674342e-06	0.96875	158415.84158415842
chr4	184362552	184362664	RNA8090	112	24	3.3687620430090615e-05	1.4699599887535442e-05	1.0	214285.71428571426
chr4	184881661	184881756	RNA8091	95	24	0.0417150516827102	1.469764993089484e-05	0.9583333333333334	252631.57894736843
chr4	184988272	184988367	RNA8092	95	27	0.013000577457205507	1.4698999621032272e-05	0.9629629629629629	284210.5263157895
chr4	184988492	184988587	RNA8093	93	25	0.01714835666756698	0.0	0.92	268817.20430107525
chr4	185033831	185033926	RNA8094	95	22	0.07368693285810547	1.4698950053571025e-05	0.9090909090909091	231578.94736842104
chr4	185033938	185034033	RNA8095	95	19	0.05263235380516562	0.0	0.9473684210526315	200000.0
chr4	185141754	185141849	RNA8096	95	16	0.062519291918818	1.4699599887535442e-05	0.9375	168421.05263157893
chr4	185150755	185150867	RNA8097	112	22	0.022832596617718078	7.347300197579898e-06	0.9545454545454546	196428.57142857142
chr4	185150842	185150926	RNA8098	84	12	2.0822066062462875e-05	0.0	1.0	142857.14285714284
chr4	185151079	185151191	RNA8099	112	22	6.880896609634569e-05	0.0	1.0	196428.57142857142
chr4	185151395	185151507	RNA8100	112	21	0.07123941874392802	1.4698500308440998e-05	0.9047619047619048	187500.0
chr4	185425997	185426109	RNA8101	112	28	0.03573213365780248	0.0	0.9642857142857143	250000.0
chr4	185426060	185426172	RNA8102	112	28	0.035891717018427825	0.0	0.9642857142857143	250000.0
chr4	185426072	185426184	RNA8103	112	30	0.0335302909244092	1.4697199731017465e-05	0.9666666666666667	267857.14285714284
chr4	186028968	186029063	RNA8104	95	18	1.6333900273618245e-05	1.4698500308440998e-05	1.0	189473.68421052632
chr4	186089996	186090080	RNA8105	84	23	0.012194213260875622	0.0	0.9565217391304348	273809.52380952385
chr4	186093157	186093241	RNA8106	84	10	7.3518199315003585e-06	7.348399776674342e-06	1.0	119047.61904761904
chr4	186094489	186094573	RNA8107	84	14	0.029500097418999106	0.0	0.9285714285714286	166666.66666666666
chr4	186260856	186260940	RNA8108	84	27	0.001830780090804847	1.469590006308863e-05	1.0	321428.5714285715
chr4	186261853	186261937	RNA8109	81	36	0.05558444778618347	1.4786549854761688e-05	0.9444444444444444	444444.44444444444
chr4	186264503	186264587	RNA8110	84	17	0.058827854306133194	0.0	0.9411764705882353	202380.9523809524
chr4	186265192	186265304	RNA8111	112	21	0.0011302782841084906	0.0	1.0	187500.0
chr4	187215420	187215504	RNA8112	84	17	0.00048721998015987964	1.4709799870615823e-05	1.0	202380.9523809524
chr4	188304938	188305140	RNA8113	202	51	0.024393136719018178	0.0	0.9607843137254902	252475.24752475249
chr4	190015262	190015357	RNA8114	95	0				0.0
chr4	190199116	190199228	RNA8115	0	0				
chr5	65179	65280	RNA8116	101	17	0.0001322827383773943	0.0	1.0	168316.83168316833
chr5	70920	71021	RNA8117	101	14	1.0499007138215738e-05	1.4697199731017465e-05	1.0	138613.86138613863
chr5	6678100	6678201	RNA8118	101	18	1.1432555614495262e-05	7.348849976551719e-06	1.0	178217.82178217822
chr5	6680221	6680322	RNA8119	101	15	2.548352610271294e-05	1.469590006308863e-05	1.0	148514.8514851485
chr5	6680790	6680891	RNA8120	101	22	3.14050811622018e-05	0.0	1.0	217821.7821782178
chr5	7394529	7394630	RNA8121	101	19	0.002861051845349332	1.4697699953103438e-05	0.9473684210526315	188118.81188118813
chr5	9552909	9553022	RNA8122	113	21	3.8491981762312114e-05	1.4697699953103438e-05	1.0	185840.70796460178
chr5	10224300	10224417	RNA8123	117	26	2.657216891048536e-05	0.0	1.0	222222.22222222222
chr5	10938990	10939091	RNA8124	101	23	0.04753808062457171	1.4720199942530598e-05	0.9130434782608695	227722.77227722772
chr5	12349545	12349658	RNA8125	113	21	0.0638233159901401	1.470159986638464e-05	0.9047619047619048	185840.70796460178
chr5	14080926	14081039	RNA8126	113	15	2.548454667703424e-05	1.4699399798701052e-05	1.0	132743.36283185842
chr5	14082426	14082543	RNA8127	117	26	0.005846767011287451	1.4698549875902245e-05	0.9615384615384616	222222.22222222222
chr5	14124355	14124468	RNA8128	113	20	3.1635428695153545e-05	0.0	1.0	176991.15044247787
chr5	14128192	14128305	RNA8129	112	22	3.3277026556207754e-05	0.0	1.0	196428.57142857142
chr5	14618701	14618814	RNA8130	113	18	0.0048766895140235815	1.4699599887535442e-05	0.9444444444444444	159292.03539823007
chr5	14618748	14618861	RNA8131	113	18	0.004841572652417709	7.349250154220499e-06	0.9444444444444444	159292.03539823007
chr5	14619500	14619613	RNA8132	113	21	1.5556562045406152e-05	1.4698999621032272e-05	1.0	185840.70796460178
chr5	14619509	14619626	RNA8133	117	22	1.9525604619213315e-05	1.4698999621032272e-05	1.0	188034.18803418803
chr5	14701697	14701814	RNA8134	117	25	0.0012313638220803095	1.4699799976369832e-05	1.0	213675.21367521366
chr5	14704130	14704247	RNA8135	117	27	1.7495877458442637e-05	1.4723200365551747e-05	1.0	230769.23076923078
chr5	14873674	14873791	RNA8136	117	19	3.716405765436236e-05	1.4697199731017465e-05	1.0	162393.1623931624
chr5	14882252	14882369	RNA8137	117	24	2.5730750166981183e-05	1.4701099644298664e-05	1.0	205128.20512820513
chr5	14962943	14963060	RNA8138	117	18	0.007921102389445869	0.0	0.9444444444444444	153846.15384615384
chr5	15498088	15498201	RNA8139	113	20	6.61399494674697e-06	0.0	1.0	176991.15044247787
chr5	15940344	15940461	RNA8140	117	30	2.009264671869314e-05	0.0	1.0	256410.25641025638
chr5	19462168	19462281	RNA8141	113	22	2.1381222764330837e-05	1.4698300219606608e-05	1.0	194690.26548672566
chr5	19464069	19464186	RNA8142	117	25	0.02406226454073476	0.0	0.96	213675.21367521366
chr5	26410528	26410592	RNA8143	64	0				0.0
chr5	30394997	30395061	RNA8144	64	12	1.226405849289828e-05	0.0	1.0	187500.0
chr5	30745084	30745148	RNA8145	64	9	0.011418645554739563	0.0	0.8888888888888888	140625.0
chr5	30755655	30755719	RNA8146	64	12	5.75737823661816e-05	2.9400950552371796e-05	1.0	187500.0
chr5	30769347	30769411	RNA8147	64	13	0.07686766735304655	0.0	0.9230769230769231	203125.0
chr5	31555552	31555616	RNA8148	58	10	1.6837350267451255e-05	8.001000423973892e-06	1.0	172413.7931034483
chr5	31556094	31556204	RNA8149	106	19	2.5284689495726556e-05	1.4726199879078194e-05	1.0	179245.28301886792
chr5	31557068	31557132	RNA8150	64	14	2.6245442768406758e-05	1.4698300219606608e-05	1.0	218750.0
chr5	31557190	31557254	RNA8151	64	16	1.1942506318973756e-05	1.4698100130772218e-05	1.0	250000.0
chr5	32469497	32469579	RNA8152	82	13	0.0003007572179810083	1.4697699953103438e-05	1.0	158536.58536585365
chr5	32492506	32492570	RNA8153	64	14	1.1547828697595313e-05	0.0	1.0	218750.0
chr5	35244911	35245021	RNA8154	110	19	1.0059031697700879e-05	0.0	1.0	172727.27272727274
chr5	36022637	36022747	RNA8155	110	0				0.0
chr5	36072803	36072913	RNA8156	110	23	0.0002362323045378152	0.0	1.0	209090.9090909091
chr5	36073981	36074091	RNA8157	110	27	3.375039263859488e-05	1.4700300198455809e-05	1.0	245454.54545454544
chr5	36244013	36244123	RNA8158	110	20	1.470045526730226e-05	0.0	1.0	181818.18181818182
chr5	36246796	36246906	RNA8159	110	23	7.119430452091721e-06	0.0	1.0	209090.9090909091
chr5	36306330	36306412	RNA8160	82	14	5.250842929984044e-06	0.0	1.0	170731.7073170732
chr5	36311737	36311847	RNA8161	110	22	6.216435407292031e-05	1.47073501466366e-05	1.0	200000.0
chr5	36530385	36530449	RNA8162	64	17	1.1240276548692169e-05	0.0	1.0	265625.0
chr5	36859248	36859330	RNA8163	82	10	1.1760219967982266e-05	0.0	1.0	121951.21951219512
chr5	36860418	36860528	RNA8164	110	14	1.3665021404968512e-05	0.0	1.0	127272.72727272726
chr5	36860479	36860561	RNA8165	82	8	5.5216750070030685e-06	0.0	1.0	97560.9756097561
chr5	36860664	36860746	RNA8166	82	12	2.4560749807278626e-06	0.0	1.0	146341.46341463414
chr5	37753611	37753693	RNA8167	82	13	1.357017712367591e-05	0.0	1.0	158536.58536585365
chr5	37754771	37754990	RNA8168	219	45	0.0004183446076341254	0.0	1.0	205479.4520547945
chr5	37767987	37768069	RNA8169	82	24	3.491095806869539e-05	1.470025017624721e-05	1.0	292682.9268292683
chr5	37803766	37803848	RNA8170	82	15	0.006022559381259876	0.0	0.9333333333333333	182926.82926829267
chr5	38469317	38469399	RNA8171	82	14	4.199521429524923e-06	0.0	1.0	170731.7073170732
chr5	39090937	39091025	RNA8172	88	24	0.005525771324225083	0.0	0.9583333333333334	272727.2727272727
chr5	40507790	40507900	RNA8173	110	24	6.127557965858736e-05	0.0	1.0	218181.81818181818
chr5	40508003	40508222	RNA8174	219	56	0.0057921587160763	0.0	0.9821428571428571	255707.7625570776
chr5	41726177	41726396	RNA8175	219	44	0.03226100577039274	0.0	0.9545454545454546	200913.2420091324
chr5	41726568	41726787	RNA8176	219	53	0.01775750459150141	0.0	0.9811320754716981	242009.1324200913
chr5	41728817	41729036	RNA8177	219	45	3.2337340073554534e-05	1.4696799553348685e-05	1.0	205479.4520547945
chr5	42212905	42213124	RNA8178	219	45	3.2426370772654025e-05	1.4727999769093005e-05	1.0	205479.4520547945
chr5	42216628	42216847	RNA8179	219	42	0.006521847203116301	7.349050065386109e-06	0.9761904761904762	191780.8219178082
chr5	42219850	42220069	RNA8180	219	49	0.0007308124028283148	0.0	1.0	223744.29223744292
chr5	42394240	42394328	RNA8181	88	23	1.917404342352909e-05	1.4696799553348685e-05	1.0	261363.63636363635
chr5	42751879	42751967	RNA8182	88	14	0.005241564709324717	1.4700700376124589e-05	0.9285714285714286	159090.9090909091
chr5	42752249	42752331	RNA8183	82	14	0.0001711420878953965	7.350350188062294e-06	1.0	170731.7073170732
chr5	42754388	42754476	RNA8184	88	12	1.1029158486053348e-05	0.0	1.0	136363.63636363635
chr5	42754784	42755003	RNA8185	219	40	0.006883719953748364	1.4720400031364989e-05	0.975	182648.401826484
chr5	42755173	42755261	RNA8186	86	17	0.10440212337765414	1.481609979236964e-05	0.8235294117647058	197674.41860465115
chr5	43557963	43558051	RNA8187	88	15	5.880046592210419e-06	0.0	1.0	170454.54545454544
chr5	43558649	43558737	RNA8188	88	13	1.696084620142266e-05	1.4698999621032272e-05	1.0	147727.27272727274
chr5	43558701	43558789	RNA8189	88	20	2.4254695199483865e-05	1.4699600342282793e-05	1.0	227272.72727272726
chr5	44856225	44856313	RNA8190	88	12	6.12395827677877e-06	0.0	1.0	136363.63636363635
chr5	47297233	47297321	RNA8191	0	0				
chr5	60565561	60565709	RNA8192	148	32	0.00031788671776666774	1.4699599887535442e-05	1.0	216216.21621621624
chr5	60574517	60574628	RNA8193	111	0				0.0
chr5	60712325	60712423	RNA8194	91	21	0.06865044594416672	1.4723200365551747e-05	0.8571428571428571	230769.23076923078
chr5	62303939	62304050	RNA8195	111	20	0.03310974418664046	0.0	0.9	180180.18018018018
chr5	62304178	62304289	RNA8196	111	18	0.003936627184834321	1.4697900041937828e-05	0.9444444444444444	162162.16216216216
chr5	62304473	62304584	RNA8197	111	17	0.05459710861861608	1.4697199731017465e-05	0.8823529411764706	153153.15315315314
chr5	62304480	62304591	RNA8198	111	16	0.0580085093322964	7.35079993319232e-06	0.875	144144.14414414414
chr5	65118216	65118314	RNA8199	98	11	3.490085369279403e-05	1.4736699995410165e-05	1.0	112244.89795918367
chr5	65119789	65119900	RNA8200	111	22	0.002040283158914297	0.0	1.0	198198.1981981982
chr5	65119900	65120048	RNA8201	148	28	0.0016177965741722472	7.348399776674342e-06	1.0	189189.1891891892
chr5	65120982	65121093	RNA8202	111	13	1.3568176864982188e-05	1.4697199731017465e-05	1.0	117117.11711711712
chr5	65123100	65123211	RNA8203	111	18	0.00464473661708729	1.4698549875902245e-05	0.9444444444444444	162162.16216216216
chr5	65483432	65483580	RNA8204	148	17	6.917317584927386e-06	0.0	1.0	114864.86486486487
chr5	65515275	65515373	RNA8205	98	36	0.0002604904185672079	1.471189989388222e-05	1.0	367346.93877551024
chr5	65515824	65515972	RNA8206	148	29	1.9767341310112486e-05	0.0	1.0	195945.94594594595
chr5	65517233	65517381	RNA8207	148	22	0.0003541436253726707	0.0	1.0	148648.64864864867
chr5	65587571	65587719	RNA8208	148	24	8.160059265567907e-05	1.4721450042998185e-05	1.0	162162.16216216216
chr5	65587636	65587784	RNA8209	148	24	1.0439158283285602e-05	7.36225001674029e-06	1.0	162162.16216216216
chr5	65587738	65587836	RNA8210	98	19	6.285464534908016e-05	1.472670010116417e-05	1.0	193877.55102040817
chr5	65588092	65588240	RNA8211	148	15	9.826006620035817e-06	0.0	1.0	101351.35135135136
chr5	65588955	65589053	RNA8212	98	18	4.09647229086307e-05	0.0	1.0	183673.46938775512
chr5	65873400	65873498	RNA8213	98	0				0.0
chr5	65874545	65874643	RNA8214	98	17	0.06677860444292223	1.4697699953103438e-05	0.8823529411764706	173469.38775510204
chr5	65875566	65875664	RNA8215	98	22	0.0005752491980191775	1.4698549875902245e-05	1.0	224489.79591836734
chr5	66082940	66083051	RNA8216	109	29	2.6066551668160475e-05	0.0	1.0	266055.04587155965
chr5	66192971	66193119	RNA8217	148	24	8.638267816725623e-05	0.0	1.0	162162.16216216216
chr5	66196066	66196164	RNA8218	98	15	1.763901333712662e-05	1.4697699953103438e-05	1.0	153061.22448979592
chr5	69178315	69178463	RNA8219	148	36	0.0033974395289027948	0.0	0.9722222222222222	243243.24324324325
chr5	69180151	69180249	RNA8220	98	24	2.5739225179673453e-05	1.4703049600939266e-05	1.0	244897.95918367346
chr5	69181014	69181125	RNA8221	111	30	0.00016269396237475573	0.0	1.0	270270.2702702703
chr5	72028965	72029080	RNA8222	115	25	0.040027652100252456	0.0	0.96	217391.30434782608
chr5	73363896	73363993	RNA8223	97	18	2.8582788723315136e-05	0.0	1.0	185567.01030927835
chr5	74584791	74584906	RNA8224	115	24	0.00016665235796153565	0.0	1.0	208695.65217391303
chr5	74614039	74614211	RNA8225	172	36	0.027809626213285	0.0	0.9722222222222222	209302.32558139536
chr5	75248982	75249057	RNA8226	75	13	0.00048389143292017125	0.0	1.0	173333.33333333334
chr5	75253730	75253907	RNA8227	177	59	2.118429654081466e-05	1.469590006308863e-05	1.0	333333.3333333333
chr5	75273007	75273122	RNA8228	115	20	1.4701280224468037e-05	0.0	1.0	173913.04347826086
chr5	75273230	75273345	RNA8229	115	16	5.053231802775748e-05	1.4700300198455809e-05	1.0	139130.4347826087
chr5	75274401	75274516	RNA8230	115	6	4.900516766307798e-06	0.0	1.0	52173.91304347826
chr5	76379000	76379115	RNA8231	115	26	0.0013659711153895101	0.0	1.0	226086.95652173914
chr5	76380002	76380117	RNA8232	115	25	9.995192049245816e-06	0.0	1.0	217391.30434782608
chr5	76382977	76383092	RNA8233	115	20	4.1164730964735126e-05	0.0	1.0	173913.04347826086
chr5	76383930	76384094	RNA8234	164	40	0.02501065809751708	7.347749942709925e-06	0.975	243902.43902439025
chr5	76393094	76393209	RNA8235	115	9	3.4295144562029254e-05	0.0	1.0	78260.86956521739
chr5	77627897	77627994	RNA8236	97	20	1.1023380011465633e-05	1.469569997425424e-05	1.0	206185.56701030926
chr5	78300665	78300762	RNA8237	97	16	1.6536224848096026e-05	7.348599865508732e-06	1.0	164948.45360824742
chr5	78330210	78330307	RNA8238	97	19	5.882758413414633e-05	1.4698999621032272e-05	1.0	195876.28865979382
chr5	78336436	78336533	RNA8239	97	0				0.0
chr5	78482528	78482625	RNA8240	97	24	4.0430787521469285e-05	1.4699150142405415e-05	1.0	247422.68041237115
chr5	78482539	78482711	RNA8241	172	25	3.646141598437356e-05	1.4698500308440998e-05	1.0	145348.83720930232
chr5	78483267	78483364	RNA8242	97	16	0.012614135478770546	0.0	0.9375	164948.45360824742
chr5	78483552	78483649	RNA8243	97	15	1.764288002353472e-05	1.4699799976369832e-05	1.0	154639.17525773196
chr5	78986918	78986993	RNA8244	75	13	2.0367646217122317e-05	1.4698500308440998e-05	1.0	173333.33333333334
chr5	78990195	78990367	RNA8245	172	29	0.06912214045759951	0.0	0.9310344827586207	168604.6511627907
chr5	78991811	78991983	RNA8246	172	29	0.0001282111063495708	0.0	1.0	168604.6511627907
chr5	78994659	78994831	RNA8247	172	32	1.194237174217777e-05	0.0	1.0	186046.51162790696
chr5	78997305	78997482	RNA8248	177	22	9.152801158051435e-05	7.347950031544315e-06	1.0	124293.78531073447
chr5	79848051	79848223	RNA8249	164	44	1.578662260147729e-05	7.351849944825517e-06	1.0	268292.68292682926
chr5	79848099	79848271	RNA8250	164	43	0.023266782232471892	0.0	0.9767441860465116	262195.1219512195
chr5	79848100	79848272	RNA8251	164	42	0.023820403138004275	0.0	0.9761904761904762	256097.56097560975
chr5	79848129	79848226	RNA8252	89	25	2.013297980738462e-05	1.4746699889656156e-05	1.0	280898.8764044944
chr5	79849178	79849342	RNA8253	164	29	1.7738375798466525e-05	1.4696799553348685e-05	1.0	176829.26829268291
chr5	79857219	79857294	RNA8254	75	19	0.003132824909746547	0.0	0.9473684210526315	253333.33333333334
chr5	79976527	79976602	RNA8255	75	9	0.00022098260918329893	2.974599919980392e-05	1.0	120000.0
chr5	79976546	79976621	RNA8256	75	9	0.0002176980867968824	1.475449971621856e-05	1.0	120000.0
chr5	80089373	80089550	RNA8257	177	36	0.027797786138914187	1.4696799553348685e-05	0.9722222222222222	203389.83050847458
chr5	80091320	80091395	RNA8258	75	17	0.00040499730151648847	1.47024002217222e-05	1.0	226666.66666666666
chr5	80093326	80093401	RNA8259	74	13	0.02338489726809292	1.495040032750694e-05	0.9230769230769231	175675.67567567568
chr5	80093855	80093930	RNA8260	75	16	0.0630352236181011	1.4699399798701052e-05	0.875	213333.33333333334
chr5	80100198	80100375	RNA8261	177	37	0.02639641396883628	1.4700300198455809e-05	0.918918918918919	209039.54802259887
chr5	80101845	80102022	RNA8262	177	28	2.208475689257979e-05	7.348200142587302e-06	1.0	158192.09039548025
chr5	80269626	80269803	RNA8263	177	52	5.826908685635898e-05	1.470715005780221e-05	1.0	293785.3107344633
chr5	80273811	80273988	RNA8264	174	34	0.005481553364755674	7.349899988184916e-06	0.9705882352941176	195402.29885057473
chr5	80352703	80352880	RNA8265	177	34	0.02942941458861562	1.4714099961565807e-05	0.9705882352941176	192090.395480226
chr5	80372121	80372285	RNA8266	164	40	0.025016904765038817	1.469744984206045e-05	0.975	243902.43902439025
chr5	80397476	80397640	RNA8267	164	32	3.124981805057973e-05	0.0	1.0	195121.9512195122
chr5	80398616	80398780	RNA8268	164	29	5.791013781758554e-05	1.4768000255571678e-05	1.0	176829.26829268291
chr5	80399621	80399736	RNA8269	115	20	3.1606565107718604e-05	0.0	1.0	173913.04347826086
chr5	80543550	80543714	RNA8270	164	31	1.7067696746612084e-05	1.4694200217491016e-05	1.0	189024.39024390245
chr5	80551962	80552126	RNA8271	164	30	0.0032092549308193447	0.0	0.9666666666666667	182926.82926829267
chr5	80625868	80626040	RNA8272	172	27	0.01012660756071084	0.0	0.9629629629629629	156976.7441860465
chr5	80626039	80626203	RNA8273	164	28	0.003422031116607667	1.4699399798701052e-05	0.9642857142857143	170731.7073170732
chr5	80944905	80945082	RNA8274	177	24	0.010649657938226177	7.353999990300508e-06	0.9583333333333334	135593.22033898305
chr5	80946701	80946776	RNA8275	75	16	0.0060083851779495455	0.0	0.9375	213333.33333333334
chr5	81754867	81755031	RNA8276	164	34	2.76715530911585e-05	0.0	1.0	207317.0731707317
chr5	83465044	83465141	RNA8277	96	18	1.363101101661515e-05	0.0	1.0	187500.0
chr5	84675755	84675927	RNA8278	172	33	0.030313722299951856	1.4698999621032272e-05	0.9696969696969697	191860.46511627908
chr5	84959332	84959407	RNA8279	75	21	0.03287233484925741	1.4707199625263456e-05	0.9523809523809523	280000.0
chr5	85249179	85249356	RNA8280	177	27	0.0001186638240782211	0.0	1.0	152542.37288135593
chr5	85288644	85288808	RNA8281	164	34	0.04505121457037496	0.0	0.8823529411764706	207317.0731707317
chr5	90326896	90326970	RNA8282	74	0				0.0
chr5	92996070	92996209	RNA8283	139	34	0.0006436649661790178	1.4732299860042986e-05	1.0	244604.3165467626
chr5	93262042	93262116	RNA8284	74	0				0.0
chr5	93262192	93262266	RNA8285	0	0				
chr5	93262687	93262761	RNA8286	1	0				0.0
chr5	93263903	93263977	RNA8287	74	0				0.0
chr5	95633853	95633927	RNA8288	74	11	0.09121376001778779	0.0	0.9090909090909091	148648.64864864867
chr5	95634297	95634371	RNA8289	74	13	2.7138345663283522e-05	1.4698999621032272e-05	1.0	175675.67567567568
chr5	95640874	95640948	RNA8290	74	17	0.004295756107935358	0.0	0.9411764705882353	229729.72972972973
chr5	95646634	95646708	RNA8291	74	19	3.3271210428968874e-05	1.4698999621032272e-05	1.0	256756.75675675675
chr5	95833479	95833618	RNA8292	139	20	3.6749349874298787e-06	0.0	1.0	143884.89208633092
chr5	97049244	97049383	RNA8293	139	27	0.037044114796386834	0.0	0.9629629629629629	194244.60431654679
chr5	97062638	97062777	RNA8294	139	28	7.559708836067109e-05	0.0	1.0	201438.8489208633
chr5	97064482	97064621	RNA8295	139	23	3.203203876814682e-05	1.4703699889651034e-05	1.0	165467.62589928057
chr5	97990942	97991081	RNA8296	139	19	0.000717947013120126	1.4696400285174605e-05	1.0	136690.6474820144
chr5	97993366	97993505	RNA8297	139	15	2.9395533056225495e-05	1.4698500308440998e-05	1.0	107913.6690647482
chr5	97993876	97994015	RNA8298	139	21	0.001421109762737773	1.4700300198455809e-05	1.0	151079.1366906475
chr5	97993955	97994094	RNA8299	139	42	0.04767235802208753	1.4699599887535442e-05	0.9523809523809523	302158.273381295
chr5	99624014	99624088	RNA8300	74	16	8.27189381880089e-06	0.0	1.0	216216.21621621624
chr5	101046929	101047068	RNA8301	139	28	1.2077235721465382e-05	7.348399776674342e-06	1.0	201438.8489208633
chr5	118655195	118655357	RNA8302	162	34	0.012034870188606014	1.4700900010211626e-05	0.9411764705882353	209876.54320987655
chr5	121924963	121925125	RNA8303	162	36	0.027912785810889944	1.4720400031364989e-05	0.9722222222222222	222222.22222222222
chr5	122601687	122601849	RNA8304	162	46	2.268813212772434e-05	0.0	1.0	283950.6172839506
chr5	122606070	122606232	RNA8305	162	30	2.5969195970293407e-05	7.348849976551719e-06	1.0	185185.18518518517
chr5	122614634	122614796	RNA8306	162	35	6.302185699626404e-06	0.0	1.0	216049.38271604938
chr5	123195275	123195437	RNA8307	162	36	0.05566621732906343	1.4696150174131617e-05	0.9444444444444444	222222.22222222222
chr5	123200700	123200862	RNA8308	162	26	1.5264296192839344e-05	0.0	1.0	160493.82716049382
chr5	123201719	123201881	RNA8309	162	29	1.369059642958495e-05	0.0	1.0	179012.34567901233
chr5	123894108	123894270	RNA8310	162	30	0.10006760986322358	1.4694600395159796e-05	0.9	185185.18518518517
chr5	127680143	127680305	RNA8311	162	28	1.7325164045749184e-05	1.4696800008096034e-05	1.0	172839.5061728395
chr5	132974774	132974906	RNA8312	132	0				0.0
chr5	136867705	136867837	RNA8313	132	31	1.375590965190279e-05	1.470200004405342e-05	1.0	234848.48484848486
chr5	136973661	136973793	RNA8314	132	30	8.47635588191504e-05	7.348599865508732e-06	1.0	227272.72727272726
chr5	136974236	136974368	RNA8315	132	25	1.1175915860803797e-05	0.0	1.0	189393.9393939394
chr5	136974412	136974544	RNA8316	132	27	1.1437696533294811e-05	0.0	1.0	204545.45454545456
chr5	140043560	140043692	RNA8317	132	16	4.226130022287949e-05	1.469984999857843e-05	1.0	121212.12121212122
chr5	140046173	140046305	RNA8318	132	16	2.114643734784803e-05	1.4707200080010807e-05	1.0	121212.12121212122
chr5	140046733	140046835	RNA8319	102	0				0.0
chr5	140047349	140047481	RNA8320	132	25	0.00011781811193941187	1.4730099792359397e-05	1.0	189393.9393939394
chr5	140047351	140047483	RNA8321	132	25	0.00011781811193941187	1.4730099792359397e-05	1.0	189393.9393939394
chr5	141652814	141652916	RNA8322	102	17	2.509148217701512e-05	0.0	1.0	166666.66666666666
chr5	141652938	141653061	RNA8323	123	23	0.015837177373570103	1.4698999621032272e-05	0.9565217391304348	186991.86991869917
chr5	142227509	142227611	RNA8324	102	23	1.0227369626670185e-05	0.0	1.0	225490.19607843139
chr5	142227561	142227663	RNA8325	102	18	0.05557841874380958	7.348200142587302e-06	0.9444444444444444	176470.58823529413
chr5	142227637	142227739	RNA8326	102	14	0.07147371457027216	1.4697250207973411e-05	0.9285714285714286	137254.90196078434
chr5	142767994	142768096	RNA8327	102	10	1.0289669899066211e-05	7.347749942709925e-06	1.0	98039.2156862745
chr5	142768824	142768956	RNA8328	132	26	2.2257715430053166e-05	0.0	1.0	196969.69696969696
chr5	142768876	142768978	RNA8329	102	21	2.3355804798826085e-05	1.4697699953103438e-05	1.0	205882.35294117645
chr5	142769978	142770080	RNA8330	102	15	3.4294700950942804e-05	1.469590006308863e-05	1.0	147058.82352941178
chr5	143604140	143604242	RNA8331	102	29	0.013657698718628214	1.4702900443808176e-05	0.9310344827586207	284313.7254901961
chr5	145386475	145386731	RNA8332	256	60	0.0004275801811369668	0.0	1.0	234375.0
chr5	145387011	145387134	RNA8333	123	28	0.03574421222167855	0.0	0.9642857142857143	227642.2764227642
chr5	146190551	146190674	RNA8334	112	18	0.001275995747366516	0.0	1.0	160714.28571428574
chr5	146196585	146196708	RNA8335	123	22	0.045491964100289224	1.4706099591421662e-05	0.9545454545454546	178861.78861788617
chr5	146197235	146197358	RNA8336	123	21	1.330079993792987e-05	1.4696799553348685e-05	1.0	170731.7073170732
chr5	146383417	146383540	RNA8337	123	14	2.835290635109971e-05	7.347950031544315e-06	1.0	113821.1382113821
chr5	146388961	146389084	RNA8338	123	14	1.7848599847116886e-05	0.0	1.0	113821.1382113821
chr5	146390197	146390320	RNA8339	123	26	0.0059038810174150465	0.0	0.9615384615384616	211382.11382113822
chr5	147128317	147128397	RNA8340	80	15	0.066793072024484	0.0	0.9333333333333333	187500.0
chr5	147389117	147389240	RNA8341	123	29	0.03449847323450928	1.4696400285174605e-05	0.9655172413793104	235772.35772357724
chr5	147523567	147523669	RNA8342	102	25	0.0002734402033820455	1.4697199731017465e-05	1.0	245098.03921568627
chr5	149133401	149133499	RNA8343	98	14	2.2047814257214698e-05	1.4696599919261644e-05	1.0	142857.14285714284
chr5	149134664	149134920	RNA8344	256	36	0.020877849952689247	0.0	0.9722222222222222	140625.0
chr5	149489714	149489970	RNA8345	256	44	0.006306728767144289	1.4697699953103438e-05	0.9772727272727273	171875.0
chr5	149489888	149490144	RNA8346	256	39	0.00014546142320352823	1.4697699953103438e-05	1.0	152343.75
chr5	149491107	149491363	RNA8347	256	58	5.096926732786092e-05	1.4700300198455809e-05	1.0	226562.5
chr5	150156034	150156290	RNA8348	256	64	0.010035159876068175	0.0	0.984375	250000.0
chr5	150156574	150156830	RNA8349	256	40	0.025015807657587173	1.4700700376124589e-05	0.975	156250.0
chr5	150188261	150188517	RNA8350	256	48	0.0015033120634105467	7.347749942709925e-06	0.9791666666666666	187500.0
chr5	150684807	150684887	RNA8351	80	11	0.09094249535436655	1.4699799976369832e-05	0.9090909090909091	137500.0
chr5	151098737	151098993	RNA8352	256	38	0.02887171341044928	1.4700300198455809e-05	0.9473684210526315	148437.5
chr5	151171350	151171473	RNA8353	123	23	2.1948778142001152e-05	0.0	1.0	186991.86991869917
chr5	151732650	151732730	RNA8354	80	13	1.1306861429497636e-05	1.4696799553348685e-05	1.0	162500.0
chr5	151741349	151741429	RNA8355	80	9	0.11112581460009904	1.470159986638464e-05	0.8888888888888888	112500.0
chr5	151741780	151741860	RNA8356	80	13	4.635770689603455e-05	1.4699799976369832e-05	1.0	162500.0
chr5	151815439	151815519	RNA8357	80	16	1.929304363557094e-05	1.4699399798701052e-05	1.0	200000.0
chr5	151815639	151815719	RNA8358	80	20	0.00022412336315937438	0.0	1.0	250000.0
chr5	151821627	151821707	RNA8359	80	9	0.00010941720837661714	1.4696799553348685e-05	1.0	112500.0
chr5	153466057	153466137	RNA8360	80	16	2.9410649858615913e-05	7.355300112976692e-06	1.0	200000.0
chr5	153467143	153467241	RNA8361	98	19	1.1604236820666733e-05	0.0	1.0	193877.55102040817
chr5	153476429	153476524	RNA8362	95	26	1.0178015355240159e-05	7.348599865508732e-06	1.0	273684.2105263158
chr5	153859564	153859662	RNA8363	98	18	0.056174705706527876	7.349050065386109e-06	0.9444444444444444	183673.46938775512
chr5	153987466	153987564	RNA8364	98	16	1.377929379486364e-05	0.0	1.0	163265.30612244896
chr5	153989577	153989675	RNA8365	98	12	1.2250766606787996e-05	7.349050065386109e-06	1.0	122448.97959183673
chr5	154650957	154651055	RNA8366	98	17	4.757509337008737e-05	0.0	1.0	173469.38775510204
chr5	154652815	154652913	RNA8367	95	18	0.055592856661809895	1.5062500096973963e-05	0.9444444444444444	189473.68421052632
chr5	154653488	154653586	RNA8368	98	18	1.388754971129755e-05	1.4702649878017837e-05	1.0	183673.46938775512
chr5	155019533	155019789	RNA8369	256	57	0.00014814587431924152	1.4703299711982254e-05	1.0	222656.25
chr5	155030257	155030355	RNA8370	98	22	0.04546924377266557	0.0	0.9545454545454546	224489.79591836734
chr5	156769044	156769139	RNA8371	95	14	2.4236678395281363e-05	1.4717349586135242e-05	1.0	147368.42105263157
chr5	156812700	156812780	RNA8372	80	18	1.6371750310397807e-05	1.47044002005714e-05	1.0	225000.0
chr5	157069848	157069914	RNA8373	66	11	0.09091309970906215	0.0	0.9090909090909091	166666.66666666666
chr5	157741834	157741929	RNA8374	95	0				0.0
chr5	157775855	157775950	RNA8375	95	19	0.0010476787957534308	1.472100029786816e-05	1.0	200000.0
chr5	157778698	157778793	RNA8376	95	18	0.00026609084130137044	1.4828199709882028e-05	1.0	189473.68421052632
chr5	158003127	158003222	RNA8377	95	20	0.00011864712278110603	7.348399776674342e-06	1.0	210526.31578947368
chr5	158004874	158004969	RNA8378	95	21	3.360916205218865e-05	1.4699399798701052e-05	1.0	221052.63157894736
chr5	158005770	158005865	RNA8379	95	12	0.0005502389196105096	0.0	1.0	126315.78947368421
chr5	158590106	158590201	RNA8380	95	20	0.05002572683474682	1.470025017624721e-05	0.95	210526.31578947368
chr5	158600435	158600533	RNA8381	98	18	1.1432244567307256e-05	7.348200142587302e-06	1.0	183673.46938775512
chr5	161099264	161099330	RNA8382	66	13	0.0005101248715128757	1.4704999557579868e-05	1.0	196969.69696969696
chr5	161273937	161274032	RNA8383	95	22	0.038425194606051344	1.4701549844176043e-05	0.9545454545454546	231578.94736842104
chr5	161280557	161280623	RNA8384	66	8	0.10477215245725802	7.35079993319232e-06	0.875	121212.12121212122
chr5	161280996	161281062	RNA8385	66	13	7.916053898672824e-06	0.0	1.0	196969.69696969696
chr5	161286993	161287059	RNA8386	66	25	2.3523304153055784e-05	0.0	1.0	378787.8787878788
chr5	163497045	163497111	RNA8387	66	11	2.138015489353248e-05	1.4698999621032272e-05	1.0	166666.66666666666
chr5	163498286	163498352	RNA8388	66	18	8.983233328763163e-06	7.347749942709925e-06	1.0	272727.2727272727
chr5	163499865	163500067	RNA8389	202	31	9.960458086307852e-06	0.0	1.0	153465.34653465345
chr5	163500987	163501053	RNA8390	66	10	2.4986380230984652e-05	2.204910015279893e-05	1.0	151515.15151515152
chr5	163501068	163501134	RNA8391	66	5	5.879679883946665e-06	0.0	1.0	75757.57575757576
chr5	166365539	166365709	RNA8392	170	25	0.029140313505995438	0.0	0.96	147058.82352941178
chr5	166975287	166975489	RNA8393	202	41	0.003523764326063229	0.0	0.975609756097561	202970.29702970298
chr5	166975832	166976034	RNA8394	201	40	5.9449777245384135e-05	7.885950253694318e-06	1.0	199004.9751243781
chr5	166976269	166976335	RNA8395	66	0				0.0
chr5	166976486	166976688	RNA8396	202	0				0.0
chr5	166976875	166977077	RNA8397	195	12	0.03366619385337798	1.4702250155096408e-05	0.8333333333333334	61538.46153846154
chr5	168536523	168536725	RNA8398	202	39	1.8883910296349027e-05	1.4713199561811052e-05	1.0	193069.30693069307
chr5	168545567	168545785	RNA8399	218	40	2.3151487675925368e-05	1.4697900041937828e-05	1.0	183486.2385321101
chr5	168548007	168548209	RNA8400	201	32	0.00644948505461684	1.4832649867457803e-05	0.96875	159203.98009950249
chr5	168579473	168579675	RNA8401	202	93	9.075904933025356e-05	1.4705899957334624e-05	1.0	460396.0396039604
chr5	169366297	169366467	RNA8402	170	31	0.00021713512893667308	0.0	1.0	182352.94117647057
chr5	169415888	169416090	RNA8403	202	31	0.016032441413318017	1.4696799553348685e-05	0.9354838709677419	153465.34653465345
chr5	170228176	170228346	RNA8404	170	31	2.9885838440314098e-05	0.0	1.0	182352.94117647057
chr5	170343202	170343372	RNA8405	170	37	1.2315078419230251e-05	0.0	1.0	217647.05882352943
chr5	170345218	170345388	RNA8406	170	34	0.001308111222843922	0.0	1.0	200000.0
chr5	170738105	170738275	RNA8407	170	29	0.00918732553641191	1.4700300198455809e-05	0.9655172413793104	170588.23529411765
chr5	170740483	170740653	RNA8408	170	29	6.082806913613679e-06	0.0	1.0	170588.23529411765
chr5	170743877	170744047	RNA8409	170	34	0.00017379861738471135	0.0	1.0	200000.0
chr5	171588683	171588853	RNA8410	168	34	3.555235605958541e-05	0.0	1.0	202380.9523809524
chr5	171599613	171599816	RNA8411	203	52	2.769831173911446e-05	1.469529979658546e-05	1.0	256157.63546798032
chr5	171647925	171648143	RNA8412	218	36	0.025269793334776594	7.347749942709925e-06	0.9444444444444444	165137.6146788991
chr5	172190021	172190283	RNA8413	262	42	0.023827371995442565	0.0	0.9761904761904762	160305.34351145037
chr5	172538588	172538700	RNA8414	112	20	1.4699459961775574e-05	0.0	1.0	178571.42857142858
chr5	172596991	172597209	RNA8415	217	0				0.0
chr5	172601571	172601695	RNA8416	124	24	2.8186583411597293e-05	7.352100055868504e-06	1.0	193548.38709677418
chr5	172745245	172745463	RNA8417	218	43	1.4360941857502926e-05	0.0	1.0	197247.70642201835
chr5	172748524	172748742	RNA8418	218	52	1.1023319215242876e-05	7.347549853875535e-06	1.0	238532.11009174315
chr5	172783307	172783525	RNA8419	218	74	0.01858397872752607	1.470025017624721e-05	0.972972972972973	339449.5412844037
chr5	172783839	172784057	RNA8420	218	42	3.4668140631849686e-05	0.0	1.0	192660.55045871562
chr5	172827169	172827387	RNA8421	218	37	0.006363373266607148	0.0	0.972972972972973	169724.77064220185
chr5	173382159	173382361	RNA8422	202	41	0.02439885092677819	0.0	0.975609756097561	202970.29702970298
chr5	173623631	173623852	RNA8423	221	42	3.255236955131269e-05	1.4697900041937828e-05	1.0	190045.24886877826
chr5	173831516	173831734	RNA8424	218	41	0.0019616051916428357	1.469549988541985e-05	0.975609756097561	188073.39449541285
chr5	174033817	174033942	RNA8425	125	28	6.82509646919373e-06	0.0	1.0	224000.0
chr5	174747854	174748057	RNA8426	203	28	0.020743736819895272	7.348599865508732e-06	0.9285714285714286	137931.0344827586
chr5	175289048	175289176	RNA8427	128	23	1.7892634589412286e-05	0.0	1.0	179687.5
chr5	175290308	175290429	RNA8428	121	25	0.04004998314441763	1.469549988541985e-05	0.96	206611.57024793388
chr5	175321977	175322074	RNA8429	97	19	0.041917556046571824	0.0	0.9473684210526315	195876.28865979382
chr5	175385122	175385292	RNA8430	166	35	0.018639916616458713	0.0	0.9714285714285714	210843.37349397593
chr5	175902780	175902983	RNA8431	202	47	0.021317914373925145	1.476279976486694e-05	0.9787234042553191	232673.2673267327
chr5	175902886	175903089	RNA8432	201	58	0.01791490154184806	1.4729499980603578e-05	0.9827586206896551	288557.2139303483
chr5	175902909	175903112	RNA8433	201	54	0.0192402797486432	1.4717550129716983e-05	0.9814814814814815	268656.7164179105
chr5	176034833	176035036	RNA8434	203	50	0.00016027291103454803	1.4693800039822236e-05	1.0	246305.41871921183
chr5	176036341	176036544	RNA8435	203	66	8.555195319620698e-05	1.4694000128656626e-05	1.0	325123.1527093596
chr5	176049062	176049324	RNA8436	262	18	1.2281755466064157e-05	7.348200142587302e-06	1.0	68702.29007633588
chr5	176049298	176049501	RNA8437	203	6	0.0015474759073488898	7.430749974446371e-06	1.0	29556.650246305417
chr5	176512281	176512393	RNA8438	98	15	7.183086563600227e-06	0.0	1.0	153061.22448979592
chr5	176610189	176610313	RNA8439	124	45	0.0010024843206742323	0.0	1.0	362903.22580645164
chr5	177083311	177083573	RNA8440	262	0				0.0
chr5	177083942	177084204	RNA8441	262	48	0.004817480121857895	0.0	0.9791666666666666	183206.106870229
chr5	177085383	177085586	RNA8442	203	34	0.002735426587659113	7.347950031544315e-06	0.9705882352941176	167487.68472906403
chr5	177085454	177085716	RNA8443	262	44	0.0021164110700366006	7.347950031544315e-06	0.9772727272727273	167938.93129770993
chr5	177098307	177098569	RNA8444	262	69	4.580089531056786e-05	1.4699399798701052e-05	1.0	263358.7786259542
chr5	177098680	177098792	RNA8445	112	17	1.2972523483553874e-05	0.0	1.0	151785.71428571426
chr5	177099169	177099431	RNA8446	262	63	0.022470771523215274	0.0	0.9682539682539683	240458.0152671756
chr5	177113829	177114091	RNA8447	262	75	1.7858194732976727e-05	0.0	1.0	286259.5419847328
chr5	177300742	177300854	RNA8448	112	28	0.03574735222946401	0.0	0.9642857142857143	250000.0
chr5	177300792	177300904	RNA8449	112	21	6.9981906563043594e-06	0.0	1.0	187500.0
chr5	177313242	177313354	RNA8450	110	25	0.050660213474802734	1.4706700312672185e-05	0.92	227272.72727272726
chr5	177313756	177313868	RNA8451	112	18	1.959661085492907e-05	0.0	1.0	160714.28571428574
chr5	177400732	177400844	RNA8452	112	32	0.020414095214562163	7.348399776674342e-06	0.96875	285714.2857142857
chr5	177481729	177481853	RNA8453	124	36	0.015153582314724183	1.4698500308440998e-05	0.9722222222222222	290322.58064516133
chr5	177584103	177584227	RNA8454	124	19	2.7085568083409682e-05	1.4701099644298664e-05	1.0	153225.8064516129
chr5	177586322	177586446	RNA8455	124	14	9.45102855049689e-06	7.348849976551719e-06	1.0	112903.2258064516
chr5	177598884	177599105	RNA8456	213	39	0.02565010931292095	0.0	0.9743589743589743	183098.5915492958
chr5	177599718	177599842	RNA8457	124	24	1.2250612599017359e-05	0.0	1.0	193548.38709677418
chr5	177610330	177610454	RNA8458	122	34	0.012480969966926587	1.4703049600939266e-05	0.9411764705882353	278688.5245901639
chr5	177610353	177610615	RNA8459	260	73	0.014814510411132971	1.4699399798701052e-05	0.958904109589041	280769.23076923075
chr5	177610773	177610991	RNA8460	218	46	4.9244386979768134e-05	0.0	1.0	211009.17431192662
chr5	177610851	177610975	RNA8461	124	25	8.472984405670946e-05	0.0	1.0	201612.90322580643
chr5	177610996	177611121	RNA8462	125	29	3.244248596431214e-05	1.4697199731017465e-05	1.0	232000.0
chr5	178591104	178591325	RNA8463	221	32	0.03124910537152914	0.0	0.96875	144796.38009049775
chr5	178591106	178591218	RNA8464	112	15	4.928693366916074e-06	0.0	1.0	133928.57142857142
chr5	178596983	178597204	RNA8465	221	39	0.025663783918133003	1.4719300452270543e-05	0.9743589743589743	176470.58823529413
chr5	178597728	178597852	RNA8466	124	18	6.532872046389255e-06	0.0	1.0	145161.29032258067
chr5	178601673	178601894	RNA8467	221	27	0.033759042249787145	0.0	0.9629629629629629	122171.94570135746
chr5	178633676	178633897	RNA8468	221	49	0.022195308460734902	0.0	0.9591836734693877	221719.45701357466
chr5	178638630	178638851	RNA8469	221	38	3.249168718722482e-05	7.347950031544315e-06	1.0	171945.70135746605
chr5	178647698	178647919	RNA8470	212	36	0.00012157687334971842	1.4703300166729605e-05	1.0	169811.32075471696
chr5	179018736	179018861	RNA8471	125	18	0.0008341654900808079	1.470005008741282e-05	1.0	144000.0
chr5	179020062	179020187	RNA8472	125	16	0.062205895719102955	1.4697000096930424e-05	0.9375	128000.0
chr5	179022469	179022594	RNA8473	125	19	0.00013542503668424226	0.0	1.0	152000.0
chr5	179035727	179035852	RNA8474	125	28	0.041952863491230466	1.4701549844176043e-05	0.9285714285714286	224000.0
chr5	179045195	179045320	RNA8475	125	23	5.7536565335518075e-06	0.0	1.0	184000.0
chr5	179092552	179092673	RNA8476	121	22	4.1435182290359835e-05	1.4703950000694022e-05	1.0	181818.18181818182
chr5	179106340	179106465	RNA8477	125	22	0.02964510465691009	1.4725799701409414e-05	0.9545454545454546	176000.0
chr5	179379737	179379865	RNA8478	128	17	1.2971917653083116e-05	1.4697199731017465e-05	1.0	132812.5
chr5	179380082	179380179	RNA8479	97	23	0.014710358108024351	0.0	0.9565217391304348	237113.40206185565
chr5	179796740	179796961	RNA8480	221	59	3.1141586663635584e-05	0.0	1.0	266968.3257918552
chr5	180072572	180072697	RNA8481	125	32	0.03126653818438285	1.4698500308440998e-05	0.96875	256000.0
chr5	180075578	180075699	RNA8482	121	19	3.481269935658798e-05	1.4698500308440998e-05	1.0	157024.79338842977
chr5	180089177	180089298	RNA8483	121	24	1.1043325116588676e-05	0.0	1.0	198347.10743801654
chr5	180098695	180098816	RNA8484	121	33	0.0002967313401203413	0.0	1.0	272727.2727272727
chr5	180098975	180099103	RNA8485	128	29	0.000543921355090094	1.4698500308440998e-05	1.0	226562.5
chr5	180209881	180210002	RNA8486	121	35	0.04427880332532367	1.4708500202686992e-05	0.9428571428571428	289256.1983471074
chr5	180209976	180210073	RNA8487	97	25	0.022023902539040133	1.471579980716342e-05	0.96	257731.95876288658
chr5	180219485	180219606	RNA8488	121	20	8.08492495707469e-06	0.0	1.0	165289.2561983471
chr5	180232657	180232785	RNA8489	128	22	0.004796130617953822	1.4698100130772218e-05	0.9545454545454546	171875.0
chr5	180232990	180233118	RNA8490	111	16	0.0007875774814465266	1.4761700185772497e-05	1.0	144144.14414414414
chr5	180297595	180297716	RNA8491	121	2	1.470220013288781e-05	1.470220013288781e-05	1.0	16528.92561983471
chr5	180298933	180299030	RNA8492	97	30	0.06672251510890419	1.4700500287290199e-05	0.9333333333333333	309278.3505154639
chr5	180299310	180299407	RNA8493	97	37	0.04865520189864705	1.4698100130772218e-05	0.9459459459459459	381443.2989690721
chr5	180299416	180299544	RNA8494	128	40	0.0006521800210748527	7.347549853875535e-06	1.0	312500.0
chr5	180299561	180299689	RNA8495	128	31	1.5172612913901466e-05	0.0	1.0	242187.5
chr5	180398419	180398516	RNA8496	97	18	2.8587733039678765e-05	1.4704200111737007e-05	1.0	185567.01030927835
chr5	180403039	180403136	RNA8497	97	26	0.0007473626261833842	0.0	1.0	268041.23711340205
chr5	180409508	180409636	RNA8498	128	27	0.0370740679068991	0.0	0.9629629629629629	210937.5
chr5	180443631	180443834	RNA8499	203	27	0.04363758694129232	0.0	0.9259259259259259	133004.92610837438
chr5	180443646	180443743	RNA8500	97	12	0.09782326674492954	0.0	0.8333333333333334	123711.34020618557
chr5	181174553	181174681	RNA8501	128	0				0.0
chr5	181176045	181176166	RNA8502	121	0				0.0
chr5	181470674	181470771	RNA8503	0	0				
chr5	181476367	181476491	RNA8504	124	0				0.0
chr6	366963	367062	RNA8505	99	33	0.03032217681511335	1.469329981773626e-05	0.9696969696969697	333333.3333333333
chr6	942070	942263	RNA8506	193	41	1.6132375249736385e-05	0.0	1.0	212435.23316062178
chr6	945039	945142	RNA8507	103	26	5.6523293411511187e-05	1.4696599919261644e-05	1.0	252427.18446601942
chr6	945108	945211	RNA8508	103	25	7.054920024529565e-06	0.0	1.0	242718.44660194175
chr6	945654	945757	RNA8509	103	15	1.2743739959356997e-05	0.0	1.0	145631.06796116504
chr6	945815	945914	RNA8510	87	16	9.99357496311859e-06	0.0	1.0	183908.0459770115
chr6	946117	946310	RNA8511	193	28	0.004873287431792049	1.46955003401672e-05	0.9642857142857143	145077.72020725388
chr6	946281	946380	RNA8512	99	14	1.2600221452885307e-05	0.0	1.0	141414.1414141414
chr6	946717	946910	RNA8513	193	34	5.188897108275662e-06	0.0	1.0	176165.80310880826
chr6	946784	946977	RNA8514	193	31	7.587425839559611e-06	0.0	1.0	160621.7616580311
chr6	947261	947364	RNA8515	103	19	9.28387367151261e-06	0.0	1.0	184466.01941747573
chr6	947492	947591	RNA8516	99	16	5.6047599230164885e-05	1.4700699921377236e-05	1.0	161616.16161616164
chr6	2533130	2533202	RNA8517	72	9	0.15812043473215454	0.0	0.7777777777777778	125000.0
chr6	2533221	2533438	RNA8518	216	47	0.0001788045135284818	1.4710200048284603e-05	1.0	217592.59259259258
chr6	2534092	2534194	RNA8519	102	17	0.023247649352122278	1.47024002217222e-05	0.9411764705882353	166666.66666666666
chr6	2534106	2534269	RNA8520	163	22	0.017966093090018884	0.0	0.9545454545454546	134969.32515337423
chr6	2534441	2534577	RNA8521	136	23	2.492700423317015e-05	0.0	1.0	169117.64705882355
chr6	2653161	2653297	RNA8522	136	37	0.03464130125558842	1.471189989388222e-05	0.9459459459459459	272058.82352941175
chr6	2653232	2653368	RNA8523	136	36	0.03558883626798585	1.4708450180478394e-05	0.9444444444444444	264705.8823529412
chr6	2653429	2653531	RNA8524	102	13	7.934669226345319e-06	0.0	1.0	127450.98039215685
chr6	2653464	2653566	RNA8525	101	20	2.4948839927668906e-05	1.4736449884367175e-05	1.0	198019.80198019804
chr6	2653813	2653915	RNA8526	102	14	2.5198428894717113e-05	7.348399776674342e-06	1.0	137254.90196078434
chr6	2654597	2654733	RNA8527	133	20	1.2200609853607603e-05	0.0	1.0	150375.93984962406
chr6	2660477	2660694	RNA8528	217	39	1.3303856249898454e-05	0.0	1.0	179723.50230414746
chr6	2660516	2660733	RNA8529	217	45	1.4470653129843236e-05	0.0	1.0	207373.2718894009
chr6	2660536	2660608	RNA8530	72	13	2.1481938067428975e-05	0.0	1.0	180555.55555555556
chr6	2660547	2660764	RNA8531	217	45	3.243978889157582e-05	0.0	1.0	207373.2718894009
chr6	2660581	2660744	RNA8532	163	38	3.184012118589009e-05	0.0	1.0	233128.8343558282
chr6	2660591	2660754	RNA8533	163	38	3.145323697887997e-05	0.0	1.0	233128.8343558282
chr6	2660593	2660665	RNA8534	72	14	7.661757081223186e-06	0.0	1.0	194444.44444444444
chr6	2660595	2660758	RNA8535	163	37	3.1906089330927986e-05	0.0	1.0	226993.86503067485
chr6	2660663	2660735	RNA8536	72	21	5.110755267066402e-05	0.0	1.0	291666.6666666667
chr6	3484476	3484639	RNA8537	163	30	0.03941253664149068	0.0	0.9	184049.07975460123
chr6	3484903	3485039	RNA8538	136	19	5.414952571108618e-06	0.0	1.0	139705.88235294117
chr6	3485340	3485476	RNA8539	136	31	2.2333145205905403e-05	1.4712400115968194e-05	1.0	227941.17647058822
chr6	3486607	3486704	RNA8540	97	12	0.0006957107905236488	0.0	1.0	123711.34020618557
chr6	3486677	3486840	RNA8541	163	26	0.038482467946288616	1.4698100130772218e-05	0.9615384615384616	159509.20245398773
chr6	3486739	3486875	RNA8542	136	17	0.058843418894385276	1.4700300198455809e-05	0.9411764705882353	125000.0
chr6	3487037	3487166	RNA8543	129	16	1.286073137407584e-05	0.0	1.0	124031.00775193798
chr6	3487436	3487613	RNA8544	177	38	2.2055313341914378e-05	1.4695950085297227e-05	1.0	214689.26553672316
chr6	3487554	3487656	RNA8545	102	16	1.837460018805359e-05	7.347749942709925e-06	1.0	156862.74509803922
chr6	3488006	3488075	RNA8546	69	19	1.3152747334587681e-05	1.4696400285174605e-05	1.0	275362.3188405797
chr6	3488052	3488215	RNA8547	163	38	0.0005127948696003506	7.349050065386109e-06	1.0	233128.8343558282
chr6	3488198	3488300	RNA8548	102	29	1.7234200170386083e-05	1.4698999621032272e-05	1.0	284313.7254901961
chr6	3536104	3536206	RNA8549	102	27	8.7108517753357e-06	1.4697699953103438e-05	1.0	264705.8823529412
chr6	3722523	3722608	RNA8550	85	20	7.349025008807075e-06	0.0	1.0	235294.11764705883
chr6	3912868	3913004	RNA8551	136	0				0.0
chr6	3979586	3979683	RNA8552	97	9	8.165177759009464e-06	0.0	1.0	92783.50515463918
chr6	3980929	3981026	RNA8553	97	12	0.0002829848423668	0.0	1.0	123711.34020618557
chr6	3980938	3981035	RNA8554	97	11	0.00031004716443433863	0.0	1.0	113402.06185567011
chr6	3981443	3981606	RNA8555	163	27	6.204804756432764e-05	0.0	1.0	165644.1717791411
chr6	4162844	4162941	RNA8556	97	14	0.0714401218499136	1.4699799976369832e-05	0.9285714285714286	144329.8969072165
chr6	4163523	4163652	RNA8557	129	28	0.03571900959280227	0.0	0.9642857142857143	217054.26356589148
chr6	4163766	4163863	RNA8558	97	16	7.349668919687247e-06	0.0	1.0	164948.45360824742
chr6	4167125	4167210	RNA8559	85	14	0.007640696443494168	7.348399776674342e-06	0.9285714285714286	164705.88235294117
chr6	4167386	4167455	RNA8560	69	22	0.03467777060574339	0.0	0.9545454545454546	318840.5797101449
chr6	4167418	4167595	RNA8561	177	39	0.042615210750040995	0.0	0.9487179487179487	220338.98305084746
chr6	4167453	4167630	RNA8562	177	38	0.026493357461851313	1.4698099676024867e-05	0.9473684210526315	214689.26553672316
chr6	4168155	4168240	RNA8563	85	18	1.95996443734556e-05	1.469785001972923e-05	1.0	211764.70588235295
chr6	4168381	4168466	RNA8564	85	15	0.002191210840283008	0.0	1.0	176470.58823529413
chr6	4168661	4168730	RNA8565	69	12	0.002118732941198674	1.469549988541985e-05	1.0	173913.04347826086
chr6	4168738	4168867	RNA8566	129	28	0.03704281534727929	1.4696800008096034e-05	0.9642857142857143	217054.26356589148
chr6	4169149	4169251	RNA8567	102	17	0.0017560907101463153	1.4698999621032272e-05	1.0	166666.66666666666
chr6	4169177	4169274	RNA8568	97	16	0.001859416335378224	1.4698749964736635e-05	1.0	164948.45360824742
chr6	4169211	4169280	RNA8569	69	12	2.327207494090544e-05	1.4698999621032272e-05	1.0	173913.04347826086
chr6	4169550	4169727	RNA8570	177	31	2.987064201606271e-05	1.4697199731017465e-05	1.0	175141.2429378531
chr6	4170103	4170232	RNA8571	129	20	0.0003412331205254203	0.0	1.0	155038.75968992247
chr6	4984172	4984269	RNA8572	97	14	2.6222094285384158e-05	0.0	1.0	144329.8969072165
chr6	7718069	7718166	RNA8573	97	12	6.369684820127923e-05	1.469984999857843e-05	1.0	123711.34020618557
chr6	7718959	7719122	RNA8574	163	26	0.01998305115456298	7.348200142587302e-06	0.9230769230769231	159509.20245398773
chr6	7721115	7721217	RNA8575	102	11	2.6723300090283333e-05	1.4696799553348685e-05	1.0	107843.13725490197
chr6	7723567	7723703	RNA8576	136	27	1.6333107446872472e-05	0.0	1.0	198529.41176470587
chr6	13330180	13330302	RNA8577	122	24	7.96223321231082e-06	0.0	1.0	196721.31147540984
chr6	16783288	16783410	RNA8578	122	18	0.00023687673415729741	7.348200142587302e-06	1.0	147540.98360655736
chr6	17055784	17055906	RNA8579	122	20	0.0051943993857094	0.0	0.95	163934.4262295082
chr6	17056078	17056200	RNA8580	122	27	0.018047516196357142	1.4699399798701052e-05	0.9259259259259259	221311.47540983607
chr6	17056298	17056420	RNA8581	122	36	0.0004156971102323273	1.4703950000694022e-05	1.0	295081.9672131147
chr6	18264554	18264676	RNA8582	122	0				0.0
chr6	18264593	18264715	RNA8583	122	0				0.0
chr6	18264643	18264765	RNA8584	122	1	1.4864600416331086e-05	1.4864600416331086e-05	1.0	8196.72131147541
chr6	18522522	18522644	RNA8585	122	0				0.0
chr6	19862113	19862234	RNA8586	121	18	0.055561271933230384	0.0	0.9444444444444444	148760.3305785124
chr6	21296168	21296259	RNA8587	91	23	0.0060008016890487435	1.4696400285174605e-05	0.9565217391304348	252747.25274725273
chr6	21337537	21337659	RNA8588	122	26	0.023921315220307476	1.470179995521903e-05	0.9615384615384616	213114.75409836063
chr6	23825912	23826033	RNA8589	121	26	2.715179215765988e-05	1.4703749911859632e-05	1.0	214876.03305785125
chr6	24646237	24646358	RNA8590	94	29	0.05681846655245643	0.0	0.9310344827586207	308510.6382978723
chr6	24646724	24646815	RNA8591	91	18	2.204772792739878e-05	1.4699399798701052e-05	1.0	197802.1978021978
chr6	24646874	24646995	RNA8592	119	31	0.023119097678728946	0.0	0.9032258064516129	260504.2016806723
chr6	24647098	24647219	RNA8593	121	35	3.3187077029388875e-05	0.0	1.0	289256.1983471074
chr6	24720866	24720987	RNA8594	121	46	0.005375812417914064	0.0	0.9782608695652174	380165.28925619833
chr6	24721181	24721302	RNA8595	121	42	4.409452607692799e-05	1.4698300219606608e-05	1.0	347107.43801652896
chr6	24796567	24796688	RNA8596	121	24	0.04170280589528374	1.4698950053571025e-05	0.9583333333333334	198347.10743801654
chr6	25623013	25623104	RNA8597	91	11	2.40492270015829e-05	1.4697699953103438e-05	1.0	120879.12087912088
chr6	25646505	25646596	RNA8598	91	12	0.0321502905443746	1.4709999959450213e-05	0.9166666666666666	131868.13186813187
chr6	25646596	25646687	RNA8599	91	20	0.0362149932514967	0.0	0.95	219780.21978021978
chr6	25647002	25647123	RNA8600	121	21	0.07414683148059946	1.4729699614690617e-05	0.8571428571428571	173553.71900826448
chr6	26665852	26665943	RNA8601	91	0				0.0
chr6	26667614	26667705	RNA8602	89	0				0.0
chr6	26669766	26669857	RNA8603	91	0				0.0
chr6	26690951	26691042	RNA8604	0	0				
chr6	29716253	29716374	RNA8605	121	0				0.0
chr6	30077865	30077964	RNA8606	99	17	0.05246132203100226	1.4699399798701052e-05	0.9411764705882353	171717.1717171717
chr6	30081790	30081889	RNA8607	99	16	1.1039175092264486e-05	0.0	1.0	161616.16161616164
chr6	30151661	30151760	RNA8608	99	21	0.0004745166130478908	0.0	1.0	212121.21212121213
chr6	30483929	30483992	RNA8609	63	17	0.00011585281192631367	0.0	1.0	269841.2698412698
chr6	30556890	30556981	RNA8610	91	20	8.084824912657496e-06	7.348849976551719e-06	1.0	219780.21978021978
chr6	30990715	30990908	RNA8611	193	30	0.029039406549115177	0.0	0.9666666666666667	155440.41450777202
chr6	30991375	30991568	RNA8612	188	28	2.5675160811387526e-05	0.0	1.0	148936.17021276595
chr6	30991596	30991789	RNA8613	192	45	0.026076974830458403	1.4719300452270543e-05	0.9333333333333333	234375.0
chr6	30991808	30991911	RNA8614	103	20	4.70579662305616e-05	7.350150099227904e-06	1.0	194174.7572815534
chr6	30992268	30992371	RNA8615	103	14	1.994609978542022e-05	0.0	1.0	135922.33009708737
chr6	31008170	31008273	RNA8616	103	14	1.2597371291381673e-05	1.4696349808218656e-05	1.0	135922.33009708737
chr6	31039949	31040048	RNA8617	99	15	8.826273430410463e-06	0.0	1.0	151515.15151515152
chr6	32184332	32184549	RNA8618	217	33	0.00047352020462284656	1.4698100130772218e-05	1.0	152073.73271889403
chr6	32184394	32184587	RNA8619	193	35	0.0004464832156892379	1.4698100130772218e-05	1.0	181347.15025906736
chr6	32184394	32184611	RNA8620	217	44	0.006049779208069588	1.4698950053571025e-05	0.9772727272727273	202764.97695852537
chr6	32184395	32184467	RNA8621	72	13	3.504992386856182e-05	0.0	1.0	180555.55555555556
chr6	32184409	32184485	RNA8622	76	12	0.0012262206375150077	7.349899988184916e-06	1.0	157894.73684210525
chr6	32184446	32184549	RNA8623	103	16	0.0009600992716514037	1.470005008741282e-05	1.0	155339.8058252427
chr6	32184464	32184681	RNA8624	217	41	0.02647616967180688	1.4699799976369832e-05	0.9512195121951219	188940.0921658986
chr6	32184513	32184585	RNA8625	72	13	1.2494792337327874e-05	0.0	1.0	180555.55555555556
chr6	32184659	32184731	RNA8626	72	13	0.06306513533057184	1.4699799976369832e-05	0.9230769230769231	180555.55555555556
chr6	32719189	32719261	RNA8627	72	14	0.029314880329106275	1.4732750059920363e-05	0.9285714285714286	194444.44444444444
chr6	32872669	32872798	RNA8628	129	31	0.0323956806889269	0.0	0.9354838709677419	240310.07751937985
chr6	32872889	32873018	RNA8629	129	27	0.08732581124375563	0.0	0.8518518518518519	209302.32558139536
chr6	32887188	32887405	RNA8630	217	0				0.0
chr6	32933266	32933395	RNA8631	129	24	0.04182961729725321	0.0	0.9583333333333334	186046.51162790696
chr6	33276538	33276623	RNA8632	85	18	5.226476241659351e-05	1.4699400253448403e-05	1.0	211764.70588235295
chr6	33276758	33276843	RNA8633	85	28	4.25338498319274e-05	7.351450221904088e-06	1.0	329411.76470588235
chr6	33277023	33277108	RNA8634	85	31	3.13207805330322e-05	0.0	1.0	364705.88235294115
chr6	33832405	33832474	RNA8635	69	0				0.0
chr6	33832430	33832499	RNA8636	69	0				0.0
chr6	33832452	33832629	RNA8637	177	0				0.0
chr6	33832492	33832669	RNA8638	177	0				0.0
chr6	33832496	33832673	RNA8639	177	0				0.0
chr6	33832502	33832571	RNA8640	69	0				0.0
chr6	33833530	33833707	RNA8641	176	21	0.04493121024612871	1.4700700376124589e-05	0.9523809523809523	119318.18181818182
chr6	33833715	33833844	RNA8642	129	22	0.01563986605879108	0.0	0.9545454545454546	170542.63565891472
chr6	33833888	33833987	RNA8643	99	22	0.003026588534877103	1.469785001972923e-05	0.9545454545454546	222222.22222222222
chr6	33834091	33834176	RNA8644	85	19	0.014154278361083428	1.4698100130772218e-05	0.8947368421052632	223529.4117647059
chr6	33834235	33834304	RNA8645	69	10	1.616707995708566e-05	1.4695250229124213e-05	1.0	144927.53623188406
chr6	35091487	35091550	RNA8646	63	13	2.9392530310494532e-05	1.469590006308863e-05	1.0	206349.20634920633
chr6	35091673	35091746	RNA8647	73	20	0.05001249284996447	1.469744984206045e-05	0.95	273972.602739726
chr6	35429556	35429619	RNA8648	63	10	0.004775555437390713	2.2043049739295384e-05	1.0	158730.15873015873
chr6	35430980	35431173	RNA8649	193	22	0.04724060607722176	0.0	0.9090909090909091	113989.63730569948
chr6	35431266	35431329	RNA8650	63	22	0.0001531153953196294	1.4704799923492828e-05	1.0	349206.3492063492
chr6	35431475	35431538	RNA8651	63	12	0.0037949053515452104	0.0	1.0	190476.19047619047
chr6	35750777	35750840	RNA8652	63	10	1.7640789519646204e-05	1.4697900041937828e-05	1.0	158730.15873015873
chr6	35751178	35751241	RNA8653	63	10	2.9399599952739665e-06	0.0	1.0	158730.15873015873
chr6	35754767	35754830	RNA8654	63	13	2.374640014469727e-05	1.4696400285174605e-05	1.0	206349.20634920633
chr6	35794700	35794803	RNA8655	103	26	0.023719237922425508	1.469744984206045e-05	0.9615384615384616	252427.18446601942
chr6	36025255	36025331	RNA8656	76	10	3.086971064476483e-05	1.469984999857843e-05	1.0	131578.94736842104
chr6	36112886	36113029	RNA8657	143	0				0.0
chr6	36113171	36113256	RNA8658	85	0				0.0
chr6	36237148	36237224	RNA8659	76	14	0.07143802697724563	1.4697899587190477e-05	0.9285714285714286	184210.52631578947
chr6	36237152	36237228	RNA8660	76	16	0.06251011086760627	1.4698100130772218e-05	0.9375	210526.31578947368
chr6	36237493	36237569	RNA8661	76	10	1.3229760224930941e-05	0.0	1.0	131578.94736842104
chr6	36237660	36237732	RNA8662	72	15	0.013650245367898606	1.4697699953103438e-05	0.9333333333333333	208333.33333333334
chr6	36238065	36238282	RNA8663	217	37	1.9465651618970788e-05	1.4697699953103438e-05	1.0	170506.91244239634
chr6	36238229	36238292	RNA8664	63	15	1.2740659985865933e-05	1.4698100130772218e-05	1.0	238095.23809523808
chr6	37411768	37411844	RNA8665	76	11	3.073531024710495e-05	0.0	1.0	144736.84210526317
chr6	37411965	37412041	RNA8666	76	19	2.4804178601215745e-05	1.4710600225953384e-05	1.0	250000.0
chr6	37412895	37412971	RNA8667	76	10	4.997280884708621e-05	1.4699599887535442e-05	1.0	131578.94736842104
chr6	37418339	37418455	RNA8668	116	14	2.204990745927031e-05	0.0	1.0	120689.6551724138
chr6	37739946	37740075	RNA8669	129	30	0.006105793467334781	0.0	0.9666666666666667	232558.13953488372
chr6	38155189	38155304	RNA8670	115	25	0.00017111878354625828	1.4699399798701052e-05	1.0	217391.30434782608
chr6	38156028	38156104	RNA8671	76	11	1.737090910451529e-05	1.4698100130772218e-05	1.0	144736.84210526317
chr6	38164910	38164979	RNA8672	69	25	0.04001173867905891	0.0	0.96	362318.84057971014
chr6	38165912	38166089	RNA8673	101	38	0.027776298799093817	1.6286050140479347e-05	0.9473684210526315	376237.62376237626
chr6	38166058	38166143	RNA8674	0	0				
chr6	38166787	38166860	RNA8675	73	13	4.453973759574274e-05	0.0	1.0	178082.19178082192
chr6	39270774	39270979	RNA8676	205	43	0.06851700370439069	1.4702900443808176e-05	0.9302325581395349	209756.0975609756
chr6	39272970	39273043	RNA8677	73	17	0.08247297122435317	1.4707999980601016e-05	0.8823529411764706	232876.7123287671
chr6	39293315	39293388	RNA8678	73	12	5.634173354943263e-05	2.9396199352049734e-05	1.0	164383.5616438356
chr6	39293415	39293488	RNA8679	73	13	0.06435225112314723	1.4698100130772218e-05	0.8461538461538461	178082.19178082192
chr6	39727321	39727394	RNA8680	73	10	1.1760470169974723e-05	0.0	1.0	136986.301369863
chr6	39731916	39732062	RNA8681	146	22	0.039453634265720954	0.0	0.9545454545454546	150684.9315068493
chr6	39733023	39733096	RNA8682	73	14	2.729998569910169e-05	0.0	1.0	191780.8219178082
chr6	39768631	39768704	RNA8683	73	23	0.0018627542106158773	0.0	1.0	315068.4931506849
chr6	40066599	40066684	RNA8684	85	18	2.1232488709044556e-05	1.469724975322606e-05	1.0	211764.70588235295
chr6	40068110	40068253	RNA8685	143	26	1.0740934682801777e-05	0.0	1.0	181818.18181818182
chr6	40391418	40391481	RNA8686	63	5	1.764697972248541e-05	1.4705399735248648e-05	1.0	79365.07936507936
chr6	40728101	40728174	RNA8687	73	16	1.0125343692379829e-05	0.0	1.0	219178.08219178082
chr6	40826737	40826880	RNA8688	143	31	0.0007297536521066138	1.469549988541985e-05	1.0	216783.21678321678
chr6	40827418	40827561	RNA8689	143	22	0.09092446996365569	1.470460028940579e-05	0.9090909090909091	153846.15384615384
chr6	40830214	40830299	RNA8690	85	14	9.449949954744494e-06	0.0	1.0	164705.88235294117
chr6	40830634	40830719	RNA8691	85	16	0.00021037943457712755	7.348599865508732e-06	1.0	188235.29411764705
chr6	40830845	40830930	RNA8692	85	16	3.858243655940502e-05	7.349899988184916e-06	1.0	188235.29411764705
chr6	40830978	40831121	RNA8693	143	26	4.070074912585512e-05	1.469549988541985e-05	1.0	181818.18181818182
chr6	41178603	41178688	RNA8694	85	15	6.076305829385738e-05	0.0	1.0	176470.58823529413
chr6	41178629	41178772	RNA8695	143	26	1.979152669334148e-05	0.0	1.0	181818.18181818182
chr6	41178674	41178759	RNA8696	85	16	1.1947181292271125e-05	0.0	1.0	188235.29411764705
chr6	41179577	41179720	RNA8697	143	20	0.051791225922625014	1.4700950032420224e-05	0.95	139860.13986013987
chr6	41180171	41180314	RNA8698	143	31	0.03222435284198816	0.0	0.967741935483871	216783.21678321678
chr6	41187081	41187197	RNA8699	116	27	0.07411110137696529	0.0	0.9259259259259259	232758.62068965516
chr6	41205704	41205789	RNA8700	85	0				0.0
chr6	41612267	41612382	RNA8701	115	22	0.02703437115438977	1.4702899989060825e-05	0.9545454545454546	191304.34782608697
chr6	41612344	41612429	RNA8702	85	17	1.6449276325360893e-05	0.0	1.0	200000.0
chr6	41612393	41612509	RNA8703	116	26	1.6967123044124882e-05	1.470179995521903e-05	1.0	224137.93103448275
chr6	41612450	41612593	RNA8704	143	29	2.3322338196958202e-05	1.4699799976369832e-05	1.0	202797.20279720277
chr6	41612451	41612527	RNA8705	76	20	2.131999508492105e-05	1.4701349755341653e-05	1.0	263157.8947368421
chr6	41612723	41612839	RNA8706	116	16	1.4697799883833795e-05	7.347950031544315e-06	1.0	137931.0344827586
chr6	41612796	41612912	RNA8707	116	11	2.2712927023927808e-05	1.47024002217222e-05	1.0	94827.58620689655
chr6	42939439	42939555	RNA8708	116	30	0.03333921364661971	7.349050065386109e-06	0.9666666666666667	258620.68965517243
chr6	42939477	42939592	RNA8709	115	28	0.03775249256997475	1.4698549875902245e-05	0.9285714285714286	243478.26086956522
chr6	42939542	42939658	RNA8710	116	24	0.002382194781641069	1.4696599919261644e-05	0.9583333333333334	206896.55172413794
chr6	42939632	42939801	RNA8711	169	35	1.2179131356658347e-05	0.0	1.0	207100.59171597633
chr6	42939879	42939994	RNA8712	115	20	5.881295055587543e-06	0.0	1.0	173913.04347826086
chr6	42940155	42940270	RNA8713	115	23	0.00010023198825839411	1.4707199625263456e-05	1.0	200000.0
chr6	42940162	42940278	RNA8714	116	26	0.00937081009498377	1.470654979129904e-05	0.9615384615384616	224137.93103448275
chr6	43425762	43425878	RNA8715	116	20	0.050030134240250844	1.4698549875902245e-05	0.95	172413.7931034483
chr6	43426701	43426816	RNA8716	115	20	0.014010764965132686	7.347549853875535e-06	0.95	173913.04347826086
chr6	43426741	43426856	RNA8717	115	20	0.013989223527823922	7.347549853875535e-06	0.95	173913.04347826086
chr6	43426847	43426993	RNA8718	146	33	0.008519315033895096	1.4698100130772218e-05	0.9696969696969697	226027.39726027395
chr6	43426908	43427023	RNA8719	115	31	0.03228224900278526	0.0	0.967741935483871	269565.2173913043
chr6	43427062	43427267	RNA8720	205	44	0.0005231350297973113	1.469549988541985e-05	1.0	214634.1463414634
chr6	43796454	43796569	RNA8721	115	19	1.778968941691035e-05	0.0	1.0	165217.3913043478
chr6	44241146	44241351	RNA8722	205	44	0.007508942415638969	0.0	0.9772727272727273	214634.1463414634
chr6	44241318	44241523	RNA8723	205	34	0.00296964874710551	0.0	0.9705882352941176	165853.65853658537
chr6	44242226	44242372	RNA8724	146	17	0.013730999548255666	1.4696400285174605e-05	0.9411764705882353	116438.35616438356
chr6	44245323	44245528	RNA8725	205	45	0.02273577215657699	0.0	0.9777777777777777	219512.19512195123
chr6	44265815	44266020	RNA8726	205	33	3.2069993859761125e-05	0.0	1.0	160975.60975609758
chr6	44266202	44266407	RNA8727	205	38	0.0005895242998361139	0.0	1.0	185365.8536585366
chr6	44267897	44268043	RNA8728	146	22	0.029628640972284546	1.4696400285174605e-05	0.9545454545454546	150684.9315068493
chr6	44268147	44268352	RNA8729	205	41	5.771436638208281e-05	1.4697199731017465e-05	1.0	200000.0
chr6	44268744	44268890	RNA8730	146	23	0.028446676620186063	0.0	0.9565217391304348	157534.24657534246
chr6	44269026	44269099	RNA8731	73	13	0.003267551531140405	1.4696799553348685e-05	1.0	178082.19178082192
chr6	45686751	45686897	RNA8732	146	23	0.0002415878791156354	1.4696400285174605e-05	1.0	157534.24657534246
chr6	45687709	45687914	RNA8733	205	46	0.0004275794874205409	0.0	1.0	224390.24390243902
chr6	45688080	45688226	RNA8734	146	35	0.028595787637511545	0.0	0.9714285714285714	239726.02739726027
chr6	45688853	45688999	RNA8735	146	26	0.027161771557390378	7.347749942709925e-06	0.9615384615384616	178082.19178082192
chr6	45689707	45689853	RNA8736	144	31	0.00015048874642923843	1.472670010116417e-05	1.0	215277.77777777778
chr6	45754366	45754509	RNA8737	143	34	0.01294288159086885	0.0	0.9705882352941176	237762.23776223775
chr6	46089228	46089313	RNA8738	85	11	6.681572813249659e-06	0.0	1.0	129411.76470588236
chr6	46775153	46775322	RNA8739	169	8	0.0003160785607860758	7.349499810516136e-06	1.0	47337.27810650887
chr6	47042649	47042765	RNA8740	116	18	0.00011191906125734004	0.0	1.0	155172.41379310345
chr6	47632191	47632299	RNA8741	108	23	0.005527006899446063	1.4698100130772218e-05	0.9565217391304348	212962.96296296298
chr6	47649059	47649228	RNA8742	169	36	4.2881704884063145e-05	1.4699150142405415e-05	1.0	213017.75147928996
chr6	47776132	47776301	RNA8743	169	32	0.007738916242004733	0.0	0.96875	189349.11242603548
chr6	47777026	47777195	RNA8744	169	34	1.2538311693786547e-05	0.0	1.0	201183.43195266274
chr6	47833498	47833667	RNA8745	169	35	0.0003060072306262885	1.4698500308440998e-05	1.0	207100.59171597633
chr6	47837880	47838049	RNA8746	169	33	0.01909036863719048	0.0	0.9696969696969697	195266.2721893491
chr6	47840671	47840786	RNA8747	115	22	1.8708550008090817e-05	0.0	1.0	191304.34782608697
chr6	47843103	47843272	RNA8748	169	33	0.020524017892167835	1.4699399798701052e-05	0.9696969696969697	195266.2721893491
chr6	48739525	48739671	RNA8749	143	34	0.02917103001142523	1.470219967814046e-05	0.9705882352941176	237762.23776223775
chr6	48740036	48740205	RNA8750	169	0				0.0
chr6	48740959	48741164	RNA8751	205	79	0.05214975429269635	0.0	0.9240506329113924	385365.85365853657
chr6	49394341	49394429	RNA8752	88	17	0.006779494157105054	1.4790300156164449e-05	0.9411764705882353	193181.81818181818
chr6	50527862	50527941	RNA8753	79	27	1.6340673971205467e-05	0.0	1.0	341772.15189873416
chr6	51038868	51038976	RNA8754	108	21	0.012003937580240223	1.4707199625263456e-05	0.9523809523809523	194444.44444444444
chr6	52245805	52245889	RNA8755	84	16	9.186581280573591e-06	7.348399776674342e-06	1.0	190476.19047619047
chr6	52261337	52261445	RNA8756	108	17	2.766982277748773e-05	0.0	1.0	157407.40740740742
chr6	52261533	52261641	RNA8757	108	23	0.0007286429596680803	1.4697199731017465e-05	1.0	212962.96296296298
chr6	52262977	52263085	RNA8758	108	17	0.017768323552338507	1.4697699953103438e-05	0.9411764705882353	157407.40740740742
chr6	52656564	52656672	RNA8759	108	0				0.0
chr6	52656583	52656691	RNA8760	108	0				0.0
chr6	52669472	52669580	RNA8761	108	17	0.00528471023260542	0.0	0.9411764705882353	157407.40740740742
chr6	52725898	52726067	RNA8762	169	17	2.2478776158732555e-05	1.4696799553348685e-05	1.0	100591.71597633137
chr6	52998320	52998408	RNA8763	88	16	0.0008894685773270753	0.0	1.0	181818.18181818182
chr6	53924436	53924544	RNA8764	108	23	3.514451280193619e-05	1.469590006308863e-05	1.0	212962.96296296298
chr6	53927843	53927931	RNA8765	88	16	6.432981194848253e-06	0.0	1.0	181818.18181818182
chr6	53928188	53928276	RNA8766	88	12	2.3273683154908554e-05	1.469744984206045e-05	1.0	136363.63636363635
chr6	53929031	53929119	RNA8767	88	11	0.18182219114541195	1.4697699953103438e-05	0.8181818181818182	125000.0
chr6	54516694	54516782	RNA8768	88	12	2.452891673480432e-06	0.0	1.0	136363.63636363635
chr6	54519053	54519141	RNA8769	88	25	7.294596856808809e-05	1.4705899957334624e-05	1.0	284090.9090909091
chr6	54519640	54519728	RNA8770	88	15	0.03559119019743472	0.0	0.9333333333333333	170454.54545454544
chr6	54519884	54519963	RNA8771	79	17	1.297485901244708e-05	0.0	1.0	215189.87341772154
chr6	55286219	55286298	RNA8772	79	15	2.255438709349614e-05	0.0	1.0	189873.417721519
chr6	55403917	55404005	RNA8773	88	18	0.05409565730304974	0.0	0.8888888888888888	204545.45454545456
chr6	55412006	55412085	RNA8774	79	11	7.083650036126518e-05	1.4698999621032272e-05	1.0	139240.5063291139
chr6	55431889	55431968	RNA8775	79	0				0.0
chr6	55585039	55585118	RNA8776	79	12	0.0011976572228983584	7.354649824264925e-06	1.0	151898.7341772152
chr6	55604744	55604823	RNA8777	79	17	0.010313412747938637	0.0	0.9411764705882353	215189.87341772154
chr6	55724928	55725007	RNA8778	79	11	1.3372418255709074e-05	0.0	1.0	139240.5063291139
chr6	56051246	56051330	RNA8779	83	17	0.05010879554292307	1.4788999578740912e-05	0.8823529411764706	204819.27710843371
chr6	56455441	56455520	RNA8780	79	15	1.3722639960178639e-05	1.4698500308440998e-05	1.0	189873.417721519
chr6	57043513	57043597	RNA8781	84	14	1.0515878459825348e-05	0.0	1.0	166666.66666666666
chr6	57044187	57044271	RNA8782	84	12	4.912883317350254e-06	0.0	1.0	142857.14285714284
chr6	57044290	57044374	RNA8783	84	20	0.05001103823487938	0.0	0.95	238095.23809523808
chr6	57222607	57222691	RNA8784	84	0				0.0
chr6	57222734	57222818	RNA8785	84	0				0.0
chr6	57310511	57310595	RNA8786	84	27	0.046572951331284085	1.469509970775107e-05	0.9259259259259259	321428.5714285715
chr6	57310614	57310722	RNA8787	108	26	0.004955606339990471	1.4747300156159326e-05	0.9615384615384616	240740.74074074073
chr6	58444530	58444614	RNA8788	84	0				0.0
chr6	60270181	60270260	RNA8789	79	23	1.0886308661176134e-05	0.0	1.0	291139.2405063291
chr6	61610319	61610403	RNA8790	84	14	7.3494787622101806e-06	0.0	1.0	166666.66666666666
chr6	65707539	65707623	RNA8791	84	13	5.6561846996863515e-06	0.0	1.0	154761.90476190476
chr6	69667340	69667424	RNA8792	84	14	1.8901621907772876e-05	7.349050065386109e-06	1.0	166666.66666666666
chr6	70562920	70563004	RNA8793	84	27	2.6676766335885845e-05	1.469590006308863e-05	1.0	321428.5714285715
chr6	70646059	70646143	RNA8794	84	15	0.00011953963694395021	1.469590006308863e-05	1.0	178571.42857142858
chr6	70667585	70667669	RNA8795	84	32	0.00022505242631609316	0.0	1.0	380952.38095238095
chr6	70959183	70959267	RNA8796	84	10	2.2056570287529213e-05	1.4703100077895215e-05	1.0	119047.61904761904
chr6	70959340	70959424	RNA8797	84	9	0.1111045764998077	0.0	0.8888888888888888	107142.85714285713
chr6	70962133	70962217	RNA8798	84	16	0.00014699554674279616	1.470005008741282e-05	1.0	190476.19047619047
chr6	71864408	71864492	RNA8799	84	21	0.0002193116056549138	0.0	1.0	250000.0
chr6	75723849	75723916	RNA8800	67	12	1.3596791859527002e-05	0.0	1.0	179104.4776119403
chr6	75725847	75725931	RNA8801	84	10	1.3228850002633408e-05	0.0	1.0	119047.61904761904
chr6	79166604	79166671	RNA8802	67	7	6.302157089521644e-06	0.0	1.0	104477.6119402985
chr6	80000643	80000710	RNA8803	67	11	1.3371108996745368e-05	1.4707199625263456e-05	1.0	164179.10447761195
chr6	80088053	80088120	RNA8804	67	0				0.0
chr6	80089533	80089600	RNA8805	67	12	4.899441591987852e-06	0.0	1.0	179104.4776119403
chr6	80350245	80350312	RNA8806	67	14	0.005238316858269952	1.4702650332765188e-05	0.9285714285714286	208955.223880597
chr6	80357520	80357587	RNA8807	67	12	3.0631208195083744e-05	7.350350188062294e-06	1.0	179104.4776119403
chr6	80469574	80469641	RNA8808	67	12	2.2049016176119748e-05	1.4698749964736635e-05	1.0	179104.4776119403
chr6	81346142	81346209	RNA8809	66	0				0.0
chr6	82169895	82169972	RNA8810	77	12	2.8172374868517396e-05	1.4699400253448403e-05	1.0	155844.15584415584
chr6	82345186	82345292	RNA8811	106	21	1.3319128421634169e-05	0.0	1.0	198113.20754716982
chr6	84258925	84258991	RNA8812	66	11	6.682836349434431e-06	0.0	1.0	166666.66666666666
chr6	84684448	84684515	RNA8813	67	12	4.4137532313463105e-05	0.0	1.0	179104.4776119403
chr6	85503664	85503741	RNA8814	77	17	2.33455002671635e-05	1.469549988541985e-05	1.0	220779.22077922078
chr6	87025585	87025662	RNA8815	77	11	2.1381309290348237e-05	1.4698500308440998e-05	1.0	142857.14285714284
chr6	87025629	87025735	RNA8816	106	24	0.032081741692347045	0.0	0.9583333333333334	226415.09433962265
chr6	87126248	87126325	RNA8817	77	12	1.7149900031654397e-05	7.348399776674342e-06	1.0	155844.15584415584
chr6	87149905	87149982	RNA8818	77	12	1.1023358259384016e-05	0.0	1.0	155844.15584415584
chr6	87267810	87267887	RNA8819	77	26	1.5282634684319e-05	1.4703499800816644e-05	1.0	337662.33766233764
chr6	87268394	87268471	RNA8820	77	12	3.0668949951478365e-05	0.0	1.0	155844.15584415584
chr6	87273360	87273466	RNA8821	106	25	1.1172252015967388e-05	1.4696400285174605e-05	1.0	235849.05660377358
chr6	87281967	87282073	RNA8822	106	17	0.0001358034575840739	0.0	1.0	160377.35849056602
chr6	87281995	87282101	RNA8823	106	16	0.00014337256743600954	0.0	1.0	150943.3962264151
chr6	87282583	87282660	RNA8824	77	12	8.57569989420881e-06	0.0	1.0	155844.15584415584
chr6	87671819	87671925	RNA8825	106	20	1.5456265191458415e-05	0.0	1.0	188679.24528301888
chr6	87672373	87672479	RNA8826	106	27	0.00020415045165227198	1.4697699953103438e-05	1.0	254716.98113207548
chr6	87672456	87672562	RNA8827	106	24	0.0002186498627073226	0.0	1.0	226415.09433962265
chr6	88176192	88176258	RNA8828	66	15	1.5705773209137806e-05	0.0	1.0	227272.72727272726
chr6	88176344	88176421	RNA8829	77	19	0.01158333294681238	0.0	0.9473684210526315	246753.24675324676
chr6	88478000	88478106	RNA8830	106	18	7.269816099626992e-05	0.0	1.0	169811.32075471696
chr6	89170694	89170760	RNA8831	66	11	0.08955985797009901	0.0	0.9090909090909091	166666.66666666666
chr6	89248054	89248120	RNA8832	66	11	2.2717145673757084e-05	1.4697199731017465e-05	1.0	166666.66666666666
chr6	89248819	89248885	RNA8833	66	14	6.719537090507838e-05	0.0	1.0	212121.21212121213
chr6	89316547	89316613	RNA8834	66	10	1.1778140014939709e-05	7.352499778789934e-06	1.0	151515.15151515152
chr6	89321402	89321468	RNA8835	66	11	0.004263534464454011	0.0	1.0	166666.66666666666
chr6	89358836	89358902	RNA8836	66	13	2.0355684472843466e-05	1.4701099644298664e-05	1.0	196969.69696969696
chr6	89361177	89361243	RNA8837	66	12	0.033128653623180064	0.0	0.9166666666666666	181818.18181818182
chr6	91924786	91924965	RNA8838	179	25	0.00015291572704881836	1.4696400285174605e-05	1.0	139664.80446927375
chr6	91967252	91967329	RNA8839	77	13	7.916630798158272e-06	0.0	1.0	168831.16883116882
chr6	92360690	92360796	RNA8840	106	28	8.034529348930579e-05	1.4703100077895215e-05	1.0	264150.9433962264
chr6	94281071	94281137	RNA8841	66	13	3.16746847881953e-05	1.4699799976369832e-05	1.0	196969.69696969696
chr6	94309803	94309998	RNA8842	195	46	2.4317762717658316e-05	0.0	1.0	235897.4358974359
chr6	95793440	95793619	RNA8843	179	40	9.307676671141537e-05	0.0	1.0	223463.68715083797
chr6	96844018	96844197	RNA8844	179	19	0.014356669673026378	1.470159986638464e-05	0.9473684210526315	106145.25139664805
chr6	96915775	96915954	RNA8845	179	31	0.027164584285093305	0.0	0.9354838709677419	173184.35754189946
chr6	96919987	96920166	RNA8846	179	35	3.1081056970699455e-05	1.4696799553348685e-05	1.0	195530.72625698324
chr6	97141065	97141244	RNA8847	179	15	1.3770966688753106e-05	1.4745800399396105e-05	1.0	83798.88268156424
chr6	97141076	97141255	RNA8848	179	15	1.377166669650857e-05	1.4745800399396105e-05	1.0	83798.88268156424
chr6	97141209	97141388	RNA8849	179	35	0.0003136089063575846	0.0	1.0	195530.72625698324
chr6	98636306	98636501	RNA8850	195	30	0.0058562722919911344	1.4698099676024867e-05	0.9666666666666667	153846.15384615384
chr6	98650382	98650561	RNA8851	179	32	0.005608346253183064	1.4697900041937828e-05	0.96875	178770.9497206704
chr6	98867037	98867232	RNA8852	126	24	1.0426237471013641e-05	0.0	1.0	190476.19047619047
chr6	98867427	98867622	RNA8853	195	36	0.0034739397325564683	1.4698300219606608e-05	0.9722222222222222	184615.38461538462
chr6	98867850	98868045	RNA8854	194	33	0.016295974471645557	1.578030060045421e-05	0.9696969696969697	170103.09278350516
chr6	99352106	99352301	RNA8855	195	39	0.013094397033945332	1.4698500308440998e-05	0.9487179487179487	200000.0
chr6	99362617	99362812	RNA8856	195	37	0.007539018284390024	0.0	0.972972972972973	189743.58974358975
chr6	99394720	99394915	RNA8857	195	29	0.006374613575236912	1.4696400285174605e-05	0.9655172413793104	148717.94871794872
chr6	100355298	100355493	RNA8858	195	0				0.0
chr6	100471285	100471464	RNA8859	179	34	0.013360679693987007	1.469529979658546e-05	0.9705882352941176	189944.1340782123
chr6	104314651	104314846	RNA8860	195	32	7.489136140747903e-05	0.0	1.0	164102.5641025641
chr6	106330590	106330652	RNA8861	62	10	1.1759689823520602e-05	1.469744984206045e-05	1.0	161290.32258064515
chr6	110014783	110014845	RNA8862	62	12	1.3473875014824443e-05	0.0	1.0	193548.38709677418
chr6	110609531	110609593	RNA8863	62	11	1.737259944175276e-05	0.0	1.0	177419.3548387097
chr6	110609545	110609607	RNA8864	62	7	2.519884193522974e-05	0.0	1.0	112903.2258064516
chr6	110609609	110609671	RNA8865	62	7	0.0003422503553207962	0.0001028839978971	1.0	112903.2258064516
chr6	111033062	111033124	RNA8866	62	7	3.570392826595611e-05	0.0	1.0	112903.2258064516
chr6	111042087	111042149	RNA8867	62	8	7.359924893535208e-06	0.0	1.0	129032.25806451612
chr6	111063473	111063535	RNA8868	62	10	1.3229320120444755e-05	7.349699899350526e-06	1.0	161290.32258064515
chr6	111973464	111973526	RNA8869	56	15	2.6359466513277945e-05	1.4721899788128212e-05	1.0	267857.14285714284
chr6	115858614	115858676	RNA8870	62	14	1.1550578814681753e-05	0.0	1.0	225806.4516129032
chr6	120766638	120766720	RNA8871	82	13	0.0769309932538118	0.0	0.9230769230769231	158536.58536585365
chr6	125111449	125111531	RNA8872	82	18	1.6334094551787576e-05	1.469744984206045e-05	1.0	219512.19512195123
chr6	125115164	125115275	RNA8873	110	20	1.6521704992550913e-05	1.4706500223837793e-05	1.0	181818.18181818182
chr6	125544842	125544924	RNA8874	82	15	0.08279332994388824	2.939969999715686e-05	0.8666666666666667	182926.82926829267
chr6	125556538	125556620	RNA8875	82	17	9.510588236427044e-06	0.0	1.0	207317.0731707317
chr6	125558267	125558349	RNA8876	82	21	1.2596557228656503e-05	0.0	1.0	256097.56097560975
chr6	125932758	125932840	RNA8877	82	18	3.1031066858601434e-05	0.0	1.0	219512.19512195123
chr6	125932820	125932902	RNA8878	82	15	3.233522111258594e-05	1.4696400285174605e-05	1.0	182926.82926829267
chr6	125938358	125938440	RNA8879	82	19	1.6251052856155485e-05	0.0	1.0	231707.31707317074
chr6	126286171	126286253	RNA8880	82	13	1.6974584538659725e-05	1.4706700312672185e-05	1.0	158536.58536585365
chr6	127924191	127924302	RNA8881	111	19	2.166180547646548e-05	0.0	1.0	171171.17117117118
chr6	128805098	128805209	RNA8882	111	17	1.2996511994809707e-05	1.4723200365551747e-05	1.0	153153.15315315314
chr6	128839055	128839166	RNA8883	111	21	3.21960001418172e-05	1.4697699953103438e-05	1.0	189189.1891891892
chr6	128840766	128840877	RNA8884	111	17	0.058834772094354885	1.4699399798701052e-05	0.9411764705882353	153153.15315315314
chr6	129722281	129722392	RNA8885	111	25	1.3523252055165359e-05	0.0	1.0	225225.22522522524
chr6	129727017	129727128	RNA8886	111	15	2.4497959626989735e-05	1.4696799553348685e-05	1.0	135135.13513513515
chr6	129729229	129729340	RNA8887	111	22	1.4033054660764968e-05	0.0	1.0	198198.1981981982
chr6	129974524	129974678	RNA8888	154	21	7.700504803714076e-06	0.0	1.0	136363.63636363635
chr6	130499515	130499626	RNA8889	111	21	5.669023777868148e-05	1.4698500308440998e-05	1.0	189189.1891891892
chr6	130741207	130741289	RNA8890	82	15	1.3718113162515996e-05	1.469549988541985e-05	1.0	182926.82926829267
chr6	131751422	131751534	RNA8891	112	30	0.0012943373285452182	0.0	1.0	267857.14285714284
chr6	132241864	132241998	RNA8892	134	20	1.1029249935742395e-05	0.0	1.0	149253.73134328358
chr6	134320304	134320458	RNA8893	154	27	3.3755881506493225e-05	1.4698100130772218e-05	1.0	175324.67532467534
chr6	134331159	134331270	RNA8894	111	22	0.045543440240718075	1.4698100130772218e-05	0.9545454545454546	198198.1981981982
chr6	134904814	134904968	RNA8895	154	64	2.7399303306194494e-05	1.470005008741282e-05	1.0	415584.4155844156
chr6	134907512	134907666	RNA8896	0	1	0.0004145939892623	0.0004145939892623	1.0	
chr6	134914549	134914703	RNA8897	154	30	4.095538391387219e-05	0.0	1.0	194805.19480519483
chr6	134951235	134951389	RNA8898	153	22	0.07112799283884835	1.4696799553348685e-05	0.9090909090909091	143790.8496732026
chr6	134958622	134958776	RNA8899	154	35	1.7218648905066125e-05	1.4694600395159796e-05	1.0	227272.72727272726
chr6	135104139	135104293	RNA8900	154	30	0.0666892043965163	0.0	0.9333333333333333	194805.19480519483
chr6	135261737	135261849	RNA8901	112	18	1.061652235673844e-05	0.0	1.0	160714.28571428574
chr6	135277981	135278093	RNA8902	112	18	0.017205592986758545	0.0	0.9444444444444444	160714.28571428574
chr6	135279347	135279459	RNA8903	112	30	0.0001465213689395176	1.4698500308440998e-05	1.0	267857.14285714284
chr6	135281301	135281413	RNA8904	112	16	1.3780437711830018e-05	0.0	1.0	142857.14285714284
chr6	136293365	136293499	RNA8905	134	0				0.0
chr6	136293647	136293801	RNA8906	154	0				0.0
chr6	136293698	136293810	RNA8907	112	0				0.0
chr6	136294855	136294967	RNA8908	112	0				0.0
chr6	136335228	136335340	RNA8909	112	12	6.739510240548663e-05	7.347950031544315e-06	1.0	107142.85714285713
chr6	137060956	137061090	RNA8910	134	22	0.08915193075596438	1.4696799553348685e-05	0.9090909090909091	164179.10447761195
chr6	137141038	137141172	RNA8911	134	12	2.204959992013059e-05	0.0	1.0	89552.23880597015
chr6	137142819	137142953	RNA8912	134	14	6.29924287360544e-06	0.0	1.0	104477.6119402985
chr6	137176988	137177122	RNA8913	134	25	0.04001822592799727	1.4698100130772218e-05	0.96	186567.1641791045
chr6	137193639	137193773	RNA8914	134	26	0.018792661336612157	1.4699399798701052e-05	0.9615384615384616	194029.85074626867
chr6	137264957	137265091	RNA8915	134	28	0.0006073998645206287	0.0	1.0	208955.223880597
chr6	137265317	137265429	RNA8916	112	26	1.5831538418678113e-05	1.469744984206045e-05	1.0	232142.85714285716
chr6	138161690	138161824	RNA8917	134	40	0.00011948567571379782	7.372900199698052e-06	1.0	298507.46268656716
chr6	139669550	139669704	RNA8918	154	40	0.02503124545985429	1.470025017624721e-05	0.975	259740.2597402597
chr6	141198192	141198304	RNA8919	112	21	2.5898900059382438e-05	1.4699399798701052e-05	1.0	187500.0
chr6	142049495	142049629	RNA8920	134	29	0.0345025428000397	1.4701099644298664e-05	0.9655172413793104	216417.91044776118
chr6	153867443	153867537	RNA8921	94	16	0.00010012930556512891	1.469764993089484e-05	1.0	170212.7659574468
chr6	154706437	154706522	RNA8922	85	10	2.9400499442999718e-06	0.0	1.0	117647.05882352941
chr6	155316756	155316909	RNA8923	153	30	0.0016060603874999875	7.348599865508732e-06	1.0	196078.431372549
chr6	155391814	155391967	RNA8924	153	27	0.0004998186352370004	0.0	1.0	176470.58823529413
chr6	157693962	157694056	RNA8925	94	22	0.0001035637141781449	7.348200142587302e-06	1.0	234042.55319148937
chr6	158203940	158204025	RNA8926	85	8	2.5722825171208993e-05	0.0	1.0	94117.64705882352
chr6	158532893	158532987	RNA8927	94	58	0.019148411654002506	2.943125036836136e-05	0.9482758620689655	617021.2765957447
chr6	158533701	158533795	RNA8928	94	0				0.0
chr6	158534285	158534379	RNA8929	94	13	6.220812261184658e-05	1.4697199731017465e-05	1.0	138297.87234042553
chr6	159121507	159121601	RNA8930	94	19	1.0832036758457483e-05	1.4698999621032272e-05	1.0	202127.65957446807
chr6	159121586	159121680	RNA8931	94	17	0.0002922352155912707	1.4700300198455809e-05	1.0	180851.06382978725
chr6	159121630	159121724	RNA8932	94	20	4.042243504045263e-05	1.469984999857843e-05	1.0	212765.95744680852
chr6	159128974	159129059	RNA8933	85	27	0.03705826947451122	0.0	0.9629629629629629	317647.0588235294
chr6	159155826	159155911	RNA8934	83	10	0.00010226086224064718	1.6533699636056554e-05	1.0	120481.92771084337
chr6	159157271	159157424	RNA8935	153	34	0.04407989174946765	0.0	0.9117647058823529	222222.22222222222
chr6	159160232	159160317	RNA8936	85	22	1.804173168486806e-05	1.4699199709866662e-05	1.0	258823.52941176473
chr6	159273406	159273491	RNA8937	85	25	0.03435907457223948	0.0	0.96	294117.64705882355
chr6	159301669	159301754	RNA8938	85	17	2.162608229007343e-05	1.4701099644298664e-05	1.0	200000.0
chr6	159351991	159352076	RNA8939	85	12	0.0004116279443072203	0.0	1.0	141176.4705882353
chr6	159353139	159353292	RNA8940	153	41	0.02773940101052154	0.0	0.9512195121951219	267973.85620915034
chr6	159884964	159885058	RNA8941	94	16	1.286231866970411e-05	7.348399776674342e-06	1.0	170212.7659574468
chr6	159957557	159957710	RNA8942	153	24	0.00024807794011393573	1.4698100130772218e-05	1.0	156862.74509803922
chr6	159957685	159957838	RNA8943	149	28	0.027800947127389005	2.259365010104375e-05	0.9642857142857143	187919.46308724832
chr6	159958377	159958530	RNA8944	153	42	0.0001904219425125007	1.469744984206045e-05	1.0	274509.8039215687
chr6	160279037	160279190	RNA8945	153	24	4.348442094699636e-05	0.0	1.0	156862.74509803922
chr6	160279602	160279687	RNA8946	85	10	0.09544585853182072	1.4700700376124587e-05	0.9	117647.05882352941
chr6	160284496	160284649	RNA8947	153	28	0.03623253222196711	1.470159986638464e-05	0.9285714285714286	183006.5359477124
chr6	160285589	160285742	RNA8948	151	30	0.04540206906685852	1.470220013288781e-05	0.9	198675.4966887417
chr6	160334734	160334887	RNA8949	153	23	0.00911091370697091	0.0	0.9565217391304348	150326.7973856209
chr6	160346650	160346803	RNA8950	153	33	4.142363311323143e-05	0.0	1.0	215686.27450980394
chr6	160347780	160347933	RNA8951	131	43	0.00015291706670743913	0.0	1.0	328244.27480916027
chr6	160452677	160452830	RNA8952	153	18	3.266837686371016e-05	1.4699399798701052e-05	1.0	117647.05882352941
chr6	160452914	160453067	RNA8953	153	35	0.0017932666171483432	1.4698100130772218e-05	1.0	228758.16993464052
chr6	160524438	160524591	RNA8954	153	30	3.381089672984233e-05	1.4698500308440998e-05	1.0	196078.431372549
chr6	160678915	160679068	RNA8955	153	48	0.003728191918734559	0.0	0.9791666666666666	313725.49019607843
chr6	160679084	160679237	RNA8956	153	44	0.00013531110103444296	0.0	1.0	287581.6993464052
chr6	163326405	163326509	RNA8957	104	23	0.014743383453447752	0.0	0.9565217391304348	221153.84615384616
chr6	163590617	163590711	RNA8958	94	33	0.030326674154518212	1.4698999621032272e-05	0.9696969696969697	351063.8297872341
chr6	164270563	164270648	RNA8959	85	14	1.890245766844115e-05	0.0	1.0	164705.88235294117
chr6	164338676	164338829	RNA8960	153	41	0.024404941887729452	1.469509970775107e-05	0.975609756097561	267973.85620915034
chr6	165323811	165323964	RNA8961	153	28	0.03574093214443304	7.347549853875535e-06	0.9285714285714286	183006.5359477124
chr6	166086410	166086514	RNA8962	104	9	1.7973944421909335e-05	1.4700300198455809e-05	1.0	86538.46153846153
chr6	166957246	166957350	RNA8963	104	18	8.821023892677242e-05	0.0	1.0	173076.92307692306
chr6	166957258	166957362	RNA8964	104	20	8.967672488324104e-05	7.348599865508732e-06	1.0	192307.6923076923
chr6	166957272	166957376	RNA8965	104	21	0.00015750261566911363	0.0	1.0	201923.07692307694
chr6	167145007	167145111	RNA8966	104	15	0.001350466647090793	0.0	1.0	144230.76923076922
chr6	167145971	167146075	RNA8967	104	21	0.01748638244455269	0.0	0.9523809523809523	201923.07692307694
chr6	167146164	167146268	RNA8968	104	23	1.0865108576937295e-05	0.0	1.0	221153.84615384616
chr6	168133525	168133629	RNA8969	104	30	6.422204633053679e-05	1.4701150121254614e-05	1.0	288461.53846153844
chr7	365580	365679	RNA8970	99	0				0.0
chr7	449671	449770	RNA8971	99	24	1.7757646067669435e-05	0.0	1.0	242424.24242424243
chr7	450261	450360	RNA8972	99	28	3.990365312996713e-05	1.4700249721499858e-05	1.0	282828.2828282828
chr7	1751377	1751502	RNA8973	125	0				0.0
chr7	4393765	4393890	RNA8974	125	26	1.30073536778442e-05	0.0	1.0	208000.0
chr7	4394493	4394618	RNA8975	125	38	0.026341357104995137	1.4698350241815206e-05	0.9736842105263158	304000.0
chr7	4396289	4396414	RNA8976	125	26	0.07695643076836998	1.4699199709866662e-05	0.9230769230769231	208000.0
chr7	4396742	4396867	RNA8977	123	24	0.0026274979805975727	2.208400019299006e-05	0.9583333333333334	195121.9512195122
chr7	6942663	6942788	RNA8978	125	0				0.0
chr7	6943532	6943657	RNA8979	125	0				0.0
chr7	6943543	6943668	RNA8980	125	0				0.0
chr7	7334902	7335132	RNA8981	230	50	0.020059994031798853	0.0	0.98	217391.30434782608
chr7	7631267	7631392	RNA8982	125	39	8.329808502028214e-05	0.0	1.0	312000.0
chr7	11175488	11175718	RNA8983	230	55	0.0068669099593369675	0.0	0.9818181818181818	239130.4347826087
chr7	11178534	11178659	RNA8984	125	32	0.04088554393177901	0.0	0.9375	256000.0
chr7	12243852	12244082	RNA8985	230	60	0.00227511051659045	0.0	0.9833333333333333	260869.5652173913
chr7	12321170	12321400	RNA8986	230	55	0.007851758332055226	0.0	0.9818181818181818	239130.4347826087
chr7	12323363	12323593	RNA8987	230	63	0.0231092440650779	0.0	0.9523809523809523	273913.04347826086
chr7	12556505	12556735	RNA8988	230	70	0.009162856558863751	7.348399776674342e-06	0.9714285714285714	304347.82608695654
chr7	12556625	12556855	RNA8989	230	62	0.010760139040631918	1.4696799553348685e-05	0.967741935483871	269565.2173913043
chr7	12561188	12561418	RNA8990	230	70	0.0007477665984749467	0.0	0.9857142857142858	304347.82608695654
chr7	12695030	12695260	RNA8991	230	48	0.00827389569076331	1.4697900041937828e-05	0.9791666666666666	208695.65217391303
chr7	16902100	16902330	RNA8992	230	46	0.028362414955411263	1.4699399798701052e-05	0.9565217391304348	200000.0
chr7	21266917	21266999	RNA8993	76	13	0.04267336033955452	0.0	0.9230769230769231	171052.63157894736
chr7	25224057	25224139	RNA8994	82	11	1.3364345580736302e-05	1.470200004405342e-05	1.0	134146.34146341463
chr7	25545019	25545106	RNA8995	87	19	0.008644132138023869	1.4697199731017465e-05	0.9473684210526315	218390.80459770115
chr7	25545386	25545520	RNA8996	134	33	0.03095236633398048	0.0	0.9696969696969697	246268.6567164179
chr7	25867462	25867586	RNA8997	124	22	2.673190961517817e-06	0.0	1.0	177419.3548387097
chr7	26145728	26145810	RNA8998	82	13	0.07700814632265132	1.4737500350747725e-05	0.9230769230769231	158536.58536585365
chr7	26147318	26147400	RNA8999	82	17	2.3342317570709155e-05	1.4696799553348685e-05	1.0	207317.0731707317
chr7	26151831	26151913	RNA9000	82	12	1.3477483435053728e-05	1.4697900041937828e-05	1.0	146341.46341463414
chr7	26214630	26214712	RNA9001	82	26	0.03850280921918826	7.348599865508732e-06	0.9615384615384616	317073.1707317073
chr7	26216061	26216143	RNA9002	82	17	0.0008613346879642715	1.4698500308440998e-05	1.0	207317.0731707317
chr7	26278289	26278371	RNA9003	82	18	0.0037683644120281457	1.4701099644298664e-05	0.9444444444444444	219512.19512195123
chr7	27091407	27091558	RNA9004	151	24	3.184789185676048e-05	1.4697450296807801e-05	1.0	158940.3973509934
chr7	27180652	27180734	RNA9005	82	23	0.0003996272281928285	1.470200004405342e-05	1.0	280487.80487804883
chr7	28947809	28947896	RNA9006	87	14	0.0006720334541958913	1.4700900010211626e-05	1.0	160919.54022988505
chr7	29918255	29918389	RNA9007	134	23	0.043488486769487994	1.4697699953103438e-05	0.9565217391304348	171641.79104477612
chr7	29919222	29919346	RNA9008	124	24	0.00016354645682288644	1.4698100130772218e-05	1.0	193548.38709677418
chr7	30172054	30172141	RNA9009	87	28	0.004237145083931993	7.348200142587302e-06	0.9642857142857143	321839.0804597701
chr7	30172129	30172211	RNA9010	82	16	0.11472707350873179	1.4698500308440998e-05	0.8125	195121.9512195122
chr7	30173664	30173798	RNA9011	134	30	7.838486726541306e-06	0.0	1.0	223880.59701492538
chr7	30173748	30173835	RNA9012	87	19	1.624612617122316e-05	0.0	1.0	218390.80459770115
chr7	30173764	30173915	RNA9013	151	30	0.0029066654483055217	1.4697199731017465e-05	0.9666666666666667	198675.4966887417
chr7	30173817	30173941	RNA9014	124	24	0.0036357813563275385	1.4698499853693647e-05	0.9583333333333334	193548.38709677418
chr7	30174253	30174377	RNA9015	124	30	0.033343620849821794	1.4694850051455433e-05	0.9666666666666667	241935.48387096776
chr7	30174493	30174580	RNA9016	87	9	0.03393951135492696	1.4697699953103438e-05	0.8888888888888888	103448.27586206897
chr7	30175416	30175550	RNA9017	134	27	0.00010889606279238431	0.0	1.0	201492.53731343284
chr7	30175453	30175587	RNA9018	134	28	0.00010815705331878476	0.0	1.0	208955.223880597
chr7	30176242	30176366	RNA9019	124	27	0.03049462544128834	1.4697199731017465e-05	0.9629629629629629	217741.93548387097
chr7	31246362	31246496	RNA9020	134	22	1.135934098783764e-05	0.0	1.0	164179.10447761195
chr7	31246493	31246580	RNA9021	87	9	0.0005080200352393951	1.4697699953103438e-05	1.0	103448.27586206897
chr7	31246535	31246659	RNA9022	124	20	9.555220003676368e-06	1.4697050119139021e-05	1.0	161290.32258064515
chr7	31247452	31247539	RNA9023	87	10	1.9109750428465095e-05	7.349499810516136e-06	1.0	114942.52873563218
chr7	31247672	31247806	RNA9024	134	21	0.0002771909458239082	1.4697699953103438e-05	1.0	156716.41791044778
chr7	31247715	31247802	RNA9025	87	16	0.00035830051638185414	7.348399776674342e-06	1.0	183908.0459770115
chr7	31248084	31248208	RNA9026	124	29	0.0005628480961102683	1.4697699953103438e-05	1.0	233870.96774193548
chr7	31248687	31248811	RNA9027	124	26	0.03848076387734741	1.4700449810334248e-05	0.9615384615384616	209677.41935483873
chr7	31248954	31249088	RNA9028	134	20	7.408289957311354e-06	0.0	1.0	149253.73134328358
chr7	31476183	31476334	RNA9029	151	32	0.03144933273347306	1.4698100130772218e-05	0.96875	211920.5298013245
chr7	31484602	31484689	RNA9030	0	0				
chr7	31484648	31484799	RNA9031	0	0				
chr7	31485591	31485742	RNA9032	151	23	0.0003287543858396295	0.0	1.0	152317.88079470198
chr7	31487155	31487289	RNA9033	134	30	0.004125967729275231	1.469764993089484e-05	0.9666666666666667	223880.59701492538
chr7	31719146	31719270	RNA9034	124	26	1.5830334562521715e-05	1.4698549875902245e-05	1.0	209677.41935483873
chr7	31730755	31730906	RNA9035	151	28	0.003262607601462669	0.0	0.9642857142857143	185430.46357615895
chr7	31738095	31738246	RNA9036	151	40	0.0026043149227461936	1.4696549897053046e-05	0.975	264900.66225165565
chr7	31740229	31740380	RNA9037	151	21	0.04814181729294172	0.0	0.9047619047619048	139072.8476821192
chr7	32770167	32770318	RNA9038	151	27	0.03708441816656381	0.0	0.9629629629629629	178807.94701986754
chr7	35417761	35417848	RNA9039	87	24	0.055958628780369196	1.4698100130772218e-05	0.9166666666666666	275862.0689655172
chr7	35492867	35493001	RNA9040	134	19	1.9340763030504663e-05	1.4696799553348685e-05	1.0	141791.0447761194
chr7	35631804	35631928	RNA9041	57	2	9.746599971545e-05	9.746599971545e-05	1.0	35087.71929824561
chr7	36456885	36457036	RNA9042	149	24	0.08334879687523274	1.470005008741282e-05	0.9166666666666666	161073.8255033557
chr7	38048763	38048894	RNA9043	131	21	1.400563308249612e-05	0.0	1.0	160305.34351145037
chr7	39613345	39613419	RNA9044	74	8	7.348187637035153e-06	0.0	1.0	108108.10810810812
chr7	41894841	41894972	RNA9045	131	28	0.03595027787972477	1.4699799976369832e-05	0.9642857142857143	213740.45801526718
chr7	42803179	42803302	RNA9046	123	16	2.396672510940244e-05	0.0	1.0	130081.30081300814
chr7	42811165	42811296	RNA9047	131	19	1.238631035735843e-05	0.0	1.0	145038.1679389313
chr7	42906414	42906545	RNA9048	131	27	0.0005694042811902034	1.470200004405342e-05	1.0	206106.87022900765
chr7	42908147	42908278	RNA9049	131	22	6.013604557996256e-06	0.0	1.0	167938.93129770993
chr7	42950044	42950118	RNA9050	74	15	1.3723380046333963e-05	0.0	1.0	202702.70270270272
chr7	42950256	42950387	RNA9051	131	19	0.04039089272967095	0.0	0.9473684210526315	145038.1679389313
chr7	42950305	42950436	RNA9052	131	18	0.042644616319497196	0.0	0.9444444444444444	137404.58015267176
chr7	42950509	42950640	RNA9053	131	32	0.00014790826614330044	1.469744984206045e-05	1.0	244274.80916030533
chr7	43566242	43566302	RNA9054	60	7	0.00021837814983881494	0.0	1.0	116666.66666666667
chr7	43566387	43566450	RNA9055	63	16	1.930030629182511e-05	1.4702649878017837e-05	1.0	253968.25396825396
chr7	44071743	44071874	RNA9056	131	24	1.899034558997686e-05	0.0	1.0	183206.106870229
chr7	44071938	44072012	RNA9057	74	15	4.89968667049349e-06	0.0	1.0	202702.70270270272
chr7	44128431	44128505	RNA9058	74	14	1.0497928607427249e-05	1.469569997425424e-05	1.0	189189.1891891892
chr7	44136467	44136541	RNA9059	74	15	0.00013726658877809712	1.4698500308440998e-05	1.0	202702.70270270272
chr7	44142252	44142326	RNA9060	74	9	2.4497700400784038e-05	0.0	1.0	121621.62162162163
chr7	44143003	44143077	RNA9061	74	16	0.0030239413255799172	1.4705050034535816e-05	1.0	216216.21621621624
chr7	44199597	44199671	RNA9062	74	18	6.368392693426935e-05	1.469744984206045e-05	1.0	243243.24324324325
chr7	45115158	45115232	RNA9063	74	13	2.6003515393727853e-05	1.4697699953103438e-05	1.0	175675.67567567568
chr7	45546556	45546663	RNA9064	107	23	1.597593069638212e-05	1.4696799553348685e-05	1.0	214953.2710280374
chr7	46880081	46880204	RNA9065	123	20	0.019268370012468946	1.469590006308863e-05	0.95	162601.62601626015
chr7	47080716	47080776	RNA9066	60	9	1.633299952017195e-05	0.0	1.0	150000.0
chr7	47090721	47090784	RNA9067	63	16	1.5072831331508496e-05	0.0	1.0	253968.25396825396
chr7	47661723	47661854	RNA9068	131	19	3.869108494606499e-05	0.0	1.0	145038.1679389313
chr7	47661841	47661964	RNA9069	123	27	0.00010455969223349202	1.469590006308863e-05	1.0	219512.19512195123
chr7	47662252	47662375	RNA9070	123	35	3.494538050289784e-05	0.0	1.0	284552.8455284553
chr7	47662411	47662534	RNA9071	123	30	5.9784737186416365e-05	1.470025017624721e-05	1.0	243902.43902439025
chr7	47981976	47982099	RNA9072	123	14	8.399500010065302e-06	7.347950031544315e-06	1.0	113821.1382113821
chr7	47982110	47982170	RNA9073	60	9	1.1433111265230562e-05	0.0	1.0	150000.0
chr7	47982189	47982312	RNA9074	123	19	1.005741576495654e-05	1.469590006308863e-05	1.0	154471.54471544715
chr7	47982198	47982258	RNA9075	60	11	1.2027609045617282e-05	1.4698100130772218e-05	1.0	183333.3333333333
chr7	47982272	47982335	RNA9076	63	10	5.879160016775131e-06	0.0	1.0	158730.15873015873
chr7	47982352	47982412	RNA9077	60	13	5.200089239783293e-05	1.4697199731017465e-05	1.0	216666.6666666667
chr7	48030231	48030291	RNA9078	60	6	7.35100002202671e-06	0.0	1.0	100000.0
chr7	48031107	48031167	RNA9079	60	7	2.5195428471687897e-05	1.469590006308863e-05	1.0	116666.66666666667
chr7	48034338	48034461	RNA9080	123	23	0.044965803923135	1.4699799976369832e-05	0.9565217391304348	186991.86991869917
chr7	48063460	48063523	RNA9081	63	8	2.5726986677908743e-05	7.348599865508732e-06	1.0	126984.12698412698
chr7	48065177	48065240	RNA9082	63	6	0.0013501863527380761	7.350150099227904e-06	1.0	95238.09523809524
chr7	48116767	48116827	RNA9083	60	8	1.1034449812541425e-05	1.4712599750055233e-05	1.0	133333.33333333334
chr7	48116769	48116832	RNA9084	63	9	9.808399833370155e-06	1.4701099644298664e-05	1.0	142857.14285714284
chr7	48117334	48117397	RNA9085	63	11	0.0002459462614503712	2.939270052593201e-05	1.0	174603.1746031746
chr7	48117474	48117537	RNA9086	63	10	1.3228679927124177e-05	7.348200142587302e-06	1.0	158730.15873015873
chr7	48940345	48940468	RNA9087	123	33	1.3810972769999633e-05	0.0	1.0	268292.68292682926
chr7	48976294	48976354	RNA9088	60	12	1.3475424945378714e-05	1.4699399798701052e-05	1.0	200000.0
chr7	49134934	49134997	RNA9089	63	16	0.0518853533472452	0.0	0.9375	253968.25396825396
chr7	49136632	49136706	RNA9090	74	15	0.01134279226177265	0.0	0.9333333333333333	202702.70270270272
chr7	49454059	49454166	RNA9091	107	27	0.00031029450851578625	1.4697199731017465e-05	1.0	252336.4485981308
chr7	49756200	49756301	RNA9092	101	20	9.925497924995834e-05	0.0	1.0	198019.80198019804
chr7	50302200	50302307	RNA9093	107	19	3.094878440222683e-05	0.0	1.0	177570.0934579439
chr7	50420986	50421093	RNA9094	107	14	8.399814305448673e-06	7.349499810516136e-06	1.0	130841.12149532708
chr7	50429701	50429808	RNA9095	107	11	5.344454538399904e-06	0.0	1.0	102803.738317757
chr7	50566850	50566957	RNA9096	107	19	7.745917173451644e-05	1.4699799976369832e-05	1.0	177570.0934579439
chr7	50568470	50568577	RNA9097	107	28	2.3101096303433067e-05	0.0	1.0	261682.24299065417
chr7	50570147	50570254	RNA9098	107	25	0.0006949087195971453	0.0	1.0	233644.8598130841
chr7	51455032	51455139	RNA9099	107	20	1.690296962806018e-05	7.348200142587302e-06	1.0	186915.8878504673
chr7	52926538	52926661	RNA9100	123	33	0.04367645571997083	0.0	0.9393939393939394	268292.68292682926
chr7	53028491	53028551	RNA9101	60	0				0.0
chr7	53092413	53092476	RNA9102	63	9	9.146721377973783e-05	1.4699399798701052e-05	1.0	142857.14285714284
chr7	53860399	53860500	RNA9103	101	0				0.0
chr7	54666133	54666234	RNA9104	101	18	0.05695960570518663	1.4699199709866662e-05	0.9444444444444444	178217.82178217822
chr7	54719652	54719753	RNA9105	101	21	0.050972647277852785	1.470460028940579e-05	0.8571428571428571	207920.79207920792
chr7	54719802	54719903	RNA9106	101	20	8.084279943432194e-06	0.0	1.0	198019.80198019804
chr7	54899054	54899155	RNA9107	101	21	0.047770957108956014	0.0	0.9523809523809523	207920.79207920792
chr7	54902541	54902642	RNA9108	101	19	1.4699057924425072e-05	0.0	1.0	188118.81188118813
chr7	54904443	54904544	RNA9109	101	14	0.0003443596979845324	1.4695950085297227e-05	1.0	138613.86138613863
chr7	55434553	55434660	RNA9110	107	23	0.014629491121764733	1.4697699953103438e-05	0.9565217391304348	214953.2710280374
chr7	55781176	55781277	RNA9111	101	0				0.0
chr7	59669521	59669615	RNA9112	0	0				
chr7	59675552	59675653	RNA9113	0	0				
chr7	63483911	63484005	RNA9114	94	3	0.0	0.0	1.0	31914.893617021273
chr7	64018368	64018462	RNA9115	94	0				0.0
chr7	64020231	64020325	RNA9116	94	0				0.0
chr7	64022543	64022637	RNA9117	94	0				0.0
chr7	67366763	67366857	RNA9118	94	0				0.0
chr7	67372058	67372181	RNA9119	123	0				0.0
chr7	67373514	67373608	RNA9120	94	0				0.0
chr7	67374763	67374857	RNA9121	94	0				0.0
chr7	67381592	67381686	RNA9122	94	0				0.0
chr7	69183223	69183317	RNA9123	94	10	5.879410036868649e-06	0.0	1.0	106382.97872340426
chr7	71128863	71128986	RNA9124	123	21	2.6597537379570024e-05	0.0	1.0	170731.7073170732
chr7	71716636	71716736	RNA9125	100	19	0.05264473354748732	1.4700300198455809e-05	0.9473684210526315	190000.0
chr7	71720681	71720804	RNA9126	123	29	2.1287999735591818e-05	1.4696400285174605e-05	1.0	235772.35772357724
chr7	71775178	71775301	RNA9127	123	32	0.06252619000031244	1.470239976697485e-05	0.9375	260162.6016260163
chr7	71777610	71777733	RNA9128	123	36	8.459508972514717e-05	0.0	1.0	292682.9268292683
chr7	72447914	72448037	RNA9129	123	27	0.00012143310218729999	1.496070035500452e-05	1.0	219512.19512195123
chr7	72454543	72454624	RNA9130	81	16	1.378429362830064e-05	1.4698300219606608e-05	1.0	197530.86419753084
chr7	72459457	72459580	RNA9131	123	29	0.034490391420682685	0.0	0.9655172413793104	235772.35772357724
chr7	72513811	72513934	RNA9132	123	17	0.05887978233551941	1.4701099644298664e-05	0.9411764705882353	138211.38211382114
chr7	73560310	73560433	RNA9133	123	23	2.428716901624993e-05	0.0	1.0	186991.86991869917
chr7	74410221	74410321	RNA9134	96	11	0.09094731549141048	1.4698500308440998e-05	0.9090909090909091	114583.33333333333
chr7	74412190	74412290	RNA9135	100	24	5.51388336589298e-06	0.0	1.0	240000.0
chr7	74419807	74419907	RNA9136	88	32	0.00018856659261244426	1.4813550023973223e-05	1.0	363636.36363636365
chr7	74424452	74424552	RNA9137	100	27	3.321702233396629e-05	1.4702900443808176e-05	1.0	270000.0
chr7	76287331	76287412	RNA9138	81	11	0.00011357921655209087	1.4697699953103438e-05	1.0	135802.46913580247
chr7	76288618	76288718	RNA9139	100	30	5.941786651721775e-05	0.0	1.0	300000.0
chr7	76296736	76296836	RNA9140	100	18	0.05557191478884406	7.352100055868504e-06	0.9444444444444444	180000.0
chr7	76314644	76314744	RNA9141	91	15	0.00022491130160535248	3.0048999178688973e-05	1.0	164835.16483516482
chr7	76546370	76546451	RNA9142	81	0				0.0
chr7	76546380	76546461	RNA9143	81	0				0.0
chr7	76547434	76547515	RNA9144	81	0				0.0
chr7	76549159	76549282	RNA9145	123	0				0.0
chr7	77425607	77425688	RNA9146	81	12	0.0006099183390233458	0.0	1.0	148148.14814814815
chr7	77425677	77425758	RNA9147	81	11	0.0006600222700812511	1.4696799553348685e-05	1.0	135802.46913580247
chr7	77425714	77425814	RNA9148	100	18	5.716811099571512e-06	0.0	1.0	180000.0
chr7	77425952	77426033	RNA9149	81	11	1.3361372938644225e-05	1.4696400285174605e-05	1.0	135802.46913580247
chr7	77986938	77987019	RNA9150	77	16	0.0008786314343183156	1.5501149846386397e-05	1.0	207792.2077922078
chr7	81286668	81286768	RNA9151	100	17	4.323788262434605e-06	0.0	1.0	170000.0
chr7	81408981	81409062	RNA9152	81	14	8.402285727372924e-06	7.349499810516136e-06	1.0	172839.5061728395
chr7	87224185	87224287	RNA9153	102	22	2.137807740092923e-05	0.0	1.0	215686.27450980394
chr7	91891374	91891476	RNA9154	102	24	0.004376040549838456	0.0	0.9583333333333334	235294.11764705883
chr7	91896303	91896373	RNA9155	70	9	1.4704200010682042e-05	1.47024002217222e-05	1.0	128571.42857142857
chr7	91909705	91909807	RNA9156	102	19	2.0115442040198678e-05	1.4699799976369832e-05	1.0	186274.50980392157
chr7	91913747	91913849	RNA9157	102	20	1.1759240169340047e-05	1.4697699953103438e-05	1.0	196078.431372549
chr7	91920690	91920792	RNA9158	102	23	3.195932581349632e-05	1.4698100130772218e-05	1.0	225490.19607843139
chr7	92403781	92403883	RNA9159	102	18	1.061507772545964e-05	1.469549988541985e-05	1.0	176470.58823529413
chr7	92404411	92404513	RNA9160	102	27	4.954328963961352e-05	0.0	1.0	264705.8823529412
chr7	92406720	92406822	RNA9161	102	16	6.429799952911708e-06	0.0	1.0	156862.74509803922
chr7	93230552	93230654	RNA9162	102	21	0.04862130692708888	1.4697199731017465e-05	0.9523809523809523	205882.35294117645
chr7	93369761	93369846	RNA9163	85	24	0.03536837335392799	1.4762099908693926e-05	0.9583333333333334	282352.9411764706
chr7	94681384	94681454	RNA9164	70	15	0.00030870450567210806	1.4699399798701052e-05	1.0	214285.71428571426
chr7	94682425	94682508	RNA9165	83	13	0.007030122224582898	1.4697699953103438e-05	0.9230769230769231	156626.5060240964
chr7	95296974	95297059	RNA9166	85	20	0.00468345500721625	0.0	0.95	235294.11764705883
chr7	95338155	95338372	RNA9167	217	29	0.0009886418733442677	1.4697699953103438e-05	1.0	133640.5529953917
chr7	95475950	95476020	RNA9168	70	16	1.3780037477317819e-05	0.0	1.0	228571.42857142855
chr7	95544608	95544678	RNA9169	70	10	4.410949986777268e-06	0.0	1.0	142857.14285714284
chr7	95545025	95545095	RNA9170	69	14	3.0707407469363835e-05	1.4721049865329405e-05	1.0	202898.5507246377
chr7	95624653	95624723	RNA9171	70	15	1.8632466950894432e-05	1.4708900380355772e-05	1.0	214285.71428571426
chr7	95634343	95634413	RNA9172	70	17	0.008290899755593268	0.0	0.9411764705882353	242857.14285714284
chr7	95720799	95720869	RNA9173	69	11	0.090965006752826	0.0	0.9090909090909091	159420.28985507245
chr7	96111453	96111580	RNA9174	127	16	1.2869293698258844e-05	1.470179995521903e-05	1.0	125984.25196850393
chr7	96714197	96714267	RNA9175	70	15	7.740626994442395e-05	0.0	1.0	214285.71428571426
chr7	97116132	97116217	RNA9176	85	15	7.840259968361352e-06	0.0	1.0	176470.58823529413
chr7	97117414	97117516	RNA9177	102	47	3.252156623969957e-05	1.4697199731017465e-05	1.0	460784.3137254902
chr7	97844062	97844147	RNA9178	85	13	6.833199922067041e-06	0.0	1.0	152941.17647058825
chr7	97849776	97849861	RNA9179	85	7	0.030154771368350857	1.4698100130772218e-05	0.7142857142857143	82352.94117647059
chr7	97851458	97851543	RNA9180	85	12	2.3272091918135474e-05	1.4697250207973411e-05	1.0	141176.4705882353
chr7	98600849	98600934	RNA9181	85	21	0.04827129417554672	0.0	0.9523809523809523	247058.82352941178
chr7	98601122	98601207	RNA9182	85	17	7.810247071200352e-06	0.0	1.0	200000.0
chr7	98601187	98601272	RNA9183	85	20	3.629453995017221e-05	7.368349997705082e-06	1.0	235294.11764705883
chr7	98601191	98601325	RNA9184	134	28	2.9061721371749565e-05	7.368349997705082e-06	1.0	208955.223880597
chr7	98629933	98630016	RNA9185	83	16	3.0318987285222763e-05	1.470005008741282e-05	1.0	192771.0843373494
chr7	98873997	98874082	RNA9186	85	11	2.541300033375261e-05	1.4710600225953384e-05	1.0	129411.76470588236
chr7	99466260	99466477	RNA9187	217	42	1.0148688012296112e-05	7.347950031544315e-06	1.0	193548.38709677418
chr7	99466401	99466486	RNA9188	85	13	7.914600036411475e-06	0.0	1.0	152941.17647058825
chr7	99467510	99467709	RNA9189	199	22	1.5130681648849366e-05	0.0	1.0	110552.76381909549
chr7	99540029	99540112	RNA9190	83	7	1.89237138589e-05	0.0	1.0	84337.34939759035
chr7	99611747	99611830	RNA9191	83	14	2.414753576625984e-05	1.4698349787067855e-05	1.0	168674.6987951807
chr7	99616808	99616891	RNA9192	83	36	1.1024852685496121e-05	0.0	1.0	433734.9397590362
chr7	99633030	99633113	RNA9193	83	12	0.0835456523373826	2.2087399884185288e-05	0.9166666666666666	144578.31325301205
chr7	99633354	99633437	RNA9194	83	15	3.919753301791691e-06	0.0	1.0	180722.89156626505
chr7	99680679	99680762	RNA9195	83	14	0.0015936916245534237	1.469744984206045e-05	1.0	168674.6987951807
chr7	99682579	99682706	RNA9196	127	22	0.00025859547308341107	0.0	1.0	173228.3464566929
chr7	100084611	100084696	RNA9197	85	17	0.05888330550035736	1.4749700312677303e-05	0.9411764705882353	200000.0
chr7	100088610	100088695	RNA9198	85	19	9.282784288332455e-06	0.0	1.0	223529.4117647059
chr7	100088630	100088715	RNA9199	85	15	7.838353364301534e-06	0.0	1.0	176470.58823529413
chr7	100128734	100128819	RNA9200	85	12	1.2269491662664223e-05	7.347950031544315e-06	1.0	141176.4705882353
chr7	100130005	100130090	RNA9201	85	17	2.0758040912310466e-05	0.0	1.0	200000.0
chr7	100169198	100169415	RNA9202	216	52	1.0601055709440307e-05	0.0	1.0	240740.74074074073
chr7	100169431	100169516	RNA9203	85	16	1.378291256059711e-05	7.349899988184916e-06	1.0	188235.29411764705
chr7	100299476	100299693	RNA9204	217	0				0.0
chr7	100299542	100299759	RNA9205	217	0				0.0
chr7	100434315	100434532	RNA9206	217	57	7.074073876043045e-05	1.4698100130772218e-05	1.0	262672.81105990784
chr7	100434417	100434634	RNA9207	217	54	2.268017979750354e-05	1.4696400285174605e-05	1.0	248847.92626728112
chr7	100434662	100434879	RNA9208	217	58	0.013896364916490708	1.469549988541985e-05	0.9827586206896551	267281.1059907834
chr7	100454729	100454856	RNA9209	127	21	1.4712042987712466e-05	0.0	1.0	165354.33070866144
chr7	100454782	100454865	RNA9210	83	12	2.449791660789439e-06	0.0	1.0	144578.31325301205
chr7	100455009	100455136	RNA9211	127	24	2.5738845920381296e-05	1.4700900010211626e-05	1.0	188976.3779527559
chr7	100455962	100456089	RNA9212	127	28	0.0069625876515471705	0.0	0.9642857142857143	220472.44094488188
chr7	100455978	100456048	RNA9213	70	12	1.470177486832021e-05	0.0	1.0	171428.57142857142
chr7	101231680	101231807	RNA9214	127	38	4.1787498742591387e-05	0.0	1.0	299212.5984251969
chr7	101231916	101232001	RNA9215	85	12	4.8997993341492475e-05	1.469984999857843e-05	1.0	141176.4705882353
chr7	101231918	101232045	RNA9216	127	18	3.511515665700467e-05	1.4698950053571025e-05	1.0	141732.28346456692
chr7	101231927	101232054	RNA9217	127	15	2.7440307652186616e-05	1.4697699953103438e-05	1.0	118110.23622047243
chr7	101282281	101282498	RNA9218	217	40	0.028965033756844605	7.349699899350526e-06	0.95	184331.79723502306
chr7	101812171	101812298	RNA9219	127	15	5.798147230960888e-05	1.4734499927726574e-05	1.0	118110.23622047243
chr7	102479416	102479550	RNA9220	134	7	0.00039390799273469364	1.7172700609080493e-05	1.0	52238.80597014925
chr7	103281789	103281936	RNA9221	147	0				0.0
chr7	103283608	103283742	RNA9222	134	0				0.0
chr7	103284650	103284784	RNA9223	134	0				0.0
chr7	103285762	103285909	RNA9224	147	0				0.0
chr7	103285889	103286088	RNA9225	199	0				0.0
chr7	103286850	103286935	RNA9226	85	0				0.0
chr7	103287419	103287566	RNA9227	147	0				0.0
chr7	103289957	103290091	RNA9228	134	0				0.0
chr7	103998840	103998974	RNA9229	134	26	2.65764348254218e-05	1.4699799976369832e-05	1.0	194029.85074626867
chr7	104001666	104001800	RNA9230	134	20	4.412915041029919e-06	0.0	1.0	149253.73134328358
chr7	104036314	104036513	RNA9231	199	0				0.0
chr7	104043574	104043721	RNA9232	147	13	5.654507731378544e-06	0.0	1.0	88435.37414965987
chr7	104125843	104126042	RNA9233	199	39	0.00010441570702822956	1.4697699953103438e-05	1.0	195979.89949748744
chr7	104126088	104126287	RNA9234	199	35	8.930979939967275e-05	0.0	1.0	175879.39698492465
chr7	104126197	104126331	RNA9235	134	29	1.1178993096608324e-05	0.0	1.0	216417.91044776118
chr7	104224455	104224654	RNA9236	199	38	0.001462186574970377	0.0	0.9736842105263158	190954.77386934674
chr7	104229163	104229362	RNA9237	199	39	0.00020993447863777555	0.0	1.0	195979.89949748744
chr7	104280149	104280348	RNA9238	199	12	0.08331863137573237	0.0	0.9166666666666666	60301.50753768844
chr7	104301595	104301678	RNA9239	83	16	1.653611241181352e-05	1.4696599919261644e-05	1.0	192771.0843373494
chr7	104938152	104938369	RNA9240	217	27	0.0005989341256685649	0.0	1.0	124423.96313364056
chr7	104938549	104938683	RNA9241	134	23	0.05371562307972572	1.4698999621032272e-05	0.9130434782608695	171641.79104477612
chr7	104939202	104939287	RNA9242	85	17	1.4698517374835947e-05	0.0	1.0	200000.0
chr7	105400154	105400353	RNA9243	197	42	0.00045568035232332994	0.0	1.0	213197.96954314722
chr7	105414788	105414915	RNA9244	127	29	2.2308693336650974e-05	0.0	1.0	228346.4566929134
chr7	107875622	107875709	RNA9245	87	25	2.4702283808435542e-05	1.470159986638464e-05	1.0	287356.3218390804
chr7	107876687	107876786	RNA9246	99	27	0.0001515186610992646	1.4701099644298664e-05	1.0	272727.2727272727
chr7	107879114	107879197	RNA9247	83	24	0.0003524103328800257	0.0	1.0	289156.6265060241
chr7	107879273	107879372	RNA9248	99	21	0.01996103022953493	1.4697199731017465e-05	0.9523809523809523	212121.21212121213
chr7	107880462	107880561	RNA9249	99	19	1.31533420962545e-05	1.4699799976369832e-05	1.0	191919.19191919192
chr7	108003519	108003666	RNA9250	147	44	0.012935230049234542	1.4698999621032272e-05	0.9545454545454546	299319.72789115645
chr7	108575108	108575207	RNA9251	99	18	8.982916673024496e-06	0.0	1.0	181818.18181818182
chr7	108722840	108723039	RNA9252	199	40	1.8752252526607328e-05	1.4703750366606982e-05	1.0	201005.02512562816
chr7	108732316	108732450	RNA9253	134	19	0.024842829879210177	1.470460028940579e-05	0.9473684210526315	141791.0447761194
chr7	111563520	111563607	RNA9254	87	17	1.210691190114149e-05	0.0	1.0	195402.29885057473
chr7	111566426	111566514	RNA9255	88	19	0.07855366595599901	0.0	0.8947368421052632	215909.0909090909
chr7	111567361	111567444	RNA9256	83	16	0.005009158518021186	7.350350188062294e-06	0.9375	192771.0843373494
chr7	111724571	111724658	RNA9257	82	21	0.00341924218294782	1.524720028101001e-05	0.9523809523809523	256097.56097560975
chr7	111724820	111724907	RNA9258	87	19	0.000355321274678549	0.0	1.0	218390.80459770115
chr7	111725532	111725619	RNA9259	87	11	0.0005758479204483866	0.0	1.0	126436.78160919542
chr7	112206494	112206577	RNA9260	83	20	1.764081039254501e-05	1.469529979658546e-05	1.0	240963.85542168675
chr7	112206538	112206621	RNA9261	83	22	1.2696404362279942e-05	1.4696149719384266e-05	1.0	265060.24096385547
chr7	112206546	112206629	RNA9262	83	25	1.7640339683564382e-05	1.4697699953103438e-05	1.0	301204.8192771085
chr7	112492790	112492873	RNA9263	83	13	2.600940821978544e-05	1.4700300198455809e-05	1.0	156626.5060240964
chr7	112493752	112493839	RNA9264	87	15	3.920137369277103e-05	1.4703699889651034e-05	1.0	172413.7931034483
chr7	112495528	112495611	RNA9265	83	14	3.254669302675326e-05	0.0	1.0	168674.6987951807
chr7	112495594	112495715	RNA9266	121	22	1.5368145423876042e-05	0.0	1.0	181818.18181818182
chr7	112499013	112499100	RNA9267	87	14	0.00010081984763538319	1.4700950032420224e-05	1.0	160919.54022988505
chr7	112511408	112511495	RNA9268	87	13	1.4699553783150175e-05	1.4697199731017465e-05	1.0	149425.28735632185
chr7	112521747	112521846	RNA9269	99	12	0.014736642567261983	1.469984999857843e-05	0.9166666666666666	121212.12121212122
chr7	112522176	112522259	RNA9270	83	18	0.023533375574263316	1.4696800008096034e-05	0.9444444444444444	216867.4698795181
chr7	113778483	113778570	RNA9271	0	0				
chr7	113778687	113778770	RNA9272	0	0				
chr7	113779887	113779975	RNA9273	0	0				
chr7	114085894	114085982	RNA9274	88	27	3.593478518099787e-05	0.0	1.0	306818.1818181818
chr7	114085938	114086026	RNA9275	88	22	0.0001029266346780379	0.0	1.0	250000.0
chr7	114086160	114086248	RNA9276	88	22	1.2352158922687847e-05	7.358999937423505e-06	1.0	250000.0
chr7	115499421	115499509	RNA9277	88	19	0.01098875986003564	1.471539962949464e-05	0.9473684210526315	215909.0909090909
chr7	115501579	115501667	RNA9278	85	19	0.00023253709045283898	1.4811699657002464e-05	1.0	223529.4117647059
chr7	115501657	115501745	RNA9279	88	9	3.107591116227463e-05	0.0	1.0	102272.72727272728
chr7	115676482	115676570	RNA9280	88	17	1.4709835287407219e-05	0.0	1.0	193181.81818181818
chr7	116181645	116181744	RNA9281	99	18	0.00014052041938662064	1.4702900443808176e-05	1.0	181818.18181818182
chr7	116510523	116510644	RNA9282	121	12	2.0825266650104047e-05	1.4698500308440998e-05	1.0	99173.55371900827
chr7	116524519	116524640	RNA9283	115	38	8.780015808664948e-06	0.0	1.0	330434.7826086956
chr7	116524546	116524633	RNA9284	81	33	9.571275795954563e-06	0.0	1.0	407407.40740740736
chr7	116524646	116524767	RNA9285	121	19	7.363824500460297e-05	1.4707599802932236e-05	1.0	157024.79338842977
chr7	116524804	116524925	RNA9286	121	37	1.7876943373364336e-05	1.4697699953103438e-05	1.0	305785.12396694213
chr7	116524905	116524988	RNA9287	83	28	2.1011646237765607e-05	1.4698749964736635e-05	1.0	337349.3975903614
chr7	117875220	117875341	RNA9288	121	19	3.095179449461626e-05	1.4699399798701052e-05	1.0	157024.79338842977
chr7	117875838	117875959	RNA9289	121	24	9.188800011846373e-06	0.0	1.0	198347.10743801654
chr7	117878894	117879015	RNA9290	110	25	0.04221737384450534	1.4705399735248648e-05	0.96	227272.72727272726
chr7	118212426	118212547	RNA9291	121	37	0.04165732413167534	1.4698100130772218e-05	0.9459459459459459	305785.12396694213
chr7	119459235	119459323	RNA9292	88	14	1.89681213019607e-05	1.475140015827492e-05	1.0	159090.9090909091
chr7	119954965	119955064	RNA9293	99	27	1.6888707519950106e-05	0.0	1.0	272727.2727272727
chr7	120880208	120880307	RNA9294	99	14	0.002087301172260974	1.4703699889651034e-05	1.0	141414.1414141414
chr7	120940861	120940960	RNA9295	99	14	1.4737528415148524e-05	0.0	1.0	141414.1414141414
chr7	120947836	120947935	RNA9296	99	17	8.646294083840022e-06	1.4696799553348685e-05	1.0	171717.1717171717
chr7	120979070	120979169	RNA9297	99	14	0.00024148584790443774	1.469549988541985e-05	1.0	141414.1414141414
chr7	120982224	120982323	RNA9298	99	13	6.330973176842496e-05	0.0	1.0	131313.13131313134
chr7	120983838	120983937	RNA9299	99	27	0.06399163231256992	0.0	0.9259259259259259	272727.2727272727
chr7	122064408	122064507	RNA9300	99	7	0.0010636932846474591	3.019050018338021e-05	1.0	70707.0707070707
chr7	122317779	122317900	RNA9301	121	14	1.5747278601858333e-05	1.4696349808218656e-05	1.0	115702.47933884298
chr7	122899948	122900056	RNA9302	108	23	1.4698882652104974e-05	1.4697199731017465e-05	1.0	212962.96296296298
chr7	123917070	123917143	RNA9303	73	10	1.9107419757341745e-05	0.0	1.0	136986.301369863
chr7	124819425	124819524	RNA9304	99	17	0.00027752656660594874	1.4698100130772218e-05	1.0	171717.1717171717
chr7	126082935	126083167	RNA9305	232	30	3.922316682292148e-06	0.0	1.0	129310.34482758622
chr7	126351513	126351654	RNA9306	141	0				0.0
chr7	126435422	126435530	RNA9307	108	22	0.025948600215749386	0.0	0.9545454545454546	203703.70370370368
chr7	127457710	127457818	RNA9308	108	13	2.0352084412968068e-05	0.0	1.0	120370.37037037036
chr7	127461930	127462038	RNA9309	108	30	0.033343625529960265	0.0	0.9666666666666667	277777.7777777778
chr7	127472821	127472929	RNA9310	108	23	0.012293812419833863	1.4698500308440998e-05	0.9565217391304348	212962.96296296298
chr7	127602696	127602804	RNA9311	108	12	0.000165367572359772	7.347950031544315e-06	1.0	111111.11111111111
chr7	127602975	127603083	RNA9312	108	19	1.392725263078893e-05	1.469509970775107e-05	1.0	175925.92592592593
chr7	127618371	127618444	RNA9313	73	19	9.902287509152331e-05	1.4698100130772218e-05	1.0	260273.9726027397
chr7	127618948	127619056	RNA9314	108	24	2.143325438433967e-05	1.469569997425424e-05	1.0	222222.22222222222
chr7	128669893	128670001	RNA9315	108	0				0.0
chr7	128692193	128692266	RNA9316	73	0				0.0
chr7	128781840	128781913	RNA9317	58	12	0.00016417469638932758	7.361600182775874e-06	1.0	206896.55172413794
chr7	128790677	128790750	RNA9318	73	13	1.0175877203157423e-05	0.0	1.0	178082.19178082192
chr7	128829118	128829191	RNA9319	73	14	8.504364359396277e-06	7.376349913101876e-06	1.0	191780.8219178082
chr7	128829148	128829221	RNA9320	70	11	6.861163621413818e-06	0.0	1.0	157142.85714285713
chr7	128932856	128932929	RNA9321	73	21	1.4698081118002024e-05	1.4697699953103438e-05	1.0	287671.23287671234
chr7	129221348	129221580	RNA9322	232	83	0.06478861754984823	1.498219990025973e-05	0.927710843373494	357758.6206896552
chr7	130063045	130063118	RNA9323	73	0				0.0
chr7	130223514	130223720	RNA9324	206	24	0.000313110095286596	0.0	1.0	116504.85436893204
chr7	130290962	130291103	RNA9325	141	29	0.03506942781477219	1.4702900443808176e-05	0.9655172413793104	205673.7588652482
chr7	130292550	130292782	RNA9326	232	44	0.02306000349529892	0.0	0.9772727272727273	189655.1724137931
chr7	130376600	130376832	RNA9327	232	44	0.03832768869063908	1.4695749996462837e-05	0.9318181818181818	189655.1724137931
chr7	130378837	130379069	RNA9328	232	43	0.02374504080565858	0.0	0.9767441860465116	185344.8275862069
chr7	130388237	130388469	RNA9329	232	36	0.0011946747162912426	1.4695949630549876e-05	1.0	155172.41379310345
chr7	130390973	130391205	RNA9330	232	35	0.0571890454847692	1.4714099961565807e-05	0.9428571428571428	150862.06896551725
chr7	130448035	130448267	RNA9331	232	32	1.837337796927881e-05	0.0	1.0	137931.0344827586
chr7	130691434	130691575	RNA9332	141	22	0.04546590264532246	1.4697199731017465e-05	0.9545454545454546	156028.36879432623
chr7	130692648	130692789	RNA9333	141	26	0.03847341163072297	0.0	0.9615384615384616	184397.16312056736
chr7	130697302	130697443	RNA9334	141	22	0.0028420848875612094	7.357049980782904e-06	0.9545454545454546	156028.36879432623
chr7	130698734	130698966	RNA9335	232	51	0.019631188823914986	1.4697699953103438e-05	0.9803921568627451	219827.58620689655
chr7	130702250	130702358	RNA9336	0	0				
chr7	132729335	132729476	RNA9337	141	31	2.3712910015383825e-05	1.4698100130772218e-05	1.0	219858.1560283688
chr7	132729505	132729646	RNA9338	141	30	0.001366093220137066	0.0	1.0	212765.95744680852
chr7	132729814	132729955	RNA9339	141	36	0.038760688794935855	7.348399776674342e-06	0.9444444444444444	255319.14893617018
chr7	132732135	132732276	RNA9340	141	31	6.16370969862234e-06	0.0	1.0	219858.1560283688
chr7	133239097	133239170	RNA9341	73	9	1.1435466553343253e-05	1.4696400285174605e-05	1.0	123287.6712328767
chr7	134127041	134127247	RNA9342	206	33	1.1139621054814555e-05	0.0	1.0	160194.17475728155
chr7	135173230	135173436	RNA9343	204	39	0.03301355410780488	0.0	0.9487179487179487	191176.47058823527
chr7	135176086	135176292	RNA9344	206	44	0.0002207954897295858	7.347950031544315e-06	1.0	213592.23300970873
chr7	135181704	135181910	RNA9345	206	41	7.885804845456022e-06	0.0	1.0	199029.12621359222
chr7	135214111	135214317	RNA9346	206	30	0.00011465129194523694	1.4697199731017465e-05	1.0	145631.06796116504
chr7	135221335	135221541	RNA9347	206	43	0.023270512967492107	0.0	0.9767441860465116	208737.8640776699
chr7	135323652	135323858	RNA9348	206	42	0.0007636038820757142	0.0	1.0	203883.49514563105
chr7	135357021	135357128	RNA9349	107	19	3.094574262113813e-05	0.0	1.0	177570.0934579439
chr7	135361036	135361268	RNA9350	232	44	0.02290631527402679	0.0	0.9772727272727273	189655.1724137931
chr7	135979766	135979972	RNA9351	206	32	0.002991786523921287	1.4695749996462837e-05	0.96875	155339.8058252427
chr7	136491813	136491954	RNA9352	141	43	0.03084343742358574	0.0	0.9534883720930233	304964.5390070922
chr7	139522738	139522845	RNA9353	107	14	7.3793072000885985e-06	7.349250154220499e-06	1.0	130841.12149532708
chr7	140209910	140210116	RNA9354	206	42	4.02459374440447e-05	1.469569997425424e-05	1.0	203883.49514563105
chr7	140211453	140211560	RNA9355	107	18	0.006905239891239025	1.4696599919261644e-05	0.9444444444444444	168224.29906542055
chr7	140293354	140293461	RNA9356	107	19	2.2436163530261723e-05	1.469590006308863e-05	1.0	177570.0934579439
chr7	140293504	140293611	RNA9357	107	16	0.0625330731058966	0.0	0.9375	149532.7102803738
chr7	141015335	141015442	RNA9358	107	19	3.7140683879866785e-05	1.4700700376124589e-05	1.0	177570.0934579439
chr7	141017432	141017539	RNA9359	107	11	6.947842732849727e-05	1.4701099644298664e-05	1.0	102803.738317757
chr7	141017495	141017602	RNA9360	107	13	1.2437946050060698e-05	1.4698500308440998e-05	1.0	121495.32710280374
chr7	141702834	141702941	RNA9361	107	20	2.2782520045432007e-05	0.0	1.0	186915.8878504673
chr7	144085777	144085928	RNA9362	151	31	0.06453414927422742	1.4700700376124589e-05	0.9354838709677419	205298.0132450331
chr7	145348003	145348106	RNA9363	103	28	0.03572058624649799	0.0	0.9642857142857143	271844.66019417474
chr7	145360548	145360655	RNA9364	107	0				0.0
chr7	148440011	148440162	RNA9365	151	32	1.4699112597327257e-05	1.4698100130772218e-05	1.0	211920.5298013245
chr7	148977565	148977716	RNA9366	151	37	0.18836836221118966	1.4924000424798578e-05	0.8108108108108109	245033.11258278147
chr7	149037858	149038009	RNA9367	151	7	5.25042140517391e-05	1.470159986638464e-05	1.0	46357.615894039736
chr7	149038536	149038687	RNA9368	151	0				0.0
chr7	149300807	149300958	RNA9369	151	24	0.0008379771925698709	1.4695950085297227e-05	1.0	158940.3973509934
chr7	149300995	149301146	RNA9370	151	26	1.1306380726567182e-05	1.469549988541985e-05	1.0	172185.43046357614
chr7	149309393	149309544	RNA9371	151	25	0.0006120107091191976	1.4696799553348685e-05	1.0	165562.9139072848
chr7	149322113	149322216	RNA9372	103	28	0.07706561617614428	1.4703050055686617e-05	0.8214285714285714	271844.66019417474
chr7	149521666	149521769	RNA9373	103	12	0.00021334351405736052	1.4707849913975224e-05	1.0	116504.85436893204
chr7	149524846	149524949	RNA9374	103	13	1.2439792184383035e-05	1.4700300198455809e-05	1.0	126213.59223300971
chr7	149536305	149536408	RNA9375	103	14	8.39947863693981e-06	0.0	1.0	135922.33009708737
chr7	150413060	150413211	RNA9376	151	0				0.0
chr7	150416773	150416876	RNA9377	103	0				0.0
chr7	150417763	150417866	RNA9378	103	0				0.0
chr7	150432787	150432890	RNA9379	103	27	0.037044117218101746	1.4699799976369832e-05	0.9629629629629629	262135.9223300971
chr7	151334560	151334663	RNA9380	103	22	0.00039084748963928506	0.0	1.0	213592.23300970873
chr7	152130822	152130973	RNA9381	151	37	0.0005259097797288264	1.4694600395159796e-05	1.0	245033.11258278147
chr7	154894410	154894518	RNA9382	108	23	0.03176164960930928	1.4701099644298664e-05	0.9565217391304348	212962.96296296298
chr7	154895444	154895631	RNA9383	187	46	0.0001247275262872047	1.4749700312677303e-05	1.0	245989.30481283425
chr7	155339813	155339916	RNA9384	103	28	0.0009418633972992545	1.469744984206045e-05	1.0	271844.66019417474
chr7	156083096	156083204	RNA9385	108	21	1.3998080898350704e-05	1.469590006308863e-05	1.0	194444.44444444444
chr7	157270078	157270186	RNA9386	108	27	2.8305703785406093e-05	0.0	1.0	250000.0
chr7	157309690	157309798	RNA9387	108	25	1.8226124047938884e-05	1.4697199731017465e-05	1.0	231481.4814814815
chr7	157309827	157309935	RNA9388	108	11	6.280825362574002e-05	1.4696799553348685e-05	1.0	101851.85185185184
chr7	157419895	157420003	RNA9389	108	0				0.0
chr7	157428853	157428961	RNA9390	108	0				0.0
chr7	157519368	157519476	RNA9391	108	18	2.0417222306908418e-05	2.204844986408716e-05	1.0	166666.66666666666
chr7	157529537	157529724	RNA9392	187	35	3.6112543473007966e-05	0.0	1.0	187165.77540106952
chr7	158587924	158588032	RNA9393	95	37	0.001957005973521067	1.599280039954465e-05	0.972972972972973	389473.6842105263
chr7	158588160	158588347	RNA9394	187	55	5.0825408173046065e-05	1.470200004405342e-05	1.0	294117.64705882355
chr7	158619582	158619769	RNA9395	187	27	0.025462677351444855	0.0	0.9629629629629629	144385.0267379679
chr7	158625700	158625887	RNA9396	187	26	0.0008097388798747595	0.0	1.0	139037.43315508022
chr7	158719313	158719500	RNA9397	187	33	0.00012173060564567303	0.0	1.0	176470.58823529413
chr7	158719401	158719588	RNA9398	187	28	0.035856572813859844	0.0	0.9642857142857143	149732.6203208556
chr7	158720295	158720482	RNA9399	184	32	0.03459274125739852	1.4730999737366801e-05	0.9375	173913.04347826086
chr7	159331576	159331763	RNA9400	168	0				0.0
chr8	205714	205802	RNA9401	78	0				0.0
chr8	205869	205976	RNA9402	107	0				0.0
chr8	207177	207265	RNA9403	88	0				0.0
chr8	207378	207485	RNA9404	107	0				0.0
chr8	207569	207657	RNA9405	88	0				0.0
chr8	207580	207687	RNA9406	107	0				0.0
chr8	276795	277024	RNA9407	229	0				0.0
chr8	362259	362488	RNA9408	229	0				0.0
chr8	372073	372302	RNA9409	229	0				0.0
chr8	554192	554363	RNA9410	171	41	4.08945526897868e-05	0.0	1.0	239766.08187134503
chr8	609341	609417	RNA9411	76	16	2.204858719778141e-05	7.349250154220499e-06	1.0	210526.31578947368
chr8	610082	610253	RNA9412	171	56	1.3125774963943668e-05	0.0	1.0	327485.38011695904
chr8	610142	610218	RNA9413	76	25	1.0585104173514991e-05	0.0	1.0	328947.36842105264
chr8	610682	610758	RNA9414	76	17	1.1241735378194682e-05	0.0	1.0	223684.2105263158
chr8	611439	611610	RNA9415	171	69	0.006148033990952611	1.4697699953103438e-05	0.9855072463768116	403508.77192982455
chr8	611951	612122	RNA9416	171	54	0.004107611682313825	1.4696349808218656e-05	0.9814814814814815	315789.4736842105
chr8	7022504	7022733	RNA9417	229	0				0.0
chr8	7024219	7024448	RNA9418	229	0				0.0
chr8	7050093	7050322	RNA9419	229	0				0.0
chr8	7482278	7482348	RNA9420	44	15	2.949446012886862e-05	1.5321900718845427e-05	1.0	340909.0909090909
chr8	7487569	7487639	RNA9421	0	0				
chr8	7568018	7568088	RNA9422	0	0				
chr8	7586531	7586638	RNA9423	107	0				0.0
chr8	7588829	7588936	RNA9424	0	0				
chr8	7675799	7675906	RNA9425	0	0				
chr8	7885861	7885937	RNA9426	0	2	0.0	0.0	1.0	
chr8	7890851	7890927	RNA9427	0	6	1.369038363918662e-05	0.0	1.0	
chr8	7952630	7952706	RNA9428	0	0				
chr8	7953297	7953526	RNA9429	0	0				
chr8	8490404	8490474	RNA9430	70	19	2.7075494663696652e-05	0.0	1.0	271428.5714285714
chr8	8543826	8543933	RNA9431	107	34	1.946334385352144e-05	1.4700699921377236e-05	1.0	317757.0093457944
chr8	9117989	9118065	RNA9432	76	16	0.04878020567770136	7.348399776674342e-06	0.9375	210526.31578947368
chr8	11839964	11840135	RNA9433	171	74	0.0024171515920725865	0.0	0.9864864864864865	432748.5380116959
chr8	11840432	11840603	RNA9434	171	74	0.013938057574299865	0.0	0.9864864864864865	432748.5380116959
chr8	11882529	11882700	RNA9435	171	53	0.045142100362905044	0.0	0.9433962264150944	309941.52046783624
chr8	11978210	11978439	RNA9436	229	61	0.0016223193135940987	0.0	0.9836065573770492	266375.5458515284
chr8	12088539	12088609	RNA9437	0	0				
chr8	12088875	12088982	RNA9438	0	18	0.011380417230005449	0.0	0.9444444444444444	
chr8	12757632	12757708	RNA9439	76	15	2.5477046619925128e-05	1.4699799976369832e-05	1.0	197368.42105263157
chr8	12758337	12758508	RNA9440	171	38	0.0003790085621690864	7.359200026257895e-06	1.0	222222.22222222222
chr8	15254502	15254680	RNA9441	178	58	0.05133019896709748	1.4699799976369832e-05	0.9482758620689655	325842.6966292135
chr8	15406938	15407109	RNA9442	171	58	0.0015205336708904351	1.4698300219606608e-05	0.9827586206896551	339181.2865497076
chr8	16935390	16935482	RNA9443	92	27	0.018323407265328287	1.4831999578746036e-05	0.9629629629629629	293478.26086956525
chr8	18032315	18032440	RNA9444	125	29	3.041477524173569e-05	1.4698999621032272e-05	1.0	232000.0
chr8	18131476	18131588	RNA9445	112	24	1.4215275048929735e-05	0.0	1.0	214285.71428571426
chr8	18485246	18485358	RNA9446	112	29	0.013999985980137413	0.0	0.9655172413793104	258928.57142857145
chr8	18491543	18491679	RNA9447	136	31	0.032295658493533275	1.4698999621032272e-05	0.967741935483871	227941.17647058822
chr8	18520162	18520340	RNA9448	178	34	0.0008711568435929185	0.0	1.0	191011.23595505618
chr8	19806751	19806929	RNA9449	178	41	7.707803946154168e-05	1.4696400285174605e-05	1.0	230337.0786516854
chr8	19879086	19879264	RNA9450	178	45	1.7311946612606674e-05	0.0	1.0	252808.98876404495
chr8	19884634	19884812	RNA9451	178	39	0.020450426862132585	0.0	0.9743589743589743	219101.12359550563
chr8	19973209	19973387	RNA9452	178	51	0.018397243698339425	0.0	0.9607843137254902	286516.8539325842
chr8	19980892	19981070	RNA9453	178	34	0.050362844211871136	0.0	0.9411764705882353	191011.23595505618
chr8	20065878	20066056	RNA9454	178	34	0.009200038149361602	1.4697199731017465e-05	0.9705882352941176	191011.23595505618
chr8	20542617	20542709	RNA9455	92	17	3.8061105816958474e-05	0.0	1.0	184782.60869565216
chr8	21321889	21322067	RNA9456	178	43	2.1534304598684682e-05	1.4696799553348685e-05	1.0	241573.03370786516
chr8	21332429	21332525	RNA9457	96	19	1.3151631480323807e-05	0.0	1.0	197916.66666666666
chr8	21688126	21688197	RNA9458	71	8	2.021899967985416e-05	0.0	1.0	112676.05633802817
chr8	21690157	21690282	RNA9459	125	36	0.011157573049710358	1.4704150089528412e-05	0.9722222222222222	288000.0
chr8	21818444	21818536	RNA9460	92	26	0.03854310040347068	1.470889992560842e-05	0.9615384615384616	282608.6956521739
chr8	21903955	21904047	RNA9461	92	20	0.001082873928089604	1.470414963478106e-05	1.0	217391.30434782608
chr8	21919058	21919150	RNA9462	92	22	0.00010691838451748065	0.0	1.0	239130.4347826087
chr8	22012981	22013073	RNA9463	92	14	0.007834035776275929	0.0	0.9285714285714286	152173.91304347827
chr8	22019044	22019136	RNA9464	92	16	1.8467155882712335e-05	0.0	1.0	173913.04347826086
chr8	22087959	22088095	RNA9465	136	46	0.016754016253344155	1.4706500223837795e-05	0.9782608695652174	338235.2941176471
chr8	22088160	22088252	RNA9466	92	37	0.0022177984367256	1.4749700312677303e-05	1.0	402173.9130434783
chr8	22088646	22088758	RNA9467	112	27	5.3913841064191644e-05	1.4700700376124589e-05	1.0	241071.42857142858
chr8	22088819	22088931	RNA9468	112	34	5.518487411309382e-05	1.4734700016560964e-05	1.0	303571.4285714285
chr8	22576741	22576970	RNA9469	229	48	1.8071991557156627e-05	1.4699799976369832e-05	1.0	209606.98689956332
chr8	22576749	22576874	RNA9470	125	24	1.4701229019917568e-05	1.469724975322606e-05	1.0	192000.0
chr8	22673552	22673664	RNA9471	112	22	7.953007942970387e-05	1.470025017624721e-05	1.0	196428.57142857142
chr8	22673943	22674068	RNA9472	125	25	0.016695589128503337	1.469590006308863e-05	0.96	200000.0
chr8	22674048	22674173	RNA9473	125	26	1.4132245968746642e-05	0.0	1.0	208000.0
chr8	22674112	22674224	RNA9474	112	23	1.4697486735907315e-05	0.0	1.0	205357.14285714284
chr8	22674122	22674234	RNA9475	112	22	1.803809523566225e-05	0.0	1.0	196428.57142857142
chr8	23123157	23123249	RNA9476	92	17	2.9406400084120418e-05	1.4708900380355772e-05	1.0	184782.60869565216
chr8	23123711	23123823	RNA9477	112	31	7.5865355029236525e-06	0.0	1.0	276785.7142857143
chr8	23123904	23124016	RNA9478	112	23	0.00014827010320162207	1.469549988541985e-05	1.0	205357.14285714284
chr8	23124203	23124315	RNA9479	111	18	5.0099277662714785e-06	0.0	1.0	162162.16216216216
chr8	23125987	23126112	RNA9480	125	15	1.0787399999874954e-05	0.0	1.0	120000.0
chr8	23127011	23127136	RNA9481	125	34	0.00210528688135395	0.0	0.9705882352941176	272000.0
chr8	23127465	23127577	RNA9482	112	29	4.410334459579599e-05	1.4696400285174605e-05	1.0	258928.57142857145
chr8	23129151	23129288	RNA9483	137	27	0.037036493737441896	0.0	0.9629629629629629	197080.29197080294
chr8	23129263	23129375	RNA9484	112	25	2.0578523872241572e-05	0.0	1.0	223214.28571428574
chr8	23129814	23129939	RNA9485	125	27	0.00013506208415492115	0.0	1.0	216000.0
chr8	23164832	23164944	RNA9486	112	32	0.00018280950064308553	1.4698099676024867e-05	1.0	285714.2857142857
chr8	23170521	23170633	RNA9487	112	21	8.895284662727528e-05	1.4710600225953384e-05	1.0	187500.0
chr8	23180685	23180821	RNA9488	136	18	0.00014455677198080697	1.4695950085297227e-05	1.0	132352.9411764706
chr8	23231919	23232031	RNA9489	112	22	3.5451872008701205e-05	7.353350156336092e-06	1.0	196428.57142857142
chr8	23262747	23262859	RNA9490	112	20	0.015399097682347929	0.0	0.95	178571.42857142858
chr8	23264857	23264993	RNA9491	136	23	1.1504121847911334e-05	0.0	1.0	169117.64705882355
chr8	23265729	23265865	RNA9492	136	23	1.597454794808673e-05	0.0	1.0	169117.64705882355
chr8	23499155	23499291	RNA9493	135	25	0.020681881007985795	0.0	0.96	185185.18518518517
chr8	23503239	23503375	RNA9494	134	0				0.0
chr8	23504575	23504711	RNA9495	136	18	6.861576710232271e-05	1.469984999857843e-05	1.0	132352.9411764706
chr8	23580227	23580339	RNA9496	112	18	0.0018738109429755731	0.0	1.0	160714.28571428574
chr8	23580431	23580543	RNA9497	112	21	0.02779838068714265	1.4700300198455809e-05	0.9523809523809523	187500.0
chr8	23580644	23580769	RNA9498	125	25	0.002805887157774118	0.0	0.96	200000.0
chr8	24942084	24942220	RNA9499	133	30	4.855545636624897e-05	7.367049875028897e-06	1.0	225563.9097744361
chr8	24957928	24958024	RNA9500	96	20	1.3962894990982022e-05	1.469744984206045e-05	1.0	208333.33333333334
chr8	24959237	24959415	RNA9501	178	29	0.01242359563425923	0.0	0.9655172413793104	162921.34831460676
chr8	24960703	24960774	RNA9502	71	21	8.399142816848498e-06	0.0	1.0	295774.6478873239
chr8	26254352	26254448	RNA9503	96	20	1.25384349757951e-05	0.0	1.0	208333.33333333334
chr8	26254547	26254645	RNA9504	98	13	7.916361657687678e-06	0.0	1.0	132653.0612244898
chr8	26274593	26274664	RNA9505	71	10	0.00013962657631053777	0.0	1.0	140845.0704225352
chr8	26281990	26282219	RNA9506	229	43	0.0008594384167567034	1.4698500308440998e-05	1.0	187772.92576419213
chr8	26282530	26282626	RNA9507	96	20	0.050004409434995976	0.0	0.95	208333.33333333334
chr8	26287667	26287763	RNA9508	96	13	0.0006316296073167033	0.0	1.0	135416.66666666666
chr8	26372861	26372957	RNA9509	96	22	1.9414527328492312e-05	1.4698749964736635e-05	1.0	229166.66666666666
chr8	26373629	26373725	RNA9510	96	16	2.573071270716971e-05	1.470200004405342e-05	1.0	166666.66666666666
chr8	26374634	26374705	RNA9511	71	13	0.07696381092339905	1.471539962949464e-05	0.9230769230769231	183098.5915492958
chr8	26375007	26375103	RNA9512	96	18	6.53404453664229e-06	0.0	1.0	187500.0
chr8	26375562	26375633	RNA9513	71	13	0.0001435828681468726	0.0	1.0	183098.5915492958
chr8	26659035	26659106	RNA9514	71	16	4.134261899934669e-05	1.4702250155096408e-05	1.0	225352.11267605633
chr8	26659051	26659122	RNA9515	71	12	4.287269234736676e-05	1.4699199709866662e-05	1.0	169014.08450704225
chr8	26659570	26659641	RNA9516	71	13	4.522892385676431e-06	0.0	1.0	183098.5915492958
chr8	27002238	27002330	RNA9517	92	16	0.06250091858152018	0.0	0.9375	173913.04347826086
chr8	27107938	27108075	RNA9518	137	39	0.015952786336735393	0.0	0.9487179487179487	284671.5328467153
chr8	27211425	27211654	RNA9519	229	44	1.1698984115519894e-05	0.0	1.0	192139.7379912664
chr8	27277237	27277466	RNA9520	229	32	1.1559043599614454e-05	0.0	1.0	139737.99126637555
chr8	27280328	27280557	RNA9521	227	46	0.0018026305998595788	0.0	0.9782608695652174	202643.1718061674
chr8	27459406	27459502	RNA9522	96	18	0.06320523629488484	0.0	0.8888888888888888	187500.0
chr8	27459408	27459637	RNA9523	229	47	0.048173942954874406	0.0	0.9148936170212766	205240.17467248908
chr8	27459456	27459685	RNA9524	229	44	0.06264966022837887	1.4696599919261644e-05	0.8863636363636364	192139.7379912664
chr8	27459521	27459750	RNA9525	229	42	0.038610799205950265	1.4694850051455433e-05	0.9285714285714286	183406.11353711793
chr8	27459610	27459681	RNA9526	71	8	0.06156591384603871	1.4696599919261644e-05	0.875	112676.05633802817
chr8	27867232	27867357	RNA9527	125	16	1.4700512338091365e-05	0.0	1.0	128000.0
chr8	27997268	27997405	RNA9528	137	22	0.0018332528242023108	0.0	1.0	160583.9416058394
chr8	28086509	28086621	RNA9529	112	23	1.8536690929420634e-05	1.4699399798701052e-05	1.0	205357.14285714284
chr8	28086561	28086673	RNA9530	112	30	2.842032630117502e-05	1.4698300219606608e-05	1.0	267857.14285714284
chr8	28086959	28087096	RNA9531	137	17	2.4230165496080947e-05	0.0	1.0	124087.59124087592
chr8	28088774	28088911	RNA9532	137	0				0.0
chr8	28246288	28246425	RNA9533	137	26	0.0005580436169251526	1.4696999642183075e-05	1.0	189781.02189781022
chr8	28247972	28248109	RNA9534	137	20	0.05191517095918243	0.0	0.95	145985.401459854
chr8	28248070	28248207	RNA9535	136	32	0.0012191575401629886	1.6648300061206104e-05	1.0	235294.11764705883
chr8	28248421	28248557	RNA9536	136	23	1.4702691378652892e-05	0.0	1.0	169117.64705882355
chr8	28248761	28248990	RNA9537	229	53	0.01889892227188953	0.0	0.9811320754716981	231441.0480349345
chr8	29264249	29264386	RNA9538	137	18	3.347877165853557e-05	0.0	1.0	131386.8613138686
chr8	29264838	29264936	RNA9539	98	21	0.00013506515053796577	0.0	1.0	214285.71428571426
chr8	30036493	30036591	RNA9540	98	18	1.7149850161023606e-05	1.4698299764859257e-05	1.0	183673.46938775512
chr8	30037362	30037460	RNA9541	98	22	0.04546390093640763	1.4699199709866662e-05	0.9545454545454546	224489.79591836734
chr8	30037588	30037686	RNA9542	98	19	0.00013619503409388319	1.4696400285174605e-05	1.0	193877.55102040817
chr8	31198117	31198213	RNA9543	96	22	4.143092788084318e-05	1.4698950053571025e-05	1.0	229166.66666666666
chr8	31206951	31207022	RNA9544	71	8	0.00013128312230036878	7.604349775647279e-06	1.0	112676.05633802817
chr8	31634160	31634389	RNA9545	211	44	2.934939971055041e-05	0.0	1.0	208530.80568720377
chr8	32922616	32922753	RNA9546	137	20	1.690604026407507e-05	0.0	1.0	145985.401459854
chr8	34916104	34916222	RNA9547	118	24	8.576054104499539e-06	1.4696599919261644e-05	1.0	203389.83050847458
chr8	35843518	35843606	RNA9548	88	21	3.2909256896386074e-05	0.0	1.0	238636.36363636365
chr8	38892947	38893082	RNA9549	135	30	8.819856581491574e-06	0.0	1.0	222222.22222222222
chr8	38894134	38894252	RNA9550	118	15	1.5677286501153384e-05	0.0	1.0	127118.6440677966
chr8	39106136	39106254	RNA9551	118	28	4.726717829076474e-06	0.0	1.0	237288.13559322036
chr8	39106780	39106898	RNA9552	118	16	7.349812563006708e-06	0.0	1.0	135593.22033898305
chr8	39106854	39106972	RNA9553	118	13	7.914469279057812e-06	0.0	1.0	110169.49152542373
chr8	39106870	39106958	RNA9554	88	9	6.532644470603878e-06	0.0	1.0	102272.72727272728
chr8	40215758	40215876	RNA9555	118	25	0.00012581871065776726	1.4696400285174605e-05	1.0	211864.40677966102
chr8	40216335	40216453	RNA9556	118	17	0.017531386671929366	0.0	0.9411764705882353	144067.7966101695
chr8	40222320	40222438	RNA9557	118	24	0.04168198586243458	7.347549853875535e-06	0.9583333333333334	203389.83050847458
chr8	40367207	40367295	RNA9558	88	19	8.00686302682152e-06	0.0	1.0	215909.0909090909
chr8	40527601	40527689	RNA9559	88	19	0.05264086371574339	1.4698999621032272e-05	0.9473684210526315	215909.0909090909
chr8	40529330	40529418	RNA9560	88	14	1.8899564111045897e-05	7.348200142587302e-06	1.0	159090.9090909091
chr8	40897858	40897946	RNA9561	88	12	8.328895705744499e-05	0.0	1.0	136363.63636363635
chr8	40898925	40899013	RNA9562	88	19	2.1663626476330186e-05	1.4698500308440998e-05	1.0	215909.0909090909
chr8	40953691	40953809	RNA9563	118	18	0.008795334610466747	1.469744984206045e-05	0.9444444444444444	152542.37288135593
chr8	41002708	41002796	RNA9564	88	14	1.785294963545831e-05	1.4698549875902245e-05	1.0	159090.9090909091
chr8	41900504	41900592	RNA9565	67	18	0.0023507581084534724	3.847449988825247e-05	1.0	268656.7164179105
chr8	41924327	41924462	RNA9566	135	27	3.2668988852589994e-05	0.0	1.0	200000.0
chr8	41924584	41924719	RNA9567	135	24	5.145681620887658e-05	1.470179995521903e-05	1.0	177777.77777777778
chr8	41927731	41927866	RNA9568	134	24	1.7946483543101292e-05	0.0	1.0	179104.4776119403
chr8	41928296	41928431	RNA9569	135	16	1.102671240005293e-05	1.4698749964736637e-05	1.0	118518.51851851853
chr8	43202924	43203059	RNA9570	135	17	1.815741121818599e-05	0.0	1.0	125925.92592592591
chr8	43205337	43205472	RNA9571	135	31	9.956219312903891e-06	0.0	1.0	229629.62962962964
chr8	43209717	43209879	RNA9572	162	29	2.737136834058689e-05	0.0	1.0	179012.34567901233
chr8	43289775	43289910	RNA9573	135	0				0.0
chr8	43725014	43725117	RNA9574	103	0				0.0
chr8	43973055	43973190	RNA9575	0	0				
chr8	43980817	43980935	RNA9576	0	0				
chr8	46953248	46953410	RNA9577	162	41	1.1830299981960246e-05	0.0	1.0	253086.41975308643
chr8	46962706	46962868	RNA9578	162	25	1.2346788316789066e-05	0.0	1.0	154320.98765432098
chr8	46965528	46965690	RNA9579	162	0				0.0
chr8	46969777	46969939	RNA9580	162	0				0.0
chr8	47981607	47981769	RNA9581	162	12	0.0003000368819812068	7.37570007913746e-06	1.0	74074.07407407407
chr8	47983219	47983381	RNA9582	162	24	0.00013486060038303137	1.4714350072608795e-05	1.0	148148.14814814815
chr8	47987689	47987792	RNA9583	103	10	0.09969133891763704	1.4696150174131617e-05	0.9	97087.3786407767
chr8	48087907	48088069	RNA9584	162	38	0.026346350468405652	1.469744984206045e-05	0.9736842105263158	234567.9012345679
chr8	48168860	48168995	RNA9585	135	29	0.03450708749287827	1.4699399798701052e-05	0.9655172413793104	214814.81481481483
chr8	48340922	48341025	RNA9586	103	21	0.001093134689264317	1.4696799553348685e-05	1.0	203883.49514563105
chr8	48345055	48345158	RNA9587	90	20	0.0006976910200592028	0.0	1.0	222222.22222222222
chr8	48345849	48345952	RNA9588	103	23	7.094423942717427e-05	0.0	1.0	223300.97087378643
chr8	48837043	48837144	RNA9589	101	26	0.0769711350803146	1.4697699953103438e-05	0.9230769230769231	257425.74257425743
chr8	48849090	48849193	RNA9590	103	12	2.449369162604292e-05	1.4697199731017465e-05	1.0	116504.85436893204
chr8	48850327	48850430	RNA9591	103	32	2.4346021945116524e-05	1.469569997425424e-05	1.0	310679.6116504854
chr8	48857212	48857315	RNA9592	102	19	2.4200095044518122e-05	1.4803799786022864e-05	1.0	186274.50980392157
chr8	48979606	48979768	RNA9593	162	32	1.6078246829916672e-05	0.0	1.0	197530.86419753084
chr8	49790763	49790866	RNA9594	103	0				0.0
chr8	52027963	52028057	RNA9595	94	20	0.10000881836003828	7.347950031544315e-06	0.9	212765.95744680852
chr8	52619356	52619457	RNA9596	101	24	1.2295304145482078e-05	1.4743399788130773e-05	1.0	237623.7623762376
chr8	52976559	52976721	RNA9597	159	32	0.01939926171272077	7.351849944825517e-06	0.96875	201257.86163522015
chr8	53659428	53659529	RNA9598	101	24	1.5309537426825653e-05	1.469549988541985e-05	1.0	237623.7623762376
chr8	53714561	53714664	RNA9599	103	15	0.06668822479314258	1.4698500308440998e-05	0.9333333333333333	145631.06796116504
chr8	53714680	53714781	RNA9600	101	7	1.4699157223471307e-05	0.0	1.0	69306.93069306931
chr8	53715402	53715503	RNA9601	101	20	5.880066073586166e-05	1.4696400285174605e-05	1.0	198019.80198019804
chr8	54149752	54149853	RNA9602	101	18	0.055549981866382346	1.4708949947817018e-05	0.9444444444444444	178217.82178217822
chr8	54150008	54150109	RNA9603	101	18	0.05560620484346954	0.0	0.9444444444444444	178217.82178217822
chr8	54151536	54151637	RNA9604	101	16	0.00010575184080607385	1.4698100130772218e-05	1.0	158415.84158415842
chr8	54508735	54508836	RNA9605	101	19	0.0347893066664734	1.4697199731017465e-05	0.8947368421052632	188118.81188118813
chr8	56058391	56058485	RNA9606	94	13	5.6559077235690965e-06	0.0	1.0	138297.87234042553
chr8	56865398	56865492	RNA9607	87	16	0.00017411443900527393	0.0	1.0	183908.0459770115
chr8	56952805	56952899	RNA9608	94	19	0.006468763110158182	1.4698999621032272e-05	0.9473684210526315	202127.65957446807
chr8	56957728	56957822	RNA9609	94	16	2.6648768425726248e-05	1.4706299680256052e-05	1.0	170212.7659574468
chr8	57056786	57056880	RNA9610	94	0				0.0
chr8	57059387	57059481	RNA9611	94	0				0.0
chr8	57107268	57107362	RNA9612	94	0				0.0
chr8	57990967	57991061	RNA9613	94	17	9.51229412748944e-06	0.0	1.0	180851.06382978725
chr8	58797681	58797782	RNA9614	101	23	0.03482636112608895	1.4703699889651034e-05	0.9565217391304348	227722.77227722772
chr8	61027883	61028017	RNA9615	134	32	1.4700665843745142e-05	0.0	1.0	238805.97014925373
chr8	61715664	61715758	RNA9616	94	22	2.5430141249665714e-05	7.349899988184916e-06	1.0	234042.55319148937
chr8	62101698	62101863	RNA9617	165	30	0.0013903574239520823	0.0	1.0	181818.18181818182
chr8	65029214	65029348	RNA9618	134	25	1.0597695982141589e-05	0.0	1.0	186567.1641791045
chr8	65892340	65892474	RNA9619	134	24	7.29112495037033e-05	0.0	1.0	179104.4776119403
chr8	65977884	65978049	RNA9620	161	46	0.08814884922863396	1.4702849966852227e-05	0.8913043478260869	285714.2857142857
chr8	65978686	65978820	RNA9621	134	20	0.040096173017582254	0.0	0.95	149253.73134328358
chr8	65978999	65979133	RNA9622	134	43	0.023484946755541927	1.4700700376124589e-05	0.9767441860465116	320895.5223880597
chr8	66103019	66103153	RNA9623	134	23	0.0020384100361021014	1.4696799553348685e-05	1.0	171641.79104477612
chr8	66104048	66104182	RNA9624	134	29	0.0016190070511019517	0.0	1.0	216417.91044776118
chr8	66178493	66178627	RNA9625	134	34	1.16752118414939e-05	0.0	1.0	253731.3432835821
chr8	66178611	66178776	RNA9626	165	28	3.3597382525835826e-05	7.349699899350526e-06	1.0	169696.9696969697
chr8	66178655	66178820	RNA9627	165	24	1.3475575012002328e-05	0.0	1.0	145454.54545454544
chr8	66178763	66178928	RNA9628	165	21	6.65033351521854e-05	0.0	1.0	127272.72727272726
chr8	67749061	67749226	RNA9629	165	22	0.00020978333135313133	1.4697900041937828e-05	1.0	133333.33333333334
chr8	67756859	67756993	RNA9630	134	39	0.06691312357125775	1.4847800230199937e-05	0.8461538461538461	291044.776119403
chr8	67761838	67762003	RNA9631	165	32	0.00039431875998729873	0.0	1.0	193939.39393939395
chr8	67768855	67769020	RNA9632	165	38	0.026289484974097974	1.469764993089484e-05	0.9736842105263158	230303.0303030303
chr8	68259631	68259796	RNA9633	165	26	0.03847623998854033	1.4698300219606608e-05	0.9615384615384616	157575.75757575757
chr8	68301195	68301292	RNA9634	97	17	1.3833405907515793e-05	1.4696799553348685e-05	1.0	175257.7319587629
chr8	70561581	70561715	RNA9635	134	17	6.052699973224662e-06	0.0	1.0	126865.67164179105
chr8	71798730	71798895	RNA9636	162	34	1.9294844097363612e-05	1.470694996896782e-05	1.0	209876.54320987655
chr8	72298689	72298786	RNA9637	96	16	1.655304993164452e-05	1.4704399745824048e-05	1.0	166666.66666666666
chr8	72536894	72536991	RNA9638	97	35	0.00010150283976274893	1.4712800293636974e-05	1.0	360824.74226804124
chr8	72537049	72537146	RNA9639	97	0				0.0
chr8	72537066	72537163	RNA9640	97	0				0.0
chr8	73387920	73388017	RNA9641	97	17	5.879960109963716e-05	0.0	1.0	175257.7319587629
chr8	73390014	73390111	RNA9642	97	22	4.476283662700315e-05	1.4698300219606608e-05	1.0	226804.12371134022
chr8	73416115	73416212	RNA9643	97	21	3.2902446946531256e-05	1.4698500308440998e-05	1.0	216494.84536082475
chr8	74234161	74234258	RNA9644	97	21	3.989628458795841e-05	0.0	1.0	216494.84536082475
chr8	76896660	76896760	RNA9645	100	18	0.009929356215151423	7.348399776674342e-06	0.9444444444444444	180000.0
chr8	77269275	77269372	RNA9646	97	27	2.247084093040462e-05	0.0	1.0	278350.5154639175
chr8	80526853	80526953	RNA9647	100	21	0.0021193225256432593	1.470200004405342e-05	1.0	210000.0
chr8	81332336	81332436	RNA9648	100	26	0.000492448116277113	1.469724975322606e-05	1.0	260000.0
chr8	81332494	81332594	RNA9649	100	20	0.0013380653431795458	7.350150099227904e-06	1.0	200000.0
chr8	81333286	81333386	RNA9650	100	24	0.034093706588957204	7.347950031544315e-06	0.9583333333333334	240000.0
chr8	81631749	81631849	RNA9651	100	24	0.00020153859429683467	7.348849976551719e-06	1.0	240000.0
chr8	81631830	81631930	RNA9652	100	16	1.5618112513493543e-05	1.4698749964736635e-05	1.0	160000.0
chr8	81633197	81633297	RNA9653	100	23	0.006322982146427772	1.4697199731017465e-05	0.9565217391304348	230000.0
chr8	81769456	81769556	RNA9654	100	22	1.962829579000849e-05	0.0	1.0	220000.0
chr8	86324851	86324951	RNA9655	100	24	6.125379172772227e-06	0.0	1.0	240000.0
chr8	93024474	93024557	RNA9656	82	18	1.1431522125349147e-05	0.0	1.0	219512.19512195123
chr8	93194830	93195000	RNA9657	170	53	0.01774470514012034	0.0	0.9811320754716981	311764.70588235295
chr8	96620686	96620769	RNA9658	83	15	2.841922711619456e-05	0.0	1.0	180722.89156626505
chr8	97563189	97563359	RNA9659	170	27	0.00024116215313874678	1.4698500308440998e-05	1.0	158823.5294117647
chr8	97567896	97567979	RNA9660	83	10	2.205320970460889e-05	1.4702899989060825e-05	1.0	120481.92771084337
chr8	97606255	97606338	RNA9661	83	11	1.9295608911879693e-05	1.4819600437476764e-05	1.0	132530.12048192773
chr8	97606485	97606568	RNA9662	83	17	3.4598705871544283e-06	0.0	1.0	204819.27710843371
chr8	98093893	98093976	RNA9663	83	11	1.46986091997612e-05	1.469549988541985e-05	1.0	132530.12048192773
chr8	98093934	98094017	RNA9664	83	14	2.5199314547663073e-05	1.4696349808218656e-05	1.0	168674.6987951807
chr8	98094029	98094199	RNA9665	170	21	1.680094781130386e-05	0.0	1.0	123529.41176470589
chr8	98094848	98094931	RNA9666	83	13	5.656083102131473e-05	1.47024002217222e-05	1.0	156626.5060240964
chr8	98171393	98171563	RNA9667	170	22	0.00014172097669209042	7.349699899350526e-06	1.0	129411.76470588236
chr8	98172183	98172266	RNA9668	83	16	0.0001791445525896003	1.4698549875902245e-05	1.0	192771.0843373494
chr8	98173910	98174080	RNA9669	170	35	9.241139949673588e-06	0.0	1.0	205882.35294117645
chr8	99895357	99895527	RNA9670	170	29	0.03448884050688101	0.0	0.9655172413793104	170588.23529411765
chr8	99909234	99909404	RNA9671	170	34	1.2544649882114607e-05	0.0	1.0	200000.0
chr8	99912485	99912655	RNA9672	170	29	2.331602084675974e-05	1.4698100130772218e-05	1.0	170588.23529411765
chr8	99916251	99916421	RNA9673	170	34	2.9395946913766645e-05	0.0	1.0	200000.0
chr8	102203631	102203714	RNA9674	83	11	0.011988159650668824	1.4696799553348685e-05	0.9090909090909091	132530.12048192773
chr8	103075733	103075920	RNA9675	187	53	0.01128953956320504	1.4700700376124589e-05	0.9622641509433962	283422.45989304816
chr8	103080000	103080170	RNA9676	170	18	1.143155547348774e-05	0.0	1.0	105882.35294117648
chr8	104485143	104485286	RNA9677	143	20	2.8666565094675514e-05	1.4697900041937828e-05	1.0	139860.13986013987
chr8	106954377	106954564	RNA9678	185	40	1.5195524929366524e-05	1.4703100077895215e-05	1.0	216216.21621621624
chr8	107607113	107607300	RNA9679	187	0				0.0
chr8	107630057	107630244	RNA9680	187	33	2.8081775560688182e-05	0.0	1.0	176470.58823529413
chr8	107632327	107632514	RNA9681	187	34	0.06074375964456467	1.470005008741282e-05	0.9117647058823529	181818.18181818182
chr8	108086269	108086456	RNA9682	187	37	0.02705724152491638	1.470159986638464e-05	0.972972972972973	197860.96256684494
chr8	108089858	108090045	RNA9683	187	23	0.00014191687347666883	1.4698999621032272e-05	1.0	122994.65240641712
chr8	108142889	108143076	RNA9684	178	44	9.588204662494466e-05	0.0	1.0	247191.01123595505
chr8	108491107	108491250	RNA9685	143	25	0.0031528378376606252	1.4699399798701052e-05	0.96	174825.17482517482
chr8	109124117	109124304	RNA9686	187	34	2.036645882446174e-05	0.0	1.0	181818.18181818182
chr8	109240123	109240266	RNA9687	143	35	0.0032100843535642592	0.0	0.9714285714285714	244755.24475524476
chr8	109349105	109349248	RNA9688	143	22	0.023833890759182064	0.0	0.9090909090909091	153846.15384615384
chr8	109355556	109355699	RNA9689	143	21	1.5402814218152254e-05	0.0	1.0	146853.14685314684
chr8	109537271	109537414	RNA9690	143	17	0.0006761779205750218	1.4698100130772218e-05	1.0	118881.11888111888
chr8	109537495	109537638	RNA9691	143	29	0.005188195916161929	0.0	0.9655172413793104	202797.20279720277
chr8	109720066	109720209	RNA9692	143	22	0.01100849907069542	1.4719300452270543e-05	0.9545454545454546	153846.15384615384
chr8	110647616	110647759	RNA9693	143	24	8.575062490005317e-06	0.0	1.0	167832.16783216785
chr8	112210271	112210458	RNA9694	187	39	0.0201012913294807	0.0	0.9743589743589743	208556.1497326203
chr8	113755444	113755587	RNA9695	143	20	0.014589506372703901	7.348599865508732e-06	0.95	139860.13986013987
chr8	118952081	118952231	RNA9696	150	0				0.0
chr8	120056940	120057119	RNA9697	179	24	2.266279098724232e-05	0.0	1.0	134078.2122905028
chr8	123155011	123155161	RNA9698	150	22	0.011186189502950583	7.347749942709925e-06	0.9545454545454546	146666.66666666666
chr8	123767298	123767448	RNA9699	150	18	0.004411314452227088	0.0	0.9444444444444444	120000.0
chr8	123767452	123767602	RNA9700	150	25	1.1758600048779045e-05	1.4694600395159796e-05	1.0	166666.66666666666
chr8	123767939	123768089	RNA9701	150	32	0.09267786959517822	1.4697199731017465e-05	0.90625	213333.33333333334
chr8	123817243	123817393	RNA9702	150	21	0.0001596274795312072	1.4699399798701052e-05	1.0	140000.0
chr8	123826535	123826685	RNA9703	150	17	0.05883823112376644	1.470200004405342e-05	0.9411764705882353	113333.33333333333
chr8	123835773	123835923	RNA9704	150	18	0.055571074432918977	1.4701099644298664e-05	0.9444444444444444	120000.0
chr8	123837718	123837897	RNA9705	179	35	1.5122280014369493e-05	0.0	1.0	195530.72625698324
chr8	124962592	124962742	RNA9706	150	33	0.030316839609275285	0.0	0.9696969696969697	220000.0
chr8	124962794	124962973	RNA9707	179	32	1.1942831378063637e-05	0.0	1.0	178770.9497206704
chr8	124979407	124979586	RNA9708	179	37	0.030620576338937885	1.4715000361320564e-05	0.9459459459459459	206703.91061452514
chr8	124981452	124981631	RNA9709	179	38	0.0018039283011986322	0.0	1.0	212290.5027932961
chr8	125023070	125023249	RNA9710	179	37	0.027640069579664105	1.4713199561811052e-05	0.972972972972973	206703.91061452514
chr8	125023526	125023705	RNA9711	179	24	4.288008350764964e-06	0.0	1.0	134078.2122905028
chr8	125023669	125023848	RNA9712	179	34	0.00034017133513021503	1.469744984206045e-05	1.0	189944.1340782123
chr8	126394603	126394782	RNA9713	179	32	2.2055465450420666e-05	0.0	1.0	178770.9497206704
chr8	127743451	127743577	RNA9714	126	29	9.630962079518453e-06	0.0	1.0	230158.73015873015
chr8	128269074	128269224	RNA9715	150	21	8.609639726706103e-05	1.4697199731017465e-05	1.0	140000.0
chr8	130018127	130018306	RNA9716	179	34	2.5085779564983724e-05	0.0	1.0	189944.1340782123
chr8	130772624	130772750	RNA9717	126	24	0.016063005931187035	0.0	0.9583333333333334	190476.19047619047
chr8	131565984	131566110	RNA9718	126	27	0.02512909667496354	0.0	0.9629629629629629	214285.71428571426
chr8	131573037	131573163	RNA9719	125	19	2.5869500524618503e-05	0.0	1.0	152000.0
chr8	131586083	131586209	RNA9720	126	34	8.367651368162603e-05	0.0	1.0	269841.2698412698
chr8	132019319	132019445	RNA9721	126	23	0.0434884901435947	1.4699399798701052e-05	0.9565217391304348	182539.68253968252
chr8	132021656	132021782	RNA9722	126	29	4.004335234389129e-05	0.0	1.0	230158.73015873015
chr8	132111791	132111917	RNA9723	126	0				0.0
chr8	132866312	132866438	RNA9724	126	19	5.41959467993461e-06	0.0	1.0	150793.6507936508
chr8	133167212	133167310	RNA9725	98	23	0.043496797995509914	1.470200004405342e-05	0.9565217391304348	234693.8775510204
chr8	133171725	133171823	RNA9726	98	25	3.880778440361261e-05	1.4698500308440998e-05	1.0	255102.04081632654
chr8	133172486	133172584	RNA9727	98	18	8.165322166557113e-06	0.0	1.0	183673.46938775512
chr8	134078291	134078389	RNA9728	98	18	1.0615622260148586e-05	0.0	1.0	183673.46938775512
chr8	135854124	135854250	RNA9729	126	24	0.04169852199909959	0.0	0.9583333333333334	190476.19047619047
chr8	137227373	137227521	RNA9730	148	22	0.04547392661396026	1.4700500287290199e-05	0.9545454545454546	148648.64864864867
chr8	138083850	138084048	RNA9731	198	58	0.027461677556010693	0.0	0.9655172413793104	292929.29292929295
chr8	138091917	138092015	RNA9732	98	0				0.0
chr8	138924522	138924582	RNA9733	60	16	3.950710072330571e-05	1.4698749964736635e-05	1.0	266666.6666666667
chr8	139198714	139198790	RNA9734	76	16	8.635841345493216e-05	1.4701150121254614e-05	1.0	210526.31578947368
chr8	139525742	139525865	RNA9735	123	37	0.005696893492190483	1.4697699953103438e-05	0.972972972972973	300813.00813008135
chr8	140643999	140644124	RNA9736	125	23	0.05298394235172093	0.0	0.9130434782608695	184000.0
chr8	141311004	141311152	RNA9737	146	26	0.038483164803542774	0.0	0.9615384615384616	178082.19178082192
chr8	141877512	141877710	RNA9738	198	44	0.06470358151428131	1.4696149719384266e-05	0.9090909090909091	222222.22222222222
chr8	142111120	142111268	RNA9739	148	35	2.0155877090084168e-05	1.4696799553348685e-05	1.0	236486.48648648648
chr8	142111191	142111339	RNA9740	148	34	1.901918540170071e-05	1.4696599919261644e-05	1.0	229729.72972972973
chr8	142111205	142111353	RNA9741	148	28	1.627122151148519e-05	1.4695749996462837e-05	1.0	189189.1891891892
chr8	142412628	142412776	RNA9742	148	39	0.021898991538877543	1.4699399798701052e-05	0.9743589743589743	263513.5135135135
chr8	142425421	142425569	RNA9743	148	21	0.0004907806470717841	0.0	1.0	141891.8918918919
chr8	142548825	142548973	RNA9744	148	27	4.574069606422401e-05	1.4699399798701052e-05	1.0	182432.43243243243
chr8	142813972	142814170	RNA9745	198	36	0.00028908981287005926	1.4698349787067855e-05	1.0	181818.18181818182
chr8	142829202	142829400	RNA9746	198	0				0.0
chr8	142833773	142833971	RNA9747	198	0				0.0
chr8	142919307	142919367	RNA9748	60	20	0.050110093374814826	0.0	0.9	333333.3333333333
chr8	142919819	142920017	RNA9749	198	39	0.0002201268412253016	0.0	1.0	196969.69696969696
chr8	142936238	142936314	RNA9750	76	0				0.0
chr8	142937925	142938123	RNA9751	198	0				0.0
chr8	142954335	142954533	RNA9752	198	50	0.020041446987233934	1.4696799553348685e-05	0.98	252525.25252525255
chr8	143384736	143384884	RNA9753	148	29	3.650940712320217e-05	1.4700700376124589e-05	1.0	195945.94594594595
chr8	143550061	143550184	RNA9754	123	27	4.576027745147051e-05	1.4698999621032272e-05	1.0	219512.19512195123
chr8	143610378	143610556	RNA9755	178	85	0.014772896201932723	1.4699399798701052e-05	0.9764705882352941	477528.08988764044
chr8	143611446	143611624	RNA9756	178	43	1.4360765055961438e-05	0.0	1.0	241573.03370786516
chr8	143683839	143683964	RNA9757	125	33	7.037238063992061e-05	0.0	1.0	264000.0
chr8	143683892	143684070	RNA9758	178	45	7.218370020483039e-05	0.0	1.0	252808.98876404495
chr8	143684056	143684116	RNA9759	60	6	0.00014942275311113337	7.349699899350526e-06	1.0	100000.0
chr8	143684168	143684228	RNA9760	60	11	0.0909852605436754	0.0	0.9090909090909091	183333.3333333333
chr8	143684369	143684429	RNA9761	60	25	2.1022756118325943e-05	0.0	1.0	416666.6666666667
chr8	144047226	144047322	RNA9762	96	24	5.026717481844512e-05	1.4697699953103438e-05	1.0	250000.0
chr8	144047403	144047491	RNA9763	88	19	3.337393072318686e-05	1.4704200111737007e-05	1.0	215909.0909090909
chr8	144047404	144047492	RNA9764	88	19	3.337393072318686e-05	1.4704200111737007e-05	1.0	215909.0909090909
chr8	144047820	144047916	RNA9765	96	19	0.05269425137516679	1.4700300198455809e-05	0.9473684210526315	197916.66666666666
chr8	144047992	144048190	RNA9766	198	39	0.0001515771530485332	0.0	1.0	196969.69696969696
chr8	144048114	144048202	RNA9767	88	12	0.0003529259880300088	7.351649855991127e-06	1.0	136363.63636363635
chr8	144048583	144048659	RNA9768	76	24	1.7761370637948858e-05	7.348849976551719e-06	1.0	315789.4736842105
chr8	144048809	144048869	RNA9769	60	24	0.041682590675198604	1.4697050119139021e-05	0.9583333333333334	400000.0
chr8	144048940	144049036	RNA9770	96	19	1.702018964447449e-05	0.0	1.0	197916.66666666666
chr8	144048980	144049040	RNA9771	60	16	2.021142518060486e-05	0.0	1.0	266666.6666666667
chr8	144097843	144097903	RNA9772	60	12	9.797925107098612e-06	7.347950031544315e-06	1.0	200000.0
chr8	144134344	144134420	RNA9773	76	17	1.3832617589608108e-05	0.0	1.0	223684.2105263158
chr8	144147820	144147896	RNA9774	76	0				0.0
chr8	144326978	144327054	RNA9775	76	24	0.005505156399938941	0.0	0.9583333333333334	315789.4736842105
chr8	144327357	144327433	RNA9776	76	21	1.6098133441807958e-05	0.0	1.0	276315.7894736842
chr8	144327488	144327567	RNA9777	79	16	0.046710471917549505	0.0	0.875	202531.64556962025
chr8	144329533	144329612	RNA9778	79	14	0.0005552820797285051	1.4696599919261644e-05	1.0	177215.18987341772
chr8	144361286	144361362	RNA9779	76	20	8.821590063234907e-06	7.349899988184916e-06	1.0	263157.8947368421
chr8	144417173	144417296	RNA9780	123	31	0.00013429138242269055	1.4703299711982254e-05	1.0	252032.52032520322
chr8	144417860	144417939	RNA9781	79	20	1.1762285066652111e-05	0.0	1.0	253164.55696202532
chr8	144447636	144447777	RNA9782	141	129	0.007291723290955107	1.4703299711982254e-05	0.9767441860465116	914893.6170212766
chr8	144447805	144447946	RNA9783	141	47	0.0004544161482122072	1.4699399798701052e-05	1.0	333333.3333333333
chr8	144508710	144508851	RNA9784	141	32	3.0792747025995044e-05	1.4705250123370206e-05	1.0	226950.35460992908
chr8	144508726	144508849	RNA9785	123	29	3.245569671983549e-05	1.470460028940579e-05	1.0	235772.35772357724
chr8	144508861	144508984	RNA9786	123	36	9.39463345477836e-06	0.0	1.0	292682.9268292683
chr8	144685871	144685967	RNA9787	96	0				0.0
chr8	144686653	144686776	RNA9788	123	0				0.0
chr8	144687072	144687197	RNA9789	14	0				0.0
chr8	144688596	144688774	RNA9790	178	32	0.0005009700631148896	7.348849976551719e-06	1.0	179775.2808988764
chr8	144690836	144690959	RNA9791	123	0				0.0
chr8	144690866	144690989	RNA9792	123	0				0.0
chr8	144717983	144718071	RNA9793	88	22	0.04549195888594939	1.4698749964736635e-05	0.9545454545454546	250000.0
chr8	144787446	144787571	RNA9794	125	29	0.00044438067636982085	1.469549988541985e-05	1.0	232000.0
chr8	144798729	144798854	RNA9795	125	53	0.0002501962940958967	0.0	1.0	424000.0
chr8	144827308	144827433	RNA9796	125	33	9.668095095328066e-05	1.4698999621032272e-05	1.0	264000.0
chr8	144827316	144827441	RNA9797	125	32	9.970223067057067e-05	1.4700950032420224e-05	1.0	256000.0
chr8	144911450	144911575	RNA9798	125	20	0.049399563410588584	1.469785001972923e-05	0.95	160000.0
chr8	144969930	144969990	RNA9799	60	9	0.11111111082229602	0.0	0.8888888888888888	150000.0
chr8	145066840	145066900	RNA9800	58	0				0.0
chr8	145069881	145070004	RNA9801	123	0				0.0
chr8	145073543	145073619	RNA9802	2	0				0.0
chr8	145074474	145074615	RNA9803	141	0				0.0
chr8	145075747	145075872	RNA9804	125	0				0.0
chr8	145076276	145076424	RNA9805	0	0				
chr9	838935	839013	RNA9806	78	32	0.006005444264474136	1.4699599887535442e-05	0.96875	410256.41025641025
chr9	1977031	1977205	RNA9807	174	45	9.413520909017605e-05	0.0	1.0	258620.68965517243
chr9	3695075	3695246	RNA9808	171	54	0.01894242320823077	1.4700049632665468e-05	0.9629629629629629	315789.4736842105
chr9	4669686	4669857	RNA9809	171	43	1.0255995390293425e-05	0.0	1.0	251461.98830409357
chr9	4672737	4672815	RNA9810	77	17	0.038340660631708	0.0	0.9411764705882353	220779.22077922078
chr9	4708554	4708725	RNA9811	171	60	0.03331152462048218	1.4697699953103438e-05	0.9666666666666667	350877.1929824561
chr9	4708960	4709131	RNA9812	171	37	0.05415538116166489	0.0	0.9459459459459459	216374.26900584795
chr9	4774286	4774457	RNA9813	171	46	0.021863769050330873	0.0	0.9782608695652174	269005.84795321635
chr9	4774493	4774664	RNA9814	171	43	3.9337648918574026e-05	1.4698100130772218e-05	1.0	251461.98830409357
chr9	4792765	4792936	RNA9815	171	100	3.6025962026539975e-05	0.0	1.0	584795.3216374269
chr9	5449969	5450047	RNA9816	78	21	7.633137162580092e-05	0.0	1.0	269230.7692307692
chr9	5450022	5450100	RNA9817	78	13	2.940980735169576e-05	0.0	1.0	166666.66666666666
chr9	5450160	5450238	RNA9818	78	20	4.484769497139152e-05	0.0	1.0	256410.25641025638
chr9	5880839	5880917	RNA9819	78	24	2.3900595882268074e-05	1.4704599834658438e-05	1.0	307692.3076923077
chr9	5880897	5880975	RNA9820	78	15	1.0785646736621857e-05	0.0	1.0	192307.6923076923
chr9	5881168	5881339	RNA9821	171	40	0.0002799592943802011	0.0	1.0	233918.12865497076
chr9	5881260	5881434	RNA9822	174	41	0.018429132254135675	0.0	0.975609756097561	235632.18390804596
chr9	5881282	5881360	RNA9823	78	18	2.286576682308541e-05	0.0	1.0	230769.23076923078
chr9	6358143	6358317	RNA9824	174	47	4.5033022461015e-05	0.0	1.0	270114.9425287356
chr9	6360005	6360179	RNA9825	174	40	0.023786854437184955	1.4701350210089004e-05	0.95	229885.05747126436
chr9	6362943	6363117	RNA9826	173	36	0.0017986188271505712	1.4703550277772592e-05	0.9722222222222222	208092.48554913295
chr9	7175686	7175764	RNA9827	78	18	0.012629911312413037	0.0	0.9444444444444444	230769.23076923078
chr9	7175723	7175897	RNA9828	174	33	0.0004632509477563501	1.4698100130772218e-05	1.0	189655.1724137931
chr9	7175846	7176020	RNA9829	174	26	1.356614218541206e-05	0.0	1.0	149425.28735632185
chr9	7277823	7277997	RNA9830	174	52	0.007903769653257064	0.0	0.9807692307692307	298850.5747126437
chr9	8165403	8165577	RNA9831	174	47	0.00966509116441305	1.4698500308440998e-05	0.9787234042553191	270114.9425287356
chr9	8312790	8312961	RNA9832	171	52	0.0016199464395098236	1.470929964852985e-05	1.0	304093.56725146197
chr9	10774352	10774430	RNA9833	78	16	6.06501050128803e-05	0.0	1.0	205128.20512820513
chr9	12169107	12169306	RNA9834	199	0				0.0
chr9	12170579	12170662	RNA9835	83	0				0.0
chr9	12173430	12173604	RNA9836	174	0				0.0
chr9	14525315	14525455	RNA9837	140	36	0.02778717001120236	0.0	0.9722222222222222	257142.85714285713
chr9	15379469	15379668	RNA9838	199	56	0.01185516562174728	0.0	0.9821428571428571	281407.03517587937
chr9	16062164	16062363	RNA9839	199	42	0.0034715129810960867	1.4698749964736635e-05	0.9761904761904762	211055.27638190956
chr9	16062222	16062421	RNA9840	199	42	0.027279286850119072	1.4699199709866662e-05	0.9523809523809523	211055.27638190956
chr9	16062438	16062637	RNA9841	199	42	1.5401445255388055e-05	0.0	1.0	211055.27638190956
chr9	16062504	16062587	RNA9842	83	15	1.078491992908918e-05	0.0	1.0	180722.89156626505
chr9	16871680	16871879	RNA9843	199	74	1.807407700136682e-05	0.0	1.0	371859.2964824121
chr9	16878367	16878566	RNA9844	197	32	0.05989029717022731	1.4784600352868438e-05	0.9375	162436.54822335026
chr9	16880092	16880291	RNA9845	191	45	0.024143816688815094	1.4697699953103438e-05	0.9555555555555556	235602.0942408377
chr9	17123147	17123230	RNA9846	83	19	3.019154691604306e-05	0.0	1.0	228915.6626506024
chr9	17125473	17125556	RNA9847	83	17	1.2165946988234817e-05	0.0	1.0	204819.27710843371
chr9	17128350	17128433	RNA9848	83	15	0.000440942669107845	0.0	1.0	180722.89156626505
chr9	17504360	17504443	RNA9849	83	19	0.06227764418058781	1.4698500308440998e-05	0.8947368421052632	228915.6626506024
chr9	17504401	17504484	RNA9850	83	17	1.2106305856671979e-05	1.4697699953103438e-05	1.0	204819.27710843371
chr9	17577324	17577407	RNA9851	83	18	9.553833852906817e-05	1.4696349808218656e-05	1.0	216867.4698795181
chr9	17871555	17871754	RNA9852	199	27	0.021534073958820146	0.0	0.9629629629629629	135678.391959799
chr9	17888123	17888263	RNA9853	140	32	0.03127296691579317	1.4696599919261644e-05	0.96875	228571.42857142855
chr9	17898927	17899010	RNA9854	62	16	0.06355346558746078	2.7242400392424315e-05	0.9375	258064.51612903224
chr9	19408572	19408712	RNA9855	140	32	2.7568256143693225e-05	7.348200142587302e-06	1.0	228571.42857142855
chr9	19408669	19408809	RNA9856	140	49	4.679889225742637e-05	0.0	1.0	350000.0
chr9	19408759	19408899	RNA9857	140	60	0.017074534854176204	1.4696150174131617e-05	0.9833333333333333	428571.4285714285
chr9	19457467	19457607	RNA9858	140	42	0.006396920216394347	0.0	0.9761904761904762	300000.0
chr9	19459447	19459587	RNA9859	140	29	5.727582510157814e-05	0.0	1.0	207142.85714285716
chr9	19466773	19466913	RNA9860	140	35	0.0019504281424035787	1.4696400285174605e-05	1.0	250000.0
chr9	20314983	20315071	RNA9861	88	0				0.0
chr9	20338540	20338680	RNA9862	140	34	0.029433456844210868	0.0	0.9705882352941176	242857.14285714284
chr9	21802206	21802405	RNA9863	199	60	0.0002682978712376384	0.0	1.0	301507.53768844216
chr9	21802352	21802435	RNA9864	83	20	1.0309619892723276e-05	0.0	1.0	240963.85542168675
chr9	23485284	23485372	RNA9865	88	18	0.00019107091136699728	7.349050065386109e-06	1.0	204545.45454545456
chr9	23849947	23850087	RNA9866	140	19	2.0130789906893976e-05	1.4698500308440998e-05	1.0	135714.2857142857
chr9	23849972	23850060	RNA9867	88	10	2.794866068142871e-05	1.4701550298923394e-05	1.0	113636.36363636363
chr9	23850046	23850134	RNA9868	88	24	1.419185010339182e-05	7.358150014624698e-06	1.0	272727.2727272727
chr9	23850066	23850154	RNA9869	88	28	1.42645358534667e-05	0.0	1.0	318181.8181818182
chr9	24596004	24596092	RNA9870	88	16	0.06250735344991654	1.4699200164614012e-05	0.9375	181818.18181818182
chr9	24618190	24618278	RNA9871	88	22	1.8042795462939846e-05	0.0	1.0	250000.0
chr9	24641277	24641365	RNA9872	88	33	0.010536780958070507	1.4698100130772218e-05	0.9696969696969697	375000.0
chr9	25621897	25621985	RNA9873	88	16	2.5752455826474412e-05	7.353599812631728e-06	1.0	181818.18181818182
chr9	29314515	29314720	RNA9874	205	39	1.0559051308798818e-05	0.0	1.0	190243.9024390244
chr9	29532568	29532656	RNA9875	88	17	0.01486009042561336	1.4698999621032272e-05	0.8823529411764706	193181.81818181818
chr9	29636169	29636260	RNA9876	91	24	2.4504129290409756e-05	1.4699199709866662e-05	1.0	263736.26373626373
chr9	32829944	32830100	RNA9877	156	21	0.0005538330294820309	1.4707599802932236e-05	1.0	134615.3846153846
chr9	32832856	32832922	RNA9878	66	15	0.004241102936308983	1.47024002217222e-05	1.0	227272.72727272726
chr9	32833476	32833608	RNA9879	132	23	1.0226239203842377e-05	0.0	1.0	174242.42424242425
chr9	32834656	32834768	RNA9880	112	21	5.388780439152927e-05	1.4696400285174605e-05	1.0	187500.0
chr9	33080716	33080921	RNA9881	205	37	0.02803359018078579	1.4698100130772218e-05	0.972972972972973	180487.80487804877
chr9	33082159	33082364	RNA9882	205	40	0.09998786305252452	0.0	0.9	195121.9512195122
chr9	33082472	33082677	RNA9883	205	44	4.278808412229738e-05	0.0	1.0	214634.1463414634
chr9	33094630	33094835	RNA9884	205	40	0.0018841675996327423	0.0	0.975	195121.9512195122
chr9	34143718	34143923	RNA9885	205	27	0.07408884642575651	1.4743600331712514e-05	0.9259259259259259	131707.31707317074
chr9	34144848	34145053	RNA9886	203	25	7.664347693207335e-05	1.4719300452270543e-05	1.0	123152.70935960591
chr9	34145692	34145783	RNA9887	91	0				0.0
chr9	34178239	34178444	RNA9888	205	35	1.1347494312628571e-05	0.0	1.0	170731.7073170732
chr9	34534402	34534493	RNA9889	91	11	2.6730546199938874e-06	0.0	1.0	120879.12087912088
chr9	34630552	34630643	RNA9890	91	12	6.495034138727552e-05	1.4706100046169013e-05	1.0	131868.13186813187
chr9	34630560	34630672	RNA9891	112	14	5.672170690169115e-05	1.4699599887535442e-05	1.0	125000.0
chr9	34630773	34630864	RNA9892	91	15	0.023462311500588827	1.4699799976369832e-05	0.9333333333333333	164835.16483516482
chr9	34637943	34638009	RNA9893	66	24	0.013458170795540047	1.4696999642183075e-05	0.9166666666666666	363636.36363636365
chr9	34637995	34638127	RNA9894	132	31	0.001213339036175669	1.4694200217491016e-05	1.0	234848.48484848486
chr9	35405803	35405894	RNA9895	91	22	2.538938133511428e-05	1.4698500308440998e-05	1.0	241758.24175824175
chr9	35405927	35406018	RNA9896	91	15	5.585703487061151e-05	1.4698100130772218e-05	1.0	164835.16483516482
chr9	35406352	35406443	RNA9897	91	19	1.0832005500560626e-05	0.0	1.0	208791.2087912088
chr9	35406445	35406650	RNA9898	205	31	2.6554696682240818e-05	1.4698999621032272e-05	1.0	151219.51219512193
chr9	35565470	35565602	RNA9899	132	21	0.00032344469785866185	0.0	1.0	159090.9090909091
chr9	35566061	35566193	RNA9900	132	25	0.04003233068418922	1.4694200217491016e-05	0.96	189393.9393939394
chr9	35566160	35566251	RNA9901	91	13	0.07695020879992416	1.469590006308863e-05	0.9230769230769231	142857.14285714284
chr9	35566202	35566314	RNA9902	112	16	0.00041797064625370695	0.0	1.0	142857.14285714284
chr9	35566332	35566398	RNA9903	66	13	3.391610719587745e-05	1.4696799553348685e-05	1.0	196969.69696969696
chr9	35566519	35566585	RNA9904	66	9	1.633204455073509e-05	0.0	1.0	136363.63636363635
chr9	35566883	35567015	RNA9905	132	23	9.588817429966698e-06	0.0	1.0	174242.42424242425
chr9	35566958	35567024	RNA9906	66	11	5.346609131348404e-06	0.0	1.0	166666.66666666666
chr9	35568198	35568310	RNA9907	112	23	7.77995643622252e-06	0.0	1.0	205357.14285714284
chr9	35568338	35568450	RNA9908	112	19	1.3166342030576503e-05	1.4708900380355772e-05	1.0	169642.85714285716
chr9	36015254	36015366	RNA9909	112	29	3.9026280037109565e-05	1.4696799553348685e-05	1.0	258928.57142857145
chr9	36015294	36015426	RNA9910	132	34	3.761009167431943e-05	7.347950031544315e-06	1.0	257575.75757575757
chr9	36015609	36015675	RNA9911	66	15	0.009465812585161378	0.0	0.9333333333333333	227272.72727272726
chr9	36017267	36017333	RNA9912	66	5	1.1759879998862744e-05	1.4698999621032272e-05	1.0	75757.57575757576
chr9	36019002	36019134	RNA9913	132	22	0.00017971613591394632	1.4698349787067855e-05	1.0	166666.66666666666
chr9	36019332	36019444	RNA9914	112	26	1.696134212089878e-05	1.4697900041937828e-05	1.0	232142.85714285716
chr9	36019338	36019470	RNA9915	132	29	2.5344045094115945e-05	1.469509970775107e-05	1.0	219696.9696969697
chr9	36019739	36019851	RNA9916	112	23	0.03403491016006623	1.4731400369782932e-05	0.9565217391304348	205357.14285714284
chr9	36019942	36020008	RNA9917	66	17	0.007914130456918102	1.531770067231264e-05	0.9411764705882353	257575.75757575757
chr9	37034317	37034383	RNA9918	66	35	1.345458853653062e-05	0.0	1.0	530303.0303030303
chr9	37034741	37034873	RNA9919	132	32	0.00015481326579446864	0.0	1.0	242424.24242424243
chr9	37035003	37035159	RNA9920	156	30	2.057843024279662e-05	0.0	1.0	192307.6923076923
chr9	37035250	37035362	RNA9921	112	29	1.1154717334458037e-05	0.0	1.0	258928.57142857145
chr9	37066502	37066658	RNA9922	156	23	0.038605764203250306	0.0	0.9565217391304348	147435.89743589744
chr9	37068479	37068635	RNA9923	156	42	5.144407090743038e-05	0.0	1.0	269230.7692307692
chr9	37069220	37069376	RNA9924	156	33	0.0001524959649087181	0.0	1.0	211538.46153846153
chr9	38069265	38069421	RNA9925	147	0				0.0
chr9	38069397	38069553	RNA9926	156	0				0.0
chr9	38069544	38069700	RNA9927	156	25	1.0583652001514565e-05	1.469590006308863e-05	1.0	160256.41025641028
chr9	38645539	38645695	RNA9928	156	38	0.013108946637801539	1.4794200069445651e-05	0.9473684210526315	243589.7435897436
chr9	39047688	39047893	RNA9929	205	41	0.002452137984419537	0.0	0.975609756097561	200000.0
chr9	39637308	39637399	RNA9930	0	0				
chr9	40462290	40462356	RNA9931	0	0				
chr9	40462401	40462513	RNA9932	0	0				
chr9	40463330	40463462	RNA9933	0	0				
chr9	42721426	42721582	RNA9934	0	23	0.029302374741983713	0.0	0.9565217391304348	
chr9	76913622	76913684	RNA9935	62	14	4.514711463342508e-05	1.4699400253448403e-05	1.0	225806.4516129032
chr9	80215050	80215112	RNA9936	62	8	5.512762527359882e-06	0.0	1.0	129032.25806451612
chr9	81435098	81435160	RNA9937	62	0				0.0
chr9	81442508	81442570	RNA9938	62	9	0.00011361751300378331	1.5011900359240826e-05	1.0	145161.29032258067
chr9	81454298	81454360	RNA9939	62	10	0.0019438898884800424	7.348200142587302e-06	1.0	161290.32258064515
chr9	81859355	81859417	RNA9940	62	14	8.403735656819273e-06	0.0	1.0	225806.4516129032
chr9	81860047	81860109	RNA9941	62	17	0.000426358070666642	0.0	1.0	274193.54838709673
chr9	81860483	81860545	RNA9942	62	12	1.960344957296911e-05	1.4698950053571025e-05	1.0	193548.38709677418
chr9	82792260	82792322	RNA9943	62	12	1.4728007954545319e-05	0.0	1.0	193548.38709677418
chr9	82972547	82972734	RNA9944	187	35	0.00010460242904497595	1.4701099644298664e-05	1.0	187165.77540106952
chr9	85749112	85749174	RNA9945	62	9	0.0015804681234941084	0.0	1.0	145161.29032258067
chr9	86947829	86948016	RNA9946	187	58	1.636769834946866e-05	0.0	1.0	310160.4278074867
chr9	87043735	87043828	RNA9947	93	0				0.0
chr9	87477979	87478166	RNA9948	187	34	0.05358801627910317	1.4698100130772218e-05	0.9117647058823529	181818.18181818182
chr9	87480134	87480321	RNA9949	187	44	0.045383296595756205	1.4696800008096034e-05	0.9318181818181818	235294.11764705883
chr9	87487843	87488030	RNA9950	187	39	1.7337464249484006e-05	0.0	1.0	208556.1497326203
chr9	88016959	88017146	RNA9951	187	0				0.0
chr9	88017246	88017433	RNA9952	187	0				0.0
chr9	88089431	88089618	RNA9953	187	35	0.07634108535876294	0.0	0.9142857142857143	187165.77540106952
chr9	88977131	88977318	RNA9954	187	37	0.028228184846050896	1.4696799553348685e-05	0.972972972972973	197860.96256684494
chr9	89621640	89621731	RNA9955	91	23	1.2781617363582673e-05	0.0	1.0	252747.25274725273
chr9	90925354	90925447	RNA9956	93	19	0.00010677554253465695	0.0	1.0	204301.07526881722
chr9	91959909	91960002	RNA9957	93	20	0.0024853693062595987	1.4696599919261644e-05	1.0	215053.76344086023
chr9	91960712	91960805	RNA9958	93	12	0.002546673281813121	0.0	1.0	129032.25806451612
chr9	91961775	91961868	RNA9959	93	26	0.0008050563815581431	7.378549980785465e-06	1.0	279569.89247311826
chr9	92119860	92119953	RNA9960	93	0				0.0
chr9	92127744	92127837	RNA9961	93	0				0.0
chr9	92191345	92191438	RNA9962	93	0				0.0
chr9	92942371	92942527	RNA9963	156	24	1.7764470461162504e-05	1.4698349787067855e-05	1.0	153846.15384615384
chr9	92946728	92946915	RNA9964	187	31	1.1400912773106323e-05	0.0	1.0	165775.4010695187
chr9	93113305	93113398	RNA9965	93	15	8.821826728914554e-06	0.0	1.0	161290.32258064515
chr9	93685809	93685900	RNA9966	91	18	1.2255855381226866e-05	0.0	1.0	197802.1978021978
chr9	94115652	94115743	RNA9967	75	0				0.0
chr9	94115849	94115940	RNA9968	0	0				
chr9	94115887	94115978	RNA9969	0	0				
chr9	94647946	94648037	RNA9970	91	26	0.0006253966317112472	0.0	1.0	285714.2857142857
chr9	94650676	94650767	RNA9971	91	28	2.047718930952894e-05	1.4697050119139021e-05	1.0	307692.3076923077
chr9	94674161	94674252	RNA9972	91	16	3.9566974010080456e-05	0.0	1.0	175824.17582417585
chr9	95430566	95430630	RNA9973	64	8	2.3899400048312872e-05	1.4703950000694022e-05	1.0	125000.0
chr9	95581030	95581121	RNA9974	91	13	3.8453123404623034e-05	1.469590006308863e-05	1.0	142857.14285714284
chr9	96886986	96887142	RNA9975	156	0				0.0
chr9	97027275	97027368	RNA9976	93	0				0.0
chr9	97857009	97857165	RNA9977	156	30	3.7235076949092895e-05	0.0	1.0	192307.6923076923
chr9	97873165	97873321	RNA9978	156	0				0.0
chr9	97873675	97873831	RNA9979	156	28	0.036136903973621355	7.348200142587302e-06	0.9642857142857143	179487.1794871795
chr9	98881812	98881968	RNA9980	156	38	0.0016093256737421075	1.4696599919261644e-05	0.9736842105263158	243589.7435897436
chr9	98885864	98886020	RNA9981	156	24	0.00010412441777892058	7.348849976551719e-06	1.0	153846.15384615384
chr9	98887594	98887750	RNA9982	156	24	0.011488519036295948	7.348599865508732e-06	0.9583333333333334	153846.15384615384
chr9	98904152	98904216	RNA9983	64	10	0.10001031519095704	1.469984999857843e-05	0.9	156250.0
chr9	98930573	98930729	RNA9984	156	30	0.03335636150310771	1.4697199731017465e-05	0.9666666666666667	192307.6923076923
chr9	99380964	99381055	RNA9985	91	18	8.166805602943188e-06	0.0	1.0	197802.1978021978
chr9	99383099	99383163	RNA9986	64	16	0.06251102261177266	0.0	0.9375	250000.0
chr9	99385641	99385705	RNA9987	64	9	4.90142226933838e-06	0.0	1.0	140625.0
chr9	99386051	99386115	RNA9988	64	22	6.681168253470043e-06	0.0	1.0	343750.0
chr9	99976028	99976092	RNA9989	64	15	1.078472014341969e-05	0.0	1.0	234375.0
chr9	99977910	99977974	RNA9990	64	17	1.2109023426835228e-05	0.0	1.0	265625.0
chr9	99978491	99978555	RNA9991	64	11	1.33650907876224e-06	0.0	1.0	171875.0
chr9	100695974	100696157	RNA9992	183	0				0.0
chr9	100923411	100923475	RNA9993	64	14	2.625257911858943e-05	7.349250154220499e-06	1.0	218750.0
chr9	102172304	102172460	RNA9994	156	43	1.9486932403596335e-05	1.4696400285174605e-05	1.0	275641.0256410257
chr9	103718286	103718364	RNA9995	78	0				0.0
chr9	104760730	104760913	RNA9996	183	31	1.6631626221489645e-05	0.0	1.0	169398.90710382513
chr9	104959925	104959989	RNA9997	64	13	0.07692759931538043	0.0	0.9230769230769231	203125.0
chr9	105441550	105441614	RNA9998	64	14	2.0997285251464097e-06	0.0	1.0	218750.0
chr9	105442693	105442876	RNA9999	183	29	3.143463157451177e-05	0.0	1.0	158469.94535519127
chr9	105446302	105446485	RNA10000	181	29	0.024024240173871624	0.0	0.9655172413793104	160220.99447513814
chr9	105447607	105447790	RNA10001	183	52	0.006159874467672262	1.4695950085297227e-05	0.9807692307692307	284153.00546448084
chr9	106741426	106741609	RNA10002	183	22	0.045462566531940946	0.0	0.9545454545454546	120218.57923497267
chr9	106744171	106744354	RNA10003	183	0				0.0
chr9	106745305	106745383	RNA10004	78	15	8.235106682452839e-05	1.4705399735248648e-05	1.0	192307.6923076923
chr9	106747200	106747383	RNA10005	183	27	8.714148087299825e-06	0.0	1.0	147540.98360655736
chr9	106804211	106804394	RNA10006	183	31	0.004171284345947269	0.0	0.967741935483871	169398.90710382513
chr9	106861491	106861569	RNA10007	78	13	7.913261540054988e-06	0.0	1.0	166666.66666666666
chr9	106861915	106861993	RNA10008	78	9	0.07071779935328475	1.4698100130772218e-05	0.8888888888888888	115384.61538461539
chr9	106862911	106862989	RNA10009	78	15	5.8827466394480625e-06	0.0	1.0	192307.6923076923
chr9	107332752	107332830	RNA10010	78	21	7.557755630148473e-05	0.0	1.0	269230.7692307692
chr9	107334275	107334353	RNA10011	78	18	2.1229316896804214e-05	0.0	1.0	230769.23076923078
chr9	107359192	107359270	RNA10012	78	17	6.91751173529637e-06	0.0	1.0	217948.71794871794
chr9	108704371	108704513	RNA10013	142	30	1.4704829967134477e-05	7.348599865508732e-06	1.0	211267.6056338028
chr9	108704698	108704883	RNA10014	185	40	0.003369445488465313	7.347300197579898e-06	0.975	216216.21621621624
chr9	108704794	108705009	RNA10015	215	38	0.026325458807796645	0.0	0.9736842105263158	176744.18604651163
chr9	108705766	108705844	RNA10016	78	22	0.04547191691352221	1.4697900041937828e-05	0.9545454545454546	282051.28205128206
chr9	108706159	108706237	RNA10017	78	23	1.4062130147699189e-05	0.0	1.0	294871.7948717949
chr9	109340925	109340994	RNA10018	69	17	5.287796369991395e-05	1.4764899788133334e-05	1.0	246376.8115942029
chr9	109341527	109341591	RNA10019	64	27	0.014173593587420997	1.4697199731017465e-05	0.9629629629629629	421875.0
chr9	109342210	109342343	RNA10020	133	32	0.013331556285606888	0.0	0.9375	240601.50375939847
chr9	109359294	109359358	RNA10021	64	12	1.837839158724282e-05	1.4699600342282793e-05	1.0	187500.0
chr9	109359436	109359500	RNA10022	64	8	0.010978157452314	1.4717350040882593e-05	0.875	125000.0
chr9	109360006	109360070	RNA10023	64	15	0.06667451829998754	0.0	0.9333333333333333	234375.0
chr9	110345191	110345255	RNA10024	64	12	5.8873574592627e-05	1.475609997214633e-05	1.0	187500.0
chr9	110349513	110349577	RNA10025	64	17	0.028319710196121693	1.4704999557579868e-05	0.9411764705882353	265625.0
chr9	110355463	110355527	RNA10026	64	17	0.0056765636241727655	0.0	0.9411764705882353	265625.0
chr9	110663097	110663280	RNA10027	183	35	1.6902371784712007e-05	0.0	1.0	191256.8306010929
chr9	111299837	111299901	RNA10028	64	6	7.37115002872694e-06	0.0	1.0	93750.0
chr9	112004413	112004491	RNA10029	78	10	3.234151108698844e-05	0.0	1.0	128205.12820512819
chr9	112213397	112213475	RNA10030	78	12	7.350458266349354e-06	0.0	1.0	153846.15384615384
chr9	112216961	112217146	RNA10031	185	33	0.060647484379539186	1.4697699953103438e-05	0.9393939393939394	178378.3783783784
chr9	112355750	112355965	RNA10032	214	0				0.0
chr9	112355779	112355921	RNA10033	142	0				0.0
chr9	112895483	112895561	RNA10034	78	16	0.038610533141309133	0.0	0.9375	205128.20512820513
chr9	112905174	112905307	RNA10035	133	40	0.039968625090887146	0.0	0.95	300751.8796992481
chr9	112910199	112910341	RNA10036	142	21	0.04674760744364903	0.0	0.9523809523809523	147887.32394366196
chr9	112914390	112914575	RNA10037	185	28	0.0006902696351452059	1.4699399798701052e-05	1.0	151351.35135135136
chr9	112916451	112916593	RNA10038	142	27	0.03670782187048273	1.4697699953103438e-05	0.9259259259259259	190140.84507042254
chr9	112918255	112918397	RNA10039	142	22	0.0003353844683095415	1.4698100130772218e-05	1.0	154929.57746478872
chr9	112923305	112923383	RNA10040	78	10	1.1760159759433009e-05	0.0	1.0	128205.12820512819
chr9	112927453	112927531	RNA10041	78	11	2.5389973085442008e-05	1.4697699953103438e-05	1.0	141025.64102564103
chr9	112930109	112930294	RNA10042	185	39	0.00014735548726699542	0.0	1.0	210810.81081081083
chr9	112931562	112931747	RNA10043	184	45	0.02237489604714129	0.0	0.9777777777777777	244565.21739130435
chr9	113344981	113345059	RNA10044	78	9	0.000285790972662241	1.4699399798701052e-05	1.0	115384.61538461539
chr9	113345340	113345418	RNA10045	78	14	1.04982213347928e-05	0.0	1.0	179487.1794871795
chr9	113345817	113346002	RNA10046	185	33	0.061885525980676794	0.0	0.9090909090909091	178378.3783783784
chr9	113346352	113346567	RNA10047	215	37	0.025109712955560783	1.4697199731017465e-05	0.918918918918919	172093.02325581395
chr9	113346612	113346797	RNA10048	185	38	0.0058519566082156265	0.0	0.9473684210526315	205405.4054054054
chr9	113346907	113347122	RNA10049	204	40	0.03630788558300537	1.5208699551294558e-05	0.95	196078.431372549
chr9	113346947	113347016	RNA10050	63	6	4.841136615140722e-05	1.624430024094181e-05	1.0	95238.09523809524
chr9	113347059	113347274	RNA10051	215	50	0.04902807170235974	1.4706300135003403e-05	0.94	232558.13953488372
chr9	113347452	113347530	RNA10052	78	14	0.010623893287044784	1.470849974793964e-05	0.9285714285714286	179487.1794871795
chr9	113347546	113347688	RNA10053	142	23	0.06612374738672414	0.0	0.9130434782608695	161971.8309859155
chr9	113347968	113348110	RNA10054	142	27	3.0487366226826457e-05	1.4698500308440998e-05	1.0	190140.84507042254
chr9	113402276	113402461	RNA10055	183	34	0.0011653695960108764	1.4703950000694022e-05	1.0	185792.34972677598
chr9	113403007	113403222	RNA10056	215	32	0.010858527543888382	1.4696150174131617e-05	0.96875	148837.2093023256
chr9	113406599	113406814	RNA10057	215	0				0.0
chr9	113439481	113439623	RNA10058	0	0				
chr9	113443862	113444077	RNA10059	215	45	0.022242810284559607	1.469590006308863e-05	0.9777777777777777	209302.32558139536
chr9	114057369	114057502	RNA10060	133	30	5.5379284094663355e-05	0.0	1.0	225563.9097744361
chr9	114058114	114058192	RNA10061	78	26	2.039583841905924e-05	1.473815018471214e-05	1.0	333333.3333333333
chr9	114081120	114081253	RNA10062	133	21	5.742767483579034e-05	0.0	1.0	157894.73684210525
chr9	114081475	114081608	RNA10063	133	17	0.00128388534026538	1.471759969717823e-05	1.0	127819.54887218044
chr9	114105162	114105295	RNA10064	133	18	8.986544495807417e-06	0.0	1.0	135338.34586466165
chr9	114111875	114112008	RNA10065	133	31	9.013983828715996e-06	0.0	1.0	233082.70676691728
chr9	114154742	114154875	RNA10066	133	15	0.0006106822547129235	0.0	1.0	112781.95488721805
chr9	114154812	114154881	RNA10067	69	7	0.0012812872602288251	0.0	1.0	101449.27536231885
chr9	114320226	114320415	RNA10068	189	40	4.644518285203465e-05	0.0	1.0	211640.21164021164
chr9	114320446	114320515	RNA10069	69	12	0.00011349595206410698	0.0	1.0	173913.04347826086
chr9	114322146	114322331	RNA10070	184	51	7.753878194574312e-05	1.4722299965796992e-05	1.0	277173.9130434783
chr9	114322251	114322320	RNA10071	69	19	0.00010375526084028809	1.4710200048284603e-05	1.0	275362.3188405797
chr9	114333325	114333394	RNA10072	69	0				0.0
chr9	114333353	114333422	RNA10073	69	0				0.0
chr9	114333657	114333799	RNA10074	142	0				0.0
chr9	114399790	114399859	RNA10075	69	10	1.6167860394489253e-05	7.348599865508732e-06	1.0	144927.53623188406
chr9	114399841	114400056	RNA10076	215	39	0.011818196326926107	0.0	0.9743589743589743	181395.3488372093
chr9	114739163	114739296	RNA10077	133	26	0.00010456266594561168	7.347749942709925e-06	1.0	195488.72180451127
chr9	114742503	114742567	RNA10078	64	15	0.038602943950354525	1.4700300198455809e-05	0.8666666666666667	234375.0
chr9	114745634	114745703	RNA10079	69	9	0.1387279404061701	1.4700700376124589e-05	0.7777777777777778	130434.78260869565
chr9	116420951	116421104	RNA10080	153	35	6.719391343982092e-06	0.0	1.0	228758.16993464052
chr9	117427117	117427298	RNA10081	181	29	0.013715537648561715	0.0	0.9655172413793104	160220.99447513814
chr9	117428238	117428363	RNA10082	125	30	0.03350872962067417	1.4698500308440998e-05	0.9666666666666667	240000.0
chr9	117676456	117676534	RNA10083	78	22	2.009906331129716e-05	1.4734250271430938e-05	1.0	282051.28205128206
chr9	117677137	117677322	RNA10084	185	34	2.301156190000696e-05	1.475294993724674e-05	1.0	183783.7837837838
chr9	117678167	117678382	RNA10085	215	39	0.02567209228156851	1.4767099855816925e-05	0.9743589743589743	181395.3488372093
chr9	117678771	117678913	RNA10086	142	25	0.02700184371962677	1.4786300198466051e-05	0.96	176056.338028169
chr9	118460970	118461159	RNA10087	189	38	7.740800021182573e-06	0.0	1.0	201058.20105820106
chr9	118463599	118463705	RNA10088	106	24	0.00011704195488467017	0.0	1.0	226415.09433962265
chr9	119097258	119097391	RNA10089	133	24	1.408686682680127e-05	0.0	1.0	180451.12781954886
chr9	119116120	119116309	RNA10090	189	37	3.576211619892033e-05	0.0	1.0	195767.19576719575
chr9	119136088	119136277	RNA10091	189	28	1.3125468090685603e-05	0.0	1.0	148148.14814814815
chr9	119139089	119139278	RNA10092	189	39	3.430174150801095e-05	1.469549988541985e-05	1.0	206349.20634920633
chr9	119144690	119144759	RNA10093	69	11	1.7375236728344384e-05	0.0	1.0	159420.28985507245
chr9	119377343	119377532	RNA10094	189	34	0.029477040251603116	0.0	0.9705882352941176	179894.1798941799
chr9	119394999	119395188	RNA10095	189	45	0.001965075440441267	1.4698100130772218e-05	0.9777777777777777	238095.23809523808
chr9	119400736	119400925	RNA10096	189	45	8.167340072557433e-06	0.0	1.0	238095.23809523808
chr9	120384836	120384989	RNA10097	153	37	0.0184754614637977	0.0	0.972972972972973	241830.06535947713
chr9	120386044	120386233	RNA10098	189	28	5.459875403954806e-05	7.348849976551719e-06	1.0	148148.14814814815
chr9	120386568	120386704	RNA10099	136	29	0.0013210702199071796	0.0	1.0	213235.29411764705
chr9	120750401	120750641	RNA10100	240	30	0.0005306694501693165	7.348399776674342e-06	1.0	125000.0
chr9	121177770	121177923	RNA10101	153	20	2.4252745697591408e-05	7.348849976551719e-06	1.0	130718.95424836602
chr9	121177887	121178012	RNA10102	125	37	0.0007067993140456472	1.4696799553348685e-05	1.0	296000.0
chr9	121177899	121178052	RNA10103	153	41	0.0006503909734663637	1.4696799553348685e-05	1.0	267973.85620915034
chr9	121177918	121178099	RNA10104	181	43	0.0006211657909959596	1.4696799553348685e-05	1.0	237569.06077348065
chr9	121177967	121178120	RNA10105	153	34	0.000754895968250759	1.4696599919261644e-05	1.0	222222.22222222222
chr9	121338047	121338200	RNA10106	153	30	2.2106673441154687e-05	1.4705849935126025e-05	1.0	196078.431372549
chr9	121338306	121338459	RNA10107	153	30	2.0583686394576176e-05	1.4701349755341653e-05	1.0	196078.431372549
chr9	121338381	121338534	RNA10108	153	32	1.4245306090286853e-05	1.470005008741282e-05	1.0	209150.3267973856
chr9	121809181	121809362	RNA10109	181	35	0.008976401283273714	1.4693800039822236e-05	0.9714285714285714	193370.16574585636
chr9	121809908	121810033	RNA10110	125	23	0.0002977884951178595	1.4698999621032272e-05	1.0	184000.0
chr9	121810023	121810204	RNA10111	181	41	0.0003721556532560081	0.0	1.0	226519.3370165746
chr9	121810224	121810405	RNA10112	181	44	0.006067091315489126	1.4702650332765188e-05	0.9772727272727273	243093.92265193368
chr9	121810587	121810712	RNA10113	125	21	2.3102366477745323e-05	1.4698999621032272e-05	1.0	168000.0
chr9	121812434	121812559	RNA10114	125	40	0.00024068039203939206	1.469590006308863e-05	1.0	320000.0
chr9	122336455	122336561	RNA10115	106	16	2.7560356784303155e-05	1.4697900041937828e-05	1.0	150943.3962264151
chr9	122337126	122337279	RNA10116	153	22	2.1377872351213014e-05	1.4696150174131617e-05	1.0	143790.8496732026
chr9	122338372	122338553	RNA10117	181	30	0.033349503890440245	0.0	0.9666666666666667	165745.85635359117
chr9	122338926	122339107	RNA10118	181	43	8.891683666111338e-06	0.0	1.0	237569.06077348065
chr9	122339661	122339759	RNA10119	98	17	1.2105770538790453e-05	1.469549988541985e-05	1.0	173469.38775510204
chr9	122340205	122340330	RNA10120	125	25	0.035742322490659714	1.469549988541985e-05	0.96	200000.0
chr9	122341239	122341364	RNA10121	125	25	1.5880276223468097e-05	1.4697699953103438e-05	1.0	200000.0
chr9	122341732	122341913	RNA10122	181	32	0.03126148332174239	0.0	0.96875	176795.58011049722
chr9	122364685	122364810	RNA10123	125	20	1.102223504858512e-05	0.0	1.0	160000.0
chr9	122398406	122398611	RNA10124	205	0				0.0
chr9	123105492	123105598	RNA10125	106	31	1.3101480685541798e-05	0.0	1.0	292452.8301886792
chr9	123105925	123106031	RNA10126	106	12	1.1024483228538884e-05	1.4697899587190477e-05	1.0	113207.54716981133
chr9	123109213	123109319	RNA10127	106	13	0.06644275496903272	0.0	0.9230769230769231	122641.50943396226
chr9	123268899	123269024	RNA10128	125	29	0.00018702528751449602	0.0	1.0	232000.0
chr9	123270117	123270298	RNA10129	181	39	1.1322335968800009e-05	0.0	1.0	215469.61325966852
chr9	123273204	123273310	RNA10130	106	21	0.04765008687623083	0.0	0.9523809523809523	198113.20754716982
chr9	123279344	123279450	RNA10131	106	20	8.818339938443388e-06	0.0	1.0	188679.24528301888
chr9	123340794	123340889	RNA10132	95	19	2.0899294835734685e-05	0.0	1.0	200000.0
chr9	123355729	123355835	RNA10133	106	0				0.0
chr9	124225427	124225579	RNA10134	152	27	0.008189295785962676	1.471840005251579e-05	0.9629629629629629	177631.57894736843
chr9	124232570	124232779	RNA10135	207	34	9.827254774897382e-05	1.4706699857924832e-05	1.0	164251.20772946862
chr9	124236631	124236767	RNA10136	136	25	0.018596111840561202	1.4698100130772218e-05	0.92	183823.52941176473
chr9	124253376	124253565	RNA10137	189	40	0.0123171080118027	7.348200142587302e-06	0.95	211640.21164021164
chr9	124255769	124255875	RNA10138	104	22	5.502430489782078e-05	1.4816349903412629e-05	1.0	211538.46153846153
chr9	124516093	124516333	RNA10139	240	40	0.02501653613501275	1.4696400285174605e-05	0.975	166666.66666666666
chr9	124516106	124516242	RNA10140	136	23	0.04349231801307209	0.0	0.9565217391304348	169117.64705882355
chr9	124516229	124516365	RNA10141	136	22	1.8041422870076282e-05	1.4699199709866662e-05	1.0	161764.70588235295
chr9	124516240	124516376	RNA10142	136	22	8.820399811652488e-05	1.4699399798701052e-05	1.0	161764.70588235295
chr9	125367268	125367404	RNA10143	136	25	0.03999827130857739	0.0	0.96	183823.52941176473
chr9	125368539	125368675	RNA10144	133	19	2.5715131558071657e-05	1.4713199561811052e-05	1.0	142857.14285714284
chr9	125368763	125368899	RNA10145	133	24	0.021965296836735124	0.0	0.9583333333333334	180451.12781954886
chr9	125380578	125380818	RNA10146	240	53	0.0009396486138424679	0.0	1.0	220833.3333333333
chr9	125389029	125389269	RNA10147	240	46	0.012133149037056324	7.348200142587302e-06	0.9782608695652174	191666.6666666667
chr9	125390195	125390435	RNA10148	240	51	0.011719939956492452	0.0	0.9803921568627451	212500.0
chr9	126026582	126026822	RNA10149	240	57	0.012079752257050767	1.4698500308440998e-05	0.9824561403508771	237500.0
chr9	126026600	126026840	RNA10150	240	53	0.012988935482081734	1.4698500308440998e-05	0.9811320754716981	220833.3333333333
chr9	126057128	126057368	RNA10151	240	55	4.1499583957452025e-05	1.4697199731017465e-05	1.0	229166.66666666666
chr9	126160774	126160839	RNA10152	65	11	4.2758290791500233e-05	1.4698999621032272e-05	1.0	169230.76923076925
chr9	126221099	126221235	RNA10153	136	25	1.2361780100036413e-05	0.0	1.0	183823.52941176473
chr9	126306460	126306665	RNA10154	205	34	1.945306757988499e-05	0.0	1.0	165853.65853658537
chr9	126307067	126307220	RNA10155	153	36	0.00029152978347862893	0.0	1.0	235294.11764705883
chr9	126308422	126308520	RNA10156	98	17	5.190364658226506e-06	0.0	1.0	173469.38775510204
chr9	126907265	126907363	RNA10157	98	15	0.046654476693220204	1.469590006308863e-05	0.9333333333333333	153061.22448979592
chr9	126908689	126908814	RNA10158	125	19	4.022553179981084e-05	1.469590006308863e-05	1.0	152000.0
chr9	126910110	126910208	RNA10159	98	20	1.4700395058753202e-05	1.4698999621032272e-05	1.0	204081.63265306124
chr9	126910899	126911104	RNA10160	197	12	0.08334479449164671	1.506019998487318e-05	0.9166666666666666	60913.705583756346
chr9	126910929	126911027	RNA10161	98	0				0.0
chr9	126911226	126911431	RNA10162	205	36	0.08335048448571393	0.0	0.9166666666666666	175609.75609756095
chr9	126911867	126912072	RNA10163	205	38	0.026324686318491188	0.0	0.9736842105263158	185365.8536585366
chr9	126912316	126912411	RNA10164	95	8	1.4697237475047586e-05	1.4697900041937828e-05	1.0	84210.52631578947
chr9	126912412	126912593	RNA10165	181	31	4.931333924398348e-05	0.0	1.0	171270.7182320442
chr9	126914062	126914302	RNA10166	240	30	2.5036496541962748e-05	1.469785001972923e-05	1.0	125000.0
chr9	127735453	127735605	RNA10167	152	30	6.368563299474772e-06	0.0	1.0	197368.42105263157
chr9	127735571	127735776	RNA10168	205	31	9.008516151938707e-06	0.0	1.0	151219.51219512193
chr9	127735591	127735796	RNA10169	205	29	9.123006936439698e-06	0.0	1.0	141463.41463414632
chr9	127735604	127735702	RNA10170	98	14	1.4697978648265625e-05	1.4696599919261644e-05	1.0	142857.14285714284
chr9	127735621	127735826	RNA10171	205	30	1.2738403499193836e-05	0.0	1.0	146341.46341463414
chr9	127735732	127735830	RNA10172	98	17	1.1239988452870432e-05	0.0	1.0	173469.38775510204
chr9	127735815	127735913	RNA10173	98	21	0.042925065643820356	0.0	0.9523809523809523	214285.71428571426
chr9	127864738	127864890	RNA10174	152	26	1.30228498584561e-05	0.0	1.0	171052.63157894736
chr9	127864757	127864909	RNA10175	152	26	1.2455457496028901e-05	0.0	1.0	171052.63157894736
chr9	127865075	127865227	RNA10176	152	42	1.784866199592372e-05	0.0	1.0	276315.7894736842
chr9	127865155	127865364	RNA10177	209	46	0.0003262360310343304	7.347749942709925e-06	1.0	220095.6937799043
chr9	127865221	127865430	RNA10178	209	42	0.0003727046037272945	7.348200142587302e-06	1.0	200956.93779904305
chr9	127865322	127865531	RNA10179	209	54	0.019937111791275833	1.4696799553348685e-05	0.9814814814814815	258373.20574162682
chr9	127865375	127865470	RNA10180	95	30	0.0013166472833593865	7.347950031544315e-06	1.0	315789.4736842105
chr9	127865428	127865633	RNA10181	205	52	0.02069996708825363	1.4696799553348685e-05	0.9807692307692307	253658.53658536586
chr9	127865494	127865589	RNA10182	95	20	0.04995516714861878	1.4696799553348685e-05	0.95	210526.31578947368
chr9	127865496	127865602	RNA10183	106	24	3.736027019840063e-05	1.4696799553348685e-05	1.0	226415.09433962265
chr9	127865588	127865797	RNA10184	209	37	0.00046756084987931016	0.0	1.0	177033.4928229665
chr9	127865623	127865718	RNA10185	95	18	9.799411297232533e-06	0.0	1.0	189473.68421052632
chr9	127865664	127865762	RNA10186	98	18	0.000919449186666394	1.4697050119139021e-05	1.0	183673.46938775512
chr9	129090600	129090809	RNA10187	209	28	4.6195151883561637e-05	1.469724975322606e-05	1.0	133971.2918660287
chr9	129090602	129090754	RNA10188	152	20	6.099791262385786e-05	1.469724975322606e-05	1.0	131578.94736842104
chr9	129090946	129091041	RNA10189	95	25	1.5875164244786205e-05	1.4698500308440998e-05	1.0	263157.8947368421
chr9	129091268	129091420	RNA10190	152	44	0.02255014049323604	1.4699599887535442e-05	0.9545454545454546	289473.68421052635
chr9	129092774	129092983	RNA10191	206	43	0.006621738803449597	1.4694600395159796e-05	0.9767441860465116	208737.8640776699
chr9	129093308	129093460	RNA10192	152	30	0.008987482922899893	1.4696800008096034e-05	0.9666666666666667	197368.42105263157
chr9	129093771	129093866	RNA10193	95	25	0.028730923796792915	1.4698100130772218e-05	0.96	263157.8947368421
chr9	129093777	129093986	RNA10194	209	57	0.03015055904069684	1.4698500308440998e-05	0.9649122807017544	272727.2727272727
chr9	129093954	129094049	RNA10195	95	20	0.05059982582542942	7.349699899350526e-06	0.95	210526.31578947368
chr9	129316158	129316253	RNA10196	95	17	0.05887281454798699	1.469590006308863e-05	0.9411764705882353	178947.36842105264
chr9	129541793	129541945	RNA10197	152	34	0.007325247265832917	1.4697699953103438e-05	0.9705882352941176	223684.2105263158
chr9	129885905	129886114	RNA10198	209	45	0.0004498075303571447	1.4698500308440998e-05	1.0	215311.00478468902
chr9	129886733	129886798	RNA10199	65	14	2.09990497361465e-05	0.0	1.0	215384.6153846154
chr9	129887011	129887147	RNA10200	136	35	0.0003750331915008585	0.0	1.0	257352.94117647057
chr9	130443033	130443273	RNA10201	237	39	0.009733266916112203	1.4699799976369832e-05	0.9743589743589743	164556.96202531643
chr9	131006443	131006508	RNA10202	65	23	0.043479535121387795	1.4715000361320564e-05	0.9565217391304348	353846.1538461539
chr9	131007956	131008021	RNA10203	65	10	1.3257909722597106e-05	0.0	1.0	153846.15384615384
chr9	131008395	131008460	RNA10204	65	1	0.0	0.0	1.0	15384.615384615385
chr9	131740345	131740410	RNA10205	65	11	5.883366280943392e-05	0.0	1.0	169230.76923076925
chr9	131741138	131741203	RNA10206	65	7	8.398356970116896e-06	0.0	1.0	107692.3076923077
chr9	131741654	131741719	RNA10207	65	13	1.1322046073193913e-05	0.0	1.0	200000.0
chr9	132081409	132081565	RNA10208	156	28	1.8377485600595556e-05	1.4699599887535442e-05	1.0	179487.1794871795
chr9	132083372	132083546	RNA10209	174	34	0.02942560647673364	7.350350188062294e-06	0.9705882352941176	195402.29885057473
chr9	132088305	132088374	RNA10210	69	10	5.601036909865756e-05	7.354250101343496e-06	1.0	144927.53623188406
chr9	132120129	132120267	RNA10211	138	26	2.374623884931593e-05	0.0	1.0	188405.79710144928
chr9	132123791	132123856	RNA10212	65	7	0.0006783569951949051	1.4698500308440998e-05	1.0	107692.3076923077
chr9	132250035	132250131	RNA10213	96	16	2.939776288712337e-05	0.0	1.0	166666.66666666666
chr9	132260920	132261125	RNA10214	205	45	1.4072960059110983e-05	0.0	1.0	219512.19512195123
chr9	132355059	132355157	RNA10215	93	33	6.624158118718063e-05	0.0	1.0	354838.7096774194
chr9	133328636	133328731	RNA10216	95	0				0.0
chr9	133488454	133488606	RNA10217	152	34	0.002969012886269943	1.4700300198455809e-05	0.9705882352941176	223684.2105263158
chr9	133755894	133756103	RNA10218	209	0				0.0
chr9	135931545	135931614	RNA10219	69	23	2.044855642926922e-05	1.4696400285174605e-05	1.0	333333.3333333333
chr9	135932652	135932808	RNA10220	156	40	0.0068906470933598005	1.469549988541985e-05	0.975	256410.25641025638
chr9	136095549	136095723	RNA10221	174	73	0.026863021920253725	1.4732700037711766e-05	0.9726027397260274	419540.22988505743
chr9	136110304	136110442	RNA10222	138	42	3.290514052336397e-05	1.470005008741282e-05	1.0	304347.82608695654
chr9	136114290	136114355	RNA10223	65	19	2.0939336776021106e-05	1.471799987484701e-05	1.0	292307.6923076923
chr9	136182997	136183093	RNA10224	96	16	1.0107431307915249e-05	7.349899988184916e-06	1.0	166666.66666666666
chr9	136861281	136861437	RNA10225	156	43	0.023264019162905793	1.4701099644298664e-05	0.9767441860465116	275641.0256410257
chr9	136861829	136861898	RNA10226	69	21	6.299419163993905e-05	1.4699399798701052e-05	1.0	304347.82608695654
chr9	136932582	136932738	RNA10227	154	33	0.007939024525044113	1.47636001202045e-05	0.9696969696969697	214285.71428571426
chr9	136934676	136934745	RNA10228	69	9	1.4701366429411186e-05	0.0	1.0	130434.78260869565
chr9	136938548	136938704	RNA10229	156	39	2.527777187657384e-05	1.47024002217222e-05	1.0	250000.0
chr9	136944805	136944874	RNA10230	69	23	0.016041467864140384	1.4698500308440998e-05	0.9565217391304348	333333.3333333333
chr9	136947221	136947377	RNA10231	156	34	0.004318935210261868	1.469569997425424e-05	0.9705882352941176	217948.71794871794
chr9	136948520	136948589	RNA10232	69	12	0.0003435190506782698	1.4725349956279388e-05	1.0	173913.04347826086
chr9	136957626	136957695	RNA10233	69	14	4.2161357539173745e-06	0.0	1.0	202898.5507246377
chr9	136958297	136958453	RNA10234	156	36	1.2664105548132606e-05	0.0	1.0	230769.23076923078
chr9	136974149	136974323	RNA10235	174	34	3.0265002725865275e-05	1.4698999621032272e-05	1.0	195402.29885057473
chr9	137004930	137005068	RNA10236	138	31	0.12904126649341524	1.469549988541985e-05	0.8709677419354839	224637.6811594203
chr9	137004992	137005061	RNA10237	69	18	0.05557106949411011	1.4695950085297227e-05	0.9444444444444444	260869.5652173913
chr9	137005051	137005225	RNA10238	174	33	0.008323863612145719	1.4696400285174605e-05	0.9696969696969697	189655.1724137931
chr9	137005094	137005232	RNA10239	138	26	0.010563772092329875	1.470005008741282e-05	0.9615384615384616	188405.79710144928
chr9	137005201	137005375	RNA10240	174	15	0.0003421207743182518	2.9398799597402103e-05	1.0	86206.89655172414
chr9	137005268	137005424	RNA10241	156	30	0.00018869650075429385	1.470159986638464e-05	1.0	192307.6923076923
chr9	137005653	137005791	RNA10242	138	37	5.164111329625489e-05	1.4698500308440998e-05	1.0	268115.94202898553
chr9	137172132	137172228	RNA10243	96	20	1.9848649935734772e-05	0.0	1.0	208333.33333333334
chr9	137190455	137190551	RNA10244	96	28	1.4187999892913337e-05	1.4707849913975224e-05	1.0	291666.6666666667
chr9	137190545	137190683	RNA10245	138	45	0.013542352725542309	1.470460028940579e-05	0.9555555555555556	326086.95652173914
chr9	137190639	137190813	RNA10246	174	45	0.022113505175063133	0.0	0.9555555555555556	258620.68965517243
chr9	137190829	137190967	RNA10247	138	40	0.02367768092583446	1.4701349755341653e-05	0.95	289855.0724637681
chr9	137190864	137191038	RNA10248	174	47	0.020156220104736534	1.4698999621032272e-05	0.9574468085106383	270114.9425287356
chr9	137190881	137191055	RNA10249	174	50	0.03369600474292382	1.4698549875902245e-05	0.94	287356.3218390804
chr9	137191005	137191101	RNA10250	96	30	0.024616227546781975	0.0	0.9666666666666667	312500.0
chr9	137219581	137219719	RNA10251	138	31	0.0003693711639331707	1.4700700376124589e-05	1.0	224637.6811594203
chr9	137220048	137220144	RNA10252	96	23	4.4099539319053866e-05	0.0	1.0	239583.33333333334
chr9	137230538	137230634	RNA10253	96	30	3.5290589100134115e-05	7.350350188062294e-06	1.0	312500.0
chr9	137304718	137304814	RNA10254	96	29	0.06964726672701764	1.4698999621032272e-05	0.9310344827586207	302083.3333333333
chr9	138124911	138125085	RNA10255	174	37	0.0059493412516629166	1.4697699953103438e-05	0.972972972972973	212643.67816091952
chr9	138125132	138125201	RNA10256	69	11	0.018022791620420642	1.4799000382481609e-05	0.9090909090909091	159420.28985507245
chr9	138125480	138125636	RNA10257	156	38	0.012783276141075666	7.541249942732975e-06	0.9736842105263158	243589.7435897436
chr9	138127018	138127156	RNA10258	20	24	0.0047644434280300525	0.0	0.9583333333333334	1200000.0
chr9	138198206	138198302	RNA10259	96	0				0.0
chr9	138326577	138326646	RNA10260	0	0				
chrX	24017	24167	RNA10261	13	0				0.0
chrX	27219	27354	RNA10262	0	0				
chrX	32437	32506	RNA10263	0	0				
chrX	42436	42586	RNA10264	0	0				
chrX	264329	264464	RNA10265	135	0				0.0
chrX	264696	264825	RNA10266	128	0				0.0
chrX	267527	267656	RNA10267	129	0				0.0
chrX	276064	276199	RNA10268	135	0				0.0
chrX	303459	303528	RNA10269	69	0				0.0
chrX	304106	304241	RNA10270	135	0				0.0
chrX	304281	304350	RNA10271	69	0				0.0
chrX	318987	319122	RNA10272	135	0				0.0
chrX	319017	319086	RNA10273	69	0				0.0
chrX	328258	328327	RNA10274	0	0				
chrX	471017	471152	RNA10275	135	0				0.0
chrX	471654	471723	RNA10276	69	0				0.0
chrX	1839888	1839957	RNA10277	69	0				0.0
chrX	1841741	1841876	RNA10278	135	0				0.0
chrX	1905230	1905350	RNA10279	120	0				0.0
chrX	2827437	2827557	RNA10280	120	13	2.449919212756888e-05	0.0	1.0	108333.33333333334
chrX	2893845	2893965	RNA10281	112	18	0.0001806253535000198	2.3248899196914863e-05	1.0	160714.28571428574
chrX	2900907	2901027	RNA10282	120	19	0.05264052502130462	0.0	0.9473684210526315	158333.3333333333
chrX	2930468	2930588	RNA10283	120	0				0.0
chrX	2931067	2931187	RNA10284	120	0				0.0
chrX	3039466	3039586	RNA10285	120	0				0.0
chrX	4053926	4054046	RNA10286	120	21	4.573411500868402e-05	1.8801199985318817e-05	1.0	175000.0
chrX	4077025	4077144	RNA10287	119	17	2.0086376560571164e-05	1.894590059237089e-05	1.0	142857.14285714284
chrX	4792069	4792199	RNA10288	130	18	0.11108813991783488	0.0	0.8888888888888888	138461.53846153847
chrX	5238464	5238599	RNA10289	135	0				0.0
chrX	5253252	5253321	RNA10290	69	12	4.222530803114235e-05	2.814785057125846e-05	1.0	173913.04347826086
chrX	7897574	7897694	RNA10291	120	11	1.0243500086785803e-05	0.0	1.0	91666.66666666666
chrX	7897832	7897951	RNA10292	119	12	0.03756326494794848	1.87660007213708e-05	0.9166666666666666	100840.33613445378
chrX	8732229	8732344	RNA10293	115	29	1.2356013720470735e-05	0.0	1.0	252173.91304347824
chrX	8773916	8774101	RNA10294	185	2	9.41975031309994e-06	9.41975031309994e-06	1.0	10810.810810810812
chrX	8788087	8788217	RNA10295	130	0				0.0
chrX	8929006	8929125	RNA10296	119	16	1.762028784923875e-05	0.0	1.0	134453.78151260503
chrX	9003653	9003772	RNA10297	119	0				0.0
chrX	9023183	9023302	RNA10298	52	0				0.0
chrX	9318088	9318207	RNA10299	119	13	1.0121376852531774e-05	1.878039984148927e-05	1.0	109243.6974789916
chrX	9319155	9319274	RNA10300	119	15	1.5031806712310452e-05	1.8779699530568905e-05	1.0	126050.42016806723
chrX	9325337	9325456	RNA10301	119	17	0.035057196787045754	1.887970029201824e-05	0.8823529411764706	142857.14285714284
chrX	9373103	9373233	RNA10302	130	15	0.042276471167375956	1.899619928735774e-05	0.9333333333333333	115384.61538461539
chrX	9379603	9379733	RNA10303	130	13	9.529189810564227e-05	1.876450005511288e-05	1.0	100000.0
chrX	9380025	9380155	RNA10304	130	18	0.0011957470291640076	1.8763350453809835e-05	1.0	138461.53846153847
chrX	9949872	9950002	RNA10305	130	31	0.00018755064757573946	1.875469934020657e-05	1.0	238461.53846153847
chrX	9950847	9951001	RNA10306	141	36	0.028531474887232528	2.159714949812042e-05	0.9722222222222222	255319.14893617018
chrX	9965319	9965449	RNA10307	130	23	0.046068659824927825	1.8808299500960857e-05	0.9130434782608695	176923.07692307694
chrX	10000806	10000925	RNA10308	119	11	1.023560005044353e-05	0.0	1.0	92436.97478991597
chrX	10004807	10004937	RNA10309	130	13	0.07694328199249867	1.8783599443850107e-05	0.9230769230769231	100000.0
chrX	10444670	10444800	RNA10310	128	15	4.014211978452829e-05	0.0	1.0	117187.5
chrX	12737183	12737298	RNA10311	115	15	2.1316553466016982e-05	0.0	1.0	130434.78260869565
chrX	12770121	12770306	RNA10312	185	22	1.4535450149692638e-05	0.0	1.0	118918.91891891892
chrX	13504549	13504664	RNA10313	115	12	9.422958404077994e-06	0.0	1.0	104347.82608695651
chrX	13639906	13640021	RNA10314	115	14	0.005411314038480787	9.391799721925054e-06	0.9285714285714286	121739.13043478261
chrX	13641109	13641224	RNA10315	115	17	0.03220008202237402	1.8802600607159548e-05	0.8823529411764706	147826.08695652176
chrX	13682445	13682630	RNA10316	185	0				0.0
chrX	13682556	13682671	RNA10317	115	0				0.0
chrX	13682636	13682751	RNA10318	115	0				0.0
chrX	13710786	13710901	RNA10319	115	24	2.6026362244614822e-05	9.545649845676962e-06	1.0	208695.65217391303
chrX	13710964	13711149	RNA10320	183	24	2.175659983549573e-05	0.0	1.0	131147.54098360657
chrX	13711236	13711421	RNA10321	185	29	0.013438136093100178	1.8776900105876848e-05	0.9655172413793104	156756.75675675677
chrX	13711402	13711503	RNA10322	101	17	1.9876188376013485e-05	0.0	1.0	168316.83168316833
chrX	14004846	14005000	RNA10323	154	16	0.0625517824612416	1.880865056591574e-05	0.9375	103896.1038961039
chrX	14005423	14005608	RNA10324	185	23	0.043543729004222376	1.8789200112223625e-05	0.9565217391304348	124324.32432432433
chrX	14005829	14006014	RNA10325	185	20	1.4159675083647017e-05	1.8856199858419135e-05	1.0	108108.10810810812
chrX	14005971	14006156	RNA10326	183	30	1.292505324575662e-05	1.8945749616250396e-05	1.0	163934.4262295082
chrX	14031741	14031860	RNA10327	119	18	1.4664827883983482e-05	0.0	1.0	151260.50420168065
chrX	14468373	14468527	RNA10328	154	23	2.2888791531634065e-05	0.0	1.0	149350.64935064936
chrX	14488667	14488821	RNA10329	154	21	9.833971489570104e-06	0.0	1.0	136363.63636363635
chrX	14488673	14488827	RNA10330	154	21	9.833971489570104e-06	0.0	1.0	136363.63636363635
chrX	14489645	14489760	RNA10331	115	15	3.889063991663901e-05	1.88154008355923e-05	1.0	130434.78260869565
chrX	14923045	14923230	RNA10332	185	28	0.03573176701463256	9.40750032896176e-06	0.9642857142857143	151351.35135135136
chrX	14924393	14924547	RNA10333	154	15	0.0002782750192030302	1.885190067696385e-05	1.0	97402.59740259741
chrX	14924426	14924580	RNA10334	154	16	0.00021263237999846095	1.8870599888032306e-05	1.0	103896.1038961039
chrX	14925607	14925737	RNA10335	130	18	1.148005008467913e-05	0.0	1.0	138461.53846153847
chrX	15115686	15115840	RNA10336	154	27	5.784180851790605e-05	0.0	1.0	175324.67532467534
chrX	15926048	15926202	RNA10337	152	29	0.010116066143382339	0.0	0.9655172413793104	190789.47368421053
chrX	17783555	17783656	RNA10338	101	19	1.5893378842613193e-05	0.0	1.0	188118.81188118813
chrX	18417518	18417633	RNA10339	115	19	0.00034348778191135664	1.880690069810953e-05	1.0	165217.3913043478
chrX	18673617	18673718	RNA10340	96	8	0.00020861563575634315	4.874514979746891e-05	1.0	83333.33333333333
chrX	18674987	18675088	RNA10341	101	39	0.025679617022829816	0.0	0.9743589743589743	386138.61386138614
chrX	18675081	18675266	RNA10342	185	53	0.01888920518883063	0.0	0.9811320754716981	286486.4864864865
chrX	18675542	18675643	RNA10343	101	18	0.08160121004372438	1.8814150280377362e-05	0.8888888888888888	178217.82178217822
chrX	18828514	18828615	RNA10344	101	10	3.0065589999130875e-05	1.8779899619403302e-05	1.0	99009.90099009902
chrX	18836443	18836544	RNA10345	101	13	1.011756173214123e-05	0.0	1.0	128712.87128712871
chrX	18841304	18841405	RNA10346	101	10	1.3160239905118943e-05	0.0	1.0	99009.90099009902
chrX	19130510	19130608	RNA10347	98	13	1.8841291910993476e-05	1.884059929579962e-05	1.0	132653.0612244898
chrX	19515908	19515978	RNA10348	70	6	2.1921016923441187e-05	0.0	1.0	85714.28571428571
chrX	19533210	19533364	RNA10349	154	25	1.5798240201547743e-05	1.8781500330078416e-05	1.0	162337.66233766233
chrX	19533236	19533337	RNA10350	101	15	2.0062580248729014e-05	1.8803000784828328e-05	1.0	148514.8514851485
chrX	23334727	23334825	RNA10351	98	0				0.0
chrX	23404706	23404804	RNA10352	98	19	1.4866147371082517e-05	0.0	1.0	193877.55102040817
chrX	23404943	23405041	RNA10353	98	9	6.272877726587466e-06	0.0	1.0	91836.73469387756
chrX	23405043	23405141	RNA10354	98	16	5.87369993354514e-06	0.0	1.0	163265.30612244896
chrX	23405184	23405254	RNA10355	70	6	6.276799770906412e-06	0.0	1.0	85714.28571428571
chrX	23405541	23405642	RNA10356	94	13	3.530005429078634e-05	2.080390004266519e-05	1.0	138297.87234042553
chrX	24306236	24306334	RNA10357	98	14	0.0011090814555895375	0.0	1.0	142857.14285714284
chrX	24306304	24306402	RNA10358	98	8	2.3612124095961913e-06	0.0	1.0	81632.65306122448
chrX	24306842	24306940	RNA10359	98	9	4.3798588901860636e-05	1.875149973784573e-05	1.0	91836.73469387756
chrX	24374639	24374709	RNA10360	70	7	3.2181272347636816e-05	1.874940062407404e-05	1.0	100000.0
chrX	24446198	24446268	RNA10361	70	9	0.00013429310153392958	1.8872600776376203e-05	1.0	128571.42857142857
chrX	24446536	24446606	RNA10362	70	11	0.0001504157636108178	1.879199953691568e-05	1.0	157142.85714285713
chrX	24998689	24998759	RNA10363	70	8	7.054625029923045e-06	0.0	1.0	114285.71428571428
chrX	24999219	24999317	RNA10364	98	14	5.252640754145635e-05	0.0	1.0	142857.14285714284
chrX	24999428	24999498	RNA10365	70	5	0.0	0.0	1.0	71428.57142857142
chrX	24999800	24999870	RNA10366	70	4	4.689024990511825e-06	0.0	1.0	57142.85714285714
chrX	25368888	25368958	RNA10367	70	13	3.608790743432513e-05	1.878080001915805e-05	1.0	185714.2857142857
chrX	26303909	26303992	RNA10368	83	7	1.8891300247300285e-05	1.888679980766028e-05	1.0	84337.34939759035
chrX	28586500	28586570	RNA10369	70	3	3.1875300919637084e-05	1.8982900655828416e-05	1.0	42857.142857142855
chrX	28586673	28586771	RNA10370	98	14	5.3990527833638576e-05	1.8916799490398262e-05	1.0	142857.14285714284
chrX	30028638	30028721	RNA10371	83	6	3.44661157214432e-05	1.8803749298967887e-05	1.0	72289.15662650602
chrX	30736059	30736142	RNA10372	83	6	3.13182502698813e-05	1.8787250155583024e-05	1.0	72289.15662650602
chrX	30741258	30741341	RNA10373	83	7	5.358585570190501e-06	0.0	1.0	84337.34939759035
chrX	30742873	30742956	RNA10374	83	9	0.026138511576896725	1.891569991130381e-05	0.8888888888888888	108433.73493975904
chrX	30978523	30978606	RNA10375	83	12	7.826414260610167e-05	2.8194149308546912e-05	1.0	144578.31325301205
chrX	30992378	30992461	RNA10376	83	7	0.0016434516432387411	0.0	1.0	84337.34939759035
chrX	31002173	31002256	RNA10377	83	5	4.5089481136526245e-05	1.880439958767965e-05	1.0	60240.96385542169
chrX	31088782	31088865	RNA10378	83	5	3.864440077450126e-06	0.0	1.0	60240.96385542169
chrX	35880285	35880368	RNA10379	83	7	0.142878636385441	1.881080061139073e-05	0.8571428571428571	84337.34939759035
chrX	38770109	38770245	RNA10380	136	21	0.00016448652994377767	1.877330032584723e-05	1.0	154411.76470588235
chrX	43173532	43173713	RNA10381	181	25	2.7124619300590112e-05	0.0	1.0	138121.54696132598
chrX	43175548	43175680	RNA10382	132	20	2.1602355081994174e-05	1.8782499864755664e-05	1.0	151515.15151515152
chrX	43175603	43175760	RNA10383	157	22	3.842358248882304e-05	9.37784989218926e-06	1.0	140127.38853503185
chrX	43175751	43175900	RNA10384	149	16	1.1768431136260915e-05	0.0	1.0	107382.55033557047
chrX	43176249	43176385	RNA10385	136	15	4.5072713328401296e-05	1.876839996839408e-05	1.0	110294.11764705883
chrX	43651857	43651993	RNA10386	136	12	0.05881844467330666	1.878709917946253e-05	0.9166666666666666	88235.29411764706
chrX	43652266	43652402	RNA10387	136	18	4.487967150149406e-05	0.0	1.0	132352.9411764706
chrX	43653970	43654106	RNA10388	136	26	3.33004507830526e-05	1.8793100025504827e-05	1.0	191176.47058823527
chrX	43884296	43884432	RNA10389	136	22	1.281480432556815e-05	0.0	1.0	161764.70588235295
chrX	43903132	43903268	RNA10390	136	18	1.983306669393753e-05	9.378950380778406e-06	1.0	132352.9411764706
chrX	43912499	43912653	RNA10391	154	17	0.0003440127574696553	0.0	1.0	110389.61038961039
chrX	44001629	44001765	RNA10392	136	14	1.076875703022649e-05	0.0	1.0	102941.17647058822
chrX	44775066	44775202	RNA10393	136	21	2.236468043563276e-05	0.0	1.0	154411.76470588235
chrX	46078511	46078692	RNA10394	181	30	1.629515657744553e-05	0.0	1.0	165745.85635359117
chrX	46236263	46236395	RNA10395	132	16	0.00012034747999222806	1.8858499970519915e-05	1.0	121212.12121212122
chrX	46439166	46439315	RNA10396	149	25	4.301909582863992e-05	0.0	1.0	167785.23489932888
chrX	47061422	47061603	RNA10397	181	18	1.6750844325643913e-05	1.8826899577106815e-05	1.0	99447.51381215469
chrX	47062584	47062765	RNA10398	181	25	5.375490123696586e-05	1.8873299268307164e-05	1.0	138121.54696132598
chrX	47065247	47065404	RNA10399	157	20	0.0010585269131297445	9.3711996669299e-06	1.0	127388.53503184713
chrX	47073064	47073196	RNA10400	89	0				0.0
chrX	47073453	47073634	RNA10401	181	20	0.014240214279834618	1.8921499759017024e-05	0.95	110497.23756906077
chrX	47074291	47074423	RNA10402	132	19	2.862492108665331e-05	1.910729952214752e-05	1.0	143939.39393939395
chrX	47078067	47078199	RNA10403	132	16	1.1740843433472037e-05	0.0	1.0	121212.12121212122
chrX	47486079	47486211	RNA10404	132	16	3.784349985380185e-05	9.422399671166204e-06	1.0	121212.12121212122
chrX	47486298	47486479	RNA10405	179	27	0.024796630144717495	0.0	0.9259259259259259	150837.98882681565
chrX	47487010	47487142	RNA10406	132	14	1.2104628694942221e-05	9.39250003284542e-06	1.0	106060.60606060606
chrX	47487163	47487344	RNA10407	181	17	0.00042036984322133377	0.0	1.0	93922.65193370165
chrX	47487704	47487836	RNA10408	132	14	2.151697104376704e-05	0.0	1.0	106060.60606060606
chrX	47488058	47488239	RNA10409	180	28	6.596589615322604e-05	0.0	1.0	155555.55555555556
chrX	47523189	47523338	RNA10410	149	21	1.2480600032306808e-05	0.0	1.0	140939.59731543623
chrX	47555145	47555294	RNA10411	149	20	5.330598496583556e-05	0.0	1.0	134228.1879194631
chrX	47555693	47555842	RNA10412	147	17	1.5947988632593906e-05	0.0	1.0	115646.25850340136
chrX	47633969	47634118	RNA10413	149	15	0.0013027888672998665	1.8822800484485924e-05	1.0	100671.1409395973
chrX	47635301	47635450	RNA10414	149	22	0.045483636231686185	1.8804100363922768e-05	0.9545454545454546	147651.0067114094
chrX	47701170	47701319	RNA10415	149	24	1.489540424396749e-05	0.0	1.0	161073.8255033557
chrX	47757712	47757866	RNA10416	154	13	2.606626884908155e-05	1.881470052467193e-05	1.0	84415.58441558441
chrX	47826711	47826868	RNA10417	157	14	0.00043916372747583815	0.0	1.0	89171.97452229299
chrX	47830995	47831152	RNA10418	157	26	3.337508503766091e-05	9.402049727214035e-06	1.0	165605.09554140127
chrX	47836054	47836211	RNA10419	157	22	0.023858418669574756	2.8193200705572963e-05	0.9545454545454546	140127.38853503185
chrX	48079702	48079859	RNA10420	157	21	4.4000352621271564e-05	0.0	1.0	133757.9617834395
chrX	48080169	48080326	RNA10421	157	15	0.06667173607323397	0.0	0.9333333333333333	95541.40127388536
chrX	48090100	48090281	RNA10422	181	13	3.76449077940727e-05	0.0	1.0	71823.2044198895
chrX	48099768	48099925	RNA10423	157	0				0.0
chrX	48346124	48346256	RNA10424	132	0				0.0
chrX	48383325	48383436	RNA10425	0	0				
chrX	48470344	48470498	RNA10426	154	0				0.0
chrX	48470423	48470559	RNA10427	136	4	0.0	0.0	1.0	29411.764705882353
chrX	48470789	48470943	RNA10428	154	19	0.10538882192677672	0.0	0.8947368421052632	123376.62337662338
chrX	48472240	48472394	RNA10429	154	24	1.2819404067461923e-05	9.566800144966692e-06	1.0	155844.15584415584
chrX	48473817	48473966	RNA10430	149	18	0.00010237669802234533	1.8797500160872005e-05	1.0	120805.36912751678
chrX	49233395	49233549	RNA10431	154	19	2.5744199918235334e-05	1.881470052467193e-05	1.0	123376.62337662338
chrX	49233581	49233738	RNA10432	157	25	2.6310455359632858e-05	1.878080001915805e-05	1.0	159235.6687898089
chrX	49233599	49233753	RNA10433	154	21	2.863801342928312e-05	1.877999966382049e-05	1.0	136363.63636363635
chrX	49233604	49233754	RNA10434	150	21	2.863801342928312e-05	1.877999966382049e-05	1.0	140000.0
chrX	49233658	49233812	RNA10435	154	23	2.7847155686921155e-05	0.0	1.0	149350.64935064936
chrX	49233683	49233833	RNA10436	150	17	3.546570470087225e-05	1.8776199794956483e-05	1.0	113333.33333333333
chrX	49233768	49233918	RNA10437	144	18	2.64473555944267e-05	0.0	1.0	125000.0
chrX	49727983	49728137	RNA10438	154	23	0.0007382353503445546	0.0	1.0	149350.64935064936
chrX	49908449	49908599	RNA10439	150	21	1.9772185537258876e-05	1.877720023912844e-05	1.0	140000.0
chrX	51093314	51093495	RNA10440	181	26	0.0011038288223342173	0.0	1.0	143646.408839779
chrX	52194423	52194555	RNA10441	0	0				
chrX	52376043	52376154	RNA10442	111	13	4.499058475349686e-05	1.8871800421038643e-05	1.0	117117.11711711712
chrX	52617027	52617176	RNA10443	149	0				0.0
chrX	52818972	52819129	RNA10444	157	0				0.0
chrX	53321439	53321550	RNA10445	75	1	0.0	0.0	1.0	13333.333333333334
chrX	53369413	53369524	RNA10446	111	11	6.838378265620594e-05	1.8858299881685525e-05	1.0	99099.0990990991
chrX	53371087	53371198	RNA10447	111	15	2.664935988529275e-05	2.049099930445664e-05	1.0	135135.13513513515
chrX	53436689	53436800	RNA10448	111	15	3.640968655720199e-05	1.8809700122801587e-05	1.0	135135.13513513515
chrX	53436896	53437007	RNA10449	111	12	7.823383384675253e-06	0.0	1.0	108108.10810810812
chrX	53446113	53446267	RNA10450	154	23	1.4686330320293326e-05	1.8744800399872474e-05	1.0	149350.64935064936
chrX	53446159	53446309	RNA10451	150	18	1.66778221076432e-05	1.8745699890132528e-05	1.0	120000.0
chrX	53449324	53449435	RNA10452	111	7	0.00011849892533582892	5.64738002140075e-05	1.0	63063.063063063055
chrX	54426392	54426503	RNA10453	111	17	0.0024627796371051343	0.0	1.0	153153.15315315314
chrX	58256907	58257018	RNA10454	111	0				0.0
chrX	62693452	62693567	RNA10455	115	0				0.0
chrX	65543963	65544065	RNA10456	102	19	0.00032909855747818747	0.0	1.0	186274.50980392157
chrX	66369721	66369836	RNA10457	115	16	0.05003179706739047	0.0	0.9375	139130.4347826087
chrX	66540395	66540510	RNA10458	115	29	5.7044246518507937e-05	1.878849980130326e-05	1.0	252173.91304347824
chrX	67226427	67226542	RNA10459	115	31	2.197352912316141e-05	1.8887199985329065e-05	1.0	269565.2173913043
chrX	67235129	67235244	RNA10460	115	28	0.00636069234821791	9.36995002120966e-06	0.9642857142857143	243478.26086956522
chrX	67248983	67249098	RNA10461	115	20	8.486915066896473e-06	0.0	1.0	173913.04347826086
chrX	68537428	68537543	RNA10462	115	10	2.0711879915324972e-05	1.882620017568115e-05	1.0	86956.52173913043
chrX	68537510	68537625	RNA10463	115	17	9.00442351207055e-06	0.0	1.0	147826.08695652176
chrX	68537515	68537630	RNA10464	115	19	9.079078920063024e-06	0.0	1.0	165217.3913043478
chrX	68732462	68732577	RNA10465	115	0				0.0
chrX	69433894	69433996	RNA10466	102	26	3.349585362089557e-05	0.0	1.0	254901.9607843137
chrX	70040377	70040459	RNA10467	82	13	1.5872853999518647e-05	0.0	1.0	158536.58536585365
chrX	70265444	70265546	RNA10468	102	8	0.00011269127230660227	1.8782900042424444e-05	1.0	78431.37254901961
chrX	70421385	70421500	RNA10469	115	9	2.08864110188895e-05	1.8799799363478087e-05	1.0	78260.86956521739
chrX	70421592	70421694	RNA10470	102	13	8.681276925087262e-06	0.0	1.0	127450.98039215685
chrX	70421958	70422060	RNA10471	102	18	8.365716490111987e-06	0.0	1.0	176470.58823529413
chrX	70525606	70525708	RNA10472	102	18	1.8845427601061398e-05	1.883930053736549e-05	1.0	176470.58823529413
chrX	70526647	70526749	RNA10473	102	13	0.003812016609187517	1.879030060081277e-05	1.0	127450.98039215685
chrX	70527194	70527296	RNA10474	102	9	1.669761129758424e-05	0.0	1.0	88235.29411764706
chrX	71115588	71115703	RNA10475	102	12	0.0001335036596780502	0.0	1.0	117647.05882352941
chrX	71115953	71116055	RNA10476	102	11	3.9949637291344425e-05	1.9079199773841538e-05	1.0	107843.13725490197
chrX	71118361	71118476	RNA10477	115	15	7.279216151800325e-05	1.8818600437953137e-05	1.0	130434.78260869565
chrX	71118411	71118526	RNA10478	115	18	2.4091144748834064e-05	1.883450022432953e-05	1.0	156521.73913043478
chrX	71874814	71874929	RNA10479	115	19	1.6884384182814853e-05	1.883269942482002e-05	1.0	165217.3913043478
chrX	71874989	71875104	RNA10480	115	15	0.0027302086703760602	0.0	1.0	130434.78260869565
chrX	71875815	71875930	RNA10481	111	14	0.00010551768783832564	2.0976450286980253e-05	1.0	126126.12612612611
chrX	72175614	72175729	RNA10482	115	16	1.2909987503917364e-05	9.37470031203702e-06	1.0	139130.4347826087
chrX	72177114	72177229	RNA10483	115	10	1.1266280125710182e-05	1.8763350453809835e-05	1.0	86956.52173913043
chrX	73389483	73389618	RNA10484	135	29	1.754320347290237e-05	0.0	1.0	214814.81481481483
chrX	73518583	73518665	RNA10485	82	26	5.067889994208906e-05	1.8806899788614828e-05	1.0	317073.1707317073
chrX	74535642	74535724	RNA10486	82	6	6.295316779869609e-06	0.0	1.0	73170.73170731707
chrX	74579157	74579239	RNA10487	82	9	0.00019617333439074443	0.0	1.0	109756.09756097561
chrX	74582358	74582440	RNA10488	82	20	1.5056189931783593e-05	0.0	1.0	243902.43902439025
chrX	74618575	74618657	RNA10489	82	9	4.185355565924611e-06	0.0	1.0	109756.09756097561
chrX	74624491	74624573	RNA10490	82	7	1.0744485604975904e-05	1.8772600014926862e-05	1.0	85365.8536585366
chrX	74656419	74656501	RNA10491	82	0				0.0
chrX	74950741	74950876	RNA10492	135	19	0.0017757851578368677	1.880369927675929e-05	1.0	140740.74074074076
chrX	74950899	74951034	RNA10493	135	29	0.034510648799839366	1.879730007203761e-05	0.9655172413793104	214814.81481481483
chrX	74951113	74951215	RNA10494	102	12	0.000291555320776137	0.0	1.0	117647.05882352941
chrX	74951618	74951753	RNA10495	135	27	9.050970321469424e-06	0.0	1.0	200000.0
chrX	74951948	74952063	RNA10496	115	38	8.853155433921248e-05	1.8936700143967755e-05	1.0	330434.7826086956
chrX	74952001	74952083	RNA10497	82	27	0.0011653289865433943	1.903530028357636e-05	1.0	329268.29268292687
chrX	74952318	74952453	RNA10498	135	30	3.0791903009229434e-05	1.8846400053007528e-05	1.0	222222.22222222222
chrX	79260013	79260148	RNA10499	135	22	2.574059065161038e-05	9.41814960242482e-06	1.0	162962.96296296298
chrX	79260291	79260426	RNA10500	135	11	5.662063829897079e-05	1.88154008355923e-05	1.0	81481.48148148149
chrX	79269891	79270026	RNA10501	135	23	4.7457286753965696e-05	1.8803399143507704e-05	1.0	170370.37037037036
chrX	79276798	79276933	RNA10502	135	21	0.04936682159790334	1.8925400581792928e-05	0.9523809523809523	155555.55555555556
chrX	79574090	79574172	RNA10503	82	14	0.00019240201059541104	1.8820550394593738e-05	1.0	170731.7073170732
chrX	81347395	81347466	RNA10504	71	10	2.2589689433516468e-05	9.409999620402232e-06	1.0	140845.0704225352
chrX	83122776	83122911	RNA10505	135	27	1.3238166569930467e-05	0.0	1.0	200000.0
chrX	84856777	84856848	RNA10506	71	17	2.3185976019965606e-05	0.0	1.0	239436.61971830984
chrX	85767207	85767278	RNA10507	71	17	0.003064681354290393	0.0	0.9411764705882353	239436.61971830984
chrX	85852892	85852963	RNA10508	71	16	0.0005383313333595616	1.8833799913409166e-05	1.0	225352.11267605633
chrX	85855318	85855389	RNA10509	71	10	2.823750000970904e-05	1.8821599951479584e-05	1.0	140845.0704225352
chrX	86050942	86051013	RNA10510	71	10	5.6613900596857995e-06	0.0	1.0	140845.0704225352
chrX	86054671	86054742	RNA10511	71	15	0.039639544622938644	1.8799100871547125e-05	0.9333333333333333	211267.6056338028
chrX	86145129	86145200	RNA10512	71	6	9.430700022979485e-06	9.420799869985785e-06	1.0	84507.04225352113
chrX	87050604	87050675	RNA10513	71	15	4.261943940945235e-05	0.0	1.0	211267.6056338028
chrX	91044304	91044375	RNA10514	71	0				0.0
chrX	98983399	98983550	RNA10515	151	16	0.00011542740321601406	0.0	1.0	105960.26490066225
chrX	102596556	102596707	RNA10516	151	19	1.686717376670372e-05	0.0	1.0	125827.81456953642
chrX	103061826	103061984	RNA10517	158	26	0.00016289917067086894	0.0	1.0	164556.96202531643
chrX	103095981	103096051	RNA10518	70	6	0.0001064823300112	0.0	1.0	85714.28571428571
chrX	103648733	103648884	RNA10519	151	26	2.3224977317462825e-05	0.0	1.0	172185.43046357614
chrX	103659887	103660038	RNA10520	151	21	9.017352307897194e-06	0.0	1.0	139072.8476821192
chrX	103661390	103661541	RNA10521	151	19	2.571993115308539e-05	1.8793100025504827e-05	1.0	125827.81456953642
chrX	103692940	103693091	RNA10522	151	19	0.018701526187501972	1.8858299881685525e-05	0.9473684210526315	125827.81456953642
chrX	103693392	103693543	RNA10523	151	21	1.1797328625107184e-05	0.0	1.0	139072.8476821192
chrX	103697865	103698016	RNA10524	151	24	2.2685249859930117e-05	9.37594995775726e-06	1.0	158940.3973509934
chrX	104527946	104528097	RNA10525	151	19	8.53521876132049e-05	1.884800076368265e-05	1.0	125827.81456953642
chrX	106598580	106598738	RNA10526	158	16	3.4218857081210234e-05	0.0	1.0	101265.82278481012
chrX	107119248	107119318	RNA10527	70	3	6.25776677528241e-06	0.0	1.0	42857.142857142855
chrX	107444681	107444839	RNA10528	158	19	2.7901389521979646e-05	1.888109909486957e-05	1.0	120253.16455696203
chrX	107446012	107446170	RNA10529	158	21	2.770988560638661e-05	0.0	1.0	132911.3924050633
chrX	107447391	107447549	RNA10530	158	22	1.3651908954092175e-05	0.0	1.0	139240.5063291139
chrX	107959710	107959868	RNA10531	158	26	1.156465763275404e-05	0.0	1.0	164556.96202531643
chrX	107960768	107960926	RNA10532	158	21	0.0017018505932355685	1.879810042737517e-05	1.0	132911.3924050633
chrX	107967046	107967204	RNA10533	158	0				0.0
chrX	107997184	107997254	RNA10534	70	0				0.0
chrX	108080752	108080822	RNA10535	70	12	3.599082477496682e-05	1.8772800103761256e-05	1.0	171428.57142857142
chrX	108083092	108083162	RNA10536	70	11	3.941664412691415e-05	1.8793100025504827e-05	1.0	157142.85714285713
chrX	108154818	108154888	RNA10537	70	6	0.0887722041006782	0.0	0.8333333333333334	85714.28571428571
chrX	108155055	108155125	RNA10538	70	11	2.5694390635842204e-05	1.885409983515273e-05	1.0	157142.85714285713
chrX	108155417	108155487	RNA10539	70	3	1.881113348645158e-05	0.0	1.0	42857.142857142855
chrX	108439531	108439682	RNA10540	151	26	2.6196438809095205e-05	9.438400411454495e-06	1.0	172185.43046357614
chrX	108710379	108710537	RNA10541	158	17	8.84460581908249e-06	0.0	1.0	107594.93670886077
chrX	109124649	109124719	RNA10542	70	11	0.00019097854204697446	1.907449950522277e-05	1.0	157142.85714285713
chrX	109606862	109606974	RNA10543	112	18	0.09087051122282397	9.418299669050612e-06	0.8888888888888888	160714.28571428574
chrX	112627716	112627874	RNA10544	158	21	1.703341859822223e-05	0.0	1.0	132911.3924050633
chrX	112840975	112841045	RNA10545	70	16	1.3009399935981258e-05	0.0	1.0	228571.42857142855
chrX	113583142	113583254	RNA10546	112	15	0.0002329101804207243	0.0	1.0	133928.57142857142
chrX	114101731	114101800	RNA10547	69	10	3.2021370316215325e-05	1.885250003397232e-05	1.0	144927.53623188406
chrX	114499373	114499485	RNA10548	112	12	4.6992499846965075e-06	0.0	1.0	107142.85714285713
chrX	114565917	114566029	RNA10549	112	17	0.00011693337439603677	1.875079942692537e-05	1.0	151785.71428571426
chrX	114573029	114573141	RNA10550	112	18	2.0950983222669322e-05	1.8791000002238434e-05	1.0	160714.28571428574
chrX	114980780	114980892	RNA10551	112	14	0.00017163452139356555	1.894134948088322e-05	1.0	125000.0
chrX	114980908	114981020	RNA10552	112	24	8.38532287919699e-05	1.8769999769574497e-05	1.0	214285.71428571426
chrX	114997010	114997122	RNA10553	112	8	0.12509171552756015	9.401500392414164e-06	0.875	71428.57142857142
chrX	115985262	115985374	RNA10554	112	15	1.780297328271748e-05	0.0	1.0	133928.57142857142
chrX	118122130	118122199	RNA10555	69	8	0.0001272057008918577	9.42899987421697e-06	1.0	115942.02898550725
chrX	118802117	118802186	RNA10556	69	12	0.000350976880023752	2.826475065376144e-05	1.0	173913.04347826086
chrX	118812102	118812171	RNA10557	69	9	4.801875467010701e-05	0.0	1.0	130434.78260869565
chrX	118812257	118812326	RNA10558	69	8	3.06873382669437e-05	1.8904499484051485e-05	1.0	115942.02898550725
chrX	119220118	119220187	RNA10559	69	7	1.0742143006479767e-05	0.0	1.0	101449.27536231885
chrX	119220330	119220399	RNA10560	69	5	3.3788579457905143e-05	1.8756800272967663e-05	1.0	72463.76811594203
chrX	119247474	119247543	RNA10561	69	5	1.5068180073285475e-05	0.0	1.0	72463.76811594203
chrX	119762162	119762274	RNA10562	112	9	9.498728933168215e-05	1.892679938464425e-05	1.0	80357.14285714287
chrX	120246637	120246706	RNA10563	69	5	0.20001128138028434	0.0	0.8	72463.76811594203
chrX	120986218	120986347	RNA10564	0	0				
chrX	121012671	121012800	RNA10565	129	20	0.026057968057193646	1.8797700249706402e-05	0.95	155038.75968992247
chrX	121084166	121084295	RNA10566	129	18	0.05560262266044447	9.40945028560236e-06	0.9444444444444444	139534.88372093023
chrX	122250025	122250154	RNA10567	129	23	7.368937899034287e-05	0.0	1.0	178294.57364341087
chrX	123762811	123762880	RNA10568	69	6	9.593550203135237e-06	9.481200322625226e-06	1.0	86956.52173913043
chrX	125981714	125981843	RNA10569	129	20	0.001512676557285878	0.0	1.0	155038.75968992247
chrX	144743501	144743595	RNA10570	94	16	1.5324231412705558e-05	1.8852650100598115e-05	1.0	170212.7659574468
chrX	146716094	146716199	RNA10571	105	21	0.03646876091191925	0.0	0.9523809523809523	200000.0
chrX	147295377	147295449	RNA10572	72	10	0.0007396179302304381	9.436449545319192e-06	1.0	138888.8888888889
chrX	148467914	148468008	RNA10573	94	12	5.2197999593762535e-05	9.45374995353632e-06	1.0	127659.57446808509
chrX	149004187	149004286	RNA10574	99	11	4.11327483478896e-05	0.0	1.0	111111.11111111111
chrX	149008494	149008658	RNA10575	164	21	0.00011124852426291408	1.8823200662154704e-05	1.0	128048.78048780488
chrX	149596389	149596483	RNA10576	0	0				
chrX	149680206	149680300	RNA10577	0	0				
chrX	149684610	149684704	RNA10578	94	0				0.0
chrX	149720295	149720389	RNA10579	94	0				0.0
chrX	149749788	149749882	RNA10580	94	0				0.0
chrX	149813021	149813115	RNA10581	94	0				0.0
chrX	150678912	150679017	RNA10582	105	13	1.3010592038671557e-05	0.0	1.0	123809.52380952382
chrX	150681482	150681576	RNA10583	94	8	0.1250281469622223	2.8132750230724923e-05	0.875	85106.3829787234
chrX	151088403	151088475	RNA10584	72	0				0.0
chrX	151563324	151563429	RNA10585	105	19	1.9852289609075385e-05	1.8847700630431063e-05	1.0	180952.38095238095
chrX	151678295	151678400	RNA10586	105	14	0.016796819170329907	1.876330043160124e-05	0.9285714285714286	133333.33333333334
chrX	151688973	151689078	RNA10587	100	30	0.003615546428409282	1.9210499885957688e-05	0.9666666666666667	300000.0
chrX	151723489	151723594	RNA10588	105	12	6.26375837479524e-06	0.0	1.0	114285.71428571428
chrX	151729544	151729649	RNA10589	105	16	2.83360867570064e-05	0.0	1.0	152380.9523809524
chrX	151857852	151857957	RNA10590	105	15	4.6536193622156966e-05	0.0	1.0	142857.14285714284
chrX	151927769	151927841	RNA10591	72	7	1.3438457244774327e-05	0.0	1.0	97222.22222222222
chrX	151942084	151942156	RNA10592	72	12	1.9212616734876065e-05	1.918085035867989e-05	1.0	166666.66666666666
chrX	151948649	151948721	RNA10593	72	12	0.08335845254183975	1.8838950381905306e-05	0.9166666666666666	166666.66666666666
chrX	152138593	152138665	RNA10594	41	17	0.0037867192250440134	0.0	0.9411764705882353	414634.1463414634
chrX	152138609	152138681	RNA10595	25	17	0.003781737548492582	0.0	0.9411764705882353	680000.0
chrX	152138692	152138764	RNA10596	0	19	0.00029419624058246745	0.0	1.0	
chrX	152704393	152704492	RNA10597	0	0				
chrX	152725107	152725212	RNA10598	3	0				0.0
chrX	152761940	152762104	RNA10599	0	0				
chrX	153080712	153080784	RNA10600	0	0				
chrX	153621111	153621210	RNA10601	99	7	3.627030101986257e-05	0.0	1.0	70707.0707070707
chrX	153663422	153663586	RNA10602	164	27	0.021643692068580463	1.893899934657384e-05	0.9259259259259259	164634.14634146343
chrX	153697664	153697763	RNA10603	99	27	0.0001239817709035693	1.8898199414252304e-05	1.0	272727.2727272727
chrX	153699925	153700024	RNA10604	99	16	0.007333734813073515	1.8797150005411822e-05	0.9375	161616.16161616164
chrX	153724579	153724743	RNA10605	164	39	8.074724838735547e-05	0.0	1.0	237804.8780487805
chrX	153724622	153724786	RNA10606	164	38	8.035749172114202e-05	0.0	1.0	231707.31707317074
chrX	153724653	153724752	RNA10607	99	25	1.855196380346852e-05	0.0	1.0	252525.25252525255
chrX	153724670	153724769	RNA10608	99	26	1.1987565323156674e-05	0.0	1.0	262626.2626262627
chrX	153798747	153798911	RNA10609	164	30	2.7491140038660662e-05	1.8737649952527136e-05	1.0	182926.82926829267
chrX	153798999	153799163	RNA10610	164	26	0.006311661480559935	9.383349606650881e-06	0.8846153846153846	158536.58536585365
chrX	153830822	153830921	RNA10611	99	0				0.0
chrX	153860506	153860670	RNA10612	145	0				0.0
chrX	154010363	154010457	RNA10613	94	16	0.05033556582009169	0.0	0.9375	170212.7659574468
chrX	154758460	154758559	RNA10614	99	2	0.0	0.0	1.0	20202.020202020205
chrX	154778269	154778433	RNA10615	152	28	1.922328569240297e-05	0.0	1.0	184210.52631578947
