chrom	start	end	region_id	callable_bp	n_variants	mean_DAF	median_DAF	fraction_rare	variants_per_Mb_callable
chr1	10332	10469	RNA1001	75	0				0.0
chr1	10524	10613	RNA1002	0	0				
chr1	10607	10744	RNA1003	85	0				0.0
chr1	10893	10975	RNA1004	0	0				
chr1	11579	11662	RNA1005	0	0				
chr1	859624	859761	RNA1006	137	0				0.0
chr1	859954	860091	RNA1007	137	0				0.0
chr1	860077	860214	RNA1008	130	0				0.0
chr1	1019981	1020118	RNA1009	127	65	0.015633761055477615	1.512949984316947e-05	0.9846153846153847	511811.0236220472
chr1	1070610	1070699	RNA1010	89	26	0.004221605007667396	1.4703699889651034e-05	0.9615384615384616	292134.8314606742
chr1	1070625	1070707	RNA1011	82	23	0.004770330943440215	1.4703699889651034e-05	0.9565217391304348	280487.80487804883
chr1	1124182	1124271	RNA1012	89	24	0.041738744424984965	1.480745004300843e-05	0.9583333333333334	269662.9213483146
chr1	1124855	1124944	RNA1013	89	14	1.0497992726803724e-05	1.4696150174131617e-05	1.0	157303.37078651684
chr1	1125122	1125204	RNA1014	82	30	1.0779566794856995e-05	0.0	1.0	365853.65853658534
chr1	1125479	1125561	RNA1015	82	27	4.083281143080701e-05	0.0	1.0	329268.29268292687
chr1	1198855	1198937	RNA1016	82	26	2.2678049880104254e-05	7.348849976551719e-06	1.0	317073.1707317073
chr1	1199332	1199415	RNA1017	83	20	1.1764329974539578e-05	0.0	1.0	240963.85542168675
chr1	1199443	1199532	RNA1018	89	20	0.050008089205039144	7.35100002202671e-06	0.95	224719.1011235955
chr1	1199949	1200031	RNA1019	82	24	0.0003308636072081993	1.47044002005714e-05	1.0	292682.9268292683
chr1	1200446	1200535	RNA1020	89	28	2.310409968231064e-05	7.349250154220499e-06	1.0	314606.7415730337
chr1	1273877	1273966	RNA1021	89	40	0.025028531222096716	1.4726449990121182e-05	0.975	449438.202247191
chr1	1273894	1273976	RNA1022	81	39	2.963521497944159e-05	1.4729300346516538e-05	1.0	481481.48148148146
chr1	1292190	1292273	RNA1023	83	25	0.04001234650433617	0.0	0.96	301204.8192771085
chr1	1292301	1292384	RNA1024	83	23	3.578725195635799e-05	1.4697199731017465e-05	1.0	277108.4337349398
chr1	1330567	1330650	RNA1025	83	19	9.670305716051056e-05	0.0	1.0	228915.6626506024
chr1	1330759	1330842	RNA1026	83	12	8.576916722328557e-06	1.4700900010211626e-05	1.0	144578.31325301205
chr1	1399349	1399432	RNA1027	83	32	3.2621950055043674e-05	1.4698749964736635e-05	1.0	385542.1686746988
chr1	2050238	2050320	RNA1028	82	17	1.4730411749040953e-05	0.0	1.0	207317.0731707317
chr1	2050256	2050345	RNA1029	89	12	1.9640899987884837e-05	1.4731650026078569e-05	1.0	134831.4606741573
chr1	2310539	2310622	RNA1030	83	28	0.0013569754434489079	1.4698100130772218e-05	1.0	337349.3975903614
chr1	2565863	2565958	RNA1031	95	0				0.0
chr1	3441697	3441792	RNA1032	87	20	0.0011797792241850396	1.4703499800816644e-05	1.0	229885.05747126436
chr1	3487769	3487864	RNA1033	95	32	0.0033563151466182643	1.4698300219606608e-05	0.96875	336842.10526315786
chr1	3487808	3487903	RNA1034	95	24	3.429784950033194e-05	1.4696400285174605e-05	1.0	252631.57894736843
chr1	3614028	3614123	RNA1035	95	22	0.04628613169895535	1.4705650301038986e-05	0.9545454545454546	231578.94736842104
chr1	3616703	3616798	RNA1036	95	19	1.5471389384689055e-05	1.4696799553348685e-05	1.0	200000.0
chr1	3619056	3619169	RNA1037	113	25	0.08001611135878192	0.0	0.88	221238.93805309734
chr1	3630669	3630764	RNA1038	95	22	2.204887294448477e-05	7.348399776674342e-06	1.0	231578.94736842104
chr1	4557122	4557217	RNA1039	95	15	2.6455053193779154e-05	1.4697699953103438e-05	1.0	157894.73684210525
chr1	5028193	5028330	RNA1040	137	16	5.511843710337416e-06	0.0	1.0	116788.3211678832
chr1	6101207	6101296	RNA1041	89	29	0.03239545886230315	0.0	0.9310344827586207	325842.6966292135
chr1	6101427	6101509	RNA1042	82	19	2.1665042224505312e-05	0.0	1.0	231707.31707317074
chr1	6261274	6261357	RNA1043	83	17	3.806573551949371e-05	1.470929964852985e-05	1.0	204819.27710843371
chr1	7769730	7769843	RNA1044	113	22	1.0690413587739881e-05	7.348200142587302e-06	1.0	194690.26548672566
chr1	7770249	7770367	RNA1045	118	21	3.644146168620395e-05	1.4699399798701052e-05	1.0	177966.10169491524
chr1	8344674	8344787	RNA1046	97	17	0.058849835182466934	1.471189989388222e-05	0.9411764705882353	175257.7319587629
chr1	8345348	8345461	RNA1047	113	20	0.00015945661139084725	0.0	1.0	176991.15044247787
chr1	8346101	8346196	RNA1048	95	16	2.0214637743262025e-05	0.0	1.0	168421.05263157893
chr1	8348553	8348666	RNA1049	113	28	6.981553808925194e-05	0.0	1.0	247787.61061946902
chr1	8860841	8860954	RNA1050	113	22	7.3487999543431215e-06	0.0	1.0	194690.26548672566
chr1	8860843	8860956	RNA1051	113	22	7.3487999543431215e-06	0.0	1.0	194690.26548672566
chr1	8860849	8860962	RNA1052	113	21	7.698742809311842e-06	0.0	1.0	185840.70796460178
chr1	9824110	9824223	RNA1053	113	47	7.631431168540382e-05	1.4835000001767185e-05	1.0	415929.203539823
chr1	10631101	10631239	RNA1054	138	42	9.098330922695044e-06	0.0	1.0	304347.82608695654
chr1	10905536	10905654	RNA1055	118	21	0.0004850789033038603	1.4696799553348685e-05	1.0	177966.10169491524
chr1	11537959	11538032	RNA1056	73	17	0.05069816430343908	1.4701099644298664e-05	0.8823529411764706	232876.7123287671
chr1	11538067	11538138	RNA1057	71	21	0.13746815661038236	1.4698100130772218e-05	0.8571428571428571	295774.6478873239
chr1	11539618	11539691	RNA1058	73	21	2.062981911876304e-05	0.0	1.0	287671.23287671234
chr1	11549410	11549480	RNA1059	70	10	0.10001322794987573	1.4698749964736637e-05	0.9	142857.14285714284
chr1	11731967	11732039	RNA1060	72	13	0.07695474289945335	1.4700700376124589e-05	0.9230769230769231	180555.55555555556
chr1	11733063	11733135	RNA1061	72	15	2.091550025700902e-05	1.4794200069445653e-05	1.0	208333.33333333334
chr1	11733689	11733759	RNA1062	70	9	6.548866723379533e-06	0.0	1.0	128571.42857142857
chr1	11733930	11734000	RNA1063	70	13	9.048599937299374e-06	0.0	1.0	185714.2857142857
chr1	11852406	11852524	RNA1064	118	20	1.5447984924321646e-05	1.4708649814565433e-05	1.0	169491.5254237288
chr1	11873697	11873768	RNA1065	71	9	0.00012901129887014264	1.4701099644298664e-05	1.0	126760.56338028169
chr1	11877378	11877451	RNA1066	73	16	1.6569687545597844e-05	0.0	1.0	219178.08219178082
chr1	11890894	11890967	RNA1067	73	0				0.0
chr1	11898352	11898470	RNA1068	114	0				0.0
chr1	11902778	11902896	RNA1069	118	0				0.0
chr1	11916919	11917037	RNA1070	118	27	0.037077319159127195	1.4696400285174605e-05	0.9629629629629629	228813.5593220339
chr1	11919101	11919219	RNA1071	118	33	0.0035450421304576	0.0	0.9696969696969697	279661.0169491525
chr1	12016081	12016199	RNA1072	118	25	0.03963725583402265	0.0	0.92	211864.40677966102
chr1	12907762	12907880	RNA1073	118	0				0.0
chr1	13466578	13466691	RNA1074	113	14	6.405442016848626e-05	1.4698100130772218e-05	1.0	123893.80530973451
chr1	13882512	13882650	RNA1075	138	16	0.06251648234450613	0.0	0.875	115942.02898550725
chr1	15435279	15435417	RNA1076	138	0				0.0
chr1	15526539	15526609	RNA1077	70	24	4.349497036552162e-05	1.4697900041937828e-05	1.0	342857.14285714284
chr1	15526600	15526673	RNA1078	73	20	2.4252189723482355e-05	1.4696399830427254e-05	1.0	273972.602739726
chr1	15526632	15526770	RNA1079	138	41	2.7602653728267948e-05	1.469509970775107e-05	1.0	297101.4492753623
chr1	15526651	15526789	RNA1080	138	45	0.006864607772533618	0.0	0.9777777777777777	326086.95652173914
chr1	15526695	15526766	RNA1081	71	19	3.171633168101839e-05	1.469549988541985e-05	1.0	267605.63380281685
chr1	15526730	15526803	RNA1082	73	27	0.031332174132061213	0.0	0.9259259259259259	369863.0136986301
chr1	15669162	15669300	RNA1083	138	29	0.03451164934179767	1.4697699953103438e-05	0.9655172413793104	210144.92753623187
chr1	15670977	15671115	RNA1084	138	23	0.0005112380236902882	0.0	1.0	166666.66666666666
chr1	15673062	15673200	RNA1085	138	29	0.0022102561173408582	1.4706300135003405e-05	0.9655172413793104	210144.92753623187
chr1	15680167	15680237	RNA1086	70	10	1.1757820084312698e-05	7.347950031544315e-06	1.0	142857.14285714284
chr1	15680773	15680845	RNA1087	72	9	1.4697622039723987e-05	1.4698100130772218e-05	1.0	125000.0
chr1	15751733	15751803	RNA1088	70	1	0.0	0.0	1.0	14285.714285714284
chr1	15752198	15752270	RNA1089	72	15	5.788590642622167e-05	1.4703299711982254e-05	1.0	208333.33333333334
chr1	15803508	15803579	RNA1090	71	9	3.266417701928677e-05	0.0	1.0	126760.56338028169
chr1	15940557	15940630	RNA1091	73	15	1.46983267768519e-05	0.0	1.0	205479.4520547945
chr1	15941154	15941227	RNA1092	73	7	4.1999428503913805e-06	0.0	1.0	95890.4109589041
chr1	16438224	16438297	RNA1093	73	9	4.276731205107092e-05	1.4737999663338996e-05	1.0	123287.6712328767
chr1	16438283	16438356	RNA1094	73	14	0.002265358154350645	0.0	1.0	191780.8219178082
chr1	16439175	16439246	RNA1095	71	6	0.15367828045085238	2.2049550352676306e-05	0.8333333333333334	84507.04225352113
chr1	16440268	16440338	RNA1096	70	15	0.0020941120460217116	1.469549988541985e-05	1.0	214285.71428571426
chr1	16460406	16460544	RNA1097	138	0				0.0
chr1	16499262	16499335	RNA1098	73	0				0.0
chr1	16499264	16499337	RNA1099	73	0				0.0
chr1	16499278	16499349	RNA1100	71	0				0.0
chr1	16499279	16499349	RNA1101	70	0				0.0
chr1	16499282	16499353	RNA1102	71	0				0.0
chr1	16499282	16499354	RNA1103	72	0				0.0
chr1	16499284	16499357	RNA1104	73	0				0.0
chr1	16499288	16499361	RNA1105	73	0				0.0
chr1	16499291	16499361	RNA1106	70	0				0.0
chr1	16499292	16499362	RNA1107	70	0				0.0
chr1	16672053	16672123	RNA1108	0	0				
chr1	16672055	16672127	RNA1109	0	0				
chr1	16672116	16672189	RNA1110	0	0				
chr1	16672210	16672280	RNA1111	0	0				
chr1	16672423	16672495	RNA1112	0	0				
chr1	16672570	16672640	RNA1113	0	0				
chr1	16672575	16672647	RNA1114	0	0				
chr1	16672638	16672708	RNA1115	0	0				
chr1	16672674	16672745	RNA1116	0	0				
chr1	16673015	16673088	RNA1117	0	0				
chr1	16673105	16673178	RNA1118	0	0				
chr1	16673556	16673626	RNA1119	0	0				
chr1	16673654	16673726	RNA1120	0	0				
chr1	16673659	16673731	RNA1121	0	0				
chr1	16673849	16673922	RNA1122	69	0				0.0
chr1	16674001	16674071	RNA1123	70	0				0.0
chr1	16674144	16674214	RNA1124	70	0				0.0
chr1	16674144	16674217	RNA1125	73	0				0.0
chr1	16674249	16674320	RNA1126	71	0				0.0
chr1	16674274	16674344	RNA1127	70	0				0.0
chr1	16674323	16674394	RNA1128	71	0				0.0
chr1	16674396	16674469	RNA1129	73	0				0.0
chr1	16732829	16732901	RNA1130	72	0				0.0
chr1	16732984	16733054	RNA1131	70	0				0.0
chr1	16733082	16733154	RNA1132	72	0				0.0
chr1	16733703	16733775	RNA1133	0	0				
chr1	16734503	16734575	RNA1134	0	0				
chr1	16734646	16734716	RNA1135	0	0				
chr1	16734861	16734931	RNA1136	0	0				
chr1	16737752	16737822	RNA1137	0	0				
chr1	16739728	16739801	RNA1138	0	0				
chr1	16739729	16739801	RNA1139	0	0				
chr1	16739730	16739803	RNA1140	0	0				
chr1	16739735	16739806	RNA1141	0	0				
chr1	16739764	16739834	RNA1142	0	0				
chr1	16739778	16739851	RNA1143	0	0				
chr1	16739803	16739921	RNA1144	0	0				
chr1	16739822	16739895	RNA1145	0	0				
chr1	16739830	16739900	RNA1146	0	0				
chr1	16739841	16739914	RNA1147	0	0				
chr1	16739844	16739915	RNA1148	0	0				
chr1	16739848	16739921	RNA1149	0	0				
chr1	16739861	16739933	RNA1150	0	0				
chr1	16739863	16739934	RNA1151	0	0				
chr1	16973001	16973074	RNA1152	73	0				0.0
chr1	16973151	16973224	RNA1153	73	0				0.0
chr1	16973713	16973786	RNA1154	72	0				0.0
chr1	16973852	16973923	RNA1155	71	0				0.0
chr1	16974171	16974244	RNA1156	0	0				
chr1	16974258	16974329	RNA1157	0	0				
chr1	16974348	16974419	RNA1158	0	0				
chr1	16974401	16974474	RNA1159	0	0				
chr1	16974426	16974499	RNA1160	0	0				
chr1	17401812	17401885	RNA1161	73	14	1.36636570329886e-05	1.4697199731017465e-05	1.0	191780.8219178082
chr1	17402007	17402078	RNA1162	71	18	8.247990960322483e-05	2.9400099720078288e-05	1.0	253521.12676056338
chr1	17403014	17403084	RNA1163	70	15	5.5861160884281354e-05	1.4700700376124589e-05	1.0	214285.71428571426
chr1	17406158	17406231	RNA1164	73	17	0.00012707417879615773	1.469590006308863e-05	1.0	232876.7123287671
chr1	17698605	17698675	RNA1165	70	16	0.00015527329594532618	0.0	1.0	228571.42857142855
chr1	17699034	17699106	RNA1166	72	19	0.05309265055994298	1.4699799976369832e-05	0.9473684210526315	263888.8888888889
chr1	17750627	17750697	RNA1167	70	10	2.2053729753679364e-05	1.4707849913975224e-05	1.0	142857.14285714284
chr1	17753373	17753445	RNA1168	72	5	1.7646720334596466e-05	1.4700300198455809e-05	1.0	69444.44444444445
chr1	17832277	17832348	RNA1169	71	12	0.08328800119064302	1.4698099676024867e-05	0.9166666666666666	169014.08450704225
chr1	17841081	17841154	RNA1170	73	14	1.5750099789459326e-05	1.4698950053571025e-05	1.0	191780.8219178082
chr1	17888883	17888956	RNA1171	73	12	2.1824174533923297e-05	0.0	1.0	164383.5616438356
chr1	20493943	20494081	RNA1172	138	29	1.6726261931356466e-05	1.4697199731017465e-05	1.0	210144.92753623187
chr1	21504357	21504427	RNA1173	70	0				0.0
chr1	21504752	21504823	RNA1174	69	0				0.0
chr1	21506297	21506370	RNA1175	73	0				0.0
chr1	21508315	21508388	RNA1176	73	0				0.0
chr1	21674618	21674688	RNA1177	70	10	4.41034007963026e-06	0.0	1.0	142857.14285714284
chr1	21675727	21675797	RNA1178	67	14	0.0005955042437173132	1.48297499436012e-05	1.0	208955.223880597
chr1	21677581	21677653	RNA1179	72	11	1.870840854032109e-05	0.0	1.0	152777.77777777778
chr1	21677666	21677738	RNA1180	72	18	0.000982311699469075	1.4696799553348685e-05	1.0	250000.0
chr1	21798155	21798228	RNA1181	73	11	1.0731736272811593e-05	1.472100029786816e-05	1.0	150684.9315068493
chr1	21805684	21805755	RNA1182	71	14	0.0011931233316317903	7.349499810516136e-06	1.0	197183.0985915493
chr1	21808878	21808951	RNA1183	73	13	1.695911571284971e-05	0.0	1.0	178082.19178082192
chr1	23868486	23868619	RNA1184	133	27	1.3609559236671413e-05	1.4696799553348685e-05	1.0	203007.51879699246
chr1	23869960	23870091	RNA1185	131	18	8.166158128612099e-05	0.0	1.0	137404.58015267176
chr1	23870163	23870242	RNA1186	79	15	0.038262422672111523	0.0	0.9333333333333333	189873.417721519
chr1	23870228	23870357	RNA1187	129	35	0.01642082064567408	1.4698100130772218e-05	0.9714285714285714	271317.82945736434
chr1	25998910	25998984	RNA1188	74	15	0.00030567891553800227	1.4698500308440998e-05	1.0	202702.70270270272
chr1	27604454	27604583	RNA1189	129	20	3.7525615107364834e-05	7.35100002202671e-06	1.0	155038.75968992247
chr1	27604786	27604865	RNA1190	79	16	1.9291631133455667e-05	7.347950031544315e-06	1.0	202531.64556962025
chr1	27604793	27604926	RNA1191	133	29	1.0136468768780169e-05	0.0	1.0	218045.11278195487
chr1	27604903	27605034	RNA1192	131	27	5.988285213081528e-06	0.0	1.0	206106.87022900765
chr1	28540407	28540486	RNA1193	79	0				0.0
chr1	28541955	28542088	RNA1194	133	24	0.08332599079953222	0.0	0.9166666666666666	180451.12781954886
chr1	28542314	28542443	RNA1195	129	23	0.00015497789722164558	1.4713699783897027e-05	1.0	178294.57364341087
chr1	28542551	28542682	RNA1196	131	34	2.480282920955142e-05	0.0	1.0	259541.9847328244
chr1	28546722	28546801	RNA1197	79	20	8.09823491181305e-06	0.0	1.0	253164.55696202532
chr1	28549158	28549289	RNA1198	131	36	0.0008553917123461109	1.4700699921377236e-05	1.0	274809.1603053435
chr1	28549468	28549601	RNA1199	133	22	0.0007522441584445549	7.348849976551719e-06	1.0	165413.53383458644
chr1	28549622	28549751	RNA1200	129	22	0.01337472306142279	1.4698099676024867e-05	0.9545454545454546	170542.63565891472
chr1	28549732	28549861	RNA1201	129	28	8.398164287167934e-06	0.0	1.0	217054.26356589148
chr1	28550259	28550338	RNA1202	79	12	1.2252849955984857e-05	7.351649855991127e-06	1.0	151898.7341772152
chr1	28550524	28550655	RNA1203	123	28	0.02485756409026049	4.598225132212974e-05	0.9642857142857143	227642.2764227642
chr1	28550770	28550903	RNA1204	133	29	1.0226275882250147e-05	1.4729699614690617e-05	1.0	218045.11278195487
chr1	29123905	29123984	RNA1205	79	31	2.1443158226655984e-05	0.0	1.0	392405.0632911392
chr1	29123925	29124004	RNA1206	79	23	9.646056597652521e-06	0.0	1.0	291139.2405063291
chr1	29123930	29124009	RNA1207	79	23	8.999387042105967e-06	0.0	1.0	291139.2405063291
chr1	29124714	29124843	RNA1208	129	38	4.746496214417415e-05	1.4712400115968194e-05	1.0	294573.64341085276
chr1	29124716	29124849	RNA1209	133	38	4.785529632786288e-05	1.4715199995407602e-05	1.0	285714.2857142857
chr1	29124727	29124860	RNA1210	133	34	5.219117533402051e-05	1.4718899819854414e-05	1.0	255639.0977443609
chr1	29124728	29124859	RNA1211	131	32	5.452908627034251e-05	1.4718899819854414e-05	1.0	244274.80916030533
chr1	29124729	29124858	RNA1212	129	31	5.628808905325679e-05	1.4720199942530598e-05	1.0	240310.07751937985
chr1	29124731	29124862	RNA1213	131	34	5.219117533402051e-05	1.4718899819854414e-05	1.0	259541.9847328244
chr1	29124758	29124889	RNA1214	131	37	0.0024842701533408494	0.0	0.972972972972973	282442.7480916031
chr1	29124765	29124898	RNA1215	133	39	0.0024014681422881773	0.0	0.9743589743589743	293233.0827067669
chr1	29124775	29124904	RNA1216	129	41	0.0022843233548594855	0.0	0.975609756097561	317829.45736434107
chr1	29556776	29556907	RNA1217	131	33	0.09569086726443139	1.4710600225953384e-05	0.8181818181818182	251908.39694656487
chr1	29563611	29563740	RNA1218	129	26	0.03847916675018636	1.4698999621032272e-05	0.9615384615384616	201550.38759689924
chr1	29564682	29564815	RNA1219	133	26	0.019346256609039228	0.0	0.9230769230769231	195488.72180451127
chr1	29574540	29574619	RNA1220	79	13	1.922033796010729e-05	1.4696799553348685e-05	1.0	164556.96202531643
chr1	29973084	29973158	RNA1221	74	17	0.04155887686042928	0.0	0.9411764705882353	229729.72972972973
chr1	30868792	30868866	RNA1222	74	20	7.351124986598734e-06	0.0	1.0	270270.2702702703
chr1	30923692	30923766	RNA1223	74	8	5.514212375601346e-06	0.0	1.0	108108.10810810812
chr1	30928866	30928940	RNA1224	74	9	6.859134474425922e-05	1.4698999621032272e-05	1.0	121621.62162162163
chr1	31066302	31066376	RNA1225	74	19	0.0004842834047705822	0.0	1.0	256756.75675675675
chr1	31066822	31066896	RNA1226	74	17	3.38062646358805e-05	1.4730099792359397e-05	1.0	229729.72972972973
chr1	31069684	31069758	RNA1227	74	11	0.016242320249809622	1.4700700376124589e-05	0.9090909090909091	148648.64864864867
chr1	31483351	31483481	RNA1228	130	33	0.030317283318033857	0.0	0.9696969696969697	253846.15384615384
chr1	31950755	31950829	RNA1229	74	16	1.83808626843512e-05	1.4711249605170451e-05	1.0	216216.21621621624
chr1	33237912	33238010	RNA1230	98	13	3.39211922507152e-05	1.4697699953103438e-05	1.0	132653.0612244898
chr1	33513207	33513336	RNA1231	129	18	1.3070838879987908e-05	1.4702900443808176e-05	1.0	139534.88372093023
chr1	33513410	33513543	RNA1232	133	23	4.0269208749003255e-05	0.0	1.0	172932.33082706766
chr1	33513719	33513798	RNA1233	79	15	7.839586639117139e-06	0.0	1.0	189873.417721519
chr1	33513804	33513935	RNA1234	131	23	0.0013021594440151944	1.4698100130772218e-05	1.0	175572.51908396944
chr1	34690646	34690782	RNA1235	136	35	0.02786347922205355	0.0	0.9428571428571428	257352.94117647057
chr1	35568250	35568380	RNA1236	130	21	1.1199333390063007e-05	0.0	1.0	161538.46153846156
chr1	35930567	35930641	RNA1237	74	20	2.2047615175319686e-05	1.469764993089484e-05	1.0	270270.2702702703
chr1	36329384	36329514	RNA1238	127	18	2.7779233732870518e-05	1.4696149719384266e-05	1.0	141732.28346456692
chr1	36400468	36400598	RNA1239	129	33	0.060630362138330056	1.4708500202686992e-05	0.8787878787878788	255813.9534883721
chr1	36400902	36401032	RNA1240	130	21	1.820480953202121e-05	1.4698999621032272e-05	1.0	161538.46153846156
chr1	36450452	36450582	RNA1241	130	33	0.03031239343029787	1.4702900443808176e-05	0.9696969696969697	253846.15384615384
chr1	36450460	36450590	RNA1242	130	35	1.0929762798436318e-05	0.0	1.0	269230.7692307692
chr1	36519651	36519781	RNA1243	130	34	0.00033939772977057423	1.4696999642183075e-05	1.0	261538.46153846156
chr1	37153908	37154006	RNA1244	98	19	1.5478378707867752e-05	1.4699799976369832e-05	1.0	193877.55102040817
chr1	37487922	37488052	RNA1245	130	27	1.4159600006543542e-05	0.0	1.0	207692.30769230772
chr1	37990460	37990558	RNA1246	98	26	0.0004540381305909786	7.347749942709925e-06	1.0	265306.1224489796
chr1	38046824	38046922	RNA1247	98	3	8.903740157013222e-05	2.9670100047951564e-05	1.0	30612.244897959183
chr1	38046839	38046937	RNA1248	98	10	4.590829048538256e-05	2.9695200282731093e-05	1.0	102040.81632653062
chr1	38276641	38276739	RNA1249	98	17	1.1239876531523323e-05	0.0	1.0	173469.38775510204
chr1	38276713	38276811	RNA1250	98	24	3.307263826475728e-05	7.348849976551719e-06	1.0	244897.95918367346
chr1	38293748	38293846	RNA1251	98	15	1.763637962236654e-05	0.0	1.0	153061.22448979592
chr1	38731733	38731869	RNA1252	136	25	0.0015993383627210258	0.0	1.0	183823.52941176473
chr1	38835608	38835706	RNA1253	98	8	6.0625499372690615e-05	1.4696999642183075e-05	1.0	81632.65306122448
chr1	39491492	39491628	RNA1254	136	0				0.0
chr1	39559766	39559902	RNA1255	133	33	1.5219027166795356e-05	0.0	1.0	248120.3007518797
chr1	39559892	39560028	RNA1256	136	56	0.03735937169267345	1.4705899957334624e-05	0.9464285714285714	411764.7058823529
chr1	39594158	39594294	RNA1257	136	21	0.047632348138081614	1.4700300198455809e-05	0.9523809523809523	154411.76470588235
chr1	39598137	39598273	RNA1258	136	0				0.0
chr1	39674668	39674767	RNA1259	99	5	1.4697739970870316e-05	1.4697699953103438e-05	1.0	50505.0505050505
chr1	39677827	39677963	RNA1260	136	31	6.923251631603348e-05	0.0	1.0	227941.17647058822
chr1	39788865	39788935	RNA1261	70	27	5.680092069976802e-05	0.0	1.0	385714.28571428574
chr1	39788866	39788965	RNA1262	99	37	4.503270434184178e-05	0.0	1.0	373737.37373737374
chr1	39788870	39788967	RNA1263	97	39	4.4611947743806954e-05	0.0	1.0	402061.8556701031
chr1	39788871	39788944	RNA1264	73	29	5.440754341242548e-05	0.0	1.0	397260.27397260274
chr1	39788872	39788944	RNA1265	72	29	5.440754341242548e-05	0.0	1.0	402777.7777777778
chr1	39821201	39821316	RNA1266	115	22	0.0007125036555738515	0.0	1.0	191304.34782608697
chr1	40552741	40552877	RNA1267	136	32	0.019947286728410063	1.4725349956279388e-05	0.96875	235294.11764705883
chr1	41414803	41414933	RNA1268	130	28	2.677854630356559e-05	1.4698549875902245e-05	1.0	215384.6153846154
chr1	42919268	42919366	RNA1269	98	18	0.003849347256770362	7.352499778789934e-06	0.9444444444444444	183673.46938775512
chr1	43643747	43643862	RNA1270	115	20	0.00017221944494848898	1.4700249721499858e-05	1.0	173913.04347826086
chr1	43643843	43643942	RNA1271	99	14	0.07148551117143143	1.4710400137118995e-05	0.9285714285714286	141414.1414141414
chr1	43644108	43644181	RNA1272	73	13	9.140238524616087e-06	0.0	1.0	178082.19178082192
chr1	43645591	43645663	RNA1273	72	11	3.073317318259901e-05	1.469549988541985e-05	1.0	152777.77777777778
chr1	43645595	43645694	RNA1274	99	15	2.253766033390594e-05	1.4694600395159796e-05	1.0	151515.15151515152
chr1	43646354	43646424	RNA1275	70	12	0.00023926632472163364	0.0	1.0	171428.57142857142
chr1	43648855	43648952	RNA1276	97	9	1.4708966672414033e-05	1.4699799976369832e-05	1.0	92783.50515463918
chr1	44398456	44398555	RNA1277	99	17	0.05775367852166871	1.47024002217222e-05	0.9411764705882353	171717.1717171717
chr1	44402177	44402276	RNA1278	99	22	0.0010210258678026414	1.4697699953103438e-05	1.0	222222.22222222222
chr1	44403052	44403151	RNA1279	99	13	1.0176807826120728e-05	0.0	1.0	131313.13131313134
chr1	44403505	44403641	RNA1280	136	26	4.8682495127228475e-05	1.4699000075779622e-05	1.0	191176.47058823527
chr1	44674489	44674604	RNA1281	115	41	2.3664460680197703e-05	1.4696400285174605e-05	1.0	356521.73913043475
chr1	44674499	44674569	RNA1282	70	22	1.2697922556981212e-05	0.0	1.0	314285.71428571426
chr1	44674499	44674571	RNA1283	72	23	1.4702330348803155e-05	0.0	1.0	319444.44444444444
chr1	44674503	44674600	RNA1284	97	35	2.309853402298848e-05	0.0	1.0	360824.74226804124
chr1	44674504	44674603	RNA1285	99	35	2.3098805468178617e-05	0.0	1.0	353535.35353535356
chr1	44674517	44674616	RNA1286	99	30	2.645835305277731e-05	1.4696400285174605e-05	1.0	303030.30303030304
chr1	44674535	44674634	RNA1287	99	38	2.321007349038055e-05	7.348200142587302e-06	1.0	383838.38383838383
chr1	44674548	44674647	RNA1288	99	35	2.51995083609846e-05	1.4696400285174605e-05	1.0	353535.35353535356
chr1	44674553	44674668	RNA1289	115	39	3.882458666992253e-05	0.0	1.0	339130.4347826087
chr1	44674566	44674639	RNA1290	73	28	2.9923956877348324e-05	1.4696599919261644e-05	1.0	383561.6438356164
chr1	44674571	44674686	RNA1291	115	35	4.0741759403315095e-05	1.4696400285174605e-05	1.0	304347.82608695654
chr1	44674584	44674683	RNA1292	99	28	3.412896746470068e-05	0.0	1.0	282828.2828282828
chr1	44735878	44735993	RNA1293	115	23	1.983232643554916e-05	0.0	1.0	200000.0
chr1	44736904	44737019	RNA1294	115	21	1.1897995050058991e-05	0.0	1.0	182608.69565217392
chr1	44737863	44737962	RNA1295	99	20	5.748817566199842e-05	1.4721899788128212e-05	1.0	202020.202020202
chr1	44739670	44739740	RNA1296	70	19	0.00010984627193752396	0.0	1.0	271428.5714285714
chr1	44739672	44739769	RNA1297	97	35	0.0004040877682460335	0.0	1.0	360824.74226804124
chr1	44739677	44739776	RNA1298	99	35	0.00040450772539770324	0.0	1.0	353535.35353535356
chr1	44739679	44739751	RNA1299	72	23	0.0006110818429711426	0.0	1.0	319444.44444444444
chr1	44739685	44739755	RNA1300	70	22	0.0005520085600520264	0.0	1.0	314285.71428571426
chr1	44739693	44739766	RNA1301	73	26	0.00046708423157654536	0.0	1.0	356164.38356164383
chr1	44739695	44739792	RNA1302	97	32	0.0003822613975898994	0.0	1.0	329896.90721649484
chr1	44739720	44739792	RNA1303	72	28	0.00043582036512036885	0.0	1.0	388888.8888888889
chr1	44739725	44739798	RNA1304	73	28	0.00043582037941242846	0.0	1.0	383561.6438356164
chr1	44778933	44779005	RNA1305	72	12	1.224983308626785e-05	7.349499810516136e-06	1.0	166666.66666666666
chr1	44779011	44779110	RNA1306	99	22	0.027935842581634705	1.469549988541985e-05	0.9545454545454546	222222.22222222222
chr1	44779354	44779424	RNA1307	70	17	0.0019593566868185393	0.0	1.0	242857.14285714284
chr1	44779356	44779453	RNA1308	97	25	0.0013382515550620128	1.4699399798701052e-05	1.0	257731.95876288658
chr1	44780191	44780263	RNA1309	72	17	0.05884082332966714	1.470159986638464e-05	0.9411764705882353	236111.1111111111
chr1	44780234	44780307	RNA1310	73	13	9.062354015790894e-06	0.0	1.0	178082.19178082192
chr1	44780734	44780831	RNA1311	97	25	3.821574380708152e-05	1.4700300198455809e-05	1.0	257731.95876288658
chr1	44780737	44780834	RNA1312	97	22	3.073616372520172e-05	1.4701600321131991e-05	1.0	226804.12371134022
chr1	44780902	44780975	RNA1313	73	14	2.2053550310371742e-05	7.348599865508732e-06	1.0	191780.8219178082
chr1	44781235	44781307	RNA1314	72	11	6.681581742834004e-06	0.0	1.0	152777.77777777778
chr1	44781253	44781323	RNA1315	70	8	7.349162501668616e-06	7.348200142587302e-06	1.0	114285.71428571428
chr1	44781294	44781393	RNA1316	99	26	0.0384717137039493	0.0	0.9615384615384616	262626.2626262627
chr1	44781335	44781405	RNA1317	70	19	0.052641634947528805	0.0	0.9473684210526315	271428.5714285714
chr1	44781512	44781585	RNA1318	73	11	1.2029172797734976e-05	1.470200004405342e-05	1.0	150684.9315068493
chr1	44781734	44781849	RNA1319	115	17	1.3831612009466079e-05	1.469509970775107e-05	1.0	147826.08695652176
chr1	45760962	45761061	RNA1320	99	0				0.0
chr1	45761162	45761261	RNA1321	99	0				0.0
chr1	45763102	45763217	RNA1322	114	0				0.0
chr1	45763522	45763594	RNA1323	72	0				0.0
chr1	45766107	45766177	RNA1324	70	0				0.0
chr1	45766186	45766283	RNA1325	94	0				0.0
chr1	45770930	45771003	RNA1326	73	0				0.0
chr1	48503522	48503619	RNA1327	97	12	0.003242705063106147	1.469764993089484e-05	1.0	123711.34020618557
chr1	48509043	48509113	RNA1328	70	5	1.1761499990825541e-05	1.4697199731017465e-05	1.0	71428.57142857142
chr1	48509417	48509490	RNA1329	73	10	5.879319996893173e-06	0.0	1.0	136986.301369863
chr1	48513252	48513351	RNA1330	99	0				0.0
chr1	48515776	48515875	RNA1331	99	0				0.0
chr1	48518716	48518788	RNA1332	72	13	0.00043083576208748005	0.0	1.0	180555.55555555556
chr1	48532260	48532375	RNA1333	115	13	1.1306530653270714e-05	0.0	1.0	113043.47826086957
chr1	50325655	50325727	RNA1334	72	0				0.0
chr1	53968926	53968998	RNA1335	72	11	1.0782354531164112e-05	0.0	1.0	152777.77777777778
chr1	54844943	54845015	RNA1336	56	22	0.014659513718553075	0.0	0.9090909090909091	392857.14285714284
chr1	54846799	54846871	RNA1337	72	9	0.03281797180574761	0.0	0.8888888888888888	125000.0
chr1	54847241	54847313	RNA1338	72	19	2.1658647423652034e-05	0.0	1.0	263888.8888888889
chr1	54994755	54994827	RNA1339	72	13	9.95034806692229e-05	0.0	1.0	180555.55555555556
chr1	54995216	54995288	RNA1340	72	10	2.9396499849089563e-05	2.2051900032238336e-05	1.0	138888.8888888889
chr1	55065129	55065201	RNA1341	72	18	2.6130472128387254e-05	1.469724975322606e-05	1.0	250000.0
chr1	55217544	55217616	RNA1342	72	15	1.4703432922639057e-05	0.0	1.0	208333.33333333334
chr1	56918289	56918361	RNA1343	72	18	0.055569436766493	0.0	0.9444444444444444	250000.0
chr1	61667560	61667637	RNA1344	77	0				0.0
chr1	65416342	65416419	RNA1345	77	14	0.07145694997162925	2.2527749933942687e-05	0.9285714285714286	181818.18181818182
chr1	66376034	66376111	RNA1346	77	16	6.064702307639788e-05	0.0	1.0	207792.2077922078
chr1	66376592	66376669	RNA1347	77	11	0.008060570824289409	1.4696799553348685e-05	0.9090909090909091	142857.14285714284
chr1	66376928	66377005	RNA1348	77	13	0.005568423080988459	0.0	0.9230769230769231	168831.16883116882
chr1	66751538	66751615	RNA1349	77	18	0.016602714874807134	0.0	0.9444444444444444	233766.23376623375
chr1	66751920	66751997	RNA1350	77	9	4.900377765200877e-06	0.0	1.0	116883.11688311688
chr1	66752108	66752185	RNA1351	77	28	0.0003103244410535155	7.348849976551719e-06	1.0	363636.36363636365
chr1	67633090	67633167	RNA1352	77	18	2.367806140075663e-05	1.4696349808218656e-05	1.0	233766.23376623375
chr1	70788400	70788477	RNA1353	77	11	9.360327236539558e-06	0.0	1.0	142857.14285714284
chr1	70789008	70789091	RNA1354	83	10	0.010106224408991685	0.0	0.9	120481.92771084337
chr1	70790476	70790546	RNA1355	70	11	4.81144363055277e-05	0.0	1.0	157142.85714285713
chr1	70807725	70807802	RNA1356	77	11	6.682099906770005e-06	0.0	1.0	142857.14285714284
chr1	74770854	74770931	RNA1357	77	13	6.795023182348814e-06	0.0	1.0	168831.16883116882
chr1	74775333	74775403	RNA1358	70	20	2.5891900259007458e-05	0.0	1.0	285714.2857142857
chr1	74791000	74791083	RNA1359	83	20	0.0030649594953956636	7.351450221904088e-06	0.95	240963.85542168675
chr1	75185890	75185967	RNA1360	77	13	1.2441346300944973e-05	1.4700700376124589e-05	1.0	168831.16883116882
chr1	75186250	75186320	RNA1361	70	11	0.16344050797934787	1.4698100130772218e-05	0.8181818181818182	157142.85714285713
chr1	75187339	75187416	RNA1362	77	17	0.002438145368935637	1.4696400285174605e-05	1.0	220779.22077922078
chr1	75189071	75189154	RNA1363	83	18	1.7148183107766884e-05	1.4696999642183075e-05	1.0	216867.4698795181
chr1	75189163	75189240	RNA1364	77	22	1.6702559026845445e-05	0.0	1.0	285714.2857142857
chr1	75194805	75194888	RNA1365	83	13	1.1307530957520403e-05	1.4697699953103438e-05	1.0	156626.5060240964
chr1	75196784	75196867	RNA1366	83	14	5.250285669587486e-06	0.0	1.0	168674.6987951807
chr1	75197369	75197439	RNA1367	70	12	2.696101622252785e-05	0.0	1.0	171428.57142857142
chr1	75197812	75197882	RNA1368	70	12	8.084528955502303e-05	0.0	1.0	171428.57142857142
chr1	76676263	76676340	RNA1369	77	28	0.0005422492900249422	0.0	1.0	363636.36363636365
chr1	76678285	76678362	RNA1370	77	7	8.400714250456078e-06	0.0	1.0	90909.09090909091
chr1	76680934	76681004	RNA1371	70	8	0.00012676823473611193	7.348200142587302e-06	1.0	114285.71428571428
chr1	76681180	76681257	RNA1372	77	15	1.3721573183526441e-05	1.4699399798701052e-05	1.0	194805.19480519483
chr1	76682849	76682932	RNA1373	83	14	7.350471475677166e-06	0.0	1.0	168674.6987951807
chr1	76685232	76685315	RNA1374	83	16	2.3894630885473632e-05	1.470239976697485e-05	1.0	192771.0843373494
chr1	76687980	76688050	RNA1375	70	7	0.00011550074227019114	1.4704200111737007e-05	1.0	100000.0
chr1	76692109	76692179	RNA1376	70	15	8.818980010498004e-06	0.0	1.0	214285.71428571426
chr1	76693538	76693621	RNA1377	83	16	0.002646732139737651	0.0	1.0	192771.0843373494
chr1	76825310	76825393	RNA1378	83	17	0.026854787429382507	0.0	0.9411764705882353	204819.27710843371
chr1	76826805	76826875	RNA1379	70	10	0.00016050356070990135	7.361149982898496e-06	1.0	142857.14285714284
chr1	76829655	76829732	RNA1380	77	14	0.07143803050004342	1.4712600204802584e-05	0.9285714285714286	181818.18181818182
chr1	80299523	80299602	RNA1381	79	24	0.04167588390824525	1.4746000033483142e-05	0.9583333333333334	303797.4683544304
chr1	80777848	80777931	RNA1382	83	19	0.10525465007843819	0.0	0.8947368421052632	228915.6626506024
chr1	80782313	80782390	RNA1383	77	10	1.7648429638932556e-05	0.0	1.0	129870.12987012985
chr1	80783690	80783760	RNA1384	70	16	0.024507057092023377	1.4729949725733604e-05	0.9375	228571.42857142855
chr1	84021344	84021423	RNA1385	79	14	6.3006357647412055e-06	0.0	1.0	177215.18987341772
chr1	84998998	84999077	RNA1386	79	21	0.014066899807836477	1.4698999621032272e-05	0.9523809523809523	265822.7848101266
chr1	85133399	85133478	RNA1387	79	14	1.1586356972007447e-05	0.0	1.0	177215.18987341772
chr1	85133679	85133758	RNA1388	79	13	1.8092454061283766e-05	1.469590006308863e-05	1.0	164556.96202531643
chr1	85136154	85136233	RNA1389	79	16	5.518956243122375e-06	0.0	1.0	202531.64556962025
chr1	85143724	85143803	RNA1390	79	9	0.00031851808115687376	1.4700700376124589e-05	1.0	113924.05063291139
chr1	85222385	85222464	RNA1391	79	14	3.1498428662806484e-06	0.0	1.0	177215.18987341772
chr1	86820149	86820228	RNA1392	79	14	0.05567075745615772	1.4701150121254614e-05	0.9285714285714286	177215.18987341772
chr1	88840400	88840472	RNA1393	72	10	5.902710017835489e-06	0.0	1.0	138888.8888888889
chr1	88848565	88848659	RNA1394	85	17	0.00013054935152467454	0.0	1.0	200000.0
chr1	88851806	88851885	RNA1395	79	12	2.0821616923658026e-05	1.469724975322606e-05	1.0	151898.7341772152
chr1	88851839	88851923	RNA1396	84	16	1.4698181416861189e-05	0.0	1.0	190476.19047619047
chr1	89989833	89989912	RNA1397	79	22	0.06866934910063223	0.0	0.9090909090909091	278481.0126582278
chr1	91908225	91908319	RNA1398	94	11	2.6732817456253213e-06	0.0	1.0	117021.27659574468
chr1	92508091	92508163	RNA1399	64	14	9.28578336762588e-05	1.6213549315580167e-05	1.0	218750.0
chr1	92802884	92802978	RNA1400	94	19	1.5476121198413527e-05	1.4699399798701052e-05	1.0	202127.65957446807
chr1	92829541	92829635	RNA1401	94	22	0.0004003062309410833	0.0	1.0	234042.55319148937
chr1	92829974	92830058	RNA1402	84	12	9.798583278097794e-06	7.348399776674342e-06	1.0	142857.14285714284
chr1	92830690	92830769	RNA1403	79	11	0.00017937184673593592	0.0	1.0	139240.5063291139
chr1	92830800	92830894	RNA1404	94	20	0.00022825575438218613	0.0	1.0	212765.95744680852
chr1	92964242	92964336	RNA1405	94	18	6.533088910348144e-06	0.0	1.0	191489.36170212764
chr1	92964731	92964825	RNA1406	94	22	0.00029610664209526354	0.0	1.0	234042.55319148937
chr1	92966133	92966227	RNA1407	94	13	4.1841277379713594e-05	0.0	1.0	138297.87234042553
chr1	93418242	93418314	RNA1408	72	8	3.677224981402105e-06	0.0	1.0	111111.11111111111
chr1	93425534	93425606	RNA1409	72	11	1.2027599867988927e-05	0.0	1.0	152777.77777777778
chr1	93441773	93441845	RNA1410	72	10	1.0291449871147052e-05	7.349699899350526e-06	1.0	138888.8888888889
chr1	93554816	93554900	RNA1411	84	12	9.800241590104028e-06	0.0	1.0	142857.14285714284
chr1	93555008	93555087	RNA1412	79	20	0.00021682718097508006	7.347549853875535e-06	1.0	253164.55696202532
chr1	93555313	93555392	RNA1413	79	8	5.513250016520033e-06	0.0	1.0	101265.82278481012
chr1	93555351	93555435	RNA1414	84	15	1.6659719525094384e-05	0.0	1.0	178571.42857142858
chr1	93557149	93557221	RNA1415	72	10	1.175873976535513e-05	7.348849976551719e-06	1.0	138888.8888888889
chr1	93557892	93557964	RNA1416	72	10	1.0291400121786864e-05	0.0	1.0	138888.8888888889
chr1	93558205	93558284	RNA1417	79	15	1.862655317381459e-05	0.0	1.0	189873.417721519
chr1	93558561	93558645	RNA1418	84	19	9.289294690748456e-06	1.47024002217222e-05	1.0	226190.47619047618
chr1	93560452	93560524	RNA1419	72	8	2.204543773131273e-05	7.347749942709925e-06	1.0	111111.11111111111
chr1	93856461	93856545	RNA1420	84	32	0.0015611119044649478	0.0	1.0	380952.38095238095
chr1	93856812	93856891	RNA1421	79	16	0.02766738286089775	1.469764993089484e-05	0.9375	202531.64556962025
chr1	93856832	93856911	RNA1422	79	15	4.0173079408598976e-05	1.4696799553348685e-05	1.0	189873.417721519
chr1	93856860	93856954	RNA1423	94	29	0.02057953184038492	1.4700700376124589e-05	0.9655172413793104	308510.6382978723
chr1	93857652	93857736	RNA1424	84	18	0.05558331978343429	7.348849976551719e-06	0.9444444444444444	214285.71428571426
chr1	93865850	93865934	RNA1425	84	20	0.016872522166613627	0.0	0.95	238095.23809523808
chr1	93866036	93866115	RNA1426	79	17	1.0375741166011294e-05	0.0	1.0	215189.87341772154
chr1	94418281	94418353	RNA1427	72	21	9.106838141243706e-06	1.470460028940579e-05	1.0	291666.6666666667
chr1	94895884	94895963	RNA1428	79	10	0.007881117790111603	1.4695250229124213e-05	0.9	126582.27848101266
chr1	94895983	94896067	RNA1429	84	16	2.3887494023711042e-05	1.4698549875902245e-05	1.0	190476.19047619047
chr1	96606317	96606411	RNA1430	94	0				0.0
chr1	98514178	98514250	RNA1431	72	15	4.0188280521153224e-05	0.0	1.0	208333.33333333334
chr1	98768433	98768517	RNA1432	84	12	0.043154775486982544	1.469984999857843e-05	0.9166666666666666	142857.14285714284
chr1	98773392	98773471	RNA1433	79	23	2.3651321617245532e-05	1.4700300198455809e-05	1.0	291139.2405063291
chr1	108113382	108113461	RNA1434	79	12	0.00013720188500580317	0.0	1.0	151898.7341772152
chr1	112165227	112165306	RNA1435	79	16	0.023617221585595864	1.4698950053571025e-05	0.9375	202531.64556962025
chr1	112751874	112751953	RNA1436	79	0				0.0
chr1	112753574	112753653	RNA1437	79	17	2.1675999532275278e-05	1.471759969717823e-05	1.0	215189.87341772154
chr1	112757432	112757511	RNA1438	79	13	1.2438023077265825e-05	1.4698999621032272e-05	1.0	164556.96202531643
chr1	112889908	112889987	RNA1439	79	15	5.881120038490432e-06	0.0	1.0	189873.417721519
chr1	112894047	112894126	RNA1440	79	14	2.3097521209686446e-05	7.348599865508732e-06	1.0	177215.18987341772
chr1	112903243	112903322	RNA1441	79	13	1.130719241560795e-05	0.0	1.0	164556.96202531643
chr1	113922138	113922217	RNA1442	79	10	4.410430119605735e-06	0.0	1.0	126582.27848101266
chr1	115479017	115479088	RNA1443	71	20	3.24798254950978e-05	0.0	1.0	281690.1408450704
chr1	115844482	115844555	RNA1444	73	15	8.821366585228436e-06	0.0	1.0	205479.4520547945
chr1	116070178	116070251	RNA1445	73	0				0.0
chr1	116070288	116070361	RNA1446	73	0				0.0
chr1	116070331	116070401	RNA1447	70	0				0.0
chr1	116070696	116070769	RNA1448	73	0				0.0
chr1	116070925	116070997	RNA1449	72	0				0.0
chr1	116070936	116071009	RNA1450	73	0				0.0
chr1	117723582	117723661	RNA1451	79	0				0.0
chr1	119537620	119537691	RNA1452	71	16	2.0210456170843827e-05	1.4698300219606608e-05	1.0	225352.11267605633
chr1	119846972	119847045	RNA1453	73	24	9.186529268845334e-06	0.0	1.0	328767.1232876712
chr1	119847321	119847394	RNA1454	73	0				0.0
chr1	119847698	119847771	RNA1455	73	21	0.10470909723595209	1.4697199731017465e-05	0.8571428571428571	287671.23287671234
chr1	120102476	120102548	RNA1456	72	18	0.0555621093388052	1.4697199731017465e-05	0.9444444444444444	250000.0
chr1	120107110	120107183	RNA1457	73	19	1.392060537335357e-05	0.0	1.0	260273.9726027397
chr1	120108979	120109052	RNA1458	73	22	1.4702022740077653e-05	0.0	1.0	301369.8630136986
chr1	120109196	120109266	RNA1459	70	19	9.747807411928145e-05	0.0	1.0	271428.5714285714
chr1	120413171	120413242	RNA1460	71	0				0.0
chr1	120413707	120413778	RNA1461	0	0				
chr1	120414775	120414846	RNA1462	71	0				0.0
chr1	120842919	120842992	RNA1463	41	0				0.0
chr1	120843055	120843128	RNA1464	9	0				0.0
chr1	120843152	120843223	RNA1465	49	0				0.0
chr1	120843189	120843260	RNA1466	71	0				0.0
chr1	120843223	120843296	RNA1467	73	0				0.0
chr1	120843454	120843525	RNA1468	71	0				0.0
chr1	120843617	120843690	RNA1469	73	0				0.0
chr1	120858556	120858629	RNA1470	0	0				
chr1	120859813	120859886	RNA1471	73	0				0.0
chr1	120860374	120860447	RNA1472	73	0				0.0
chr1	120911055	120911125	RNA1473	70	0				0.0
chr1	120911131	120911204	RNA1474	73	0				0.0
chr1	120911171	120911244	RNA1475	73	0				0.0
chr1	120911258	120911330	RNA1476	72	0				0.0
chr1	120911375	120911448	RNA1477	65	0				0.0
chr1	120911414	120911487	RNA1478	65	0				0.0
chr1	120911629	120911702	RNA1479	73	0				0.0
chr1	120911673	120911743	RNA1480	66	0				0.0
chr1	120911686	120911759	RNA1481	54	0				0.0
chr1	120911693	120911766	RNA1482	47	0				0.0
chr1	120911821	120911894	RNA1483	0	0				
chr1	120911931	120912004	RNA1484	57	0				0.0
chr1	120911990	120912060	RNA1485	70	0				0.0
chr1	120912003	120912075	RNA1486	72	0				0.0
chr1	120912018	120912090	RNA1487	69	0				0.0
chr1	120912062	120912135	RNA1488	25	0				0.0
chr1	120912094	120912167	RNA1489	0	0				
chr1	121052463	121052535	RNA1490	72	22	2.33846734028505e-05	1.4696400285174605e-05	1.0	305555.55555555556
chr1	121052987	121053060	RNA1491	73	11	6.688754514140204e-06	0.0	1.0	150684.9315068493
chr1	121053111	121053184	RNA1492	73	12	1.8375725176156266e-05	1.4699599887535442e-05	1.0	164383.5616438356
chr1	121053362	121053435	RNA1493	73	8	3.311307546026619e-05	1.471799987484701e-05	1.0	109589.04109589041
chr1	121053614	121053687	RNA1494	73	10	1.4734310116182315e-05	1.4732750059920363e-05	1.0	136986.301369863
chr1	121053839	121053912	RNA1495	73	17	1.388838245475199e-05	1.4752299648534972e-05	1.0	232876.7123287671
chr1	121054621	121054694	RNA1496	73	24	0.04198465532177428	7.348849976551719e-06	0.9583333333333334	328767.1232876712
chr1	121054638	121054708	RNA1497	70	25	0.04305720736134389	1.4698999621032272e-05	0.92	357142.85714285716
chr1	121055080	121055153	RNA1498	73	16	0.001517384734142979	0.0	1.0	219178.08219178082
chr1	121055239	121055312	RNA1499	73	14	0.00011735110404385056	0.0	1.0	191780.8219178082
chr1	121056470	121056543	RNA1500	73	18	1.1434472222996797e-05	7.348599865508732e-06	1.0	246575.3424657534
chr1	121056675	121056747	RNA1501	72	17	0.06028293442266337	1.4700700376124589e-05	0.9411764705882353	236111.1111111111
chr1	121058514	121058584	RNA1502	70	22	2.8068105166302604e-05	0.0	1.0	314285.71428571426
chr1	121058574	121058647	RNA1503	73	15	6.911506595012421e-06	0.0	1.0	205479.4520547945
chr1	121065769	121065841	RNA1504	72	26	5.8226562277219855e-05	1.4697199731017465e-05	1.0	361111.1111111111
chr1	121067943	121068013	RNA1505	7	0				0.0
chr1	121076467	121076540	RNA1506	73	15	4.508934677383792e-05	1.4708500202686992e-05	1.0	205479.4520547945
chr1	121086176	121086249	RNA1507	73	24	0.00024066764312162024	0.0	1.0	328767.1232876712
chr1	121483489	121483560	RNA1508	71	26	0.00028388570735142244	1.4701349755341653e-05	1.0	366197.1830985916
chr1	121606888	121606958	RNA1509	0	0				
chr1	121606894	121606967	RNA1510	0	0				
chr1	121607759	121607831	RNA1511	0	0				
chr1	121607982	121608055	RNA1512	0	0				
chr1	121609473	121609546	RNA1513	66	0				0.0
chr1	121609762	121609835	RNA1514	0	0				
chr1	121610250	121610323	RNA1515	0	0				
chr1	143541549	143541620	RNA1516	71	0				0.0
chr1	143541598	143541671	RNA1517	73	0				0.0
chr1	143574149	143574220	RNA1518	71	0				0.0
chr1	143574778	143574851	RNA1519	73	0				0.0
chr1	143587276	143587347	RNA1520	71	0				0.0
chr1	143594926	143594997	RNA1521	71	0				0.0
chr1	143594989	143595062	RNA1522	73	0				0.0
chr1	143595021	143595092	RNA1523	71	0				0.0
chr1	143595081	143595215	RNA1524	134	0				0.0
chr1	143688237	143688308	RNA1525	71	0				0.0
chr1	143689184	143689255	RNA1526	71	0				0.0
chr1	143689469	143689540	RNA1527	71	0				0.0
chr1	143690145	143690218	RNA1528	73	0				0.0
chr1	143690857	143690928	RNA1529	71	0				0.0
chr1	143697942	143698013	RNA1530	71	0				0.0
chr1	143699648	143699719	RNA1531	68	0				0.0
chr1	143699653	143699726	RNA1532	66	0				0.0
chr1	143699706	143699840	RNA1533	123	0				0.0
chr1	143699712	143699785	RNA1534	63	0				0.0
chr1	143699718	143699791	RNA1535	64	0				0.0
chr1	143699721	143699855	RNA1536	126	0				0.0
chr1	143699727	143699797	RNA1537	65	0				0.0
chr1	143699745	143699818	RNA1538	72	0				0.0
chr1	143699751	143699824	RNA1539	73	0				0.0
chr1	143699782	143699854	RNA1540	72	0				0.0
chr1	143797242	143797315	RNA1541	0	0				
chr1	143797285	143797419	RNA1542	0	1	0.0	0.0	1.0	
chr1	143798020	143798093	RNA1543	0	0				
chr1	143798085	143798156	RNA1544	0	1	0.0	0.0	1.0	
chr1	143798244	143798316	RNA1545	0	0				
chr1	143798404	143798538	RNA1546	0	0				
chr1	143798417	143798487	RNA1547	0	0				
chr1	143798458	143798529	RNA1548	0	0				
chr1	143799014	143799087	RNA1549	0	5	3.94141607102938e-05	4.495590110309422e-05	1.0	
chr1	143799108	143799178	RNA1550	0	1	0.0	0.0	1.0	
chr1	143799313	143799386	RNA1551	0	0				
chr1	143801333	143801403	RNA1552	0	0				
chr1	143803522	143803594	RNA1553	0	1	0.0005649719969369	0.0005649719969369	1.0	
chr1	143805099	143805172	RNA1554	73	16	4.364969947799919e-05	1.536900072096614e-05	1.0	219178.08219178082
chr1	143805476	143805549	RNA1555	0	0				
chr1	143805837	143805909	RNA1556	0	0				
chr1	143805962	143806032	RNA1557	0	0				
chr1	143806389	143806461	RNA1558	7	0				0.0
chr1	143806600	143806734	RNA1559	134	4	1.5297075151465833e-05	0.0	1.0	29850.746268656716
chr1	143809192	143809265	RNA1560	14	0				0.0
chr1	143935489	143935562	RNA1561	42	0				0.0
chr1	143936879	143936949	RNA1562	70	0				0.0
chr1	143936937	143937009	RNA1563	72	0				0.0
chr1	143938977	143939050	RNA1564	0	0				
chr1	143939369	143939442	RNA1565	0	0				
chr1	143939762	143939835	RNA1566	0	0				
chr1	144134057	144134130	RNA1567	0	0				
chr1	144152654	144152726	RNA1568	0	0				
chr1	144316964	144317037	RNA1569	0	0				
chr1	144361084	144361157	RNA1570	0	0				
chr1	144361342	144361415	RNA1571	0	0				
chr1	144461777	144461848	RNA1572	71	0				0.0
chr1	144461786	144461859	RNA1573	73	0				0.0
chr1	144461809	144461882	RNA1574	73	0				0.0
chr1	144470471	144470544	RNA1575	73	0				0.0
chr1	144471492	144471565	RNA1576	73	0				0.0
chr1	144512382	144512455	RNA1577	73	0				0.0
chr1	144566841	144566914	RNA1578	73	0				0.0
chr1	144567356	144567429	RNA1579	73	0				0.0
chr1	144570368	144570441	RNA1580	73	0				0.0
chr1	144586083	144586156	RNA1581	0	0				
chr1	144606320	144606391	RNA1582	0	0				
chr1	144608335	144608469	RNA1583	134	0				0.0
chr1	144609003	144609076	RNA1584	0	0				
chr1	144609377	144609450	RNA1585	0	0				
chr1	144612286	144612356	RNA1586	0	0				
chr1	144612963	144613036	RNA1587	0	0				
chr1	144613670	144613742	RNA1588	0	0				
chr1	144618132	144618205	RNA1589	0	0				
chr1	144619189	144619260	RNA1590	0	0				
chr1	145095529	145095600	RNA1591	0	0				
chr1	145095562	145095635	RNA1592	0	0				
chr1	145095633	145095706	RNA1593	0	0				
chr1	145095638	145095710	RNA1594	0	0				
chr1	145095640	145095710	RNA1595	0	0				
chr1	145095704	145095775	RNA1596	0	0				
chr1	145095767	145095842	RNA1597	0	0				
chr1	145095789	145095861	RNA1598	0	0				
chr1	145114294	145114367	RNA1599	0	0				
chr1	145124529	145124602	RNA1600	0	0				
chr1	145136719	145136792	RNA1601	0	1	0.0	0.0	1.0	
chr1	145138183	145138256	RNA1602	73	13	1.6176877089982063e-05	1.5024499589344488e-05	1.0	178082.19178082192
chr1	145149082	145149154	RNA1603	72	13	0.001229843497640099	0.0	1.0	180555.55555555556
chr1	145154900	145154972	RNA1604	0	8	1.6985425190796377e-05	0.0	1.0	
chr1	145159393	145159465	RNA1605	72	17	2.6181711719423667e-05	1.4906700016581452e-05	1.0	236111.1111111111
chr1	145163107	145163179	RNA1606	0	0				
chr1	145228033	145228106	RNA1607	73	0				0.0
chr1	145254337	145254409	RNA1608	0	0				
chr1	145264085	145264188	RNA1609	103	12	3.191531724647616e-05	2.2949950107431505e-05	1.0	116504.85436893204
chr1	145287905	145287978	RNA1610	73	0				0.0
chr1	145288055	145288128	RNA1611	73	0				0.0
chr1	145288175	145288246	RNA1612	71	0				0.0
chr1	145288704	145288775	RNA1613	71	0				0.0
chr1	145288771	145288842	RNA1614	71	0				0.0
chr1	145289316	145289389	RNA1615	0	0				
chr1	145289489	145289562	RNA1616	73	0				0.0
chr1	145289505	145289578	RNA1617	73	0				0.0
chr1	145670655	145670740	RNA1618	85	13	2.721683932366826e-05	1.4712400115968194e-05	1.0	152941.17647058825
chr1	145670676	145670749	RNA1619	73	13	3.17473470484049e-05	1.471539962949464e-05	1.0	178082.19178082192
chr1	145670683	145670756	RNA1620	73	13	3.401419319113206e-05	1.4728800124430563e-05	1.0	178082.19178082192
chr1	145670690	145670761	RNA1621	71	14	3.685254367674759e-05	1.4722099876962602e-05	1.0	197183.0985915493
chr1	145670714	145670785	RNA1622	71	15	3.6366647448927706e-05	1.4728800124430563e-05	1.0	211267.6056338028
chr1	145670727	145670798	RNA1623	71	10	2.5059730069187937e-05	2.209264948760392e-05	1.0	140845.0704225352
chr1	145670762	145670835	RNA1624	73	12	6.1603251045501866e-06	0.0	1.0	164383.5616438356
chr1	145670765	145670838	RNA1625	73	12	6.1603251045501866e-06	0.0	1.0	164383.5616438356
chr1	145670769	145670842	RNA1626	73	11	6.720354659509295e-06	0.0	1.0	150684.9315068493
chr1	145910183	145910255	RNA1627	72	19	6.189426322204159e-06	0.0	1.0	263888.8888888889
chr1	145910318	145910389	RNA1628	71	15	1.0780906571502176e-05	0.0	1.0	211267.6056338028
chr1	145911063	145911134	RNA1629	71	4	5.5119500757425e-05	0.0	1.0	56338.028169014084
chr1	145982974	145983049	RNA1630	75	9	2.1233910956652835e-05	1.4698999621032272e-05	1.0	120000.0
chr1	146002160	146002231	RNA1631	71	20	1.1022975058949669e-05	7.347549853875535e-06	1.0	281690.1408450704
chr1	146003468	146003540	RNA1632	72	13	0.0006918515489535136	0.0	1.0	180555.55555555556
chr1	146006812	146006883	RNA1633	71	12	9.833349925732668e-06	0.0	1.0	169014.08450704225
chr1	146007101	146007172	RNA1634	71	11	0.0028415755869818037	0.0	1.0	154929.57746478872
chr1	146008958	146009029	RNA1635	71	17	8.689511934576063e-06	0.0	1.0	239436.61971830984
chr1	146016340	146016411	RNA1636	71	7	3.361911369990624e-05	1.4709799870615823e-05	1.0	98591.54929577465
chr1	146016445	146016517	RNA1637	72	14	8.405378594034119e-06	7.352949978667312e-06	1.0	194444.44444444444
chr1	146041389	146041460	RNA1638	71	0				0.0
chr1	146041574	146041646	RNA1639	72	0				0.0
chr1	146041581	146041652	RNA1640	71	0				0.0
chr1	146041600	146041675	RNA1641	75	0				0.0
chr1	146042666	146042737	RNA1642	71	0				0.0
chr1	146043052	146043123	RNA1643	71	0				0.0
chr1	146044239	146044314	RNA1644	75	0				0.0
chr1	146052256	146052328	RNA1645	69	0				0.0
chr1	146052259	146052334	RNA1646	72	0				0.0
chr1	146063031	146063106	RNA1647	75	0				0.0
chr1	146063506	146063578	RNA1648	72	0				0.0
chr1	146063863	146063938	RNA1649	0	0				
chr1	146063891	146063964	RNA1650	0	0				
chr1	146064204	146064344	RNA1651	140	0				0.0
chr1	146064240	146064311	RNA1652	71	0				0.0
chr1	146064618	146064689	RNA1653	71	0				0.0
chr1	146238811	146238883	RNA1654	0	0				
chr1	146269435	146269508	RNA1655	0	0				
chr1	146303643	146303716	RNA1656	0	0				
chr1	146306648	146306721	RNA1657	0	0				
chr1	146446596	146446669	RNA1658	73	10	0.00013409102721196315	1.4965350146667333e-05	1.0	136986.301369863
chr1	146447737	146447810	RNA1659	73	14	0.07143065857163881	0.0	0.9285714285714286	191780.8219178082
chr1	146448138	146448211	RNA1660	73	11	1.880381866860109e-05	0.0	1.0	150684.9315068493
chr1	146453911	146453982	RNA1661	0	0				
chr1	146470896	146470969	RNA1662	73	0				0.0
chr1	146471303	146471376	RNA1663	73	0				0.0
chr1	146471520	146471593	RNA1664	73	0				0.0
chr1	146472301	146472374	RNA1665	73	0				0.0
chr1	146914886	146914957	RNA1666	71	19	2.1665930800828517e-05	0.0	1.0	267605.63380281685
chr1	146917213	146917286	RNA1667	73	5	1.1941940101678483e-05	1.4978600120230112e-05	1.0	68493.1506849315
chr1	146918217	146918290	RNA1668	0	0				
chr1	146922859	146922932	RNA1669	73	9	0.11127916747682318	1.634840009501204e-05	0.8888888888888888	123287.6712328767
chr1	146997121	146997261	RNA1670	140	0				0.0
chr1	146997454	146997525	RNA1671	71	0				0.0
chr1	146997672	146997743	RNA1672	71	0				0.0
chr1	146998327	146998398	RNA1673	71	0				0.0
chr1	147073113	147073184	RNA1674	71	0				0.0
chr1	147073120	147073191	RNA1675	71	0				0.0
chr1	147073122	147073194	RNA1676	72	0				0.0
chr1	147073125	147073200	RNA1677	75	0				0.0
chr1	147073133	147073204	RNA1678	71	0				0.0
chr1	147073136	147073209	RNA1679	73	0				0.0
chr1	147074138	147074278	RNA1680	140	0				0.0
chr1	147083942	147084082	RNA1681	140	36	1.5922797173413422e-05	1.4696999642183075e-05	1.0	257142.85714285713
chr1	147093502	147093642	RNA1682	140	36	0.027833194187476484	1.4696349808218656e-05	0.9444444444444444	257142.85714285713
chr1	147094195	147094266	RNA1683	71	15	0.000753762577975672	1.4698500308440998e-05	1.0	211267.6056338028
chr1	147096237	147096377	RNA1684	140	31	2.7033303130360013e-05	1.4699799976369832e-05	1.0	221428.57142857142
chr1	147154506	147154646	RNA1685	140	27	0.022266582265594345	0.0	0.9629629629629629	192857.14285714287
chr1	147172597	147172668	RNA1686	71	12	0.020736457610761743	1.4700699921377236e-05	0.9166666666666666	169014.08450704225
chr1	147517918	147517991	RNA1687	73	0				0.0
chr1	147517939	147518012	RNA1688	73	0				0.0
chr1	147891044	147891117	RNA1689	73	12	5.5170233054004516e-05	1.4727299912919989e-05	1.0	164383.5616438356
chr1	147897046	147897119	RNA1690	73	12	2.6997566844018256e-05	0.0	1.0	164383.5616438356
chr1	147898686	147898759	RNA1691	73	19	1.7019099926214853e-05	1.4698100130772218e-05	1.0	260273.9726027397
chr1	148063786	148063859	RNA1692	73	0				0.0
chr1	148065508	148065579	RNA1693	71	0				0.0
chr1	148065860	148065933	RNA1694	73	0				0.0
chr1	148071869	148072009	RNA1695	0	0				
chr1	148152861	148152934	RNA1696	73	0				0.0
chr1	148154236	148154307	RNA1697	71	0				0.0
chr1	148154817	148154888	RNA1698	71	0				0.0
chr1	148154919	148154990	RNA1699	71	0				0.0
chr1	148520661	148520732	RNA1700	71	0				0.0
chr1	148521117	148521188	RNA1701	0	0				
chr1	148521329	148521400	RNA1702	71	0				0.0
chr1	148531243	148531314	RNA1703	71	0				0.0
chr1	148679874	148679945	RNA1704	0	7	4.544085511172723e-06	0.0	1.0	
chr1	148689793	148689881	RNA1705	0	1	2.3491800675401464e-05	2.3491800675401464e-05	1.0	
chr1	148690961	148691032	RNA1706	0	0				
chr1	148705323	148705457	RNA1707	0	0				
chr1	148711240	148711313	RNA1708	0	0				
chr1	148741793	148741866	RNA1709	0	0				
chr1	148787134	148787207	RNA1710	0	0				
chr1	148798680	148798752	RNA1711	0	0				
chr1	148798984	148799054	RNA1712	0	0				
chr1	148802095	148802168	RNA1713	0	0				
chr1	149106142	149106215	RNA1714	73	0				0.0
chr1	149106638	149106708	RNA1715	70	0				0.0
chr1	149323562	149323640	RNA1716	0	0				
chr1	149328718	149328853	RNA1717	0	0				
chr1	149329942	149330013	RNA1718	0	0				
chr1	149342582	149342685	RNA1719	0	0				
chr1	149370588	149370661	RNA1720	73	0				0.0
chr1	149557703	149557788	RNA1721	85	0				0.0
chr1	149563398	149563471	RNA1722	73	0				0.0
chr1	149604842	149604915	RNA1723	73	0				0.0
chr1	149605614	149605687	RNA1724	73	0				0.0
chr1	149605904	149605977	RNA1725	73	0				0.0
chr1	149752300	149752373	RNA1726	73	15	0.06662153545542726	0.0	0.9333333333333333	205479.4520547945
chr1	149752946	149753019	RNA1727	73	12	1.2252599920733095e-05	0.0	1.0	164383.5616438356
chr1	149840197	149840270	RNA1728	0	0				
chr1	149937381	149937451	RNA1729	70	10	1.763887958076291e-05	0.0	1.0	142857.14285714284
chr1	150011151	150011221	RNA1730	70	7	6.299799939110276e-06	0.0	1.0	100000.0
chr1	150011489	150011559	RNA1731	70	16	4.1338150253968016e-05	0.0	1.0	228571.42857142855
chr1	150011512	150011585	RNA1732	73	13	4.861541562533378e-05	0.0	1.0	178082.19178082192
chr1	150145696	150145766	RNA1733	70	9	9.802966815186664e-06	1.4700300198455809e-05	1.0	128571.42857142857
chr1	150146225	150146295	RNA1734	63	4	1.533957538413233e-05	8.610600161773618e-06	1.0	63492.06349206349
chr1	150146488	150146558	RNA1735	70	7	1.4698899576615077e-05	0.0	1.0	100000.0
chr1	150147988	150148060	RNA1736	72	10	1.0287569875799817e-05	1.469590006308863e-05	1.0	138888.8888888889
chr1	150148368	150148471	RNA1737	103	13	0.0003878151703527386	1.4696799553348685e-05	1.0	126213.59223300971
chr1	150195602	150195697	RNA1738	95	18	8.339602052526013e-05	0.0	1.0	189473.68421052632
chr1	150242573	150242676	RNA1739	103	0				0.0
chr1	150252139	150252242	RNA1740	90	25	3.348120866575785e-05	1.484120002714917e-05	1.0	277777.7777777778
chr1	150265135	150265238	RNA1741	103	18	0.03263507319141151	0.0	0.9444444444444444	174757.28155339806
chr1	150265288	150265391	RNA1742	103	9	8.165366630742534e-06	1.4696400285174605e-05	1.0	87378.64077669903
chr1	150361584	150361655	RNA1743	71	8	3.6740374298460665e-06	0.0	1.0	112676.05633802817
chr1	150362023	150362126	RNA1744	103	20	7.350494979618816e-06	0.0	1.0	194174.7572815534
chr1	150362354	150362427	RNA1745	73	16	5.881343111013617e-05	7.3512001108611e-06	1.0	219178.08219178082
chr1	150477997	150478082	RNA1746	85	19	3.867442118414481e-06	0.0	1.0	223529.4117647059
chr1	150487295	150487380	RNA1747	85	15	1.371888653617603e-05	0.0	1.0	176470.58823529413
chr1	150487306	150487391	RNA1748	85	16	1.2861318623434804e-05	0.0	1.0	188235.29411764705
chr1	150721887	150721972	RNA1749	85	0				0.0
chr1	150722053	150722138	RNA1750	85	0				0.0
chr1	150722543	150722628	RNA1751	85	0				0.0
chr1	150729996	150730069	RNA1752	72	13	9.266438470289218e-06	1.4860200280963907e-05	1.0	180555.55555555556
chr1	150976270	150976398	RNA1753	128	28	6.8253393367610575e-06	0.0	1.0	218750.0
chr1	150976556	150976689	RNA1754	133	25	4.3375201021260934e-05	0.0	1.0	187969.92481203008
chr1	150996391	150996462	RNA1755	69	12	1.0834674791719104e-05	0.0	1.0	173913.04347826086
chr1	151035847	151035919	RNA1756	72	11	0.0020152101305939076	0.0	1.0	152777.77777777778
chr1	151036004	151036079	RNA1757	73	15	2.372343963846114e-05	1.49374000102398e-05	1.0	205479.4520547945
chr1	151036028	151036098	RNA1758	69	11	2.4000881570493167e-05	1.49374000102398e-05	1.0	159420.28985507245
chr1	151036175	151036246	RNA1759	58	8	0.00018806343041433005	7.791049938532524e-06	1.0	137931.0344827586
chr1	151268041	151268144	RNA1760	103	21	0.033511214013959116	1.4697199731017465e-05	0.9523809523809523	203883.49514563105
chr1	151363484	151363557	RNA1761	73	15	2.1564666591676526e-05	0.0	1.0	205479.4520547945
chr1	151484812	151484885	RNA1762	73	16	2.3928512348444204e-05	1.47290497807262e-05	1.0	219178.08219178082
chr1	151539034	151539119	RNA1763	85	15	1.470346657394354e-05	0.0	1.0	176470.58823529413
chr1	151967825	151967896	RNA1764	71	15	4.898559988456934e-06	0.0	1.0	211267.6056338028
chr1	151973290	151973403	RNA1765	113	25	0.013231752441024577	0.0	0.96	221238.93805309734
chr1	152081519	152081659	RNA1766	140	22	1.469709538717077e-05	1.4696599919261644e-05	1.0	157142.85714285713
chr1	152836403	152836474	RNA1767	71	0				0.0
chr1	152842650	152842738	RNA1768	88	15	1.3730333133329017e-05	1.4698500308440998e-05	1.0	170454.54545454544
chr1	153036929	153037002	RNA1769	73	11	8.022290868129032e-06	0.0	1.0	150684.9315068493
chr1	153203351	153203429	RNA1770	78	16	0.0003822635750338999	0.0	1.0	205128.20512820513
chr1	153262302	153262437	RNA1771	135	24	0.01108186058396162	0.0	0.9583333333333334	177777.77777777778
chr1	153296043	153296114	RNA1772	71	6	2.449689994440026e-05	2.2045399418857418e-05	1.0	84507.04225352113
chr1	153572721	153572792	RNA1773	71	10	1.3228469924797537e-05	7.348849976551719e-06	1.0	140845.0704225352
chr1	153573392	153573480	RNA1774	88	12	3.6746074404914925e-05	1.4696349808218656e-05	1.0	136363.63636363635
chr1	153653722	153653793	RNA1775	68	13	1.809995410440024e-05	1.4755400115973316e-05	1.0	191176.47058823527
chr1	153671152	153671223	RNA1776	71	33	5.389059780017215e-05	0.0	1.0	464788.7323943662
chr1	153672785	153672873	RNA1777	88	16	1.933413716414503e-05	1.4718899819854414e-05	1.0	181818.18181818182
chr1	153674645	153674716	RNA1778	71	12	4.657895866934904e-05	7.351450221904088e-06	1.0	169014.08450704225
chr1	153675285	153675356	RNA1779	71	18	0.055553025700444576	1.4747549812454963e-05	0.9444444444444444	253521.12676056338
chr1	153675599	153675687	RNA1780	88	14	2.8370993667131044e-05	0.0	1.0	159090.9090909091
chr1	153700047	153700135	RNA1781	88	8	1.1025412732124096e-05	0.0	1.0	90909.09090909091
chr1	153702805	153702893	RNA1782	87	20	1.1684699938996345e-05	1.4701749933010433e-05	1.0	229885.05747126436
chr1	153781471	153781542	RNA1783	71	17	3.204191178905152e-05	0.0	1.0	239436.61971830984
chr1	153787973	153788061	RNA1784	88	15	0.00019992235605362352	1.4700700376124589e-05	1.0	170454.54545454544
chr1	153988072	153988150	RNA1785	78	13	1.0211984772467986e-05	0.0	1.0	166666.66666666666
chr1	153988336	153988414	RNA1786	78	11	1.2247845420047684e-05	0.0	1.0	141025.64102564103
chr1	153990559	153990637	RNA1787	78	18	9.798016637634848e-06	7.347549853875535e-06	1.0	230769.23076923078
chr1	154206334	154206469	RNA1788	135	28	0.03572215507503123	0.0	0.9642857142857143	207407.4074074074
chr1	154206343	154206438	RNA1789	95	19	0.052638534531548715	0.0	0.9473684210526315	200000.0
chr1	154206394	154206472	RNA1790	78	17	1.037535885723842e-05	0.0	1.0	217948.71794871794
chr1	154206497	154206632	RNA1791	135	25	2.2343528289635148e-05	1.4696400285174605e-05	1.0	185185.18518518517
chr1	154206544	154206679	RNA1792	135	26	2.0353430954851523e-05	0.0	1.0	192592.59259259258
chr1	154206595	154206673	RNA1793	78	14	1.574788555964157e-05	0.0	1.0	179487.1794871795
chr1	154272012	154272147	RNA1794	135	27	0.00011498266556170334	0.0	1.0	200000.0
chr1	154272017	154272152	RNA1795	135	27	0.00011498266556170334	0.0	1.0	200000.0
chr1	154289276	154289354	RNA1796	78	12	0.08352075663401592	1.501299993833527e-05	0.9166666666666666	153846.15384615384
chr1	154359406	154359541	RNA1797	135	16	0.06257621011656056	1.4697900041937828e-05	0.9375	118518.51851851853
chr1	154663160	154663231	RNA1798	71	15	5.389740714841556e-05	1.4700300198455809e-05	1.0	211267.6056338028
chr1	154689789	154689877	RNA1799	88	14	5.249878605744536e-06	0.0	1.0	159090.9090909091
chr1	154690787	154690860	RNA1800	73	7	0.00012195211093057477	1.4712800293636974e-05	1.0	95890.4109589041
chr1	154916711	154916844	RNA1801	132	29	0.00010897732308562813	0.0	1.0	219696.9696969697
chr1	154924419	154924547	RNA1802	128	34	0.00046438914456730523	0.0	1.0	265625.0
chr1	155002204	155002274	RNA1803	70	18	1.613349998782117e-05	7.356400146818487e-06	1.0	257142.85714285713
chr1	155087549	155087644	RNA1804	95	13	9.044053863013127e-06	1.4694200217491016e-05	1.0	136842.1052631579
chr1	155192974	155193069	RNA1805	94	24	1.1532766582907547e-05	1.4778049717278918e-05	1.0	255319.14893617018
chr1	155193585	155193663	RNA1806	78	12	7.350999946235485e-06	7.349499810516136e-06	1.0	153846.15384615384
chr1	155193876	155193971	RNA1807	95	20	1.1034434874090947e-05	0.0	1.0	210526.31578947368
chr1	155227837	155227932	RNA1808	95	26	1.8089184707673702e-05	0.0	1.0	273684.2105263158
chr1	155229238	155229333	RNA1809	95	24	7.172603829985523e-05	1.4705249668622855e-05	1.0	252631.57894736843
chr1	155255627	155255762	RNA1810	135	32	1.0109418752790589e-05	0.0	1.0	237037.03703703705
chr1	155255645	155255748	RNA1811	103	26	1.0745211546656299e-05	0.0	1.0	252427.18446601942
chr1	155308178	155308273	RNA1812	95	20	1.1060499991799588e-05	0.0	1.0	210526.31578947368
chr1	155331548	155331633	RNA1813	85	15	1.078547332629872e-05	1.470200004405342e-05	1.0	176470.58823529413
chr1	155859417	155859545	RNA1814	128	31	1.860787468162239e-05	0.0	1.0	242187.5
chr1	155859421	155859554	RNA1815	133	36	1.8336294917589738e-05	0.0	1.0	270676.6917293233
chr1	155911537	155911670	RNA1816	133	28	2.048304265501861e-05	1.4698749964736635e-05	1.0	210526.31578947368
chr1	155912332	155912460	RNA1817	128	27	1.3617299946081065e-05	0.0	1.0	210937.5
chr1	155912550	155912678	RNA1818	128	26	0.003674836085652844	1.4707599802932236e-05	0.9615384615384616	203125.0
chr1	155912736	155912869	RNA1819	133	23	0.0403235226889513	1.4697199731017465e-05	0.9565217391304348	172932.33082706766
chr1	155936806	155936919	RNA1820	113	21	6.038711195460921e-05	0.0	1.0	185840.70796460178
chr1	155936815	155936943	RNA1821	128	19	5.041728194268387e-05	0.0	1.0	148437.5
chr1	155936890	155937023	RNA1822	132	19	0.01882696571953458	0.0	0.8947368421052632	143939.39393939395
chr1	155937124	155937252	RNA1823	128	20	5.313662982188666e-05	0.0	1.0	156250.0
chr1	155937124	155937257	RNA1824	133	22	5.370131355613202e-05	0.0	1.0	165413.53383458644
chr1	156034468	156034601	RNA1825	133	0				0.0
chr1	156035166	156035294	RNA1826	128	0				0.0
chr1	156193835	156193930	RNA1827	95	27	0.004477598939687322	0.0	0.9259259259259259	284210.5263157895
chr1	156500789	156500859	RNA1828	65	28	4.1575918073377094e-05	0.0	1.0	430769.2307692308
chr1	156500810	156500881	RNA1829	65	21	6.518543882737184e-05	0.0	1.0	323076.9230769231
chr1	156500837	156500919	RNA1830	75	20	3.708224071487837e-05	1.4723199910804396e-05	1.0	266666.6666666667
chr1	156500840	156500911	RNA1831	64	16	4.438962594121833e-05	1.4734499927726574e-05	1.0	250000.0
chr1	156500917	156500987	RNA1832	70	39	9.705827111853437e-05	0.0	1.0	557142.8571428572
chr1	156523921	156523992	RNA1833	71	12	4.04200667010876e-05	0.0	1.0	169014.08450704225
chr1	156524189	156524259	RNA1834	70	6	9.799533472687472e-06	7.349899988184916e-06	1.0	85714.28571428571
chr1	156577452	156577525	RNA1835	73	18	0.00018787789091825635	1.470200004405342e-05	1.0	246575.3424657534
chr1	156610505	156610576	RNA1836	71	17	1.2120329301978927e-05	0.0	1.0	239436.61971830984
chr1	156612110	156612193	RNA1837	83	12	2.450399961162475e-06	0.0	1.0	144578.31325301205
chr1	156663768	156663841	RNA1838	73	15	5.883393350814004e-06	0.0	1.0	205479.4520547945
chr1	156667627	156667698	RNA1839	71	7	2.5205085356511908e-05	1.4703699889651034e-05	1.0	98591.54929577465
chr1	156804677	156804790	RNA1840	113	12	8.573566674385802e-06	7.347950031544315e-06	1.0	106194.69026548673
chr1	156919736	156919869	RNA1841	133	25	0.04014304220898339	0.0	0.96	187969.92481203008
chr1	156920179	156920307	RNA1842	128	32	8.736346899240743e-06	0.0	1.0	250000.0
chr1	156920375	156920488	RNA1843	113	18	1.5514272136998545e-05	1.469549988541985e-05	1.0	159292.03539823007
chr1	156933744	156933857	RNA1844	113	27	0.001636155488389091	1.4699399798701052e-05	1.0	238938.05309734514
chr1	157047067	157047180	RNA1845	113	24	1.8987037378790875e-05	1.4697699953103438e-05	1.0	212389.38053097346
chr1	157048013	157048126	RNA1846	113	14	1.6797607193958746e-05	7.349050065386109e-06	1.0	123893.80530973451
chr1	157048734	157048847	RNA1847	113	27	1.362046660452266e-05	1.4701099644298664e-05	1.0	238938.05309734514
chr1	157915206	157915319	RNA1848	113	30	3.821639584202728e-05	1.4696999642183075e-05	1.0	265486.72566371685
chr1	158597593	158597664	RNA1849	71	21	0.04833405227842983	1.4700700376124589e-05	0.9523809523809523	295774.6478873239
chr1	158688296	158688384	RNA1850	88	23	0.06944984146245943	1.4698100130772218e-05	0.9130434782608695	261363.63636363635
chr1	158904075	158904210	RNA1851	135	0				0.0
chr1	158906561	158906639	RNA1852	78	0				0.0
chr1	160099761	160099856	RNA1853	95	17	1.037670565839268e-05	0.0	1.0	178947.36842105264
chr1	160438512	160438583	RNA1854	71	11	0.00010958380376408624	1.4700300198455809e-05	1.0	154929.57746478872
chr1	160440771	160440841	RNA1855	70	18	1.3884994384877953e-05	1.470005008741282e-05	1.0	257142.85714285713
chr1	160445661	160445732	RNA1856	71	13	5.653453836902582e-06	0.0	1.0	183098.5915492958
chr1	160454164	160454235	RNA1857	71	12	5.022394172252676e-05	0.0	1.0	169014.08450704225
chr1	160454566	160454648	RNA1858	82	12	4.899508439848432e-06	0.0	1.0	146341.46341463414
chr1	160456242	160456312	RNA1859	70	23	0.04344310807189923	0.0	0.9565217391304348	328571.4285714286
chr1	160463239	160463309	RNA1860	70	10	4.556596977635701e-05	0.0	1.0	142857.14285714284
chr1	160588939	160589012	RNA1861	67	9	1.8985210570260984e-05	0.0	1.0	134328.35820895524
chr1	160600881	160600964	RNA1862	83	27	0.037051197255601034	0.0	0.9629629629629629	325301.2048192771
chr1	160600882	160600953	RNA1863	71	25	1.4116616002866067e-05	0.0	1.0	352112.676056338
chr1	160603250	160603321	RNA1864	71	20	3.8956345315450765e-05	1.4697900041937828e-05	1.0	281690.1408450704
chr1	160603351	160603424	RNA1865	73	17	0.0013214149182257425	0.0	1.0	232876.7123287671
chr1	160915811	160915939	RNA1866	128	0				0.0
chr1	160916791	160916924	RNA1867	133	0				0.0
chr1	161254398	161254468	RNA1868	70	0				0.0
chr1	161254548	161254621	RNA1869	73	0				0.0
chr1	161254567	161254638	RNA1870	71	0				0.0
chr1	161254569	161254640	RNA1871	71	0				0.0
chr1	161254645	161254728	RNA1872	83	0				0.0
chr1	161254654	161254724	RNA1873	70	0				0.0
chr1	161254829	161254899	RNA1874	70	0				0.0
chr1	161254914	161254996	RNA1875	82	0				0.0
chr1	161254998	161255069	RNA1876	71	0				0.0
chr1	161255095	161255166	RNA1877	71	0				0.0
chr1	161255304	161255375	RNA1878	71	0				0.0
chr1	161255362	161255432	RNA1879	70	0				0.0
chr1	161255579	161255650	RNA1880	71	0				0.0
chr1	161255639	161255709	RNA1881	70	0				0.0
chr1	161255678	161255749	RNA1882	71	0				0.0
chr1	161255969	161256051	RNA1883	82	0				0.0
chr1	161256019	161256092	RNA1884	73	0				0.0
chr1	161256142	161256213	RNA1885	71	0				0.0
chr1	161256293	161256364	RNA1886	71	0				0.0
chr1	161256313	161256384	RNA1887	71	0				0.0
chr1	161256466	161256537	RNA1888	71	0				0.0
chr1	161256648	161256719	RNA1889	71	0				0.0
chr1	161256654	161256725	RNA1890	71	0				0.0
chr1	161256887	161256960	RNA1891	73	0				0.0
chr1	161256939	161257009	RNA1892	70	0				0.0
chr1	161257028	161257101	RNA1893	73	0				0.0
chr1	161257536	161257607	RNA1894	71	0				0.0
chr1	161257553	161257636	RNA1895	83	0				0.0
chr1	161257873	161257956	RNA1896	83	0				0.0
chr1	161257878	161257948	RNA1897	70	0				0.0
chr1	161257951	161258022	RNA1898	71	0				0.0
chr1	161258030	161258112	RNA1899	79	0				0.0
chr1	161258041	161258111	RNA1900	69	0				0.0
chr1	161258102	161258175	RNA1901	73	0				0.0
chr1	161258184	161258257	RNA1902	73	0				0.0
chr1	161258335	161258405	RNA1903	70	0				0.0
chr1	161632092	161632162	RNA1904	70	9	0.00017910412114157298	1.6369800505344756e-05	1.0	128571.42857142857
chr1	161632165	161632235	RNA1905	70	14	0.058214610821778465	1.6198399862332735e-05	0.9285714285714286	200000.0
chr1	161632313	161632396	RNA1906	83	15	0.0004078796994387264	0.0	1.0	180722.89156626505
chr1	161632343	161632413	RNA1907	70	13	0.0004767685452232046	1.5772899132571183e-05	1.0	185714.2857142857
chr1	161632468	161632541	RNA1908	73	14	0.050799026143587445	1.5893000636424404e-05	0.9285714285714286	191780.8219178082
chr1	161633045	161633127	RNA1909	82	16	1.3052787437572988e-05	0.0	1.0	195121.9512195122
chr1	161633521	161633594	RNA1910	71	6	5.020533232406403e-06	0.0	1.0	84507.04225352113
chr1	161633784	161633855	RNA1911	71	12	0.00022941571554231337	1.631305076443823e-05	1.0	169014.08450704225
chr1	161633911	161633981	RNA1912	70	8	0.0	0.0	1.0	114285.71428571428
chr1	161634118	161634200	RNA1913	82	14	0.07143074250013472	0.0	0.9285714285714286	170731.7073170732
chr1	161634146	161634217	RNA1914	71	15	3.0112333964401235e-06	0.0	1.0	211267.6056338028
chr1	161634693	161634764	RNA1915	71	7	0.003034715120000827	1.762489955581259e-05	1.0	98591.54929577465
chr1	161634802	161634872	RNA1916	15	1	2.0029599909321405e-05	2.0029599909321405e-05	1.0	66666.66666666667
chr1	161635662	161635733	RNA1917	71	15	0.06240380428583497	1.6732499716454186e-05	0.9333333333333333	211267.6056338028
chr1	161635836	161635907	RNA1918	71	11	0.09002708501181836	1.6979700376396067e-05	0.9090909090909091	154929.57746478872
chr1	161635910	161635981	RNA1919	71	18	1.4408305459154588e-05	7.607799943798454e-06	1.0	253521.12676056338
chr1	161636019	161636092	RNA1920	73	28	0.07145904634717226	1.4838549759588204e-05	0.9285714285714286	383561.6438356164
chr1	161636035	161636106	RNA1921	71	19	0.14096561637803748	1.4847800230199937e-05	0.8421052631578947	267605.63380281685
chr1	161636402	161636472	RNA1922	70	5	1.016765963868238e-05	0.0	1.0	71428.57142857142
chr1	161636410	161636481	RNA1923	71	6	8.473049698901983e-06	0.0	1.0	84507.04225352113
chr1	161636484	161636555	RNA1924	71	10	0.09980490809939511	3.3821499528130516e-05	0.9	140845.0704225352
chr1	161636511	161636581	RNA1925	70	10	0.0996765360723657	8.453949703834951e-06	0.9	142857.14285714284
chr1	161636528	161636599	RNA1926	71	10	0.19966804943233002	1.6910199519770686e-05	0.8	140845.0704225352
chr1	161636580	161636651	RNA1927	71	12	0.08333614847500333	0.0	0.9166666666666666	169014.08450704225
chr1	161636696	161636778	RNA1928	82	6	2.2928333237359766e-05	1.7191749975609127e-05	1.0	73170.73170731707
chr1	161636757	161636827	RNA1929	70	14	0.00028381769269409047	1.702625013422221e-05	1.0	200000.0
chr1	161636811	161636894	RNA1930	83	9	0.00041094292181595584	1.637519926589448e-05	1.0	108433.73493975904
chr1	161636905	161636975	RNA1931	70	7	1.3110657164361328e-05	1.5297500794986263e-05	1.0	100000.0
chr1	161636943	161637016	RNA1932	73	6	1.0168950211664196e-05	1.5209349840006325e-05	1.0	82191.7808219178
chr1	161637210	161637281	RNA1933	71	15	8.862626600603107e-06	1.476319994253572e-05	1.0	211267.6056338028
chr1	161637550	161637621	RNA1934	71	19	0.052607951976154387	0.0	0.8947368421052632	267605.63380281685
chr1	161655864	161655937	RNA1935	0	3	0.06131062636995919	2.487689926056192e-05	0.6666666666666666	
chr1	161703483	161703554	RNA1936	71	8	8.821126550628158e-05	1.4697000096930424e-05	1.0	112676.05633802817
chr1	161714930	161715013	RNA1937	83	20	0.0012926304883876531	7.349499810516136e-06	1.0	240963.85542168675
chr1	161715994	161716067	RNA1938	73	13	0.05669644788989759	0.0	0.9230769230769231	178082.19178082192
chr1	161716384	161716455	RNA1939	71	15	0.000312614906033556	0.0	1.0	211267.6056338028
chr1	161743794	161743907	RNA1940	113	15	0.00024599981049201297	1.4700700376124589e-05	1.0	132743.36283185842
chr1	162412824	162412906	RNA1941	81	0				0.0
chr1	162414408	162414478	RNA1942	70	0				0.0
chr1	162417360	162417431	RNA1943	71	0				0.0
chr1	162418116	162418187	RNA1944	71	0				0.0
chr1	162529688	162529758	RNA1945	70	11	1.604069083524254e-05	1.4703699889651034e-05	1.0	157142.85714285713
chr1	162529735	162529806	RNA1946	71	14	8.402807127692671e-06	0.0	1.0	197183.0985915493
chr1	162529776	162529846	RNA1947	70	16	9.187556202050473e-06	0.0	1.0	228571.42857142855
chr1	162534341	162534414	RNA1948	73	22	0.08480839952480065	0.0	0.8636363636363636	301369.8630136986
chr1	162603691	162603762	RNA1949	71	8	8.268417752787956e-05	1.4698950053571025e-05	1.0	112676.05633802817
chr1	162606562	162606645	RNA1950	83	13	1.583154635927013e-05	1.4700700376124589e-05	1.0	156626.5060240964
chr1	162607062	162607133	RNA1951	71	7	6.301285793597344e-06	0.0	1.0	98591.54929577465
chr1	162630225	162630298	RNA1952	73	12	7.226720110033955e-05	0.0	1.0	164383.5616438356
chr1	162788358	162788429	RNA1953	71	8	2.2071112766752776e-05	1.4723450021847384e-05	1.0	112676.05633802817
chr1	165723231	165723302	RNA1954	71	11	1.202560890140541e-05	0.0	1.0	154929.57746478872
chr1	165723886	165723956	RNA1955	70	13	1.0176307743957015e-05	1.4697199731017465e-05	1.0	185714.2857142857
chr1	165724136	165724207	RNA1956	71	12	5.021795815688184e-05	1.4699799976369832e-05	1.0	169014.08450704225
chr1	165724140	165724222	RNA1957	82	15	4.1154873179034285e-05	1.4699799976369832e-05	1.0	182926.82926829267
chr1	166453232	166453302	RNA1958	70	16	0.06250827149369798	1.469965036449139e-05	0.9375	228571.42857142855
chr1	166502662	166502745	RNA1959	83	0				0.0
chr1	166506475	166506548	RNA1960	73	14	0.07788737126708968	1.4703499800816644e-05	0.8571428571428571	191780.8219178082
chr1	166509114	166509187	RNA1961	73	10	0.0005365131639336994	0.0	1.0	136986.301369863
chr1	166513020	166513091	RNA1962	71	12	3.5525774895474084e-05	7.348200142587302e-06	1.0	169014.08450704225
chr1	166513126	166513197	RNA1963	71	17	0.030947594512005756	1.4700700376124589e-05	0.9411764705882353	239436.61971830984
chr1	166520241	166520312	RNA1964	71	13	1.5834338647926834e-05	0.0	1.0	183098.5915492958
chr1	166521050	166521120	RNA1965	70	16	0.06250367558124026	0.0	0.9375	228571.42857142855
chr1	166704363	166704434	RNA1966	71	20	3.677991930998614e-05	0.0	1.0	281690.1408450704
chr1	167553840	167553911	RNA1967	71	25	1.1759915978473145e-05	1.4697699953103438e-05	1.0	352112.676056338
chr1	167708802	167708873	RNA1968	71	6	0.1665564237647838	7.347749942709925e-06	0.8333333333333334	84507.04225352113
chr1	167708866	167708937	RNA1969	71	17	0.012217134007294269	0.0	0.9411764705882353	239436.61971830984
chr1	167792166	167792237	RNA1970	71	11	0.009298344501737367	0.0	0.9090909090909091	154929.57746478872
chr1	167792551	167792622	RNA1971	71	13	1.1307461626039674e-05	0.0	1.0	183098.5915492958
chr1	167807440	167807511	RNA1972	71	14	9.449149859262565e-06	0.0	1.0	197183.0985915493
chr1	169103524	169103604	RNA1973	80	20	5.0708250910242456e-05	1.469744984206045e-05	1.0	250000.0
chr1	169103525	169103596	RNA1974	71	19	5.3377106221307846e-05	1.4698100130772218e-05	1.0	267605.63380281685
chr1	169103536	169103621	RNA1975	85	22	4.342651903821993e-05	7.348399776674342e-06	1.0	258823.52941176473
chr1	169103553	169103624	RNA1976	71	15	4.605052132925556e-05	0.0	1.0	211267.6056338028
chr1	169103569	169103645	RNA1977	76	16	4.3172363746177086e-05	0.0	1.0	210526.31578947368
chr1	169103588	169103668	RNA1978	80	18	7.348638822198457e-06	0.0	1.0	225000.0
chr1	169103615	169103691	RNA1979	76	15	1.0778026626212522e-05	0.0	1.0	197368.42105263157
chr1	169103636	169103706	RNA1980	70	15	0.022400657438023094	1.4697199731017465e-05	0.9333333333333333	214285.71428571426
chr1	172668201	172668272	RNA1981	69	28	0.03573669918565819	1.470460028940579e-05	0.9642857142857143	405797.1014492754
chr1	172669764	172669844	RNA1982	80	13	0.07693892401535916	1.4696400285174605e-05	0.9230769230769231	162500.0
chr1	172673244	172673320	RNA1983	76	22	0.045473258009761514	7.349050065386109e-06	0.9545454545454546	289473.68421052635
chr1	172673510	172673590	RNA1984	80	21	2.3812285603307634e-05	1.470200004405342e-05	1.0	262500.0
chr1	172675037	172675113	RNA1985	76	20	0.0025063197845156507	0.0	1.0	263157.8947368421
chr1	172675199	172675269	RNA1986	70	14	3.5696279610414336e-05	7.348200142587302e-06	1.0	200000.0
chr1	172676347	172676418	RNA1987	71	12	2.2062141548910102e-05	1.471110044803936e-05	1.0	169014.08450704225
chr1	172676472	172676557	RNA1988	85	16	2.939344363994125e-05	0.0	1.0	188235.29411764705
chr1	173786760	173786836	RNA1989	75	9	1.3071166601245446e-05	1.4697199731017465e-05	1.0	120000.0
chr1	173787259	173787339	RNA1990	80	10	2.9398029528238113e-05	1.4700299743708456e-05	1.0	125000.0
chr1	173787772	173787848	RNA1991	76	14	0.00022894511227734092	2.2052550320950104e-05	1.0	184210.52631578947
chr1	173788365	173788436	RNA1992	71	18	2.0582605985608746e-05	1.4711949916090816e-05	1.0	253521.12676056338
chr1	173788381	173788461	RNA1993	80	22	0.03639970407787338	1.5801500467205187e-05	0.9545454545454546	275000.0
chr1	173788476	173788561	RNA1994	85	30	5.9255264235002315e-05	1.486529981775675e-05	1.0	352941.17647058825
chr1	173788946	173789016	RNA1995	70	26	4.2027600452102904e-05	7.368550086539472e-06	1.0	371428.5714285714
chr1	173793659	173793729	RNA1996	70	10	2.689940038180152e-05	0.0	1.0	142857.14285714284
chr1	173794096	173794167	RNA1997	71	11	4.009209161185109e-06	0.0	1.0	154929.57746478872
chr1	173794665	173794745	RNA1998	80	8	4.7770487981312664e-05	7.349899988184916e-06	1.0	100000.0
chr1	173794844	173794920	RNA1999	76	10	0.00013826995927955385	1.4711499716213439e-05	1.0	131578.94736842104
chr1	173795281	173795352	RNA2000	71	13	2.0361592620387317e-05	1.4706300135003405e-05	1.0	183098.5915492958
chr1	173795912	173795992	RNA2001	80	12	7.358241797798352e-06	7.354450190177886e-06	1.0	150000.0
chr1	173795958	173796034	RNA2002	76	13	9.059423204094996e-06	0.0	1.0	171052.63157894736
chr1	173796274	173796344	RNA2003	70	10	0.001006882767887868	7.353350156336092e-06	1.0	142857.14285714284
chr1	173796384	173796460	RNA2004	76	15	0.00014734618343936482	1.4725400433235336e-05	1.0	197368.42105263157
chr1	173796456	173796541	RNA2005	85	3	0.0	0.0	1.0	35294.117647058825
chr1	173797908	173797984	RNA2006	76	15	0.00015582103951600846	0.0	1.0	197368.42105263157
chr1	173798844	173798929	RNA2007	85	8	1.102432520383445e-05	0.0	1.0	94117.64705882352
chr1	173799000	173799080	RNA2008	80	11	5.344563512401444e-06	0.0	1.0	137500.0
chr1	173799409	173799489	RNA2009	80	9	9.801055562598372e-06	1.4700700376124589e-05	1.0	112500.0
chr1	173903564	173903640	RNA2010	76	10	7.35692992748227e-06	0.0	1.0	131578.94736842104
chr1	173903567	173903647	RNA2011	80	11	8.024781726073178e-06	0.0	1.0	137500.0
chr1	173903576	173903661	RNA2012	85	13	9.051615401963667e-06	1.4698500308440998e-05	1.0	152941.17647058825
chr1	173903600	173903680	RNA2013	80	16	6.159876409128248e-05	1.4699150142405415e-05	1.0	200000.0
chr1	173903603	173903674	RNA2014	71	14	7.039858753289426e-05	1.470005008741282e-05	1.0	197183.0985915493
chr1	173903611	173903691	RNA2015	80	17	6.402698374371824e-05	1.4699799976369832e-05	1.0	212500.0
chr1	173903612	173903688	RNA2016	76	15	6.668502167788471e-05	1.4699799976369832e-05	1.0	197368.42105263157
chr1	173903614	173903685	RNA2017	71	15	6.668502167788471e-05	1.4699799976369832e-05	1.0	211267.6056338028
chr1	173903618	173903694	RNA2018	76	17	6.489160140892066e-05	1.4699799976369832e-05	1.0	223684.2105263158
chr1	173903646	173903716	RNA2019	70	15	6.961935499323671e-05	1.4698500308440998e-05	1.0	214285.71428571426
chr1	173903650	173903720	RNA2020	70	15	6.863933498000632e-05	1.469509970775107e-05	1.0	214285.71428571426
chr1	173903658	173903743	RNA2021	85	16	6.434921397157798e-05	7.347549853875535e-06	1.0	188235.29411764705
chr1	173903677	173903753	RNA2022	76	13	1.243611523722603e-05	0.0	1.0	171052.63157894736
chr1	173903694	173903774	RNA2023	80	11	4.008409053891558e-06	0.0	1.0	137500.0
chr1	173927497	173927567	RNA2024	70	15	0.008148235600189457	0.0	0.9333333333333333	214285.71428571426
chr1	173927562	173927638	RNA2025	76	9	8.170844416276344e-06	0.0	1.0	118421.05263157895
chr1	173927750	173927830	RNA2026	80	13	2.9494153680451722e-05	1.4723599633725826e-05	1.0	162500.0
chr1	173927793	173927864	RNA2027	71	14	0.00020220655453937787	0.0	1.0	197183.0985915493
chr1	173927952	173928032	RNA2028	80	13	0.0064570308089829396	1.4719699720444623e-05	0.9230769230769231	162500.0
chr1	173928355	173928440	RNA2029	85	25	0.07518541774294135	0.0	0.92	294117.64705882355
chr1	173929050	173929126	RNA2030	76	17	0.004996387940884549	0.0	0.9411764705882353	223684.2105263158
chr1	175023432	175023503	RNA2031	71	27	1.633346346352217e-05	0.0	1.0	380281.6901408451
chr1	175023446	175023531	RNA2032	85	28	1.575017193187579e-05	0.0	1.0	329411.76470588235
chr1	175023464	175023544	RNA2033	80	23	3.834704369617849e-06	0.0	1.0	287500.0
chr1	175023474	175023550	RNA2034	76	14	3.1498428662806484e-06	0.0	1.0	184210.52631578947
chr1	175023500	175023580	RNA2035	80	18	6.694963440167736e-05	0.0	1.0	225000.0
chr1	175023510	175023586	RNA2036	76	18	7.103205679312419e-05	0.0	1.0	236842.1052631579
chr1	175023536	175023606	RNA2037	70	18	7.593116237734722e-05	1.4697050119139021e-05	1.0	257142.85714285713
chr1	175221913	175221985	RNA2038	72	15	2.4495033358101747e-05	1.469549988541985e-05	1.0	208333.33333333334
chr1	178709878	178709958	RNA2039	80	14	5.2489857418030236e-06	0.0	1.0	175000.0
chr1	178710066	178710146	RNA2040	80	19	1.0057615662318361e-05	0.0	1.0	237500.0
chr1	178711317	178711387	RNA2041	70	11	0.025040562450571582	0.0	0.9090909090909091	157142.85714285713
chr1	178711750	178711826	RNA2042	76	14	0.00044962396850678255	1.4705449757457245e-05	1.0	184210.52631578947
chr1	178712406	178712491	RNA2043	75	4	0.0	0.0	1.0	53333.333333333336
chr1	178718453	178718529	RNA2044	76	10	1.17678599053761e-05	0.0	1.0	131578.94736842104
chr1	178722019	178722090	RNA2045	71	15	9.800146714648388e-06	0.0	1.0	211267.6056338028
chr1	179238958	179239030	RNA2046	70	13	2.6376638743379365e-05	1.4823200217506384e-05	1.0	185714.2857142857
chr1	180116072	180116144	RNA2047	72	0				0.0
chr1	180214262	180214334	RNA2048	72	10	0.017902977270568943	1.4696400285174605e-05	0.9	138888.8888888889
chr1	180215006	180215078	RNA2049	62	8	0.009545018327912647	1.4818999716226244e-05	0.875	129032.25806451612
chr1	180217053	180217125	RNA2050	72	22	1.4034659133440899e-05	7.349899988184916e-06	1.0	305555.55555555556
chr1	180221647	180221719	RNA2051	72	20	1.8376304751651752e-05	0.0	1.0	277777.7777777778
chr1	180224191	180224263	RNA2052	72	10	1.0290539921697928e-05	7.349499810516136e-06	1.0	138888.8888888889
chr1	181210620	181210692	RNA2053	72	10	5.89477995163179e-06	0.0	1.0	138888.8888888889
chr1	185115257	185115329	RNA2054	72	19	1.8576742054148397e-05	0.0	1.0	263888.8888888889
chr1	188394053	188394187	RNA2055	134	26	0.006302413506091394	0.0	0.9615384615384616	194029.85074626867
chr1	188408128	188408208	RNA2056	80	10	5.928380051045678e-06	0.0	1.0	125000.0
chr1	192028263	192028397	RNA2057	134	23	1.2795004334728457e-05	1.4709799870615823e-05	1.0	171641.79104477612
chr1	192154390	192154470	RNA2058	80	14	0.014562837095516963	7.35555022401968e-06	0.9285714285714286	175000.0
chr1	192987127	192987261	RNA2059	134	40	0.0250176401275894	1.4698300219606608e-05	0.975	298507.46268656716
chr1	193001404	193001538	RNA2060	132	20	2.1723659574489957e-05	1.4840200037724571e-05	1.0	151515.15151515152
chr1	193004339	193004473	RNA2061	134	26	0.0001481736938750564	0.0	1.0	194029.85074626867
chr1	193011031	193011111	RNA2062	80	13	0.0005200742638967624	0.0	1.0	162500.0
chr1	193108704	193108838	RNA2063	134	32	0.008603881211286076	1.4697900041937828e-05	0.96875	238805.97014925373
chr1	193112084	193112218	RNA2064	134	17	3.6319334921078e-05	1.4698999621032272e-05	1.0	126865.67164179105
chr1	193115999	193116079	RNA2065	80	0				0.0
chr1	193116314	193116394	RNA2066	80	0				0.0
chr1	193117473	193117607	RNA2067	134	0				0.0
chr1	193267423	193267503	RNA2068	80	15	0.0030394796571272284	0.0	1.0	187500.0
chr1	193272938	193273018	RNA2069	80	7	1.2608328558729096e-05	0.0	1.0	87500.0
chr1	193274203	193274283	RNA2070	80	17	0.000973857004389748	1.4699799976369832e-05	1.0	212500.0
chr1	194365122	194365202	RNA2071	80	17	4.41236360904157e-05	1.472670010116417e-05	1.0	212500.0
chr1	194368404	194368513	RNA2072	109	25	3.116922431217605e-05	1.4697699953103438e-05	1.0	229357.79816513762
chr1	194383699	194383833	RNA2073	134	28	0.0009327218246133731	7.356599780905526e-06	1.0	208955.223880597
chr1	196941970	196942061	RNA2074	91	0				0.0
chr1	197010367	197010479	RNA2075	112	27	0.07405826081975209	1.4705899957334624e-05	0.9259259259259259	241071.42857142858
chr1	197013949	197014083	RNA2076	134	24	1.102398744023958e-05	0.0	1.0	179104.4776119403
chr1	197867768	197867877	RNA2077	109	26	3.392756501012729e-05	1.4699399798701052e-05	1.0	238532.11009174315
chr1	197942438	197942518	RNA2078	80	17	1.0459800197328578e-05	0.0	1.0	212500.0
chr1	197946892	197947026	RNA2079	134	25	0.04033929681245354	1.4703699889651034e-05	0.96	186567.1641791045
chr1	198758750	198758859	RNA2080	109	21	0.0001088041593729454	0.0	1.0	192660.55045871562
chr1	198762714	198762823	RNA2081	109	21	1.5414033095155555e-05	1.4713199561811052e-05	1.0	192660.55045871562
chr1	198768930	198769054	RNA2082	124	18	0.05590111642024768	0.0	0.9444444444444444	145161.29032258067
chr1	198772378	198772487	RNA2083	109	14	0.000136944012995486	7.376800112979254e-06	1.0	128440.36697247707
chr1	199508064	199508136	RNA2084	72	12	1.2253816673061616e-05	1.4705449757457245e-05	1.0	166666.66666666666
chr1	199508583	199508692	RNA2085	109	18	4.412128919283477e-05	1.4707799891766626e-05	1.0	165137.6146788991
chr1	199511857	199511966	RNA2086	109	24	6.860312275117608e-05	1.4698549875902245e-05	1.0	220183.48623853212
chr1	199511859	199511968	RNA2087	109	23	6.966832813264838e-05	1.4698100130772218e-05	1.0	211009.17431192662
chr1	199869887	199869996	RNA2088	109	19	0.025043342078118397	1.4703299711982254e-05	0.9473684210526315	174311.9266055046
chr1	200504116	200504188	RNA2089	72	13	0.11520567601138072	1.4714500139234588e-05	0.8461538461538461	180555.55555555556
chr1	200730401	200730492	RNA2090	91	24	7.964645836485337e-06	0.0	1.0	263736.26373626373
chr1	200967375	200967509	RNA2091	134	21	9.799223811396154e-06	0.0	1.0	156716.41791044778
chr1	201023756	201023868	RNA2092	112	25	1.9793251922235268e-05	0.0	1.0	223214.28571428574
chr1	201471784	201471875	RNA2093	91	15	1.4698073573526927e-05	0.0	1.0	164835.16483516482
chr1	201473174	201473265	RNA2094	91	21	6.998723836745956e-06	0.0	1.0	230769.23076923078
chr1	201476755	201476846	RNA2095	91	17	0.0001340315761541044	1.469549988541985e-05	1.0	186813.18681318683
chr1	201885115	201885206	RNA2096	91	17	1.5567558822271e-05	0.0	1.0	186813.18681318683
chr1	201885805	201885917	RNA2097	112	20	1.690694971329848e-05	1.4701349755341653e-05	1.0	178571.42857142858
chr1	201886343	201886434	RNA2098	91	17	5.360478756782356e-05	1.4698500308440998e-05	1.0	186813.18681318683
chr1	201886903	201886994	RNA2099	91	15	1.273773990154344e-05	0.0	1.0	164835.16483516482
chr1	201887535	201887669	RNA2100	134	31	6.590932286686896e-05	1.4697699953103438e-05	1.0	231343.28358208956
chr1	201970914	201971048	RNA2101	134	29	2.533853753918265e-05	1.4696799553348685e-05	1.0	216417.91044776118
chr1	201971124	201971258	RNA2102	134	27	1.3609525686422184e-05	0.0	1.0	201492.53731343284
chr1	201979825	201979959	RNA2103	134	26	0.003560291523137071	1.4698349787067855e-05	0.9615384615384616	194029.85074626867
chr1	201980109	201980221	RNA2104	112	15	7.516784795976872e-05	1.47024002217222e-05	1.0	133928.57142857142
chr1	201981850	201981984	RNA2105	134	27	7.621333477598253e-06	0.0	1.0	201492.53731343284
chr1	201982191	201982303	RNA2106	112	19	0.10636232549993445	1.469590006308863e-05	0.8947368421052632	169642.85714285716
chr1	202017359	202017471	RNA2107	112	20	0.0003741672789601469	7.348200142587302e-06	1.0	178571.42857142858
chr1	202017905	202018017	RNA2108	112	25	2.823304774210334e-05	1.4701099644298664e-05	1.0	223214.28571428574
chr1	202075522	202075634	RNA2109	112	29	2.4332569190496622e-05	1.4699799976369832e-05	1.0	258928.57142857145
chr1	202079788	202079922	RNA2110	134	29	1.3190182879294173e-05	0.0	1.0	216417.91044776118
chr1	202808569	202808660	RNA2111	91	18	7.677454474710582e-05	0.0	1.0	197802.1978021978
chr1	202808725	202808849	RNA2112	124	27	0.03827051443322152	0.0	0.9629629629629629	217741.93548387097
chr1	202977339	202977473	RNA2113	134	34	0.0008001196856372008	7.348599865508732e-06	1.0	253731.3432835821
chr1	203001927	203002039	RNA2114	112	0				0.0
chr1	203532822	203532894	RNA2115	72	0				0.0
chr1	203576992	203577116	RNA2116	124	19	0.04592630951183788	0.0	0.9473684210526315	153225.8064516129
chr1	203586442	203586566	RNA2117	124	36	0.00013883093546003845	7.349699899350526e-06	1.0	290322.58064516133
chr1	203592420	203592544	RNA2118	124	20	0.033337982656485105	1.4699599887535442e-05	0.95	161290.32258064515
chr1	203748419	203748543	RNA2119	124	28	5.1476304179229005e-05	1.470220013288781e-05	1.0	225806.4516129032
chr1	203748870	203748994	RNA2120	124	16	8.27244372203495e-06	7.348399776674342e-06	1.0	129032.25806451612
chr1	203855513	203855637	RNA2121	124	21	9.099399990407706e-06	0.0	1.0	169354.8387096774
chr1	203857291	203857400	RNA2122	109	16	6.431174995213951e-06	0.0	1.0	146788.9908256881
chr1	204494817	204494889	RNA2123	72	32	7.54447186181907e-05	1.470654979129904e-05	1.0	444444.44444444444
chr1	204494830	204494902	RNA2124	72	28	3.2583214403655525e-05	7.352949978667312e-06	1.0	388888.8888888889
chr1	204500344	204500416	RNA2125	72	11	2.0044472958860833e-05	1.4699399798701052e-05	1.0	152777.77777777778
chr1	204506174	204506246	RNA2126	72	0				0.0
chr1	204513384	204513456	RNA2127	72	19	0.05268502264320168	1.4719699720444623e-05	0.9473684210526315	263888.8888888889
chr1	204516295	204516367	RNA2128	72	16	9.186343731926172e-06	1.4696150174131617e-05	1.0	222222.22222222222
chr1	204558568	204558640	RNA2129	72	9	1.3064644715794e-05	0.0	1.0	125000.0
chr1	204742581	204742705	RNA2130	124	28	9.449567934487796e-06	0.0	1.0	225806.4516129032
chr1	205371923	205371995	RNA2131	72	16	1.1023300032774371e-05	0.0	1.0	222222.22222222222
chr1	205473096	205473168	RNA2132	72	9	4.900522172748525e-06	0.0	1.0	125000.0
chr1	205473356	205473428	RNA2133	72	21	3.710495704060763e-05	1.4704200111737007e-05	1.0	291666.6666666667
chr1	205478250	205478322	RNA2134	72	12	9.79761693997716e-06	0.0	1.0	166666.66666666666
chr1	205486263	205486335	RNA2135	72	15	0.05461939308509802	1.4701099644298664e-05	0.8666666666666667	208333.33333333334
chr1	205491965	205492037	RNA2136	72	14	1.3654657128167205e-05	0.0	1.0	194444.44444444444
chr1	205641597	205641669	RNA2137	72	15	0.02659422130933914	0.0	0.9333333333333333	208333.33333333334
chr1	206470353	206470425	RNA2138	72	12	4.531294121078746e-05	7.348200142587302e-06	1.0	166666.66666666666
chr1	206767394	206767485	RNA2139	91	15	0.00020969402867194138	0.0	1.0	164835.16483516482
chr1	206956058	206956192	RNA2140	134	24	7.410298527095761e-05	1.4699199709866662e-05	1.0	179104.4776119403
chr1	207003107	207003219	RNA2141	112	21	1.5401895282026317e-05	1.4698500308440998e-05	1.0	187500.0
chr1	207390415	207390547	RNA2142	132	18	1.551720015413127e-05	1.4698749964736635e-05	1.0	136363.63636363635
chr1	208344268	208344392	RNA2143	124	18	8.983255611383356e-06	0.0	1.0	145161.29032258067
chr1	209506386	209506458	RNA2144	72	12	7.349441678646447e-06	7.348849976551719e-06	1.0	166666.66666666666
chr1	210318520	210318592	RNA2145	72	12	2.5765466489240667e-05	7.355300112976692e-06	1.0	166666.66666666666
chr1	211325970	211326102	RNA2146	132	18	1.551772761053548e-05	0.0	1.0	136363.63636363635
chr1	212285269	212285401	RNA2147	132	55	0.0004340529887485859	1.470200004405342e-05	1.0	416666.6666666667
chr1	212285272	212285404	RNA2148	132	57	0.00041882305931881096	1.470200004405342e-05	1.0	431818.1818181818
chr1	212285276	212285408	RNA2149	132	60	0.0004008246312575114	1.470179995521903e-05	1.0	454545.45454545453
chr1	212362400	212362532	RNA2150	132	27	0.008192312607914361	0.0	0.9629629629629629	204545.45454545456
chr1	212363210	212363342	RNA2151	132	22	1.0044736262154236e-05	0.0	1.0	166666.66666666666
chr1	212450386	212450518	RNA2152	132	21	9.09787156290674e-06	0.0	1.0	159090.9090909091
chr1	213352487	213352619	RNA2153	132	25	0.030416489558774625	1.4697199731017465e-05	0.96	189393.9393939394
chr1	215400055	215400185	RNA2154	130	16	8.268787553333823e-06	0.0	1.0	123076.92307692308
chr1	217280742	217280874	RNA2155	132	34	3.718278308309597e-05	7.349250154220499e-06	1.0	257575.75757575757
chr1	217631179	217631251	RNA2156	72	13	0.013904630593830144	0.0	0.9230769230769231	180555.55555555556
chr1	219616013	219616143	RNA2157	130	0				0.0
chr1	220091326	220091456	RNA2158	130	26	1.130767689643868e-05	0.0	1.0	200000.0
chr1	220148085	220148215	RNA2159	130	24	0.0007638149911978524	0.0	1.0	184615.38461538462
chr1	220148096	220148226	RNA2160	130	24	0.000761977816220371	0.0	1.0	184615.38461538462
chr1	220277837	220277967	RNA2161	130	17	1.296911180842846e-05	1.4698100130772218e-05	1.0	130769.23076923078
chr1	220279202	220279332	RNA2162	130	24	1.7146329090185595e-05	0.0	1.0	184615.38461538462
chr1	220308097	220308227	RNA2163	130	0				0.0
chr1	221152445	221152575	RNA2164	130	17	1.2971411653027013e-05	0.0	1.0	130769.23076923078
chr1	221573455	221573527	RNA2165	72	13	6.783807643492205e-06	0.0	1.0	180555.55555555556
chr1	221767231	221767303	RNA2166	72	4	2.205925034104439e-05	1.4700699921377236e-05	1.0	55555.555555555555
chr1	221768864	221768936	RNA2167	72	20	1.3967065160613857e-05	0.0	1.0	277777.7777777778
chr1	221768889	221768961	RNA2168	72	26	1.1309607823652466e-05	0.0	1.0	361111.1111111111
chr1	222471315	222471387	RNA2169	72	0				0.0
chr1	222475452	222475524	RNA2170	72	0				0.0
chr1	222609660	222609732	RNA2171	72	9	6.532011058071576e-06	0.0	1.0	125000.0
chr1	223491594	223491666	RNA2172	72	16	2.388678120723724e-05	1.4700950032420224e-05	1.0	222222.22222222222
chr1	224747206	224747336	RNA2173	130	27	3.103653300597406e-05	1.470159986638464e-05	1.0	207692.30769230772
chr1	226019940	226020036	RNA2174	96	9	1.7964056092341475e-05	0.0	1.0	93750.0
chr1	227325108	227325180	RNA2175	72	12	1.3473558055920876e-05	1.469509970775107e-05	1.0	166666.66666666666
chr1	230046075	230046171	RNA2176	96	20	1.837315048760323e-05	0.0	1.0	208333.33333333334
chr1	230282151	230282285	RNA2177	134	30	0.023934249291839172	7.349250154220499e-06	0.9333333333333333	223880.59701492538
chr1	230900643	230900739	RNA2178	96	11	1.603587274571923e-05	0.0	1.0	114583.33333333333
chr1	231008079	231008175	RNA2179	92	22	0.044627440024173244	1.6239100659731776e-05	0.8636363636363636	239130.4347826087
chr1	231009075	231009171	RNA2180	96	16	6.98305805713008e-05	0.0	1.0	166666.66666666666
chr1	231048636	231048732	RNA2181	96	3	0.11964357327754745	1.4705399735248648e-05	0.6666666666666666	31250.0
chr1	231051317	231051413	RNA2182	96	12	0.0001102264945984562	0.0	1.0	125000.0
chr1	231110325	231110421	RNA2183	96	20	0.03235032013371892	0.0	0.95	208333.33333333334
chr1	232093311	232093407	RNA2184	96	22	0.00750686836520551	1.469964990974404e-05	0.9545454545454546	229166.66666666666
chr1	233899879	233900013	RNA2185	134	15	2.3558313114332016e-05	1.471759969717823e-05	1.0	111940.29850746269
chr1	235037372	235037506	RNA2186	134	35	0.014910606512447492	1.4698999621032272e-05	0.9428571428571428	261194.02985074624
chr1	235093846	235093980	RNA2187	134	20	1.0287310033161192e-05	0.0	1.0	149253.73134328358
chr1	235094769	235094903	RNA2188	134	30	0.005103172254469727	1.4700049632665468e-05	0.9666666666666667	223880.59701492538
chr1	235129000	235129134	RNA2189	134	51	0.0063977117172315965	1.4696400285174605e-05	0.9803921568627451	380597.01492537314
chr1	235129536	235129670	RNA2190	134	25	0.0003280199391883759	0.0	1.0	186567.1641791045
chr1	235130226	235130360	RNA2191	134	29	0.0345142121001933	1.4699399798701052e-05	0.9655172413793104	216417.91044776118
chr1	235888669	235888765	RNA2192	96	15	0.0019415859276705285	0.0	1.0	156250.0
chr1	236139087	236139221	RNA2193	134	22	9.352940899341114e-06	0.0	1.0	164179.10447761195
chr1	236139715	236139789	RNA2194	74	8	1.1216212328690744e-05	0.0	1.0	108108.10810810812
chr1	239953508	239953638	RNA2195	130	0				0.0
chr1	240013446	240013580	RNA2196	134	0				0.0
chr1	240014073	240014147	RNA2197	74	0				0.0
chr1	240762081	240762155	RNA2198	74	7	0.00046401857019059647	1.4698100130772218e-05	1.0	94594.5945945946
chr1	240762717	240762791	RNA2199	74	31	0.03262605164332678	0.0	0.967741935483871	418918.91891891893
chr1	240763116	240763190	RNA2200	74	14	0.07144537627865637	1.4703699889651034e-05	0.9285714285714286	189189.1891891892
chr1	241492831	241492905	RNA2201	72	21	1.8758699644378632e-05	0.0	1.0	291666.6666666667
chr1	241492980	241493054	RNA2202	74	11	0.00018576163909693767	1.4702900443808176e-05	1.0	148648.64864864867
chr1	241493610	241493684	RNA2203	74	15	0.0007046536180496245	0.0	1.0	202702.70270270272
chr1	241979112	241979186	RNA2204	74	22	2.472561325041529e-05	0.0	1.0	297297.29729729734
chr1	243884465	243884595	RNA2205	130	22	4.143561847575215e-05	0.0	1.0	169230.76923076925
chr1	244758960	244759090	RNA2206	130	23	1.1503917330233177e-05	0.0	1.0	176923.07692307694
chr1	244835359	244835489	RNA2207	130	47	1.251905980987961e-05	0.0	1.0	361538.4615384615
chr1	244835458	244835588	RNA2208	130	57	0.017561306403765402	1.470159986638464e-05	0.9824561403508771	438461.53846153844
chr1	244866852	244866982	RNA2209	130	14	1.7848520980931606e-05	0.0	1.0	107692.3076923077
chr1	244867398	244867528	RNA2210	130	37	0.08616686463035975	1.4789399756409694e-05	0.8918918918918919	284615.3846153846
chr1	244956928	244957058	RNA2211	130	17	0.05701443601933802	1.4697699953103438e-05	0.9411764705882353	130769.23076923078
chr1	245748464	245748538	RNA2212	74	9	0.010046789436880007	2.939969999715686e-05	0.8888888888888888	121621.62162162163
chr1	245748831	245748961	RNA2213	130	25	0.0004769882604523426	1.4699799976369832e-05	1.0	192307.6923076923
chr1	248942865	248942995	RNA2214	59	0				0.0
chr10	988356	988428	RNA2215	72	25	0.00015107221257493796	1.4696400285174605e-05	1.0	347222.2222222222
chr10	2191061	2191165	RNA2216	104	22	0.0004203720856242942	1.4698300219606608e-05	1.0	211538.46153846153
chr10	4859365	4859437	RNA2217	72	14	7.348857057617611e-06	0.0	1.0	194444.44444444444
chr10	5765025	5765097	RNA2218	72	21	1.3298619142872104e-05	1.4698500308440998e-05	1.0	291666.6666666667
chr10	5842737	5842809	RNA2219	72	25	0.039989477292692754	1.4768899745831732e-05	0.92	347222.2222222222
chr10	5846089	5846161	RNA2220	72	12	0.11999469329778852	7.351450221904088e-06	0.75	166666.66666666666
chr10	5889916	5889988	RNA2221	72	24	0.0001788669365699456	7.350549822149332e-06	1.0	333333.3333333333
chr10	5889992	5890064	RNA2222	72	34	1.1680785198274815e-05	0.0	1.0	472222.2222222222
chr10	5983001	5983073	RNA2223	72	15	3.331662088991003e-05	1.469549988541985e-05	1.0	208333.33333333334
chr10	6144763	6144867	RNA2224	104	34	0.0007753858957692144	0.0	1.0	326923.07692307694
chr10	7121309	7121413	RNA2225	104	19	6.963668487227742e-06	0.0	1.0	182692.3076923077
chr10	7123426	7123498	RNA2226	72	12	1.3473108310790849e-05	0.0	1.0	166666.66666666666
chr10	7157776	7157880	RNA2227	104	19	5.23168254355656e-05	0.0	1.0	182692.3076923077
chr10	7158385	7158489	RNA2228	104	26	1.8092477078489638e-05	0.0	1.0	250000.0
chr10	7418765	7418869	RNA2229	104	18	4.9017499905959185e-06	0.0	1.0	173076.92307692306
chr10	7418922	7419026	RNA2230	104	21	0.007861104302286367	0.0	0.9047619047619048	201923.07692307694
chr10	7420020	7420124	RNA2231	104	22	6.481014138030621e-05	7.349050065386109e-06	1.0	211538.46153846153
chr10	7749521	7749620	RNA2232	98	24	0.004879083906757839	1.4710600225953384e-05	0.9583333333333334	244897.95918367346
chr10	8226016	8226120	RNA2233	104	26	0.01665469100509234	0.0	0.9615384615384616	250000.0
chr10	10795990	10796062	RNA2234	72	15	0.06667646791314231	0.0	0.9333333333333333	208333.33333333334
chr10	11724367	11724466	RNA2235	99	10	0.1000054796135373	0.0	0.9	101010.101010101
chr10	11821918	11822022	RNA2236	104	14	1.4701621109582317e-05	7.347749942709925e-06	1.0	134615.3846153846
chr10	12340056	12340155	RNA2237	99	17	0.0005412664770440582	0.0	1.0	171717.1717171717
chr10	12341631	12341730	RNA2238	99	17	0.00018069333584529206	1.4697199731017465e-05	1.0	171717.1717171717
chr10	12343308	12343407	RNA2239	99	0				0.0
chr10	12837867	12837966	RNA2240	98	18	6.804666605199196e-06	0.0	1.0	183673.46938775512
chr10	12838822	12838921	RNA2241	99	20	0.05396043807945715	0.0	0.9	202020.202020202
chr10	12844028	12844127	RNA2242	99	16	7.728439533138949e-05	1.4709549759572838e-05	1.0	161616.16161616164
chr10	13586388	13586487	RNA2243	99	17	8.649582388684126e-06	0.0	1.0	171717.1717171717
chr10	15722845	15722921	RNA2244	76	16	7.348531198658748e-06	0.0	1.0	210526.31578947368
chr10	17569225	17569297	RNA2245	72	11	1.0690754524231041e-05	1.4698100130772218e-05	1.0	152777.77777777778
chr10	17640385	17640484	RNA2246	99	16	1.3779443804651237e-05	1.4696599919261644e-05	1.0	161616.16161616164
chr10	19791599	19791675	RNA2247	76	11	9.353772756267889e-06	0.0	1.0	144736.84210526317
chr10	20300546	20300622	RNA2248	76	13	0.008083094764375482	0.0	0.9230769230769231	171052.63157894736
chr10	20307223	20307299	RNA2249	76	22	6.413227282047329e-05	1.4699400253448403e-05	1.0	289473.68421052635
chr10	20324151	20324227	RNA2250	76	22	1.4720463571970937e-05	0.0	1.0	289473.68421052635
chr10	20632385	20632461	RNA2251	76	8	9.189662478092941e-06	1.4701099644298664e-05	1.0	105263.15789473684
chr10	20634427	20634503	RNA2252	76	24	0.005706871692116994	0.0	0.9583333333333334	315789.4736842105
chr10	20652309	20652385	RNA2253	76	25	0.0005728359248314481	0.0	1.0	328947.36842105264
chr10	21511397	21511469	RNA2254	72	10	2.6459309992787894e-05	1.4702250155096408e-05	1.0	138888.8888888889
chr10	21512621	21512697	RNA2255	76	14	2.9394651002280024e-05	0.0	1.0	184210.52631578947
chr10	22510591	22510663	RNA2256	72	13	4.522953811549367e-06	0.0	1.0	180555.55555555556
chr10	22531945	22532017	RNA2257	72	14	4.7245735134177645e-05	7.347749942709925e-06	1.0	194444.44444444444
chr10	22533137	22533209	RNA2258	72	10	4.410000019561266e-06	0.0	1.0	138888.8888888889
chr10	22715005	22715077	RNA2259	72	18	0.00044535389027562135	7.35100002202671e-06	1.0	250000.0
chr10	22716911	22716983	RNA2260	72	12	0.000606472761546676	0.0	1.0	166666.66666666666
chr10	22718210	22718282	RNA2261	72	10	0.0008068285098488422	0.0	1.0	138888.8888888889
chr10	23182033	23182174	RNA2262	141	21	1.2602823690459897e-05	0.0	1.0	148936.17021276595
chr10	23535648	23535720	RNA2263	72	0				0.0
chr10	24836211	24836287	RNA2264	76	12	0.0003235623465419187	1.470005008741282e-05	1.0	157894.73684210525
chr10	27106206	27106347	RNA2265	141	0				0.0
chr10	27494871	27494943	RNA2266	72	8	0.0007661610738978083	7.349050065386109e-06	1.0	111111.11111111111
chr10	27999450	27999588	RNA2267	138	28	0.0005609671537578296	7.349050065386109e-06	1.0	202898.5507246377
chr10	27999561	27999702	RNA2268	141	34	0.029885787346837084	1.5081450328580104e-05	0.9705882352941176	241134.75177304962
chr10	28050122	28050263	RNA2269	141	30	0.02056949158519879	1.4704799923492828e-05	0.9333333333333333	212765.95744680852
chr10	28050687	28050828	RNA2270	141	22	2.0048072780230727e-05	1.4699399798701052e-05	1.0	156028.36879432623
chr10	28341311	28341452	RNA2271	141	27	0.0029560274174568937	1.4699399798701052e-05	0.9629629629629629	191489.36170212764
chr10	28343364	28343505	RNA2272	141	28	0.03572058607145274	0.0	0.9642857142857143	198581.56028368796
chr10	28351662	28351803	RNA2273	141	21	0.012710226355574419	1.4696799553348685e-05	0.9523809523809523	148936.17021276595
chr10	29228173	29228314	RNA2274	141	28	0.0357284605356004	0.0	0.9642857142857143	198581.56028368796
chr10	31803655	31803793	RNA2275	135	18	7.355630845671701e-05	0.0	1.0	133333.33333333334
chr10	32885437	32885575	RNA2276	138	21	1.0499342741760692e-05	0.0	1.0	152173.91304347827
chr10	32886246	32886387	RNA2277	141	13	0.007014393900975001	1.47024002217222e-05	0.9230769230769231	92198.58156028368
chr10	32886383	32886521	RNA2278	137	22	0.00012745216732086174	1.470179995521903e-05	1.0	160583.9416058394
chr10	32886439	32886577	RNA2279	138	22	0.00013230584475174245	1.469724975322606e-05	1.0	159420.28985507245
chr10	33169065	33169203	RNA2280	138	23	5.816727404991132e-05	0.0	1.0	166666.66666666666
chr10	33169551	33169689	RNA2281	138	27	0.0015910358900294258	0.0	1.0	195652.1739130435
chr10	33169720	33169858	RNA2282	138	27	2.6219462900671656e-05	1.4720199942530598e-05	1.0	195652.1739130435
chr10	33902500	33902638	RNA2283	138	33	8.332243900936058e-05	1.4698100130772218e-05	1.0	239130.4347826087
chr10	37900995	37901133	RNA2284	138	0				0.0
chr10	62809537	62809618	RNA2285	81	14	6.299557104024903e-06	0.0	1.0	172839.5061728395
chr10	65904581	65904662	RNA2286	81	18	3.593620496960206e-05	1.4696999642183075e-05	1.0	222222.22222222222
chr10	65907608	65907689	RNA2287	81	16	4.042263736891379e-05	7.347749942709925e-06	1.0	197530.86419753084
chr10	65908093	65908174	RNA2288	81	28	0.002336766030761536	0.0	0.9642857142857143	345679.012345679
chr10	65910629	65910710	RNA2289	81	17	1.988608239437709e-05	0.0	1.0	209876.54320987655
chr10	67767479	67767560	RNA2290	81	11	2.137873616447905e-05	1.4698500308440998e-05	1.0	135802.46913580247
chr10	67792674	67792755	RNA2291	81	12	0.005372237797397848	0.0	1.0	148148.14814814815
chr10	67863810	67863891	RNA2292	81	14	6.300828428200778e-05	0.0	1.0	172839.5061728395
chr10	68217888	68218015	RNA2293	127	25	0.007260910582917851	1.4700300198455809e-05	0.96	196850.39370078742
chr10	68792685	68792766	RNA2294	81	7	2.1002714155262958e-05	1.4697199731017465e-05	1.0	86419.75308641975
chr10	72091288	72091415	RNA2295	127	16	3.675012465009786e-06	0.0	1.0	125984.25196850393
chr10	72670749	72670830	RNA2296	81	14	7.35619284699039e-06	0.0	1.0	172839.5061728395
chr10	73106377	73106504	RNA2297	127	20	7.3500700182194125e-06	7.348599865508732e-06	1.0	157480.3149606299
chr10	73109534	73109661	RNA2298	127	21	1.969543838987092e-05	1.4697199731017465e-05	1.0	165354.33070866144
chr10	73109579	73109706	RNA2299	127	22	0.00022254954960358497	1.4698749964736635e-05	1.0	173228.3464566929
chr10	73415130	73415257	RNA2300	127	24	0.002655903330037285	0.0	0.9583333333333334	188976.3779527559
chr10	73415261	73415388	RNA2301	127	21	0.0028344356040698863	0.0	0.9523809523809523	165354.33070866144
chr10	73415974	73416101	RNA2302	127	21	1.1394076127977487e-05	0.0	1.0	165354.33070866144
chr10	74151070	74151197	RNA2303	127	32	0.03591193008546156	0.0	0.9375	251968.50393700786
chr10	77718157	77718284	RNA2304	127	30	1.7148816489980392e-05	1.4695950085297227e-05	1.0	236220.47244094487
chr10	96107806	96107905	RNA2305	99	18	0.020571341864979324	1.4703300166729605e-05	0.9444444444444444	181818.18181818182
chr10	99500901	99500998	RNA2306	97	21	1.680916656845025e-05	0.0	1.0	216494.84536082475
chr10	100012764	100012863	RNA2307	99	22	8.689131887380922e-06	0.0	1.0	222222.22222222222
chr10	100874020	100874119	RNA2308	99	33	0.02879065835959133	1.470200004405342e-05	0.9393939393939394	333333.3333333333
chr10	100967084	100967183	RNA2309	99	17	9.511811881298746e-06	0.0	1.0	171717.1717171717
chr10	100968301	100968400	RNA2310	99	16	2.1129681840645143e-05	0.0	1.0	161616.16161616164
chr10	100994420	100994519	RNA2311	99	26	0.00816827289551068	0.0	0.9615384615384616	262626.2626262627
chr10	100996058	100996157	RNA2312	99	17	1.9888341044213998e-05	1.4697699953103438e-05	1.0	171717.1717171717
chr10	101074502	101074601	RNA2313	99	19	0.026790743240541665	1.4700700376124589e-05	0.8947368421052632	191919.19191919192
chr10	102056198	102056297	RNA2314	99	31	2.0863451555346585e-05	1.4699399798701052e-05	1.0	313131.31313131313
chr10	102845494	102845591	RNA2315	97	32	0.006473789715556672	1.4696999642183075e-05	0.96875	329896.90721649484
chr10	104029616	104029713	RNA2316	97	20	1.54363299770921e-05	1.469744984206045e-05	1.0	206185.56701030926
chr10	104029844	104029941	RNA2317	97	9	4.905344414712292e-06	0.0	1.0	92783.50515463918
chr10	104030533	104030630	RNA2318	97	14	9.448871423956007e-06	0.0	1.0	144329.8969072165
chr10	104121924	104122021	RNA2319	97	28	1.051371425221857e-05	0.0	1.0	288659.793814433
chr10	104121941	104122038	RNA2320	97	27	9.81202224971235e-06	0.0	1.0	278350.5154639175
chr10	104129427	104129524	RNA2321	97	17	2.5126905551157548e-05	0.0	1.0	175257.7319587629
chr10	105272195	105272292	RNA2322	97	14	1.2602107030293805e-05	0.0	1.0	144329.8969072165
chr10	105974269	105974368	RNA2323	99	19	1.6250752579301326e-05	0.0	1.0	191919.19191919192
chr10	107587210	107587307	RNA2324	97	27	0.004905191474150611	1.4697199731017465e-05	0.9629629629629629	278350.5154639175
chr10	109627113	109627197	RNA2325	84	19	1.0831505326342794e-05	0.0	1.0	226190.47619047618
chr10	111302704	111302788	RNA2326	84	20	1.0288459952789708e-05	0.0	1.0	238095.23809523808
chr10	112372630	112372714	RNA2327	84	25	0.00021817473141708577	1.4697699953103438e-05	1.0	297619.04761904763
chr10	112373436	112373520	RNA2328	84	26	0.00022800661690780197	1.4703950000694022e-05	1.0	309523.8095238095
chr10	112373696	112373780	RNA2329	84	13	7.802497027743394e-05	0.0	1.0	154761.90476190476
chr10	112834832	112834916	RNA2330	84	21	2.3797270971822328e-05	1.4696799553348685e-05	1.0	250000.0
chr10	112834853	112834937	RNA2331	84	19	4.9512136779649675e-05	1.4699399798701052e-05	1.0	226190.47619047618
chr10	112834950	112835034	RNA2332	84	16	3.308386175148812e-05	0.0	1.0	190476.19047619047
chr10	113669182	113669266	RNA2333	84	16	0.0006964450165014492	1.4698950053571025e-05	1.0	190476.19047619047
chr10	114096155	114096282	RNA2334	127	17	7.781964728458073e-06	0.0	1.0	133858.26771653545
chr10	117551222	117551306	RNA2335	84	10	0.0002719149396398228	0.0	1.0	119047.61904761904
chr10	118003012	118003139	RNA2336	127	25	0.08020542520607706	1.4989799637987744e-05	0.92	196850.39370078742
chr10	119029546	119029673	RNA2337	127	0				0.0
chr10	119029548	119029675	RNA2338	127	0				0.0
chr10	119029580	119029707	RNA2339	127	0				0.0
chr10	119082266	119082393	RNA2340	121	29	0.00029421736304230953	0.0	1.0	239669.4214876033
chr10	119082300	119082427	RNA2341	127	26	1.9794492695483628e-05	0.0	1.0	204724.4094488189
chr10	119165908	119166035	RNA2342	127	29	3.851740291730385e-05	1.470159986638464e-05	1.0	228346.4566929134
chr10	120068208	120068335	RNA2343	127	25	0.007277983894127828	1.4698500308440998e-05	0.96	196850.39370078742
chr10	124005637	124005764	RNA2344	127	20	0.01970201533681575	0.0	0.95	157480.3149606299
chr11	447599	447708	RNA2345	109	30	3.660494309466646e-05	0.0	1.0	275229.3577981652
chr11	537353	537462	RNA2346	109	41	0.019217812407765537	1.469549988541985e-05	0.975609756097561	376146.7889908257
chr11	537391	537500	RNA2347	109	44	0.005373998696251706	1.4696349808218656e-05	0.9545454545454546	403669.72477064223
chr11	569204	569313	RNA2348	109	29	0.027612684709938235	0.0	0.9310344827586207	266055.04587155965
chr11	576293	576402	RNA2349	109	0				0.0
chr11	643571	643680	RNA2350	109	25	1.5285972258425316e-05	0.0	1.0	229357.79816513762
chr11	734186	734319	RNA2351	133	32	0.003948868203451638	7.349699899350526e-06	0.96875	240601.50375939847
chr11	790207	790340	RNA2352	131	31	3.0432251415112924e-05	1.470159986638464e-05	1.0	236641.2213740458
chr11	790273	790406	RNA2353	119	22	4.6949222947157176e-05	1.4716949863213813e-05	1.0	184873.94957983194
chr11	817269	817402	RNA2354	132	21	0.06797943228784356	1.4782400285184847e-05	0.9047619047619048	159090.9090909091
chr11	818727	818860	RNA2355	133	32	1.69934717177947e-05	0.0	1.0	240601.50375939847
chr11	867234	867336	RNA2356	102	17	3.373993689927038e-05	1.4700300198455809e-05	1.0	166666.66666666666
chr11	915380	915513	RNA2357	133	21	0.0001896559251257507	1.4696400285174605e-05	1.0	157894.73684210525
chr11	1137535	1137610	RNA2358	75	22	1.0021549893611915e-05	0.0	1.0	293333.3333333333
chr11	1153118	1153193	RNA2359	75	17	0.11766954350557224	2.940050035249442e-05	0.8823529411764706	226666.66666666666
chr11	1528334	1528443	RNA2360	109	28	0.0070928609000345325	0.0	0.9642857142857143	256880.73394495415
chr11	1804529	1804631	RNA2361	102	21	0.04763234571423493	1.4694600395159796e-05	0.9523809523809523	205882.35294117645
chr11	1811611	1811744	RNA2362	133	29	0.04017958944194984	1.472490021114936e-05	0.9310344827586207	218045.11278195487
chr11	1850350	1850452	RNA2363	98	36	0.00045534655131025025	1.5165800050453981e-05	1.0	367346.93877551024
chr11	1850474	1850576	RNA2364	101	23	9.369680272989184e-05	1.4725400433235336e-05	1.0	227722.77227722772
chr11	1893533	1893635	RNA2365	102	0				0.0
chr11	1896490	1896592	RNA2366	102	0				0.0
chr11	1946804	1946926	RNA2367	0	0				
chr11	1990670	1990772	RNA2368	0	0				
chr11	2030672	2030747	RNA2369	0	0				
chr11	2078456	2078531	RNA2370	71	20	0.0011283023853138577	0.0	1.0	281690.1408450704
chr11	2119071	2119146	RNA2371	75	19	1.0831994873833059e-05	0.0	1.0	253333.33333333334
chr11	2127614	2127689	RNA2372	75	20	0.07892874652347928	0.0	0.85	266666.6666666667
chr11	2128050	2128125	RNA2373	75	10	4.413109945744509e-06	0.0	1.0	133333.33333333334
chr11	2128386	2128461	RNA2374	75	20	0.018698739715500772	1.4705250123370206e-05	0.9	266666.6666666667
chr11	2186742	2186817	RNA2375	75	18	4.008041054879973e-05	2.2050199731893372e-05	1.0	240000.0
chr11	2195385	2195460	RNA2376	75	16	7.629201490999161e-05	1.470434972361545e-05	1.0	213333.33333333334
chr11	2195554	2195629	RNA2377	73	27	0.03705337701089943	0.0	0.9629629629629629	369863.0136986301
chr11	2199743	2199818	RNA2378	75	27	0.037904298600922086	1.4696400285174605e-05	0.9629629629629629	360000.0
chr11	2233607	2233682	RNA2379	75	14	2.731597117287333e-05	1.4703299711982254e-05	1.0	186666.6666666667
chr11	2274530	2274605	RNA2380	75	14	0.1210695573225686	0.0	0.7857142857142857	186666.6666666667
chr11	2877978	2878080	RNA2381	102	22	1.8108550276255382e-05	0.0	1.0	215686.27450980394
chr11	2879087	2879209	RNA2382	122	19	0.034037042496732416	1.4699399798701052e-05	0.8947368421052632	155737.7049180328
chr11	2937497	2937619	RNA2383	122	33	0.015810572206371002	1.4719699720444623e-05	0.9393939393939394	270491.8032786886
chr11	2939725	2939847	RNA2384	122	21	0.04801601182247221	1.4698999621032272e-05	0.9523809523809523	172131.1475409836
chr11	2994844	2994966	RNA2385	122	20	2.8669220228036233e-05	0.0	1.0	163934.4262295082
chr11	2999720	2999842	RNA2386	122	10	0.09999411763965328	0.0	0.9	81967.2131147541
chr11	3081479	3081601	RNA2387	122	0				0.0
chr11	3168801	3168876	RNA2388	75	29	4.667673501585013e-05	1.4712400115968194e-05	1.0	386666.6666666667
chr11	3170943	3171018	RNA2389	75	20	0.05002499590973457	1.4702900443808176e-05	0.95	266666.6666666667
chr11	3826418	3826548	RNA2390	130	31	0.003367316377872128	1.470200004405342e-05	0.967741935483871	238461.53846153847
chr11	3826578	3826707	RNA2391	129	27	3.1577748409794586e-05	0.0	1.0	209302.32558139536
chr11	3846467	3846589	RNA2392	122	28	0.0003008876405082037	0.0	1.0	229508.19672131148
chr11	4276663	4276736	RNA2393	73	0				0.0
chr11	5243709	5243842	RNA2394	133	27	1.3611122085421812e-05	1.4698100130772218e-05	1.0	203007.51879699246
chr11	5243712	5243821	RNA2395	109	22	1.2027177118315278e-05	1.469764993089484e-05	1.0	201834.86238532112
chr11	6102116	6102257	RNA2396	141	19	1.78202739047402e-05	0.0	1.0	134751.7730496454
chr11	6801651	6801753	RNA2397	102	15	2.7467206928118215e-05	0.0	1.0	147058.82352941178
chr11	7129681	7129756	RNA2398	75	15	8.034779342170877e-05	1.470200004405342e-05	1.0	200000.0
chr11	7170176	7170260	RNA2399	84	20	5.071624577793989e-05	0.0	1.0	238095.23809523808
chr11	7171606	7171681	RNA2400	75	0				0.0
chr11	7664185	7664314	RNA2401	129	45	0.02189522226433635	0.0	0.9555555555555556	348837.2093023256
chr11	7664194	7664324	RNA2402	130	44	0.017283960786554333	0.0	0.9772727272727273	338461.5384615385
chr11	7953522	7953644	RNA2403	122	18	1.959973885984428e-05	1.4698549875902245e-05	1.0	147540.98360655736
chr11	8289259	8289332	RNA2404	73	14	3.989692095273728e-05	0.0	1.0	191780.8219178082
chr11	8608447	8608577	RNA2405	130	32	1.2860831049010565e-05	0.0	1.0	246153.84615384616
chr11	8608689	8608818	RNA2406	129	24	1.531667495176247e-05	0.0	1.0	186046.51162790696
chr11	8611811	8611941	RNA2407	130	28	0.039994565742842624	1.4699399798701052e-05	0.9285714285714286	215384.6153846154
chr11	8611841	8611970	RNA2408	129	23	0.00520758123900083	0.0	0.9565217391304348	178294.57364341087
chr11	8611878	8612007	RNA2409	129	19	0.005650712478870299	0.0	0.9473684210526315	147286.82170542638
chr11	8611894	8612024	RNA2410	130	19	2.862861076305299e-05	0.0	1.0	146153.84615384616
chr11	8910952	8911081	RNA2411	118	37	0.03661555825464027	0.0	0.9459459459459459	313559.3220338983
chr11	8910961	8911090	RNA2412	122	36	0.03755091160557336	0.0	0.9444444444444444	295081.9672131147
chr11	8910965	8911095	RNA2413	123	40	0.05879654202008168	0.0	0.925	325203.2520325203
chr11	8910967	8911096	RNA2414	124	39	0.06029420343120597	0.0	0.9230769230769231	314516.12903225806
chr11	8910968	8911098	RNA2415	125	39	0.06029379192351861	0.0	0.9230769230769231	312000.0
chr11	8910990	8911120	RNA2416	130	40	0.050004403460047794	0.0	0.95	307692.3076923077
chr11	9138339	9138412	RNA2417	73	15	0.00023233797225353622	1.4698999621032272e-05	1.0	205479.4520547945
chr11	9270267	9270340	RNA2418	73	13	0.0007724934905406985	0.0	1.0	178082.19178082192
chr11	9273462	9273535	RNA2419	73	12	2.449794177057616e-05	1.4698950053571025e-05	1.0	164383.5616438356
chr11	9277426	9277499	RNA2420	73	0				0.0
chr11	9280181	9280254	RNA2421	73	8	0.00034553339810370633	7.35100002202671e-06	1.0	109589.04109589041
chr11	9372693	9372766	RNA2422	73	16	4.59336877156602e-06	0.0	1.0	219178.08219178082
chr11	9635049	9635179	RNA2423	130	25	0.08001234874387592	0.0	0.92	192307.6923076923
chr11	9640796	9640925	RNA2424	129	20	4.335809981057021e-05	1.4696599919261644e-05	1.0	155038.75968992247
chr11	9641339	9641480	RNA2425	141	29	1.1656472483521391e-05	1.4694600395159796e-05	1.0	205673.7588652482
chr11	10304990	10305063	RNA2426	73	20	0.00010015310349443722	1.4823599940427812e-05	1.0	273972.602739726
chr11	10720667	10720808	RNA2427	141	30	4.185223360763898e-05	0.0	1.0	212765.95744680852
chr11	10726440	10726581	RNA2428	141	37	0.014274871380842564	0.0	0.972972972972973	262411.3475177305
chr11	10731005	10731146	RNA2429	141	24	0.00012497582451941728	1.470715005780221e-05	1.0	170212.7659574468
chr11	10941881	10942022	RNA2430	141	22	2.0712340838971695e-05	1.4699000075779622e-05	1.0	156028.36879432623
chr11	10943605	10943746	RNA2431	141	20	0.00019253380887675767	7.348849976551719e-06	1.0	141843.97163120567
chr11	10945297	10945438	RNA2432	141	25	0.040094700926274526	0.0	0.96	177304.9645390071
chr11	11005533	11005617	RNA2433	84	25	8.892275891411983e-05	0.0	1.0	297619.04761904763
chr11	11624995	11625136	RNA2434	141	27	0.0007082316935204089	0.0	1.0	191489.36170212764
chr11	12020592	12020676	RNA2435	84	18	8.165061141577704e-06	0.0	1.0	214285.71428571426
chr11	12029422	12029506	RNA2436	84	22	1.13585316202344e-05	0.0	1.0	261904.76190476192
chr11	12029500	12029584	RNA2437	84	19	1.005703147951097e-05	0.0	1.0	226190.47619047618
chr11	12030085	12030169	RNA2438	84	20	8.819100094115128e-06	0.0	1.0	238095.23809523808
chr11	12367986	12368070	RNA2439	84	19	7.736420995666107e-06	0.0	1.0	226190.47619047618
chr11	12368082	12368172	RNA2440	90	15	2.744970073156725e-05	1.4701099644298664e-05	1.0	166666.66666666666
chr11	12368355	12368439	RNA2441	84	10	1.7638840017752954e-05	1.4700249721499858e-05	1.0	119047.61904761904
chr11	12370069	12370160	RNA2442	91	29	0.034496443548458294	1.4696400285174605e-05	0.9655172413793104	318681.31868131866
chr11	12370664	12370748	RNA2443	84	15	9.800639963941648e-06	0.0	1.0	178571.42857142858
chr11	13217224	13217308	RNA2444	84	8	3.123093711109262e-05	0.0	1.0	95238.09523809524
chr11	13387864	13387993	RNA2445	129	28	0.065163240663391	0.0	0.9285714285714286	217054.26356589148
chr11	13387868	13387998	RNA2446	130	29	0.06291673931637293	0.0	0.9310344827586207	223076.9230769231
chr11	14274578	14274651	RNA2447	73	12	8.59052496101261e-06	0.0	1.0	164383.5616438356
chr11	15796738	15796879	RNA2448	141	38	0.0010246489367474203	0.0	1.0	269503.5460992908
chr11	15961278	15961362	RNA2449	84	0				0.0
chr11	15965245	15965336	RNA2450	91	0				0.0
chr11	15965945	15966035	RNA2451	90	0				0.0
chr11	16776599	16776683	RNA2452	84	12	9.798816487697573e-06	7.348399776674342e-06	1.0	142857.14285714284
chr11	16777105	16777189	RNA2453	84	17	0.04723941808066122	1.4698500308440998e-05	0.9411764705882353	202380.9523809524
chr11	16777185	16777269	RNA2454	84	14	1.0499292914443816e-05	0.0	1.0	166666.66666666666
chr11	17053024	17053108	RNA2455	84	0				0.0
chr11	17053024	17053108	RNA2456	84	0				0.0
chr11	17053027	17053111	RNA2457	84	0				0.0
chr11	17053267	17053357	RNA2458	85	12	0.08333592156668601	0.0	0.9166666666666666	141176.4705882353
chr11	17053269	17053360	RNA2459	86	12	0.08333592156668601	0.0	0.9166666666666666	139534.88372093023
chr11	17059113	17059203	RNA2460	90	16	0.06256894999933138	0.0	0.9375	177777.77777777778
chr11	17061938	17062029	RNA2461	91	17	0.05883304691777833	0.0	0.9411764705882353	186813.18681318683
chr11	17071067	17071157	RNA2462	90	24	2.6954478623031033e-05	7.347950031544315e-06	1.0	266666.6666666667
chr11	17071405	17071489	RNA2463	84	18	1.9595328012654833e-05	0.0	1.0	214285.71428571426
chr11	17072564	17072655	RNA2464	91	14	0.0012317787550922984	0.0	1.0	153846.15384615384
chr11	17207991	17208081	RNA2465	90	35	1.7217505826140384e-05	1.469509970775107e-05	1.0	388888.8888888889
chr11	17207993	17208083	RNA2466	90	36	1.673924177541426e-05	1.4694850051455433e-05	1.0	400000.0
chr11	17207998	17208089	RNA2467	91	38	0.02634286265768088	1.469590006308863e-05	0.9736842105263158	417582.4175824176
chr11	17207999	17208090	RNA2468	91	38	0.02634286265768088	1.469590006308863e-05	0.9736842105263158	417582.4175824176
chr11	17208000	17208090	RNA2469	90	37	0.02705483191869928	1.469590006308863e-05	0.972972972972973	411111.11111111107
chr11	17208009	17208100	RNA2470	91	35	0.028600822314053528	1.469590006308863e-05	0.9714285714285714	384615.3846153846
chr11	18047054	18047138	RNA2471	84	15	7.446850607568944e-05	0.0	1.0	178571.42857142858
chr11	18068952	18069043	RNA2472	91	12	4.287405765049296e-05	0.0	1.0	131868.13186813187
chr11	18069143	18069233	RNA2473	90	17	3.5446187907564704e-05	0.0	1.0	188888.88888888888
chr11	21626519	21626609	RNA2474	90	17	3.631554072317737e-05	1.4697199731017465e-05	1.0	188888.88888888888
chr11	21641319	21641410	RNA2475	91	12	1.3475316715509203e-05	7.349699899350526e-06	1.0	131868.13186813187
chr11	21644329	21644413	RNA2476	84	11	8.01870902994944e-06	0.0	1.0	130952.38095238096
chr11	22602441	22602518	RNA2477	77	12	2.328258301530911e-05	1.470220013288781e-05	1.0	155844.15584415584
chr11	26664281	26664358	RNA2478	77	21	7.707776083926937e-06	0.0	1.0	272727.2727272727
chr11	27363362	27363439	RNA2479	77	40	3.968890589475795e-05	7.349250154220499e-06	1.0	519480.5194805194
chr11	27363457	27363534	RNA2480	77	15	3.233881410172045e-05	1.4698500308440998e-05	1.0	194805.19480519483
chr11	27363693	27363770	RNA2481	77	19	1.1604810616087266e-05	1.4696400285174605e-05	1.0	246753.24675324676
chr11	27940044	27940121	RNA2482	77	25	0.040030003607244	1.47024002217222e-05	0.96	324675.32467532466
chr11	27940201	27940278	RNA2483	77	16	6.249685640113378e-05	1.469785001972923e-05	1.0	207792.2077922078
chr11	27940765	27940842	RNA2484	77	23	0.1743533423630098	1.469590006308863e-05	0.8260869565217391	298701.2987012987
chr11	28537085	28537162	RNA2485	77	20	5.880690105186659e-06	0.0	1.0	259740.2597402597
chr11	30323020	30323103	RNA2486	83	26	0.005993262809484938	1.4694850051455433e-05	0.9615384615384616	313253.0120481928
chr11	32386207	32386284	RNA2487	77	15	2.058452034058013e-05	0.0	1.0	194805.19480519483
chr11	33977798	33977881	RNA2488	83	16	1.2866668839706108e-05	1.4701150121254614e-05	1.0	192771.0843373494
chr11	34620954	34621037	RNA2489	83	19	1.2380194819245985e-05	0.0	1.0	228915.6626506024
chr11	34620978	34621061	RNA2490	83	19	6.190194797359015e-06	0.0	1.0	228915.6626506024
chr11	34620999	34621082	RNA2491	83	20	3.086669448748194e-05	0.0	1.0	240963.85542168675
chr11	35122330	35122413	RNA2492	83	14	3.989112909558568e-05	1.4696999642183075e-05	1.0	168674.6987951807
chr11	35126927	35127010	RNA2493	83	10	1.0288629982824205e-05	0.0	1.0	120481.92771084337
chr11	35127650	35127733	RNA2494	83	20	0.00018886700263464693	0.0	1.0	240963.85542168675
chr11	35936295	35936378	RNA2495	83	12	0.002002849108142371	7.349499810516136e-06	1.0	144578.31325301205
chr11	38543751	38543834	RNA2496	83	17	4.3305565722052896e-05	1.4714099961565807e-05	1.0	204819.27710843371
chr11	40102711	40102800	RNA2497	88	11	2.3142909578211432e-05	0.0	1.0	125000.0
chr11	41889063	41889143	RNA2498	78	20	0.03455096958441572	1.4703499800816644e-05	0.95	256410.25641025638
chr11	41901839	41901923	RNA2499	84	12	0.0001176150331048073	7.350150099227904e-06	1.0	142857.14285714284
chr11	41907310	41907420	RNA2500	110	20	0.0345038896324695	1.4701349755341654e-05	0.95	181818.18181818182
chr11	42981850	42981976	RNA2501	126	26	0.015880427181750395	7.347950031544315e-06	0.9615384615384616	206349.20634920633
chr11	42994929	42995018	RNA2502	89	19	0.02411691474294217	1.4701099644298664e-05	0.9473684210526315	213483.1460674157
chr11	43494951	43495040	RNA2503	89	10	7.938712733448076e-05	1.4696799553348685e-05	1.0	112359.55056179775
chr11	43553924	43554013	RNA2504	89	16	0.06245312305873085	7.35079993319232e-06	0.9375	179775.2808988764
chr11	43554699	43554788	RNA2505	89	26	0.00028779149831208807	7.349899988184916e-06	1.0	292134.8314606742
chr11	44006542	44006631	RNA2506	89	14	2.2313128543566387e-05	7.415299933200004e-06	1.0	157303.37078651684
chr11	44009353	44009442	RNA2507	89	21	1.8198324141845595e-05	0.0	1.0	235955.05617977527
chr11	44010702	44010791	RNA2508	89	14	3.7789613868099846e-05	1.4699200164614012e-05	1.0	157303.37078651684
chr11	44559132	44559221	RNA2509	89	15	0.032722387474132114	1.4698100130772218e-05	0.9333333333333333	168539.32584269662
chr11	45310972	45311043	RNA2510	71	17	2.5232911706124843e-05	1.470159986638464e-05	1.0	239436.61971830984
chr11	45367956	45368036	RNA2511	80	18	0.009362029272425484	1.470200004405342e-05	0.9444444444444444	225000.0
chr11	45369203	45369287	RNA2512	84	7	1.049782843308224e-05	1.469590006308863e-05	1.0	83333.33333333333
chr11	45763143	45763253	RNA2513	110	20	2.1314859759510337e-05	0.0	1.0	181818.18181818182
chr11	46223741	46223867	RNA2514	126	22	0.039838070648908215	1.4699599887535442e-05	0.9545454545454546	174603.1746031746
chr11	46329305	46329389	RNA2515	84	19	1.938846827741619e-05	1.4706700312672185e-05	1.0	226190.47619047618
chr11	46330581	46330661	RNA2516	80	17	0.0004427161698271396	1.4699399798701052e-05	1.0	212500.0
chr11	46393796	46393876	RNA2517	80	21	1.0143771587103228e-05	0.0	1.0	262500.0
chr11	46393876	46393960	RNA2518	83	19	3.939857857690904e-06	0.0	1.0	228915.6626506024
chr11	46395457	46395537	RNA2519	80	15	7.838579949748237e-06	0.0	1.0	187500.0
chr11	46396046	46396130	RNA2520	84	15	0.13500329452981533	1.4699799976369832e-05	0.8666666666666667	178571.42857142858
chr11	46594203	46594287	RNA2521	84	12	1.225011677282358e-05	0.0	1.0	142857.14285714284
chr11	46594245	46594329	RNA2522	84	18	2.449918899097313e-05	1.4696599919261644e-05	1.0	214285.71428571426
chr11	46594321	46594401	RNA2523	80	20	2.0581875378407516e-05	1.4698500308440998e-05	1.0	250000.0
chr11	46594332	46594416	RNA2524	84	18	1.1434066739942258e-05	1.4698500308440998e-05	1.0	214285.71428571426
chr11	46594397	46594477	RNA2525	80	9	1.633164427201134e-05	1.4698500308440998e-05	1.0	112500.0
chr11	46594506	46594586	RNA2526	80	17	1.902410017732216e-05	1.470200004405342e-05	1.0	212500.0
chr11	46676094	46676204	RNA2527	110	22	1.2698986417738276e-05	0.0	1.0	200000.0
chr11	46741668	46741778	RNA2528	110	23	0.043488485317380844	1.469590006308863e-05	0.9565217391304348	209090.9090909091
chr11	46742862	46742972	RNA2529	110	20	0.05001469775011173	7.348399776674342e-06	0.95	181818.18181818182
chr11	47177131	47177257	RNA2530	126	25	9.410087986907456e-06	0.0	1.0	198412.6984126984
chr11	47177252	47177378	RNA2531	126	29	1.2165586134678685e-05	0.0	1.0	230158.73015873015
chr11	47177287	47177397	RNA2532	110	26	1.3005907686206623e-05	1.469724975322606e-05	1.0	236363.63636363635
chr11	47177310	47177436	RNA2533	126	20	1.6907204962985873e-05	1.4698549875902245e-05	1.0	158730.15873015873
chr11	47177336	47177446	RNA2534	110	18	2.4503083043074047e-05	1.4699199709866662e-05	1.0	163636.36363636365
chr11	47177343	47177453	RNA2535	110	19	2.321344709343857e-05	1.4698999621032272e-05	1.0	172727.27272727274
chr11	47186761	47186887	RNA2536	126	24	5.4513008194585884e-05	0.0	1.0	190476.19047619047
chr11	47189628	47189754	RNA2537	126	28	1.0499346737037703e-05	0.0	1.0	222222.22222222222
chr11	47330204	47330330	RNA2538	126	18	0.007890050299566702	1.470005008741282e-05	0.9444444444444444	142857.14285714284
chr11	47449561	47449641	RNA2539	80	9	0.0008836228276373238	0.0	1.0	112500.0
chr11	47451469	47451553	RNA2540	84	9	2.9396155191027395e-05	0.0	1.0	107142.85714285713
chr11	47777369	47777479	RNA2541	110	27	6.534359238651598e-06	0.0	1.0	245454.54545454544
chr11	48183227	48183353	RNA2542	126	27	0.037032135515060134	0.0	0.9629629629629629	214285.71428571426
chr11	48580787	48580876	RNA2543	89	0				0.0
chr11	49102951	49103022	RNA2544	71	0				0.0
chr11	50165740	50165811	RNA2545	71	0				0.0
chr11	50252839	50252910	RNA2546	71	17	1.0378635231652024e-05	0.0	1.0	239436.61971830984
chr11	50254003	50254074	RNA2547	68	13	1.7607815187567703e-05	0.0	1.0	191176.47058823527
chr11	50368712	50368783	RNA2548	71	0				0.0
chr11	50375845	50375916	RNA2549	71	0				0.0
chr11	50376394	50376465	RNA2550	71	0				0.0
chr11	54559425	54559497	RNA2551	72	0				0.0
chr11	54560451	54560523	RNA2552	72	0				0.0
chr11	54562766	54562848	RNA2553	82	0				0.0
chr11	54566934	54567006	RNA2554	72	0				0.0
chr11	55274567	55274638	RNA2555	71	0				0.0
chr11	57856332	57856406	RNA2556	74	18	0.0477938583128687	7.364849807345308e-06	0.8888888888888888	243243.24324324325
chr11	57858894	57858968	RNA2557	74	20	0.0003189458968790828	1.469964990974404e-05	1.0	270270.2702702703
chr11	57860229	57860300	RNA2558	71	16	4.317786186901977e-05	0.0	1.0	225352.11267605633
chr11	58526493	58526565	RNA2559	70	17	0.006716246654992997	1.4828399798716418e-05	0.9411764705882353	242857.14285714284
chr11	58526709	58526791	RNA2560	82	15	9.805020090425387e-06	0.0	1.0	182926.82926829267
chr11	58578231	58578303	RNA2561	72	22	5.678775381634487e-05	1.4696800008096034e-05	1.0	305555.55555555556
chr11	58578294	58578366	RNA2562	72	24	0.04169300332478087	1.469764993089484e-05	0.9583333333333334	333333.3333333333
chr11	59453495	59453577	RNA2563	82	13	0.07693434636075835	1.469549988541985e-05	0.8461538461538461	158536.58536585365
chr11	59453964	59454036	RNA2564	72	10	1.2774070273735561e-05	7.35555022401968e-06	1.0	138888.8888888889
chr11	59454457	59454529	RNA2565	72	17	0.0018356412356297352	1.4704200111737007e-05	1.0	236111.1111111111
chr11	59459485	59459557	RNA2566	72	18	1.4699544408358634e-05	7.348599865508732e-06	1.0	250000.0
chr11	59533316	59533388	RNA2567	72	12	4.6831209147056884e-05	0.0	1.0	166666.66666666666
chr11	59535031	59535103	RNA2568	72	8	9.189825163957721e-06	0.0	1.0	111111.11111111111
chr11	59535232	59535304	RNA2569	72	13	6.785738500744069e-06	0.0	1.0	180555.55555555556
chr11	59535824	59535906	RNA2570	82	0				0.0
chr11	59536132	59536204	RNA2571	72	15	1.862266011206278e-05	1.4699399798701052e-05	1.0	208333.33333333334
chr11	59536583	59536665	RNA2572	82	10	2.3653429889233178e-05	1.4743599876965162e-05	1.0	121951.21951219512
chr11	59536672	59536744	RNA2573	72	7	1.0514414498175029e-05	0.0	1.0	97222.22222222222
chr11	59536736	59536808	RNA2574	72	12	6.233325014666964e-06	0.0	1.0	166666.66666666666
chr11	59669040	59669112	RNA2575	72	21	1.0511085704257267e-05	0.0	1.0	291666.6666666667
chr11	59669043	59669115	RNA2576	72	21	1.0511085704257267e-05	0.0	1.0	291666.6666666667
chr11	59669072	59669154	RNA2577	82	27	1.7978163028868406e-05	1.4704999557579868e-05	1.0	329268.29268292687
chr11	59669097	59669169	RNA2578	72	25	1.88273840831215e-05	1.470460028940579e-05	1.0	347222.2222222222
chr11	59669113	59669185	RNA2579	72	27	1.688752595159281e-05	1.47024002217222e-05	1.0	375000.0
chr11	59669137	59669209	RNA2580	72	31	1.992410333543091e-05	1.470200004405342e-05	1.0	430555.55555555556
chr11	59669145	59669217	RNA2581	72	28	1.9957342958924368e-05	1.469984999857843e-05	1.0	388888.8888888889
chr11	59669151	59669223	RNA2582	72	27	1.960247054402293e-05	1.4697699953103438e-05	1.0	375000.0
chr11	59669155	59669237	RNA2583	82	35	1.721920013681097e-05	1.4696400285174605e-05	1.0	426829.26829268294
chr11	59669165	59669237	RNA2584	72	33	1.7817194075726612e-05	1.4696400285174605e-05	1.0	458333.3333333333
chr11	59669175	59669257	RNA2585	82	39	1.9976123136677368e-05	1.4696400285174605e-05	1.0	475609.756097561
chr11	59669203	59669275	RNA2586	72	40	1.8740832524597743e-05	1.4696800008096034e-05	1.0	555555.5555555556
chr11	60034842	60034916	RNA2587	74	6	4.164544967957852e-05	1.4700699921377236e-05	1.0	81081.08108108108
chr11	60035196	60035305	RNA2588	109	20	0.0001278759945762408	1.469764993089484e-05	1.0	183486.2385321101
chr11	60716625	60716697	RNA2589	72	10	4.556782077996957e-05	7.35079993319232e-06	1.0	138888.8888888889
chr11	60716958	60717030	RNA2590	72	17	0.058792395352450996	1.4699399798701052e-05	0.9411764705882353	236111.1111111111
chr11	60718448	60718520	RNA2591	72	12	1.2248200012739593e-05	7.347300197579898e-06	1.0	166666.66666666666
chr11	60720260	60720342	RNA2592	82	17	9.511399880198843e-06	0.0	1.0	207317.0731707317
chr11	61129306	61129390	RNA2593	84	18	1.8787822379332728e-05	0.0	1.0	214285.71428571426
chr11	61388998	61389079	RNA2594	81	13	0.0005551526951071813	0.0	1.0	160493.82716049382
chr11	61868308	61868379	RNA2595	67	0				0.0
chr11	61869884	61869958	RNA2596	74	20	1.1022089938705904e-05	7.347300197579898e-06	1.0	270270.2702702703
chr11	61871097	61871171	RNA2597	74	16	5.787903580766733e-05	1.469744984206045e-05	1.0	216216.21621621624
chr11	62747402	62747476	RNA2598	74	20	8.08877998679236e-06	0.0	1.0	270270.2702702703
chr11	62747416	62747490	RNA2599	74	21	7.003938099799034e-06	0.0	1.0	283783.7837837838
chr11	62747448	62747519	RNA2600	71	26	7.353992294576108e-06	0.0	1.0	366197.1830985916
chr11	62843164	62843238	RNA2601	74	15	1.1770226653122032e-05	1.4703299711982254e-05	1.0	202702.70270270272
chr11	62846140	62846214	RNA2602	74	16	1.7456425041468778e-05	1.4696150174131617e-05	1.0	216216.21621621624
chr11	62846538	62846609	RNA2603	71	18	1.879076115882425e-05	1.4705050034535816e-05	1.0	253521.12676056338
chr11	62848768	62848842	RNA2604	69	6	1.7829016996984137e-05	7.460700089723105e-06	1.0	86956.52173913043
chr11	62849304	62849375	RNA2605	71	14	2.415142106265896e-05	1.4698549875902245e-05	1.0	197183.0985915493
chr11	62849534	62849608	RNA2606	74	15	2.2676073300921808e-05	1.4729699614690617e-05	1.0	202702.70270270272
chr11	62889861	62889935	RNA2607	74	17	0.05883303136483045	1.4696799553348685e-05	0.9411764705882353	229729.72972972973
chr11	62890204	62890278	RNA2608	74	11	0.0002713286548069711	0.0	1.0	148648.64864864867
chr11	62890326	62890397	RNA2609	71	5	1.1772059951908887e-05	1.4713699783897027e-05	1.0	70422.5352112676
chr11	62890351	62890425	RNA2610	74	10	1.0353839843446622e-05	1.4714749795530224e-05	1.0	135135.13513513515
chr11	62890894	62890965	RNA2611	71	14	7.361999905697303e-06	0.0	1.0	197183.0985915493
chr11	62891466	62891540	RNA2612	74	15	2.9411200254495875e-06	0.0	1.0	202702.70270270272
chr11	62892593	62892667	RNA2613	74	13	0.07692646939225457	0.0	0.9230769230769231	175675.67567567568
chr11	62902825	62902896	RNA2614	71	13	0.07694230018478265	1.4698100130772218e-05	0.9230769230769231	183098.5915492958
chr11	62905193	62905267	RNA2615	74	10	5.88037009947584e-06	0.0	1.0	135135.13513513515
chr11	63836509	63836618	RNA2616	109	18	3.021447239208161e-05	1.4695950085297227e-05	1.0	165137.6146788991
chr11	63837204	63837278	RNA2617	74	13	5.655784661939833e-06	0.0	1.0	175675.67567567568
chr11	63837399	63837473	RNA2618	74	11	4.009899963751774e-06	0.0	1.0	148648.64864864867
chr11	63838379	63838453	RNA2619	74	6	1.2248483168756744e-05	1.4696799553348685e-05	1.0	81081.08108108108
chr11	63838679	63838750	RNA2620	71	12	3.919080821408084e-05	7.348200142587302e-06	1.0	169014.08450704225
chr11	64549884	64549966	RNA2621	82	10	3.199840102752205e-06	0.0	1.0	121951.21951219512
chr11	64549981	64550053	RNA2622	72	7	8.427799912169576e-06	0.0	1.0	97222.22222222222
chr11	64550449	64550521	RNA2623	72	21	1.0501652511829023e-05	0.0	1.0	291666.6666666667
chr11	64550608	64550680	RNA2624	72	12	1.8373925210350233e-05	7.348849976551719e-06	1.0	166666.66666666666
chr11	64782185	64782294	RNA2625	109	19	1.4700205467397897e-05	0.0	1.0	174311.9266055046
chr11	64803310	64803384	RNA2626	74	30	5.5072429495335764e-05	1.4762299997528316e-05	1.0	405405.40540540544
chr11	64850347	64850456	RNA2627	109	22	0.04545922710456745	0.0	0.9545454545454546	201834.86238532112
chr11	64851303	64851412	RNA2628	109	29	2.534918643630091e-05	1.470200004405342e-05	1.0	266055.04587155965
chr11	64893692	64893801	RNA2629	109	24	5.696888202540137e-05	7.350150099227904e-06	1.0	220183.48623853212
chr11	64893804	64893878	RNA2630	74	12	0.0001531728983839718	1.4704799923492828e-05	1.0	162162.16216216216
chr11	64894260	64894369	RNA2631	109	22	2.005563163203378e-05	1.4702900443808176e-05	1.0	201834.86238532112
chr11	64894285	64894359	RNA2632	74	15	7.842566689456969e-06	0.0	1.0	202702.70270270272
chr11	64917407	64917481	RNA2633	74	20	8.524543191014207e-05	0.0	1.0	270270.2702702703
chr11	64917469	64917543	RNA2634	74	17	0.0030746765801000814	0.0	0.9411764705882353	229729.72972972973
chr11	64986727	64986836	RNA2635	109	18	1.4699655114074832e-05	7.348399776674342e-06	1.0	165137.6146788991
chr11	65009234	65009308	RNA2636	74	8	1.838499997575127e-06	0.0	1.0	108108.10810810812
chr11	65060566	65060650	RNA2637	84	7	2.1005542813707932e-05	0.0	1.0	83333.33333333333
chr11	65213728	65213809	RNA2638	81	17	4.325894117167027e-06	0.0	1.0	209876.54320987655
chr11	65637693	65637808	RNA2639	115	28	1.5748910592653613e-05	1.4695950085297227e-05	1.0	243478.26086956522
chr11	65891687	65891796	RNA2640	109	22	0.004248664038228027	0.0	0.9545454545454546	201834.86238532112
chr11	65911211	65911285	RNA2641	74	12	1.2248991500503811e-05	1.4696550351800397e-05	1.0	162162.16216216216
chr11	65961642	65961726	RNA2642	84	21	1.0500438119855798e-05	1.4697199731017465e-05	1.0	250000.0
chr11	66005445	66005529	RNA2643	84	19	6.967068369895539e-06	0.0	1.0	226190.47619047618
chr11	66005477	66005561	RNA2644	84	23	9.587282637885833e-06	1.4696400285174605e-05	1.0	273809.52380952385
chr11	66289151	66289235	RNA2645	84	20	8.087369951681467e-06	0.0	1.0	238095.23809523808
chr11	66289206	66289290	RNA2646	84	18	8.985899967228761e-06	0.0	1.0	214285.71428571426
chr11	66289224	66289305	RNA2647	81	19	6.96266842600093e-06	0.0	1.0	234567.9012345679
chr11	66289265	66289349	RNA2648	84	20	5.879475020265091e-06	0.0	1.0	238095.23809523808
chr11	66345167	66345248	RNA2649	81	24	1.4083929121018931e-05	1.469549988541985e-05	1.0	296296.2962962963
chr11	66345286	66345367	RNA2650	81	22	1.0688836317223666e-05	0.0	1.0	271604.93827160494
chr11	66372425	66372506	RNA2651	81	20	1.3229084834165405e-05	7.347749942709925e-06	1.0	246913.58024691357
chr11	66372768	66372849	RNA2652	81	18	1.3065533393172598e-05	0.0	1.0	222222.22222222222
chr11	66434885	66434966	RNA2653	81	18	3.9202288866762394e-05	0.0	1.0	222222.22222222222
chr11	67051655	67051739	RNA2654	84	12	8.5742583451065e-06	0.0	1.0	142857.14285714284
chr11	67314510	67314591	RNA2655	81	11	1.4699163578122601e-05	1.469590006308863e-05	1.0	135802.46913580247
chr11	67716083	67716157	RNA2656	74	0				0.0
chr11	67716713	67716787	RNA2657	74	0				0.0
chr11	67717680	67717751	RNA2658	71	0				0.0
chr11	69271960	69272075	RNA2659	115	18	2.0419082880430047e-05	1.4698749964736635e-05	1.0	156521.73913043478
chr11	69405311	69405407	RNA2660	96	16	1.1947456243888155e-05	7.350350188062294e-06	1.0	166666.66666666666
chr11	69889680	69889789	RNA2661	109	21	3.5688399899901436e-05	1.4694600395159796e-05	1.0	192660.55045871562
chr11	69890007	69890081	RNA2662	74	19	6.343973808198277e-05	0.0	1.0	256756.75675675675
chr11	70191865	70191980	RNA2663	115	23	7.861908235771471e-05	0.0	1.0	200000.0
chr11	70245656	70245771	RNA2664	115	17	0.05882525839414859	0.0	0.9411764705882353	147826.08695652176
chr11	70245897	70246012	RNA2665	115	19	7.271530265777036e-05	1.4698500308440998e-05	1.0	165217.3913043478
chr11	70436658	70436742	RNA2666	84	29	0.00036338776232602447	0.0	1.0	345238.0952380952
chr11	70437457	70437572	RNA2667	115	35	8.314138982053223e-05	1.469549988541985e-05	1.0	304347.82608695654
chr11	70437748	70437863	RNA2668	115	19	1.2377878719187146e-05	0.0	1.0	165217.3913043478
chr11	70437933	70438048	RNA2669	115	22	1.9378391078297055e-05	7.347950031544315e-06	1.0	191304.34782608697
chr11	71252597	71252668	RNA2670	71	21	0.0006955004050507243	1.4781099707761314e-05	1.0	295774.6478873239
chr11	71252629	71252700	RNA2671	71	16	0.0006419740029741657	1.4768000255571678e-05	1.0	225352.11267605633
chr11	71282795	71282910	RNA2672	115	31	1.8967983622485095e-05	1.4696799553348685e-05	1.0	269565.2173913043
chr11	71337011	71337092	RNA2673	81	21	0.03807517846707058	0.0	0.9523809523809523	259259.25925925924
chr11	73398316	73398412	RNA2674	96	19	0.00040397527836351485	1.4703699889651034e-05	1.0	197916.66666666666
chr11	73992554	73992650	RNA2675	96	25	2.119337972544217e-05	1.4707199625263456e-05	1.0	260416.6666666667
chr11	73992979	73993075	RNA2676	96	19	1.0062078887896955e-05	1.470159986638464e-05	1.0	197916.66666666666
chr11	73993051	73993147	RNA2677	96	19	0.018957175253250934	0.0	0.9473684210526315	197916.66666666666
chr11	74486413	74486500	RNA2678	87	11	1.7372727432468143e-05	1.4698100130772218e-05	1.0	126436.78160919542
chr11	74486480	74486576	RNA2679	96	13	0.07693099232311887	0.0	0.9230769230769231	135416.66666666666
chr11	74486558	74486654	RNA2680	96	17	0.00484705061267852	1.4699399798701052e-05	0.9411764705882353	177083.33333333334
chr11	74487126	74487222	RNA2681	96	15	5.879126608003086e-06	0.0	1.0	156250.0
chr11	75245301	75245372	RNA2682	71	13	1.0175746235920367e-05	0.0	1.0	183098.5915492958
chr11	75246004	75246075	RNA2683	71	10	0.00014845716877970647	0.0	1.0	140845.0704225352
chr11	75258117	75258232	RNA2684	115	18	2.3690744354905382e-05	7.348849976551719e-06	1.0	156521.73913043478
chr11	75395510	75395606	RNA2685	96	14	0.009308213501753922	7.347749942709925e-06	0.9285714285714286	145833.33333333334
chr11	76145875	76145946	RNA2686	71	17	0.00013059656580212848	1.4698999621032272e-05	1.0	239436.61971830984
chr11	76146021	76146092	RNA2687	71	14	1.3649806922844535e-05	0.0	1.0	197183.0985915493
chr11	76225948	76226019	RNA2688	71	9	0.11113560568871132	1.4704999557579868e-05	0.8888888888888888	126760.56338028169
chr11	76230546	76230617	RNA2689	71	15	2.842711971121053e-05	1.4697699953103438e-05	1.0	211267.6056338028
chr11	76230994	76231065	RNA2690	71	10	1.470200004405342e-06	0.0	1.0	140845.0704225352
chr11	76233579	76233650	RNA2691	71	9	4.082266696058502e-05	1.4694600395159796e-05	1.0	126760.56338028169
chr11	76242044	76242115	RNA2692	71	17	0.058846008593718566	1.4698500308440998e-05	0.9411764705882353	239436.61971830984
chr11	76242790	76242861	RNA2693	71	0				0.0
chr11	76245580	76245651	RNA2694	71	10	5.881670131202554e-06	0.0	1.0	140845.0704225352
chr11	76246673	76246744	RNA2695	71	20	0.05137277498597541	1.4699199709866662e-05	0.95	281690.1408450704
chr11	76346359	76346430	RNA2696	71	14	1.7847064360207048e-05	1.4697199731017465e-05	1.0	197183.0985915493
chr11	76346360	76346431	RNA2697	71	14	1.7847064360207048e-05	1.4697199731017465e-05	1.0	197183.0985915493
chr11	77215346	77215417	RNA2698	71	13	0.0013687856731289215	1.4703299711982254e-05	1.0	183098.5915492958
chr11	77215484	77215555	RNA2699	71	21	3.0107285619166378e-05	0.0	1.0	295774.6478873239
chr11	78188660	78188794	RNA2700	134	47	0.00032110513570551705	0.0	1.0	350746.26865671645
chr11	78589032	78589128	RNA2701	96	12	2.4504800497493403e-05	7.347950031544315e-06	1.0	125000.0
chr11	78590809	78590896	RNA2702	87	20	2.4982779586930688e-05	0.0	1.0	229885.05747126436
chr11	78593403	78593490	RNA2703	87	17	4.778424237669501e-05	1.4725799701409414e-05	1.0	195402.29885057473
chr11	78596622	78596709	RNA2704	87	16	0.00019579827608139596	0.0	1.0	183908.0459770115
chr11	78597467	78597554	RNA2705	87	15	0.00038651335259296855	1.471759969717823e-05	1.0	172413.7931034483
chr11	79442177	79442264	RNA2706	87	12	7.3585749760241015e-06	0.0	1.0	137931.0344827586
chr11	79451436	79451523	RNA2707	87	9	6.531855534477573e-06	0.0	1.0	103448.27586206897
chr11	79501234	79501321	RNA2708	87	12	6.736584994844416e-05	1.4702649878017837e-05	1.0	137931.0344827586
chr11	79617939	79618026	RNA2709	87	19	1.4696758051669397e-05	1.4696799553348685e-05	1.0	218390.80459770115
chr11	79618332	79618403	RNA2710	71	11	0.04780108157344578	1.4697199731017465e-05	0.9090909090909091	154929.57746478872
chr11	79618706	79618777	RNA2711	71	11	2.405929113922739e-05	1.4698500308440998e-05	1.0	154929.57746478872
chr11	82722280	82722414	RNA2712	134	22	0.00014700391495187047	1.4696799553348685e-05	1.0	164179.10447761195
chr11	82781085	82781219	RNA2713	134	21	0.0011201974225730758	1.474269993195776e-05	1.0	156716.41791044778
chr11	82781168	82781302	RNA2714	134	16	1.1952875013321318e-05	1.4709150036651408e-05	1.0	119402.98507462686
chr11	82781185	82781319	RNA2715	134	19	1.0839300031013982e-05	1.4705399735248648e-05	1.0	141791.0447761194
chr11	83126334	83126468	RNA2716	134	3	4.898800095058202e-06	0.0	1.0	22388.059701492537
chr11	83131441	83131575	RNA2717	134	24	0.011736694951120319	0.0	0.9583333333333334	179104.4776119403
chr11	83143618	83143752	RNA2718	131	22	5.014394504210854e-05	1.4794699836784274e-05	1.0	167938.93129770993
chr11	83428917	83429008	RNA2719	91	18	1.2251205690619019e-05	0.0	1.0	197802.1978021978
chr11	83447045	83447132	RNA2720	87	23	0.04333442151037953	0.0	0.9565217391304348	264367.816091954
chr11	83447916	83448050	RNA2721	134	32	0.0005507491774210382	0.0	1.0	238805.97014925373
chr11	85924771	85924852	RNA2722	81	12	9.798650201745724e-06	0.0	1.0	148148.14814814815
chr11	87329267	87329358	RNA2723	91	16	1.0104912519182108e-05	7.348399776674342e-06	1.0	175824.17582417585
chr11	87340334	87340468	RNA2724	0	0				
chr11	88098187	88098278	RNA2725	91	0				0.0
chr11	88175475	88175566	RNA2726	91	22	1.8476077002556252e-05	0.0	1.0	241758.24175824175
chr11	88176296	88176387	RNA2727	91	13	5.549330063121263e-05	0.0	1.0	142857.14285714284
chr11	88177649	88177740	RNA2728	91	9	3.758885587658765e-05	1.4707599802932236e-05	1.0	98901.0989010989
chr11	88183751	88183842	RNA2729	88	10	1.664975998209569e-05	0.0	1.0	113636.36363636363
chr11	88264454	88264545	RNA2730	91	19	2.9399674052620876e-05	1.4699799976369832e-05	1.0	208791.2087912088
chr11	89066168	89066306	RNA2731	138	33	2.8962009557949323e-05	0.0	1.0	239130.4347826087
chr11	89066203	89066334	RNA2732	131	26	3.619374673199892e-05	1.4700699921377236e-05	1.0	198473.28244274808
chr11	89066270	89066396	RNA2733	126	20	0.01633976318671557	7.348849976551719e-06	0.95	158730.15873015873
chr11	89066297	89066417	RNA2734	120	22	0.014854327906133136	0.0	0.9545454545454546	183333.3333333333
chr11	89066380	89066450	RNA2735	70	15	0.00038902011110621316	1.4697199731017465e-05	1.0	214285.71428571426
chr11	89066467	89066596	RNA2736	129	17	0.014883209588119551	0.0	0.9411764705882353	131782.9457364341
chr11	89066490	89066562	RNA2737	72	5	3.233400057068e-05	0.0	1.0	69444.44444444445
chr11	89066502	89066635	RNA2738	133	19	0.01331268818428629	0.0	0.9473684210526315	142857.14285714284
chr11	89077405	89077496	RNA2739	91	22	0.04545721263647548	7.351849944825517e-06	0.9545454545454546	241758.24175824175
chr11	89869704	89869785	RNA2740	81	0				0.0
chr11	90246154	90246235	RNA2741	81	11	3.4765117644297546e-05	1.4699799976369832e-05	1.0	135802.46913580247
chr11	90247058	90247139	RNA2742	81	12	8.57623316126895e-06	0.0	1.0	148148.14814814815
chr11	90247310	90247391	RNA2743	81	17	1.3842246784511689e-05	0.0	1.0	209876.54320987655
chr11	92078766	92078847	RNA2744	81	24	0.04170662642191777	1.4729050235473551e-05	0.9583333333333334	296296.2962962963
chr11	92081717	92081798	RNA2745	81	25	0.020034114712616423	1.4698999621032272e-05	0.96	308641.97530864197
chr11	92083646	92083727	RNA2746	81	16	4.3189036830420545e-05	0.0	1.0	197530.86419753084
chr11	92097067	92097148	RNA2747	81	21	0.001305446899745475	0.0	1.0	259259.25925925924
chr11	92896563	92896696	RNA2748	133	30	2.449974981573092e-05	0.0	1.0	225563.9097744361
chr11	92897606	92897737	RNA2749	131	40	0.019050186113804553	0.0	0.975	305343.5114503817
chr11	92897838	92897976	RNA2750	138	30	7.3492667070240715e-06	0.0	1.0	217391.30434782608
chr11	92898438	92898567	RNA2751	129	30	5.5877788721160534e-05	0.0	1.0	232558.13953488372
chr11	92898791	92898917	RNA2752	126	29	3.1944399371898377e-05	1.4698100130772218e-05	1.0	230158.73015873015
chr11	92901003	92901075	RNA2753	72	9	6.533155606626275e-06	0.0	1.0	125000.0
chr11	92903514	92903584	RNA2754	70	18	1.3882549915757005e-05	0.0	1.0	257142.85714285713
chr11	92904728	92904848	RNA2755	120	18	9.797794316707748e-06	0.0	1.0	150000.0
chr11	92908702	92908793	RNA2756	91	15	6.858826600364409e-06	0.0	1.0	164835.16483516482
chr11	93660870	93660940	RNA2757	70	10	1.4698059749207459e-05	0.0	1.0	142857.14285714284
chr11	93660874	93661005	RNA2758	131	31	8.535622504085392e-06	0.0	1.0	236641.2213740458
chr11	93660878	93661009	RNA2759	131	30	8.820143254221572e-06	0.0	1.0	229007.63358778626
chr11	93660900	93661029	RNA2760	129	30	8.820143254221572e-06	0.0	1.0	232558.13953488372
chr11	93660906	93660976	RNA2761	70	13	9.045022894637301e-06	0.0	1.0	185714.2857142857
chr11	93660972	93661092	RNA2762	120	25	6.492728025477845e-06	0.0	1.0	208333.33333333334
chr11	93661014	93661086	RNA2763	72	9	4.9105333851508076e-06	0.0	1.0	125000.0
chr11	93661015	93661087	RNA2764	72	10	4.419480046635727e-06	0.0	1.0	138888.8888888889
chr11	93661035	93661105	RNA2765	68	16	9.618431306535058e-06	0.0	1.0	235294.11764705883
chr11	93661051	93661184	RNA2766	130	32	0.013675280485642814	0.0	0.96875	246153.84615384616
chr11	93661079	93661205	RNA2767	123	28	0.015628371340686238	0.0	0.9642857142857143	227642.2764227642
chr11	93661108	93661180	RNA2768	72	14	0.031240485988551617	0.0	0.9285714285714286	194444.44444444444
chr11	93661118	93661247	RNA2769	129	20	0.07137675286689955	0.0	0.9	155038.75968992247
chr11	93661130	93661268	RNA2770	138	23	0.043063594556256045	0.0	0.9565217391304348	166666.66666666666
chr11	93661304	93661433	RNA2771	129	26	0.0009176901640925109	7.349499810516136e-06	1.0	201550.38759689924
chr11	93661307	93661433	RNA2772	126	26	0.0009176901640925109	7.349499810516136e-06	1.0	206349.20634920633
chr11	93661308	93661441	RNA2773	133	32	0.0007479205270897157	7.349499810516136e-06	1.0	240601.50375939847
chr11	93661319	93661450	RNA2774	131	36	0.000665226446320349	0.0	1.0	274809.1603053435
chr11	93661392	93661512	RNA2775	120	39	7.011341201107745e-05	0.0	1.0	325000.0
chr11	93661395	93661533	RNA2776	138	44	6.38162879237233e-05	0.0	1.0	318840.5797101449
chr11	93661396	93661534	RNA2777	138	46	6.104166670964837e-05	0.0	1.0	333333.3333333333
chr11	93661446	93661572	RNA2778	126	41	6.776734798909954e-05	0.0	1.0	325396.8253968254
chr11	93661486	93661619	RNA2779	133	43	6.598420147150911e-05	0.0	1.0	323308.2706766917
chr11	93661559	93661679	RNA2780	120	35	1.1762048546058526e-05	0.0	1.0	291666.6666666667
chr11	93815116	93815249	RNA2781	133	28	0.03578200314297775	1.4698549875902245e-05	0.9642857142857143	210526.31578947368
chr11	93815149	93815278	RNA2782	129	22	5.411599216709131e-05	1.4697900041937828e-05	1.0	170542.63565891472
chr11	93815268	93815401	RNA2783	133	24	1.7148941537923848e-05	0.0	1.0	180451.12781954886
chr11	93815449	93815578	RNA2784	129	25	4.879756339504947e-05	1.4697199731017465e-05	1.0	193798.4496124031
chr11	93815516	93815586	RNA2785	70	16	7.257131784398524e-05	1.4697900041937828e-05	1.0	228571.42857142855
chr11	93815687	93815759	RNA2786	72	12	2.450266720188665e-06	0.0	1.0	166666.66666666666
chr11	93815692	93815764	RNA2787	72	14	3.150185745783217e-06	0.0	1.0	194444.44444444444
chr11	93815894	93816032	RNA2788	138	26	0.038473410849641926	0.0	0.9615384615384616	188405.79710144928
chr11	93815956	93816026	RNA2789	70	14	1.4699085178493083e-05	0.0	1.0	200000.0
chr11	93815972	93816098	RNA2790	126	27	1.2521303418635233e-05	0.0	1.0	214285.71428571426
chr11	93816083	93816209	RNA2791	126	19	7.737259870497528e-05	1.4698500308440998e-05	1.0	150793.6507936508
chr11	93816235	93816355	RNA2792	120	21	1.1201680925816098e-05	0.0	1.0	175000.0
chr11	93816247	93816378	RNA2793	131	20	1.0291650005456176e-05	0.0	1.0	152671.75572519086
chr11	93816803	93816941	RNA2794	138	16	7.35113127348086e-06	0.0	1.0	115942.02898550725
chr11	93816824	93816894	RNA2795	70	10	7.35099993107724e-06	0.0	1.0	142857.14285714284
chr11	93817366	93817497	RNA2796	131	25	0.025005430473574963	1.4696799553348685e-05	0.96	190839.69465648857
chr11	93817385	93817516	RNA2797	131	29	0.021558433039241084	1.4696799553348685e-05	0.9655172413793104	221374.04580152672
chr11	93817391	93817529	RNA2798	138	30	0.020839818444619594	1.4696799553348685e-05	0.9666666666666667	217391.30434782608
chr11	93817456	93817589	RNA2799	131	26	1.2708703812117725e-05	0.0	1.0	198473.28244274808
chr11	93817661	93817781	RNA2800	120	13	6.783677026060804e-06	0.0	1.0	108333.33333333334
chr11	93817679	93817808	RNA2801	129	13	9.044692398254903e-06	0.0	1.0	100775.19379844962
chr11	93817827	93817899	RNA2802	72	8	1.285997495870106e-05	1.469529979658546e-05	1.0	111111.11111111111
chr11	93818091	93818211	RNA2803	120	23	0.043508301877923455	1.4698100130772218e-05	0.9565217391304348	191666.6666666667
chr11	93857541	93857667	RNA2804	126	15	1.4700006674199055e-05	1.4697699953103438e-05	1.0	119047.61904761904
chr11	94532313	94532442	RNA2805	129	21	0.0004474356328934109	1.4698100130772218e-05	1.0	162790.69767441862
chr11	94532948	94533018	RNA2806	70	9	1.797481157457999e-05	1.4698500308440998e-05	1.0	128571.42857142857
chr11	94534317	94534437	RNA2807	120	15	4.5090440471536886e-05	0.0	1.0	125000.0
chr11	94535545	94535678	RNA2808	133	22	1.1359249914343659e-05	0.0	1.0	165413.53383458644
chr11	94925758	94925896	RNA2809	138	25	4.583919922878809e-05	1.4697699953103438e-05	1.0	181159.42028985507
chr11	94926468	94926594	RNA2810	126	18	0.1597022527463802	7.349050065386109e-06	0.8333333333333334	142857.14285714284
chr11	94927375	94927506	RNA2811	131	29	0.004378112986410864	1.469590006308863e-05	0.9655172413793104	221374.04580152672
chr11	94927874	94927946	RNA2812	72	12	1.102435832459984e-05	7.348599865508732e-06	1.0	166666.66666666666
chr11	95765532	95765613	RNA2813	81	21	5.601419096430098e-06	0.0	1.0	259259.25925925924
chr11	95937503	95937607	RNA2814	104	17	1.988933533592282e-05	0.0	1.0	163461.53846153847
chr11	98329629	98329755	RNA2815	126	43	0.05268750832976026	0.0	0.9302325581395349	341269.8412698413
chr11	98329841	98329974	RNA2816	133	52	0.03318477360034403	1.4698999621032272e-05	0.9615384615384616	390977.44360902254
chr11	98329906	98330044	RNA2817	137	40	0.04212063576514992	0.0	0.95	291970.802919708
chr11	98329962	98330091	RNA2818	128	37	0.027034659016150014	0.0	0.972972972972973	289062.5
chr11	98330110	98330230	RNA2819	120	36	0.019698799606051882	7.347749942709925e-06	0.9722222222222222	300000.0
chr11	98330114	98330184	RNA2820	70	27	9.810292626584501e-06	0.0	1.0	385714.28571428574
chr11	98330228	98330300	RNA2821	72	26	0.03849149885728856	1.469549988541985e-05	0.9615384615384616	361111.1111111111
chr11	98330347	98330478	RNA2822	131	35	0.08555261481984157	1.4698500308440998e-05	0.9142857142857143	267175.572519084
chr11	100531839	100531943	RNA2823	104	19	9.286536911340112e-06	0.0	1.0	182692.3076923077
chr11	100681941	100682045	RNA2824	104	32	0.003078950261567567	1.4699600342282793e-05	0.96875	307692.3076923077
chr11	100682830	100682934	RNA2825	104	18	0.0037571735885345865	1.4699199709866662e-05	0.9444444444444444	173076.92307692306
chr11	100683645	100683749	RNA2826	104	14	1.1549399914656533e-05	1.4696999642183075e-05	1.0	134615.3846153846
chr11	101008334	101008438	RNA2827	103	20	4.0586020031692736e-05	1.4702649878017837e-05	1.0	194174.7572815534
chr11	101018976	101019080	RNA2828	104	14	1.679957865364888e-05	0.0	1.0	134615.3846153846
chr11	101027511	101027615	RNA2829	103	16	0.00015661251103437542	1.4701099644298665e-05	1.0	155339.8058252427
chr11	101889146	101889250	RNA2830	104	0				0.0
chr11	104168545	104168627	RNA2831	82	7	0.0006520548026206317	1.4773199836781714e-05	1.0	85365.8536585366
chr11	105561870	105561974	RNA2832	104	22	0.001720870455094637	0.0	1.0	211538.46153846153
chr11	108156289	108156371	RNA2833	82	14	0.11246408346804466	4.419564902491402e-05	0.8571428571428571	170731.7073170732
chr11	109038855	109038937	RNA2834	82	16	0.024508543349895717	1.4698749964736635e-05	0.9375	195121.9512195122
chr11	109138413	109138495	RNA2835	82	0				0.0
chr11	109163197	109163279	RNA2836	82	23	2.2348039435554733e-05	0.0	1.0	280487.80487804883
chr11	109239173	109239255	RNA2837	82	19	4.260221047795153e-05	1.471149971621344e-05	1.0	231707.31707317074
chr11	109244936	109245018	RNA2838	82	10	0.10015290504488802	7.3512001108611e-06	0.9	121951.21951219512
chr11	109274716	109274798	RNA2839	82	17	6.92227652453927e-06	0.0	1.0	207317.0731707317
chr11	110296721	110296803	RNA2840	82	34	2.1281699446257445e-05	1.473775000704336e-05	1.0	414634.1463414634
chr11	114050029	114050111	RNA2841	82	16	0.00014334645385360116	7.349499810516136e-06	1.0	195121.9512195122
chr11	114452565	114452639	RNA2842	74	12	2.6950658214748156e-05	7.349250154220499e-06	1.0	162162.16216216216
chr11	117880392	117880464	RNA2843	72	15	5.884926698248212e-06	0.0	1.0	208333.33333333334
chr11	118121898	118121982	RNA2844	84	8	0.10626651219968151	1.4697000096930424e-05	0.75	95238.09523809524
chr11	118122643	118122729	RNA2845	86	18	0.02473716061220127	7.349699899350526e-06	0.9444444444444444	209302.32558139536
chr11	118123409	118123496	RNA2846	87	18	2.2866450207296486e-05	0.0	1.0	206896.55172413794
chr11	118192732	118192806	RNA2847	74	12	0.07267715752603483	0.0	0.9166666666666666	162162.16216216216
chr11	119082118	119082192	RNA2848	74	16	5.51640619050886e-06	0.0	1.0	216216.21621621624
chr11	119185274	119185348	RNA2849	69	0				0.0
chr11	119185337	119185411	RNA2850	73	0				0.0
chr11	119206200	119206274	RNA2851	74	0				0.0
chr11	119206221	119206295	RNA2852	74	0				0.0
chr11	119322321	119322395	RNA2853	74	11	5.344363588929727e-06	0.0	1.0	148648.64864864867
chr11	120196399	120196473	RNA2854	74	14	1.784791434796976e-05	1.4697900041937828e-05	1.0	189189.1891891892
chr11	121634156	121634228	RNA2855	72	13	0.00010179442338433839	1.4699399798701052e-05	1.0	180555.55555555556
chr11	122027685	122027769	RNA2856	78	18	0.00011408348877415877	7.349050065386109e-06	1.0	230769.23076923078
chr11	122027743	122027815	RNA2857	72	21	1.1202195136796772e-05	1.4698100130772218e-05	1.0	291666.6666666667
chr11	122027835	122027907	RNA2858	72	14	0.015734909334436706	7.351450221904088e-06	0.9285714285714286	194444.44444444444
chr11	122027963	122028035	RNA2859	72	9	6.861940174631174e-05	0.0	1.0	125000.0
chr11	122028049	122028135	RNA2860	86	13	2.4878607991219092e-05	1.4706300135003405e-05	1.0	151162.7906976744
chr11	122028076	122028163	RNA2861	87	13	2.3747061767114313e-05	1.470200004405342e-05	1.0	149425.28735632185
chr11	122591358	122591430	RNA2862	72	9	1.9598244054779774e-05	1.4700300198455809e-05	1.0	125000.0
chr11	122592768	122592840	RNA2863	72	13	1.3569107907712281e-05	1.4698500308440998e-05	1.0	180555.55555555556
chr11	122655446	122655518	RNA2864	72	9	1.143440012027794e-05	1.4700700376124589e-05	1.0	125000.0
chr11	122983110	122983196	RNA2865	86	14	4.8310121720910854e-05	7.349250154220499e-06	1.0	162790.69767441862
chr11	122990202	122990286	RNA2866	84	0				0.0
chr11	122996073	122996160	RNA2867	87	26	2.261853817869073e-05	0.0	1.0	298850.5747126437
chr11	123054346	123054433	RNA2868	87	25	4.0473638873663245e-05	1.4696799553348685e-05	1.0	287356.3218390804
chr11	123055402	123055486	RNA2869	84	27	0.03157462132043695	1.4698999621032272e-05	0.9629629629629629	321428.5714285715
chr11	123055695	123055779	RNA2870	84	29	0.07360970825244169	1.4721899788128212e-05	0.896551724137931	345238.0952380952
chr11	123056613	123056699	RNA2871	86	26	0.038473973915922846	1.4696799553348685e-05	0.9615384615384616	302325.5813953488
chr11	123056771	123056857	RNA2872	86	36	8.533180400464429e-05	1.4696800008096034e-05	1.0	418604.6511627907
chr11	123057383	123057470	RNA2873	87	30	0.03886726498997935	7.348399776674342e-06	0.9	344827.5862068966
chr11	123229708	123229792	RNA2874	84	22	4.0766623111596245e-05	1.4700699921377236e-05	1.0	261904.76190476192
chr11	123229987	123230071	RNA2875	84	11	1.8715508965459567e-05	1.4705399735248648e-05	1.0	130952.38095238096
chr11	123232751	123232838	RNA2876	87	19	1.8574147600842863e-05	1.4699399798701052e-05	1.0	218390.80459770115
chr11	123233525	123233612	RNA2877	87	15	2.744337319502571e-05	0.0	1.0	172413.7931034483
chr11	123236663	123236747	RNA2878	84	18	5.475533968516735e-05	0.0	1.0	214285.71428571426
chr11	123237356	123237442	RNA2879	86	26	1.640653489140442e-05	1.470414963478106e-05	1.0	302325.5813953488
chr11	123240679	123240766	RNA2880	87	17	6.052288239623201e-06	0.0	1.0	195402.29885057473
chr11	123241449	123241535	RNA2881	86	13	0.00586532867293079	1.469590006308863e-05	0.9230769230769231	151162.7906976744
chr11	123241895	123241981	RNA2882	86	18	1.470011678369095e-05	0.0	1.0	209302.32558139536
chr11	123629025	123629097	RNA2883	72	20	4.042402024423642e-05	0.0	1.0	277777.7777777778
chr11	124059299	124059385	RNA2884	86	19	0.10526712765701966	1.4715000361320564e-05	0.8421052631578947	220930.23255813954
chr11	124066700	124066784	RNA2885	84	20	0.03699098037773183	1.4697050119139021e-05	0.95	238095.23809523808
chr11	124069904	124069991	RNA2886	86	18	6.733749968488054e-06	0.0	1.0	209302.32558139536
chr11	124170715	124170789	RNA2887	74	0				0.0
chr11	127386986	127387058	RNA2888	72	19	6.1884895426613325e-06	0.0	1.0	263888.8888888889
chr11	128009175	128009259	RNA2889	84	20	0.05001694132984084	1.4697199731017465e-05	0.95	238095.23809523808
chr11	128013818	128013904	RNA2890	86	14	0.003169607458143468	0.0	1.0	162790.69767441862
chr11	128022265	128022352	RNA2891	87	15	1.1759373531579816e-05	0.0	1.0	172413.7931034483
chr11	128921861	128921938	RNA2892	77	21	0.039103884395618	1.469509970775107e-05	0.9523809523809523	272727.2727272727
chr11	129337778	129337853	RNA2893	75	12	4.042053342345736e-05	7.349699899350526e-06	1.0	160000.0
chr11	132414276	132414353	RNA2894	77	18	0.000569229260438278	7.349699899350526e-06	1.0	233766.23376623375
chr11	133820646	133820723	RNA2895	77	9	6.5335000019533454e-06	0.0	1.0	116883.11688311688
chr11	133820831	133820906	RNA2896	75	13	1.695957689662464e-05	1.4699399798701052e-05	1.0	173333.33333333334
chr11	133878958	133879035	RNA2897	77	0				0.0
chr11	133892752	133892829	RNA2898	77	15	2.6461674133310585e-05	1.4700300198455809e-05	1.0	194805.19480519483
chr11	134031467	134031544	RNA2899	77	11	0.01669743340566624	0.0	0.9090909090909091	142857.14285714284
chr11	134031508	134031585	RNA2900	77	19	0.009668466550656852	0.0	0.9473684210526315	246753.24675324676
chr11	134031947	134032024	RNA2901	77	21	0.020548413666628698	1.4697699953103438e-05	0.9523809523809523	272727.2727272727
chr11	134067943	134068018	RNA2902	75	8	0.12496877111288997	0.0	0.875	106666.66666666667
chr11	134068084	134068159	RNA2903	75	16	2.6642925433855084e-05	1.4698299764859257e-05	1.0	213333.33333333334
chr11	134068947	134069022	RNA2904	75	20	6.613415007450385e-06	0.0	1.0	266666.6666666667
chr11	134247812	134247887	RNA2905	75	17	1.9021011586813977e-05	0.0	1.0	226666.66666666666
chr11	134248052	134248127	RNA2906	75	14	0.00019737835866959796	1.4699199709866662e-05	1.0	186666.6666666667
chr11	134253374	134253449	RNA2907	75	23	1.4061326154383689e-05	1.4699399798701052e-05	1.0	306666.6666666666
chr11	134925839	134925916	RNA2908	77	19	0.05264782651609398	0.0	0.9473684210526315	246753.24675324676
chr12	1647699	1647835	RNA2909	136	22	0.02586118563857036	0.0	0.9090909090909091	161764.70588235295
chr12	5529742	5529878	RNA2910	136	34	0.026613644953747153	1.470005008741282e-05	0.9705882352941176	250000.0
chr12	6482621	6482757	RNA2911	136	24	0.001285662298149258	7.348200142587302e-06	1.0	176470.58823529413
chr12	6556130	6556266	RNA2912	136	53	1.8868337700142182e-05	0.0	1.0	389705.8823529412
chr12	6556508	6556644	RNA2913	136	41	2.582341711808388e-05	1.4704999557579868e-05	1.0	301470.5882352941
chr12	6636705	6636841	RNA2914	136	28	0.0002409980329827777	1.4698749964736635e-05	1.0	205882.35294117645
chr12	6636890	6637026	RNA2915	136	31	0.0003438839066509294	1.4702900443808176e-05	1.0	227941.17647058822
chr12	6689574	6689710	RNA2916	136	31	1.422651633131875e-05	1.4696799553348685e-05	1.0	227941.17647058822
chr12	7578693	7578829	RNA2917	136	44	0.0007088928191272064	0.0	1.0	323529.4117647059
chr12	11501418	11501554	RNA2918	136	29	1.0139169027187845e-05	0.0	1.0	213235.29411764705
chr12	22691934	22692006	RNA2919	72	17	0.027085611529882415	0.0	0.9411764705882353	236111.1111111111
chr12	26834575	26834647	RNA2920	72	14	6.299249954671333e-06	0.0	1.0	194444.44444444444
chr12	27513799	27513871	RNA2921	72	8	0.12499632342496628	1.4698500308440998e-05	0.875	111111.11111111111
chr12	27515560	27515632	RNA2922	72	9	6.53546663266348e-06	0.0	1.0	125000.0
chr12	27516318	27516390	RNA2923	72	15	5.90334657317726e-06	0.0	1.0	208333.33333333334
chr12	27760218	27760290	RNA2924	72	0				0.0
chr12	27761625	27761697	RNA2925	72	12	0.0004447492065082674	1.4696999642183075e-05	1.0	166666.66666666666
chr12	27804993	27805065	RNA2926	72	17	0.01215488735193931	0.0	0.9411764705882353	236111.1111111111
chr12	28024922	28024994	RNA2927	72	12	0.07364232265657242	1.47044002005714e-05	0.9166666666666666	166666.66666666666
chr12	32678231	32678303	RNA2928	72	16	0.0005780929380989482	1.4984100289439084e-05	1.0	222222.22222222222
chr12	42591779	42591858	RNA2929	79	14	1.679668548603647e-05	1.4696800008096034e-05	1.0	177215.18987341772
chr12	43654508	43654594	RNA2930	86	18	1.9595300222534537e-05	0.0	1.0	209302.32558139536
chr12	43658892	43659026	RNA2931	129	19	0.0212267195157964	1.470200004405342e-05	0.9473684210526315	147286.82170542638
chr12	43659619	43659755	RNA2932	136	29	0.00018398147243840515	0.0	1.0	213235.29411764705
chr12	43673976	43674112	RNA2933	136	31	0.032271820429008176	1.470460028940579e-05	0.967741935483871	227941.17647058822
chr12	46109076	46109155	RNA2934	79	6	7.349400069263841e-06	0.0	1.0	75949.3670886076
chr12	47054047	47054126	RNA2935	79	13	1.922395418099816e-05	1.4698500308440998e-05	1.0	164556.96202531643
chr12	47059316	47059395	RNA2936	79	26	0.03850676799605095	1.4697199731017465e-05	0.9615384615384616	329113.92405063286
chr12	47062930	47063009	RNA2937	79	15	4.412354088950604e-05	1.4698999621032272e-05	1.0	189873.417721519
chr12	47236913	47236992	RNA2938	79	18	1.2269211058284984e-05	1.4710850336996373e-05	1.0	227848.10126582277
chr12	47236951	47237030	RNA2939	79	21	0.004211698402546709	1.4710600225953384e-05	0.9523809523809523	265822.7848101266
chr12	47311087	47311166	RNA2940	79	14	8.399278483141512e-06	7.348599865508732e-06	1.0	177215.18987341772
chr12	47643132	47643266	RNA2941	134	28	1.5272264071035484e-05	1.4700950032420224e-05	1.0	208955.223880597
chr12	47644039	47644175	RNA2942	136	22	0.045465907968016174	7.349499810516136e-06	0.9545454545454546	161764.70588235295
chr12	47646231	47646367	RNA2943	136	21	0.007641019730207125	1.4697699953103438e-05	0.9523809523809523	154411.76470588235
chr12	47649232	47649318	RNA2944	86	13	6.784107706782659e-06	0.0	1.0	151162.7906976744
chr12	48187157	48187236	RNA2945	79	11	1.4698763317772483e-05	0.0	1.0	139240.5063291139
chr12	48332828	48332962	RNA2946	0	0				
chr12	48332874	48333010	RNA2947	0	0				
chr12	48332883	48332969	RNA2948	0	0				
chr12	48332896	48332982	RNA2949	0	0				
chr12	48332899	48333035	RNA2950	0	0				
chr12	48332933	48333067	RNA2951	0	0				
chr12	48332986	48333122	RNA2952	0	0				
chr12	48333026	48333162	RNA2953	0	0				
chr12	48333045	48333179	RNA2954	0	0				
chr12	48333057	48333193	RNA2955	0	0				
chr12	48333074	48333210	RNA2956	0	0				
chr12	48333108	48333194	RNA2957	0	0				
chr12	48957487	48957573	RNA2958	86	35	0.002597567064081624	0.0	0.9714285714285714	406976.74418604653
chr12	48957491	48957577	RNA2959	86	36	0.0025258206317428406	0.0	0.9722222222222222	418604.6511627907
chr12	48957492	48957578	RNA2960	86	36	0.0025258206317428406	0.0	0.9722222222222222	418604.6511627907
chr12	48963384	48963520	RNA2961	136	25	0.0029335061638994376	1.4707999980601016e-05	0.96	183823.52941176473
chr12	48963437	48963571	RNA2962	134	36	0.004547507513456771	1.4703950000694022e-05	0.9444444444444444	268656.7164179105
chr12	48963487	48963623	RNA2963	136	35	0.002592593653909197	1.4698100130772218e-05	0.9714285714285714	257352.94117647057
chr12	48963498	48963634	RNA2964	136	37	0.0024540422780134847	1.4698500308440998e-05	0.972972972972973	272058.82352941175
chr12	48963570	48963706	RNA2965	136	30	9.31216663957457e-06	7.347549853875535e-06	1.0	220588.23529411765
chr12	48964286	48964422	RNA2966	136	28	2.152825030471937e-05	1.4699399798701052e-05	1.0	205882.35294117645
chr12	48964628	48964764	RNA2967	136	18	0.00016903362928941297	0.0	1.0	132352.9411764706
chr12	48964813	48964947	RNA2968	134	22	3.540605968571459e-05	1.4695950085297227e-05	1.0	164179.10447761195
chr12	48964899	48965033	RNA2969	134	20	8.984780411083062e-05	1.4695950085297227e-05	1.0	149253.73134328358
chr12	49531332	49531430	RNA2970	98	16	1.0103762463131716e-05	0.0	1.0	163265.30612244896
chr12	49766440	49766576	RNA2971	136	28	1.2598524823001103e-05	1.469724975322606e-05	1.0	205882.35294117645
chr12	49767428	49767514	RNA2972	86	19	0.0013920049608426941	0.0	1.0	220930.23255813954
chr12	49767915	49768049	RNA2973	134	19	0.04975535519100192	1.4740599908691364e-05	0.9473684210526315	141791.0447761194
chr12	49769674	49769810	RNA2974	136	25	1.9993863788834676e-05	0.0	1.0	183823.52941176473
chr12	51222024	51222105	RNA2975	81	0				0.0
chr12	51529993	51530108	RNA2976	115	23	3.195756522946778e-05	1.4696400285174605e-05	1.0	200000.0
chr12	51813354	51813428	RNA2977	74	14	0.008900483252935885	1.469549988541985e-05	0.9285714285714286	189189.1891891892
chr12	51813511	51813585	RNA2978	74	14	3.149535716927078e-06	0.0	1.0	189189.1891891892
chr12	52148499	52148578	RNA2979	79	15	6.865509822091132e-05	1.471110044803936e-05	1.0	189873.417721519
chr12	52834672	52834755	RNA2980	83	17	3.2862088868134305e-05	1.4698500308440998e-05	1.0	204819.27710843371
chr12	53346504	53346602	RNA2981	98	12	1.102419165969574e-05	7.348399776674342e-06	1.0	122448.97959183673
chr12	53379468	53379602	RNA2982	134	27	0.0006708440128191023	1.4697199731017465e-05	1.0	201492.53731343284
chr12	53379471	53379607	RNA2983	136	25	0.000723335757866149	1.4697199731017465e-05	1.0	183823.52941176473
chr12	53379535	53379671	RNA2984	136	24	1.3473529065774805e-05	7.348599865508732e-06	1.0	176470.58823529413
chr12	53379789	53379875	RNA2985	86	29	1.926526200459367e-05	0.0	1.0	337209.3023255814
chr12	54227210	54227308	RNA2986	98	18	1.2254033259119347e-05	0.0	1.0	183673.46938775512
chr12	54229976	54230074	RNA2987	98	25	0.04001116999981605	1.469549988541985e-05	0.96	255102.04081632654
chr12	54230442	54230540	RNA2988	98	13	1.5828853555341575e-05	1.4696799553348685e-05	1.0	132653.0612244898
chr12	54548583	54548681	RNA2989	98	17	4.325335312922321e-06	0.0	1.0	173469.38775510204
chr12	54549209	54549307	RNA2990	98	19	1.2376836629731483e-05	0.0	1.0	193877.55102040817
chr12	54549322	54549420	RNA2991	98	22	2.4722022937400228e-05	0.0	1.0	224489.79591836734
chr12	54739608	54739689	RNA2992	81	15	0.004157558093356773	1.4699799976369832e-05	0.9333333333333333	185185.18518518517
chr12	55724944	55725018	RNA2993	74	7	0.14287394532818457	1.4700300198455809e-05	0.8571428571428571	94594.5945945946
chr12	55724961	55725059	RNA2994	98	13	0.07694116853032867	1.4700300198455809e-05	0.9230769230769231	132653.0612244898
chr12	55725171	55725286	RNA2995	115	24	1.5315204336726963e-05	0.0	1.0	208695.65217391303
chr12	55725225	55725299	RNA2996	74	17	1.7298923707768382e-05	0.0	1.0	229729.72972972973
chr12	56076706	56076787	RNA2997	73	4	0.000241487505263625	0.0	1.0	54794.520547945205
chr12	56145754	56145835	RNA2998	81	46	0.05113189876603585	2.9405749955913052e-05	0.9130434782608695	567901.2345679012
chr12	56145846	56145927	RNA2999	81	30	0.00013142665347911953	2.2252700091485167e-05	1.0	370370.37037037034
chr12	56229893	56229974	RNA3000	81	10	0.0003752048962269288	1.4711750282003777e-05	1.0	123456.79012345678
chr12	56229956	56230037	RNA3001	81	12	0.0003103400384437279	7.35555022401968e-06	1.0	148148.14814814815
chr12	56334088	56334169	RNA3002	81	25	0.04009995962460379	1.4698100130772218e-05	0.96	308641.97530864197
chr12	56413231	56413346	RNA3003	115	25	0.04000647259559628	0.0	0.96	217391.30434782608
chr12	56502444	56502559	RNA3004	115	0				0.0
chr12	56504187	56504302	RNA3005	115	19	0.001008042987977154	1.4698100130772218e-05	1.0	165217.3913043478
chr12	56517174	56517289	RNA3006	115	21	0.00026668068035394033	1.4697199731017465e-05	1.0	182608.69565217392
chr12	56520237	56520311	RNA3007	74	19	1.315634189698572e-05	0.0	1.0	256756.75675675675
chr12	56520944	56521059	RNA3008	115	18	2.3679244855476455e-05	7.348200142587302e-06	1.0	156521.73913043478
chr12	56521383	56521457	RNA3009	70	13	0.0007146640478962346	1.7909600501297973e-05	1.0	185714.2857142857
chr12	56636948	56637022	RNA3010	74	13	6.784707623480174e-06	0.0	1.0	175675.67567567568
chr12	56637128	56637243	RNA3011	115	25	0.00020869683485215623	0.0	1.0	217391.30434782608
chr12	56637363	56637437	RNA3012	74	9	1.3062955480967907e-05	1.469549988541985e-05	1.0	121621.62162162163
chr12	56637596	56637670	RNA3013	74	6	2.2047666637566483e-05	2.2047399852453964e-05	1.0	81081.08108108108
chr12	56638023	56638097	RNA3014	74	12	6.12539997746353e-06	0.0	1.0	162162.16216216216
chr12	56645986	56646060	RNA3015	74	26	2.769606163172719e-05	1.4694400306325406e-05	1.0	351351.35135135136
chr12	56646136	56646210	RNA3016	74	14	1.0498178523578514e-05	7.348599865508732e-06	1.0	189189.1891891892
chr12	56653555	56653629	RNA3017	74	12	7.470272688199469e-05	1.4697699953103438e-05	1.0	162162.16216216216
chr12	56663184	56663258	RNA3018	74	14	1.7847135625607235e-05	0.0	1.0	189189.1891891892
chr12	56706959	56707033	RNA3019	67	8	2.9719836675205983e-05	0.0	1.0	119402.98507462686
chr12	56709070	56709144	RNA3020	74	11	5.7567074112401925e-05	1.4718900274601763e-05	1.0	148648.64864864867
chr12	56817569	56817652	RNA3021	83	17	0.007100960869887351	1.4708900380355772e-05	0.9411764705882353	204819.27710843371
chr12	57215936	57216017	RNA3022	81	13	3.3917307379082417e-06	0.0	1.0	160493.82716049382
chr12	57434472	57434567	RNA3023	95	16	8.635169939451663e-05	7.349050065386109e-06	1.0	168421.05263157893
chr12	57452150	57452265	RNA3024	115	22	0.00022325091491769285	0.0	1.0	191304.34782608697
chr12	57818746	57818829	RNA3025	83	15	4.899166682055996e-06	0.0	1.0	180722.89156626505
chr12	57819144	57819227	RNA3026	83	18	0.0001216967190076585	1.4697450296807801e-05	1.0	216867.4698795181
chr12	57819394	57819468	RNA3027	74	15	0.00013335706195599566	0.0	1.0	202702.70270270272
chr12	57819593	57819667	RNA3028	74	18	0.07026900849081759	2.2420549612434115e-05	0.8888888888888888	243243.24324324325
chr12	57819652	57819735	RNA3029	83	15	0.021132264906797593	0.0	0.9333333333333333	180722.89156626505
chr12	57819696	57819779	RNA3030	83	15	0.021144961873445327	1.4697699953103438e-05	0.9333333333333333	180722.89156626505
chr12	57846740	57846823	RNA3031	83	30	1.4700166714948968e-05	1.4697699953103438e-05	1.0	361445.7831325301
chr12	57846768	57846851	RNA3032	83	27	1.8513596336964005e-05	1.4697699953103438e-05	1.0	325301.2048192771
chr12	57904666	57904749	RNA3033	83	13	5.434037855313558e-05	0.0	1.0	156626.5060240964
chr12	59171477	59171560	RNA3034	83	19	2.2498200451078046e-05	1.472710027883295e-05	1.0	228915.6626506024
chr12	59291317	59291415	RNA3035	98	13	5.654876916266333e-06	0.0	1.0	132653.0612244898
chr12	60767834	60767915	RNA3036	81	30	0.0057326746184723255	1.469984999857843e-05	0.9666666666666667	370370.37037037034
chr12	61293249	61293344	RNA3037	95	21	1.9609095163882953e-05	1.4706300135003405e-05	1.0	221052.63157894736
chr12	61494756	61494830	RNA3038	74	14	2.4147857012781926e-05	1.4698300219606608e-05	1.0	189189.1891891892
chr12	61495947	61496021	RNA3039	74	6	0.0013570525491862113	2.2045849618734792e-05	1.0	81081.08108108108
chr12	61496771	61496886	RNA3040	115	33	0.00042858601685138206	1.4702900443808176e-05	1.0	286956.52173913043
chr12	61518428	61518511	RNA3041	83	19	0.10532200060640064	1.4731000192114152e-05	0.8947368421052632	228915.6626506024
chr12	61706370	61706465	RNA3042	95	18	0.00264647215226432	7.349699899350526e-06	1.0	189473.68421052632
chr12	61708051	61708146	RNA3043	95	26	0.055445007807240744	7.352699867624324e-06	0.9230769230769231	273684.2105263158
chr12	61708100	61708195	RNA3044	95	25	0.057648691519425484	0.0	0.92	263157.8947368421
chr12	62420294	62420389	RNA3045	95	9	4.902099943946168e-06	0.0	1.0	94736.84210526316
chr12	62420340	62420435	RNA3046	95	14	6.3040572188453685e-06	0.0	1.0	147368.42105263157
chr12	62421493	62421588	RNA3047	95	14	7.350220747475667e-05	1.4696149719384266e-05	1.0	147368.42105263157
chr12	62465711	62465794	RNA3048	83	11	6.681226527275528e-05	0.0	1.0	132530.12048192773
chr12	62601075	62601158	RNA3049	83	17	7.782447081648142e-06	0.0	1.0	204819.27710843371
chr12	62601450	62601533	RNA3050	83	13	0.06033376938935712	1.4696400285174605e-05	0.8461538461538461	156626.5060240964
chr12	62623810	62623893	RNA3051	83	13	1.1326861567795277e-05	0.0	1.0	156626.5060240964
chr12	62627282	62627365	RNA3052	83	12	1.4701524833066377e-05	0.0	1.0	144578.31325301205
chr12	62637689	62637772	RNA3053	83	13	4.860869222073631e-05	0.0	1.0	156626.5060240964
chr12	62640174	62640257	RNA3054	83	16	1.0105075205046887e-05	0.0	1.0	192771.0843373494
chr12	63267050	63267145	RNA3055	95	28	0.0001659102274516037	0.0	1.0	294736.84210526315
chr12	63824128	63824211	RNA3056	83	8	4.797677604528719e-05	2.957379956569639e-05	1.0	96385.5421686747
chr12	63824988	63825129	RNA3057	141	30	0.00295515976449678	0.0	0.9666666666666667	212765.95744680852
chr12	64701821	64701920	RNA3058	99	18	0.0006959425604185896	0.0	1.0	181818.18181818182
chr12	67245669	67245764	RNA3059	95	13	0.00014249022178074036	0.0	1.0	136842.1052631579
chr12	67353428	67353511	RNA3060	83	14	2.7297906724141092e-05	1.469964990974404e-05	1.0	168674.6987951807
chr12	67640923	67641064	RNA3061	141	23	1.4059147637770208e-05	0.0	1.0	163120.56737588655
chr12	67770726	67770867	RNA3062	141	0				0.0
chr12	67770870	67771011	RNA3063	141	0				0.0
chr12	67771133	67771274	RNA3064	141	0				0.0
chr12	68794777	68794918	RNA3065	141	26	3.6745269846075757e-05	1.4696349808218656e-05	1.0	184397.16312056736
chr12	68794801	68794900	RNA3066	99	14	4.304558680293609e-05	7.347950031544315e-06	1.0	141414.1414141414
chr12	68795036	68795177	RNA3067	141	23	0.0005857292564700244	0.0	1.0	163120.56737588655
chr12	68795054	68795195	RNA3068	141	16	4.607312519055995e-06	0.0	1.0	113475.17730496454
chr12	69469625	69469724	RNA3069	95	12	2.016989962308607e-05	0.0	1.0	126315.78947368421
chr12	69579933	69580032	RNA3070	99	13	0.0110601369662198	0.0	0.9230769230769231	131313.13131313134
chr12	69584455	69584554	RNA3071	99	27	9.264777839201054e-06	0.0	1.0	272727.2727272727
chr12	69584977	69585076	RNA3072	99	19	2.32227735786613e-05	1.47024002217222e-05	1.0	191919.19191919192
chr12	69602999	69603098	RNA3073	99	26	0.00022967931692199415	1.4696999642183075e-05	1.0	262626.2626262627
chr12	69613501	69613642	RNA3074	141	23	9.586260761273518e-06	0.0	1.0	163120.56737588655
chr12	69703668	69703767	RNA3075	99	24	0.019828355482786712	0.0	0.9583333333333334	242424.24242424243
chr12	70467075	70467174	RNA3076	99	24	0.010455873566229455	1.4700500287290199e-05	0.9583333333333334	242424.24242424243
chr12	72883014	72883113	RNA3077	99	17	5.189370580517468e-06	0.0	1.0	171717.1717171717
chr12	72883809	72883950	RNA3078	141	25	0.047314083270393895	1.4706300135003405e-05	0.92	177304.9645390071
chr12	76025236	76025333	RNA3079	97	16	1.1025574963237894e-05	0.0	1.0	164948.45360824742
chr12	79966843	79966940	RNA3080	97	17	0.058853798888134516	1.470159986638464e-05	0.9411764705882353	175257.7319587629
chr12	80720499	80720596	RNA3081	97	27	0.00012142015707973104	0.0	1.0	278350.5154639175
chr12	80727995	80728092	RNA3082	97	14	1.2601899990321336e-05	7.350150099227904e-06	1.0	144329.8969072165
chr12	80729442	80729539	RNA3083	97	17	1.2974482214143363e-05	0.0	1.0	175257.7319587629
chr12	81760315	81760412	RNA3084	97	22	1.5369554727261526e-05	0.0	1.0	226804.12371134022
chr12	81763326	81763423	RNA3085	97	19	3.0178831892901074e-05	1.4696400285174605e-05	1.0	195876.28865979382
chr12	81763373	81763470	RNA3086	97	18	3.1037161180490214e-05	1.4698749964736635e-05	1.0	185567.01030927835
chr12	81833556	81833653	RNA3087	97	19	0.04379094664325653	0.0	0.9473684210526315	195876.28865979382
chr12	85934933	85935030	RNA3088	97	22	1.8699307061480746e-05	7.352699867624324e-06	1.0	226804.12371134022
chr12	90149910	90150025	RNA3089	115	15	1.5678780012725232e-05	1.4698500308440998e-05	1.0	130434.78260869565
chr12	90335103	90335196	RNA3090	93	21	1.683429521411502e-05	1.47240998558118e-05	1.0	225806.4516129032
chr12	93588149	93588220	RNA3091	71	8	3.4906686551027286e-05	7.347749942709925e-06	1.0	112676.05633802817
chr12	93591409	93591480	RNA3092	71	24	0.00019597532464861713	0.0	1.0	338028.1690140845
chr12	93667943	93668058	RNA3093	115	18	2.2867822382167576e-05	0.0	1.0	156521.73913043478
chr12	94465245	94465338	RNA3094	93	15	5.29182869286132e-05	1.4698500308440998e-05	1.0	161290.32258064515
chr12	94770556	94770671	RNA3095	115	17	5.1882824503563286e-06	0.0	1.0	147826.08695652176
chr12	94823518	94823633	RNA3096	107	23	3.9750447720742625e-05	0.0	1.0	214953.2710280374
chr12	94827547	94827662	RNA3097	115	24	0.0034246043168953567	1.4698100130772218e-05	0.9583333333333334	208695.65217391303
chr12	94838631	94838746	RNA3098	115	0				0.0
chr12	94839586	94839701	RNA3099	115	0				0.0
chr12	94891287	94891402	RNA3100	115	31	0.018052677524235238	1.470200004405342e-05	0.967741935483871	269565.2173913043
chr12	95217549	95217642	RNA3101	93	36	2.082604742604418e-05	1.4697199731017465e-05	1.0	387096.77419354836
chr12	95303005	95303098	RNA3102	93	19	0.008386308209035053	0.0	0.9473684210526315	204301.07526881722
chr12	95303072	95303165	RNA3103	93	19	7.586292773147895e-05	1.4700700376124589e-05	1.0	204301.07526881722
chr12	95449770	95449863	RNA3104	93	16	8.26816898324978e-06	0.0	1.0	172043.0107526882
chr12	95449803	95449896	RNA3105	93	19	0.035092868201565194	0.0	0.9473684210526315	204301.07526881722
chr12	95450041	95450134	RNA3106	93	23	0.0051660599428151165	1.469590006308863e-05	0.9565217391304348	247311.82795698926
chr12	95969194	95969309	RNA3107	115	57	0.06971768182790439	1.4698500308440998e-05	0.8947368421052632	495652.1739130435
chr12	96277031	96277124	RNA3108	93	11	0.009238653737156701	1.4703699889651034e-05	0.9090909090909091	118279.56989247313
chr12	97875395	97875466	RNA3109	71	6	4.899649866274558e-06	0.0	1.0	84507.04225352113
chr12	97875912	97875983	RNA3110	68	15	0.06666979330663404	0.0	0.9333333333333333	220588.23529411765
chr12	98466946	98467017	RNA3111	71	10	0.10001910884975584	1.4699599887535442e-05	0.9	140845.0704225352
chr12	98468483	98468554	RNA3112	71	15	0.0707675658522324	1.4803000340180006e-05	0.8666666666666667	211267.6056338028
chr12	98471680	98471751	RNA3113	71	12	8.574650034158063e-06	0.0	1.0	169014.08450704225
chr12	98473398	98473469	RNA3114	71	13	0.0018560601734301956	2.940400008810684e-05	1.0	183098.5915492958
chr12	98473441	98473512	RNA3115	71	11	0.002070546706570219	1.4699399798701052e-05	1.0	154929.57746478872
chr12	98476340	98476411	RNA3116	71	8	1.1029312418031624e-05	0.0	1.0	112676.05633802817
chr12	98506027	98506098	RNA3117	70	13	2.113293871493522e-05	0.0	1.0	185714.2857142857
chr12	98506689	98506760	RNA3118	71	10	1.184959983220324e-05	7.360099971265299e-06	1.0	140845.0704225352
chr12	98507913	98507984	RNA3119	71	10	2.0576949646056163e-05	1.469764993089484e-05	1.0	140845.0704225352
chr12	98508774	98508845	RNA3120	71	14	0.0001240963623396435	0.0	1.0	197183.0985915493
chr12	98608192	98608263	RNA3121	71	15	8.827733290672768e-06	0.0	1.0	211267.6056338028
chr12	98609112	98609183	RNA3122	71	11	4.809872875326079e-05	1.4696400285174605e-05	1.0	154929.57746478872
chr12	98645143	98645258	RNA3123	115	36	0.0005758046033103356	0.0	1.0	313043.47826086957
chr12	99984943	99985014	RNA3124	71	30	0.0003643353760101757	1.4725399978487985e-05	1.0	422535.2112676056
chr12	99984949	99985020	RNA3125	71	30	0.0003643353760101757	1.4725399978487985e-05	1.0	422535.2112676056
chr12	99984951	99985034	RNA3126	83	33	0.0003321071387814046	1.4722800187882967e-05	1.0	397590.3614457831
chr12	100155275	100155368	RNA3127	93	14	3.7796642573081694e-05	1.4700900010211626e-05	1.0	150537.63440860214
chr12	103500270	103500341	RNA3128	71	12	0.08336540145804368	1.4831050066277385e-05	0.9166666666666666	169014.08450704225
chr12	103501143	103501214	RNA3129	71	16	9.186231295643665e-06	0.0	1.0	225352.11267605633
chr12	103583696	103583779	RNA3130	83	16	0.026519199494487094	1.4699149687658064e-05	0.8125	192771.0843373494
chr12	104454266	104454349	RNA3131	83	27	0.00023752524305529075	4.409559915075079e-05	1.0	325301.2048192771
chr12	104454722	104454805	RNA3132	83	18	5.879812260899089e-05	2.9394000193860848e-05	1.0	216867.4698795181
chr12	104455174	104455257	RNA3133	83	19	0.07490800484619715	0.0	0.8947368421052632	228915.6626506024
chr12	104763085	104763168	RNA3134	83	13	0.00017983445223552512	1.4696400285174605e-05	1.0	156626.5060240964
chr12	104763690	104763773	RNA3135	83	17	2.6818194355117896e-05	0.0	1.0	204819.27710843371
chr12	104764118	104764201	RNA3136	83	16	0.061978088737191676	1.4702899989060825e-05	0.9375	192771.0843373494
chr12	105580439	105580522	RNA3137	83	19	7.11713029982307e-05	1.4698100130772218e-05	1.0	228915.6626506024
chr12	107129813	107129929	RNA3138	116	0				0.0
chr12	109550495	109550578	RNA3139	83	18	0.055562089944487525	0.0	0.9444444444444444	216867.4698795181
chr12	111033701	111033817	RNA3140	116	30	3.936727040733203e-05	7.365700184891466e-06	1.0	258620.68965517243
chr12	111929036	111929152	RNA3141	116	0				0.0
chr12	112026069	112026185	RNA3142	116	15	2.05758865680118e-05	0.0	1.0	129310.34482758622
chr12	112026081	112026197	RNA3143	116	20	1.4697009919470237e-05	0.0	1.0	172413.7931034483
chr12	112108860	112108976	RNA3144	116	29	1.570923422118871e-05	0.0	1.0	250000.0
chr12	112108901	112109017	RNA3145	116	30	0.03334900904643898	1.4694850051455433e-05	0.9666666666666667	258620.68965517243
chr12	112115731	112115847	RNA3146	116	22	0.0001777358506842508	0.0	1.0	189655.1724137931
chr12	113037050	113037166	RNA3147	114	26	2.4282665155901226e-05	1.4705649846291635e-05	1.0	228070.1754385965
chr12	115106224	115106314	RNA3148	90	28	2.362902910135648e-05	0.0	1.0	311111.1111111111
chr12	117035133	117035249	RNA3149	116	25	1.8223427687187123e-05	0.0	1.0	215517.24137931032
chr12	117452743	117452813	RNA3150	70	18	0.00013070207195494765	7.349050065386109e-06	1.0	257142.85714285713
chr12	118373908	118373987	RNA3151	79	6	1.7146333448181394e-05	7.348599865508732e-06	1.0	75949.3670886076
chr12	118538729	118538854	RNA3152	125	22	0.006171978224425726	0.0	0.9545454545454546	176000.0
chr12	118605484	118605574	RNA3153	90	19	0.012347738780303376	1.4698999621032272e-05	0.9473684210526315	211111.11111111112
chr12	118621454	118621584	RNA3154	130	26	2.6581911452707378e-05	1.4702450243930798e-05	1.0	200000.0
chr12	119682226	119682316	RNA3155	87	14	1.0699514145276875e-05	0.0	1.0	160919.54022988505
chr12	119683336	119683426	RNA3156	90	14	0.07144221778558599	1.4695949630549876e-05	0.9285714285714286	155555.55555555556
chr12	119684772	119684862	RNA3157	90	13	2.0355407986451424e-05	1.4696799553348685e-05	1.0	144444.44444444444
chr12	119879105	119879195	RNA3158	90	13	1.863023827843847e-05	0.0	1.0	144444.44444444444
chr12	119879990	119880080	RNA3159	90	19	0.03662639055504482	1.4697699953103438e-05	0.9473684210526315	211111.11111111112
chr12	119882087	119882177	RNA3160	90	8	1.6534812402824173e-05	1.469569997425424e-05	1.0	88888.88888888889
chr12	119934212	119934284	RNA3161	72	16	1.0108843753187102e-05	1.4700249721499858e-05	1.0	222222.22222222222
chr12	119982111	119982182	RNA3162	71	18	0.03286845125239779	1.474169994253316e-05	0.9444444444444444	253521.12676056338
chr12	120710019	120710109	RNA3163	90	0				0.0
chr12	121050559	121050629	RNA3164	70	14	0.01870376621653641	1.4698950053571025e-05	0.9285714285714286	200000.0
chr12	122269203	122269273	RNA3165	70	9	1.469652205640038e-05	0.0	1.0	128571.42857142857
chr12	122270185	122270255	RNA3166	68	11	2.0490536785060115e-05	1.4706300135003405e-05	1.0	161764.70588235295
chr12	122271057	122271136	RNA3167	79	15	1.6689793361971776e-05	1.4712800293636974e-05	1.0	189873.417721519
chr12	122271231	122271301	RNA3168	69	2	0.0	0.0	1.0	28985.507246376812
chr12	122527035	122527105	RNA3169	70	23	0.043619492200694186	1.4697699953103438e-05	0.9565217391304348	328571.4285714286
chr12	122527072	122527197	RNA3170	125	39	0.05137363445935941	1.4697199731017465e-05	0.9487179487179487	312000.0
chr12	122527086	122527156	RNA3171	70	21	0.09539347946736683	1.4699399798701052e-05	0.9047619047619048	300000.0
chr12	122527131	122527201	RNA3172	70	17	2.8534782252198142e-05	0.0	1.0	242857.14285714284
chr12	122626908	122627038	RNA3173	130	17	0.00023431260700924444	0.0	1.0	130769.23076923078
chr12	122897259	122897338	RNA3174	79	12	4.042515062487874e-05	1.4698300219606608e-05	1.0	151898.7341772152
chr12	122898898	122898977	RNA3175	79	9	6.5347888570007244e-06	0.0	1.0	113924.05063291139
chr12	122900226	122900305	RNA3176	79	15	2.7449719830956212e-05	0.0	1.0	189873.417721519
chr12	123368729	123368808	RNA3177	79	20	9.562240120430942e-06	0.0	1.0	253164.55696202532
chr12	123374332	123374411	RNA3178	79	10	2.3541089922218818e-05	1.470239976697485e-05	1.0	126582.27848101266
chr12	123380744	123380814	RNA3179	70	0				0.0
chr12	123436690	123436815	RNA3180	125	31	0.019755410435238676	1.4697199731017465e-05	0.9354838709677419	248000.0
chr12	123455868	123455947	RNA3181	79	0				0.0
chr12	123533875	123534005	RNA3182	130	29	0.0013072766237671378	0.0	1.0	223076.9230769231
chr12	123534269	123534394	RNA3183	125	33	1.960670292508385e-05	1.4699799976369832e-05	1.0	264000.0
chr12	123534343	123534468	RNA3184	125	31	3.887321206767774e-05	1.4699799976369832e-05	1.0	248000.0
chr12	123538090	123538215	RNA3185	120	0				0.0
chr12	123539091	123539221	RNA3186	130	25	0.007928703147736088	0.0	0.96	192307.6923076923
chr12	123539904	123540029	RNA3187	125	19	0.046714440849571374	1.4704999557579868e-05	0.9473684210526315	152000.0
chr12	123539908	123540038	RNA3188	130	21	0.04227033249260005	1.4704999557579868e-05	0.9523809523809523	161538.46153846156
chr12	123712218	123712348	RNA3189	128	50	0.007685888627420351	7.35100002202671e-06	0.98	390625.0
chr12	123712218	123712348	RNA3190	128	50	0.007685888627420351	7.35100002202671e-06	0.98	390625.0
chr12	123712220	123712350	RNA3191	128	50	0.007685888627420351	7.35100002202671e-06	0.98	390625.0
chr12	123712227	123712352	RNA3192	123	42	0.00914321571123028	0.0	0.9761904761904762	341463.4146341464
chr12	123762002	123762073	RNA3193	71	24	0.0009255935898787934	1.4704200111737007e-05	1.0	338028.1690140845
chr12	123762061	123762133	RNA3194	72	22	3.343422701039923e-06	0.0	1.0	305555.55555555556
chr12	124321735	124321814	RNA3195	79	14	0.0002257202951503588	1.469764993089484e-05	1.0	177215.18987341772
chr12	124690244	124690369	RNA3196	125	28	9.184863272690687e-05	1.469590006308863e-05	1.0	224000.0
chr12	124691992	124692122	RNA3197	130	25	0.040007641143965884	0.0	0.96	192307.6923076923
chr12	124696310	124696400	RNA3198	90	13	5.201252511491285e-05	1.470159986638464e-05	1.0	144444.44444444444
chr12	124776736	124776808	RNA3199	72	8	2.205282521571474e-05	7.35079993319232e-06	1.0	111111.11111111111
chr12	124882938	124883009	RNA3200	71	14	0.0719650387198791	1.4696400285174605e-05	0.9285714285714286	197183.0985915493
chr12	124917622	124917694	RNA3201	72	13	1.2442577057159864e-05	1.4703699889651034e-05	1.0	180555.55555555556
chr12	124925244	124925316	RNA3202	72	15	1.2738300150279731e-05	1.4696400285174605e-05	1.0	208333.33333333334
chr12	124929838	124929909	RNA3203	71	18	0.009292745138585207	1.4698749964736635e-05	0.9444444444444444	253521.12676056338
chr12	124934674	124934746	RNA3204	71	0				0.0
chr12	124938525	124938597	RNA3205	72	8	1.1022437547580921e-05	1.469569997425424e-05	1.0	111111.11111111111
chr12	124938702	124938773	RNA3206	71	22	0.016729808019301178	1.4695950085297227e-05	0.9545454545454546	309859.15492957743
chr12	124940235	124940306	RNA3207	71	13	0.07693551510769445	1.4700700376124589e-05	0.9230769230769231	183098.5915492958
chr12	124940396	124940467	RNA3208	71	19	6.962073807938539e-06	0.0	1.0	267605.63380281685
chr12	125043031	125043102	RNA3209	71	13	0.04803727224610226	0.0	0.9230769230769231	183098.5915492958
chr12	125048846	125048918	RNA3210	72	13	2.0362200092886968e-05	1.4701099644298664e-05	1.0	180555.55555555556
chr12	125934809	125934880	RNA3211	71	16	0.06251561759393098	1.4699599887535442e-05	0.9375	225352.11267605633
chr12	125948734	125948806	RNA3212	72	9	5.0640968361710015e-05	1.4700300198455809e-05	1.0	125000.0
chr12	127375374	127375444	RNA3213	70	13	3.280532382631974e-05	0.0	1.0	185714.2857142857
chr12	128267032	128267162	RNA3214	129	50	0.020013235766000434	0.0	0.98	387596.8992248062
chr12	128267033	128267158	RNA3215	124	49	0.020421669148980037	0.0	0.9795918367346939	395161.2903225806
chr12	128267044	128267123	RNA3216	78	28	0.03572380838922332	0.0	0.9642857142857143	358974.358974359
chr12	129913346	129913418	RNA3217	71	19	0.05267120890020076	2.9521999749704264e-05	0.9473684210526315	267605.63380281685
chr12	129939095	129939166	RNA3218	71	16	0.0015866650797988742	7.348849976551719e-06	1.0	225352.11267605633
chr13	22284363	22284488	RNA3219	125	26	1.9227011412461004e-05	1.4699399798701052e-05	1.0	208000.0
chr13	22306205	22306276	RNA3220	71	10	0.1385026812979049	0.007540353450622182	0.6	140845.0704225352
chr13	26240803	26240928	RNA3221	125	0				0.0
chr13	26245175	26245246	RNA3222	71	0				0.0
chr13	27065614	27065685	RNA3223	71	10	0.00018669487599254003	0.0	1.0	140845.0704225352
chr13	27065682	27065753	RNA3224	71	9	9.801566900730702e-06	0.0	1.0	126760.56338028169
chr13	27065861	27065986	RNA3225	125	16	0.00016444816020566181	0.0	1.0	128000.0
chr13	27065900	27066025	RNA3226	125	14	0.06525905318806377	0.0	0.9285714285714286	112000.0
chr13	27065901	27065972	RNA3227	71	8	9.186862712340371e-06	0.0	1.0	112676.05633802817
chr13	27065917	27066042	RNA3228	125	16	0.0571016715395558	0.0	0.9375	128000.0
chr13	27256957	27257082	RNA3229	125	39	0.07335666162632548	1.4698999621032272e-05	0.9230769230769231	312000.0
chr13	27259464	27259535	RNA3230	71	17	1.642954719179269e-05	1.4698500308440998e-05	1.0	239436.61971830984
chr13	27260594	27260665	RNA3231	71	13	1.0181361736053637e-05	0.0	1.0	183098.5915492958
chr13	27265414	27265539	RNA3232	125	18	5.717294394950538e-06	0.0	1.0	144000.0
chr13	27344845	27344916	RNA3233	71	15	0.0081936336384994	0.0	0.9333333333333333	211267.6056338028
chr13	27359036	27359161	RNA3234	125	24	9.185879055924792e-06	0.0	1.0	192000.0
chr13	28295830	28295955	RNA3235	125	27	0.03705718238506961	1.4696400285174605e-05	0.9629629629629629	216000.0
chr13	28295876	28295947	RNA3236	71	12	1.9602433591589536e-05	7.350350188062294e-06	1.0	169014.08450704225
chr13	31598043	31598168	RNA3237	125	31	5.7918169013938285e-05	0.0	1.0	248000.0
chr13	31598288	31598359	RNA3238	71	20	1.470239994887379e-05	1.4700699921377236e-05	1.0	281690.1408450704
chr13	36456680	36456752	RNA3239	72	14	5.249321475275792e-06	0.0	1.0	194444.44444444444
chr13	39949377	39949448	RNA3240	71	15	0.0027917002475078196	1.4707999980601016e-05	1.0	211267.6056338028
chr13	40666677	40666810	RNA3241	133	41	1.4896956000903992e-05	0.0	1.0	308270.6766917293
chr13	40666826	40666955	RNA3242	129	34	2.4394900184928847e-05	0.0	1.0	263565.8914728682
chr13	40667027	40667099	RNA3243	65	20	5.43099947662916e-05	0.0	1.0	307692.3076923077
chr13	41379354	41379426	RNA3244	72	22	0.04229375150783777	0.0	0.9545454545454546	305555.55555555556
chr13	41446577	41446649	RNA3245	72	0				0.0
chr13	41454395	41454467	RNA3246	72	12	0.09106167748116907	1.4714300050400198e-05	0.8333333333333334	166666.66666666666
chr13	41456139	41456211	RNA3247	72	15	6.858453222472841e-06	0.0	1.0	208333.33333333334
chr13	41471895	41471967	RNA3248	72	11	1.068866351323033e-05	1.469590006308863e-05	1.0	152777.77777777778
chr13	41506776	41506848	RNA3249	72	23	0.004168004033129795	0.0	0.9565217391304348	319444.44444444444
chr13	42502106	42502178	RNA3250	72	16	0.028780702949177336	0.0	0.9375	222222.22222222222
chr13	43822397	43822468	RNA3251	71	13	9.045346254984346e-06	1.4698100130772218e-05	1.0	183098.5915492958
chr13	44325803	44325932	RNA3252	129	17	0.0004625852422631229	0.0	1.0	131782.9457364341
chr13	44327666	44327799	RNA3253	131	20	0.050021589095058515	1.4698749964736635e-05	0.95	152671.75572519086
chr13	44896973	44897044	RNA3254	71	11	1.2027681805193424e-05	0.0	1.0	154929.57746478872
chr13	44904209	44904280	RNA3255	71	17	1.469924095812074e-05	0.0	1.0	239436.61971830984
chr13	44904316	44904387	RNA3256	71	15	1.371843342591698e-05	0.0	1.0	211267.6056338028
chr13	44925691	44925762	RNA3257	71	11	5.347472737908405e-06	0.0	1.0	154929.57746478872
chr13	44926546	44926617	RNA3258	71	15	1.8619646228514937e-05	0.0	1.0	211267.6056338028
chr13	45085361	45085432	RNA3259	71	19	1.3159389278658445e-05	1.4703299711982254e-05	1.0	267605.63380281685
chr13	45285869	45286002	RNA3260	133	19	2.7923499625389306e-05	0.0	1.0	142857.14285714284
chr13	45285926	45286055	RNA3261	129	23	2.8826656252139604e-05	1.4712400115968194e-05	1.0	178294.57364341087
chr13	45326140	45326273	RNA3262	133	27	3.492482270909262e-05	1.4712800293636974e-05	1.0	203007.51879699246
chr13	45327114	45327243	RNA3263	129	22	0.00609665252394816	0.0	0.9545454545454546	170542.63565891472
chr13	45333294	45333423	RNA3264	129	0				0.0
chr13	45333328	45333461	RNA3265	133	0				0.0
chr13	45420858	45420987	RNA3266	129	15	0.00044403999211984436	0.0	1.0	116279.06976744186
chr13	45421222	45421351	RNA3267	129	18	1.652220003557482e-05	1.4731199826201191e-05	1.0	139534.88372093023
chr13	45422139	45422272	RNA3268	133	28	0.03572688409661038	7.347749942709925e-06	0.9642857142857143	210526.31578947368
chr13	45422162	45422295	RNA3269	133	27	0.03705119058162785	1.4696799553348685e-05	0.9629629629629629	203007.51879699246
chr13	45435389	45435522	RNA3270	133	24	0.0005231754269440554	0.0	1.0	180451.12781954886
chr13	45458066	45458195	RNA3271	127	0				0.0
chr13	45946757	45946828	RNA3272	71	12	8.573500053898897e-06	0.0	1.0	169014.08450704225
chr13	46328777	46328906	RNA3273	129	17	0.11157507641265138	0.0	0.8823529411764706	131782.9457364341
chr13	46333345	46333478	RNA3274	133	19	2.01166368290249e-05	1.4697699953103438e-05	1.0	142857.14285714284
chr13	46440439	46440511	RNA3275	72	0				0.0
chr13	48047323	48047401	RNA3276	78	15	1.1760779974186638e-05	0.0	1.0	192307.6923076923
chr13	49908830	49908959	RNA3277	129	21	0.0003143080364333437	0.0	1.0	162790.69767441862
chr13	49909474	49909552	RNA3278	78	10	8.820119910524227e-06	1.4698749964736635e-05	1.0	128205.12820512819
chr13	49909627	49909760	RNA3279	133	18	0.0001478095979210659	1.4696400285174605e-05	1.0	135338.34586466165
chr13	49911280	49911351	RNA3280	71	19	5.192464854381776e-05	1.4713199561811052e-05	1.0	267605.63380281685
chr13	51325496	51325574	RNA3281	78	13	1.9220499850162247e-05	1.4698500308440998e-05	1.0	166666.66666666666
chr13	51325619	51325697	RNA3282	78	4	1.1022174930985784e-05	7.348399776674342e-06	1.0	51282.05128205128
chr13	51325692	51325770	RNA3283	78	14	0.0005630332431272525	7.348599865508732e-06	1.0	179487.1794871795
chr13	51559325	51559403	RNA3284	78	14	1.0499814379727468e-05	0.0	1.0	179487.1794871795
chr13	51564488	51564566	RNA3285	78	11	6.6835546848861585e-06	0.0	1.0	141025.64102564103
chr13	51584375	51584453	RNA3286	78	45	9.472906741494121e-06	0.0	1.0	576923.0769230769
chr13	52480998	52481076	RNA3287	78	0				0.0
chr13	56191145	56191223	RNA3288	78	19	4.666389462440029e-06	0.0	1.0	243589.7435897436
chr13	61265170	61265244	RNA3289	74	16	0.0625294468684956	1.4728800124430563e-05	0.9375	216216.21621621624
chr13	65214965	65215039	RNA3290	74	12	1.8406541812510113e-05	1.4723199910804396e-05	1.0	162162.16216216216
chr13	65795198	65795272	RNA3291	74	16	0.06250923338126313	0.0	0.9375	216216.21621621624
chr13	65810346	65810420	RNA3292	74	19	0.03150293903620063	0.0	0.9473684210526315	256756.75675675675
chr13	65819933	65820007	RNA3293	74	10	8.819689901429228e-06	1.4697699953103438e-05	1.0	135135.13513513515
chr13	66236198	66236272	RNA3294	74	14	3.6752493347835874e-05	7.349250154220499e-06	1.0	189189.1891891892
chr13	66238742	66238816	RNA3295	74	23	0.04351087466574941	1.4712800293636974e-05	0.9565217391304348	310810.8108108108
chr13	66240725	66240799	RNA3296	74	16	0.058526511301124635	1.4702849966852227e-05	0.9375	216216.21621621624
chr13	67231819	67231893	RNA3297	74	17	3.6316152492118565e-05	1.4697699953103438e-05	1.0	229729.72972972973
chr13	71217400	71217474	RNA3298	74	18	0.05556208975000724	0.0	0.9444444444444444	243243.24324324325
chr13	72699800	72699904	RNA3299	104	16	2.7564718720884398e-05	1.4698749964736635e-05	1.0	153846.15384615384
chr13	77346964	77347068	RNA3300	104	24	0.0001551517380372971	0.0	1.0	230769.23076923078
chr13	77656581	77656685	RNA3301	104	17	3.3764888672412104e-05	1.47024002217222e-05	1.0	163461.53846153847
chr13	77659700	77659804	RNA3302	104	25	0.0008489397552330017	1.4696400285174605e-05	1.0	240384.6153846154
chr13	77660318	77660422	RNA3303	104	0				0.0
chr13	78659704	78659808	RNA3304	104	15	1.2741260191736121e-05	0.0	1.0	144230.76923076922
chr13	78662381	78662485	RNA3305	104	16	1.7458706338402408e-05	1.4703300166729605e-05	1.0	153846.15384615384
chr13	78663724	78663828	RNA3306	104	21	3.289954327642123e-05	1.4698100130772218e-05	1.0	201923.07692307694
chr13	78701606	78701710	RNA3307	104	27	0.0033637148538858725	0.0	0.9629629629629629	259615.38461538462
chr13	79810743	79810867	RNA3308	122	27	3.59867372026172e-05	1.4813899724686053e-05	1.0	221311.47540983607
chr13	82455425	82455529	RNA3309	104	12	8.577241639310765e-06	7.349250154220499e-06	1.0	115384.61538461539
chr13	83826591	83826666	RNA3310	75	12	7.354591692395236e-06	0.0	1.0	160000.0
chr13	83827711	83827835	RNA3311	124	20	2.2068699900042432e-05	7.35574985810672e-06	1.0	161290.32258064515
chr13	84086011	84086135	RNA3312	124	31	0.061850098627503264	1.4698500308440998e-05	0.9354838709677419	250000.0
chr13	84086051	84086175	RNA3313	124	35	0.05424360444942846	0.0	0.9428571428571428	282258.06451612903
chr13	84086301	84086425	RNA3314	124	34	0.001552052760630695	1.469744984206045e-05	0.9705882352941176	274193.54838709673
chr13	84826324	84826448	RNA3315	124	25	0.040039399796187355	1.4698100130772218e-05	0.96	201612.90322580643
chr13	84828066	84828190	RNA3316	124	22	2.205091393327419e-05	1.470005008741282e-05	1.0	177419.3548387097
chr13	84857121	84857245	RNA3317	123	27	0.0001776254630048656	0.0	1.0	219512.19512195123
chr13	85265516	85265611	RNA3318	95	30	2.107939387011727e-05	1.4701350210089004e-05	1.0	315789.4736842105
chr13	85885234	85885358	RNA3319	124	25	3.528139928675891e-05	1.4698999621032272e-05	1.0	201612.90322580643
chr13	86565932	86566007	RNA3320	75	13	4.535323079415741e-06	0.0	1.0	173333.33333333334
chr13	87127911	87127986	RNA3321	75	21	1.1211594937776681e-05	0.0	1.0	280000.0
chr13	87128026	87128101	RNA3322	75	12	0.08331373401415477	1.469744984206045e-05	0.9166666666666666	160000.0
chr13	87155280	87155355	RNA3323	75	20	1.6951594807321826e-05	0.0	1.0	266666.6666666667
chr13	87749317	87749392	RNA3324	75	11	1.8729172387049236e-05	1.47240998558118e-05	1.0	146666.66666666666
chr13	87752709	87752784	RNA3325	75	16	9.199043745411473e-06	0.0	1.0	213333.33333333334
chr13	87755007	87755082	RNA3326	75	10	1.6172499817906658e-05	0.0	1.0	133333.33333333334
chr13	88702476	88702551	RNA3327	75	15	0.0	0.0	1.0	200000.0
chr13	89282970	89283065	RNA3328	95	44	0.003937629510573963	1.4710850336996373e-05	0.9772727272727273	463157.8947368421
chr13	89333838	89333962	RNA3329	124	29	4.31074481796108e-05	0.0	1.0	233870.96774193548
chr13	90211103	90211198	RNA3330	95	7	1.143291436684584e-05	0.0	1.0	73684.21052631579
chr13	90211250	90211354	RNA3331	104	11	2.381182738727417e-05	2.007869989029132e-05	1.0	105769.23076923077
chr13	90221805	90221900	RNA3332	93	19	0.0001996800885631447	1.4703299711982254e-05	1.0	204301.07526881722
chr13	90222616	90222711	RNA3333	58	28	0.04524456772878692	3.868005114782136e-05	0.8571428571428571	482758.6206896552
chr13	90241292	90241387	RNA3334	95	19	0.0013856832429155427	1.4712800293636974e-05	1.0	200000.0
chr13	90255583	90255678	RNA3335	95	12	9.800024978782554e-06	0.0	1.0	126315.78947368421
chr13	90357170	90357265	RNA3336	94	16	1.4762068701656252e-05	0.0	1.0	170212.7659574468
chr13	91330646	91330721	RNA3337	75	16	0.0020131397174623037	1.4699399798701052e-05	1.0	213333.33333333334
chr13	91340702	91340797	RNA3338	95	12	0.08334190950025307	0.0	0.9166666666666666	126315.78947368421
chr13	93208966	93209070	RNA3339	104	19	5.4940369696649995e-05	1.4701099644298664e-05	1.0	182692.3076923077
chr13	93209909	93210013	RNA3340	104	17	5.191276560414254e-06	0.0	1.0	163461.53846153847
chr13	93210085	93210189	RNA3341	104	18	0.0006275650136255184	7.352499778789934e-06	1.0	173076.92307692306
chr13	93211825	93211929	RNA3342	104	18	5.722005628033205e-06	0.0	1.0	173076.92307692306
chr13	93212356	93212451	RNA3343	95	18	0.0009669246785758988	0.0	1.0	189473.68421052632
chr13	95318441	95318545	RNA3344	104	20	0.050030866859833614	1.4699599887535442e-05	0.95	192307.6923076923
chr13	95318803	95318907	RNA3345	102	29	0.008705480605009327	1.4866799574519972e-05	0.9310344827586207	284313.7254901961
chr13	95324574	95324678	RNA3346	104	20	0.019095859322942485	0.0	0.95	192307.6923076923
chr13	96083457	96083561	RNA3347	104	13	2.7136430547280935e-05	1.4699399798701052e-05	1.0	125000.0
chr13	100041105	100041209	RNA3348	104	20	0.050008823315010886	0.0	0.95	192307.6923076923
chr13	102532924	102533001	RNA3349	77	22	0.02898547585296414	0.0	0.9545454545454546	285714.2857142857
chr13	106539671	106539748	RNA3350	77	19	2.165902625212814e-05	1.469590006308863e-05	1.0	246753.24675324676
chr13	107161736	107161813	RNA3351	77	29	0.034503035992797935	1.470200004405342e-05	0.9655172413793104	376623.3766233766
chr13	107162327	107162404	RNA3352	76	20	0.050015530905011464	1.4711949916090816e-05	0.95	263157.8947368421
chr13	107163131	107163208	RNA3353	77	16	0.0005558844040933748	1.4697900041937828e-05	1.0	207792.2077922078
chr13	107934565	107934642	RNA3354	77	10	4.4107509438613076e-05	1.4703699889651034e-05	1.0	129870.12987012985
chr13	107937275	107937352	RNA3355	77	18	1.4700266648206809e-05	0.0	1.0	233766.23376623375
chr13	107942271	107942348	RNA3356	77	15	2.254029356360256e-05	1.4699399798701052e-05	1.0	194805.19480519483
chr13	108563643	108563720	RNA3357	77	14	4.199735745455005e-06	0.0	1.0	181818.18181818182
chr13	112484274	112484351	RNA3358	77	18	0.06670407032682608	1.4698100130772218e-05	0.8888888888888888	233766.23376623375
chr14	16423126	16423229	RNA3359	0	0				
chr14	17982639	17982718	RNA3360	0	0				
chr14	18478561	18478637	RNA3361	0	0				
chr14	19393430	19393506	RNA3362	76	0				0.0
chr14	19393468	19393566	RNA3363	50	0				0.0
chr14	19686057	19686138	RNA3364	81	0				0.0
chr14	19686579	19686651	RNA3365	0	0				
chr14	19687256	19687327	RNA3366	71	0				0.0
chr14	19687503	19687575	RNA3367	72	0				0.0
chr14	20212203	20212301	RNA3368	98	0				0.0
chr14	20212214	20212312	RNA3369	98	0				0.0
chr14	20212214	20212312	RNA3370	98	0				0.0
chr14	20516800	20516898	RNA3371	98	24	1.2250345813905975e-05	1.4697900041937828e-05	1.0	244897.95918367346
chr14	20517370	20517468	RNA3372	98	12	3.9196116707285446e-05	1.470005008741282e-05	1.0	122448.97959183673
chr14	20518433	20518536	RNA3373	103	39	0.026406635768720516	1.470200004405342e-05	0.9743589743589743	378640.77669902914
chr14	20518537	20518635	RNA3374	98	19	6.189199953759701e-06	0.0	1.0	193877.55102040817
chr14	20526035	20526116	RNA3375	81	17	9.25067980621365e-05	1.470200004405342e-05	1.0	209876.54320987655
chr14	20531966	20532037	RNA3376	71	9	0.012723819514980679	1.4696799553348685e-05	0.8888888888888888	126760.56338028169
chr14	20550816	20550888	RNA3377	72	13	2.148802272690856e-05	0.0	1.0	180555.55555555556
chr14	20581788	20581860	RNA3378	72	16	0.01990658516552912	7.435400220856536e-06	0.9375	222222.22222222222
chr14	20615317	20615398	RNA3379	81	16	2.2053306111043923e-05	1.4696799553348685e-05	1.0	197530.86419753084
chr14	20619161	20619232	RNA3380	71	15	1.0778320029203314e-05	0.0	1.0	211267.6056338028
chr14	20623337	20623409	RNA3381	72	14	6.29832142554473e-06	0.0	1.0	194444.44444444444
chr14	20623553	20623634	RNA3382	81	11	1.2023518138448708e-05	0.0	1.0	135802.46913580247
chr14	20626105	20626186	RNA3383	80	23	6.618004392847702e-06	0.0	1.0	287500.0
chr14	20628067	20628139	RNA3384	72	17	6.9174881954335e-06	0.0	1.0	236111.1111111111
chr14	20631718	20631789	RNA3385	71	12	0.0030069892908007483	1.4696999642183075e-05	1.0	169014.08450704225
chr14	20632632	20632704	RNA3386	72	20	0.002614239493277633	1.469744984206045e-05	1.0	277777.7777777778
chr14	20634755	20634836	RNA3387	81	17	0.0028475270356626693	0.0	1.0	209876.54320987655
chr14	20634805	20634876	RNA3388	71	17	1.9886523713301037e-05	0.0	1.0	239436.61971830984
chr14	20642775	20642847	RNA3389	72	6	0.0010777034543328508	1.4696150174131617e-05	1.0	83333.33333333333
chr14	20643177	20643258	RNA3390	81	8	7.355812499554304e-06	0.0	1.0	98765.43209876542
chr14	20643477	20643549	RNA3391	72	15	4.703170664773029e-05	1.4698100130772218e-05	1.0	208333.33333333334
chr14	20644632	20644703	RNA3392	71	17	0.00016605489562446972	0.0	1.0	239436.61971830984
chr14	20644648	20644720	RNA3393	72	15	1.2739466910715128e-05	0.0	1.0	208333.33333333334
chr14	20810541	20810612	RNA3394	71	20	0.00011471727530077951	7.349699899350526e-06	1.0	281690.1408450704
chr14	20811867	20811939	RNA3395	72	13	1.3569338289716352e-05	1.4698100130772218e-05	1.0	180555.55555555556
chr14	20812276	20812348	RNA3396	72	19	1.0865542016721233e-05	1.4696400285174605e-05	1.0	263888.8888888889
chr14	20813844	20813916	RNA3397	72	10	1.3229330124886474e-05	7.349050065386109e-06	1.0	138888.8888888889
chr14	20813977	20814049	RNA3398	72	19	2.1685536778117665e-05	0.0	1.0	263888.8888888889
chr14	21279213	21279316	RNA3399	103	24	1.224979151477714e-05	0.0	1.0	233009.70873786407
chr14	21351305	21351408	RNA3400	103	18	1.3880188918038686e-05	0.0	1.0	174757.28155339806
chr14	21351312	21351410	RNA3401	98	19	1.3149747390247954e-05	0.0	1.0	193877.55102040817
chr14	21351346	21351449	RNA3402	103	17	1.9018770431365467e-05	0.0	1.0	165048.5436893204
chr14	21553797	21553900	RNA3403	103	27	3.103363677062265e-05	0.0	1.0	262135.9223300971
chr14	21553963	21554066	RNA3404	103	22	0.020227711109948192	1.470179995521903e-05	0.9545454545454546	213592.23300970873
chr14	21555162	21555265	RNA3405	103	19	2.253255824095814e-05	0.0	1.0	184466.01941747573
chr14	21622834	21622915	RNA3406	81	19	2.1661100235125438e-05	0.0	1.0	234567.9012345679
chr14	21632622	21632693	RNA3407	71	0				0.0
chr14	21632691	21632763	RNA3408	72	1	0.0	0.0	1.0	13888.888888888889
chr14	21680843	21680915	RNA3409	72	17	0.04030477243219031	1.4708500202686992e-05	0.9411764705882353	236111.1111111111
chr14	21766564	21766643	RNA3410	79	18	0.0003668714917795182	7.35100002202671e-06	1.0	227848.10126582277
chr14	22553945	22554021	RNA3411	76	13	0.005733985169382102	0.0	0.9230769230769231	171052.63157894736
chr14	22555113	22555216	RNA3412	103	22	5.145199524617783e-05	0.0	1.0	213592.23300970873
chr14	22855446	22855525	RNA3413	79	19	6.422243596285013e-05	1.4703299711982254e-05	1.0	240506.32911392406
chr14	22929507	22929586	RNA3414	79	14	8.400364354851522e-06	0.0	1.0	177215.18987341772
chr14	22929514	22929593	RNA3415	79	15	7.840340064528088e-06	0.0	1.0	189873.417721519
chr14	23326190	23326269	RNA3416	79	21	2.4504338528323552e-05	0.0	1.0	265822.7848101266
chr14	23331412	23331488	RNA3417	76	10	3.38077094056552e-05	7.349250154220499e-06	1.0	131578.94736842104
chr14	23331523	23331602	RNA3418	79	13	1.6960738321352376e-05	0.0	1.0	164556.96202531643
chr14	23337011	23337087	RNA3419	76	11	9.355227286340034e-06	0.0	1.0	144736.84210526317
chr14	23337344	23337423	RNA3420	79	24	0.04167285737082693	0.0	0.9583333333333334	303797.4683544304
chr14	23380975	23381051	RNA3421	76	8	1.4697387541671527e-05	0.0	1.0	105263.15789473684
chr14	23381276	23381352	RNA3422	76	8	9.185712428916304e-06	7.348200142587302e-06	1.0	105263.15789473684
chr14	23453585	23453661	RNA3423	76	19	9.282249419284347e-05	0.0	1.0	250000.0
chr14	23453857	23453933	RNA3424	76	17	1.902504139733341e-05	0.0	1.0	223684.2105263158
chr14	23510555	23510631	RNA3425	76	15	2.9397933152116212e-06	0.0	1.0	197368.42105263157
chr14	24078132	24078208	RNA3426	76	18	3.9200783855139025e-05	7.348200142587302e-06	1.0	236842.1052631579
chr14	24078396	24078475	RNA3427	79	22	6.347139581272446e-05	0.0	1.0	278481.0126582278
chr14	24134009	24134085	RNA3428	76	20	0.00017437340584365005	1.4911349808244267e-05	1.0	263157.8947368421
chr14	24143134	24143210	RNA3429	76	7	2.0996714218719196e-06	0.0	1.0	92105.26315789473
chr14	24243561	24243637	RNA3430	76	0				0.0
chr14	24245127	24245203	RNA3431	76	11	1.7374754448114388e-05	1.4697199731017465e-05	1.0	144736.84210526317
chr14	24247036	24247112	RNA3432	76	13	4.636289976097975e-05	1.4696400285174605e-05	1.0	171052.63157894736
chr14	24421818	24421894	RNA3433	76	11	0.09093314667279628	1.477980003983248e-05	0.9090909090909091	144736.84210526317
chr14	25163195	25163271	RNA3434	76	20	0.0012221695111747932	0.0	1.0	263157.8947368421
chr14	25326329	25326427	RNA3435	98	19	6.18952105325757e-06	0.0	1.0	193877.55102040817
chr14	25610207	25610278	RNA3436	71	15	0.000273435765908887	0.0	1.0	211267.6056338028
chr14	25613024	25613105	RNA3437	81	15	3.236054690204919e-05	1.4707199625263456e-05	1.0	185185.18518518517
chr14	25616456	25616528	RNA3438	72	8	9.188349963551445e-06	7.349250154220499e-06	1.0	111111.11111111111
chr14	25636933	25637005	RNA3439	72	17	1.3013458823586594e-05	0.0	1.0	236111.1111111111
chr14	26309022	26309118	RNA3440	96	17	4.324056509870982e-05	1.4701099644298664e-05	1.0	177083.33333333334
chr14	26353014	26353117	RNA3441	103	17	2.8547346386506774e-05	1.470159986638464e-05	1.0	165048.5436893204
chr14	27845691	27845797	RNA3442	106	38	0.026365130298783793	7.347950031544315e-06	0.9473684210526315	358490.56603773584
chr14	27846515	27846594	RNA3443	79	16	0.06253491229324482	0.0	0.9375	202531.64556962025
chr14	28317830	28317906	RNA3444	76	0				0.0
chr14	28317838	28317914	RNA3445	76	0				0.0
chr14	29576232	29576328	RNA3446	96	14	8.403421491363719e-06	0.0	1.0	145833.33333333334
chr14	30850692	30850823	RNA3447	131	20	0.0004284885129891305	0.0	1.0	152671.75572519086
chr14	30865671	30865767	RNA3448	96	16	0.03348481391964241	7.347100108745508e-06	0.9375	166666.66666666666
chr14	30865871	30865967	RNA3449	96	14	1.680244232764353e-05	7.349499810516136e-06	1.0	145833.33333333334
chr14	30868131	30868227	RNA3450	96	17	2.4291993855400276e-05	0.0	1.0	177083.33333333334
chr14	31207808	31207904	RNA3451	96	32	8.741153152413972e-06	0.0	1.0	333333.3333333333
chr14	31207808	31207904	RNA3452	96	32	8.741153152413972e-06	0.0	1.0	333333.3333333333
chr14	31207811	31207907	RNA3453	96	30	8.832906708751882e-06	0.0	1.0	312500.0
chr14	31209813	31209919	RNA3454	106	20	3.383512516847948e-05	1.4704599834658438e-05	1.0	188679.24528301888
chr14	32058402	32058498	RNA3455	96	22	0.04546457181368168	1.4699199709866662e-05	0.9545454545454546	229166.66666666666
chr14	32058405	32058511	RNA3456	106	24	0.041677082191730115	1.4699199709866662e-05	0.9583333333333334	226415.09433962265
chr14	32175939	32176045	RNA3457	106	18	3.926299384854397e-05	1.470715005780221e-05	1.0	169811.32075471696
chr14	32184276	32184382	RNA3458	106	17	0.10844163479610225	2.9398799597402103e-05	0.8823529411764706	160377.35849056602
chr14	32213622	32213728	RNA3459	106	18	1.3083205582612814e-05	1.470910001444281e-05	1.0	169811.32075471696
chr14	32215903	32216009	RNA3460	106	30	0.06018213864514716	1.4695749996462837e-05	0.9333333333333333	283018.8679245283
chr14	32308822	32308928	RNA3461	101	13	0.00012828226275673536	1.4705899957334624e-05	1.0	128712.87128712871
chr14	32932282	32932388	RNA3462	106	21	1.0498233548007971e-05	0.0	1.0	198113.20754716982
chr14	34746976	34747107	RNA3463	131	19	0.05392587680264688	1.470159986638464e-05	0.9473684210526315	145038.1679389313
chr14	35537238	35537369	RNA3464	131	25	0.0004334314406150891	0.0	1.0	190839.69465648857
chr14	35537546	35537677	RNA3465	131	20	0.0001499225740644638	7.349050065386109e-06	1.0	152671.75572519086
chr14	35537886	35538017	RNA3466	131	25	1.587758393725125e-05	0.0	1.0	190839.69465648857
chr14	35810003	35810134	RNA3467	131	20	1.030431485560257e-05	7.353350156336092e-06	1.0	152671.75572519086
chr14	35811993	35812089	RNA3468	96	26	4.7917138020307276e-05	0.0	1.0	270833.3333333333
chr14	35812910	35813041	RNA3469	131	0				0.0
chr14	35815422	35815553	RNA3470	131	22	0.04319605445334673	0.0	0.9545454545454546	167938.93129770993
chr14	37175053	37175184	RNA3471	131	0				0.0
chr14	37177245	37177351	RNA3472	106	0				0.0
chr14	39223538	39223669	RNA3473	131	48	0.00026353799595805295	1.470179995521903e-05	1.0	366412.213740458
chr14	40952373	40952473	RNA3474	60	24	5.307910070464989e-05	0.0	1.0	400000.0
chr14	42865104	42865204	RNA3475	100	24	1.164249992295178e-05	0.0	1.0	240000.0
chr14	42865471	42865571	RNA3476	100	19	3.483594197237452e-05	0.0	1.0	190000.0
chr14	42866582	42866682	RNA3477	100	14	0.0018856774952057853	0.0	1.0	140000.0
chr14	42867848	42867948	RNA3478	100	18	2.77857946760602e-05	1.470910001444281e-05	1.0	180000.0
chr14	46821942	46822042	RNA3479	100	10	1.619019003555877e-05	1.4714749795530224e-05	1.0	100000.0
chr14	46824040	46824140	RNA3480	100	12	7.3536249753184775e-06	0.0	1.0	120000.0
chr14	46824641	46824741	RNA3481	100	16	1.7486693707266552e-05	0.0	1.0	160000.0
chr14	46825046	46825146	RNA3482	100	18	3.847395146294346e-05	7.365300007222686e-06	1.0	180000.0
chr14	49543674	49543774	RNA3483	100	22	0.00036338778884533964	1.4697199731017465e-05	1.0	220000.0
chr14	53944207	53944279	RNA3484	72	17	2.594976435562678e-06	0.0	1.0	236111.1111111111
chr14	57199073	57199145	RNA3485	71	13	0.14017567362211245	1.4836399714113211e-05	0.8461538461538461	183098.5915492958
chr14	57461363	57461435	RNA3486	72	24	0.0001114468437132538	1.4700700376124589e-05	1.0	333333.3333333333
chr14	57466782	57466854	RNA3487	72	8	1.4698912536914577e-05	7.348399776674342e-06	1.0	111111.11111111111
chr14	57467482	57467554	RNA3488	72	16	6.890134244485784e-05	0.0	1.0	222222.22222222222
chr14	58552265	58552337	RNA3489	72	11	5.345272752906154e-06	0.0	1.0	152777.77777777778
chr14	58558404	58558476	RNA3490	72	9	3.2666633160250163e-05	0.0	1.0	125000.0
chr14	58558580	58558652	RNA3491	72	14	0.07142437307168492	7.348399776674342e-06	0.9285714285714286	194444.44444444444
chr14	59188537	59188609	RNA3492	72	18	1.3880578030184245e-05	1.4695050140289823e-05	1.0	250000.0
chr14	63122800	63122872	RNA3493	72	19	1.3152526375243293e-05	1.4697199731017465e-05	1.0	263888.8888888889
chr14	67386711	67386781	RNA3494	70	18	1.0615150131343398e-05	0.0	1.0	257142.85714285713
chr14	67617005	67617083	RNA3495	78	0				0.0
chr14	68737258	68737329	RNA3496	71	16	1.5617256110542773e-05	0.0	1.0	225352.11267605633
chr14	70549815	70549885	RNA3497	0	0				
chr14	70907228	70907298	RNA3498	70	26	4.97696010265476e-05	7.350150099227904e-06	1.0	371428.5714285714
chr14	70907280	70907350	RNA3499	70	27	4.520413781224128e-05	0.0	1.0	385714.28571428574
chr14	70907298	70907368	RNA3500	70	27	1.9066503867817804e-05	0.0	1.0	385714.28571428574
chr14	71741917	71741987	RNA3501	70	11	1.3365054655878339e-05	0.0	1.0	157142.85714285713
chr14	71745667	71745745	RNA3502	77	12	3.394662568703889e-05	1.4726050267199753e-05	1.0	155844.15584415584
chr14	71749607	71749677	RNA3503	70	12	6.124316693482494e-06	0.0	1.0	171428.57142857142
chr14	71751291	71751361	RNA3504	70	13	1.69579457528535e-05	0.0	1.0	185714.2857142857
chr14	71929143	71929221	RNA3505	78	21	1.4700728613764983e-05	0.0	1.0	269230.7692307692
chr14	71930225	71930303	RNA3506	78	6	0.14301615349571267	1.4699399798701052e-05	0.8333333333333334	76923.07692307692
chr14	71930678	71930756	RNA3507	78	22	0.017999014683523856	0.0	0.8636363636363636	282051.28205128206
chr14	71932208	71932279	RNA3508	71	30	2.6021916528405945e-05	1.4714099961565807e-05	1.0	422535.2112676056
chr14	72605063	72605141	RNA3509	78	10	1.4700170140713453e-05	0.0	1.0	128205.12820512819
chr14	72606311	72606381	RNA3510	70	12	3.062316667030744e-05	1.4698950053571025e-05	1.0	171428.57142857142
chr14	72606689	72606767	RNA3511	78	13	0.073047731319303	1.470159986638464e-05	0.9230769230769231	166666.66666666666
chr14	72607547	72607625	RNA3512	78	17	9.07894216331471e-05	0.0	1.0	217948.71794871794
chr14	72894107	72894178	RNA3513	68	22	0.004803840711577896	1.4696349808218656e-05	0.9545454545454546	323529.4117647059
chr14	72960437	72960508	RNA3514	71	22	3.809149095765839e-05	1.4701749933010433e-05	1.0	309859.15492957743
chr14	72962315	72962386	RNA3515	71	17	1.8157076524130388e-05	0.0	1.0	239436.61971830984
chr14	72967133	72967204	RNA3516	71	6	2.4497117162051534e-05	1.4698950053571025e-05	1.0	84507.04225352113
chr14	72967162	72967233	RNA3517	71	8	1.4698537484036933e-05	1.4701150121254614e-05	1.0	112676.05633802817
chr14	73027322	73027393	RNA3518	71	14	0.00637848539651843	0.0	0.9285714285714286	197183.0985915493
chr14	73634869	73634947	RNA3519	78	13	2.3770530858130096e-05	0.0	1.0	166666.66666666666
chr14	74084860	74084931	RNA3520	71	23	1.150404778340801e-05	0.0	1.0	323943.661971831
chr14	76114609	76114679	RNA3521	70	8	0.018499305136742798	2.939314981631469e-05	0.875	114285.71428571428
chr14	76881794	76881933	RNA3522	139	30	0.0002043663105420443	1.4699799976369832e-05	1.0	215827.3381294964
chr14	77502867	77502945	RNA3523	78	18	0.043545972190359966	0.0	0.9444444444444444	230769.23076923078
chr14	77947774	77947845	RNA3524	71	7	4.8292171933474305e-05	0.0	1.0	98591.54929577465
chr14	80189693	80189832	RNA3525	139	29	1.878308275677341e-05	1.4709799870615823e-05	1.0	208633.09352517987
chr14	80190287	80190426	RNA3526	139	24	1.654065836949788e-05	1.4698500308440998e-05	1.0	172661.87050359714
chr14	80192475	80192614	RNA3527	139	23	0.00015220963003862405	1.470159986638464e-05	1.0	165467.62589928057
chr14	80194372	80194511	RNA3528	139	29	4.7185622202829776e-05	1.4704999557579868e-05	1.0	208633.09352517987
chr14	81230586	81230725	RNA3529	139	30	0.04005133703391645	0.0	0.9333333333333333	215827.3381294964
chr14	81232922	81233061	RNA3530	139	19	1.392432128149617e-05	0.0	1.0	136690.6474820144
chr14	81260299	81260438	RNA3531	139	32	0.0008373552552427499	0.0	1.0	230215.82733812951
chr14	82269152	82269291	RNA3532	139	23	1.3420665274442518e-05	0.0	1.0	165467.62589928057
chr14	84163133	84163205	RNA3533	72	18	1.3883744435992816e-05	0.0	1.0	250000.0
chr14	85798016	85798155	RNA3534	139	20	2.7930225314774425e-05	0.0	1.0	143884.89208633092
chr14	88131571	88131697	RNA3535	126	30	0.03802809610354719	1.4696599919261644e-05	0.9333333333333333	238095.23809523808
chr14	88131840	88131912	RNA3536	72	19	6.188652677289945e-06	0.0	1.0	263888.8888888889
chr14	88888559	88888631	RNA3537	72	19	4.877209496618477e-05	0.0	1.0	263888.8888888889
chr14	88916571	88916643	RNA3538	72	16	0.03997980679042712	1.4699399798701052e-05	0.9375	222222.22222222222
chr14	88924247	88924319	RNA3539	72	19	1.3153005439610416e-05	0.0	1.0	263888.8888888889
chr14	89003800	89003872	RNA3540	72	20	8.819249887892511e-06	0.0	1.0	277777.7777777778
chr14	89005022	89005094	RNA3541	72	13	5.426563788764691e-05	0.0	1.0	180555.55555555556
chr14	89006330	89006406	RNA3542	76	11	8.017463683658702e-06	0.0	1.0	144736.84210526317
chr14	89114913	89114985	RNA3543	72	25	0.016290312842320413	1.4700700376124589e-05	0.96	347222.2222222222
chr14	89954793	89954865	RNA3544	72	16	1.5617600354289607e-05	1.4698300219606608e-05	1.0	222222.22222222222
chr14	90187247	90187373	RNA3545	126	23	1.352500871491933e-05	0.0	1.0	182539.68253968252
chr14	90847341	90847467	RNA3546	126	25	0.0005377115128794601	0.0	1.0	198412.6984126984
chr14	90847416	90847542	RNA3547	126	25	0.03508652520875329	1.4698500308440998e-05	0.92	198412.6984126984
chr14	90847512	90847638	RNA3548	126	31	8.586123989985733e-05	0.0	1.0	246031.746031746
chr14	91225700	91225826	RNA3549	126	16	5.328524957803578e-05	1.4695950085297227e-05	1.0	126984.12698412698
chr14	91226048	91226174	RNA3550	126	20	2.0576664655888454e-05	7.348200142587302e-06	1.0	158730.15873015873
chr14	91228436	91228562	RNA3551	126	27	1.3607233389239755e-05	0.0	1.0	214285.71428571426
chr14	92112361	92112487	RNA3552	124	25	0.04813122329142061	1.4985300367698072e-05	0.88	201612.90322580643
chr14	92936825	92936901	RNA3553	76	16	1.4698106383548293e-05	1.4696800008096034e-05	1.0	210526.31578947368
chr14	93861847	93861923	RNA3554	76	11	8.016672836674843e-06	0.0	1.0	144736.84210526317
chr14	93930576	93930652	RNA3555	76	21	0.030330373553667973	0.0	0.9523809523809523	276315.7894736842
chr14	93931911	93931983	RNA3556	72	14	0.01145324386366805	1.4696349808218656e-05	0.9285714285714286	194444.44444444444
chr14	93932256	93932332	RNA3557	76	12	0.013361820439968137	0.0	0.9166666666666666	157894.73684210525
chr14	94011984	94012060	RNA3558	76	9	1.1434633355141463e-05	1.4700700376124589e-05	1.0	118421.05263157895
chr14	94022211	94022287	RNA3559	76	10	8.526327956133079e-05	0.0	1.0	131578.94736842104
chr14	94023167	94023243	RNA3560	76	18	2.2865277919155807e-05	1.4696799553348685e-05	1.0	236842.1052631579
chr14	94940935	94941011	RNA3561	76	20	1.984059031201315e-05	1.469569997425424e-05	1.0	263157.8947368421
chr14	95936528	95936602	RNA3562	74	14	0.10403088801740523	0.0	0.8571428571428571	189189.1891891892
chr14	95936939	95937052	RNA3563	113	30	0.008784805925703644	1.4696549897053046e-05	0.9666666666666667	265486.72566371685
chr14	95937285	95937361	RNA3564	76	18	3.837923835210654e-05	7.347549853875535e-06	1.0	236842.1052631579
chr14	95937662	95937733	RNA3565	71	12	1.4696658126922557e-05	1.4696149719384266e-05	1.0	169014.08450704225
chr14	95938057	95938131	RNA3566	74	12	9.801899977901485e-06	0.0	1.0	162162.16216216216
chr14	95938070	95938141	RNA3567	71	10	1.1761379937524907e-05	0.0	1.0	140845.0704225352
chr14	95939858	95939932	RNA3568	74	21	8.60965625352417e-05	0.0	1.0	283783.7837837838
chr14	95940779	95940856	RNA3569	77	19	1.4699236951281292e-05	0.0	1.0	246753.24675324676
chr14	95941289	95941365	RNA3570	76	11	1.736928152240041e-05	0.0	1.0	144736.84210526317
chr14	95943655	95943728	RNA3571	73	14	0.00011029171504819812	0.0	1.0	191780.8219178082
chr14	95949581	95949652	RNA3572	71	14	0.05154821909673046	1.4704350178362802e-05	0.9285714285714286	197183.0985915493
chr14	95949835	95949906	RNA3573	69	15	6.96601552287194e-05	1.4720199942530598e-05	1.0	217391.30434782608
chr14	95955939	95956016	RNA3574	77	16	7.165344885606203e-05	7.348200142587302e-06	1.0	207792.2077922078
chr14	95959678	95959752	RNA3575	74	12	1.3476174672177876e-05	0.0	1.0	162162.16216216216
chr14	95966521	95966595	RNA3576	74	15	1.6667379956440224e-05	1.4698500308440998e-05	1.0	202702.70270270272
chr14	95967937	95968013	RNA3577	76	14	1.2598528623385862e-05	0.0	1.0	184210.52631578947
chr14	95968030	95968101	RNA3578	66	17	8.041723584242658e-06	0.0	1.0	257575.75757575757
chr14	95968106	95968177	RNA3579	71	17	2.69143818192785e-05	1.4699399798701052e-05	1.0	239436.61971830984
chr14	95968152	95968223	RNA3580	71	13	2.602383056700197e-05	1.4701099644298664e-05	1.0	183098.5915492958
chr14	95968157	95968231	RNA3581	74	12	1.5928566729902133e-05	1.4700249721499858e-05	1.0	162162.16216216216
chr14	95972958	95973031	RNA3582	73	10	4.408610038808547e-06	0.0	1.0	136986.301369863
chr14	95973520	95973594	RNA3583	74	11	0.057862888952430774	2.939190017059445e-05	0.9090909090909091	148648.64864864867
chr14	95973903	95973974	RNA3584	71	22	0.0006259865241107964	1.4710650248161983e-05	1.0	309859.15492957743
chr14	95974485	95974559	RNA3585	74	12	1.2252624704463718e-05	7.349250154220499e-06	1.0	162162.16216216216
chr14	95975773	95975847	RNA3586	74	19	2.0893252823087862e-05	1.4698999621032272e-05	1.0	256756.75675675675
chr14	95976073	95976144	RNA3587	71	16	0.0006751921262093596	1.4696399830427254e-05	1.0	225352.11267605633
chr14	95977926	95978000	RNA3588	74	17	0.07160339730714493	1.4696400285174605e-05	0.8823529411764706	229729.72972972973
chr14	95984973	95985044	RNA3589	71	15	0.04569811368273804	1.4694200217491016e-05	0.9333333333333333	211267.6056338028
chr14	95988438	95988509	RNA3590	71	21	0.00013088344422569205	1.4699799976369832e-05	1.0	295774.6478873239
chr14	95990062	95990133	RNA3591	71	13	1.5832884645743223e-05	0.0	1.0	183098.5915492958
chr14	95991719	95991790	RNA3592	71	13	1.0175576929983576e-05	1.4696799553348685e-05	1.0	183098.5915492958
chr14	95991921	95991992	RNA3593	71	13	0.01698742517433297	0.0	0.9230769230769231	183098.5915492958
chr14	95993300	95993371	RNA3594	71	16	0.06255053519464582	7.348399776674342e-06	0.9375	225352.11267605633
chr14	95993354	95993425	RNA3595	70	12	9.839594137398141e-05	0.0	1.0	171428.57142857142
chr14	95993874	95993945	RNA3596	71	12	0.057033508104571716	0.0	0.9166666666666666	169014.08450704225
chr14	95995456	95995530	RNA3597	74	15	2.7457100259187103e-05	0.0	1.0	202702.70270270272
chr14	95995731	95995802	RNA3598	71	17	1.383632345951626e-05	0.0	1.0	239436.61971830984
chr14	96027997	96028082	RNA3599	85	18	1.3881061173985168e-05	1.4696150174131617e-05	1.0	211764.70588235295
chr14	96031108	96031185	RNA3600	77	12	0.093233541065653	1.470200004405342e-05	0.8333333333333334	155844.15584415584
chr14	96094621	96094696	RNA3601	75	20	1.3227689942141297e-05	0.0	1.0	266666.6666666667
chr14	96094850	96094940	RNA3602	90	24	4.47113969433575e-05	0.0	1.0	266666.6666666667
chr14	96095311	96095389	RNA3603	78	6	1.7148416645795805e-05	1.470239976697485e-05	1.0	76923.07692307692
chr14	96096366	96096443	RNA3604	77	15	4.3114679829149376e-05	0.0	1.0	194805.19480519483
chr14	96096694	96096768	RNA3605	74	20	1.526262021798159e-05	0.0	1.0	270270.2702702703
chr14	96096786	96096887	RNA3606	101	23	9.739556449146576e-06	0.0	1.0	227722.77227722772
chr14	96096808	96096886	RNA3607	78	21	1.0667133253827204e-05	0.0	1.0	269230.7692307692
chr14	96097094	96097176	RNA3608	82	18	0.010524301960332284	1.4698549875902245e-05	0.9444444444444444	219512.19512195123
chr14	96106636	96106762	RNA3609	126	25	0.025222161192905327	1.4697199731017465e-05	0.96	198412.6984126984
chr14	98544641	98544766	RNA3610	125	34	0.029423871064730465	0.0	0.9705882352941176	272000.0
chr14	98847784	98847860	RNA3611	76	12	0.0025731785025679198	1.470159986638464e-05	1.0	157894.73684210525
chr14	99143445	99143530	RNA3612	83	15	2.1630819658938797e-05	0.0	1.0	180722.89156626505
chr14	99146552	99146661	RNA3613	109	10	1.7637119981372962e-05	1.4699199709866662e-05	1.0	91743.11926605504
chr14	99949991	99950062	RNA3614	71	14	8.40181428429787e-06	0.0	1.0	197183.0985915493
chr14	99950767	99950841	RNA3615	74	15	2.9399066382514622e-06	0.0	1.0	202702.70270270272
chr14	99951067	99951164	RNA3616	95	18	1.689316675563249e-05	1.4699599887535442e-05	1.0	189473.68421052632
chr14	99951980	99952054	RNA3617	74	17	1.558465898115138e-05	0.0	1.0	229729.72972972973
chr14	99952398	99952474	RNA3618	69	13	0.07295533420011241	1.4745800399396105e-05	0.9230769230769231	188405.79710144928
chr14	99953497	99953568	RNA3619	71	16	0.06252296554976056	1.4697900041937828e-05	0.9375	225352.11267605633
chr14	99953604	99953717	RNA3620	113	15	0.0033301248332766892	1.4698999621032272e-05	1.0	132743.36283185842
chr14	99953863	99953939	RNA3621	76	15	0.024520694969881632	0.0	0.9333333333333333	197368.42105263157
chr14	99955281	99955358	RNA3622	77	10	0.09658332238004733	7.351649855991127e-06	0.9	129870.12987012985
chr14	99956337	99956413	RNA3623	76	17	0.055821959922950005	1.4697199731017465e-05	0.9411764705882353	223684.2105263158
chr14	99956397	99956468	RNA3624	71	13	3.505128440266689e-05	0.0	1.0	183098.5915492958
chr14	99957216	99957287	RNA3625	71	0				0.0
chr14	99958880	99958951	RNA3626	71	16	9.094743887771082e-05	0.0	1.0	225352.11267605633
chr14	99960271	99960344	RNA3627	73	12	9.80032496045169e-06	0.0	1.0	164383.5616438356
chr14	99960454	99960528	RNA3628	74	15	0.06668336004034546	1.47024002217222e-05	0.9333333333333333	202702.70270270272
chr14	99961443	99961517	RNA3629	74	10	0.00010298607985532596	0.0	1.0	135135.13513513515
chr14	99963025	99963099	RNA3630	74	11	2.2725863511203155e-05	1.4714099961565807e-05	1.0	148648.64864864867
chr14	99964147	99964224	RNA3631	65	22	0.03775382283877412	1.4863749584037578e-05	0.9090909090909091	338461.5384615385
chr14	99966026	99966104	RNA3632	78	15	0.01073820855672238	0.0	0.9333333333333333	192307.6923076923
chr14	99966438	99966509	RNA3633	71	9	0.00027110830160381066	0.0	1.0	126760.56338028169
chr14	99966858	99966935	RNA3634	77	11	6.952392711601931e-05	1.4706700312672185e-05	1.0	142857.14285714284
chr14	99967062	99967133	RNA3635	71	16	0.06279260947286502	7.352100055868504e-06	0.9375	225352.11267605633
chr14	99967104	99967178	RNA3636	74	18	0.00012994411134867602	7.352100055868504e-06	1.0	243243.24324324325
chr14	99967184	99967258	RNA3637	74	30	0.03470989222784435	1.4703299711982254e-05	0.9666666666666667	405405.40540540544
chr14	99967457	99967534	RNA3638	77	16	1.1945962626214168e-05	7.349499810516136e-06	1.0	207792.2077922078
chr14	99967753	99967824	RNA3639	71	14	1.1555607086068318e-05	0.0	1.0	197183.0985915493
chr14	99967863	99967934	RNA3640	71	15	7.9190599838815e-06	0.0	1.0	211267.6056338028
chr14	99967907	99967981	RNA3641	74	2	0.0	0.0	1.0	27027.02702702703
chr14	99968282	99968356	RNA3642	74	24	0.00025475823648926887	1.4698100130772218e-05	1.0	324324.3243243243
chr14	99968307	99968378	RNA3643	71	21	0.00029115044166938835	1.4699399798701052e-05	1.0	295774.6478873239
chr14	99968825	99968896	RNA3644	71	12	1.1023908124722462e-05	7.347549853875535e-06	1.0	169014.08450704225
chr14	99968925	99969003	RNA3645	78	12	7.348933271108156e-06	0.0	1.0	153846.15384615384
chr14	99969123	99969194	RNA3646	71	8	0.00015066372770888023	0.0	1.0	112676.05633802817
chr14	99969272	99969343	RNA3647	71	15	8.919916302450364e-05	1.4698100130772218e-05	1.0	211267.6056338028
chr14	99969564	99969635	RNA3648	71	15	1.469910663824218e-05	1.4697199731017465e-05	1.0	211267.6056338028
chr14	99969773	99969846	RNA3649	73	9	2.2864310368377246e-05	1.4697699953103438e-05	1.0	123287.6712328767
chr14	99969916	99970006	RNA3650	90	14	0.00028774716351368234	0.0	1.0	155555.55555555556
chr14	99970029	99970104	RNA3651	75	8	3.6747999274666654e-06	0.0	1.0	106666.66666666667
chr14	99970187	99970258	RNA3652	71	13	2.1485107726430913e-05	1.4699799976369832e-05	1.0	183098.5915492958
chr14	99970235	99970317	RNA3653	82	16	1.3780150425188885e-05	0.0	1.0	195121.9512195122
chr14	99970436	99970510	RNA3654	74	16	0.001999159416527616	1.470715005780221e-05	1.0	216216.21621621624
chr14	99970932	99971006	RNA3655	74	16	2.204739411126397e-05	1.469764993089484e-05	1.0	216216.21621621624
chr14	99970987	99971058	RNA3656	71	19	0.041716051878306876	1.4697199731017465e-05	0.9473684210526315	267605.63380281685
chr14	99971070	99971144	RNA3657	74	23	0.004356279529138586	0.0	0.9565217391304348	310810.8108108108
chr14	99971113	99971198	RNA3658	85	19	6.966242070024907e-06	0.0	1.0	223529.4117647059
chr14	99971166	99971237	RNA3659	71	22	8.690463511646262e-06	0.0	1.0	309859.15492957743
chr14	99971173	99971244	RNA3660	71	23	8.312617272009468e-06	0.0	1.0	323943.661971831
chr14	99971198	99971299	RNA3661	101	41	2.2252397817591243e-05	0.0	1.0	405940.59405940596
chr14	100159899	100159985	RNA3662	86	20	0.00040365308509535445	0.0	1.0	232558.13953488372
chr14	100770245	100770330	RNA3663	85	17	0.0005059214090579181	1.4697199731017465e-05	1.0	200000.0
chr14	100770246	100770320	RNA3664	74	14	0.0006122323610335495	7.348599865508732e-06	1.0	189189.1891891892
chr14	100770247	100770321	RNA3665	74	15	0.0005723970902787784	1.4697199731017465e-05	1.0	202702.70270270272
chr14	100770248	100770333	RNA3666	85	17	0.0005067861796252298	1.4698999621032272e-05	1.0	200000.0
chr14	100770262	100770336	RNA3667	74	17	0.0005085152208587654	1.4700700376124589e-05	1.0	229729.72972972973
chr14	100770262	100770338	RNA3668	76	18	0.00048108105859985924	1.4700500287290199e-05	1.0	236842.1052631579
chr14	100770265	100770336	RNA3669	71	15	0.0005763172503066007	1.4700700376124589e-05	1.0	211267.6056338028
chr14	100770272	100770343	RNA3670	71	15	1.568129331038411e-05	1.4700700376124589e-05	1.0	211267.6056338028
chr14	100770296	100770370	RNA3671	74	12	1.4700841650968263e-05	1.4700700376124589e-05	1.0	162162.16216216216
chr14	100770316	100770390	RNA3672	74	14	1.890490719753351e-05	1.4700900010211626e-05	1.0	189189.1891891892
chr14	100770325	100770396	RNA3673	71	12	2.083045008779057e-05	1.4700900010211626e-05	1.0	169014.08450704225
chr14	100770342	100770413	RNA3674	71	8	1.838305001911067e-05	7.353799901466118e-06	1.0	112676.05633802817
chr14	100770343	100770414	RNA3675	71	9	1.634048890587615e-05	0.0	1.0	126760.56338028169
chr14	100770344	100770421	RNA3676	77	9	1.634048890587615e-05	0.0	1.0	116883.11688311688
chr14	100770354	100770467	RNA3677	113	22	2.6064354311859305e-05	0.0	1.0	194690.26548672566
chr14	100770355	100770431	RNA3678	76	11	2.2726163479092065e-05	1.4703699889651034e-05	1.0	144736.84210526317
chr14	100770376	100770449	RNA3679	73	20	2.8670789743045236e-05	7.349250154220499e-06	1.0	273972.602739726
chr14	100770381	100770452	RNA3680	71	18	3.1039271915586055e-05	7.349250154220499e-06	1.0	253521.12676056338
chr14	100770392	100770468	RNA3681	76	17	2.594464673593833e-05	0.0	1.0	223684.2105263158
chr14	100770394	100770468	RNA3682	74	17	2.594464673593833e-05	0.0	1.0	229729.72972972973
chr14	100770400	100770471	RNA3683	71	18	0.0041861474352218545	7.348599865508732e-06	0.9444444444444444	253521.12676056338
chr14	100770416	100770492	RNA3684	76	18	0.004185330346343914	0.0	0.9444444444444444	236842.1052631579
chr14	100770424	100770495	RNA3685	71	19	0.003960406912435579	0.0	0.9473684210526315	267605.63380281685
chr14	100770427	100770498	RNA3686	71	21	0.0035846253064976586	0.0	0.9523809523809523	295774.6478873239
chr14	100770439	100770513	RNA3687	74	21	0.05120437287790819	1.4697199731017465e-05	0.9047619047619048	283783.7837837838
chr14	100770442	100770513	RNA3688	71	19	0.05659353325977703	1.4697199731017465e-05	0.8947368421052632	267605.63380281685
chr14	100770449	100770525	RNA3689	76	19	0.0565788316704895	0.0	0.8947368421052632	250000.0
chr14	100770471	100770548	RNA3690	77	24	0.04167524160842125	0.0	0.9583333333333334	311688.3116883117
chr14	100770473	100770547	RNA3691	74	23	0.04348720863487435	0.0	0.9565217391304348	310810.8108108108
chr14	100770491	100770562	RNA3692	71	24	0.04167769157932829	1.4696800008096034e-05	0.9583333333333334	338028.1690140845
chr14	100770491	100770565	RNA3693	74	25	0.040010583916155154	1.469590006308863e-05	0.96	337837.8378378378
chr14	100770503	100770574	RNA3694	71	20	0.050011024465175066	7.347950031544315e-06	0.95	281690.1408450704
chr14	100770512	100770585	RNA3695	73	21	1.2599714474552976e-05	1.469590006308863e-05	1.0	287671.23287671234
chr14	100770512	100770586	RNA3696	74	22	0.023263663461958375	1.4696800008096034e-05	0.9545454545454546	297297.29729729734
chr14	100770519	100770590	RNA3697	71	23	0.022252199698414188	1.469590006308863e-05	0.9565217391304348	323943.661971831
chr14	100770524	100770595	RNA3698	71	22	0.02326499970744904	1.4696800008096034e-05	0.9545454545454546	309859.15492957743
chr14	100770529	100770605	RNA3699	76	24	0.021327475115185734	1.4696800008096034e-05	0.9583333333333334	315789.4736842105
chr14	100770552	100770623	RNA3700	71	19	0.026934553298001686	1.4697699953103438e-05	0.9473684210526315	267605.63380281685
chr14	100770554	100770628	RNA3701	74	19	0.026934553434808838	1.4697699953103438e-05	0.9473684210526315	256756.75675675675
chr14	100770567	100770638	RNA3702	71	19	0.02693300597155413	1.4697699953103438e-05	0.9473684210526315	267605.63380281685
chr14	100770570	100770644	RNA3703	74	19	0.02693300597155413	1.4697699953103438e-05	0.9473684210526315	256756.75675675675
chr14	100770608	100770721	RNA3704	113	24	0.02316439140084488	1.469764993089484e-05	0.9583333333333334	212389.38053097346
chr14	100770619	100770696	RNA3705	77	20	0.027795064596011797	7.348399776674342e-06	0.95	259740.2597402597
chr14	100770629	100770700	RNA3706	71	19	0.029257188990557455	0.0	0.9473684210526315	267605.63380281685
chr14	100770633	100770710	RNA3707	77	19	0.029257962732691867	1.4696799553348685e-05	0.9473684210526315	246753.24675324676
chr14	100770640	100770711	RNA3708	71	18	0.030883405106730304	1.469764993089484e-05	0.9444444444444444	253521.12676056338
chr14	100770641	100770712	RNA3709	71	18	0.030883405106730304	1.469764993089484e-05	0.9444444444444444	253521.12676056338
chr14	100770662	100770733	RNA3710	71	15	0.03706694784850696	1.4698999621032272e-05	0.9333333333333333	211267.6056338028
chr14	100770689	100770760	RNA3711	71	13	0.0032933638049843597	0.0	1.0	183098.5915492958
chr14	100770690	100770761	RNA3712	71	14	0.0030591735832266286	7.349250154220499e-06	1.0	197183.0985915493
chr14	100770697	100770770	RNA3713	73	13	1.9225800385283102e-05	1.4698500308440998e-05	1.0	178082.19178082192
chr14	100770717	100770788	RNA3714	71	14	1.5752521773846762e-05	0.0	1.0	197183.0985915493
chr14	100770747	100770818	RNA3715	71	13	6.786599932148909e-06	0.0	1.0	183098.5915492958
chr14	100770755	100770826	RNA3716	71	11	4.01077274794013e-06	0.0	1.0	154929.57746478872
chr14	100770755	100770826	RNA3717	71	11	4.01077274794013e-06	0.0	1.0	154929.57746478872
chr14	100770757	100770831	RNA3718	74	10	4.411850022734143e-06	0.0	1.0	135135.13513513515
chr14	100770758	100770835	RNA3719	77	9	4.902055580815714e-06	0.0	1.0	116883.11688311688
chr14	100770775	100770846	RNA3720	71	8	3.6764749893336557e-06	0.0	1.0	112676.05633802817
chr14	100770792	100770863	RNA3721	71	12	0.0017298343741458599	0.0	1.0	169014.08450704225
chr14	100770799	100770870	RNA3722	71	14	0.0014816642635326201	0.0	1.0	197183.0985915493
chr14	100770801	100770875	RNA3723	74	14	0.0014816642635326201	0.0	1.0	189189.1891891892
chr14	100770817	100770891	RNA3724	74	17	0.0012227879052421867	0.0	1.0	229729.72972972973
chr14	100770834	100770905	RNA3725	71	18	0.0011613896326202263	0.0	1.0	253521.12676056338
chr14	100770834	100770907	RNA3726	73	18	0.0011613896326202263	0.0	1.0	246575.3424657534
chr14	100770838	100770909	RNA3727	71	18	0.0011613896326202263	0.0	1.0	253521.12676056338
chr14	100770846	100770919	RNA3728	73	19	0.0011002641782684537	0.0	1.0	260273.9726027397
chr14	100770846	100770923	RNA3729	77	20	0.0010452509693550309	0.0	1.0	259740.2597402597
chr14	100770849	100770926	RNA3730	77	21	0.000996876808867015	0.0	1.0	272727.2727272727
chr14	100770866	100770940	RNA3731	74	16	1.2863268523229248e-05	0.0	1.0	216216.21621621624
chr14	100770880	100770954	RNA3732	74	15	1.3720819758111198e-05	0.0	1.0	202702.70270270272
chr14	100770894	100770965	RNA3733	71	11	1.4701599701016113e-05	0.0	1.0	154929.57746478872
chr14	100770903	100770974	RNA3734	71	12	4.8996165181354936e-06	0.0	1.0	169014.08450704225
chr14	100770904	100770978	RNA3735	74	12	4.8996165181354936e-06	0.0	1.0	162162.16216216216
chr14	100770918	100771031	RNA3736	113	19	1.1604742068907639e-05	0.0	1.0	168141.59292035399
chr14	100770924	100770998	RNA3737	74	15	1.4699339953949674e-05	1.4696799553348685e-05	1.0	202702.70270270272
chr14	100770925	100770996	RNA3738	71	14	1.5749292807803223e-05	1.4698099676024867e-05	1.0	197183.0985915493
chr14	100770930	100771001	RNA3739	71	14	1.3649750014467696e-05	7.348399776674342e-06	1.0	197183.0985915493
chr14	100770930	100771001	RNA3740	71	14	1.3649750014467696e-05	7.348399776674342e-06	1.0	197183.0985915493
chr14	100770945	100771016	RNA3741	71	13	1.4699730784811367e-05	1.4696799553348685e-05	1.0	183098.5915492958
chr14	100770946	100771022	RNA3742	76	13	1.4699730784811367e-05	1.4696799553348685e-05	1.0	171052.63157894736
chr14	100770947	100771018	RNA3743	71	13	1.4699730784811367e-05	1.4696799553348685e-05	1.0	183098.5915492958
chr14	100770950	100771021	RNA3744	71	12	1.5924708350212313e-05	1.4698099676024867e-05	1.0	169014.08450704225
chr14	100770959	100771030	RNA3745	71	13	1.4699730784811367e-05	1.4696799553348685e-05	1.0	183098.5915492958
chr14	100770961	100771037	RNA3746	76	17	1.7294888333280515e-05	1.4699799976369832e-05	1.0	223684.2105263158
chr14	100770966	100771040	RNA3747	74	17	1.7294888333280515e-05	1.4699799976369832e-05	1.0	229729.72972972973
chr14	100770969	100771040	RNA3748	71	16	1.8375818854110548e-05	1.4700900010211626e-05	1.0	225352.11267605633
chr14	100770979	100771052	RNA3749	73	16	4.2268407185016196e-05	1.4709600236528786e-05	1.0	219178.08219178082
chr14	100770998	100771069	RNA3750	71	14	5.1460008177976754e-05	1.4702450243930798e-05	1.0	197183.0985915493
chr14	100771000	100771071	RNA3751	71	15	4.998943434959491e-05	1.4702900443808176e-05	1.0	211267.6056338028
chr14	100771002	100771073	RNA3752	71	15	4.998943434959491e-05	1.4702900443808176e-05	1.0	211267.6056338028
chr14	100771021	100771092	RNA3753	71	23	9.39772338745539e-05	1.4702900443808176e-05	1.0	323943.661971831
chr14	100771041	100771112	RNA3754	71	22	9.691261725078806e-05	1.4701800409966381e-05	1.0	309859.15492957743
chr14	100771052	100771126	RNA3755	74	24	7.107071113902017e-05	0.0	1.0	324324.3243243243
chr14	100771057	100771128	RNA3756	71	23	7.4160742058108e-05	0.0	1.0	323943.661971831
chr14	100771080	100771151	RNA3757	71	14	6.301721571487308e-06	0.0	1.0	197183.0985915493
chr14	100771091	100771165	RNA3758	74	13	6.78626936580538e-06	0.0	1.0	175675.67567567568
chr14	100771126	100771200	RNA3759	74	13	0.00570696928039419	1.4698999621032272e-05	0.9230769230769231	175675.67567567568
chr14	100771126	100771202	RNA3760	76	13	0.00570696928039419	1.4698999621032272e-05	0.9230769230769231	171052.63157894736
chr14	100771129	100771200	RNA3761	71	13	0.00570696928039419	1.4698999621032272e-05	0.9230769230769231	183098.5915492958
chr14	100771135	100771220	RNA3762	85	19	0.0039148248498397705	1.4699399798701052e-05	0.9473684210526315	223529.4117647059
chr14	100771145	100771219	RNA3763	74	18	0.004132315119275313	1.4699399798701052e-05	0.9444444444444444	243243.24324324325
chr14	100771163	100771237	RNA3764	74	20	0.0037227577225166877	1.4699199709866662e-05	0.95	270270.2702702703
chr14	100771167	100771241	RNA3765	74	20	0.0037234925825032385	1.4699199709866662e-05	0.95	270270.2702702703
chr14	100771180	100771257	RNA3766	77	21	0.003548283450072629	1.4699399798701052e-05	0.9523809523809523	272727.2727272727
chr14	100771195	100771266	RNA3767	71	21	3.289400934764003e-05	1.4698999621032272e-05	1.0	295774.6478873239
chr14	100771196	100771270	RNA3768	74	22	3.139882710456548e-05	1.4698349787067855e-05	1.0	297297.29729729734
chr14	100771236	100771313	RNA3769	77	22	0.00013169007835047683	1.4696800008096034e-05	1.0	285714.2857142857
chr14	100771246	100771320	RNA3770	74	19	0.00014552090095476154	1.4696400285174605e-05	1.0	256756.75675675675
chr14	100771249	100771323	RNA3771	74	21	0.00013166176753049853	1.469549988541985e-05	1.0	283783.7837837838
chr14	100771258	100771332	RNA3772	74	25	0.00011353496869559599	1.469549988541985e-05	1.0	337837.8378378378
chr14	100771268	100771339	RNA3773	71	21	0.00012046440129085884	0.0	1.0	295774.6478873239
chr14	100771268	100771342	RNA3774	74	21	0.00012046440129085884	0.0	1.0	283783.7837837838
chr14	100771270	100771341	RNA3775	71	20	0.00012648762135540178	7.347549853875535e-06	1.0	281690.1408450704
chr14	100771271	100771345	RNA3776	74	21	0.00012116422987586716	1.469509970775107e-05	1.0	283783.7837837838
chr14	100771303	100771374	RNA3777	71	16	3.1331331229009175e-05	0.0	1.0	225352.11267605633
chr14	100771303	100771377	RNA3778	74	18	3.111641672148584e-05	7.347549853875535e-06	1.0	243243.24324324325
chr14	100771305	100771376	RNA3779	71	15	3.342008664427645e-05	0.0	1.0	211267.6056338028
chr14	101038859	101038930	RNA3780	71	24	0.0038991861991917107	1.4704799923492828e-05	0.9583333333333334	338028.1690140845
chr14	101038868	101038943	RNA3781	75	23	0.004068076777437685	1.470460028940579e-05	0.9565217391304348	306666.6666666666
chr14	101038876	101038958	RNA3782	82	22	0.004265017794130626	1.4703499800816644e-05	0.9545454545454546	268292.68292682926
chr14	101038880	101038956	RNA3783	76	20	0.0044702027852053915	7.351649855991127e-06	0.95	263157.8947368421
chr14	101038880	101038957	RNA3784	77	20	0.0044702027852053915	7.351649855991127e-06	0.95	259740.2597402597
chr14	101038883	101038956	RNA3785	73	19	0.0047054766160056745	1.4703299711982254e-05	0.9473684210526315	260273.9726027397
chr14	101038890	101038964	RNA3786	74	18	0.004966074844661396	7.351649855991127e-06	0.9444444444444444	243243.24324324325
chr14	101038899	101038973	RNA3787	74	18	0.004965257611375908	7.350350188062294e-06	0.9444444444444444	243243.24324324325
chr14	101038902	101038976	RNA3788	74	14	0.006369198072141953	1.470200004405342e-05	0.9285714285714286	189189.1891891892
chr14	101038902	101038979	RNA3789	77	14	0.006369198072141953	1.470200004405342e-05	0.9285714285714286	181818.18181818182
chr14	101038903	101038974	RNA3790	71	13	3.166732991442699e-05	1.4700700376124589e-05	1.0	183098.5915492958
chr14	101038906	101038977	RNA3791	71	13	3.166732991442699e-05	1.4700700376124589e-05	1.0	183098.5915492958
chr14	101038909	101038980	RNA3792	71	13	3.166732991442699e-05	1.4700700376124589e-05	1.0	183098.5915492958
chr14	101038913	101038995	RNA3793	82	19	3.5360231202881025e-05	1.4700700376124589e-05	1.0	231707.31707317074
chr14	101038913	101039003	RNA3794	90	20	3.3592219642736974e-05	7.350350188062294e-06	1.0	222222.22222222222
chr14	101038917	101038994	RNA3795	77	18	3.650783850793096e-05	7.350350188062294e-06	1.0	233766.23376623375
chr14	101038920	101038991	RNA3796	71	16	4.107131832142233e-05	1.470220013288781e-05	1.0	225352.11267605633
chr14	101038931	101039002	RNA3797	71	15	4.086803292010961e-05	0.0	1.0	211267.6056338028
chr14	101038931	101039002	RNA3798	71	15	4.086803292010961e-05	0.0	1.0	211267.6056338028
chr14	101038932	101039006	RNA3799	74	16	3.831378086260276e-05	0.0	1.0	216216.21621621624
chr14	101038933	101039007	RNA3800	74	16	3.831378086260276e-05	0.0	1.0	216216.21621621624
chr14	101038938	101039012	RNA3801	74	17	3.695509964445554e-05	0.0	1.0	229729.72972972973
chr14	101038939	101039013	RNA3802	74	17	3.695509964445554e-05	0.0	1.0	229729.72972972973
chr14	101038939	101039013	RNA3803	74	17	3.695509964445554e-05	0.0	1.0	229729.72972972973
chr14	101038946	101039020	RNA3804	74	21	2.991603304551163e-05	0.0	1.0	283783.7837837838
chr14	101038947	101039024	RNA3805	77	21	2.991603304551163e-05	0.0	1.0	272727.2727272727
chr14	101038948	101039019	RNA3806	71	20	3.141183469778721e-05	0.0	1.0	281690.1408450704
chr14	101038950	101039028	RNA3807	78	20	1.597473519723221e-05	0.0	1.0	256410.25641025638
chr14	101038952	101039026	RNA3808	74	19	1.681551073392864e-05	0.0	1.0	256756.75675675675
chr14	101038957	101039028	RNA3809	71	20	1.597473519723221e-05	0.0	1.0	281690.1408450704
chr14	101038957	101039028	RNA3810	71	20	1.597473519723221e-05	0.0	1.0	281690.1408450704
chr14	101038964	101039035	RNA3811	71	21	1.521403352117353e-05	0.0	1.0	295774.6478873239
chr14	101038965	101039041	RNA3812	76	22	1.519324562402483e-05	0.0	1.0	289473.68421052635
chr14	101038970	101039055	RNA3813	84	29	1.1525910473398147e-05	0.0	1.0	345238.0952380952
chr14	101038981	101039059	RNA3814	76	28	1.1412525119729347e-05	0.0	1.0	368421.05263157893
chr14	101038984	101039055	RNA3815	70	27	7.118470387434138e-06	0.0	1.0	385714.28571428574
chr14	101038985	101039058	RNA3816	71	27	7.118470387434138e-06	0.0	1.0	380281.6901408451
chr14	101038986	101039060	RNA3817	72	27	7.118470387434138e-06	0.0	1.0	375000.0
chr14	101038987	101039063	RNA3818	74	27	7.118470387434138e-06	0.0	1.0	364864.86486486485
chr14	101038995	101039066	RNA3819	69	21	2.1274571346501555e-06	0.0	1.0	304347.82608695654
chr14	101039001	101039072	RNA3820	69	20	2.233829991382663e-06	0.0	1.0	289855.0724637681
chr14	101039004	101039081	RNA3821	75	25	0.00021356978639232635	0.0	1.0	333333.3333333333
chr14	101039007	101039078	RNA3822	69	22	0.00024133742090270903	0.0	1.0	318840.5797101449
chr14	101039008	101039079	RNA3823	69	22	0.00024269293908218902	0.0	1.0	318840.5797101449
chr14	101039010	101039123	RNA3824	111	33	0.03046892920484066	0.0	0.9696969696969697	297297.29729729734
chr14	101039018	101039096	RNA3825	76	20	0.0002654662379882204	0.0	1.0	263157.8947368421
chr14	101039020	101039091	RNA3826	69	19	0.00027943814525075827	0.0	1.0	275362.3188405797
chr14	101039020	101039097	RNA3827	75	19	0.00027943814525075827	0.0	1.0	253333.33333333334
chr14	101039022	101039123	RNA3828	99	28	0.03590926615571074	0.0	0.9642857142857143	282828.2828282828
chr14	101039028	101039099	RNA3829	69	20	0.0002700211729006689	0.0	1.0	289855.0724637681
chr14	101039033	101039107	RNA3830	72	20	0.00027296763796584784	0.0	1.0	277777.7777777778
chr14	101039036	101039110	RNA3831	72	21	0.00025996917901509314	0.0	1.0	291666.6666666667
chr14	101039042	101039113	RNA3832	69	18	0.00030247755886294745	0.0	1.0	260869.5652173913
chr14	101039046	101039117	RNA3833	69	18	0.05585721320332796	0.0	0.9444444444444444	260869.5652173913
chr14	101039048	101039125	RNA3834	75	22	0.04970337710636323	0.0	0.9090909090909091	293333.3333333333
chr14	101039052	101039123	RNA3835	69	18	0.05585803864778427	7.42900010664016e-06	0.9444444444444444	260869.5652173913
chr14	101039055	101039129	RNA3836	73	18	0.060749390674421484	1.4976149941503536e-05	0.8888888888888888	246575.3424657534
chr14	101039055	101039131	RNA3837	75	18	0.060749390674421484	1.4976149941503536e-05	0.8888888888888888	240000.0
chr14	101039060	101039131	RNA3838	71	18	0.060749390674421484	1.4976149941503536e-05	0.8888888888888888	253521.12676056338
chr14	101039062	101039133	RNA3839	71	19	0.05755205432313614	1.485800021328032e-05	0.8947368421052632	267605.63380281685
chr14	101039068	101039139	RNA3840	71	20	0.054674451606979334	1.4796899904467864e-05	0.9	281690.1408450704
chr14	101039068	101039153	RNA3841	85	22	0.04970471642908787	1.4732549971085973e-05	0.9090909090909091	258823.52941176473
chr14	101039069	101039140	RNA3842	71	21	0.052071607687615866	1.4735799595655408e-05	0.9047619047619048	295774.6478873239
chr14	101039070	101039144	RNA3843	74	22	0.04970471642908787	1.4732549971085973e-05	0.9090909090909091	297297.29729729734
chr14	101039075	101039151	RNA3844	76	21	0.05182452483720788	1.4729300346516538e-05	0.9047619047619048	276315.7894736842
chr14	101039080	101039151	RNA3845	71	18	0.06045606629888626	0.0	0.8888888888888888	253521.12676056338
chr14	101039086	101039199	RNA3846	113	32	0.03400837709935444	0.0	0.9375	283185.8407079646
chr14	101039087	101039158	RNA3847	71	20	0.05441266814896152	7.364650173258269e-06	0.9	281690.1408450704
chr14	101039095	101039166	RNA3848	71	21	0.05182158871329669	0.0	0.9047619047619048	295774.6478873239
chr14	101039108	101039179	RNA3849	71	20	0.054405166748983894	0.0	0.9	281690.1408450704
chr14	101039113	101039187	RNA3850	74	24	0.04533825163249123	0.0	0.9166666666666666	324324.3243243243
chr14	101039114	101039185	RNA3851	71	20	0.054405166748983894	0.0	0.9	281690.1408450704
chr14	101039119	101039193	RNA3852	74	23	0.0038318607643225765	0.0	0.9565217391304348	310810.8108108108
chr14	101039120	101039194	RNA3853	74	22	0.0040060362536099665	0.0	0.9545454545454546	297297.29729729734
chr14	101039121	101039192	RNA3854	71	22	0.0040060362536099665	0.0	0.9545454545454546	309859.15492957743
chr14	101039131	101039204	RNA3855	73	19	3.873847354522073e-06	0.0	1.0	260273.9726027397
chr14	101039137	101039208	RNA3856	71	18	4.905838876665156e-06	0.0	1.0	253521.12676056338
chr14	101039138	101039209	RNA3857	71	18	4.905838876665156e-06	0.0	1.0	253521.12676056338
chr14	101039143	101039214	RNA3858	71	18	4.904272170986385e-06	0.0	1.0	253521.12676056338
chr14	101039151	101039225	RNA3859	74	21	7.703357109026651e-06	0.0	1.0	283783.7837837838
chr14	101039157	101039270	RNA3860	113	29	2.2818651343872193e-05	0.0	1.0	256637.16814159293
chr14	101039169	101039243	RNA3861	74	19	1.0058378967713858e-05	0.0	1.0	256756.75675675675
chr14	101039171	101039245	RNA3862	74	19	1.0058378967713858e-05	0.0	1.0	256756.75675675675
chr14	101039180	101039251	RNA3863	71	19	1.0058378967713858e-05	0.0	1.0	267605.63380281685
chr14	101039191	101039265	RNA3864	74	18	3.594648271447537e-05	1.4700300198455809e-05	1.0	243243.24324324325
chr14	101039194	101039268	RNA3865	74	18	3.594648271447537e-05	1.4700300198455809e-05	1.0	243243.24324324325
chr14	101039198	101039274	RNA3866	76	18	3.594648271447537e-05	1.4700300198455809e-05	1.0	236842.1052631579
chr14	101039208	101039282	RNA3867	74	19	3.405430992355372e-05	1.4698999621032272e-05	1.0	256756.75675675675
chr14	101039210	101039281	RNA3868	71	18	3.5129488272401225e-05	1.4698099676024867e-05	1.0	253521.12676056338
chr14	101039212	101039283	RNA3869	71	17	3.719592875901306e-05	1.4698999621032272e-05	1.0	239436.61971830984
chr14	101039215	101039286	RNA3870	71	17	3.719592875901306e-05	1.4698999621032272e-05	1.0	239436.61971830984
chr14	101039232	101039306	RNA3871	74	15	3.725581257942782e-05	0.0	1.0	202702.70270270272
chr14	101039250	101039323	RNA3872	73	11	5.347544439162314e-05	1.4697199731017465e-05	1.0	150684.9315068493
chr14	101039250	101039326	RNA3873	76	12	4.901915735898788e-05	1.4696999642183075e-05	1.0	157894.73684210525
chr14	101039259	101039333	RNA3874	74	10	3.5286309412179276e-05	1.4696999642183075e-05	1.0	135135.13513513515
chr14	101039263	101039340	RNA3875	77	10	1.76391399691056e-05	1.4696999642183075e-05	1.0	129870.12987012985
chr14	101039265	101039342	RNA3876	77	10	1.76391399691056e-05	1.4696999642183075e-05	1.0	129870.12987012985
chr14	101039505	101039579	RNA3877	74	16	0.016304177146594153	0.0	0.9375	216216.21621621624
chr14	101039935	101040012	RNA3878	77	23	0.0002659954931479303	1.4706300135003405e-05	1.0	298701.2987012987
chr14	101040345	101040427	RNA3879	82	11	0.09091978126368551	1.4698500308440998e-05	0.9090909090909091	134146.34146341463
chr14	101040900	101040976	RNA3880	76	17	1.9019976688838345e-05	0.0	1.0	223684.2105263158
chr14	101041469	101041570	RNA3881	101	20	0.0005659070035562667	0.0	1.0	198019.80198019804
chr14	101041587	101041658	RNA3882	71	14	0.07143487039996087	0.0	0.9285714285714286	197183.0985915493
chr14	101041722	101041793	RNA3883	71	23	0.00015853571719913725	0.0	1.0	323943.661971831
chr14	101041743	101041814	RNA3884	71	24	0.04181798434577406	0.0	0.9583333333333334	338028.1690140845
chr14	101041779	101041856	RNA3885	77	19	0.05282271672101494	1.47024002217222e-05	0.9473684210526315	246753.24675324676
chr14	101041794	101041869	RNA3886	75	17	0.05886418625949076	1.4704200111737007e-05	0.9411764705882353	226666.66666666666
chr14	101041843	101041918	RNA3887	75	18	4.0843506111634707e-05	7.352100055868504e-06	1.0	240000.0
chr14	101041886	101041976	RNA3888	90	15	2.6468780379211875e-05	1.4702900443808176e-05	1.0	166666.66666666666
chr14	101041905	101041995	RNA3889	90	19	1.8577468692548258e-05	1.4702900443808176e-05	1.0	211111.11111111112
chr14	101041965	101042042	RNA3890	77	16	6.439012452119641e-06	0.0	1.0	207792.2077922078
chr14	101041967	101042041	RNA3891	74	15	5.88765997235896e-06	0.0	1.0	202702.70270270272
chr14	101042029	101042111	RNA3892	82	19	4.0225937482312166e-05	1.4698100130772218e-05	1.0	231707.31707317074
chr14	101042111	101042185	RNA3893	74	18	1.6331338631264065e-05	1.4696799553348685e-05	1.0	243243.24324324325
chr14	101042134	101042216	RNA3894	82	17	1.3833988037624616e-05	0.0	1.0	207317.0731707317
chr14	101042158	101042236	RNA3895	78	15	1.0778893192764372e-05	0.0	1.0	192307.6923076923
chr14	101042168	101042242	RNA3896	74	11	1.3362181644796776e-05	0.0	1.0	148648.64864864867
chr14	101042173	101042251	RNA3897	78	14	1.0498857006626037e-05	0.0	1.0	179487.1794871795
chr14	101042335	101042413	RNA3898	78	10	0.004788008689047265	1.4698950053571025e-05	1.0	128205.12820512819
chr14	101042737	101042838	RNA3899	101	26	5.7099415139061775e-05	0.0	1.0	257425.74257425743
chr14	101042800	101042873	RNA3900	73	18	4.8995311014244883e-05	0.0	1.0	246575.3424657534
chr14	101078650	101078728	RNA3901	78	21	6.229759908039665e-05	0.0	1.0	269230.7692307692
chr14	101079001	101079079	RNA3902	78	25	0.04026282944891136	1.4696400285174605e-05	0.96	320512.82051282056
chr14	101079154	101079232	RNA3903	75	22	4.093724080369313e-05	1.4702649878017837e-05	1.0	293333.3333333333
chr14	101079999	101080070	RNA3904	71	15	6.860413304821123e-06	0.0	1.0	211267.6056338028
chr14	101080307	101080383	RNA3905	76	10	1.3237619896244723e-05	1.4703499800816644e-05	1.0	131578.94736842104
chr14	101080663	101080734	RNA3906	71	16	1.1027925154394325e-05	0.0	1.0	225352.11267605633
chr14	101081734	101081805	RNA3907	71	14	0.0731367188547795	1.4697699953103438e-05	0.9285714285714286	197183.0985915493
chr14	101081991	101082062	RNA3908	71	8	0.0027294467239471357	2.2051499854569556e-05	1.0	112676.05633802817
chr14	101082277	101082351	RNA3909	74	14	1.1548664458262334e-05	7.348200142587302e-06	1.0	189189.1891891892
chr14	101083291	101083362	RNA3910	71	18	0.000500514452091404	1.4698300219606608e-05	1.0	253521.12676056338
chr14	101083634	101083708	RNA3911	74	15	0.01296299219144809	0.0	0.9333333333333333	202702.70270270272
chr14	101083873	101083948	RNA3912	75	21	0.00017360530373046137	1.469549988541985e-05	1.0	280000.0
chr14	101083912	101083983	RNA3913	71	19	2.8619605137987708e-05	0.0	1.0	267605.63380281685
chr14	101084220	101084297	RNA3914	77	15	7.838839943966983e-06	0.0	1.0	194805.19480519483
chr14	101084643	101084714	RNA3915	71	19	0.028347904972226962	1.4698100130772218e-05	0.9473684210526315	267605.63380281685
chr14	101084681	101084752	RNA3916	71	17	0.0332910945001405	1.4698100130772218e-05	0.9411764705882353	239436.61971830984
chr14	101086059	101086160	RNA3917	101	14	1.2599800161946664e-05	0.0	1.0	138613.86138613863
chr14	101086248	101086322	RNA3918	74	15	0.04228521023390688	1.4698999621032272e-05	0.9333333333333333	202702.70270270272
chr14	101087555	101087626	RNA3919	71	24	0.009751656638513845	1.4703499800816644e-05	0.9583333333333334	338028.1690140845
chr14	101088108	101088198	RNA3920	90	29	0.03902582711863691	1.469590006308863e-05	0.9310344827586207	322222.22222222225
chr14	101089027	101089128	RNA3921	101	24	0.0008420774449859847	7.347749942709925e-06	1.0	237623.7623762376
chr14	101089073	101089151	RNA3922	78	15	0.0628282789073637	1.469549988541985e-05	0.9333333333333333	192307.6923076923
chr14	101089138	101089211	RNA3923	73	13	9.045507795235608e-06	0.0	1.0	178082.19178082192
chr14	101089428	101089502	RNA3924	74	27	0.0017140113111087831	1.4725799701409414e-05	1.0	364864.86486486485
chr14	101090820	101090910	RNA3925	90	16	0.005792513223468631	0.0	0.9375	177777.77777777778
chr14	101093399	101093473	RNA3926	70	7	1.3329657252013152e-05	1.4789399756409694e-05	1.0	100000.0
chr14	101093728	101093799	RNA3927	71	12	0.0834104849416993	2.2046749563742196e-05	0.9166666666666666	169014.08450704225
chr14	101093757	101093828	RNA3928	71	15	0.0008270725052473822	1.4699799976369832e-05	1.0	211267.6056338028
chr14	101093831	101093905	RNA3929	74	12	0.0006381067685955089	7.349699899350526e-06	1.0	162162.16216216216
chr14	101094566	101094637	RNA3930	71	18	9.800422150066071e-06	7.348849976551719e-06	1.0	253521.12676056338
chr14	101094684	101094758	RNA3931	74	14	1.4700142920836307e-05	1.4700500287290199e-05	1.0	189189.1891891892
chr14	101095720	101095795	RNA3932	75	16	0.06251929125596689	0.0	0.9375	213333.33333333334
chr14	101095839	101095916	RNA3933	77	17	8.647288429047502e-06	0.0	1.0	220779.22077922078
chr14	101097819	101097890	RNA3934	71	11	0.00015774777536782796	0.0	1.0	154929.57746478872
chr14	101098589	101098663	RNA3935	74	10	0.0005393262345933146	2.204844940933981e-05	1.0	135135.13513513515
chr14	101126115	101126197	RNA3936	82	22	0.04546924355934772	0.0	0.9545454545454546	268292.68292682926
chr14	101127030	101127115	RNA3937	85	20	0.0004153356144797714	1.4701749933010433e-05	1.0	235294.11764705883
chr14	101132544	101132621	RNA3938	77	0				0.0
chr14	101153474	101153575	RNA3939	101	24	0.0025303599102244304	0.0	0.9583333333333334	237623.7623762376
chr14	101153486	101153560	RNA3940	74	18	0.003372180019192048	0.0	0.9444444444444444	243243.24324324325
chr14	101153491	101153569	RNA3941	78	19	0.0031954706023737452	0.0	0.9473684210526315	243589.7435897436
chr14	101153494	101153571	RNA3942	77	20	0.003035697072255058	0.0	0.95	259740.2597402597
chr14	101153495	101153570	RNA3943	75	18	0.0033729967469500644	0.0	0.9444444444444444	240000.0
chr14	101174246	101174324	RNA3944	78	24	0.01540056221949726	0.0	0.9583333333333334	307692.3076923077
chr14	101176408	101176498	RNA3945	90	16	0.00021595358714420688	0.0	1.0	177777.77777777778
chr14	101928248	101928319	RNA3946	71	10	0.00041300439488622525	0.0	1.0	140845.0704225352
chr14	101928579	101928692	RNA3947	113	27	0.002228174279008706	0.0	0.9629629629629629	238938.05309734514
chr14	101928722	101928793	RNA3948	71	17	8.991366934530492e-05	1.469590006308863e-05	1.0	239436.61971830984
chr14	101928796	101928867	RNA3949	71	18	3.9192616794828814e-05	1.4696599919261644e-05	1.0	253521.12676056338
chr14	101928830	101928901	RNA3950	71	14	5.249199927805291e-06	0.0	1.0	197183.0985915493
chr14	101928939	101929010	RNA3951	71	16	0.00019660423049571845	0.0	1.0	225352.11267605633
chr14	101929089	101929160	RNA3952	71	11	5.346181834201244e-06	0.0	1.0	154929.57746478872
chr14	101929208	101929279	RNA3953	71	20	1.3964340041638934e-05	1.4698549875902245e-05	1.0	281690.1408450704
chr14	101929246	101929322	RNA3954	76	16	8.268381350262644e-06	0.0	1.0	210526.31578947368
chr14	101929668	101929741	RNA3955	73	15	6.074777356843192e-05	0.0	1.0	205479.4520547945
chr14	101929712	101929789	RNA3956	77	14	0.014915758317459083	1.469764993089484e-05	0.9285714285714286	181818.18181818182
chr14	101929782	101929853	RNA3957	71	13	0.016005468310910282	1.4696799553348685e-05	0.9230769230769231	183098.5915492958
chr14	101929867	101929938	RNA3958	71	15	0.06667548521351516	0.0	0.9333333333333333	211267.6056338028
chr14	101930072	101930149	RNA3959	77	15	1.2736646688911908e-05	0.0	1.0	194805.19480519483
chr14	101930170	101930244	RNA3960	74	16	3.58279687020461e-05	7.347749942709925e-06	1.0	216216.21621621624
chr14	101930206	101930280	RNA3961	74	12	0.08337007761648842	7.347749942709925e-06	0.9166666666666666	162162.16216216216
chr14	101930270	101930341	RNA3962	71	11	1.0689290981893215e-05	0.0	1.0	154929.57746478872
chr14	101930418	101930489	RNA3963	71	13	1.3594615246312549e-05	0.0	1.0	183098.5915492958
chr14	101930471	101930545	RNA3964	74	16	0.06251103237491407	0.0	0.9375	216216.21621621624
chr14	101930517	101930593	RNA3965	76	20	0.050010288459907314	1.4699399798701052e-05	0.95	263157.8947368421
chr14	101930735	101930806	RNA3966	71	21	1.663283797998225e-05	1.4772400390938856e-05	1.0	295774.6478873239
chr14	101930913	101930984	RNA3967	71	18	0.0006289223251264406	0.0	1.0	253521.12676056338
chr14	101931074	101931145	RNA3968	71	8	1.2858562740802881e-05	0.0	1.0	112676.05633802817
chr14	101931180	101931254	RNA3969	74	11	2.1383790805304285e-05	1.4696799553348685e-05	1.0	148648.64864864867
chr14	101931605	101931679	RNA3970	74	16	1.0106812567300949e-05	0.0	1.0	216216.21621621624
chr14	101931682	101931756	RNA3971	74	14	0.008916513933594874	0.0	0.9285714285714286	189189.1891891892
chr14	101931712	101931786	RNA3972	74	17	0.007413048889194369	0.0	0.9411764705882353	229729.72972972973
chr14	101931912	101931986	RNA3973	74	19	0.07308574807575496	1.4697699953103438e-05	0.8947368421052632	256756.75675675675
chr14	101931954	101932027	RNA3974	73	18	0.0026704751619237932	7.349499810516136e-06	1.0	246575.3424657534
chr14	101931993	101932067	RNA3975	74	22	0.03377794859170534	1.4719050341227558e-05	0.9545454545454546	297297.29729729734
chr14	101932028	101932099	RNA3976	71	14	0.04965036483580271	7.353350156336092e-06	0.9285714285714286	197183.0985915493
chr14	101932111	101932185	RNA3977	74	15	2.1563147007933706e-05	1.4700300198455809e-05	1.0	202702.70270270272
chr14	101932228	101932299	RNA3978	71	16	0.043407342922989756	7.349250154220499e-06	0.9375	225352.11267605633
chr14	101932252	101932323	RNA3979	71	22	0.03159035759451647	1.4698300219606608e-05	0.9545454545454546	309859.15492957743
chr14	101932298	101932374	RNA3980	76	21	6.649543489141687e-05	1.4698500308440998e-05	1.0	276315.7894736842
chr14	101932301	101932372	RNA3981	71	19	7.040059651778874e-05	1.4698500308440998e-05	1.0	267605.63380281685
chr14	101932596	101932670	RNA3982	74	45	0.02921092303636719	1.472060012019938e-05	0.9555555555555556	608108.1081081082
chr14	102067380	102067455	RNA3983	75	12	6.157424953319908e-06	0.0	1.0	160000.0
chr14	102067673	102067758	RNA3984	85	0				0.0
chr14	102069451	102069541	RNA3985	90	12	3.0629508728450006e-05	0.0	1.0	133333.33333333334
chr14	102069819	102069901	RNA3986	82	18	0.057555030711531195	0.0	0.9444444444444444	219512.19512195123
chr14	102070415	102070516	RNA3987	101	18	4.091018869681868e-05	1.4713250038767002e-05	1.0	178217.82178217822
chr14	102072032	102072109	RNA3988	77	15	2.058030089149518e-05	0.0	1.0	194805.19480519483
chr14	102072963	102073040	RNA3989	77	0				0.0
chr14	102074675	102074753	RNA3990	78	12	9.79898337997535e-06	7.348599865508732e-06	1.0	153846.15384615384
chr14	102074895	102074969	RNA3991	74	12	9.892099948653291e-06	7.357049980782904e-06	1.0	162162.16216216216
chr14	102075753	102075831	RNA3992	78	16	1.2008556154796679e-05	1.472670010116417e-05	1.0	205128.20512820513
chr14	102317222	102317347	RNA3993	125	33	2.954745736077777e-05	0.0	1.0	264000.0
chr14	103112424	103112509	RNA3994	85	21	0.0012936639491921808	1.4697699953103438e-05	1.0	247058.82352941178
chr14	103113252	103113361	RNA3995	106	12	0.16667040543347866	0.0	0.8333333333333334	113207.54716981133
chr14	103191637	103191762	RNA3996	125	20	1.697672523732638e-05	0.0	1.0	160000.0
chr14	103330403	103330528	RNA3997	125	21	0.02575510429869609	1.4696799553348685e-05	0.9523809523809523	168000.0
chr14	103330849	103330974	RNA3998	125	21	0.0001127260336596937	1.4700700376124589e-05	1.0	168000.0
chr14	103345457	103345582	RNA3999	125	58	0.017361649798940868	1.4713699783897027e-05	0.9827586206896551	464000.0
chr14	103350111	103350236	RNA4000	114	24	0.04169801989958916	1.470694996896782e-05	0.9583333333333334	210526.31578947368
chr14	103384748	103384873	RNA4001	125	22	0.0002491953729407833	0.0	1.0	176000.0
chr14	103847610	103847707	RNA4002	97	38	4.4220734707776585e-05	1.4730549992236774e-05	1.0	391752.57731958764
chr14	104062583	104062692	RNA4003	109	19	0.00012617451035399024	1.4703299711982254e-05	1.0	174311.9266055046
chr14	104063327	104063412	RNA4004	85	22	1.6710999757791366e-05	1.4704150089528412e-05	1.0	258823.52941176473
chr14	104117001	104117110	RNA4005	109	29	1.3234482609949465e-05	0.0	1.0	266055.04587155965
chr14	104117044	104117129	RNA4006	85	23	1.5404504151573956e-05	0.0	1.0	270588.23529411765
chr14	104117156	104117241	RNA4007	85	17	1.5592205914692706e-05	1.471799987484701e-05	1.0	200000.0
chr14	104117172	104117281	RNA4008	109	27	1.1450048178731879e-05	0.0	1.0	247706.42201834865
chr14	104117818	104117903	RNA4009	85	19	1.8571552764589864e-05	0.0	1.0	223529.4117647059
chr14	104118032	104118141	RNA4010	109	23	0.04348848823927098	0.0	0.9565217391304348	211009.17431192662
chr14	104119549	104119634	RNA4011	85	21	2.7998252725013285e-05	1.4698100130772218e-05	1.0	247058.82352941178
chr14	104127232	104127318	RNA4012	86	19	0.00851258066220333	0.0	0.9473684210526315	220930.23255813954
chr14	104127395	104127504	RNA4013	109	15	1.2739846655070626e-05	0.0	1.0	137614.6788990826
chr14	104210843	104210952	RNA4014	109	31	0.003973845215642214	0.0	0.967741935483871	284403.66972477065
chr14	104213889	104213974	RNA4015	85	0				0.0
chr14	104394559	104394684	RNA4016	125	0				0.0
chr14	104796276	104796373	RNA4017	97	14	7.352085828772813e-06	0.0	1.0	144329.8969072165
chr14	104849940	104850037	RNA4018	97	0				0.0
chr14	104850872	104850949	RNA4019	77	15	0.002667539837481548	1.4701099644298664e-05	1.0	194805.19480519483
chr14	104865168	104865265	RNA4020	89	0				0.0
chr14	104896774	104896871	RNA4021	97	15	0.06398542606966656	1.47024002217222e-05	0.8666666666666667	154639.17525773196
chr14	104902322	104902419	RNA4022	97	24	0.038156324091308605	0.0	0.9583333333333334	247422.68041237115
chr14	104980071	104980168	RNA4023	97	14	1.3676685739483219e-05	1.4714500139234588e-05	1.0	144329.8969072165
chr14	105065587	105065673	RNA4024	86	14	0.07149681534292539	1.4702849966852227e-05	0.8571428571428571	162790.69767441862
chr14	105115777	105115886	RNA4025	109	26	0.004735109227567582	1.4698349787067855e-05	0.9615384615384616	238532.11009174315
chr14	105115984	105116069	RNA4026	85	24	1.1636649901447527e-05	0.0	1.0	282352.9411764706
chr14	105139403	105139489	RNA4027	86	23	6.968071339424019e-05	1.4702900443808176e-05	1.0	267441.8604651163
chr14	105140396	105140482	RNA4028	86	18	1.7147510890125954e-05	1.4696599919261644e-05	1.0	209302.32558139536
chr14	105181332	105181418	RNA4029	86	22	1.6402504363872095e-05	1.492315004725242e-05	1.0	255813.9534883721
chr14	105181339	105181425	RNA4030	86	23	1.5028869395037633e-05	0.0	1.0	267441.8604651163
chr14	105205660	105205746	RNA4031	86	23	0.030350035229196725	1.4694600395159796e-05	0.9565217391304348	267441.8604651163
chr14	105513870	105513946	RNA4032	76	0				0.0
chr14	105513904	105513978	RNA4033	74	0				0.0
chr14	105514415	105514490	RNA4034	75	0				0.0
chr14	105514415	105514500	RNA4035	85	0				0.0
chr14	105514507	105514581	RNA4036	74	0				0.0
chr14	105514817	105514888	RNA4037	71	0				0.0
chr14	105514872	105514946	RNA4038	74	0				0.0
chr14	105514936	105515012	RNA4039	76	0				0.0
chr14	105515027	105515098	RNA4040	71	0				0.0
chr14	105515070	105515144	RNA4041	74	0				0.0
chr14	105515409	105515480	RNA4042	71	0				0.0
chr14	105515409	105515486	RNA4043	77	0				0.0
chr14	105515535	105515611	RNA4044	76	0				0.0
chr14	105515769	105515843	RNA4045	74	0				0.0
chr14	105515894	105515972	RNA4046	78	0				0.0
chr14	105516383	105516456	RNA4047	73	0				0.0
chr14	105516423	105516501	RNA4048	78	0				0.0
chr14	105517243	105517314	RNA4049	71	0				0.0
chr14	105517667	105517738	RNA4050	71	0				0.0
chr14	105517872	105517969	RNA4051	97	0				0.0
chr14	105518197	105518268	RNA4052	71	0				0.0
chr14	105518342	105518419	RNA4053	77	0				0.0
chr14	105518643	105518720	RNA4054	77	0				0.0
chr14	105518696	105518769	RNA4055	73	0				0.0
chr14	105519280	105519351	RNA4056	71	0				0.0
chr14	105519281	105519355	RNA4057	74	0				0.0
chr14	105519467	105519544	RNA4058	77	0				0.0
chr14	105519485	105519556	RNA4059	71	0				0.0
chr14	105519883	105519954	RNA4060	71	0				0.0
chr14	105519909	105519995	RNA4061	86	0				0.0
chr14	105519920	105520002	RNA4062	82	0				0.0
chr14	105519984	105520058	RNA4063	74	0				0.0
chr14	105520211	105520312	RNA4064	101	0				0.0
chr14	105520691	105520762	RNA4065	41	0				0.0
chr14	105521192	105521263	RNA4066	0	0				
chr14	105521194	105521265	RNA4067	0	0				
chr14	105521263	105521376	RNA4068	0	0				
chr14	105521598	105521688	RNA4069	80	0				0.0
chr14	105521922	105521999	RNA4070	77	0				0.0
chr14	105522046	105522117	RNA4071	71	0				0.0
chr14	105522585	105522662	RNA4072	77	0				0.0
chr14	105522701	105522775	RNA4073	74	0				0.0
chr14	105523669	105523740	RNA4074	71	0				0.0
chr14	105523817	105523888	RNA4075	71	0				0.0
chr14	105523820	105523891	RNA4076	71	0				0.0
chr14	105523826	105523897	RNA4077	71	0				0.0
chr14	105523869	105523946	RNA4078	77	0				0.0
chr14	105524538	105524612	RNA4079	74	0				0.0
chr14	105524827	105524901	RNA4080	74	0				0.0
chr14	105525101	105525172	RNA4081	68	0				0.0
chr14	105525673	105525747	RNA4082	74	0				0.0
chr14	105525682	105525756	RNA4083	74	0				0.0
chr14	106878252	106878329	RNA4084	77	0				0.0
chr14	106878596	106878673	RNA4085	77	0				0.0
chr14	106879018	106879095	RNA4086	77	0				0.0
chr14	106879076	106879153	RNA4087	77	0				0.0
chr14	106881154	106881239	RNA4088	85	0				0.0
chr14	106882659	106882768	RNA4089	109	0				0.0
chr15	20148479	20148572	RNA4090	93	0				0.0
chr15	20148510	20148606	RNA4091	96	0				0.0
chr15	20148529	20148613	RNA4092	84	0				0.0
chr15	20148568	20148660	RNA4093	92	0				0.0
chr15	20148686	20148779	RNA4094	93	0				0.0
chr15	20148692	20148788	RNA4095	96	0				0.0
chr15	20148693	20148786	RNA4096	93	0				0.0
chr15	20148742	20148826	RNA4097	84	0				0.0
chr15	20148752	20148845	RNA4098	93	0				0.0
chr15	20148762	20148858	RNA4099	96	0				0.0
chr15	20148765	20148861	RNA4100	96	0				0.0
chr15	20148853	20148946	RNA4101	93	0				0.0
chr15	20148872	20148969	RNA4102	97	0				0.0
chr15	20148877	20148951	RNA4103	74	0				0.0
chr15	20148949	20149042	RNA4104	93	0				0.0
chr15	20148953	20149046	RNA4105	93	0				0.0
chr15	20149232	20149325	RNA4106	93	0				0.0
chr15	20149280	20149373	RNA4107	93	0				0.0
chr15	20149291	20149384	RNA4108	93	0				0.0
chr15	20149295	20149388	RNA4109	93	0				0.0
chr15	20149300	20149396	RNA4110	96	0				0.0
chr15	20149385	20149478	RNA4111	93	0				0.0
chr15	20149393	20149486	RNA4112	93	0				0.0
chr15	20149432	20149525	RNA4113	93	0				0.0
chr15	20149496	20149593	RNA4114	97	0				0.0
chr15	20149528	20149631	RNA4115	103	0				0.0
chr15	20149533	20149626	RNA4116	93	0				0.0
chr15	20149564	20149661	RNA4117	97	0				0.0
chr15	20216641	20216722	RNA4118	81	14	6.297400042447927e-06	0.0	1.0	172839.5061728395
chr15	20216751	20216832	RNA4119	81	12	1.2253466593392659e-05	7.34664990886813e-06	1.0	148148.14814814815
chr15	20217046	20217126	RNA4120	80	9	0.00021675594729861824	0.0	1.0	112500.0
chr15	20217227	20217307	RNA4121	77	14	0.007146932602868863	1.4694649962621043e-05	0.9285714285714286	181818.18181818182
chr15	20217292	20217373	RNA4122	81	13	1.8085446404606606e-05	1.4694200217491016e-05	1.0	160493.82716049382
chr15	20217305	20217386	RNA4123	81	14	1.679362880427756e-05	1.4694000128656626e-05	1.0	172839.5061728395
chr15	20217478	20217559	RNA4124	81	22	1.1354618105873339e-05	1.469329981773626e-05	1.0	271604.93827160494
chr15	20217648	20217729	RNA4125	81	23	6.583181786244136e-05	1.469329981773626e-05	1.0	283950.6172839506
chr15	20217843	20217924	RNA4126	81	14	1.679479990863391e-05	1.4693549928779248e-05	1.0	172839.5061728395
chr15	20218174	20218255	RNA4127	81	10	0.0026529470384048103	1.4693549928779248e-05	1.0	123456.79012345678
chr15	20218180	20218261	RNA4128	81	9	0.0029477189315609002	1.4693800039822236e-05	1.0	111111.11111111111
chr15	20218229	20218309	RNA4129	80	13	3.9574614465185315e-05	1.469329981773626e-05	1.0	162500.0
chr15	20218462	20218543	RNA4130	81	15	0.00018874683846660731	0.0	1.0	185185.18518518517
chr15	20218500	20218581	RNA4131	81	17	1.2100670360001351e-05	1.469329981773626e-05	1.0	209876.54320987655
chr15	20218863	20218943	RNA4132	80	23	5.887378167402295e-05	1.4693800039822236e-05	1.0	287500.0
chr15	20218915	20218996	RNA4133	80	21	4.410436572686601e-05	0.0	1.0	262500.0
chr15	20219084	20219165	RNA4134	81	13	9.042322954673391e-06	0.0	1.0	160493.82716049382
chr15	20219243	20219313	RNA4135	70	17	0.05886071239456214	1.469329981773626e-05	0.9411764705882353	242857.14285714284
chr15	20219257	20219338	RNA4136	81	16	0.06254317970712008	7.346900019911118e-06	0.9375	197530.86419753084
chr15	20219298	20219379	RNA4137	81	29	3.446351387662645e-05	0.0	1.0	358024.69135802466
chr15	20219808	20219889	RNA4138	81	22	3.874544968725055e-05	0.0	1.0	271604.93827160494
chr15	20219928	20220009	RNA4139	81	15	0.00011567525786327188	1.4694200217491016e-05	1.0	185185.18518518517
chr15	20220466	20220547	RNA4140	81	17	0.0018813296284112204	1.469329981773626e-05	1.0	209876.54320987655
chr15	20590454	20590535	RNA4141	0	0				
chr15	20590465	20590546	RNA4142	0	0				
chr15	20590799	20590880	RNA4143	0	0				
chr15	20591006	20591087	RNA4144	81	0				0.0
chr15	20591519	20591600	RNA4145	0	0				
chr15	20591520	20591595	RNA4146	0	0				
chr15	20591794	20591875	RNA4147	0	0				
chr15	20591946	20592027	RNA4148	81	0				0.0
chr15	20592165	20592246	RNA4149	81	0				0.0
chr15	20592225	20592306	RNA4150	81	0				0.0
chr15	20592230	20592311	RNA4151	81	0				0.0
chr15	20592364	20592439	RNA4152	75	0				0.0
chr15	20592399	20592480	RNA4153	81	0				0.0
chr15	20592756	20592837	RNA4154	81	0				0.0
chr15	20593026	20593099	RNA4155	73	0				0.0
chr15	20593085	20593155	RNA4156	70	0				0.0
chr15	20593292	20593373	RNA4157	81	0				0.0
chr15	23905571	23905664	RNA4158	93	15	6.467137833775828e-05	0.0	1.0	161290.32258064515
chr15	23905593	23905686	RNA4159	93	19	1.9341289723673912e-05	1.4696400285174605e-05	1.0	204301.07526881722
chr15	23905596	23905677	RNA4160	81	15	1.567904691910371e-05	1.4696400285174605e-05	1.0	185185.18518518517
chr15	23905636	23905739	RNA4161	103	19	6.111075392828456e-05	1.4696400285174605e-05	1.0	184466.01941747573
chr15	23905643	23905723	RNA4162	80	19	6.111075392828456e-05	1.4696400285174605e-05	1.0	237500.0
chr15	23905654	23905735	RNA4163	81	17	6.830025439043568e-05	1.4696400285174605e-05	1.0	209876.54320987655
chr15	23905666	23905736	RNA4164	70	15	7.446638155669329e-05	1.4696400285174605e-05	1.0	214285.71428571426
chr15	23905705	23905801	RNA4165	96	20	0.03071510783170197	1.4698749964736635e-05	0.95	208333.33333333334
chr15	23905715	23905796	RNA4166	81	17	0.03613542097847291	1.4699799976369832e-05	0.9411764705882353	209876.54320987655
chr15	23905731	23905812	RNA4167	81	18	0.03413116599621288	1.4699799976369832e-05	0.9444444444444444	222222.22222222222
chr15	23905740	23905821	RNA4168	81	21	0.029269287662914607	1.4699799976369832e-05	0.9523809523809523	259259.25925925924
chr15	23905742	23905823	RNA4169	81	21	0.029269287662914607	1.4699799976369832e-05	0.9523809523809523	259259.25925925924
chr15	23905744	23905825	RNA4170	81	21	0.02926858767243954	1.4698999621032272e-05	0.9523809523809523	259259.25925925924
chr15	23905753	23905834	RNA4171	81	20	0.030729812536037564	1.4698349787067855e-05	0.95	246913.58024691357
chr15	23905780	23905876	RNA4172	96	18	2.3817343743653038e-05	0.0	1.0	187500.0
chr15	23905882	23905963	RNA4173	81	10	6.908648892930225e-05	7.349899988184916e-06	1.0	123456.79012345678
chr15	23905890	23905986	RNA4174	96	11	6.146955357424115e-05	0.0	1.0	114583.33333333333
chr15	23905892	23905973	RNA4175	81	8	8.452063616458158e-05	7.351450221904088e-06	1.0	98765.43209876542
chr15	23905895	23905998	RNA4176	103	13	5.3143591475618256e-05	0.0	1.0	126213.59223300971
chr15	23905915	23906008	RNA4177	93	14	5.984514908568502e-05	7.348399776674342e-06	1.0	150537.63440860214
chr15	23905935	23906016	RNA4178	81	15	5.683519909021228e-05	0.0	1.0	185185.18518518517
chr15	23905969	23906050	RNA4179	81	18	1.55147609903971e-05	0.0	1.0	222222.22222222222
chr15	23905982	23906079	RNA4180	97	27	1.469906662047287e-05	0.0	1.0	278350.5154639175
chr15	23905985	23906066	RNA4181	81	22	1.670329538682992e-05	7.348399776674342e-06	1.0	271604.93827160494
chr15	23905994	23906091	RNA4182	97	26	1.6395203811740842e-05	1.4696799553348685e-05	1.0	268041.23711340205
chr15	23906003	23906099	RNA4183	96	24	1.041287085475536e-05	0.0	1.0	250000.0
chr15	23906006	23906099	RNA4184	93	23	1.0226613085251302e-05	0.0	1.0	247311.82795698926
chr15	23906022	23906102	RNA4185	80	19	1.0832279019125149e-05	0.0	1.0	237500.0
chr15	23906057	23906138	RNA4186	81	19	6.189742156206385e-06	0.0	1.0	234567.9012345679
chr15	23906122	23906203	RNA4187	81	15	1.5681973006084796e-05	0.0	1.0	185185.18518518517
chr15	23906153	23906246	RNA4188	93	15	1.8621619650117513e-05	0.0	1.0	161290.32258064515
chr15	23906172	23906253	RNA4189	81	14	1.9951735339411618e-05	0.0	1.0	172839.5061728395
chr15	23906178	23906248	RNA4190	70	13	2.148648421167405e-05	0.0	1.0	185714.2857142857
chr15	23906188	23906269	RNA4191	81	16	5.512081202141417e-06	0.0	1.0	197530.86419753084
chr15	23906225	23906306	RNA4192	81	14	6.299399956333218e-06	0.0	1.0	172839.5061728395
chr15	23906233	23906314	RNA4193	81	15	5.879439959244337e-06	0.0	1.0	185185.18518518517
chr15	23906247	23906328	RNA4194	81	15	4.8996533223544246e-06	0.0	1.0	185185.18518518517
chr15	23906280	23906361	RNA4195	81	11	5.345272752906154e-06	0.0	1.0	135802.46913580247
chr15	23906284	23906365	RNA4196	81	12	4.89882495458005e-06	0.0	1.0	148148.14814814815
chr15	23906313	23906394	RNA4197	81	13	5.6533845753829855e-06	0.0	1.0	160493.82716049382
chr15	23906344	23906425	RNA4198	81	15	1.4700033170811367e-05	1.4696799553348685e-05	1.0	185185.18518518517
chr15	23906362	23906437	RNA4199	75	15	1.3720359856961294e-05	1.4696799553348685e-05	1.0	200000.0
chr15	23906374	23906467	RNA4200	93	21	3.289710024373076e-05	1.4696799553348685e-05	1.0	225806.4516129032
chr15	23906411	23906486	RNA4201	75	15	3.72382404748343e-05	1.4697199731017465e-05	1.0	200000.0
chr15	23906412	23906492	RNA4202	80	17	3.460270042577351e-05	1.4700700376124589e-05	1.0	212500.0
chr15	23906429	23906510	RNA4203	81	15	3.8236347124135e-05	1.470200004405342e-05	1.0	185185.18518518517
chr15	23906512	23906609	RNA4204	97	25	0.01026184340880718	1.4697699953103438e-05	0.96	257731.95876288658
chr15	23906523	23906604	RNA4205	81	21	0.012215080324798086	1.4697699953103438e-05	0.9523809523809523	259259.25925925924
chr15	23906567	23906648	RNA4206	81	15	0.01709621290137875	0.0	0.9333333333333333	185185.18518518517
chr15	23906573	23906654	RNA4207	81	14	0.018317370965762945	0.0	0.9285714285714286	172839.5061728395
chr15	23906585	23906681	RNA4208	96	18	1.0616111164078271e-05	0.0	1.0	187500.0
chr15	23906615	23906708	RNA4209	93	20	1.2493860094764386e-05	0.0	1.0	215053.76344086023
chr15	23906653	23906734	RNA4210	81	20	1.2493105123212444e-05	0.0	1.0	246913.58024691357
chr15	23906663	23906756	RNA4211	93	21	1.1198242992534124e-05	0.0	1.0	225806.4516129032
chr15	23906669	23906750	RNA4212	81	18	1.224812796054822e-05	0.0	1.0	222222.22222222222
chr15	23906683	23906776	RNA4213	93	18	8.165372289820678e-06	0.0	1.0	193548.38709677418
chr15	23906693	23906768	RNA4214	75	14	8.398700109475093e-06	0.0	1.0	186666.6666666667
chr15	23906698	23906779	RNA4215	81	17	4.322870582280516e-06	0.0	1.0	209876.54320987655
chr15	23906791	23906887	RNA4216	96	22	1.2024936412754785e-05	7.347549853875535e-06	1.0	229166.66666666666
chr15	23906832	23906913	RNA4217	81	15	1.567862024482262e-05	1.4700700376124589e-05	1.0	185185.18518518517
chr15	23906877	23906958	RNA4218	81	14	0.00691220119330994	1.469984999857843e-05	0.9285714285714286	172839.5061728395
chr15	23906881	23906962	RNA4219	81	15	0.0064513877804226105	1.4698999621032272e-05	0.9333333333333333	185185.18518518517
chr15	23906887	23906968	RNA4220	81	18	0.005376156483685509	7.349250154220499e-06	0.9444444444444444	222222.22222222222
chr15	23906890	23906970	RNA4221	80	19	0.005092427158208581	0.0	0.9473684210526315	237500.0
chr15	23906899	23906979	RNA4222	80	19	0.005091653321343118	0.0	0.9473684210526315	237500.0
chr15	23906941	23907015	RNA4223	74	16	0.006043582075392346	0.0	0.9375	216216.21621621624
chr15	23906943	23907039	RNA4224	96	25	0.017375737664515323	0.0	0.92	260416.6666666667
chr15	23906957	23907038	RNA4225	81	22	0.015350492527555947	0.0	0.9545454545454546	271604.93827160494
chr15	23906973	23907066	RNA4226	93	17	0.019865343270954756	0.0	0.9411764705882353	182795.6989247312
chr15	23907043	23907118	RNA4227	75	12	1.8388450522853565e-05	0.0	1.0	160000.0
chr15	23907043	23907124	RNA4228	81	14	2.52227932183457e-05	0.0	1.0	172839.5061728395
chr15	23907045	23907126	RNA4229	81	14	2.52227932183457e-05	0.0	1.0	172839.5061728395
chr15	23907068	23907143	RNA4230	75	15	4.8046227614869505e-05	0.0	1.0	200000.0
chr15	23907071	23907152	RNA4231	81	15	4.8046227614869505e-05	0.0	1.0	185185.18518518517
chr15	23907108	23907201	RNA4232	93	13	5.317813933147546e-05	1.4716300029249396e-05	1.0	139784.94623655913
chr15	23907122	23907215	RNA4233	93	13	5.317813933147546e-05	1.4716300029249396e-05	1.0	139784.94623655913
chr15	23907180	23907260	RNA4234	80	19	2.953773678439158e-05	1.475059980293736e-05	1.0	237500.0
chr15	23907228	23907321	RNA4235	92	31	0.01122280521576612	1.4856200323265512e-05	0.967741935483871	336956.52173913043
chr15	23907259	23907355	RNA4236	95	28	0.012410992535413754	1.471169980504783e-05	0.9642857142857143	294736.84210526315
chr15	23907272	23907353	RNA4237	80	25	0.013899111643659116	1.471149971621344e-05	0.96	312500.0
chr15	23907284	23907377	RNA4238	92	20	0.004549803573945601	0.0	1.0	217391.30434782608
chr15	23907298	23907378	RNA4239	80	16	0.002580084698877264	0.0	1.0	200000.0
chr15	23907305	23907389	RNA4240	84	17	0.0024274496048319024	0.0	1.0	202380.9523809524
chr15	23907325	23907406	RNA4241	81	12	3.6772666286803237e-06	0.0	1.0	148148.14814814815
chr15	23907328	23907421	RNA4242	93	14	3.150578517566568e-06	0.0	1.0	150537.63440860214
chr15	23907341	23907422	RNA4243	81	11	4.009827204175632e-06	0.0	1.0	135802.46913580247
chr15	23907366	23907447	RNA4244	81	10	2.9396599529718513e-06	0.0	1.0	123456.79012345678
chr15	23907369	23907449	RNA4245	80	11	4.008690831886435e-06	0.0	1.0	137500.0
chr15	23907376	23907469	RNA4246	93	16	0.06250643109382281	0.0	0.9375	172043.0107526882
chr15	23907382	23907478	RNA4247	96	18	0.05556535608891661	0.0	0.9444444444444444	187500.0
chr15	23907399	23907480	RNA4248	81	16	0.06251010688754377	0.0	0.9375	197530.86419753084
chr15	23907431	23907524	RNA4249	93	23	0.0434878491826606	0.0	0.9565217391304348	247311.82795698926
chr15	23907438	23907513	RNA4250	75	18	0.05556699060561085	7.349499810516136e-06	0.9444444444444444	240000.0
chr15	23907441	23907534	RNA4251	93	23	0.0434878491826606	0.0	0.9565217391304348	247311.82795698926
chr15	23907482	23907575	RNA4252	93	22	3.020360500984942e-05	0.0	1.0	236559.13978494625
chr15	23907516	23907597	RNA4253	74	18	0.021992926688451705	1.4714550161443185e-05	0.8888888888888888	243243.24324324325
chr15	23907526	23907606	RNA4254	73	19	0.020836178562747488	1.4714500139234588e-05	0.8947368421052632	260273.9726027397
chr15	23907544	23907625	RNA4255	74	20	0.019795104584591165	1.470674988013343e-05	0.9	270270.2702702703
chr15	23907555	23907636	RNA4256	74	18	0.021965096071249315	0.0	0.8888888888888888	243243.24324324325
chr15	23907557	23907650	RNA4257	86	20	0.019770791114206078	0.0	0.9	232558.13953488372
chr15	23907585	23907678	RNA4258	87	22	0.018593678990121338	7.349050065386109e-06	0.9090909090909091	252873.56321839083
chr15	23907598	23907668	RNA4259	70	15	0.0015405402767404038	0.0	1.0	214285.71428571426
chr15	23907598	23907679	RNA4260	81	18	0.0012862338029056728	0.0	1.0	222222.22222222222
chr15	23907600	23907681	RNA4261	81	16	0.00144609337201018	0.0	1.0	197530.86419753084
chr15	23907604	23907674	RNA4262	70	13	0.0017775456116606383	0.0	1.0	185714.2857142857
chr15	23907617	23907710	RNA4263	93	19	0.0012340101289545968	0.0	1.0	204301.07526881722
chr15	23907630	23907710	RNA4264	80	17	0.0013791877911845493	1.4697699953103438e-05	1.0	212500.0
chr15	23907670	23907751	RNA4265	81	17	3.8046670156548386e-05	1.4697699953103438e-05	1.0	209876.54320987655
chr15	23907775	23907868	RNA4266	93	19	0.017815775373587944	1.4697699953103438e-05	0.9473684210526315	204301.07526881722
chr15	23907822	23907895	RNA4267	73	14	0.024118714222757767	1.4703100077895216e-05	0.9285714285714286	191780.8219178082
chr15	23907824	23907917	RNA4268	93	19	0.01777787570623139	1.4705899957334624e-05	0.9473684210526315	204301.07526881722
chr15	23907837	23907918	RNA4269	81	17	0.019865066965822346	1.47024002217222e-05	0.9411764705882353	209876.54320987655
chr15	23907868	23907949	RNA4270	81	14	3.4650914065929794e-05	2.204930024163332e-05	1.0	172839.5061728395
chr15	23907878	23907952	RNA4271	74	13	2.6009445788909016e-05	1.47024002217222e-05	1.0	175675.67567567568
chr15	23907878	23907959	RNA4272	81	14	2.4151628232558372e-05	1.4701350210089004e-05	1.0	172839.5061728395
chr15	23907903	23907978	RNA4273	75	12	1.470296660954773e-05	7.350150099227904e-06	1.0	160000.0
chr15	23907928	23908009	RNA4274	81	10	0.009662150158783326	7.350150099227904e-06	0.9	123456.79012345678
chr15	23907929	23908010	RNA4275	81	10	0.009662150158783326	7.350150099227904e-06	0.9	123456.79012345678
chr15	23907932	23908013	RNA4276	81	9	0.010734089031959423	0.0	0.8888888888888888	111111.11111111111
chr15	23907943	23908036	RNA4277	93	12	0.008050566773969568	0.0	0.9166666666666666	129032.25806451612
chr15	23907971	23908064	RNA4278	93	10	0.009665090028829575	1.4699600342282793e-05	0.9	107526.88172043012
chr15	23907987	23908080	RNA4279	93	9	0.01073898892092175	1.4700700376124589e-05	0.8888888888888888	96774.19354838709
chr15	23908003	23908084	RNA4280	81	7	1.260015713861711e-05	1.4698500308440998e-05	1.0	86419.75308641975
chr15	23908016	23908097	RNA4281	81	6	1.2249483309763795e-05	1.469764993089484e-05	1.0	74074.07407407407
chr15	23908065	23908162	RNA4282	97	13	0.019740287257683606	0.0	0.9230769230769231	134020.61855670103
chr15	23908166	23908262	RNA4283	96	19	0.017833375823915712	1.4703699889651034e-05	0.9473684210526315	197916.66666666666
chr15	23908174	23908255	RNA4284	81	19	0.017833375823915712	1.4703699889651034e-05	0.9473684210526315	234567.9012345679
chr15	23908208	23908289	RNA4285	81	14	0.02412051617550657	2.2050200186640723e-05	0.9285714285714286	172839.5061728395
chr15	23908227	23908308	RNA4286	81	11	1.8710172133234497e-05	0.0	1.0	135802.46913580247
chr15	23908240	23908324	RNA4287	84	12	1.347609948728253e-05	0.0	1.0	142857.14285714284
chr15	23908241	23908322	RNA4288	81	12	1.347609948728253e-05	0.0	1.0	148148.14814814815
chr15	23908292	23908385	RNA4289	93	17	4.323170555033036e-06	0.0	1.0	182795.6989247312
chr15	23908299	23908395	RNA4290	96	18	4.899822215520544e-06	0.0	1.0	187500.0
chr15	23908337	23908407	RNA4291	70	12	3.9200525407066376e-05	0.0	1.0	171428.57142857142
chr15	23908365	23908446	RNA4292	81	14	3.360094323007849e-05	0.0	1.0	172839.5061728395
chr15	23908374	23908470	RNA4293	96	17	3.0265482671571273e-05	0.0	1.0	177083.33333333334
chr15	23908380	23908460	RNA4294	80	17	3.0265482671571273e-05	0.0	1.0	212500.0
chr15	23908406	23908487	RNA4295	81	14	0.04658939359355178	0.0	0.9285714285714286	172839.5061728395
chr15	23908409	23908483	RNA4296	74	14	0.04658939359355178	0.0	0.9285714285714286	189189.1891891892
chr15	23908410	23908483	RNA4297	73	14	0.04658939359355178	0.0	0.9285714285714286	191780.8219178082
chr15	23908414	23908495	RNA4298	81	14	0.04658834332927394	0.0	0.9285714285714286	172839.5061728395
chr15	23908451	23908544	RNA4299	93	19	0.03433521557422194	0.0	0.9473684210526315	204301.07526881722
chr15	23908483	23908576	RNA4300	93	22	2.3381395087857753e-05	1.4694850051455433e-05	1.0	236559.13978494625
chr15	23908486	23908556	RNA4301	70	17	2.852947010764469e-05	1.4697199731017465e-05	1.0	242857.14285714284
chr15	23908512	23908605	RNA4302	93	23	0.016758360598902546	1.469549988541985e-05	0.9565217391304348	247311.82795698926
chr15	23908519	23908612	RNA4303	93	22	0.017519436185218427	1.4694850051455433e-05	0.9545454545454546	236559.13978494625
chr15	23908529	23908622	RNA4304	93	21	0.018351595160614426	1.469549988541985e-05	0.9523809523809523	225806.4516129032
chr15	23908543	23908624	RNA4305	81	20	0.019269174918645146	1.469569997425424e-05	0.95	246913.58024691357
chr15	23908576	23908657	RNA4306	81	17	0.022654057804763452	1.469590006308863e-05	0.9411764705882353	209876.54320987655
chr15	23908576	23908657	RNA4307	81	17	0.022654057804763452	1.469590006308863e-05	0.9411764705882353	209876.54320987655
chr15	23908611	23908692	RNA4308	81	15	1.5692986501865865e-05	1.4697199731017465e-05	1.0	185185.18518518517
chr15	23908667	23908764	RNA4309	97	16	9.18720007803131e-06	0.0	1.0	164948.45360824742
chr15	23908675	23908756	RNA4310	81	16	9.18720007803131e-06	0.0	1.0	197530.86419753084
chr15	23908695	23908776	RNA4311	81	18	6.53292232123527e-06	0.0	1.0	222222.22222222222
chr15	23908713	23908806	RNA4312	93	20	1.0289470083080232e-05	0.0	1.0	215053.76344086023
chr15	23908743	23908824	RNA4313	81	17	1.2972241165698506e-05	0.0	1.0	209876.54320987655
chr15	23908746	23908827	RNA4314	81	16	1.2864237476151175e-05	0.0	1.0	197530.86419753084
chr15	23908749	23908829	RNA4315	80	16	1.2864237476151175e-05	0.0	1.0	200000.0
chr15	23908759	23908840	RNA4316	81	19	1.3931478861195501e-05	0.0	1.0	234567.9012345679
chr15	23908761	23908842	RNA4317	81	20	1.3234904918135726e-05	0.0	1.0	246913.58024691357
chr15	23908762	23908855	RNA4318	93	24	1.232758741783376e-05	0.0	1.0	258064.51612903224
chr15	23908766	23908847	RNA4319	81	20	1.3234904918135726e-05	0.0	1.0	246913.58024691357
chr15	23908796	23908889	RNA4320	85	19	1.4099694645234481e-05	0.0	1.0	223529.4117647059
chr15	23908814	23908907	RNA4321	85	18	9.982877701178142e-06	0.0	1.0	211764.70588235295
chr15	23908837	23908918	RNA4322	73	17	1.1430576331106917e-05	0.0	1.0	232876.7123287671
chr15	23908868	23908949	RNA4323	73	15	1.6661653110832904e-05	0.0	1.0	205479.4520547945
chr15	23908882	23908963	RNA4324	78	12	2.082706638854113e-05	1.4697900041937828e-05	1.0	153846.15384615384
chr15	23908899	23908983	RNA4325	84	10	2.4992479666249358e-05	1.4698549875902245e-05	1.0	119047.61904761904
chr15	23908902	23908998	RNA4326	96	10	2.4992479666249358e-05	1.4698549875902245e-05	1.0	104166.66666666667
chr15	23908903	23908996	RNA4327	93	10	2.4992479666249358e-05	1.4698549875902245e-05	1.0	107526.88172043012
chr15	23908903	23908999	RNA4328	96	10	2.4992479666249358e-05	1.4698549875902245e-05	1.0	104166.66666666667
chr15	23908921	23909014	RNA4329	93	4	2.5724499892021413e-05	2.2046749563742196e-05	1.0	43010.75268817205
chr15	23908933	23909014	RNA4330	81	1	2.939449950645212e-05	2.939449950645212e-05	1.0	12345.679012345678
chr15	23908938	23909034	RNA4331	96	0				0.0
chr15	23908963	23909044	RNA4332	81	0				0.0
chr15	23908965	23909061	RNA4333	96	0				0.0
chr15	23908973	23909047	RNA4334	74	0				0.0
chr15	23909038	23909119	RNA4335	81	0				0.0
chr15	23909071	23909164	RNA4336	93	0				0.0
chr15	23909078	23909171	RNA4337	93	0				0.0
chr15	23909097	23909178	RNA4338	81	0				0.0
chr15	23909165	23909246	RNA4339	81	0				0.0
chr15	23909191	23909284	RNA4340	93	0				0.0
chr15	23909198	23909291	RNA4341	93	0				0.0
chr15	23909212	23909293	RNA4342	81	0				0.0
chr15	23909224	23909305	RNA4343	81	0				0.0
chr15	23909303	23909373	RNA4344	70	0				0.0
chr15	23909313	23909388	RNA4345	75	0				0.0
chr15	23909353	23909437	RNA4346	84	0				0.0
chr15	23909360	23909453	RNA4347	93	0				0.0
chr15	23909373	23909476	RNA4348	103	0				0.0
chr15	23909380	23909473	RNA4349	93	0				0.0
chr15	23909413	23909494	RNA4350	81	0				0.0
chr15	23909419	23909500	RNA4351	81	0				0.0
chr15	23909421	23909517	RNA4352	96	0				0.0
chr15	23909444	23909540	RNA4353	96	0				0.0
chr15	23909450	23909531	RNA4354	81	0				0.0
chr15	23909471	23909555	RNA4355	84	0				0.0
chr15	23909497	23909590	RNA4356	93	0				0.0
chr15	23909500	23909570	RNA4357	70	0				0.0
chr15	23909500	23909581	RNA4358	81	0				0.0
chr15	23909511	23909614	RNA4359	103	0				0.0
chr15	23909522	23909595	RNA4360	73	0				0.0
chr15	23909569	23909649	RNA4361	80	0				0.0
chr15	23909570	23909663	RNA4362	93	0				0.0
chr15	23909593	23909674	RNA4363	81	0				0.0
chr15	23909643	23909740	RNA4364	97	0				0.0
chr15	23909655	23909736	RNA4365	81	0				0.0
chr15	23909689	23909782	RNA4366	93	0				0.0
chr15	23909766	23909859	RNA4367	93	0				0.0
chr15	23909768	23909849	RNA4368	81	0				0.0
chr15	23909778	23909859	RNA4369	81	0				0.0
chr15	23909794	23909875	RNA4370	81	0				0.0
chr15	23909813	23909910	RNA4371	97	0				0.0
chr15	23909837	23909918	RNA4372	81	0				0.0
chr15	23909853	23909934	RNA4373	81	0				0.0
chr15	23909897	23909978	RNA4374	81	0				0.0
chr15	23909921	23910018	RNA4375	97	0				0.0
chr15	23909953	23910034	RNA4376	81	0				0.0
chr15	23909982	23910063	RNA4377	81	0				0.0
chr15	23909993	23910074	RNA4378	81	0				0.0
chr15	23910035	23910128	RNA4379	93	0				0.0
chr15	23910061	23910141	RNA4380	80	0				0.0
chr15	23910164	23910245	RNA4381	81	0				0.0
chr15	23910165	23910262	RNA4382	97	0				0.0
chr15	23910166	23910259	RNA4383	93	0				0.0
chr15	23910180	23910276	RNA4384	96	0				0.0
chr15	23910183	23910264	RNA4385	81	0				0.0
chr15	23910212	23910293	RNA4386	81	0				0.0
chr15	23910252	23910333	RNA4387	81	0				0.0
chr15	23910259	23910352	RNA4388	93	0				0.0
chr15	23910276	23910357	RNA4389	81	0				0.0
chr15	23910279	23910360	RNA4390	81	0				0.0
chr15	23910284	23910365	RNA4391	81	0				0.0
chr15	23910299	23910395	RNA4392	96	0				0.0
chr15	23910333	23910414	RNA4393	81	0				0.0
chr15	23910341	23910422	RNA4394	81	0				0.0
chr15	23910351	23910444	RNA4395	93	0				0.0
chr15	23910398	23910479	RNA4396	81	0				0.0
chr15	23910410	23910503	RNA4397	93	0				0.0
chr15	23910445	23910526	RNA4398	81	0				0.0
chr15	23910453	23910550	RNA4399	97	0				0.0
chr15	23910454	23910547	RNA4400	93	0				0.0
chr15	23910479	23910560	RNA4401	81	0				0.0
chr15	23910580	23910677	RNA4402	97	0				0.0
chr15	23910659	23910739	RNA4403	80	0				0.0
chr15	23910673	23910757	RNA4404	84	0				0.0
chr15	23910681	23910773	RNA4405	92	0				0.0
chr15	23910682	23910763	RNA4406	81	0				0.0
chr15	23910696	23910788	RNA4407	92	0				0.0
chr15	23910749	23910830	RNA4408	81	0				0.0
chr15	23910770	23910851	RNA4409	81	0				0.0
chr15	23910858	23910939	RNA4410	81	0				0.0
chr15	23910877	23910970	RNA4411	93	0				0.0
chr15	23910890	23910974	RNA4412	84	0				0.0
chr15	23910902	23910995	RNA4413	93	0				0.0
chr15	23910908	23910992	RNA4414	84	0				0.0
chr15	23910968	23911049	RNA4415	81	0				0.0
chr15	23911006	23911099	RNA4416	93	0				0.0
chr15	23911007	23911088	RNA4417	81	0				0.0
chr15	23911065	23911145	RNA4418	80	0				0.0
chr15	23911076	23911173	RNA4419	97	0				0.0
chr15	23911118	23911199	RNA4420	81	0				0.0
chr15	23911131	23911212	RNA4421	81	0				0.0
chr15	23911137	23911210	RNA4422	73	0				0.0
chr15	23911160	23911253	RNA4423	93	0				0.0
chr15	23911175	23911256	RNA4424	81	0				0.0
chr15	23911179	23911271	RNA4425	92	0				0.0
chr15	23911182	23911275	RNA4426	93	0				0.0
chr15	23911184	23911265	RNA4427	81	0				0.0
chr15	23911190	23911271	RNA4428	81	0				0.0
chr15	23911198	23911290	RNA4429	92	0				0.0
chr15	25439051	25439131	RNA4430	80	3	1.4743900161799198e-05	1.4744499821972568e-05	1.0	37500.0
chr15	25439051	25439132	RNA4431	81	3	1.4743900161799198e-05	1.4744499821972568e-05	1.0	37037.03703703704
chr15	25439051	25439144	RNA4432	93	3	1.4743900161799198e-05	1.4744499821972568e-05	1.0	32258.06451612903
chr15	25439051	25439144	RNA4433	93	3	1.4743900161799198e-05	1.4744499821972568e-05	1.0	32258.06451612903
chr15	25439051	25439144	RNA4434	93	3	1.4743900161799198e-05	1.4744499821972568e-05	1.0	32258.06451612903
chr15	25439051	25439147	RNA4435	96	3	1.4743900161799198e-05	1.4744499821972568e-05	1.0	31250.0
chr15	25439051	25439154	RNA4436	103	3	1.4743900161799198e-05	1.4744499821972568e-05	1.0	29126.21359223301
chr15	25439052	25439133	RNA4437	81	3	1.4743900161799198e-05	1.4744499821972568e-05	1.0	37037.03703703704
chr15	25439052	25439133	RNA4438	81	3	1.4743900161799198e-05	1.4744499821972568e-05	1.0	37037.03703703704
chr15	25439052	25439133	RNA4439	81	3	1.4743900161799198e-05	1.4744499821972568e-05	1.0	37037.03703703704
chr15	25439052	25439145	RNA4440	93	3	1.4743900161799198e-05	1.4744499821972568e-05	1.0	32258.06451612903
chr15	25439053	25439134	RNA4441	81	2	7.372249910986284e-06	7.372249910986284e-06	1.0	24691.358024691355
chr15	25439053	25439146	RNA4442	93	2	7.372249910986284e-06	7.372249910986284e-06	1.0	21505.376344086024
chr15	25439053	25439150	RNA4443	97	2	7.372249910986284e-06	7.372249910986284e-06	1.0	20618.556701030928
chr15	25439055	25439136	RNA4444	81	2	7.372249910986284e-06	7.372249910986284e-06	1.0	24691.358024691355
chr15	25439056	25439137	RNA4445	81	1	0.0	0.0	1.0	12345.679012345678
chr15	25439056	25439137	RNA4446	81	1	0.0	0.0	1.0	12345.679012345678
chr15	25439056	25439149	RNA4447	93	1	0.0	0.0	1.0	10752.688172043012
chr15	25439057	25439137	RNA4448	80	1	0.0	0.0	1.0	12500.0
chr15	25439057	25439138	RNA4449	81	1	0.0	0.0	1.0	12345.679012345678
chr15	25439057	25439149	RNA4450	92	1	0.0	0.0	1.0	10869.565217391304
chr15	25439058	25439151	RNA4451	93	1	0.0	0.0	1.0	10752.688172043012
chr15	25439058	25439151	RNA4452	93	1	0.0	0.0	1.0	10752.688172043012
chr15	25439058	25439151	RNA4453	93	1	0.0	0.0	1.0	10752.688172043012
chr15	25439059	25439152	RNA4454	93	0				0.0
chr15	25439059	25439152	RNA4455	93	0				0.0
chr15	25439060	25439135	RNA4456	75	0				0.0
chr15	25439060	25439156	RNA4457	96	0				0.0
chr15	25439061	25439142	RNA4458	81	0				0.0
chr15	25439061	25439154	RNA4459	93	0				0.0
chr15	25439061	25439154	RNA4460	93	0				0.0
chr15	25439062	25439143	RNA4461	81	0				0.0
chr15	25439062	25439143	RNA4462	81	0				0.0
chr15	25439062	25439143	RNA4463	81	0				0.0
chr15	25439062	25439159	RNA4464	97	0				0.0
chr15	25439065	25439145	RNA4465	80	0				0.0
chr15	25439065	25439158	RNA4466	93	0				0.0
chr15	25439065	25439161	RNA4467	96	0				0.0
chr15	25439066	25439147	RNA4468	81	0				0.0
chr15	25439066	25439159	RNA4469	93	0				0.0
chr15	25439067	25439148	RNA4470	81	0				0.0
chr15	25439067	25439151	RNA4471	84	0				0.0
chr15	25439068	25439148	RNA4472	80	0				0.0
chr15	25439068	25439161	RNA4473	93	0				0.0
chr15	25439068	25439161	RNA4474	93	0				0.0
chr15	25439068	25439164	RNA4475	96	0				0.0
chr15	25439069	25439150	RNA4476	81	0				0.0
chr15	25439069	25439150	RNA4477	81	0				0.0
chr15	25439069	25439150	RNA4478	81	0				0.0
chr15	25439069	25439150	RNA4479	81	0				0.0
chr15	25439069	25439150	RNA4480	81	0				0.0
chr15	25439069	25439162	RNA4481	93	0				0.0
chr15	25439069	25439162	RNA4482	93	0				0.0
chr15	25439070	25439151	RNA4483	81	0				0.0
chr15	25439070	25439154	RNA4484	84	0				0.0
chr15	25439070	25439166	RNA4485	96	3	8.829776409884981e-05	1.4716300029249396e-05	1.0	31250.0
chr15	25439070	25439167	RNA4486	97	4	6.622332307413735e-05	7.358150014624698e-06	1.0	41237.113402061856
chr15	25439071	25439152	RNA4487	81	0				0.0
chr15	25439071	25439164	RNA4488	93	0				0.0
chr15	25439072	25439152	RNA4489	80	0				0.0
chr15	25439072	25439165	RNA4490	93	1	0.0	0.0	1.0	10752.688172043012
chr15	25439073	25439148	RNA4491	75	0				0.0
chr15	25439073	25439154	RNA4492	81	0				0.0
chr15	25439073	25439154	RNA4493	81	0				0.0
chr15	25439073	25439154	RNA4494	81	0				0.0
chr15	25439073	25439154	RNA4495	81	0				0.0
chr15	25439073	25439154	RNA4496	81	0				0.0
chr15	25439073	25439166	RNA4497	93	3	8.829776409884981e-05	1.4716300029249396e-05	1.0	32258.06451612903
chr15	25439074	25439155	RNA4498	81	0				0.0
chr15	25439074	25439170	RNA4499	96	4	6.622332307413735e-05	7.358150014624698e-06	1.0	41666.666666666664
chr15	25439075	25439150	RNA4500	75	0				0.0
chr15	25439075	25439156	RNA4501	81	0				0.0
chr15	25439076	25439149	RNA4502	73	0				0.0
chr15	25439077	25439157	RNA4503	80	0				0.0
chr15	25439077	25439158	RNA4504	81	0				0.0
chr15	25439077	25439158	RNA4505	81	0				0.0
chr15	25439077	25439170	RNA4506	93	4	6.622332307413735e-05	7.358150014624698e-06	1.0	43010.75268817205
chr15	25439077	25439174	RNA4507	97	6	4.66012320430192e-05	7.357049980782904e-06	1.0	61855.67010309279
chr15	25439078	25439151	RNA4508	73	0				0.0
chr15	25439078	25439153	RNA4509	75	0				0.0
chr15	25439079	25439149	RNA4510	70	0				0.0
chr15	25439079	25439160	RNA4511	81	0				0.0
chr15	25439079	25439172	RNA4512	93	6	4.66012320430192e-05	7.357049980782904e-06	1.0	64516.12903225806
chr15	25439079	25439175	RNA4513	96	6	4.66012320430192e-05	7.357049980782904e-06	1.0	62500.0
chr15	25439080	25439154	RNA4514	74	0				0.0
chr15	25439080	25439161	RNA4515	81	0				0.0
chr15	25439080	25439173	RNA4516	93	6	4.66012320430192e-05	7.357049980782904e-06	1.0	64516.12903225806
chr15	25439080	25439177	RNA4517	97	7	3.9943913179730747e-05	0.0	1.0	72164.94845360825
chr15	25439080	25439183	RNA4518	103	10	2.796073922581152e-05	0.0	1.0	97087.3786407767
chr15	25439081	25439151	RNA4519	70	0				0.0
chr15	25439081	25439161	RNA4520	80	0				0.0
chr15	25439081	25439177	RNA4521	96	7	3.9943913179730747e-05	0.0	1.0	72916.66666666667
chr15	25439083	25439164	RNA4522	81	0				0.0
chr15	25439083	25439164	RNA4523	81	0				0.0
chr15	25439083	25439176	RNA4524	93	6	4.66012320430192e-05	7.357049980782904e-06	1.0	64516.12903225806
chr15	25439084	25439165	RNA4525	81	1	0.0	0.0	1.0	12345.679012345678
chr15	25439085	25439178	RNA4526	93	7	3.9943913179730747e-05	0.0	1.0	75268.81720430107
chr15	25439085	25439182	RNA4527	97	9	3.106748802867947e-05	0.0	1.0	92783.50515463918
chr15	25439086	25439167	RNA4528	81	4	6.622332307413735e-05	7.358150014624698e-06	1.0	49382.71604938271
chr15	25439086	25439167	RNA4529	81	4	6.622332307413735e-05	7.358150014624698e-06	1.0	49382.71604938271
chr15	25439086	25439179	RNA4530	93	7	3.9943913179730747e-05	0.0	1.0	75268.81720430107
chr15	25439086	25439183	RNA4531	97	10	2.796073922581152e-05	0.0	1.0	103092.78350515463
chr15	25439087	25439168	RNA4532	81	4	6.622332307413735e-05	7.358150014624698e-06	1.0	49382.71604938271
chr15	25439087	25439171	RNA4533	84	5	5.592147845162304e-05	1.4714099961565807e-05	1.0	59523.80952380952
chr15	25439087	25439171	RNA4534	84	5	5.592147845162304e-05	1.4714099961565807e-05	1.0	59523.80952380952
chr15	25439088	25439169	RNA4535	81	4	6.622332307413735e-05	7.358150014624698e-06	1.0	49382.71604938271
chr15	25439088	25439169	RNA4536	81	4	6.622332307413735e-05	7.358150014624698e-06	1.0	49382.71604938271
chr15	25439088	25439181	RNA4537	93	9	3.106748802867947e-05	0.0	1.0	96774.19354838709
chr15	25439088	25439181	RNA4538	93	9	3.106748802867947e-05	0.0	1.0	96774.19354838709
chr15	25439089	25439170	RNA4539	81	4	6.622332307413735e-05	7.358150014624698e-06	1.0	49382.71604938271
chr15	25439089	25439170	RNA4540	81	4	6.622332307413735e-05	7.358150014624698e-06	1.0	49382.71604938271
chr15	25439090	25439171	RNA4541	81	5	5.592147845162304e-05	1.4714099961565807e-05	1.0	61728.39506172839
chr15	25439092	25439173	RNA4542	81	6	4.66012320430192e-05	7.357049980782904e-06	1.0	74074.07407407407
chr15	25439093	25439189	RNA4543	96	14	2.732724241077966e-05	0.0	1.0	145833.33333333334
chr15	25439094	25439175	RNA4544	81	6	4.66012320430192e-05	7.357049980782904e-06	1.0	74074.07407407407
chr15	25439094	25439187	RNA4545	93	14	2.732724241077966e-05	0.0	1.0	150537.63440860214
chr15	25439094	25439190	RNA4546	96	16	2.3911337109432202e-05	0.0	1.0	166666.66666666666
chr15	25439095	25439179	RNA4547	84	7	3.9943913179730747e-05	0.0	1.0	83333.33333333333
chr15	25439095	25439187	RNA4548	92	14	2.732724241077966e-05	0.0	1.0	152173.91304347827
chr15	25439096	25439170	RNA4549	74	4	6.622332307413735e-05	7.358150014624698e-06	1.0	54054.05405405406
chr15	25439096	25439177	RNA4550	81	7	3.9943913179730747e-05	0.0	1.0	86419.75308641975
chr15	25439096	25439180	RNA4551	84	8	3.49509240322644e-05	0.0	1.0	95238.09523809524
chr15	25439096	25439192	RNA4552	96	17	2.337001730183947e-05	0.0	1.0	177083.33333333334
chr15	25439097	25439177	RNA4553	80	7	3.9943913179730747e-05	0.0	1.0	87500.0
chr15	25439097	25439178	RNA4554	81	7	3.9943913179730747e-05	0.0	1.0	86419.75308641975
chr15	25439097	25439178	RNA4555	81	7	3.9943913179730747e-05	0.0	1.0	86419.75308641975
chr15	25439097	25439189	RNA4556	92	14	2.732724241077966e-05	0.0	1.0	152173.91304347827
chr15	25439098	25439179	RNA4557	81	7	3.9943913179730747e-05	0.0	1.0	86419.75308641975
chr15	25439098	25439191	RNA4558	93	17	2.337001730183947e-05	0.0	1.0	182795.6989247312
chr15	25439099	25439180	RNA4559	81	8	3.49509240322644e-05	0.0	1.0	98765.43209876542
chr15	25439101	25439181	RNA4560	80	9	3.106748802867947e-05	0.0	1.0	112500.0
chr15	25439101	25439194	RNA4561	93	18	2.2071683007292833e-05	0.0	1.0	193548.38709677418
chr15	25439102	25439177	RNA4562	75	7	3.9943913179730747e-05	0.0	1.0	93333.33333333334
chr15	25439103	25439184	RNA4563	81	12	3.188178281257627e-05	0.0	1.0	148148.14814814815
chr15	25439103	25439196	RNA4564	93	19	2.32318627814962e-05	0.0	1.0	204301.07526881722
chr15	25439105	25439178	RNA4565	73	7	3.9943913179730747e-05	0.0	1.0	95890.4109589041
chr15	25439105	25439186	RNA4566	81	13	2.9429337980839634e-05	0.0	1.0	160493.82716049382
chr15	25439106	25439187	RNA4567	81	14	2.732724241077966e-05	0.0	1.0	172839.5061728395
chr15	25439106	25439187	RNA4568	81	14	2.732724241077966e-05	0.0	1.0	172839.5061728395
chr15	25439106	25439199	RNA4569	93	19	2.32318627814962e-05	0.0	1.0	204301.07526881722
chr15	25439107	25439187	RNA4570	80	14	2.732724241077966e-05	0.0	1.0	175000.0
chr15	25439107	25439188	RNA4571	81	14	2.732724241077966e-05	0.0	1.0	172839.5061728395
chr15	25439107	25439200	RNA4572	93	20	2.280549965689168e-05	0.0	1.0	215053.76344086023
chr15	25439108	25439189	RNA4573	81	14	2.732724241077966e-05	0.0	1.0	172839.5061728395
chr15	25439108	25439189	RNA4574	81	14	2.732724241077966e-05	0.0	1.0	172839.5061728395
chr15	25439109	25439190	RNA4575	81	16	2.3911337109432202e-05	0.0	1.0	197530.86419753084
chr15	25439109	25439190	RNA4576	81	16	2.3911337109432202e-05	0.0	1.0	197530.86419753084
chr15	25439111	25439204	RNA4577	93	20	2.280549965689168e-05	0.0	1.0	215053.76344086023
chr15	25439112	25439193	RNA4578	81	18	2.2071683007292833e-05	0.0	1.0	222222.22222222222
chr15	25439113	25439194	RNA4579	81	18	2.2071683007292833e-05	0.0	1.0	222222.22222222222
chr15	25439114	25439195	RNA4580	81	18	2.2071683007292833e-05	0.0	1.0	222222.22222222222
chr15	25439114	25439207	RNA4581	93	23	2.04706692507534e-05	0.0	1.0	247311.82795698926
chr15	25439115	25439196	RNA4582	81	19	2.32318627814962e-05	0.0	1.0	234567.9012345679
chr15	25439115	25439196	RNA4583	81	19	2.32318627814962e-05	0.0	1.0	234567.9012345679
chr15	25439115	25439211	RNA4584	96	25	2.0598603659887144e-05	0.0	1.0	260416.6666666667
chr15	25439115	25439211	RNA4585	96	25	2.0598603659887144e-05	0.0	1.0	260416.6666666667
chr15	25439116	25439197	RNA4586	81	19	2.32318627814962e-05	0.0	1.0	234567.9012345679
chr15	25439116	25439209	RNA4587	93	24	2.145687881238244e-05	0.0	1.0	258064.51612903224
chr15	25439117	25439198	RNA4588	81	19	2.32318627814962e-05	0.0	1.0	234567.9012345679
chr15	25439117	25439214	RNA4589	97	25	2.0598603659887144e-05	0.0	1.0	257731.95876288658
chr15	25439117	25439220	RNA4590	103	30	1.7655583057296694e-05	0.0	1.0	291262.1359223301
chr15	25439119	25439200	RNA4591	81	20	2.280549965689168e-05	0.0	1.0	246913.58024691357
chr15	25439119	25439212	RNA4592	93	25	2.0598603659887144e-05	0.0	1.0	268817.20430107525
chr15	25439120	25439213	RNA4593	93	25	2.0598603659887144e-05	0.0	1.0	268817.20430107525
chr15	25439121	25439191	RNA4594	70	17	2.337001730183947e-05	0.0	1.0	242857.14285714284
chr15	25439121	25439202	RNA4595	81	20	2.280549965689168e-05	0.0	1.0	246913.58024691357
chr15	25439121	25439202	RNA4596	81	20	2.280549965689168e-05	0.0	1.0	246913.58024691357
chr15	25439121	25439217	RNA4597	96	28	1.8916696132817884e-05	0.0	1.0	291666.6666666667
chr15	25439122	25439203	RNA4598	81	20	2.280549965689168e-05	0.0	1.0	246913.58024691357
chr15	25439122	25439218	RNA4599	96	29	1.8264396266168994e-05	0.0	1.0	302083.3333333333
chr15	25439122	25439219	RNA4600	97	29	1.8264396266168994e-05	0.0	1.0	298969.07216494845
chr15	25439123	25439204	RNA4601	81	20	2.280549965689168e-05	0.0	1.0	246913.58024691357
chr15	25439124	25439205	RNA4602	81	20	2.280549965689168e-05	0.0	1.0	246913.58024691357
chr15	25439125	25439199	RNA4603	74	19	2.32318627814962e-05	0.0	1.0	256756.75675675675
chr15	25439125	25439206	RNA4604	81	22	2.140115421669674e-05	0.0	1.0	271604.93827160494
chr15	25439125	25439206	RNA4605	81	22	2.140115421669674e-05	0.0	1.0	271604.93827160494
chr15	25439126	25439219	RNA4606	93	29	1.8264396266168994e-05	0.0	1.0	311827.9569892473
chr15	25439128	25439208	RNA4607	80	24	2.145687881238244e-05	0.0	1.0	300000.0
chr15	25439128	25439209	RNA4608	81	24	2.145687881238244e-05	0.0	1.0	296296.2962962963
chr15	25439128	25439209	RNA4609	81	24	2.145687881238244e-05	0.0	1.0	296296.2962962963
chr15	25439129	25439210	RNA4610	81	25	2.0598603659887144e-05	0.0	1.0	308641.97530864197
chr15	25439130	25439211	RNA4611	81	25	2.0598603659887144e-05	0.0	1.0	308641.97530864197
chr15	25439130	25439223	RNA4612	93	31	2.18287576341968e-05	0.0	1.0	333333.3333333333
chr15	25439130	25439223	RNA4613	93	31	2.18287576341968e-05	0.0	1.0	333333.3333333333
chr15	25439131	25439212	RNA4614	81	25	2.0598603659887144e-05	0.0	1.0	308641.97530864197
chr15	25439131	25439212	RNA4615	81	25	2.0598603659887144e-05	0.0	1.0	308641.97530864197
chr15	25439131	25439224	RNA4616	93	31	2.18287576341968e-05	0.0	1.0	333333.3333333333
chr15	25439134	25439215	RNA4617	81	26	1.9806349672968406e-05	0.0	1.0	320987.65432098764
chr15	25439134	25439215	RNA4618	81	26	1.9806349672968406e-05	0.0	1.0	320987.65432098764
chr15	25439136	25439217	RNA4619	81	28	1.8916696132817884e-05	0.0	1.0	345679.012345679
chr15	25439137	25439218	RNA4620	81	29	1.8264396266168994e-05	0.0	1.0	358024.69135802466
chr15	25439139	25439220	RNA4621	81	30	1.7655583057296694e-05	0.0	1.0	370370.37037037034
chr15	25439139	25439220	RNA4622	81	30	1.7655583057296694e-05	0.0	1.0	370370.37037037034
chr15	25439140	25439221	RNA4623	81	30	1.7655583057296694e-05	0.0	1.0	370370.37037037034
chr15	25439141	25439222	RNA4624	81	30	1.7655583057296694e-05	0.0	1.0	370370.37037037034
chr15	25439143	25439213	RNA4625	70	25	2.0598603659887144e-05	0.0	1.0	357142.85714285716
chr15	25439143	25439224	RNA4626	81	31	2.18287576341968e-05	0.0	1.0	382716.049382716
chr15	25439143	25439224	RNA4627	81	31	2.18287576341968e-05	0.0	1.0	382716.049382716
chr15	25439143	25439224	RNA4628	81	31	2.18287576341968e-05	0.0	1.0	382716.049382716
chr15	25439144	25439224	RNA4629	80	31	2.18287576341968e-05	0.0	1.0	387500.0
chr15	25439144	25439225	RNA4630	81	31	2.18287576341968e-05	0.0	1.0	382716.049382716
chr15	25439145	25439220	RNA4631	75	30	1.7655583057296694e-05	0.0	1.0	400000.0
chr15	25439149	25439219	RNA4632	70	29	1.8264396266168994e-05	0.0	1.0	414285.7142857143
chr15	25439155	25439225	RNA4633	70	31	2.18287576341968e-05	0.0	1.0	442857.14285714284
chr15	26054353	26054449	RNA4634	96	30	5.242676649382488e-05	0.0	1.0	312500.0
chr15	26054873	26054969	RNA4635	96	21	1.8200019180114045e-05	1.4697199731017465e-05	1.0	218750.0
chr15	26054887	26054983	RNA4636	96	22	1.6704650120528305e-05	7.348599865508732e-06	1.0	229166.66666666666
chr15	26057145	26057219	RNA4637	74	34	3.674457398386636e-05	1.4697899587190477e-05	1.0	459459.45945945947
chr15	26059723	26059819	RNA4638	96	40	0.001469071401265862	1.4700449810334248e-05	0.975	416666.6666666667
chr15	26064535	26064632	RNA4639	97	11	0.09006033558200051	0.0	0.9090909090909091	113402.06185567011
chr15	26065375	26065472	RNA4640	97	15	1.2741926669453581e-05	0.0	1.0	154639.17525773196
chr15	26073572	26073668	RNA4641	96	21	1.6799290495414642e-05	0.0	1.0	218750.0
chr15	26074292	26074395	RNA4642	103	30	3.429530409751313e-05	0.0	1.0	291262.1359223301
chr15	26074620	26074713	RNA4643	93	18	0.0033841889879921666	0.0	0.9444444444444444	193548.38709677418
chr15	26076803	26076896	RNA4644	93	23	0.0003905908158191307	0.0	1.0	247311.82795698926
chr15	26077739	26077832	RNA4645	93	27	0.03737030914052647	0.0	0.9629629629629629	290322.58064516133
chr15	26079402	26079495	RNA4646	93	10	0.00017194997872137788	1.469744984206045e-05	1.0	107526.88172043012
chr15	26081444	26081537	RNA4647	93	21	0.0013024386930521232	1.4696799553348685e-05	1.0	225806.4516129032
chr15	26082690	26082782	RNA4648	92	37	4.9650540932887385e-05	1.469590006308863e-05	1.0	402173.9130434783
chr15	26083413	26083506	RNA4649	93	14	9.460450071076463e-06	0.0	1.0	150537.63440860214
chr15	26084265	26084358	RNA4650	93	22	0.0002204530537710456	1.4696349808218656e-05	1.0	236559.13978494625
chr15	26084830	26084914	RNA4651	84	18	0.001388357197407053	1.469744984206045e-05	1.0	214285.71428571426
chr15	26084904	26085001	RNA4652	97	22	0.038212862030501456	0.0	0.9545454545454546	226804.12371134022
chr15	26085115	26085208	RNA4653	93	14	1.9949606732026994e-05	7.348200142587302e-06	1.0	150537.63440860214
chr15	26085261	26085354	RNA4654	93	12	4.89929167694451e-06	0.0	1.0	129032.25806451612
chr15	26085280	26085373	RNA4655	93	12	2.9393499820186817e-05	1.4697000096930424e-05	1.0	129032.25806451612
chr15	26085301	26085394	RNA4656	93	12	3.67428084094419e-05	1.4697250207973411e-05	1.0	129032.25806451612
chr15	26085438	26085531	RNA4657	93	16	2.8483962751122685e-05	1.4696149719384266e-05	1.0	172043.0107526882
chr15	26085496	26085589	RNA4658	93	25	1.0583631847111973e-05	1.4696799553348685e-05	1.0	268817.20430107525
chr15	26085954	26086038	RNA4659	84	11	0.00018047876892523273	0.0	1.0	130952.38095238096
chr15	26086404	26086497	RNA4660	93	13	7.913869152476904e-06	1.469509970775107e-05	1.0	139784.94623655913
chr15	26086813	26086906	RNA4661	93	18	1.14337555411718e-05	7.347950031544315e-06	1.0	193548.38709677418
chr15	26166142	26166223	RNA4662	81	18	0.03025425318355701	1.4700700376124589e-05	0.9444444444444444	222222.22222222222
chr15	26166825	26166906	RNA4663	81	18	0.0018823419246574381	1.4698500308440998e-05	1.0	222222.22222222222
chr15	26169685	26169766	RNA4664	81	17	7.781094128029722e-06	1.4696400285174605e-05	1.0	209876.54320987655
chr15	26171959	26172040	RNA4665	81	18	0.000820279244281755	0.0	1.0	222222.22222222222
chr15	26173058	26173138	RNA4666	80	18	1.9596755464587094e-05	1.4696999642183075e-05	1.0	225000.0
chr15	26173959	26174040	RNA4667	81	17	0.0588373629768873	1.4698100130772218e-05	0.9411764705882353	209876.54320987655
chr15	26174582	26174663	RNA4668	81	16	2.1129031267713903e-05	0.0	1.0	197530.86419753084
chr15	26174865	26174946	RNA4669	81	13	0.00038568870674609825	0.0	1.0	160493.82716049382
chr15	26175067	26175148	RNA4670	81	34	0.00014226702342056669	1.4698100130772218e-05	1.0	419753.0864197531
chr15	26183416	26183497	RNA4671	81	22	0.00019979634374645767	0.0	1.0	271604.93827160494
chr15	26189514	26189595	RNA4672	81	13	2.1484146040721013e-05	1.4697199731017465e-05	1.0	160493.82716049382
chr15	26189565	26189646	RNA4673	81	13	0.00023073098271617206	1.4697199731017465e-05	1.0	160493.82716049382
chr15	26189573	26189654	RNA4674	81	12	0.0002499585646091864	1.469744984206045e-05	1.0	148148.14814814815
chr15	26189732	26189812	RNA4675	80	20	0.05006836336947344	1.470005008741282e-05	0.95	250000.0
chr15	26189800	26189881	RNA4676	81	14	7.351148626964362e-05	7.349050065386109e-06	1.0	172839.5061728395
chr15	26190378	26190458	RNA4677	80	15	0.0004449448632537041	0.0	1.0	187500.0
chr15	26190393	26190474	RNA4678	81	15	0.00044298338974232737	1.4698100130772218e-05	1.0	185185.18518518517
chr15	26190415	26190496	RNA4679	81	15	1.763919984416959e-05	1.4697199731017465e-05	1.0	185185.18518518517
chr15	26190609	26190690	RNA4680	81	18	0.05551798371521323	7.348849976551719e-06	0.9444444444444444	222222.22222222222
chr15	26190650	26190730	RNA4681	80	19	0.05261455590387317	1.4697699953103438e-05	0.9473684210526315	237500.0
chr15	26236027	26236108	RNA4682	81	20	0.0001793019211618184	0.0	1.0	246913.58024691357
chr15	26236126	26236207	RNA4683	81	9	8.166522295343586e-06	0.0	1.0	111111.11111111111
chr15	26236933	26237003	RNA4684	70	7	3.150265703360284e-05	2.939620026154444e-05	1.0	100000.0
chr15	26237451	26237524	RNA4685	73	12	1.3476141475615895e-05	0.0	1.0	164383.5616438356
chr15	26238225	26238306	RNA4686	81	22	4.476199083827059e-05	1.4696799553348685e-05	1.0	271604.93827160494
chr15	26238798	26238879	RNA4687	81	23	6.774791567611506e-05	1.4698999621032272e-05	1.0	283950.6172839506
chr15	26239386	26239467	RNA4688	81	21	2.5902476409097007e-05	1.4696400285174605e-05	1.0	259259.25925925924
chr15	26239960	26240041	RNA4689	81	13	1.6959592148151176e-05	1.4697199731017465e-05	1.0	160493.82716049382
chr15	26239970	26240051	RNA4690	81	11	1.6035054365850307e-05	1.469509970775107e-05	1.0	135802.46913580247
chr15	26240343	26240424	RNA4691	81	13	2.0349976833895745e-05	1.469549988541985e-05	1.0	160493.82716049382
chr15	26240712	26240782	RNA4692	70	8	1.4699837379339442e-05	1.4701150121254614e-05	1.0	114285.71428571428
chr15	26240865	26240940	RNA4693	75	26	3.6755642703112304e-05	1.4703249689773656e-05	1.0	346666.6666666667
chr15	26241362	26241443	RNA4694	81	13	0.0003426887729241997	1.4700300198455809e-05	1.0	160493.82716049382
chr15	26241494	26241575	RNA4695	81	17	0.05889277254402045	0.0	0.9411764705882353	209876.54320987655
chr15	26241718	26241799	RNA4696	81	21	0.030855111183752473	1.4696799553348685e-05	0.9523809523809523	259259.25925925924
chr15	26242063	26242144	RNA4697	81	9	0.03430102183594701	1.4701099644298664e-05	0.8888888888888888	111111.11111111111
chr15	26242765	26242846	RNA4698	81	10	1.9107319894828832e-05	7.348200142587302e-06	1.0	123456.79012345678
chr15	26242867	26242948	RNA4699	81	18	2.146987774014502e-05	0.0	1.0	222222.22222222222
chr15	26243396	26243471	RNA4700	75	16	9.186343731926172e-06	1.4696800008096034e-05	1.0	213333.33333333334
chr15	26244354	26244435	RNA4701	81	16	7.348668759731465e-06	0.0	1.0	197530.86419753084
chr15	29974015	29974111	RNA4702	92	1	0.0	0.0	1.0	10869.565217391304
chr15	29974622	29974696	RNA4703	74	19	2.3233946864677003e-06	0.0	1.0	256756.75675675675
chr15	29976409	29976506	RNA4704	97	23	2.1090587245492576e-05	1.4696400285174605e-05	1.0	237113.40206185565
chr15	29982931	29983027	RNA4705	96	15	2.939710084319169e-05	0.0	1.0	156250.0
chr15	29983593	29983689	RNA4706	96	0				0.0
chr15	29989866	29989962	RNA4707	96	17	0.0014831307387473337	0.0	1.0	177083.33333333334
chr15	29991454	29991550	RNA4708	96	11	2.0042163255725015e-05	0.0	1.0	114583.33333333333
chr15	30000099	30000196	RNA4709	97	17	2.1634812262217403e-05	1.4708500202686992e-05	1.0	175257.7319587629
chr15	30073683	30073786	RNA4710	103	0				0.0
chr15	30074572	30074653	RNA4711	81	0				0.0
chr15	30074619	30074700	RNA4712	81	0				0.0
chr15	30074628	30074721	RNA4713	93	0				0.0
chr15	30074630	30074723	RNA4714	93	0				0.0
chr15	30074722	30074803	RNA4715	81	0				0.0
chr15	30074751	30074844	RNA4716	93	0				0.0
chr15	30074812	30074893	RNA4717	81	0				0.0
chr15	30074820	30074913	RNA4718	87	0				0.0
chr15	30074828	30074903	RNA4719	69	0				0.0
chr15	30074858	30074951	RNA4720	87	0				0.0
chr15	30074998	30075068	RNA4721	70	0				0.0
chr15	30075054	30075129	RNA4722	75	0				0.0
chr15	30075238	30075319	RNA4723	81	0				0.0
chr15	30075251	30075331	RNA4724	80	0				0.0
chr15	30075391	30075471	RNA4725	80	0				0.0
chr15	30075577	30075658	RNA4726	81	0				0.0
chr15	30075787	30075880	RNA4727	93	0				0.0
chr15	30075993	30076074	RNA4728	81	0				0.0
chr15	30076523	30076607	RNA4729	84	0				0.0
chr15	30076559	30076640	RNA4730	81	0				0.0
chr15	30076665	30076746	RNA4731	74	0				0.0
chr15	30076771	30076852	RNA4732	81	0				0.0
chr15	30076845	30076938	RNA4733	93	0				0.0
chr15	30077206	30077287	RNA4734	81	0				0.0
chr15	30077224	30077297	RNA4735	73	0				0.0
chr15	30077414	30077507	RNA4736	93	0				0.0
chr15	30077416	30077497	RNA4737	81	0				0.0
chr15	30078128	30078212	RNA4738	84	0				0.0
chr15	30078424	30078494	RNA4739	70	0				0.0
chr15	30078555	30078636	RNA4740	81	0				0.0
chr15	30078660	30078741	RNA4741	81	0				0.0
chr15	30079037	30079118	RNA4742	81	0				0.0
chr15	30079153	30079250	RNA4743	97	0				0.0
chr15	30079356	30079449	RNA4744	93	0				0.0
chr15	30079704	30079785	RNA4745	81	0				0.0
chr15	30079785	30079878	RNA4746	93	0				0.0
chr15	30079940	30080021	RNA4747	81	0				0.0
chr15	30079952	30080033	RNA4748	81	0				0.0
chr15	30080096	30080177	RNA4749	81	0				0.0
chr15	30080135	30080216	RNA4750	81	0				0.0
chr15	30080191	30080272	RNA4751	81	0				0.0
chr15	30080271	30080352	RNA4752	81	0				0.0
chr15	30080327	30080420	RNA4753	93	0				0.0
chr15	30080350	30080431	RNA4754	81	0				0.0
chr15	30080520	30080601	RNA4755	81	0				0.0
chr15	30080588	30080681	RNA4756	93	0				0.0
chr15	30080828	30080909	RNA4757	81	0				0.0
chr15	30080945	30081038	RNA4758	93	0				0.0
chr15	30080959	30081040	RNA4759	81	0				0.0
chr15	30081272	30081352	RNA4760	80	0				0.0
chr15	30081403	30081495	RNA4761	92	0				0.0
chr15	30081666	30081747	RNA4762	81	0				0.0
chr15	30082017	30082097	RNA4763	80	0				0.0
chr15	30082066	30082147	RNA4764	81	0				0.0
chr15	30082207	30082288	RNA4765	81	0				0.0
chr15	30082222	30082303	RNA4766	81	0				0.0
chr15	30082412	30082493	RNA4767	81	0				0.0
chr15	30082503	30082596	RNA4768	93	0				0.0
chr15	30082845	30082938	RNA4769	0	0				
chr15	32436307	32436387	RNA4770	80	0				0.0
chr15	36402279	36402359	RNA4771	80	25	1.884733199403854e-05	1.4720199942530598e-05	1.0	312500.0
chr15	36862830	36862910	RNA4772	80	24	2.0215508319168284e-05	7.350150099227904e-06	1.0	300000.0
chr15	36887064	36887144	RNA4773	75	10	7.521930092480033e-06	7.38139988243347e-06	1.0	133333.33333333334
chr15	36888832	36888912	RNA4774	80	16	0.000234247556761595	7.348200142587302e-06	1.0	200000.0
chr15	37129647	37129727	RNA4775	80	16	2.9402206166645663e-05	7.349050065386109e-06	1.0	200000.0
chr15	37129769	37129849	RNA4776	80	11	1.4712000103662087e-05	1.4703299711982254e-05	1.0	137500.0
chr15	37130440	37130520	RNA4777	80	12	2.6218191881825515e-05	1.4699400253448403e-05	1.0	150000.0
chr15	37902381	37902461	RNA4778	80	16	0.00010294022615652794	0.0	1.0	200000.0
chr15	39563006	39563106	RNA4779	100	20	0.008455144278059377	0.0	0.95	200000.0
chr15	40565182	40565310	RNA4780	128	22	6.347491278739518e-05	1.4700449810334248e-05	1.0	171875.0
chr15	41827993	41828073	RNA4781	67	10	4.6358059444161696e-05	7.769300282234326e-06	1.0	149253.73134328358
chr15	42722167	42722267	RNA4782	100	23	1.4700408744671302e-05	1.4700300198455809e-05	1.0	230000.0
chr15	43590487	43590587	RNA4783	0	0				
chr15	43591046	43591146	RNA4784	0	0				
chr15	43591544	43591644	RNA4785	0	0				
chr15	44195877	44195977	RNA4786	98	13	0.0002251606875478602	1.4698999621032272e-05	1.0	132653.0612244898
chr15	44198340	44198440	RNA4787	100	21	2.525730481768644e-05	0.0	1.0	210000.0
chr15	44198357	44198457	RNA4788	100	17	2.1662117433147388e-05	0.0	1.0	170000.0
chr15	44427413	44427541	RNA4789	128	27	0.03605913452900967	1.4697199731017465e-05	0.9629629629629629	210937.5
chr15	44772437	44772537	RNA4790	100	0				0.0
chr15	45355391	45355519	RNA4791	128	32	0.00029399071763690427	0.0	1.0	250000.0
chr15	45357713	45357841	RNA4792	128	28	0.07138858106187788	1.4696599919261644e-05	0.8928571428571429	218750.0
chr15	45359683	45359811	RNA4793	128	27	3.593039646484335e-05	1.4697699953103438e-05	1.0	210937.5
chr15	45360849	45360930	RNA4794	81	18	1.3066405598591598e-05	1.469785001972923e-05	1.0	222222.22222222222
chr15	45691999	45692127	RNA4795	128	18	0.028473732536692997	1.4696349808218656e-05	0.8333333333333334	140625.0
chr15	45692870	45692998	RNA4796	128	26	0.05885257778954138	1.4698500308440998e-05	0.9230769230769231	203125.0
chr15	45694120	45694248	RNA4797	125	21	0.03367836997035954	0.0	0.9047619047619048	168000.0
chr15	45703410	45703538	RNA4798	128	25	0.01887691600008111	0.0	0.96	195312.5
chr15	48365502	48365577	RNA4799	75	11	0.001371042592588549	1.4712400115968194e-05	1.0	146666.66666666666
chr15	48365943	48366026	RNA4800	83	15	8.822200046173142e-06	0.0	1.0	180722.89156626505
chr15	48673397	48673497	RNA4801	100	16	0.0007975573834642068	1.4697199731017465e-05	1.0	160000.0
chr15	49105659	49105740	RNA4802	81	13	0.0004861416778462154	1.4697699953103438e-05	1.0	160493.82716049382
chr15	50267754	50267835	RNA4803	81	11	1.8712144909917016e-05	0.0	1.0	135802.46913580247
chr15	50268622	50268750	RNA4804	128	20	6.616624978050822e-06	0.0	1.0	156250.0
chr15	50270295	50270376	RNA4805	81	19	0.020689012468401886	1.4698500308440998e-05	0.9473684210526315	234567.9012345679
chr15	50272330	50272405	RNA4806	75	13	2.9265853159947957e-05	0.0	1.0	173333.33333333334
chr15	50273068	50273149	RNA4807	81	10	2.5003699556689565e-05	0.0	1.0	123456.79012345678
chr15	50789450	50789531	RNA4808	81	0				0.0
chr15	50789850	50789931	RNA4809	81	0				0.0
chr15	50790152	50790233	RNA4810	81	17	1.5563258891822497e-05	0.0	1.0	209876.54320987655
chr15	51036813	51036888	RNA4811	75	14	0.0004435845237691838	7.377900146821048e-06	1.0	186666.6666666667
chr15	51036871	51036946	RNA4812	75	24	0.0003846601719411918	1.4759499663341558e-05	1.0	320000.0
chr15	51037178	51037253	RNA4813	75	28	0.019875136164176046	1.4772349913982907e-05	0.9285714285714286	373333.3333333334
chr15	51340398	51340479	RNA4814	81	20	0.0006387850939063343	1.4700699921377236e-05	1.0	246913.58024691357
chr15	51341317	51341400	RNA4815	83	17	0.003841721227485421	0.0	0.9411764705882353	204819.27710843371
chr15	51341339	51341414	RNA4816	75	16	4.22499501269131e-05	7.347749942709925e-06	1.0	213333.33333333334
chr15	51341366	51341441	RNA4817	75	17	0.01238774757835284	1.4696799553348685e-05	0.9411764705882353	226666.66666666666
chr15	51408560	51408635	RNA4818	75	22	1.6709686282077332e-05	0.0	1.0	293333.3333333333
chr15	52113069	52113152	RNA4819	83	15	1.2741153356425155e-05	1.4699399798701052e-05	1.0	180722.89156626505
chr15	52113717	52113800	RNA4820	83	0				0.0
chr15	52114013	52114096	RNA4821	83	12	6.1238917320830906e-06	0.0	1.0	144578.31325301205
chr15	52114993	52115068	RNA4822	75	19	0.09746820809280173	1.469549988541985e-05	0.8947368421052632	253333.33333333334
chr15	52534003	52534086	RNA4823	83	13	5.5405706986602185e-05	0.0	1.0	156626.5060240964
chr15	52535767	52535850	RNA4824	83	18	0.05556127306711763	0.0	0.9444444444444444	216867.4698795181
chr15	52538547	52538630	RNA4825	83	22	1.4699359119483482e-05	1.4699399798701052e-05	1.0	265060.24096385547
chr15	52541224	52541314	RNA4826	88	28	2.346962505075723e-05	0.0	1.0	318181.8181818182
chr15	53326041	53326124	RNA4827	83	21	0.024440795475432726	0.0	0.9523809523809523	253012.04819277106
chr15	54808270	54808349	RNA4828	79	13	1.1311015441606287e-05	1.47024002217222e-05	1.0	164556.96202531643
chr15	55201280	55201361	RNA4829	81	9	1.1440844395514836e-05	0.0	1.0	111111.11111111111
chr15	55993689	55993764	RNA4830	75	38	0.02715322536314009	1.4727099824085599e-05	0.9736842105263158	506666.6666666667
chr15	56465326	56465416	RNA4831	90	19	1.0057894877191805e-05	0.0	1.0	211111.11111111112
chr15	56629633	56629723	RNA4832	90	20	1.8378954882786952e-05	0.0	1.0	222222.22222222222
chr15	56629801	56629891	RNA4833	90	21	1.3302776010056663e-05	1.4699399798701052e-05	1.0	233333.33333333334
chr15	56629927	56630010	RNA4834	83	17	2.7678082219875956e-05	0.0	1.0	204819.27710843371
chr15	56630020	56630110	RNA4835	90	12	1.347894991946911e-05	7.350150099227904e-06	1.0	133333.33333333334
chr15	57325365	57325455	RNA4836	90	22	6.081479196753542e-05	1.4703050055686617e-05	1.0	244444.44444444444
chr15	57325375	57325465	RNA4837	90	17	7.783651899978667e-05	1.470460028940579e-05	1.0	188888.88888888888
chr15	57325390	57325466	RNA4838	76	15	8.723447487378149e-05	1.4706300135003405e-05	1.0	197368.42105263157
chr15	57357398	57357488	RNA4839	90	13	9.046915413189428e-06	0.0	1.0	144444.44444444444
chr15	57933707	57933786	RNA4840	79	12	5.021722631680924e-05	1.469724975322606e-05	1.0	151898.7341772152
chr15	58584602	58584692	RNA4841	90	14	1.4698935761511425e-05	7.348599865508732e-06	1.0	155555.55555555556
chr15	59102424	59102503	RNA4842	79	22	8.685495396837888e-06	0.0	1.0	278481.0126582278
chr15	59102505	59102584	RNA4843	79	14	3.1515999450805665e-06	0.0	1.0	177215.18987341772
chr15	59102962	59103041	RNA4844	79	14	0.04779737057268513	1.469764993089484e-05	0.9285714285714286	177215.18987341772
chr15	59523933	59524012	RNA4845	79	18	2.531685014319563e-05	1.4698100130772218e-05	1.0	227848.10126582277
chr15	59524106	59524185	RNA4846	79	21	0.04763794583349019	1.469590006308863e-05	0.9523809523809523	265822.7848101266
chr15	59525201	59525280	RNA4847	79	18	9.037421513211148e-05	0.0	1.0	227848.10126582277
chr15	60066388	60066467	RNA4848	79	19	0.13604549026934507	1.4696799553348685e-05	0.8421052631578947	240506.32911392406
chr15	60301821	60301951	RNA4849	130	32	4.594768077481269e-05	0.0	1.0	246153.84615384616
chr15	61231553	61231656	RNA4850	103	17	4.409042899436127e-05	1.4697199731017465e-05	1.0	165048.5436893204
chr15	61265637	61265713	RNA4851	76	20	0.0004979004668712123	0.0	1.0	263157.8947368421
chr15	61828597	61828673	RNA4852	76	17	1.1246505891904235e-05	0.0	1.0	223684.2105263158
chr15	61830014	61830150	RNA4853	136	28	4.672468844545928e-05	0.0	1.0	205882.35294117645
chr15	61830350	61830449	RNA4854	99	20	1.6903764571902443e-05	0.0	1.0	202020.202020202
chr15	62224842	62224918	RNA4855	76	19	0.0008508039691150727	1.4698999621032272e-05	1.0	250000.0
chr15	62253366	62253442	RNA4856	76	0				0.0
chr15	62253368	62253444	RNA4857	76	0				0.0
chr15	62253370	62253460	RNA4858	90	0				0.0
chr15	62339970	62340046	RNA4859	76	17	2.1617829267647345e-05	1.4698500308440998e-05	1.0	223684.2105263158
chr15	62341855	62341931	RNA4860	76	20	0.03060811139307588	1.4697000096930424e-05	0.9	263157.8947368421
chr15	62378101	62378177	RNA4861	76	14	0.00872214691448139	0.0	0.9285714285714286	184210.52631578947
chr15	63029333	63029439	RNA4862	106	18	9.799794548194364e-06	0.0	1.0	169811.32075471696
chr15	63311913	63311989	RNA4863	76	11	2.674227289389819e-06	0.0	1.0	144736.84210526317
chr15	64163514	64163644	RNA4864	130	26	0.00012097257796574776	0.0	1.0	200000.0
chr15	64164305	64164384	RNA4865	79	13	0.0009100178158405393	0.0	1.0	164556.96202531643
chr15	64686189	64686292	RNA4866	103	13	1.9230507300211357e-05	1.4700700376124589e-05	1.0	126213.59223300971
chr15	65080566	65080662	RNA4867	96	21	0.04742930904237817	0.0	0.9523809523809523	218750.0
chr15	65144030	65144160	RNA4868	130	0				0.0
chr15	65232533	65232663	RNA4869	130	23	1.7258965074329878e-05	0.0	1.0	176923.07692307694
chr15	65234216	65234346	RNA4870	130	22	8.017936372859616e-06	7.348200142587302e-06	1.0	169230.76923076925
chr15	65300984	65301114	RNA4871	129	57	0.008488227064797106	1.4697199731017465e-05	0.9824561403508771	441860.4651162791
chr15	65301063	65301193	RNA4872	130	51	0.009169711710134887	0.0	0.9803921568627451	392307.6923076923
chr15	65323089	65323225	RNA4873	136	25	0.023660587568483608	0.0	0.96	183823.52941176473
chr15	65379658	65379788	RNA4874	130	9	0.11111764653338065	1.4696799553348685e-05	0.8888888888888888	69230.76923076923
chr15	65518315	65518391	RNA4875	76	13	1.810276927034675e-05	1.4705899957334624e-05	1.0	171052.63157894736
chr15	65519946	65520045	RNA4876	99	34	0.002148518016437103	0.0	0.9705882352941176	343434.3434343434
chr15	65578384	65578487	RNA4877	103	24	1.2861070899816696e-05	0.0	1.0	233009.70873786407
chr15	65578507	65578610	RNA4878	103	15	1.7637286449219878e-05	1.469549988541985e-05	1.0	145631.06796116504
chr15	65578519	65578622	RNA4879	103	15	1.8617306462450264e-05	1.4698100130772218e-05	1.0	145631.06796116504
chr15	65892011	65892087	RNA4880	76	17	0.000416722136619411	1.4698999621032272e-05	1.0	223684.2105263158
chr15	65892125	65892224	RNA4881	99	15	6.664771426585382e-05	1.4697199731017465e-05	1.0	151515.15151515152
chr15	65892559	65892662	RNA4882	103	25	0.00012582308099808826	1.4698500308440998e-05	1.0	242718.44660194175
chr15	65892722	65892858	RNA4883	136	20	5.733058105761002e-05	7.349250154220499e-06	1.0	147058.82352941178
chr15	65892987	65893086	RNA4884	99	22	1.202642736395567e-05	0.0	1.0	222222.22222222222
chr15	65893068	65893204	RNA4885	136	32	4.4095183682201736e-05	7.348200142587302e-06	1.0	235294.11764705883
chr15	65893218	65893321	RNA4886	103	16	1.0104887621764647e-05	0.0	1.0	155339.8058252427
chr15	65893218	65893321	RNA4887	103	16	1.0104887621764647e-05	0.0	1.0	155339.8058252427
chr15	65893423	65893559	RNA4888	136	23	0.0030060803834282422	0.0	0.9565217391304348	169117.64705882355
chr15	65893850	65893949	RNA4889	99	18	1.8047377782042637e-05	1.4721700154041173e-05	1.0	181818.18181818182
chr15	65894285	65894361	RNA4890	76	10	2.93964901174968e-05	2.2046049707569182e-05	1.0	131578.94736842104
chr15	65894344	65894420	RNA4891	76	13	1.80896308498072e-05	1.469590006308863e-05	1.0	171052.63157894736
chr15	66575195	66575294	RNA4892	99	18	0.03458488601644502	1.4696800008096034e-05	0.9444444444444444	181818.18181818182
chr15	66576800	66576936	RNA4893	136	20	7.803810508448417e-05	1.470414963478106e-05	1.0	147058.82352941178
chr15	66577814	66577913	RNA4894	99	11	1.8711172081316615e-05	0.0	1.0	111111.11111111111
chr15	66577986	66578062	RNA4895	76	19	0.013756769719772188	1.4701099644298664e-05	0.9473684210526315	250000.0
chr15	66578448	66578584	RNA4896	136	27	0.03706263031930306	0.0	0.9629629629629629	198529.41176470587
chr15	66579402	66579478	RNA4897	76	7	2.729448650435064e-05	0.0	1.0	92105.26315789473
chr15	66579784	66579883	RNA4898	99	16	1.7473881086971232e-05	1.4701350210089004e-05	1.0	161616.16161616164
chr15	66579941	66580077	RNA4899	136	22	0.016645243414131972	1.4696800008096034e-05	0.9545454545454546	161764.70588235295
chr15	66579994	66580124	RNA4900	130	19	0.000694778580748927	0.0	1.0	146153.84615384616
chr15	66580559	66580635	RNA4901	76	12	2.817656642643231e-05	7.350549822149332e-06	1.0	157894.73684210525
chr15	66701015	66701118	RNA4902	103	27	2.089882966376556e-05	0.0	1.0	262135.9223300971
chr15	66827702	66827808	RNA4903	106	23	3.5782704245594e-05	1.469509970775107e-05	1.0	216981.13207547172
chr15	67198682	67198818	RNA4904	136	25	0.040019989528373115	1.4698100130772218e-05	0.96	183823.52941176473
chr15	67198836	67198912	RNA4905	76	15	1.6657593247752325e-05	1.4697199731017465e-05	1.0	197368.42105263157
chr15	67537182	67537281	RNA4906	99	17	0.0059576062747189115	0.0	0.9411764705882353	171717.1717171717
chr15	67537215	67537321	RNA4907	106	17	0.005967118445476118	1.4699399798701052e-05	0.9411764705882353	160377.35849056602
chr15	67537634	67537740	RNA4908	106	22	3.412515839458281e-05	0.0	1.0	207547.16981132075
chr15	67538236	67538312	RNA4909	76	15	0.0004195104954002675	0.0	1.0	197368.42105263157
chr15	67538505	67538611	RNA4910	106	13	0.00010860402947469575	1.470929964852985e-05	1.0	122641.50943396226
chr15	67876186	67876292	RNA4911	106	23	0.0005292849050617649	1.4698500308440998e-05	1.0	216981.13207547172
chr15	67885593	67885699	RNA4912	106	21	6.928399146826913e-05	0.0	1.0	198113.20754716982
chr15	67927425	67927531	RNA4913	106	30	0.05516960301207898	1.4710849882249022e-05	0.9333333333333333	283018.8679245283
chr15	68761385	68761491	RNA4914	106	15	2.059042635664419e-05	0.0	1.0	141509.43396226416
chr15	69066454	69066550	RNA4915	96	16	8.26813754883915e-06	0.0	1.0	166666.66666666666
chr15	69963557	69963653	RNA4916	96	19	1.856772599382898e-05	0.0	1.0	197916.66666666666
chr15	70034080	70034176	RNA4917	96	20	8.820114908303367e-06	0.0	1.0	208333.33333333334
chr15	70043314	70043410	RNA4918	96	19	0.005580612254753321	0.0	0.9473684210526315	197916.66666666666
chr15	70098997	70099093	RNA4919	96	27	1.8510233261352383e-05	1.4696400285174605e-05	1.0	281250.0
chr15	70099029	70099125	RNA4920	96	30	0.0018197573849344387	1.470005008741282e-05	0.9666666666666667	312500.0
chr15	70122256	70122386	RNA4921	130	27	1.9054729717830423e-05	0.0	1.0	207692.30769230772
chr15	70122551	70122647	RNA4922	91	21	2.797402378616506e-05	0.0	1.0	230769.23076923078
chr15	70653301	70653404	RNA4923	103	15	0.0004859560239613802	0.0	1.0	145631.06796116504
chr15	71095952	71096088	RNA4924	102	28	0.0007570798939013798	0.0	1.0	274509.8039215687
chr15	71096025	71096101	RNA4925	76	23	0.0009266047099236186	0.0	1.0	302631.5789473684
chr15	71096033	71096129	RNA4926	96	29	0.0007410365354597288	1.4883599760651124e-05	1.0	302083.3333333333
chr15	71096810	71096909	RNA4927	99	13	9.045484568140148e-06	0.0	1.0	131313.13131313134
chr15	72816444	72816550	RNA4928	106	23	5.11217390537596e-06	0.0	1.0	216981.13207547172
chr15	74917247	74917343	RNA4929	96	11	9.39604549123694e-06	1.4712400115968194e-05	1.0	114583.33333333333
chr15	75901217	75901312	RNA4930	95	11	4.009627280703915e-06	0.0	1.0	115789.47368421052
chr15	77822375	77822501	RNA4931	126	24	6.55284991353186e-05	7.348599865508732e-06	1.0	190476.19047619047
chr15	79832274	79832369	RNA4932	95	17	3.4588646860142675e-06	0.0	1.0	178947.36842105264
chr15	80755879	80755974	RNA4933	95	27	7.621974031348212e-06	0.0	1.0	284210.5263157895
chr15	80777545	80777640	RNA4934	95	11	2.6721454560174607e-06	0.0	1.0	115789.47368421052
chr15	80778652	80778747	RNA4935	95	16	0.0006992231552658205	0.0	1.0	168421.05263157893
chr15	80989828	80989923	RNA4936	95	47	0.0023876039501006465	1.470159986638464e-05	0.9574468085106383	494736.84210526315
chr15	80989853	80989948	RNA4937	95	45	0.0024842525858629273	0.0	0.9555555555555556	473684.2105263158
chr15	80989905	80990000	RNA4938	95	41	0.0012817287953977203	0.0	0.975609756097561	431578.94736842107
chr15	82022208	82022334	RNA4939	126	18	3.919829497236524e-05	7.347749942709925e-06	1.0	142857.14285714284
chr15	82022723	82022818	RNA4940	95	21	1.3298323860258929e-05	1.4696400285174605e-05	1.0	221052.63157894736
chr15	82715250	82715376	RNA4941	126	20	0.01133835361965793	0.0	0.95	158730.15873015873
chr15	82715513	82715639	RNA4942	126	33	1.5148445361939191e-05	0.0	1.0	261904.76190476192
chr15	82715608	82715734	RNA4943	126	22	1.4700808895378424e-05	0.0	1.0	174603.1746031746
chr15	82836187	82836313	RNA4944	126	31	1.8016115855939563e-05	0.0	1.0	246031.746031746
chr15	82836543	82836669	RNA4945	126	28	7.874207117960655e-06	0.0	1.0	222222.22222222222
chr15	82836798	82836924	RNA4946	126	33	2.1378066693694693e-05	0.0	1.0	261904.76190476192
chr15	83653348	83653474	RNA4947	126	29	4.612565119494117e-05	0.0	1.0	230158.73015873015
chr15	84336124	84336196	RNA4948	0	0				
chr15	84874288	84874372	RNA4949	84	14	0.07153462443862477	2.204609972977778e-05	0.9285714285714286	166666.66666666666
chr15	85827129	85827224	RNA4950	95	17	3.8052270664428595e-05	0.0	1.0	178947.36842105264
chr15	86043187	86043313	RNA4951	126	31	1.3749529165167878e-05	0.0	1.0	246031.746031746
chr15	88366541	88366613	RNA4952	68	19	5.396641470150173e-05	1.4734900105395354e-05	1.0	279411.76470588235
chr15	88790362	88790446	RNA4953	84	30	0.0262345370314506	0.0	0.9666666666666667	357142.85714285716
chr15	89021147	89021219	RNA4954	72	16	0.0625091902311965	7.350350188062294e-06	0.9375	222222.22222222222
chr15	89021195	89021267	RNA4955	72	13	7.917615431114637e-06	0.0	1.0	180555.55555555556
chr15	89021299	89021371	RNA4956	72	6	7.348899998760317e-06	0.0	1.0	83333.33333333333
chr15	89345448	89345520	RNA4957	72	15	0.07159347252460672	1.4697199731017465e-05	0.8666666666666667	208333.33333333334
chr15	89351532	89351604	RNA4958	72	10	1.3225919792603235e-05	0.0	1.0	138888.8888888889
chr15	89360661	89360733	RNA4959	72	13	2.4882938025531673e-05	1.4699399798701052e-05	1.0	180555.55555555556
chr15	89751862	89751946	RNA4960	84	12	3.06224173224686e-05	0.0	1.0	142857.14285714284
chr15	89817105	89817189	RNA4961	84	9	4.904266663490692e-06	0.0	1.0	107142.85714285713
chr15	89818918	89819002	RNA4962	84	18	0.002857975935360931	1.4708900380355772e-05	0.9444444444444444	214285.71428571426
chr15	89918275	89918359	RNA4963	84	19	8.521300132040205e-06	0.0	1.0	226190.47619047618
chr15	89918467	89918551	RNA4964	82	17	2.332444733731202e-05	1.4797299627389291e-05	1.0	207317.0731707317
chr15	89943276	89943360	RNA4965	84	7	0.0032906163490094356	4.409559915075079e-05	1.0	83333.33333333333
chr15	90229787	90229859	RNA4966	72	14	0.0876839935465666	7.349250154220499e-06	0.8571428571428571	194444.44444444444
chr15	90856218	90856302	RNA4967	84	16	2.6746411663219698e-05	0.0	1.0	190476.19047619047
chr15	94231347	94231419	RNA4968	72	24	3.429764956308095e-05	0.0	1.0	333333.3333333333
chr15	94814145	94814229	RNA4969	84	9	0.11112256505546408	1.4732299860042986e-05	0.8888888888888888	107142.85714285713
chr16	559236	559306	RNA4970	70	15	8.837140012474264e-06	1.4707199625263456e-05	1.0	214285.71428571426
chr16	634308	634378	RNA4971	70	23	6.709962144668443e-05	0.0	1.0	328571.4285714286
chr16	636392	636462	RNA4972	70	14	0.07025898673074542	7.348399776674342e-06	0.9285714285714286	200000.0
chr16	667871	667941	RNA4973	70	19	3.172002150102704e-05	0.0	1.0	271428.5714285714
chr16	668003	668073	RNA4974	70	22	1.404151800505151e-05	0.0	1.0	314285.71428571426
chr16	758720	758790	RNA4975	70	0				0.0
chr16	988942	989068	RNA4976	126	41	0.024312829793172303	1.4697699953103438e-05	0.975609756097561	325396.8253968254
chr16	989231	989364	RNA4977	133	35	0.00026247337074372396	0.0	1.0	263157.8947368421
chr16	990020	990152	RNA4978	132	41	0.0011491517876138183	1.4703299711982254e-05	1.0	310606.0606060606
chr16	1152071	1152153	RNA4979	82	18	1.3068727791202642e-05	1.470005008741282e-05	1.0	219512.19512195123
chr16	1272603	1272696	RNA4980	93	21	0.009553369669577347	1.4696400285174605e-05	0.9523809523809523	225806.4516129032
chr16	1612262	1612332	RNA4981	70	25	0.001180534636296214	0.0	1.0	357142.85714285716
chr16	1795009	1795133	RNA4982	124	39	0.0743843097854831	1.4698500308440998e-05	0.9230769230769231	314516.12903225806
chr16	1886155	1886288	RNA4983	132	0				0.0
chr16	1886851	1886983	RNA4984	132	0				0.0
chr16	1887086	1887212	RNA4985	126	0				0.0
chr16	1918857	1918989	RNA4986	132	28	2.1001614088937742e-05	1.4698500308440998e-05	1.0	212121.21212121213
chr16	1919838	1919970	RNA4987	132	37	0.027382183946969774	0.0	0.972972972972973	280303.0303030303
chr16	1920218	1920344	RNA4988	115	1	4.0834700484992936e-05	4.0834700484992936e-05	1.0	8695.652173913044
chr16	1930705	1930838	RNA4989	133	34	0.00029743664074831735	1.4722099876962602e-05	1.0	255639.0977443609
chr16	1931650	1931783	RNA4990	133	31	2.2290974048961997e-05	1.4696799553348685e-05	1.0	233082.70676691728
chr16	1932448	1932574	RNA4991	126	28	0.00042416124428460165	1.4698749964736635e-05	1.0	222222.22222222222
chr16	1965752	1965878	RNA4992	126	26	0.03854011610701491	7.348200142587302e-06	0.9615384615384616	206349.20634920633
chr16	1965904	1966036	RNA4993	132	36	0.028458111381016553	1.469764993089484e-05	0.9722222222222222	272727.2727272727
chr16	1965990	1966123	RNA4994	133	30	0.000638119249439719	1.4698950053571025e-05	1.0	225563.9097744361
chr16	1971902	1972035	RNA4995	133	40	2.4988717655102132e-05	1.469529979658546e-05	1.0	300751.8796992481
chr16	1971906	1972038	RNA4996	132	41	2.4379236736685005e-05	1.469509970775107e-05	1.0	310606.0606060606
chr16	1971908	1972034	RNA4997	126	37	2.622042988199287e-05	1.469509970775107e-05	1.0	293650.79365079367
chr16	2039135	2039261	RNA4998	126	32	0.00019533897867062976	1.4701150121254614e-05	1.0	253968.25396825396
chr16	2039455	2039588	RNA4999	133	39	4.1841733642889774e-05	0.0	1.0	293233.0827067669
chr16	2039471	2039603	RNA5000	132	40	4.1532277873554415e-05	0.0	1.0	303030.30303030304
chr16	2047873	2047955	RNA5001	82	33	6.502813624992038e-05	0.0	1.0	402439.0243902439
chr16	2136995	2137077	RNA5002	82	16	8.274656295270688e-06	0.0	1.0	195121.9512195122
chr16	2139835	2139917	RNA5003	82	0				0.0
chr16	2155480	2155573	RNA5004	93	28	1.1023382220236346e-05	0.0	1.0	301075.2688172043
chr16	2155481	2155563	RNA5005	82	27	1.088721859963881e-05	0.0	1.0	329268.29268292687
chr16	2155504	2155576	RNA5006	72	25	1.2346208095548148e-05	1.469549988541985e-05	1.0	347222.2222222222
chr16	2155506	2155578	RNA5007	72	25	1.2346208095548148e-05	1.469549988541985e-05	1.0	347222.2222222222
chr16	2155511	2155583	RNA5008	72	24	7.961633286868164e-06	1.469549988541985e-05	1.0	333333.3333333333
chr16	2155527	2155620	RNA5009	93	34	7.349344046173535e-06	7.348399776674342e-06	1.0	365591.3978494624
chr16	2155549	2155621	RNA5010	72	27	7.077188793455544e-06	0.0	1.0	375000.0
chr16	2155553	2155646	RNA5011	93	36	0.027789210408274003	1.4696799553348685e-05	0.9722222222222222	387096.77419354836
chr16	2155564	2155646	RNA5012	82	31	0.03226991856767962	1.4696799553348685e-05	0.967741935483871	378048.7804878049
chr16	2155565	2155636	RNA5013	71	27	7.622325803687865e-06	1.4696799553348685e-05	1.0	380281.6901408451
chr16	2155568	2155640	RNA5014	72	27	0.0370435701517164	1.4696799553348685e-05	0.9629629629629629	375000.0
chr16	2155598	2155680	RNA5015	82	30	0.033347542323372184	1.469744984206045e-05	0.9666666666666667	365853.65853658534
chr16	2155618	2155690	RNA5016	72	20	0.05001910864007186	1.4698349787067855e-05	0.95	277777.7777777778
chr16	2426816	2426909	RNA5017	93	13	1.9220330824072545e-05	1.4697699953103438e-05	1.0	139784.94623655913
chr16	2426831	2426924	RNA5018	93	15	1.9597006697343508e-05	1.4697699953103438e-05	1.0	161290.32258064515
chr16	2426978	2427071	RNA5019	93	21	8.610553413745629e-05	1.4696400285174605e-05	1.0	225806.4516129032
chr16	2711660	2711784	RNA5020	124	20	1.6171730021592684e-05	0.0	1.0	161290.32258064515
chr16	2781664	2781788	RNA5021	124	30	0.024972727165853328	0.0	0.9666666666666667	241935.48387096776
chr16	2794933	2795057	RNA5022	124	24	0.041675258979087935	0.0	0.9583333333333334	193548.38709677418
chr16	2797213	2797337	RNA5023	123	32	0.020849053296871024	0.0	0.96875	260162.6016260163
chr16	2806170	2806294	RNA5024	124	0				0.0
chr16	2905547	2905671	RNA5025	113	51	0.009051439177585722	1.4892900253471453e-05	0.9803921568627451	451327.43362831854
chr16	2957365	2957498	RNA5026	133	29	2.9904265453481743e-05	1.4698999621032272e-05	1.0	218045.11278195487
chr16	2958227	2958359	RNA5027	132	39	0.025921969046206722	1.4703699889651034e-05	0.9743589743589743	295454.54545454547
chr16	2961801	2961927	RNA5028	126	29	0.00010087087691223193	1.4698100130772218e-05	1.0	230158.73015873015
chr16	3022543	3022615	RNA5029	72	16	7.350537430284021e-06	0.0	1.0	222222.22222222222
chr16	3087997	3088069	RNA5030	72	22	1.403384087759134e-05	0.0	1.0	305555.55555555556
chr16	3088312	3088384	RNA5031	72	18	3.919930127772245e-05	1.4698099676024867e-05	1.0	250000.0
chr16	3088544	3088615	RNA5032	71	22	1.7370131651905853e-05	1.4696150174131617e-05	1.0	309859.15492957743
chr16	3088558	3088630	RNA5033	72	22	1.8038049802269323e-05	1.4696799553348685e-05	1.0	305555.55555555556
chr16	3088563	3088635	RNA5034	72	18	1.6330116472492256e-05	1.4696599919261644e-05	1.0	250000.0
chr16	3088665	3088737	RNA5035	72	15	1.469930666644359e-05	0.0	1.0	208333.33333333334
chr16	3150574	3150646	RNA5036	72	37	8.619397354974018e-05	1.469590006308863e-05	1.0	513888.8888888888
chr16	3150578	3150650	RNA5037	72	39	8.215065440125198e-05	1.469590006308863e-05	1.0	541666.6666666666
chr16	3151388	3151460	RNA5038	72	27	0.02244404167965883	0.0	0.9629629629629629	375000.0
chr16	3151512	3151584	RNA5039	72	18	8.287077637052991e-06	1.4731199826201191e-05	1.0	250000.0
chr16	3151711	3151793	RNA5040	82	23	1.1516717637749328e-05	0.0	1.0	280487.80487804883
chr16	3151941	3152013	RNA5041	72	29	0.0005830462836582085	1.4697699953103438e-05	1.0	402777.7777777778
chr16	3158840	3158912	RNA5042	72	53	0.0378290384437176	1.4706300135003405e-05	0.9433962264150944	736111.1111111111
chr16	3158846	3158918	RNA5043	72	60	0.04063654719819472	1.4706500223837795e-05	0.9333333333333333	833333.3333333334
chr16	3162341	3162413	RNA5044	70	31	0.032351011097254675	1.4731899682374204e-05	0.967741935483871	442857.14285714284
chr16	3163564	3163636	RNA5045	72	16	1.1998362367648951e-05	1.4696800008096034e-05	1.0	222222.22222222222
chr16	3165255	3165327	RNA5046	72	15	7.840653355136358e-06	0.0	1.0	208333.33333333334
chr16	3165462	3165533	RNA5047	71	11	4.5433662555949276e-05	1.4694200217491016e-05	1.0	154929.57746478872
chr16	3165576	3165648	RNA5048	72	24	0.0006838074768893234	1.4712800293636974e-05	1.0	333333.3333333333
chr16	3165846	3165918	RNA5049	72	19	9.205938481738726e-05	0.0	1.0	263888.8888888889
chr16	3166138	3166209	RNA5050	71	12	0.08335048330013706	1.4698749964736635e-05	0.9166666666666666	169014.08450704225
chr16	3167969	3168041	RNA5051	72	21	1.6806819335865005e-05	1.470159986638464e-05	1.0	291666.6666666667
chr16	3168164	3168236	RNA5052	72	14	0.0714485283069085	1.4721049865329405e-05	0.9285714285714286	194444.44444444444
chr16	3168306	3168378	RNA5053	72	14	1.3654928677299591e-05	1.470219967814046e-05	1.0	194444.44444444444
chr16	3168549	3168621	RNA5054	72	23	1.2143160901080729e-05	0.0	1.0	319444.44444444444
chr16	3169207	3169279	RNA5055	72	23	0.0014428962616796523	0.0	1.0	319444.44444444444
chr16	3169411	3169483	RNA5056	72	14	3.5708214194782385e-05	0.0	1.0	194444.44444444444
chr16	3236221	3236292	RNA5057	71	26	2.488987680547454e-05	1.470005008741282e-05	1.0	366197.1830985916
chr16	3236226	3236298	RNA5058	72	28	2.3637114184430724e-05	1.470005008741282e-05	1.0	388888.8888888889
chr16	3236235	3236307	RNA5059	72	24	4.7165591922744564e-05	1.4698549875902245e-05	1.0	333333.3333333333
chr16	3236259	3236331	RNA5060	72	21	0.047659646962442605	1.4698100130772218e-05	0.9523809523809523	291666.6666666667
chr16	3236261	3236332	RNA5061	71	18	0.0555996542506768	7.349050065386109e-06	0.9444444444444444	253521.12676056338
chr16	3236268	3236340	RNA5062	72	16	0.06254869240075323	7.349250154220499e-06	0.9375	222222.22222222222
chr16	3236269	3236341	RNA5063	72	16	0.06254869240075323	7.349250154220499e-06	0.9375	222222.22222222222
chr16	3236279	3236351	RNA5064	72	17	0.05886849291244503	0.0	0.9411764705882353	236111.1111111111
chr16	3258394	3258466	RNA5065	72	16	0.06253583015040931	1.4701549844176043e-05	0.9375	222222.22222222222
chr16	3258548	3258620	RNA5066	72	10	7.354150147875771e-06	0.0	1.0	138888.8888888889
chr16	3261227	3261320	RNA5067	93	16	1.9454743835467085e-05	7.361400093941484e-06	1.0	172043.0107526882
chr16	3261902	3261974	RNA5068	72	19	1.3152410534339173e-05	1.4696799553348685e-05	1.0	263888.8888888889
chr16	3262103	3262175	RNA5069	72	12	8.575225062183259e-06	0.0	1.0	166666.66666666666
chr16	3320573	3320645	RNA5070	72	0				0.0
chr16	3320647	3320719	RNA5071	72	0				0.0
chr16	3321421	3321492	RNA5072	71	0				0.0
chr16	3724703	3724827	RNA5073	124	33	0.00040771179104040023	1.4704999557579868e-05	1.0	266129.0322580645
chr16	4156209	4156281	RNA5074	72	26	0.03515327400065451	1.4698099676024867e-05	0.9615384615384616	361111.1111111111
chr16	4158613	4158685	RNA5075	72	20	0.00073829663697324	1.4705899957334623e-05	1.0	277777.7777777778
chr16	4164316	4164388	RNA5076	72	12	6.12489172150769e-06	0.0	1.0	166666.66666666666
chr16	4184168	4184240	RNA5077	72	20	0.023980549122188673	1.469984999857843e-05	0.95	277777.7777777778
chr16	4184340	4184411	RNA5078	71	11	0.00020578807239375436	1.4697699953103438e-05	1.0	154929.57746478872
chr16	4185060	4185132	RNA5079	72	15	1.1757586435123812e-05	0.0	1.0	208333.33333333334
chr16	4185490	4185562	RNA5080	72	16	1.378417493924644e-05	1.4700699921377236e-05	1.0	222222.22222222222
chr16	5238906	5238988	RNA5081	82	31	2.8452145553239384e-05	1.4696799553348685e-05	1.0	378048.7804878049
chr16	5239059	5239192	RNA5082	133	40	0.025006603497217846	0.0	0.975	300751.8796992481
chr16	5239134	5239227	RNA5083	93	31	0.032277549825178754	1.4698500308440998e-05	0.967741935483871	333333.3333333333
chr16	5239200	5239270	RNA5084	70	25	1.9477279674899735e-05	0.0	1.0	357142.85714285716
chr16	5239263	5239387	RNA5085	124	63	2.5081434513491843e-05	0.0	1.0	508064.51612903224
chr16	5239301	5239433	RNA5086	132	53	0.01889576508312769	0.0	0.9811320754716981	401515.1515151515
chr16	5239492	5239618	RNA5087	126	40	1.4351047320814024e-05	0.0	1.0	317460.31746031746
chr16	8144513	8144585	RNA5088	72	24	0.014794904046918115	0.0	0.9583333333333334	333333.3333333333
chr16	8145442	8145514	RNA5089	72	23	1.9815795934368492e-05	0.0	1.0	319444.44444444444
chr16	8145940	8146012	RNA5090	72	18	1.2250166491867276e-05	0.0	1.0	250000.0
chr16	8150892	8150964	RNA5091	72	18	1.3065561082228877e-05	1.4695949630549876e-05	1.0	250000.0
chr16	8153193	8153265	RNA5092	72	13	6.784638431921709e-06	0.0	1.0	180555.55555555556
chr16	8161604	8161675	RNA5093	71	28	1.890379637968034e-05	1.4698100130772218e-05	1.0	394366.1971830986
chr16	8163431	8163503	RNA5094	72	0				0.0
chr16	10204916	10204987	RNA5095	71	22	2.8078190553054433e-05	1.470179995521903e-05	1.0	309859.15492957743
chr16	11528040	11528127	RNA5096	87	14	4.201057111328867e-06	0.0	1.0	160919.54022988505
chr16	13243812	13243883	RNA5097	71	25	0.00010777251387480309	0.0	1.0	352112.676056338
chr16	14059703	14059774	RNA5098	71	14	0.00013332183555445553	1.4694850051455433e-05	1.0	197183.0985915493
chr16	14062940	14063011	RNA5099	71	20	0.04640945289056617	7.347300197579898e-06	0.95	281690.1408450704
chr16	14069333	14069404	RNA5100	71	24	0.041694248633082985	7.348849976551719e-06	0.9583333333333334	338028.1690140845
chr16	14403287	14403358	RNA5101	71	12	3.556595061126437e-05	1.4715799807163421e-05	1.0	169014.08450704225
chr16	14403293	14403364	RNA5102	71	11	1.8733045759617292e-05	1.4710200048284603e-05	1.0	154929.57746478872
chr16	14403295	14403366	RNA5103	71	12	3.3127292075115846e-05	1.4714949884364614e-05	1.0	169014.08450704225
chr16	15381100	15381187	RNA5104	87	0				0.0
chr16	15381156	15381227	RNA5105	71	0				0.0
chr16	16143345	16143432	RNA5106	87	19	1.4706800309221235e-05	1.4700700376124589e-05	1.0	218390.80459770115
chr16	16143491	16143578	RNA5107	64	22	0.01236178711298469	2.0181600120849907e-05	0.9545454545454546	343750.0
chr16	16143625	16143712	RNA5108	87	7	1.6904914575986497e-05	1.4743200154043734e-05	1.0	80459.77011494253
chr16	16427584	16427671	RNA5109	59	0				0.0
chr16	16431564	16431651	RNA5110	87	19	2.3217284443054934e-05	0.0	1.0	218390.80459770115
chr16	16431802	16431889	RNA5111	87	14	0.02348635140495908	1.4983750133978901e-05	0.9285714285714286	160919.54022988505
chr16	17487916	17487997	RNA5112	81	9	6.533688873686414e-06	0.0	1.0	111111.11111111111
chr16	17490866	17490953	RNA5113	78	19	0.00038405880647922347	1.5353900380432606e-05	1.0	243589.7435897436
chr16	19085124	19085195	RNA5114	71	21	0.0002946299426271348	0.0	1.0	295774.6478873239
chr16	21186231	21186318	RNA5115	87	13	1.4704946037314725e-05	1.4698999621032272e-05	1.0	149425.28735632185
chr16	21192191	21192272	RNA5116	81	24	8.573283215200287e-06	0.0	1.0	296296.2962962963
chr16	22001287	22001368	RNA5117	81	13	6.786430906056641e-06	0.0	1.0	160493.82716049382
chr16	22193691	22193772	RNA5118	81	16	1.5624462378127646e-05	0.0	1.0	197530.86419753084
chr16	22194190	22194271	RNA5119	81	7	8.817461717365627e-05	0.0	1.0	86419.75308641975
chr16	22199869	22199950	RNA5120	81	12	0.08974104781865815	1.4695250229124213e-05	0.8333333333333334	148148.14814814815
chr16	22202422	22202503	RNA5121	81	13	1.8095130984035608e-05	0.0	1.0	160493.82716049382
chr16	22289206	22289287	RNA5122	80	22	0.04546859815474653	7.370049843302695e-06	0.9545454545454546	275000.0
chr16	23219358	23219439	RNA5123	81	19	2.0113394528282997e-05	0.0	1.0	234567.9012345679
chr16	25557019	25557153	RNA5124	134	31	1.327783537553381e-05	0.0	1.0	231343.28358208956
chr16	26152695	26152823	RNA5125	128	23	0.005171317355748406	0.0	0.9565217391304348	179687.5
chr16	27154739	27154820	RNA5126	81	18	0.05018686898544425	1.4697699953103438e-05	0.9444444444444444	222222.22222222222
chr16	29701024	29701158	RNA5127	126	23	5.9072633832878645e-05	1.5680900105508044e-05	1.0	182539.68253968252
chr16	29706716	29706844	RNA5128	113	20	0.05005306906587065	1.5526899915130343e-05	0.95	176991.15044247787
chr16	30370521	30370655	RNA5129	134	40	0.025080114722527462	1.4698999621032272e-05	0.975	298507.46268656716
chr16	30401939	30402073	RNA5130	134	29	2.737688665265125e-05	1.4698500308440998e-05	1.0	216417.91044776118
chr16	30403969	30404103	RNA5131	134	15	1.3720246655187414e-05	1.4698999621032272e-05	1.0	111940.29850746269
chr16	30431301	30431435	RNA5132	134	25	1.8824467915692366e-05	1.470159986638464e-05	1.0	186567.1641791045
chr16	30433883	30434017	RNA5133	134	11	1.6041363365233835e-05	0.0	1.0	82089.55223880598
chr16	30523725	30523859	RNA5134	133	23	5.5177557244496305e-05	1.475449971621856e-05	1.0	172932.33082706766
chr16	30626346	30626474	RNA5135	128	23	1.0227847902253574e-05	0.0	1.0	179687.5
chr16	30693542	30693670	RNA5136	128	18	0.00750655480346217	7.347300197579898e-06	0.9444444444444444	140625.0
chr16	30693918	30694046	RNA5137	128	25	2.529280354792605e-05	1.47024002217222e-05	1.0	195312.5
chr16	30776318	30776446	RNA5138	123	27	1.2233070096783429e-05	0.0	1.0	219512.19512195123
chr16	30777927	30778055	RNA5139	128	21	2.9398676555756133e-05	0.0	1.0	164062.5
chr16	30801116	30801244	RNA5140	125	0				0.0
chr16	31341677	31341811	RNA5141	134	29	0.00017251443227121348	0.0	1.0	216417.91044776118
chr16	31948969	31949097	RNA5142	128	0				0.0
chr16	35205635	35205769	RNA5143	134	0				0.0
chr16	35708070	35708198	RNA5144	128	0				0.0
chr16	51996396	51996479	RNA5145	83	21	5.610857182806025e-06	0.0	1.0	253012.04819277106
chr16	52383908	52383990	RNA5146	82	19	1.392475793469011e-05	1.4698100130772218e-05	1.0	231707.31707317074
chr16	53581881	53582016	RNA5147	135	24	0.00026084978048856403	0.0	1.0	177777.77777777778
chr16	53592562	53592696	RNA5148	134	25	0.0009720797391491905	1.4697199731017465e-05	1.0	186567.1641791045
chr16	55835231	55835314	RNA5149	83	12	1.5920533390571166e-05	7.346900019911118e-06	1.0	144578.31325301205
chr16	56358062	56358144	RNA5150	82	18	1.551653354504702e-05	0.0	1.0	219512.19512195123
chr16	56689434	56689517	RNA5151	83	16	0.00015812562139671832	0.0	1.0	192771.0843373494
chr16	56850288	56850371	RNA5152	83	12	0.08334313260002091	1.469724975322606e-05	0.9166666666666666	144578.31325301205
chr16	56856964	56857047	RNA5153	83	11	0.01618314120737935	1.4698999621032272e-05	0.9090909090909091	132530.12048192773
chr16	56859396	56859479	RNA5154	83	21	0.0004193630607222088	1.4708500202686992e-05	1.0	253012.04819277106
chr16	56860046	56860129	RNA5155	83	11	6.682563666386572e-06	0.0	1.0	132530.12048192773
chr16	56932045	56932128	RNA5156	83	31	0.010902235633253555	1.4698100130772218e-05	0.967741935483871	373493.9759036144
chr16	57241266	57241348	RNA5157	82	11	0.0001323066606511716	1.4698999621032272e-05	1.0	134146.34146341463
chr16	57287547	57287629	RNA5158	82	0				0.0
chr16	57297216	57297298	RNA5159	82	19	0.03366636515784193	0.0	0.9473684210526315	231707.31707317074
chr16	57301071	57301153	RNA5160	82	14	8.399278483141512e-06	7.348599865508732e-06	1.0	170731.7073170732
chr16	57318243	57318325	RNA5161	82	21	2.5201290035117662e-05	1.4698500308440998e-05	1.0	256097.56097560975
chr16	57402914	57402996	RNA5162	82	17	0.0013653520221422982	0.0	1.0	207317.0731707317
chr16	57538279	57538414	RNA5163	135	30	1.0780823443686434e-05	0.0	1.0	222222.22222222222
chr16	57540593	57540727	RNA5164	134	20	0.0011039894455734567	1.4698549875902245e-05	1.0	149253.73134328358
chr16	57757611	57757694	RNA5165	83	21	0.0011293664713645812	0.0	1.0	253012.04819277106
chr16	58231054	58231136	RNA5166	82	20	0.049969126911446435	1.4696400285174605e-05	0.95	243902.43902439025
chr16	58414226	58414360	RNA5167	134	18	0.0048459833061416215	1.469744984206045e-05	0.9444444444444444	134328.35820895524
chr16	58417893	58418028	RNA5168	135	31	0.0007099757774760175	0.0	1.0	229629.62962962964
chr16	58419843	58419977	RNA5169	134	37	2.9001986862366594e-05	0.0	1.0	276119.4029850747
chr16	58420162	58420297	RNA5170	135	18	5.720477828516677e-06	0.0	1.0	133333.33333333334
chr16	58420304	58420439	RNA5171	135	16	1.0106162392276019e-05	0.0	1.0	118518.51851851853
chr16	58420832	58420966	RNA5172	134	23	0.0039000895287007666	1.4697199731017465e-05	0.9565217391304348	171641.79104477612
chr16	58630003	58630137	RNA5173	134	32	0.00226231570297841	1.4696599919261644e-05	0.96875	238805.97014925373
chr16	58630041	58630176	RNA5174	135	32	0.010179174886815188	0.0	0.9375	237037.03703703705
chr16	58630404	58630538	RNA5175	134	43	2.939486827482182e-05	0.0	1.0	320895.5223880597
chr16	58630535	58630670	RNA5176	135	35	2.5193486414664925e-05	1.469549988541985e-05	1.0	259259.25925925924
chr16	58656108	58656243	RNA5177	135	30	0.0017449740001514579	1.4712999927724013e-05	1.0	222222.22222222222
chr16	58656802	58656936	RNA5178	134	0				0.0
chr16	59551753	59551887	RNA5179	134	23	1.4060869588039745e-05	1.4697199731017465e-05	1.0	171641.79104477612
chr16	59556143	59556278	RNA5180	135	33	0.01476093288861055	0.0	0.9696969696969697	244444.44444444444
chr16	61646647	61646730	RNA5181	83	27	0.0740183112905773	0.0	0.8888888888888888	325301.2048192771
chr16	62292661	62292743	RNA5182	82	17	9.683395375544978e-05	1.4697699953103438e-05	1.0	207317.0731707317
chr16	62404569	62404703	RNA5183	134	20	9.55566497395921e-06	0.0	1.0	149253.73134328358
chr16	62405154	62405289	RNA5184	135	19	0.00011835649978533076	0.0	1.0	140740.74074074076
chr16	64826179	64826282	RNA5185	103	20	0.009106794538820396	0.0	0.95	194174.7572815534
chr16	66158524	66158594	RNA5186	70	13	7.915323014738253e-06	0.0	1.0	185714.2857142857
chr16	66166056	66166135	RNA5187	79	14	3.989827882832537e-05	0.0	1.0	177215.18987341772
chr16	66171168	66171238	RNA5188	70	15	0.0805424465669906	0.0	0.8666666666666667	214285.71428571426
chr16	66181261	66181354	RNA5189	93	12	8.619124931404562e-06	7.347950031544315e-06	1.0	129032.25806451612
chr16	66426569	66426641	RNA5190	72	14	1.531056432213518e-05	1.4702250155096408e-05	1.0	194444.44444444444
chr16	66802392	66802477	RNA5191	85	10	0.10000735605990485	7.353150067501702e-06	0.9	117647.05882352941
chr16	66802557	66802691	RNA5192	133	26	0.0007451734649153934	7.347950031544315e-06	1.0	195488.72180451127
chr16	68518745	68518817	RNA5193	72	12	6.004360890678371e-05	3.675539937830763e-05	1.0	166666.66666666666
chr16	68529747	68529850	RNA5194	103	46	0.016698018261649846	1.4697199731017465e-05	0.9782608695652174	446601.94174757286
chr16	69507796	69507875	RNA5195	79	12	7.352333341259509e-06	0.0	1.0	151898.7341772152
chr16	69507879	69507972	RNA5196	93	34	0.0001129120182400432	0.0	1.0	365591.3978494624
chr16	69508465	69508568	RNA5197	103	31	0.008435661329713183	0.0	0.967741935483871	300970.87378640776
chr16	69509547	69509650	RNA5198	102	12	0.00022222513067995977	1.594595005371957e-05	1.0	117647.05882352941
chr16	69510092	69510195	RNA5199	103	16	2.2061625145394636e-05	1.470179995521903e-05	1.0	155339.8058252427
chr16	69942724	69942794	RNA5200	70	0				0.0
chr16	69944156	69944259	RNA5201	103	0				0.0
chr16	69944488	69944591	RNA5202	103	0				0.0
chr16	69945068	69945171	RNA5203	103	0				0.0
chr16	69947513	69947583	RNA5204	32	0				0.0
chr16	70440555	70440634	RNA5205	79	14	1.576642853251542e-05	1.471605037295376e-05	1.0	177215.18987341772
chr16	70440822	70440894	RNA5206	72	16	0.0001270192258857553	0.0	1.0	222222.22222222222
chr16	70441422	70441515	RNA5207	93	25	2.6506172507645965e-05	1.4704200111737007e-05	1.0	268817.20430107525
chr16	70523567	70523660	RNA5208	92	23	1.4472608476669491e-05	0.0	1.0	250000.0
chr16	70523584	70523677	RNA5209	92	20	1.885011961348914e-05	0.0	1.0	217391.30434782608
chr16	70523635	70523714	RNA5210	79	25	2.4139124179780107e-05	1.47024002217222e-05	1.0	316455.6962025317
chr16	70523683	70523762	RNA5211	79	19	2.631508969467108e-05	1.4699399798701052e-05	1.0	240506.32911392406
chr16	70577677	70577770	RNA5212	93	23	1.981968260066221e-05	0.0	1.0	247311.82795698926
chr16	70577685	70577764	RNA5213	79	18	1.552281133222241e-05	0.0	1.0	227848.10126582277
chr16	70577749	70577828	RNA5214	79	15	0.0003686769941850797	0.0	1.0	189873.417721519
chr16	70577827	70577920	RNA5215	93	26	1.9806465388682303e-05	7.350549822149332e-06	1.0	279569.89247311826
chr16	70660847	70660926	RNA5216	78	15	0.06709555298657506	1.5676399925723672e-05	0.9333333333333333	192307.6923076923
chr16	70660852	70660945	RNA5217	93	11	0.09087514688194048	1.5676399925723672e-05	0.9090909090909091	118279.56989247313
chr16	70686226	70686329	RNA5218	103	21	3.3676567736183214e-05	0.0	1.0	203883.49514563105
chr16	70686256	70686326	RNA5219	70	20	3.462380113887366e-05	0.0	1.0	285714.2857142857
chr16	70686315	70686385	RNA5220	70	20	0.005206671047289994	0.0	0.95	285714.2857142857
chr16	70686879	70686949	RNA5221	70	15	1.0783479835178393e-05	0.0	1.0	214285.71428571426
chr16	70686927	70686997	RNA5222	70	18	0.0546002636107106	1.4700700376124589e-05	0.9444444444444444	257142.85714285713
chr16	70687090	70687160	RNA5223	70	17	1.9887641535794555e-05	1.4699799976369832e-05	1.0	242857.14285714284
chr16	70687213	70687347	RNA5224	134	29	9.124141358586906e-06	0.0	1.0	216417.91044776118
chr16	70687290	70687360	RNA5225	70	21	1.540178588280677e-05	0.0	1.0	300000.0
chr16	70801191	70801261	RNA5226	70	27	0.010631135103250446	1.4697199731017465e-05	0.9629629629629629	385714.28571428574
chr16	70801282	70801367	RNA5227	85	18	0.00011919869080479183	1.4696800008096034e-05	1.0	211764.70588235295
chr16	70801370	70801440	RNA5228	70	15	1.567615333139353e-05	1.4696400285174605e-05	1.0	214285.71428571426
chr16	70801686	70801756	RNA5229	70	15	2.1558433581953136e-05	0.0	1.0	214285.71428571426
chr16	70801740	70801810	RNA5230	70	13	1.5828346057296847e-05	1.469549988541985e-05	1.0	185714.2857142857
chr16	70801871	70801941	RNA5231	70	11	3.3408045634454714e-05	0.0	1.0	157142.85714285713
chr16	70801960	70802030	RNA5232	70	11	0.00014563921500996744	0.0	1.0	157142.85714285713
chr16	71355722	71355794	RNA5233	72	19	4.2544153841029106e-05	1.4697199731017465e-05	1.0	263888.8888888889
chr16	71357523	71357595	RNA5234	72	16	9.33818745352255e-06	0.0	1.0	222222.22222222222
chr16	71358441	71358513	RNA5235	72	12	7.3511750997568015e-06	0.0	1.0	166666.66666666666
chr16	71426722	71426794	RNA5236	72	37	0.00037896844699118314	1.4696400285174605e-05	1.0	513888.8888888888
chr16	71442536	71442608	RNA5237	72	20	1.3229980186224567e-05	0.0	1.0	277777.7777777778
chr16	71444751	71444823	RNA5238	72	17	0.008725423668693102	1.4703699889651034e-05	0.9411764705882353	236111.1111111111
chr16	71445387	71445466	RNA5239	79	16	9.706618641303066e-06	0.0	1.0	202531.64556962025
chr16	71621725	71621810	RNA5240	85	26	3.9087181798652765e-05	1.4715400084241992e-05	1.0	305882.3529411765
chr16	71622895	71623029	RNA5241	134	30	3.872329061777626e-05	1.4701099644298664e-05	1.0	223880.59701492538
chr16	71623190	71623324	RNA5242	114	28	3.4083489026667955e-05	7.351450221904088e-06	1.0	245614.0350877193
chr16	71623297	71623390	RNA5243	93	12	1.1028675241201805e-05	7.350150099227904e-06	1.0	129032.25806451612
chr16	71623463	71623597	RNA5244	134	19	1.547265774685289e-05	1.4696799553348685e-05	1.0	141791.0447761194
chr16	71724782	71724916	RNA5245	134	27	0.005409450896810017	0.0	0.9629629629629629	201492.53731343284
chr16	71725566	71725700	RNA5246	134	23	0.0217084187592975	1.4698999621032272e-05	0.9565217391304348	171641.79104477612
chr16	71728453	71728587	RNA5247	134	27	0.0018379580739444129	0.0	1.0	201492.53731343284
chr16	71728710	71728795	RNA5248	85	18	0.055561267855713	1.4701349755341653e-05	0.9444444444444444	211764.70588235295
chr16	71728782	71728867	RNA5249	85	29	0.00011813829578072436	1.4697699953103438e-05	1.0	341176.4705882353
chr16	71728791	71728861	RNA5250	70	27	0.00012307865091753357	1.4697699953103438e-05	1.0	385714.28571428574
chr16	71728884	71728954	RNA5251	70	9	6.5324888459549075e-06	0.0	1.0	128571.42857142857
chr16	72043402	72043487	RNA5252	85	11	7.482066319591047e-05	0.0	1.0	129411.76470588236
chr16	72043480	72043565	RNA5253	85	11	8.551283611846959e-05	1.4699399798701052e-05	1.0	129411.76470588236
chr16	72043811	72043896	RNA5254	85	10	7.35099993107724e-06	7.349699899350526e-06	1.0	117647.05882352941
chr16	72196344	72196416	RNA5255	72	19	0.02667659858803075	0.0	0.9473684210526315	263888.8888888889
chr16	72197159	72197231	RNA5256	72	13	0.001821861795458687	1.4700300198455809e-05	1.0	180555.55555555556
chr16	72197267	72197352	RNA5257	85	21	0.002982227168753785	1.4697699953103438e-05	0.9523809523809523	247058.82352941178
chr16	72197681	72197753	RNA5258	72	13	6.7843384385923855e-06	0.0	1.0	180555.55555555556
chr16	72197953	72198025	RNA5259	72	20	1.1760274946936989e-05	0.0	1.0	277777.7777777778
chr16	72198935	72199007	RNA5260	72	22	0.001614872844832206	1.4695949630549876e-05	1.0	305555.55555555556
chr16	72199674	72199808	RNA5261	134	24	0.00023627307261145662	1.4700900010211626e-05	1.0	179104.4776119403
chr16	73894918	73894990	RNA5262	72	13	2.6013346401808665e-05	1.4702900443808176e-05	1.0	180555.55555555556
chr16	73895583	73895655	RNA5263	72	18	3.102940556547646e-05	0.0	1.0	250000.0
chr16	73898704	73898776	RNA5264	72	11	0.0003997668277820091	0.0	1.0	152777.77777777778
chr16	74705285	74705388	RNA5265	103	26	0.03847058592317318	0.0	0.9615384615384616	252427.18446601942
chr16	74711603	74711675	RNA5266	72	0				0.0
chr16	75275648	75275727	RNA5267	79	22	2.5386417953329962e-05	1.4696799553348685e-05	1.0	278481.0126582278
chr16	75279219	75279312	RNA5268	93	15	2.7435926616205207e-05	1.4698100130772218e-05	1.0	161290.32258064515
chr16	75777176	75777246	RNA5269	67	15	0.13334746610683698	1.494370008003898e-05	0.8666666666666667	223880.59701492538
chr16	75785458	75785528	RNA5270	70	9	1.6337333363480866e-05	0.0	1.0	128571.42857142857
chr16	76263231	76263365	RNA5271	134	32	1.42479464670925e-05	0.0	1.0	238805.97014925373
chr16	76263587	76263672	RNA5272	85	15	0.00695108998910048	1.470460028940579e-05	0.9333333333333333	176470.58823529413
chr16	76263709	76263781	RNA5273	72	15	4.607808635531037e-05	0.0	1.0	208333.33333333334
chr16	77159783	77159858	RNA5274	75	13	2.4880830726313154e-05	1.4707199625263456e-05	1.0	173333.33333333334
chr16	78074751	78074839	RNA5275	88	0				0.0
chr16	78080184	78080256	RNA5276	72	18	0.00444140564337026	1.4698749964736635e-05	1.0	250000.0
chr16	80594049	80594124	RNA5277	75	20	2.5733329766808176e-05	1.4703499800816644e-05	1.0	266666.6666666667
chr16	81291936	81292011	RNA5278	75	14	1.1553507062801924e-05	0.0	1.0	186666.6666666667
chr16	81314833	81314908	RNA5279	75	29	6.993146285069553e-05	0.0	1.0	386666.6666666667
chr16	81314846	81314921	RNA5280	75	32	6.888745056698927e-05	0.0	1.0	426666.6666666667
chr16	81392089	81392164	RNA5281	75	28	0.05342072753969009	1.4697000096930424e-05	0.8928571428571429	373333.3333333334
chr16	81393277	81393352	RNA5282	75	32	0.03861878853615507	1.4698950053571025e-05	0.90625	426666.6666666667
chr16	81444652	81444727	RNA5283	75	42	3.822384033333369e-05	1.526039977761684e-05	1.0	560000.0
chr16	81713236	81713324	RNA5284	88	20	5.2805233963220535e-05	1.4750150057807332e-05	1.0	227272.72727272726
chr16	82414828	82414903	RNA5285	75	21	6.744830902572589e-05	1.4931600162526593e-05	1.0	280000.0
chr16	82429062	82429134	RNA5286	72	19	0.0030361251684601093	1.4701099644298664e-05	0.9473684210526315	263888.8888888889
chr16	82603734	82603822	RNA5287	88	27	1.0889899924761806e-05	0.0	1.0	306818.1818181818
chr16	82604757	82604845	RNA5288	88	22	0.0510397211317633	1.4699799976369832e-05	0.8636363636363636	250000.0
chr16	82605598	82605686	RNA5289	88	27	0.0019564765761970184	1.4698999621032272e-05	0.9629629629629629	306818.1818181818
chr16	83967077	83967165	RNA5290	88	25	1.2346712064754684e-05	0.0	1.0	284090.9090909091
chr16	83967175	83967263	RNA5291	88	20	9.55713512666989e-06	7.349899988184916e-06	1.0	227272.72727272726
chr16	83967900	83967988	RNA5292	88	13	0.1538621999690384	1.4809100321144795e-05	0.8461538461538461	147727.27272727274
chr16	83967998	83968086	RNA5293	88	31	0.001495476395487659	0.0	1.0	352272.7272727273
chr16	84562878	84562949	RNA5294	71	25	2.529172415961315e-05	0.0	1.0	352112.676056338
chr16	86218013	86218088	RNA5295	75	17	9.511458836855395e-06	1.4697699953103438e-05	1.0	226666.66666666666
chr16	86425544	86425616	RNA5296	72	23	4.793896072362294e-05	1.4698999621032272e-05	1.0	319444.44444444444
chr16	87072461	87072533	RNA5297	72	21	0.046044647376263695	0.0	0.9047619047619048	291666.6666666667
chr16	87075069	87075141	RNA5298	72	28	0.0002778641315411971	1.4705399735248648e-05	1.0	388888.8888888889
chr16	87081681	87081753	RNA5299	72	11	2.672381841958585e-06	0.0	1.0	152777.77777777778
chr16	87405413	87405485	RNA5300	72	18	1.4697183663277732e-05	7.347300197579898e-06	1.0	250000.0
chr16	87405596	87405668	RNA5301	72	14	9.449728557748521e-06	0.0	1.0	194444.44444444444
chr16	87518903	87518975	RNA5302	72	20	0.03316393807463101	1.4696150174131617e-05	0.95	277777.7777777778
chr16	87595035	87595123	RNA5303	88	18	4.65440552943609e-05	1.4698300219606608e-05	1.0	204545.45454545456
chr16	88381560	88381632	RNA5304	72	28	3.9367810554067914e-05	7.347549853875535e-06	1.0	388888.8888888889
chr16	88552712	88552783	RNA5305	71	11	0.09197033942109555	1.4705399735248648e-05	0.9090909090909091	154929.57746478872
chr16	89490575	89490646	RNA5306	71	7	1.4740514286261583e-05	0.0	1.0	98591.54929577465
chr16	89558705	89558776	RNA5307	71	0				0.0
chr16	89560576	89560647	RNA5308	71	23	8.051250603349098e-05	1.469549988541985e-05	1.0	323943.661971831
chr16	89565000	89565071	RNA5309	71	33	1.4254382084330071e-05	1.4698500308440998e-05	1.0	464788.7323943662
chr16	89565500	89565571	RNA5310	71	20	0.049895283433443176	0.0	0.95	281690.1408450704
chr16	89671300	89671371	RNA5311	71	14	1.1561535692245733e-05	7.353799901466118e-06	1.0	197183.0985915493
chr16	90227409	90227480	RNA5312	0	0				
chr17	792774	792858	RNA5313	84	24	0.062509774150044	0.0	0.9166666666666666	285714.2857142857
chr17	982506	982589	RNA5314	83	18	0.05554820224445697	0.0	0.9444444444444444	216867.4698795181
chr17	991349	991432	RNA5315	83	11	2.6835955064923228e-05	1.4707999980601016e-05	1.0	132530.12048192773
chr17	991355	991438	RNA5316	83	11	2.6835955064923228e-05	1.4707999980601016e-05	1.0	132530.12048192773
chr17	1271844	1271927	RNA5317	83	19	2.320728454881208e-05	0.0	1.0	228915.6626506024
chr17	1272874	1272957	RNA5318	83	22	8.685377203867326e-06	0.0	1.0	265060.24096385547
chr17	1273123	1273206	RNA5319	83	13	0.0005926489862898756	1.469590006308863e-05	1.0	156626.5060240964
chr17	1275823	1275908	RNA5320	85	35	0.05838923202414401	1.6011799743864685e-05	0.9428571428571428	411764.7058823529
chr17	1276692	1276783	RNA5321	48	0				0.0
chr17	1685699	1685783	RNA5322	84	18	1.4703838638120538e-05	1.4698950053571025e-05	1.0	214285.71428571426
chr17	1697520	1697604	RNA5323	84	0				0.0
chr17	1710415	1710499	RNA5324	84	33	9.447331420674015e-05	0.0	1.0	392857.14285714284
chr17	1739208	1739292	RNA5325	0	10	0.09971262228282284	1.6361249436158687e-05	0.9	
chr17	1739830	1739914	RNA5326	0	0				
chr17	1760751	1760842	RNA5327	91	14	7.25178588904064e-05	1.4709350125485798e-05	1.0	153846.15384615384
chr17	1760823	1760908	RNA5328	85	19	0.00019120775213147967	0.0	1.0	223529.4117647059
chr17	1760969	1761060	RNA5329	91	27	3.0499307589095135e-05	1.470460028940579e-05	1.0	296703.2967032967
chr17	1760981	1761066	RNA5330	85	29	2.180608291758741e-05	1.4704999557579868e-05	1.0	341176.4705882353
chr17	1761168	1761259	RNA5331	91	11	0.033944598944882186	1.4911999642208684e-05	0.9090909090909091	120879.12087912088
chr17	1761263	1761348	RNA5332	85	16	0.12541325505873147	1.470005008741282e-05	0.875	188235.29411764705
chr17	1761367	1761450	RNA5333	83	17	1.4709835287409506e-05	1.4701099644298664e-05	1.0	204819.27710843371
chr17	1761809	1761893	RNA5334	84	28	5.249168449543301e-05	0.0	1.0	333333.3333333333
chr17	2750051	2750185	RNA5335	134	28	2.6248199999045665e-05	0.0	1.0	208955.223880597
chr17	2750205	2750290	RNA5336	85	16	1.0105950025263155e-05	7.348599865508732e-06	1.0	188235.29411764705
chr17	2750538	2750622	RNA5337	84	20	1.7640400028536887e-05	1.4699599887535442e-05	1.0	238095.23809523808
chr17	2750830	2750971	RNA5338	141	25	0.03863639069666533	1.4697199731017465e-05	0.92	177304.9645390071
chr17	2751613	2751698	RNA5339	85	13	0.0018467380864072155	0.0	1.0	152941.17647058825
chr17	2752011	2752096	RNA5340	85	18	1.5515027876568058e-05	0.0	1.0	211764.70588235295
chr17	2752048	2752184	RNA5341	136	23	2.4300978506997235e-05	1.4698100130772218e-05	1.0	169117.64705882355
chr17	2752190	2752281	RNA5342	91	5	3.824093964793722e-05	1.4712400115968194e-05	1.0	54945.054945054944
chr17	2752429	2752520	RNA5343	88	0				0.0
chr17	2752536	2752627	RNA5344	91	0				0.0
chr17	3055715	3055852	RNA5345	0	0				
chr17	3125978	3126059	RNA5346	81	9	0.00027602155407495757	1.4698999621032272e-05	1.0	111111.11111111111
chr17	3185987	3186060	RNA5347	73	11	4.545304529363371e-05	1.47024002217222e-05	1.0	150684.9315068493
chr17	3188966	3189039	RNA5348	73	15	1.077868673746707e-05	0.0	1.0	205479.4520547945
chr17	3193533	3193669	RNA5349	136	21	0.04763724785265194	0.0	0.9523809523809523	154411.76470588235
chr17	3195411	3195492	RNA5350	81	8	1.6535037389076024e-05	1.469764993089484e-05	1.0	98765.43209876542
chr17	3196501	3196578	RNA5351	77	13	3.958096203857702e-05	0.0	1.0	168831.16883116882
chr17	3226242	3226313	RNA5352	71	0				0.0
chr17	3232486	3232557	RNA5353	71	0				0.0
chr17	3235473	3235546	RNA5354	73	0				0.0
chr17	3275583	3275668	RNA5355	85	0				0.0
chr17	3275680	3275771	RNA5356	91	0				0.0
chr17	5772023	5772106	RNA5357	83	7	0.05893544159919526	4.408779932418838e-05	0.8571428571428571	84337.34939759035
chr17	6569024	6569158	RNA5358	134	23	0.0023761917106995697	1.4698100130772218e-05	0.9565217391304348	171641.79104477612
chr17	6576694	6576830	RNA5359	136	29	1.723993807837291e-05	0.0	1.0	213235.29411764705
chr17	6577074	6577215	RNA5360	141	19	5.415163095198008e-06	0.0	1.0	134751.7730496454
chr17	6713426	6713510	RNA5361	84	25	1.177074809675105e-05	0.0	1.0	297619.04761904763
chr17	6835246	6835383	RNA5362	137	24	2.0820333361369156e-05	0.0	1.0	175182.48175182482
chr17	7127152	7127233	RNA5363	81	18	0.0004858611797418225	0.0	1.0	222222.22222222222
chr17	7134781	7134854	RNA5364	72	12	1.4085441534916754e-05	7.350549822149332e-06	1.0	166666.66666666666
chr17	7136009	7136090	RNA5365	81	19	4.967770636491107e-05	1.471759969717823e-05	1.0	234567.9012345679
chr17	7136981	7137058	RNA5366	77	16	3.950340567371301e-05	1.4698999621032272e-05	1.0	207792.2077922078
chr17	7179684	7179820	RNA5367	136	21	0.047640046442774336	1.4697699953103438e-05	0.9523809523809523	154411.76470588235
chr17	7187045	7187118	RNA5368	73	12	2.449924219641228e-05	0.0	1.0	164383.5616438356
chr17	7225266	7225337	RNA5369	71	12	0.08333701518411846	0.0	0.9166666666666666	169014.08450704225
chr17	7225266	7225337	RNA5370	71	12	0.08333701518411846	0.0	0.9166666666666666	169014.08450704225
chr17	7225268	7225341	RNA5371	73	12	0.08333701518411846	0.0	0.9166666666666666	164383.5616438356
chr17	7239727	7239861	RNA5372	134	37	4.410423114038395e-05	0.0	1.0	276119.4029850747
chr17	7239737	7239871	RNA5373	134	33	4.81130653662888e-05	0.0	1.0	246268.6567164179
chr17	7239740	7239881	RNA5374	141	33	4.8558450213352545e-05	0.0	1.0	234042.55319148937
chr17	7239743	7239884	RNA5375	141	34	4.799480460432606e-05	0.0	1.0	241134.75177304962
chr17	7239758	7239894	RNA5376	136	35	4.788342451190231e-05	0.0	1.0	257352.94117647057
chr17	7239761	7239897	RNA5377	136	35	4.788342451190231e-05	0.0	1.0	257352.94117647057
chr17	7239789	7239930	RNA5378	141	36	4.49194155357363e-05	0.0	1.0	255319.14893617018
chr17	7239794	7239928	RNA5379	134	34	4.7561734096661965e-05	7.348849976551719e-06	1.0	253731.3432835821
chr17	7239853	7239989	RNA5380	136	23	1.2142830477703525e-05	0.0	1.0	169117.64705882355
chr17	7239912	7240003	RNA5381	91	12	7.3493332971944865e-06	0.0	1.0	131868.13186813187
chr17	7239920	7240005	RNA5382	85	12	7.3493332971944865e-06	0.0	1.0	141176.4705882353
chr17	7633955	7634091	RNA5383	136	53	0.0190047979978154	1.4881799870636314e-05	0.9811320754716981	389705.8823529412
chr17	7634076	7634210	RNA5384	134	26	0.03858831956271248	0.0	0.9615384615384616	194029.85074626867
chr17	7634407	7634548	RNA5385	141	21	0.027273197936015743	0.0	0.9523809523809523	148936.17021276595
chr17	7634513	7634649	RNA5386	136	22	3.0741267850810985e-05	0.0	1.0	161764.70588235295
chr17	7634537	7634678	RNA5387	141	26	0.0384920748382893	0.0	0.9615384615384616	184397.16312056736
chr17	7634584	7634718	RNA5388	134	23	0.043501915252304374	1.4697199731017465e-05	0.9565217391304348	171641.79104477612
chr17	7658696	7658830	RNA5389	134	24	0.0022204353615506984	1.4699399798701052e-05	0.9583333333333334	179104.4776119403
chr17	7659853	7659989	RNA5390	136	35	2.2277591311385914e-05	0.0	1.0	257352.94117647057
chr17	7660688	7660829	RNA5391	128	39	3.351452745939399e-05	0.0	1.0	304687.5
chr17	7713088	7713225	RNA5392	137	32	1.8377525066171074e-05	1.4697450296807801e-05	1.0	233576.6423357664
chr17	7713520	7713657	RNA5393	137	23	1.4701773896218663e-05	1.4697699953103438e-05	1.0	167883.2116788321
chr17	7713637	7713774	RNA5394	137	29	0.03451570757292286	1.4697199731017465e-05	0.9655172413793104	211678.8321167883
chr17	7912882	7913019	RNA5395	137	19	1.0831184370449351e-05	0.0	1.0	138686.13138686132
chr17	7917968	7918105	RNA5396	137	22	6.018220871985771e-05	1.4700449810334248e-05	1.0	160583.9416058394
chr17	7989580	7989717	RNA5397	137	30	0.0007725628020731729	1.470694996896782e-05	1.0	218978.10218978103
chr17	7994831	7994912	RNA5398	81	13	0.00012444790571372466	0.0	1.0	160493.82716049382
chr17	8055032	8055105	RNA5399	73	10	0.03563837123519988	0.0	0.9	136986.301369863
chr17	8055039	8055120	RNA5400	81	11	0.03239851730474832	0.0	0.9090909090909091	135802.46913580247
chr17	8055751	8055828	RNA5401	77	14	0.006742101859215042	0.0	0.9285714285714286	181818.18181818182
chr17	8087908	8088044	RNA5402	135	30	0.0002660285384081283	1.4710650248161984e-05	1.0	222222.22222222222
chr17	8087959	8088032	RNA5403	72	17	0.00018961051425909318	1.4704200111737007e-05	1.0	236111.1111111111
chr17	8119061	8119142	RNA5404	81	32	0.03132762121495602	1.4697699953103438e-05	0.96875	395061.7283950617
chr17	8119549	8119630	RNA5405	81	19	1.9335673833231302e-05	0.0	1.0	234567.9012345679
chr17	8120423	8120504	RNA5406	81	34	0.0008658900474074439	0.0	1.0	419753.0864197531
chr17	8120448	8120519	RNA5407	71	25	0.0011717310164021865	0.0	1.0	352112.676056338
chr17	8120500	8120571	RNA5408	71	11	4.009636375650933e-06	0.0	1.0	154929.57746478872
chr17	8127032	8127113	RNA5409	81	16	0.00011301121469386389	0.0	1.0	197530.86419753084
chr17	8127394	8127475	RNA5410	81	16	0.0017701327282679776	7.35079993319232e-06	1.0	197530.86419753084
chr17	8127396	8127469	RNA5411	73	16	0.0017701327282679776	7.35079993319232e-06	1.0	219178.08219178082
chr17	8127422	8127495	RNA5412	73	10	0.0028219202848958898	7.35079993319232e-06	1.0	136986.301369863
chr17	8127720	8127793	RNA5413	73	13	2.719322366408601e-05	1.4699399798701052e-05	1.0	178082.19178082192
chr17	8127949	8128030	RNA5414	81	10	0.03278696909337668	1.4701150121254614e-05	0.9	123456.79012345678
chr17	8139890	8139971	RNA5415	81	20	1.1776210158132017e-05	1.4698749964736635e-05	1.0	246913.58024691357
chr17	8139900	8139977	RNA5416	77	21	1.0515033474283492e-05	1.4697699953103438e-05	1.0	272727.2727272727
chr17	8139965	8140042	RNA5417	77	20	0.05098950085716751	7.349899988184916e-06	0.95	259740.2597402597
chr17	8139966	8140039	RNA5418	73	19	0.053670063823311034	0.0	0.9473684210526315	260273.9726027397
chr17	8140094	8140167	RNA5419	73	13	3.844227754038057e-05	1.4704200111737007e-05	1.0	178082.19178082192
chr17	8140162	8140243	RNA5420	81	23	0.04349104316541185	0.0	0.9565217391304348	283950.6172839506
chr17	8165107	8165243	RNA5421	136	19	6.498473047892778e-05	0.0	1.0	139705.88235294117
chr17	8165262	8165339	RNA5422	77	16	0.001917969228202307	1.4698749964736635e-05	1.0	207792.2077922078
chr17	8165626	8165703	RNA5423	77	0				0.0
chr17	8168014	8168085	RNA5424	67	1	0.0	0.0	1.0	14925.373134328358
chr17	8168167	8168240	RNA5425	73	0				0.0
chr17	8168476	8168549	RNA5426	73	6	1.715688358672196e-05	1.4715000361320563e-05	1.0	82191.7808219178
chr17	8168597	8168668	RNA5427	71	13	0.0015442606865970075	0.0	1.0	183098.5915492958
chr17	8168669	8168740	RNA5428	71	9	3.265855512937479e-06	0.0	1.0	126760.56338028169
chr17	8169776	8169849	RNA5429	73	10	0.054645039192018886	0.0	0.9	136986.301369863
chr17	8170653	8170726	RNA5430	73	6	0.03850966691970825	0.0	0.8333333333333334	82191.7808219178
chr17	8170991	8171127	RNA5431	136	2	0.0	0.0	1.0	14705.882352941177
chr17	8171755	8171836	RNA5432	79	7	1.5014999787256656e-05	1.4727999769093005e-05	1.0	88607.59493670886
chr17	8171885	8171956	RNA5433	71	0				0.0
chr17	8271970	8272043	RNA5434	73	16	0.00012426703136723678	1.474190003136755e-05	1.0	219178.08219178082
chr17	8272144	8272221	RNA5435	77	14	4.122272249721913e-05	1.4734050182596548e-05	1.0	181818.18181818182
chr17	8272174	8272310	RNA5436	135	21	0.00016005542065179523	1.4713199561811052e-05	1.0	155555.55555555556
chr17	8272264	8272400	RNA5437	135	18	0.00027802727951589554	1.470025017624721e-05	1.0	133333.33333333334
chr17	8272354	8272427	RNA5438	73	10	0.0002249933811981292	7.349050065386109e-06	1.0	136986.301369863
chr17	8272434	8272507	RNA5439	73	14	2.835327865925267e-05	1.4701150121254614e-05	1.0	191780.8219178082
chr17	8272484	8272557	RNA5440	73	13	2.261675392498476e-05	0.0	1.0	178082.19178082192
chr17	8272592	8272663	RNA5441	71	8	2.393132501765649e-05	2.2059249658923363e-05	1.0	112676.05633802817
chr17	8272704	8272777	RNA5442	73	12	7.3492332527772914e-06	0.0	1.0	164383.5616438356
chr17	8272720	8272801	RNA5443	81	14	8.399871343759255e-06	7.348849976551719e-06	1.0	172839.5061728395
chr17	8272784	8272855	RNA5444	71	14	6.299864253378473e-06	0.0	1.0	197183.0985915493
chr17	8273010	8273081	RNA5445	71	10	1.0288619796483544e-05	7.348599865508732e-06	1.0	140845.0704225352
chr17	8273091	8273227	RNA5446	136	20	0.012913668238797974	1.4696400285174605e-05	0.95	147058.82352941178
chr17	8273416	8273487	RNA5447	71	9	4.411002131139981e-05	0.0	1.0	126760.56338028169
chr17	8287679	8287752	RNA5448	73	12	0.08334680738319851	1.4698950053571025e-05	0.9166666666666666	164383.5616438356
chr17	8328302	8328375	RNA5449	73	10	0.0002763309269539435	7.349899988184916e-06	1.0	136986.301369863
chr17	8328805	8328876	RNA5450	71	14	0.0713981063447266	1.4703299711982254e-05	0.9285714285714286	197183.0985915493
chr17	8329390	8329461	RNA5451	71	13	0.00027283183401147643	1.4942300367692953e-05	1.0	183098.5915492958
chr17	8631701	8631835	RNA5452	134	27	4.246090678929154e-05	1.4698100130772218e-05	1.0	201492.53731343284
chr17	8632057	8632198	RNA5453	141	25	0.0010576737887822638	0.0	1.0	177304.9645390071
chr17	8632110	8632246	RNA5454	136	25	0.001052381568733832	0.0	1.0	183823.52941176473
chr17	8871996	8872133	RNA5455	137	22	0.045489285614042856	0.0	0.9545454545454546	160583.9416058394
chr17	9019210	9019291	RNA5456	81	11	7.616691122661515e-05	1.469509970775107e-05	1.0	135802.46913580247
chr17	9250166	9250302	RNA5457	136	20	0.03140611902585988	0.0	0.95	147058.82352941178
chr17	9250190	9250271	RNA5458	81	12	0.052332506734652874	7.353799901466118e-06	0.9166666666666666	148148.14814814815
chr17	9250191	9250262	RNA5459	71	11	0.057090007346894046	1.4707599802932236e-05	0.9090909090909091	154929.57746478872
chr17	9250202	9250275	RNA5460	73	11	0.057090007346894046	1.4707599802932236e-05	0.9090909090909091	150684.9315068493
chr17	9250212	9250285	RNA5461	73	12	0.052343531709766467	5.88036491535604e-05	0.9166666666666666	164383.5616438356
chr17	9250221	9250294	RNA5462	73	10	0.06280047282170927	3.675084963106201e-05	0.9	136986.301369863
chr17	9250225	9250302	RNA5463	77	11	0.057091338928826604	1.4707599802932236e-05	0.9090909090909091	142857.14285714284
chr17	9250230	9250301	RNA5464	71	8	0.0008124237324409477	0.0	1.0	112676.05633802817
chr17	11997480	11997550	RNA5465	70	35	1.0921617000087684e-05	0.0	1.0	500000.0
chr17	11997541	11997613	RNA5466	72	25	0.0010565402505017085	0.0	1.0	347222.2222222222
chr17	12488207	12488343	RNA5467	136	30	0.03340291775875811	1.4697050119139021e-05	0.9666666666666667	220588.23529411765
chr17	12488949	12489090	RNA5468	141	28	0.0716663772884983	0.0	0.9285714285714286	198581.56028368796
chr17	12490081	12490215	RNA5469	134	24	1.5310095780777834e-05	1.4696599919261644e-05	1.0	179104.4776119403
chr17	12657135	12657272	RNA5470	137	29	0.013712890212853625	1.4703699889651034e-05	0.9655172413793104	211678.8321167883
chr17	13066944	13067017	RNA5471	73	20	0.04182153694937369	1.469785001972923e-05	0.95	273972.602739726
chr17	13067010	13067087	RNA5472	77	11	4.275899986664271e-05	1.470200004405342e-05	1.0	142857.14285714284
chr17	13067983	13068054	RNA5473	71	18	0.028165239037409466	0.0	0.9444444444444444	253521.12676056338
chr17	13069338	13069411	RNA5474	71	18	0.0740064843295032	7.353599812631728e-06	0.8333333333333334	253521.12676056338
chr17	13069488	13069559	RNA5475	71	12	0.08342768955064152	7.350150099227904e-06	0.9166666666666666	169014.08450704225
chr17	13069500	13069581	RNA5476	81	15	0.06674215164051321	0.0	0.9333333333333333	185185.18518518517
chr17	13069507	13069588	RNA5477	81	15	0.06674215164051321	0.0	0.9333333333333333	185185.18518518517
chr17	13069670	13069743	RNA5478	73	16	0.09419939445297132	1.470005008741282e-05	0.8125	219178.08219178082
chr17	13069781	13069917	RNA5479	135	29	0.06894736902406043	1.4699399798701052e-05	0.9310344827586207	214814.81481481483
chr17	14603335	14603406	RNA5480	71	20	6.762300722584298e-05	7.347549853875535e-06	1.0	281690.1408450704
chr17	14961795	14961865	RNA5481	70	12	2.3272199693261113e-05	0.0	1.0	171428.57142857142
chr17	15435143	15435213	RNA5482	70	15	5.001085913438101e-05	1.471149971621344e-05	1.0	214285.71428571426
chr17	15435591	15435663	RNA5483	72	16	0.0062842630745763	0.0	0.9375	222222.22222222222
chr17	16353699	16353769	RNA5484	70	12	8.576624774529288e-06	0.0	1.0	171428.57142857142
chr17	16354100	16354172	RNA5485	72	17	2.3346387666497377e-05	0.0	1.0	236111.1111111111
chr17	16437176	16437246	RNA5486	70	11	1.4697937000486891e-05	0.0	1.0	157142.85714285713
chr17	16437420	16437492	RNA5487	72	10	0.0004629904609828278	0.0	1.0	138888.8888888889
chr17	16438326	16438396	RNA5488	70	18	2.5319839248063073e-05	1.4699399798701052e-05	1.0	257142.85714285713
chr17	16438438	16438510	RNA5489	72	15	1.5682753534444298e-05	1.4699799976369832e-05	1.0	208333.33333333334
chr17	16531138	16531210	RNA5490	72	12	0.08336029755787422	1.4709749848407228e-05	0.9166666666666666	166666.66666666666
chr17	16531513	16531583	RNA5491	70	15	1.9609593497680205e-05	1.4702900443808176e-05	1.0	214285.71428571426
chr17	16531633	16531703	RNA5492	70	11	1.603967277994591e-05	0.0	1.0	157142.85714285713
chr17	16532587	16532659	RNA5493	72	11	0.0867229272290305	0.0	0.9090909090909091	152777.77777777778
chr17	16533135	16533205	RNA5494	70	8	0.00042262420049609593	1.4707200080010807e-05	1.0	114285.71428571428
chr17	16533654	16533726	RNA5495	72	7	1.8896928850153927e-05	1.4700700376124589e-05	1.0	97222.22222222222
chr17	17437581	17437653	RNA5496	72	17	1.988863529250124e-05	1.4698100130772218e-05	1.0	236111.1111111111
chr17	17440195	17440265	RNA5497	70	23	2.1727743367829017e-05	1.4700300198455809e-05	1.0	328571.4285714286
chr17	18627910	18627981	RNA5498	71	0				0.0
chr17	18830936	18831006	RNA5499	70	0				0.0
chr17	19403909	19403980	RNA5500	71	15	2.9405326252637577e-05	0.0	1.0	211267.6056338028
chr17	19404507	19404578	RNA5501	71	8	2.2048462483326148e-05	1.4698749964736635e-05	1.0	112676.05633802817
chr17	19404886	19404957	RNA5502	71	4	3.6738974813473614e-05	1.4695950085297227e-05	1.0	56338.028169014084
chr17	19722451	19722522	RNA5503	71	15	1.6657486412439135e-05	0.0	1.0	211267.6056338028
chr17	19722908	19722979	RNA5504	71	20	1.5570255027341772e-05	1.4757949884369737e-05	1.0	281690.1408450704
chr17	19723334	19723405	RNA5505	71	12	3.698416624805153e-06	0.0	1.0	169014.08450704225
chr17	19764796	19764866	RNA5506	70	15	3.7258532635552615e-05	0.0	1.0	214285.71428571426
chr17	19770383	19770453	RNA5507	70	13	0.00015151273370204364	1.4699799976369832e-05	1.0	185714.2857142857
chr17	19770752	19770822	RNA5508	70	9	3.920010153200173e-05	0.0	1.0	128571.42857142857
chr17	20404310	20404380	RNA5509	70	0				0.0
chr17	20404912	20404982	RNA5510	70	0				0.0
chr17	20404984	20405054	RNA5511	70	0				0.0
chr17	20602233	20602304	RNA5512	71	0				0.0
chr17	20809753	20809823	RNA5513	70	0				0.0
chr17	21423114	21423186	RNA5514	72	13	0.00015035933225030187	0.0	1.0	180555.55555555556
chr17	21425617	21425687	RNA5515	70	17	3.1115776437208916e-05	0.0	1.0	242857.14285714284
chr17	22573354	22573440	RNA5516	86	0				0.0
chr17	23383374	23383454	RNA5517	0	0				
chr17	23728763	23728834	RNA5518	0	0				
chr17	23750301	23750374	RNA5519	0	0				
chr17	23893205	23893290	RNA5520	0	0				
chr17	24135080	24135151	RNA5521	0	0				
chr17	24766002	24766072	RNA5522	0	0				
chr17	25927518	25927604	RNA5523	0	0				
chr17	26095567	26095642	RNA5524	0	0				
chr17	26555580	26555651	RNA5525	0	0				
chr17	27225119	27225205	RNA5526	86	0				0.0
chr17	27285332	27285418	RNA5527	86	17	8.998499973077902e-06	1.471840005251579e-05	1.0	197674.41860465115
chr17	27291996	27292082	RNA5528	86	14	3.779292111564972e-05	1.4702450243930798e-05	1.0	162790.69767441862
chr17	27318862	27318948	RNA5529	86	12	9.800066739747612e-06	1.4698300219606608e-05	1.0	139534.88372093023
chr17	27320208	27320294	RNA5530	86	16	1.7453543591723233e-05	0.0	1.0	186046.51162790696
chr17	27360178	27360258	RNA5531	80	14	3.3601164692032885e-05	1.4700499832542846e-05	1.0	175000.0
chr17	27417229	27417315	RNA5532	86	15	0.03608809635012828	1.4698500308440998e-05	0.9333333333333333	174418.6046511628
chr17	27728540	27728613	RNA5533	72	13	0.00041585369385406485	1.543729922559578e-05	1.0	180555.55555555556
chr17	27729055	27729126	RNA5534	71	14	0.018358357382307334	0.0	0.9285714285714286	197183.0985915493
chr17	27895641	27895726	RNA5535	85	11	8.016163602323187e-06	0.0	1.0	129411.76470588236
chr17	28196458	28196544	RNA5536	86	12	3.307877409496739e-05	0.0	1.0	139534.88372093023
chr17	28196628	28196701	RNA5537	73	7	2.5196713977485712e-05	0.0	1.0	95890.4109589041
chr17	28196744	28196824	RNA5538	80	8	1.1024662626368809e-05	7.348849976551719e-06	1.0	100000.0
chr17	28196744	28196824	RNA5539	80	8	1.1024662626368809e-05	7.348849976551719e-06	1.0	100000.0
chr17	28196746	28196819	RNA5540	73	7	1.0499085874471348e-05	0.0	1.0	95890.4109589041
chr17	28196762	28196847	RNA5541	85	10	1.0289060173818144e-05	7.348849976551719e-06	1.0	117647.05882352941
chr17	28196899	28196970	RNA5542	71	10	1.323037004112848e-05	1.4698549875902245e-05	1.0	140845.0704225352
chr17	28197097	28197170	RNA5543	73	10	1.6170319850056603e-05	0.0	1.0	136986.301369863
chr17	28197142	28197213	RNA5544	71	7	6.302328594236835e-06	0.0	1.0	98591.54929577465
chr17	28197177	28197262	RNA5545	85	10	1.0293900140823098e-05	0.0	1.0	117647.05882352941
chr17	28197186	28197266	RNA5546	80	10	1.0293900140823098e-05	0.0	1.0	125000.0
chr17	28197296	28197381	RNA5547	85	16	1.1032687609713321e-05	1.4705449757457245e-05	1.0	188235.29411764705
chr17	28197545	28197616	RNA5548	71	10	0.00020137003957642697	0.0	1.0	140845.0704225352
chr17	28862252	28862332	RNA5549	80	16	5.8803257786621374e-05	7.349250154220499e-06	1.0	200000.0
chr17	28862491	28862562	RNA5550	71	9	9.799877868014542e-06	1.4698100130772218e-05	1.0	126760.56338028169
chr17	28862943	28863016	RNA5551	73	13	1.698024621313939e-05	1.4705899957334624e-05	1.0	178082.19178082192
chr17	28863913	28863984	RNA5552	71	12	9.801541712780212e-06	1.4698950053571025e-05	1.0	169014.08450704225
chr17	28864541	28864626	RNA5553	84	17	0.058823672206338364	1.475140015827492e-05	0.9411764705882353	202380.9523809524
chr17	28864617	28864702	RNA5554	85	7	2.1073428797535603e-06	0.0	1.0	82352.94117647059
chr17	28868428	28868508	RNA5555	80	12	1.3477075147723857e-05	0.0	1.0	150000.0
chr17	28868739	28868819	RNA5556	80	14	2.112258536206764e-05	0.0	1.0	175000.0
chr17	28870383	28870456	RNA5557	73	11	1.6049391226919894e-05	0.0	1.0	150684.9315068493
chr17	28871104	28871175	RNA5558	71	6	7.350566647801315e-06	7.349699899350526e-06	1.0	84507.04225352113
chr17	28871496	28871569	RNA5559	73	14	5.358122708847578e-05	1.4705450212204596e-05	1.0	191780.8219178082
chr17	28904670	28904755	RNA5560	85	23	0.00019814847794053094	1.4698999621032272e-05	1.0	270588.23529411765
chr17	29254779	29254859	RNA5561	80	24	1.7762958426220075e-05	1.4698749964736637e-05	1.0	300000.0
chr17	30186820	30186895	RNA5562	75	11	1.3362418196100572e-05	1.4698500308440998e-05	1.0	146666.66666666666
chr17	30186961	30187034	RNA5563	73	5	8.817660091153812e-06	0.0	1.0	68493.1506849315
chr17	30187257	30187328	RNA5564	71	10	7.349659972533118e-06	7.348399776674342e-06	1.0	140845.0704225352
chr17	30187554	30187639	RNA5565	85	18	5.7161967308474596e-05	0.0	1.0	211764.70588235295
chr17	30565986	30566057	RNA5566	67	0				0.0
chr17	30572251	30572326	RNA5567	75	0				0.0
chr17	30572541	30572616	RNA5568	75	0				0.0
chr17	30572719	30572794	RNA5569	75	0				0.0
chr17	31391537	31391608	RNA5570	68	19	1.0041899881080577e-05	0.0	1.0	279411.76470588235
chr17	31391540	31391615	RNA5571	70	21	1.0120723735391429e-05	0.0	1.0	300000.0
chr17	31391546	31391642	RNA5572	87	20	1.0723169862103531e-05	0.0	1.0	229885.05747126436
chr17	31391559	31391634	RNA5573	68	18	1.1914633180115035e-05	7.428549906762782e-06	1.0	264705.8823529412
chr17	31391582	31391657	RNA5574	66	10	1.8473459749657196e-05	1.5201299902400932e-05	1.0	151515.15151515152
chr17	31539578	31539649	RNA5575	71	11	2.4052154665030664e-05	1.4697699953103438e-05	1.0	154929.57746478872
chr17	31549986	31550057	RNA5576	71	30	1.3231990214990219e-05	7.349499810516136e-06	1.0	422535.2112676056
chr17	31554711	31554782	RNA5577	71	16	1.2862512392075587e-05	1.4696999642183075e-05	1.0	225352.11267605633
chr17	31557524	31557595	RNA5578	71	16	1.3783243787202082e-05	1.4698950053571025e-05	1.0	225352.11267605633
chr17	31558482	31558553	RNA5579	71	19	6.964126393876014e-06	0.0	1.0	267605.63380281685
chr17	32097779	32097854	RNA5580	75	0				0.0
chr17	32254265	32254351	RNA5581	86	24	0.04170801313709186	1.4729700069437968e-05	0.9583333333333334	279069.76744186046
chr17	32491341	32491412	RNA5582	71	10	5.879590025870129e-06	0.0	1.0	140845.0704225352
chr17	32491487	32491572	RNA5583	85	23	1.1503365543747937e-05	0.0	1.0	270588.23529411765
chr17	32491822	32491895	RNA5584	73	7	1.8901842850027606e-05	1.470159986638464e-05	1.0	95890.4109589041
chr17	32492317	32492397	RNA5585	80	15	0.00010094913195643509	1.4696799553348685e-05	1.0	187500.0
chr17	32492356	32492427	RNA5586	71	17	0.0010313960464747333	1.4698500308440998e-05	1.0	239436.61971830984
chr17	34252560	34252692	RNA5587	132	28	1.0499317828102253e-05	0.0	1.0	212121.21212121213
chr17	34252677	34252748	RNA5588	71	18	2.6129155432700822e-05	0.0	1.0	253521.12676056338
chr17	34253184	34253318	RNA5589	134	26	0.007753035201718516	1.4698100130772218e-05	0.9615384615384616	194029.85074626867
chr17	34253213	34253284	RNA5590	71	13	1.1307100066915154e-05	0.0	1.0	183098.5915492958
chr17	34253761	34253869	RNA5591	108	14	0.00021520761356441298	7.347950031544315e-06	1.0	129629.62962962962
chr17	34254105	34254176	RNA5592	71	20	6.614640051338938e-06	0.0	1.0	281690.1408450704
chr17	34572708	34572804	RNA5593	96	23	2.4920039480921704e-05	0.0	1.0	239583.33333333334
chr17	35121537	35121610	RNA5594	73	11	1.6038308951299935e-05	1.4698500308440998e-05	1.0	150684.9315068493
chr17	35147007	35147110	RNA5595	103	31	1.566513876769609e-05	0.0	1.0	300970.87378640776
chr17	35461099	35461195	RNA5596	96	17	9.511147094171439e-06	0.0	1.0	177083.33333333334
chr17	35565331	35565427	RNA5597	96	11	9.353645261646967e-06	0.0	1.0	114583.33333333333
chr17	35567481	35567577	RNA5598	95	0				0.0
chr17	35729089	35729185	RNA5599	96	29	0.0005859134562028995	0.0	1.0	302083.3333333333
chr17	35730122	35730218	RNA5600	96	24	0.00020762403748145956	0.0	1.0	250000.0
chr17	35731301	35731397	RNA5601	96	17	2.075609454014966e-05	1.4696400285174605e-05	1.0	177083.33333333334
chr17	36063059	36063134	RNA5602	75	11	1.335990914826239e-06	0.0	1.0	146666.66666666666
chr17	36467572	36467643	RNA5603	71	13	0.0009161240454536987	1.4698500308440998e-05	1.0	183098.5915492958
chr17	36639442	36639538	RNA5604	96	23	0.00010801937755983904	1.4700700376124589e-05	1.0	239583.33333333334
chr17	36643680	36643788	RNA5605	108	12	1.1022883124193564e-05	7.348399776674342e-06	1.0	111111.11111111111
chr17	37070058	37070166	RNA5606	108	25	3.535274394380103e-05	1.4706700312672185e-05	1.0	231481.4814814815
chr17	37077333	37077441	RNA5607	108	12	2.451050022500567e-06	0.0	1.0	111111.11111111111
chr17	37084595	37084703	RNA5608	108	18	1.8780100213512344e-05	7.348200142587302e-06	1.0	166666.66666666666
chr17	37888784	37888892	RNA5609	108	0				0.0
chr17	37889900	37889971	RNA5610	71	0				0.0
chr17	37890335	37890469	RNA5611	133	0				0.0
chr17	37891806	37891938	RNA5612	132	0				0.0
chr17	37893966	37894037	RNA5613	71	0				0.0
chr17	37895201	37895309	RNA5614	0	0				
chr17	37899659	37899767	RNA5615	0	0				
chr17	37901256	37901327	RNA5616	71	0				0.0
chr17	38611983	38612091	RNA5617	108	22	0.0008116890466308963	1.4696800008096034e-05	1.0	203703.70370370368
chr17	38730218	38730289	RNA5618	71	23	5.854695621604586e-06	0.0	1.0	323943.661971831
chr17	38752213	38752347	RNA5619	134	23	0.004880349924860632	1.4696400285174605e-05	0.9565217391304348	171641.79104477612
chr17	38752354	38752486	RNA5620	132	19	0.02567677757820332	1.4697699953103438e-05	0.9473684210526315	143939.39393939395
chr17	38765076	38765147	RNA5621	59	16	0.018350232413013135	4.5743199734715745e-05	0.875	271186.4406779661
chr17	38765305	38765376	RNA5622	71	9	2.1232311357572245e-05	0.0	1.0	126760.56338028169
chr17	38825383	38825454	RNA5623	71	28	0.00020471274771287327	0.0	1.0	394366.1971830986
chr17	38831801	38831872	RNA5624	71	0				0.0
chr17	38833852	38833986	RNA5625	134	24	2.388719974532669e-05	1.4698500308440998e-05	1.0	179104.4776119403
chr17	38833854	38833988	RNA5626	134	25	2.4107647732302956e-05	1.4698500308440998e-05	1.0	186567.1641791045
chr17	38833984	38834055	RNA5627	71	22	5.748604218586309e-05	1.469764993089484e-05	1.0	309859.15492957743
chr17	38834325	38834457	RNA5628	132	24	0.00038054809624554314	1.4706299680256052e-05	1.0	181818.18181818182
chr17	38834459	38834530	RNA5629	71	13	6.225753832739318e-05	1.4731899682374204e-05	1.0	183098.5915492958
chr17	38834532	38834664	RNA5630	132	42	2.3614899743860272e-05	1.4743000065209344e-05	1.0	318181.8181818182
chr17	38854029	38854161	RNA5631	132	32	0.0004220756031259038	1.4696400285174605e-05	1.0	242424.24242424243
chr17	38854224	38854358	RNA5632	134	37	0.025284991229577947	1.4696799553348685e-05	0.918918918918919	276119.4029850747
chr17	38854732	38854803	RNA5633	71	14	0.07143906844281186	1.4696149719384266e-05	0.9285714285714286	197183.0985915493
chr17	38855786	38855857	RNA5634	71	16	2.3057431292271783e-05	0.0	1.0	225352.11267605633
chr17	38860653	38860724	RNA5635	71	11	5.3457818218951365e-06	0.0	1.0	154929.57746478872
chr17	38861187	38861321	RNA5636	134	31	4.412403174477472e-05	1.4706700312672185e-05	1.0	231343.28358208956
chr17	38861912	38861983	RNA5637	71	14	9.451471474416654e-06	1.4699600342282793e-05	1.0	197183.0985915493
chr17	38862089	38862221	RNA5638	132	37	2.0675416217762395e-05	1.4703699889651034e-05	1.0	280303.0303030303
chr17	38867305	38867376	RNA5639	63	26	0.004244695977691799	3.111620026174933e-05	0.9615384615384616	412698.41269841266
chr17	38869433	38869504	RNA5640	71	18	7.349244394087388e-06	7.347549853875535e-06	1.0	253521.12676056338
chr17	38869516	38869587	RNA5641	71	15	2.547765355605622e-05	0.0	1.0	211267.6056338028
chr17	38869528	38869599	RNA5642	71	17	3.199564702406006e-05	0.0	1.0	239436.61971830984
chr17	38932468	38932600	RNA5643	132	22	2.806126787452425e-05	1.469764993089484e-05	1.0	166666.66666666666
chr17	38933311	38933445	RNA5644	134	17	3.372628827276967e-05	1.4697199731017465e-05	1.0	126865.67164179105
chr17	38934261	38934332	RNA5645	71	12	1.3475125191083256e-05	0.0	1.0	169014.08450704225
chr17	38974132	38974203	RNA5646	71	12	0.004172627937502196	1.4707400168845197e-05	1.0	169014.08450704225
chr17	38975422	38975493	RNA5647	71	13	1.2459053743017326e-05	0.0	1.0	183098.5915492958
chr17	39053593	39053696	RNA5648	103	19	0.05264473182078768	0.0	0.9473684210526315	184466.01941747573
chr17	39154415	39154488	RNA5649	73	45	0.00018268404750819084	1.4700700376124589e-05	1.0	616438.3561643836
chr17	39864880	39864951	RNA5650	71	20	6.0276242038525944e-05	0.0	1.0	281690.1408450704
chr17	39865890	39865961	RNA5651	71	16	0.0006306457402729353	0.0	1.0	225352.11267605633
chr17	39866528	39866662	RNA5652	134	24	0.00015249952957673991	1.4698749964736635e-05	1.0	179104.4776119403
chr17	39867197	39867329	RNA5653	132	21	7.699771361201004e-06	0.0	1.0	159090.9090909091
chr17	39867824	39867895	RNA5654	71	13	4.072570719962017e-05	0.0	1.0	183098.5915492958
chr17	39949945	39950048	RNA5655	103	16	0.00017465708043573004	0.0	1.0	155339.8058252427
chr17	40017963	40018066	RNA5656	103	20	1.4700590190841467e-05	1.4699799976369832e-05	1.0	194174.7572815534
chr17	40018639	40018712	RNA5657	73	17	1.2985282249728162e-05	0.0	1.0	232876.7123287671
chr17	40018789	40018892	RNA5658	103	18	4.084055540766309e-06	0.0	1.0	174757.28155339806
chr17	40102659	40102732	RNA5659	73	0				0.0
chr17	40103254	40103327	RNA5660	73	13	1.2439053604724064e-05	0.0	1.0	178082.19178082192
chr17	40104173	40104276	RNA5661	103	12	2.9416099626655173e-05	1.4704150089528412e-05	1.0	116504.85436893204
chr17	40105086	40105189	RNA5662	103	16	9.188075068777835e-06	0.0	1.0	155339.8058252427
chr17	40137136	40137209	RNA5663	73	11	0.000136319356897728	0.0	1.0	150684.9315068493
chr17	40137222	40137325	RNA5664	103	28	0.0357491648865107	0.0	0.9642857142857143	271844.66019417474
chr17	40137791	40137864	RNA5665	73	8	7.167812270835739e-05	7.353599812631728e-06	1.0	109589.04109589041
chr17	40206452	40206525	RNA5666	73	12	0.0003494923463070627	1.470454981244984e-05	1.0	164383.5616438356
chr17	40568209	40568305	RNA5667	96	15	1.0778926419637477e-05	0.0	1.0	156250.0
chr17	40987409	40987512	RNA5668	103	18	0.01862802176204544	0.0	0.9444444444444444	174757.28155339806
chr17	40991500	40991573	RNA5669	73	13	0.05131105454109693	1.4698100130772218e-05	0.9230769230769231	178082.19178082192
chr17	42579157	42579265	RNA5670	90	22	0.04542601139205131	1.4796999948885059e-05	0.9545454545454546	244444.44444444444
chr17	43714422	43714506	RNA5671	84	8	9.18545015338168e-06	0.0	1.0	95238.09523809524
chr17	43833216	43833287	RNA5672	71	4	8.070500371104572e-06	8.070500371104572e-06	1.0	56338.028169014084
chr17	43846557	43846689	RNA5673	132	17	0.05889097477034631	0.0	0.9411764705882353	128787.87878787878
chr17	43846627	43846761	RNA5674	134	15	0.00014307425141546164	0.0	1.0	111940.29850746269
chr17	43846930	43847001	RNA5675	71	11	1.3361436520592013e-05	1.4697699953103438e-05	1.0	154929.57746478872
chr17	43864839	43864910	RNA5676	71	11	1.2027409204826903e-05	0.0	1.0	154929.57746478872
chr17	44245515	44245586	RNA5677	71	8	9.003121249406735e-05	7.349250154220499e-06	1.0	112676.05633802817
chr17	44957578	44957651	RNA5678	73	17	1.2971417591496206e-05	1.4698999621032272e-05	1.0	232876.7123287671
chr17	44957742	44957845	RNA5679	103	14	0.0001018307829586472	1.4697250207973411e-05	1.0	135922.33009708737
chr17	46028393	46028473	RNA5680	80	16	0.06262401345503577	0.0	0.9375	200000.0
chr17	47223928	47224012	RNA5681	84	13	1.922457690502947e-05	1.4704999557579868e-05	1.0	154761.90476190476
chr17	48062561	48062645	RNA5682	84	16	1.7453293537528225e-05	1.4698100130772218e-05	1.0	190476.19047619047
chr17	48062919	48062990	RNA5683	71	17	0.011118193069545226	1.4707199625263456e-05	0.9411764705882353	239436.61971830984
chr17	48064076	48064160	RNA5684	84	16	0.00033988584971211805	0.0	1.0	190476.19047619047
chr17	48064408	48064492	RNA5685	84	13	0.008715158534029722	0.0	0.9230769230769231	154761.90476190476
chr17	48487852	48487936	RNA5686	84	17	0.04643904130336844	0.0	0.9411764705882353	202380.9523809524
chr17	48489058	48489142	RNA5687	84	7	0.0012970647076144713	0.0	1.0	83333.33333333333
chr17	48489262	48489346	RNA5688	84	13	0.011262561808017867	1.47024002217222e-05	0.9230769230769231	154761.90476190476
chr17	49094590	49094661	RNA5689	71	0				0.0
chr17	49177559	49177630	RNA5690	71	16	0.0003500286299526989	1.4698300219606608e-05	1.0	225352.11267605633
chr17	49177855	49177926	RNA5691	71	13	1.0178700274711726e-05	0.0	1.0	183098.5915492958
chr17	49178583	49178667	RNA5692	84	10	0.09999117968991414	0.0	0.9	119047.61904761904
chr17	49223259	49223330	RNA5693	71	17	1.1238864798917134e-05	0.0	1.0	239436.61971830984
chr17	49223282	49223353	RNA5694	71	17	9.510182441290989e-06	0.0	1.0	239436.61971830984
chr17	49223291	49223362	RNA5695	71	18	9.798833414404524e-06	7.347100108745508e-06	1.0	253521.12676056338
chr17	49837601	49837681	RNA5696	80	16	9.189256275021762e-06	0.0	1.0	200000.0
chr17	50181700	50181771	RNA5697	71	17	2.5938811524927168e-05	1.4698500308440998e-05	1.0	239436.61971830984
chr17	50692396	50692476	RNA5698	80	13	1.3568607895509698e-05	1.4697699953103438e-05	1.0	162500.0
chr17	50767941	50768021	RNA5699	80	19	0.006603739744461654	1.4714099961565807e-05	0.9473684210526315	237500.0
chr17	50768407	50768487	RNA5700	80	18	7.3491499582208535e-06	0.0	1.0	225000.0
chr17	50775930	50776010	RNA5701	80	13	0.0032394875711011417	1.4813899724686053e-05	1.0	162500.0
chr17	50780051	50780131	RNA5702	80	17	0.05883913284100452	0.0	0.9411764705882353	212500.0
chr17	50860303	50860383	RNA5703	80	21	4.6920866658351446e-05	1.470200004405342e-05	1.0	262500.0
chr17	52160924	52161009	RNA5704	85	18	5.726805637904262e-06	0.0	1.0	211764.70588235295
chr17	52161202	52161282	RNA5705	80	13	7.915461537777446e-06	0.0	1.0	162500.0
chr17	52839331	52839402	RNA5706	71	17	0.007665386023237421	1.4697699953103438e-05	0.9411764705882353	239436.61971830984
chr17	52847979	52848063	RNA5707	84	25	0.00052650523430202	1.4699799976369832e-05	1.0	297619.04761904763
chr17	55251639	55251768	RNA5708	129	18	1.633313331694808e-05	1.4696400285174605e-05	1.0	139534.88372093023
chr17	55741331	55741411	RNA5709	80	15	9.798873361432924e-06	0.0	1.0	187500.0
chr17	55876657	55876727	RNA5710	70	11	1.603681820680239e-05	1.4700300198455809e-05	1.0	157142.85714285713
chr17	55882197	55882282	RNA5711	85	0				0.0
chr17	56743475	56743560	RNA5712	85	10	0.10001505509007984	1.4699799976369832e-05	0.9	117647.05882352941
chr17	56743881	56743966	RNA5713	85	31	0.03232714951677588	2.947770008177031e-05	0.967741935483871	364705.88235294115
chr17	56744506	56744591	RNA5714	85	17	2.2482706031844238e-05	1.4700300198455809e-05	1.0	200000.0
chr17	56914081	56914166	RNA5715	85	25	0.00010118200934811884	0.0	1.0	294117.64705882355
chr17	56914082	56914167	RNA5716	85	26	9.729039360396043e-05	0.0	1.0	305882.3529411765
chr17	56977841	56977926	RNA5717	85	11	4.27604357107342e-05	0.0	1.0	129411.76470588236
chr17	57856696	57856781	RNA5718	85	20	0.0003043880629775189	1.4705899957334623e-05	1.0	235294.11764705883
chr17	59155298	59155430	RNA5719	132	28	0.0005276785444558686	0.0	1.0	212121.21212121213
chr17	59155611	59155690	RNA5720	79	21	1.0499100036603132e-05	1.4696799553348685e-05	1.0	265822.7848101266
chr17	59219869	59219998	RNA5721	129	25	2.1754903864342027e-05	0.0	1.0	193798.4496124031
chr17	59843776	59843846	RNA5722	70	11	1.6076072824944276e-05	1.4699399798701052e-05	1.0	157142.85714285713
chr17	59843908	59843981	RNA5723	73	9	1.3067955478618387e-05	0.0	1.0	123287.6712328767
chr17	60142417	60142546	RNA5724	129	0				0.0
chr17	60144426	60144555	RNA5725	129	0				0.0
chr17	60146535	60146664	RNA5726	129	0				0.0
chr17	60431815	60431944	RNA5727	129	38	9.516835761084578e-05	1.4698300219606608e-05	1.0	294573.64341085276
chr17	60432680	60432809	RNA5728	129	21	0.00011616541598327487	0.0	1.0	162790.69767441862
chr17	60433301	60433430	RNA5729	129	20	2.3517264799008582e-05	1.4697899587190477e-05	1.0	155038.75968992247
chr17	60671378	60671448	RNA5730	70	5	0.0007084730879796527	5.8797599194804206e-05	1.0	71428.57142857142
chr17	60674544	60674614	RNA5731	70	17	3.199288269516138e-05	1.4696799553348685e-05	1.0	242857.14285714284
chr17	60676657	60676727	RNA5732	61	8	0.0003247141318069926	2.2126549538370455e-05	1.0	131147.54098360657
chr17	61411580	61411709	RNA5733	129	32	0.00016124848039566857	7.348200142587302e-06	1.0	248062.01550387597
chr17	61411630	61411700	RNA5734	70	22	0.00022852943964773225	7.348399776674342e-06	1.0	314285.71428571426
chr17	61411641	61411711	RNA5735	70	25	0.00020051815892656796	0.0	1.0	357142.85714285716
chr17	61411676	61411746	RNA5736	70	19	9.284515774772062e-06	0.0	1.0	271428.5714285714
chr17	61864152	61864222	RNA5737	70	15	0.06670690621164492	1.469549988541985e-05	0.9333333333333333	214285.71428571426
chr17	61865124	61865209	RNA5738	85	18	8.170161133117896e-06	7.350350188062294e-06	1.0	211764.70588235295
chr17	62852157	62852236	RNA5739	79	18	3.674901684765283e-05	1.470025017624721e-05	1.0	227848.10126582277
chr17	62858464	62858596	RNA5740	132	22	0.01932341195209698	1.4700900010211626e-05	0.9545454545454546	166666.66666666666
chr17	62866872	62867003	RNA5741	131	22	2.2050209116221224e-05	1.470005008741282e-05	1.0	167938.93129770993
chr17	63432225	63432297	RNA5742	72	16	1.74532937649019e-05	1.4695949630549876e-05	1.0	222222.22222222222
chr17	63522198	63522271	RNA5743	73	12	1.3472783166434965e-05	7.348200142587302e-06	1.0	164383.5616438356
chr17	64035599	64035731	RNA5744	132	27	0.0001703958308738638	0.0	1.0	204545.45454545456
chr17	64038461	64038540	RNA5745	79	22	2.137922741563407e-05	1.4698950053571025e-05	1.0	278481.0126582278
chr17	64134335	64134414	RNA5746	79	14	1.889744238984089e-05	1.469529979658546e-05	1.0	177215.18987341772
chr17	64135398	64135512	RNA5747	114	31	0.003508095679594143	1.4704200111737007e-05	0.967741935483871	271929.82456140354
chr17	64136345	64136477	RNA5748	10	28	3.9110350241696e-05	2.7291150217934046e-05	1.0	2800000.0
chr17	64139492	64139624	RNA5749	132	36	0.0004616133689473287	0.0	1.0	272727.2727272727
chr17	64142152	64142231	RNA5750	79	13	4.525853770386535e-06	0.0	1.0	164556.96202531643
chr17	64285239	64285371	RNA5751	132	26	8.87595849165361e-05	1.4697699953103438e-05	1.0	196969.69696969696
chr17	64285244	64285323	RNA5752	79	16	6.614727487885598e-05	1.469744984206045e-05	1.0	202531.64556962025
chr17	64285316	64285448	RNA5753	132	24	5.695745456553561e-05	0.0	1.0	181818.18181818182
chr17	64285341	64285473	RNA5754	132	25	0.0004892528416530652	0.0	1.0	189393.9393939394
chr17	64285388	64285467	RNA5755	79	12	2.695095834799495e-05	0.0	1.0	151898.7341772152
chr17	64285429	64285508	RNA5756	79	15	0.0008026816894319612	1.4698100130772218e-05	1.0	189873.417721519
chr17	64433212	64433285	RNA5757	73	11	8.018518118743403e-06	0.0	1.0	150684.9315068493
chr17	64497486	64497559	RNA5758	73	26	0.07692760004234654	0.0	0.9230769230769231	356164.38356164383
chr17	64498142	64498215	RNA5759	73	18	4.0829999711099336e-06	0.0	1.0	246575.3424657534
chr17	64662356	64662429	RNA5760	73	27	1.5017455687617818e-05	0.0	1.0	369863.0136986301
chr17	64662363	64662436	RNA5761	73	29	1.6052610464673798e-05	0.0	1.0	397260.27397260274
chr17	64662373	64662446	RNA5762	73	31	1.402909032138499e-05	0.0	1.0	424657.5342465753
chr17	65077662	65077794	RNA5763	126	22	0.001381197110318182	0.0	1.0	174603.1746031746
chr17	65077828	65077907	RNA5764	77	9	0.00010355610063723017	0.0	1.0	116883.11688311688
chr17	65230666	65230795	RNA5765	129	28	0.03394999028361262	1.4697450296807801e-05	0.9642857142857143	217054.26356589148
chr17	65522907	65522977	RNA5766	70	16	0.0043069557090120655	1.4884099982737098e-05	0.9375	228571.42857142855
chr17	65526691	65526764	RNA5767	73	19	0.0059568813335078435	0.0	0.9473684210526315	260273.9726027397
chr17	66811043	66811174	RNA5768	131	25	0.019889805533821345	0.0	0.96	190839.69465648857
chr17	67033506	67033578	RNA5769	72	23	0.006829730914511814	1.4698500308440998e-05	0.9565217391304348	319444.44444444444
chr17	67332354	67332485	RNA5770	131	19	1.0059173626742498e-05	1.4697699953103438e-05	1.0	145038.1679389313
chr17	67333381	67333512	RNA5771	131	20	0.05001543442535876	0.0	0.95	152671.75572519086
chr17	67336841	67336972	RNA5772	131	34	0.006221245033858013	1.4697699953103438e-05	0.9705882352941176	259541.9847328244
chr17	67751390	67751521	RNA5773	131	35	6.258213868152517e-05	1.4699399798701052e-05	1.0	267175.572519084
chr17	67754377	67754508	RNA5774	131	28	0.0039159586464328185	1.4703100077895215e-05	0.9642857142857143	213740.45801526718
chr17	67785453	67785525	RNA5775	72	14	1.7851914695445494e-05	7.349250154220499e-06	1.0	194444.44444444444
chr17	67785643	67785715	RNA5776	72	4	3.674949994092458e-06	0.0	1.0	55555.555555555555
chr17	67787150	67787222	RNA5777	72	12	8.575258334531098e-06	0.0	1.0	166666.66666666666
chr17	67790620	67790751	RNA5778	128	34	0.023129567840442167	0.0	0.9705882352941176	265625.0
chr17	68026795	68026867	RNA5779	72	11	9.354445534303192e-06	0.0	1.0	152777.77777777778
chr17	68028745	68028817	RNA5780	72	13	0.07696038766089958	2.939620026154444e-05	0.9230769230769231	180555.55555555556
chr17	68082416	68082488	RNA5781	72	45	0.023894299357380078	0.0	0.9777777777777777	625000.0
chr17	68084670	68084784	RNA5782	82	15	0.03205500398932294	0.0003253089962527	0.9333333333333333	182926.82926829267
chr17	68772462	68772576	RNA5783	114	17	5.1878552339442786e-05	1.4696799553348685e-05	1.0	149122.80701754385
chr17	68781132	68781263	RNA5784	131	24	2.147378343882293e-05	0.0	1.0	183206.106870229
chr17	68781816	68781930	RNA5785	114	21	9.80003811231914e-06	1.4694600395159796e-05	1.0	184210.52631578947
chr17	68786102	68786216	RNA5786	114	22	9.354690891169328e-06	7.348599865508732e-06	1.0	192982.45614035087
chr17	69142293	69142407	RNA5787	114	17	0.05885468370027356	0.0	0.9411764705882353	149122.80701754385
chr17	69142556	69142628	RNA5788	72	7	6.724275499435472e-05	1.4714099961565807e-05	1.0	97222.22222222222
chr17	69142564	69142678	RNA5789	114	17	0.05885987530500108	1.471539962949464e-05	0.9411764705882353	149122.80701754385
chr17	69143680	69143812	RNA5790	132	26	1.5844500082424018e-05	1.4711949916090816e-05	1.0	196969.69696969696
chr17	69144546	69144625	RNA5791	79	17	6.577382801503674e-05	1.4703299711982254e-05	1.0	215189.87341772154
chr17	69146502	69146616	RNA5792	114	15	9.13809332511543e-06	0.0	1.0	131578.94736842104
chr17	69413441	69413514	RNA5793	73	13	0.00018087433594560817	0.0	1.0	178082.19178082192
chr17	70264224	70264296	RNA5794	45	22	0.045520891758273625	1.5033499948913231e-05	0.9545454545454546	488888.8888888889
chr17	70269680	70269794	RNA5795	114	18	4.082849955011625e-06	0.0	1.0	157894.73684210525
chr17	70272413	70272485	RNA5796	72	10	8.818169953883626e-06	0.0	1.0	138888.8888888889
chr17	70274192	70274264	RNA5797	72	11	3.3409890172386864e-05	0.0	1.0	152777.77777777778
chr17	71748320	71748418	RNA5798	95	19	1.7079279132301498e-05	1.4914199709892271e-05	1.0	200000.0
chr17	71767365	71767458	RNA5799	93	29	3.143255504129784e-05	0.0	1.0	311827.9569892473
chr17	71767378	71767451	RNA5800	73	24	3.7368204023848914e-05	1.4697900041937828e-05	1.0	328767.1232876712
chr17	71771104	71771189	RNA5801	85	13	1.1306592358988173e-05	0.0	1.0	152941.17647058825
chr17	72277222	72277353	RNA5802	131	24	1.3474920744253419e-05	1.4696599919261644e-05	1.0	183206.106870229
chr17	72279409	72279481	RNA5803	72	6	7.353599964214179e-06	0.0	1.0	83333.33333333333
chr17	74022947	74023061	RNA5804	114	16	2.2965780715365756e-05	7.347749942709925e-06	1.0	140350.87719298244
chr17	74023959	74024031	RNA5805	72	6	4.933300109163004e-06	0.0	1.0	83333.33333333333
chr17	74025520	74025592	RNA5806	72	14	1.7940643049635023e-05	0.0	1.0	194444.44444444444
chr17	74027257	74027329	RNA5807	72	14	4.410004359149369e-05	0.0	1.0	194444.44444444444
chr17	74372626	74372719	RNA5808	93	13	2.148103857717405e-05	1.4697199731017465e-05	1.0	139784.94623655913
chr17	74933953	74934025	RNA5809	72	20	1.2498229943957995e-05	0.0	1.0	277777.7777777778
chr17	74933993	74934065	RNA5810	72	13	1.4705253726368448e-05	0.0	1.0	180555.55555555556
chr17	74934224	74934296	RNA5811	58	8	0.01223245504706937	0.0	0.875	137931.0344827586
chr17	74934656	74934728	RNA5812	72	16	0.06250183707481938	0.0	0.9375	222222.22222222222
chr17	74934765	74934837	RNA5813	72	14	0.035675393389802974	1.4700950032420224e-05	0.9285714285714286	194444.44444444444
chr17	74935198	74935270	RNA5814	67	15	5.994693310640287e-06	0.0	1.0	223880.59701492538
chr17	74935315	74935387	RNA5815	72	16	1.2862431333360291e-05	1.4698549875902245e-05	1.0	222222.22222222222
chr17	74935357	74935429	RNA5816	72	20	0.02513251400655463	1.4709749848407228e-05	0.95	277777.7777777778
chr17	74935818	74935890	RNA5817	72	30	0.00010393710996746759	0.0	1.0	416666.6666666667
chr17	75068806	75068878	RNA5818	72	21	0.015022446627708195	0.0	0.9523809523809523	291666.6666666667
chr17	75068817	75068889	RNA5819	72	25	0.012622971311175202	0.0	0.96	347222.2222222222
chr17	75068925	75068997	RNA5820	72	13	2.4874553673720508e-05	1.4696400285174605e-05	1.0	180555.55555555556
chr17	75068956	75069028	RNA5821	72	11	0.004966016246808886	0.0	0.9090909090909091	152777.77777777778
chr17	75069104	75069176	RNA5822	72	11	0.09093056727256639	1.4700700376124589e-05	0.9090909090909091	152777.77777777778
chr17	75069279	75069351	RNA5823	72	13	0.14543698777826927	1.4736199773324188e-05	0.8461538461538461	180555.55555555556
chr17	75106344	75106416	RNA5824	72	11	2.2724899281454788e-05	0.0	1.0	152777.77777777778
chr17	75108872	75108944	RNA5825	72	8	7.349912493737065e-06	0.0	1.0	111111.11111111111
chr17	75109225	75109297	RNA5826	72	25	0.0012090199251178976	0.0	1.0	347222.2222222222
chr17	75304100	75304193	RNA5827	93	16	1.6550412453852914e-05	1.4711750282003777e-05	1.0	172043.0107526882
chr17	75405785	75405878	RNA5828	93	28	0.0695203656573215	0.0	0.9285714285714286	301075.2688172043
chr17	75405877	75405970	RNA5829	93	14	1.4707899806249626e-05	7.347749942709925e-06	1.0	150537.63440860214
chr17	75409772	75409865	RNA5830	92	17	0.058735099821419945	0.0	0.9411764705882353	184782.60869565216
chr17	75421046	75421139	RNA5831	93	14	7.349235667269178e-06	0.0	1.0	150537.63440860214
chr17	75515655	75515748	RNA5832	93	34	2.0765385563526912e-05	1.470005008741282e-05	1.0	365591.3978494624
chr17	75575733	75575818	RNA5833	85	0				0.0
chr17	75579434	75579507	RNA5834	73	7	1.4707414525868704e-05	1.4707599802932236e-05	1.0	95890.4109589041
chr17	75712606	75712704	RNA5835	98	0				0.0
chr17	76132633	76132705	RNA5836	72	31	0.00023426014532530544	1.4743999599886592e-05	1.0	430555.55555555556
chr17	76132659	76132756	RNA5837	97	35	0.00016925855816224956	1.4707199625263456e-05	1.0	360824.74226804124
chr17	76133130	76133202	RNA5838	72	14	4.619361262873892e-05	1.4697199731017465e-05	1.0	194444.44444444444
chr17	76134792	76134864	RNA5839	72	17	1.815950583798115e-05	1.4698500308440998e-05	1.0	236111.1111111111
chr17	76135486	76135598	RNA5840	112	31	0.03229553143281068	0.0	0.967741935483871	276785.7142857143
chr17	76388176	76388269	RNA5841	93	15	1.6661426525388378e-05	1.470159986638464e-05	1.0	161290.32258064515
chr17	76453153	76453226	RNA5842	73	40	6.142208910659932e-05	1.47044002005714e-05	1.0	547945.205479452
chr17	76453214	76453299	RNA5843	85	24	0.04167585566657787	0.0	0.9583333333333334	282352.9411764706
chr17	76526867	76526940	RNA5844	49	0				0.0
chr17	76526882	76526967	RNA5845	48	0				0.0
chr17	76527117	76527202	RNA5846	83	3	0.3331288786721416	0.0	0.6666666666666666	36144.57831325301
chr17	76527131	76527229	RNA5847	97	11	0.18077627026352935	0.0	0.8181818181818182	113402.06185567011
chr17	76527157	76527255	RNA5848	98	18	0.14234591390782547	0.0	0.8333333333333334	183673.46938775512
chr17	76527249	76527347	RNA5849	98	23	0.043539226769019515	0.0	0.9565217391304348	234693.8775510204
chr17	76527267	76527340	RNA5850	73	15	0.06669317228667447	1.4705399735248648e-05	0.9333333333333333	205479.4520547945
chr17	76792369	76792467	RNA5851	98	20	4.710652951871078e-05	1.4720600120199379e-05	1.0	204081.63265306124
chr17	76792376	76792461	RNA5852	85	18	5.151936612592775e-05	1.4720600120199379e-05	1.0	211764.70588235295
chr17	76792378	76792451	RNA5853	73	17	5.281091120302483e-05	1.4717100384586956e-05	1.0	232876.7123287671
chr17	76792382	76792467	RNA5854	85	19	4.881148369780249e-05	1.47240998558118e-05	1.0	223529.4117647059
chr17	76792388	76792461	RNA5855	73	17	5.368448177357243e-05	1.47240998558118e-05	1.0	232876.7123287671
chr17	76792392	76792490	RNA5856	98	22	4.416568597000471e-05	1.4720600120199379e-05	1.0	224489.79591836734
chr17	76792399	76792472	RNA5857	73	16	5.244903695710932e-05	1.4753049981663935e-05	1.0	219178.08219178082
chr17	76792401	76792486	RNA5858	85	18	4.90784162442003e-05	1.4753049981663935e-05	1.0	211764.70588235295
chr17	76862943	76863041	RNA5859	98	20	0.0003802312381139822	0.0	1.0	204081.63265306124
chr17	77509484	77509569	RNA5860	85	6	1.4747116438229568e-05	0.0	1.0	70588.23529411765
chr17	77509575	77509648	RNA5861	73	9	1.802753296133292e-05	0.0	1.0	123287.6712328767
chr17	77796095	77796193	RNA5862	98	16	0.023276416500038973	2.9392299438768532e-05	0.9375	163265.30612244896
chr17	77796249	77796323	RNA5863	74	19	0.05268883081039109	1.4699799976369832e-05	0.9473684210526315	256756.75675675675
chr17	79931788	79931860	RNA5864	72	16	9.19071243288272e-06	0.0	1.0	222222.22222222222
chr17	79931853	79931925	RNA5865	72	16	9.188981266561314e-06	7.347950031544315e-06	1.0	222222.22222222222
chr17	79932038	79932110	RNA5866	72	15	6.9127466000888186e-06	0.0	1.0	208333.33333333334
chr17	80120688	80120785	RNA5867	55	6	8.336683094967157e-06	8.106099812721368e-06	1.0	109090.90909090909
chr17	80132227	80132339	RNA5868	112	15	2.2542673893132007e-05	0.0	1.0	133928.57142857142
chr17	80260500	80260597	RNA5869	49	9	0.0936515910135414	2.19096000364516e-05	0.8888888888888888	183673.46938775512
chr17	80260530	80260642	RNA5870	25	0				0.0
chr17	80260615	80260708	RNA5871	0	0				
chr17	80260643	80260740	RNA5872	0	0				
chr17	80260645	80260742	RNA5873	0	0				
chr17	80260654	80260766	RNA5874	0	0				
chr17	80260724	80260836	RNA5875	17	0				0.0
chr17	81394064	81394161	RNA5876	97	28	0.013067827925234652	7.347100108745508e-06	0.9642857142857143	288659.793814433
chr17	81394144	81394241	RNA5877	97	27	0.009562290669742242	1.469509970775107e-05	0.9629629629629629	278350.5154639175
chr17	81394288	81394385	RNA5878	97	20	0.0005621212931146071	1.4694649962621043e-05	1.0	206185.56701030926
chr17	81394361	81394473	RNA5879	112	23	0.0006236083409416734	1.469509970775107e-05	1.0	205357.14285714284
chr17	81395019	81395131	RNA5880	112	29	6.639772941681889e-05	0.0	1.0	258928.57142857145
chr17	81395138	81395250	RNA5881	112	35	0.00015914508026720978	0.0	1.0	312500.0
chr17	81538532	81538630	RNA5882	98	27	0.003155125592726371	1.4698500308440998e-05	0.9629629629629629	275510.2040816326
chr17	81539489	81539563	RNA5883	74	18	3.5117955475359974e-05	1.4700249721499858e-05	1.0	243243.24324324325
chr17	81539634	81539719	RNA5884	85	33	0.0008869434656541324	0.0	1.0	388235.29411764705
chr17	81539644	81539717	RNA5885	73	25	3.939982019801183e-05	0.0	1.0	342465.7534246575
chr17	82098301	82098398	RNA5886	97	34	1.2267338153083075e-05	1.477390014770208e-05	1.0	350515.4639175258
chr17	82098642	82098754	RNA5887	112	44	0.0008069745311083572	7.408300007227808e-06	1.0	392857.14285714284
chr17	82500106	82500180	RNA5888	74	14	2.940035710707354e-05	0.0	1.0	189189.1891891892
chr17	82653146	82653220	RNA5889	74	12	1.3478082943644646e-05	0.0	1.0	162162.16216216216
chr17	82654068	82654142	RNA5890	74	19	1.5473831617304024e-05	1.4697699953103438e-05	1.0	256756.75675675675
chr17	82698886	82698960	RNA5891	74	23	0.0007467415118852562	1.4703299711982254e-05	1.0	310810.8108108108
chr17	82698947	82699021	RNA5892	74	18	0.001607724209154383	1.4703100077895215e-05	1.0	243243.24324324325
chr17	82751201	82751275	RNA5893	74	22	1.7101713431405093e-05	0.0	1.0	297297.29729729734
chr17	83245168	83245280	RNA5894	0	0				
chr18	8640256	8640342	RNA5895	86	19	0.0017054815967448525	1.4697699953103438e-05	1.0	220930.23255813954
chr18	12729305	12729391	RNA5896	86	12	1.5926766688304877e-05	1.4699599887535442e-05	1.0	139534.88372093023
chr18	13189822	13189908	RNA5897	86	0				0.0
chr18	13193097	13193183	RNA5898	86	7	8.398414398210921e-06	0.0	1.0	81395.34883720931
chr18	13193599	13193685	RNA5899	86	20	0.00041227133438041997	1.4698950053571025e-05	1.0	232558.13953488372
chr18	13654203	13654289	RNA5900	86	10	4.409150915306886e-05	2.204629936386482e-05	1.0	116279.06976744186
chr18	13654895	13654981	RNA5901	86	10	7.203633886091734e-05	0.0	1.0	116279.06976744186
chr18	13657453	13657539	RNA5902	86	17	1.661946445143686e-05	0.0	1.0	197674.41860465115
chr18	14655930	14656016	RNA5903	86	0				0.0
chr18	15795400	15795486	RNA5904	0	0				
chr18	41090236	41090308	RNA5905	72	15	4.2569848543880463e-05	0.0	1.0	208333.33333333334
chr18	44581215	44581304	RNA5906	89	25	0.00015417474238347076	1.469590006308863e-05	1.0	280898.8764044944
chr18	44643478	44643550	RNA5907	72	12	1.3473908211381058e-05	0.0	1.0	166666.66666666666
chr18	45983172	45983244	RNA5908	72	8	2.204662462190754e-05	1.469724975322606e-05	1.0	111111.11111111111
chr18	46077370	46077442	RNA5909	72	16	0.0002599519522163935	1.4697250207973411e-05	1.0	222222.22222222222
chr18	46078628	46078700	RNA5910	72	14	0.0036719228824689813	1.4700699921377236e-05	0.9285714285714286	194444.44444444444
chr18	46129338	46129410	RNA5911	72	8	0.00014330638578029513	7.349050065386109e-06	1.0	111111.11111111111
chr18	46130431	46130503	RNA5912	72	16	1.5623112574303377e-05	1.4698749964736635e-05	1.0	222222.22222222222
chr18	46171679	46171751	RNA5913	72	12	2.3352949938263253e-05	7.352699867624324e-06	1.0	166666.66666666666
chr18	47105656	47105728	RNA5914	72	15	2.1556459675287246e-05	0.0	1.0	208333.33333333334
chr18	48532350	48532439	RNA5915	89	13	3.391969165442368e-06	0.0	1.0	146067.4157303371
chr18	48533110	48533199	RNA5916	89	18	3.021248939047078e-05	0.0	1.0	202247.19101123596
chr18	49462367	49462495	RNA5917	128	19	1.3954573660157621e-05	1.4704999557579868e-05	1.0	148437.5
chr18	49462519	49462608	RNA5918	89	17	2.421101769012422e-05	1.4699399798701052e-05	1.0	191011.23595505618
chr18	49472246	49472335	RNA5919	89	7	6.303999855715249e-06	0.0	1.0	78651.68539325842
chr18	49474171	49474260	RNA5920	89	15	1.7640486718543494e-05	1.4699799976369832e-05	1.0	168539.32584269662
chr18	49492794	49492883	RNA5921	89	14	0.004864685311011789	1.4700249721499858e-05	0.9285714285714286	157303.37078651684
chr18	49497255	49497344	RNA5922	89	0				0.0
chr18	49602336	49602425	RNA5923	89	20	0.0007663966048767105	7.348849976551719e-06	1.0	224719.1011235955
chr18	50472117	50472206	RNA5924	89	26	2.3743342318573593e-05	0.0	1.0	292134.8314606742
chr18	51085093	51085165	RNA5925	72	8	1.102422493204358e-05	0.0	1.0	111111.11111111111
chr18	52334700	52334789	RNA5926	83	16	0.0050418146579431725	7.37309983378509e-06	0.9375	192771.0843373494
chr18	52339531	52339620	RNA5927	89	15	1.469784013655347e-05	1.4694200217491016e-05	1.0	168539.32584269662
chr18	52339853	52339942	RNA5928	89	18	4.8987055278196825e-05	7.348200142587302e-06	1.0	202247.19101123596
chr18	52339972	52340061	RNA5929	89	28	0.0002509600277725023	1.4698549875902245e-05	1.0	314606.7415730337
chr18	54054953	54055042	RNA5930	89	21	0.012430797587426025	0.0	0.9523809523809523	235955.05617977527
chr18	54056887	54056976	RNA5931	89	13	5.653238426580524e-06	0.0	1.0	146067.4157303371
chr18	54057140	54057229	RNA5932	89	24	8.57533329205277e-06	7.348399776674342e-06	1.0	269662.9213483146
chr18	54062794	54062926	RNA5933	132	19	0.0031291975602997743	0.0	0.9473684210526315	143939.39393939395
chr18	54065889	54066017	RNA5934	128	18	8.493050644472531e-05	2.9397049729595892e-05	1.0	140625.0
chr18	54100733	54100861	RNA5935	128	23	0.00018345460391529299	0.0	1.0	179687.5
chr18	54149669	54149797	RNA5936	128	22	1.8709095663573613e-05	1.4700300198455809e-05	1.0	171875.0
chr18	54150766	54150894	RNA5937	128	18	2.1230710798485742e-05	1.4696599919261644e-05	1.0	140625.0
chr18	54232126	54232254	RNA5938	128	25	0.01117043313650355	1.4755400115973316e-05	0.96	195312.5
chr18	54233492	54233581	RNA5939	89	18	0.05555555570567271	0.0	0.9444444444444444	202247.19101123596
chr18	54234002	54234130	RNA5940	128	26	9.387494912095828e-05	0.0	1.0	203125.0
chr18	54321678	54321806	RNA5941	128	26	1.4134123130831557e-05	0.0	1.0	203125.0
chr18	54486236	54486325	RNA5942	89	16	2.4809094099961844e-05	1.4697450296807801e-05	1.0	179775.2808988764
chr18	55218781	55218909	RNA5943	128	28	1.3166878586291983e-05	1.4705649846291635e-05	1.0	218750.0
chr18	57597453	57597585	RNA5944	132	19	0.05265633654672504	1.4707599802932236e-05	0.9473684210526315	143939.39393939395
chr18	58038112	58038201	RNA5945	89	0				0.0
chr18	58455301	58455433	RNA5946	132	21	5.110313915273097e-05	0.0	1.0	159090.9090909091
chr18	58456320	58456452	RNA5947	132	25	0.041890676599396104	1.4694200217491016e-05	0.96	189393.9393939394
chr18	58456395	58456527	RNA5948	132	28	0.05599386840601384	1.4698500308440998e-05	0.8928571428571429	212121.21212121213
chr18	58629186	58629318	RNA5949	132	31	0.0645241903676804	1.4699799976369832e-05	0.9354838709677419	234848.48484848486
chr18	58630610	58630742	RNA5950	132	25	2.0107379714315023e-05	1.4699399798701052e-05	1.0	189393.9393939394
chr18	58669409	58669541	RNA5951	132	18	8.981638832968505e-06	0.0	1.0	136363.63636363635
chr18	59207341	59207469	RNA5952	128	21	0.0043594944381766245	0.0	0.9523809523809523	164062.5
chr18	59720571	59720703	RNA5953	132	16	7.349018687818898e-06	0.0	1.0	121212.12121212122
chr18	63585813	63585945	RNA5954	132	28	1.3126735698928574e-05	7.349050065386109e-06	1.0	212121.21212121213
chr19	1245146	1245225	RNA5955	79	31	0.032285571764107096	0.0	0.967741935483871	392405.0632911392
chr19	2070591	2070670	RNA5956	79	22	2.0086718533008795e-05	7.360749805229716e-06	1.0	278481.0126582278
chr19	2070784	2070863	RNA5957	79	0				0.0
chr19	2070900	2070979	RNA5958	78	15	0.00010747431952039814	1.474269993195776e-05	1.0	192307.6923076923
chr19	2741727	2741806	RNA5959	79	14	9.451285417786234e-06	0.0	1.0	177215.18987341772
chr19	2744875	2744954	RNA5960	79	20	9.553465042699827e-06	0.0	1.0	253164.55696202532
chr19	2747006	2747085	RNA5961	79	15	2.450878643381606e-05	0.0	1.0	189873.417721519
chr19	3224178	3224257	RNA5962	79	0				0.0
chr19	3472004	3472094	RNA5963	88	23	0.00020748031795886327	1.469590006308863e-05	1.0	261363.63636363635
chr19	3707852	3707923	RNA5964	71	8	5.517524982678879e-06	0.0	1.0	112676.05633802817
chr19	3708037	3708109	RNA5965	72	13	0.00039478122149515373	1.4698500308440998e-05	1.0	180555.55555555556
chr19	3772293	3772402	RNA5966	109	25	0.023880546072359718	1.4700700376124589e-05	0.96	229357.79816513762
chr19	4624448	4624519	RNA5967	71	14	3.570194966024224e-05	0.0	1.0	197183.0985915493
chr19	4625667	4625739	RNA5968	72	16	7.258016711375183e-05	7.348200142587302e-06	1.0	222222.22222222222
chr19	4670499	4670571	RNA5969	72	11	8.085654619869523e-06	1.4707599802932236e-05	1.0	152777.77777777778
chr19	4670818	4670927	RNA5970	109	26	0.002674961077026143	1.4698950053571025e-05	0.9615384615384616	238532.11009174315
chr19	4671230	4671302	RNA5971	72	6	1.7151883336434064e-05	1.470460028940579e-05	1.0	83333.33333333333
chr19	4672123	4672232	RNA5972	42	0				0.0
chr19	4673657	4673766	RNA5973	109	20	0.0021590714208286916	0.0	1.0	183486.2385321101
chr19	4673874	4673945	RNA5974	71	10	6.232218947843052e-05	0.0	1.0	140845.0704225352
chr19	4673923	4673994	RNA5975	71	12	7.37459996950444e-06	7.35079993319232e-06	1.0	169014.08450704225
chr19	4832410	4832482	RNA5976	71	13	0.0008646811328827174	1.488759971834952e-05	1.0	183098.5915492958
chr19	4832563	4832672	RNA5977	109	22	0.04439347863014767	7.350350188062294e-06	0.9545454545454546	201834.86238532112
chr19	4832737	4832846	RNA5978	109	20	0.0011675136886424276	0.0	1.0	183486.2385321101
chr19	4832939	4833010	RNA5979	71	19	1.7018510669382996e-05	1.4696799553348685e-05	1.0	267605.63380281685
chr19	4833965	4834036	RNA5980	71	0				0.0
chr19	4834015	4834087	RNA5981	70	0				0.0
chr19	4834579	4834650	RNA5982	71	19	0.022278804837457603	0.0	0.9473684210526315	267605.63380281685
chr19	4834896	4834968	RNA5983	72	19	0.028838648733270883	1.4735799595655408e-05	0.9473684210526315	263888.8888888889
chr19	4867696	4867805	RNA5984	109	30	1.078885012854395e-05	0.0	1.0	275229.3577981652
chr19	5340975	5341059	RNA5985	84	0				0.0
chr19	5341099	5341190	RNA5986	91	14	0.0069921301387044586	1.4703050055686617e-05	0.9285714285714286	153846.15384615384
chr19	5904292	5904401	RNA5987	109	0				0.0
chr19	5904468	5904539	RNA5988	71	0				0.0
chr19	5904523	5904595	RNA5989	72	0				0.0
chr19	5904599	5904681	RNA5990	82	0				0.0
chr19	6952300	6952379	RNA5991	79	12	0.0004889871596181571	2.9446899588947417e-05	1.0	151898.7341772152
chr19	7317132	7317222	RNA5992	90	0				0.0
chr19	7709105	7709179	RNA5993	74	10	1.9153320135956164e-05	7.349699899350526e-06	1.0	135135.13513513515
chr19	8036978	8037068	RNA5994	90	0				0.0
chr19	8042530	8042620	RNA5995	90	16	0.12486466370012296	2.2254950181377353e-05	0.875	177777.77777777778
chr19	8049073	8049163	RNA5996	90	20	3.823427050519099e-05	0.0	1.0	222222.22222222222
chr19	8489542	8489632	RNA5997	90	24	7.001522601512548e-05	0.0	1.0	266666.6666666667
chr19	8489679	8489769	RNA5998	90	21	5.041777738023303e-05	0.0	1.0	233333.33333333334
chr19	8489706	8489796	RNA5999	90	18	6.453623468081929e-05	0.0	1.0	200000.0
chr19	9075507	9075625	RNA6000	118	20	3.602213550948355e-05	1.470159986638464e-05	1.0	169491.5254237288
chr19	9110925	9111009	RNA6001	84	0				0.0
chr19	9111642	9111733	RNA6002	91	0				0.0
chr19	9323664	9323754	RNA6003	90	13	1.0174938464702931e-05	1.469509970775107e-05	1.0	144444.44444444444
chr19	9540744	9540841	RNA6004	97	27	0.006391425307979418	0.0	0.9259259259259259	278350.5154639175
chr19	9558392	9558474	RNA6005	82	22	4.077155989017422e-05	0.0	1.0	268292.68292682926
chr19	9675234	9675372	RNA6006	138	59	0.016992007094150885	0.0	0.9830508474576272	427536.231884058
chr19	9722754	9722826	RNA6007	72	19	0.003923847983395187	1.4698500308440998e-05	0.9473684210526315	263888.8888888889
chr19	9723182	9723253	RNA6008	71	20	7.349409997914336e-06	0.0	1.0	281690.1408450704
chr19	9739459	9739568	RNA6009	109	31	0.004739160767272665	1.4699399798701052e-05	0.967741935483871	284403.66972477065
chr19	10011528	10011619	RNA6010	91	22	1.537273184029883e-05	1.469964990974404e-05	1.0	241758.24175824175
chr19	10012653	10012737	RNA6011	84	20	0.0004357293586963303	1.4694400306325406e-05	1.0	238095.23809523808
chr19	10103862	10103953	RNA6012	91	61	0.020617033319094983	2.94758992822608e-05	0.9672131147540983	670329.6703296703
chr19	10103896	10103987	RNA6013	91	62	0.004174668657381712	2.214130017819116e-05	0.9838709677419355	681318.6813186813
chr19	10104519	10104603	RNA6014	84	23	0.0035425832893847377	1.4699399798701052e-05	0.9565217391304348	273809.52380952385
chr19	10106115	10106199	RNA6015	84	27	0.004488907659328508	1.469590006308863e-05	0.9629629629629629	321428.5714285715
chr19	10120088	10120172	RNA6016	84	16	7.353431215051387e-06	0.0	1.0	190476.19047619047
chr19	10120764	10120855	RNA6017	91	16	1.0128443705070822e-05	0.0	1.0	175824.17582417585
chr19	10121662	10121746	RNA6018	84	26	0.005034003418201709	0.0	0.9615384615384616	309523.8095238095
chr19	10122568	10122659	RNA6019	88	17	4.9472152835832426e-05	1.884869925561361e-05	1.0	193181.81818181818
chr19	10233364	10233448	RNA6020	84	0				0.0
chr19	10235513	10235604	RNA6021	90	0				0.0
chr19	10383988	10384070	RNA6022	82	17	2.1646941551055285e-05	1.4707199625263456e-05	1.0	207317.0731707317
chr19	10384752	10384834	RNA6023	82	23	0.0012472760268080819	0.0	1.0	280487.80487804883
chr19	10384836	10384918	RNA6024	82	17	0.05883303983522209	0.0	0.9411764705882353	207317.0731707317
chr19	10954556	10954638	RNA6025	82	0				0.0
chr19	10954578	10954660	RNA6026	82	0				0.0
chr19	10956117	10956199	RNA6027	82	0				0.0
chr19	11084999	11085083	RNA6028	84	0				0.0
chr19	11085816	11085907	RNA6029	91	17	0.0001798759401079835	2.940400008810684e-05	1.0	186813.18681318683
chr19	11550539	11550621	RNA6030	82	16	0.00010213960160853104	1.470694996896782e-05	1.0	195121.9512195122
chr19	11696560	11696634	RNA6031	74	12	5.0223358357462564e-05	1.4700900010211626e-05	1.0	162162.16216216216
chr19	12158092	12158166	RNA6032	74	19	0.0011621553372893445	0.0	1.0	256756.75675675675
chr19	12160927	12161057	RNA6033	130	16	0.06251377911894451	1.469569997425424e-05	0.9375	123076.92307692308
chr19	12162172	12162246	RNA6034	74	9	0.11141815371350579	0.0	0.8888888888888888	121621.62162162163
chr19	12162292	12162366	RNA6035	74	14	4.200971423935178e-06	0.0	1.0	189189.1891891892
chr19	12919317	12919391	RNA6036	74	53	2.3848075404697303e-05	1.469590006308863e-05	1.0	716216.2162162162
chr19	12919343	12919475	RNA6037	132	67	0.005395739804654696	1.469590006308863e-05	0.9850746268656716	507575.75757575757
chr19	12919361	12919435	RNA6038	74	30	1.2248359932224654e-05	1.4697199731017465e-05	1.0	405405.40540540544
chr19	12919367	12919441	RNA6039	74	28	1.2598510660869319e-05	1.4697199731017465e-05	1.0	378378.3783783784
chr19	13098813	13098931	RNA6040	118	21	2.3104671613723837e-05	0.0	1.0	177966.10169491524
chr19	13157612	13157702	RNA6041	90	0				0.0
chr19	13654652	13654749	RNA6042	97	25	0.019929927123739616	0.0	0.96	257731.95876288658
chr19	13659877	13660015	RNA6043	136	28	0.05931824920347545	0.0	0.9285714285714286	205882.35294117645
chr19	13725596	13725670	RNA6044	74	14	0.00179653890505246	7.358799848589115e-06	1.0	189189.1891891892
chr19	14018434	14018552	RNA6045	118	0				0.0
chr19	14026654	14026772	RNA6046	118	27	1.3072615291563088e-05	0.0	1.0	228813.5593220339
chr19	14026936	14027054	RNA6047	118	29	0.00040799344966718353	0.0	1.0	245762.7118644068
chr19	14087636	14087754	RNA6048	118	39	0.02567043108179999	0.0	0.9743589743589743	330508.4745762712
chr19	14087660	14087778	RNA6049	118	35	2.898241779933192e-05	0.0	1.0	296610.1694915254
chr19	14210374	14210492	RNA6050	118	31	9.958351637901468e-06	0.0	1.0	262711.8644067797
chr19	14426435	14426532	RNA6051	91	18	6.177182199785326e-05	1.6696949387551285e-05	1.0	197802.1978021978
chr19	14505765	14505862	RNA6052	97	17	0.058845148094405886	0.0	0.9411764705882353	175257.7319587629
chr19	14509573	14509670	RNA6053	97	17	8.992359888746119e-05	1.4696799553348685e-05	1.0	175257.7319587629
chr19	14513006	14513144	RNA6054	138	24	8.574795780684022e-06	0.0	1.0	173913.04347826086
chr19	14573204	14573301	RNA6055	97	18	2.497738882488597e-06	0.0	1.0	185567.01030927835
chr19	14573249	14573346	RNA6056	97	16	1.2276875111183472e-05	0.0	1.0	164948.45360824742
chr19	14612674	14612812	RNA6057	138	17	6.486551806386693e-05	1.4700700376124589e-05	1.0	123188.40579710146
chr19	14618893	14619031	RNA6058	138	21	2.2455770964109957e-05	1.4704200111737007e-05	1.0	152173.91304347827
chr19	14618994	14619091	RNA6059	97	14	1.7883385615797514e-05	1.470434972361545e-05	1.0	144329.8969072165
chr19	14779879	14780017	RNA6060	138	34	0.00014750632563471065	0.0	1.0	246376.8115942029
chr19	14779990	14780128	RNA6061	138	27	0.0059238772718243895	0.0	0.9629629629629629	195652.1739130435
chr19	14783100	14783238	RNA6062	138	28	0.07161701689379438	1.4696800008096034e-05	0.9285714285714286	202898.5507246377
chr19	14931470	14931552	RNA6063	82	15	1.0778373083060918e-05	0.0	1.0	182926.82926829267
chr19	14932006	14932097	RNA6064	91	21	0.04869728691625953	1.4698999621032272e-05	0.9523809523809523	230769.23076923078
chr19	14932419	14932557	RNA6065	138	18	8.167499951620508e-06	0.0	1.0	130434.78260869565
chr19	14932541	14932659	RNA6066	118	20	0.050004408934955794	0.0	0.95	169491.5254237288
chr19	14932689	14932786	RNA6067	97	18	0.0005070111772308983	0.0	1.0	185567.01030927835
chr19	14932942	14933026	RNA6068	84	12	0.02681344300746483	1.470005008741282e-05	0.9166666666666666	142857.14285714284
chr19	16691234	16691364	RNA6069	130	28	0.0017025622273649755	1.4701549844176043e-05	1.0	215384.6153846154
chr19	16887229	16887361	RNA6070	132	35	0.057152135914813176	1.4699799976369832e-05	0.9428571428571428	265151.51515151514
chr19	17029121	17029251	RNA6071	130	23	0.0049157892630635365	1.4703699889651034e-05	0.9565217391304348	176923.07692307694
chr19	17075633	17075763	RNA6072	128	39	0.0005237905448339892	0.0	1.0	304687.5
chr19	17075637	17075767	RNA6073	128	37	0.0005521035472574481	0.0	1.0	289062.5
chr19	17219905	17220035	RNA6074	130	19	2.1661626449617632e-05	1.4697699953103438e-05	1.0	146153.84615384616
chr19	17220032	17220162	RNA6075	130	31	0.002678028897501078	1.4697699953103438e-05	0.967741935483871	238461.53846153847
chr19	17220131	17220261	RNA6076	130	23	1.8426886882755237e-05	1.4707199625263456e-05	1.0	176923.07692307694
chr19	17702135	17702209	RNA6077	61	0				0.0
chr19	17734703	17734835	RNA6078	132	28	0.03576205584119763	1.469785001972923e-05	0.9642857142857143	212121.21212121213
chr19	17734837	17734969	RNA6079	132	15	7.350694340857371e-05	0.0	1.0	113636.36363636363
chr19	17735139	17735271	RNA6080	132	24	1.4700570659442747e-05	1.469744984206045e-05	1.0	181818.18181818182
chr19	18186887	18187017	RNA6081	130	25	0.003180416443610731	1.4731000192114152e-05	0.96	192307.6923076923
chr19	18187827	18187959	RNA6082	132	22	3.741831911114922e-05	7.350150099227904e-06	1.0	166666.66666666666
chr19	18187860	18187992	RNA6083	132	24	0.00011944342948784605	1.4701099644298664e-05	1.0	181818.18181818182
chr19	18187891	18188023	RNA6084	132	21	0.00013512615745033048	1.4701099644298664e-05	1.0	159090.9090909091
chr19	18868272	18868404	RNA6085	132	33	0.00028123853641745197	1.4701099644298664e-05	1.0	250000.0
chr19	19063794	19063912	RNA6086	118	57	1.1862154327932411e-05	0.0	1.0	483050.8474576271
chr19	19515615	19515712	RNA6087	97	19	1.1606478868711029e-05	0.0	1.0	195876.28865979382
chr19	19561287	19561425	RNA6088	138	36	5.259257128878934e-05	1.4744699910806958e-05	1.0	260869.5652173913
chr19	21261981	21262111	RNA6089	130	0				0.0
chr19	22862464	22862596	RNA6090	0	0				
chr19	28048485	28048617	RNA6091	132	33	2.6742636609093842e-05	1.470159986638464e-05	1.0	250000.0
chr19	30714468	30714540	RNA6092	72	11	0.011543192570487998	0.0	0.9090909090909091	152777.77777777778
chr19	31614901	31615033	RNA6093	132	34	1.1674805992858155e-05	0.0	1.0	257575.75757575757
chr19	32505634	32505766	RNA6094	132	23	0.006589135055788648	1.469590006308863e-05	0.9565217391304348	174242.42424242425
chr19	32594280	32594412	RNA6095	132	17	9.510152909463026e-06	0.0	1.0	128787.87878787878
chr19	32595574	32595706	RNA6096	132	28	1.3650785604110514e-05	7.348849976551719e-06	1.0	212121.21212121213
chr19	32678315	32678447	RNA6097	132	23	0.001621111313002269	1.4702900443808176e-05	1.0	174242.42424242425
chr19	32678401	32678533	RNA6098	132	27	0.00392404130764555	1.4703299711982254e-05	1.0	204545.45454545456
chr19	32715038	32715170	RNA6099	123	19	2.801991520659081e-05	1.47024002217222e-05	1.0	154471.54471544715
chr19	33594128	33594260	RNA6100	132	28	1.3648781954801444e-05	0.0	1.0	212121.21212121213
chr19	34479602	34479673	RNA6101	71	20	0.040855734450269666	0.0	0.95	281690.1408450704
chr19	34570177	34570249	RNA6102	72	10	1.0290569935023087e-05	7.349499810516136e-06	1.0	138888.8888888889
chr19	35479847	35479919	RNA6103	72	9	0.004057488962543073	0.0	1.0	125000.0
chr19	35548646	35548718	RNA6104	72	12	2.2043008129911582e-05	7.347950031544315e-06	1.0	166666.66666666666
chr19	35549203	35549275	RNA6105	72	17	5.53308999609297e-05	0.0	1.0	236111.1111111111
chr19	35604086	35604158	RNA6106	72	0				0.0
chr19	35606817	35606889	RNA6107	72	14	1.3648071217176039e-05	7.347749942709925e-06	1.0	194444.44444444444
chr19	35680291	35680363	RNA6108	72	14	4.414539918278026e-05	1.4705449757457245e-05	1.0	194444.44444444444
chr19	36436379	36436451	RNA6109	72	12	2.4503332648843448e-06	0.0	1.0	166666.66666666666
chr19	36792761	36792893	RNA6110	132	0				0.0
chr19	38431060	38431131	RNA6111	71	12	0.0004105853384620104	1.4699000075779622e-05	1.0	169014.08450704225
chr19	39391200	39391271	RNA6112	71	25	3.8216519205886334e-05	0.0	1.0	352112.676056338
chr19	39436006	39436077	RNA6113	71	23	2.3002691507470935e-05	0.0	1.0	323943.661971831
chr19	39436038	39436109	RNA6114	71	20	6.619037467316524e-05	0.0	1.0	281690.1408450704
chr19	39478403	39478474	RNA6115	71	19	0.05661524739604684	1.4708500202686992e-05	0.8947368421052632	267605.63380281685
chr19	39478684	39478755	RNA6116	71	14	1.1550950148375705e-05	1.4697900041937828e-05	1.0	197183.0985915493
chr19	39572317	39572388	RNA6117	71	3	0.6666666666666666	1.0	0.3333333333333333	42253.52112676056
chr19	40447168	40447239	RNA6118	71	14	4.936190758338809e-05	1.4702900443808176e-05	1.0	197183.0985915493
chr19	40447438	40447510	RNA6119	72	13	0.009500950862415125	1.4734499927726574e-05	0.9230769230769231	180555.55555555556
chr19	40691170	40691266	RNA6120	96	21	1.9598414144724744e-05	1.4697699953103438e-05	1.0	218750.0
chr19	41029410	41029527	RNA6121	117	36	0.0740391422951537	1.4706300135003405e-05	0.9166666666666666	307692.3076923077
chr19	41833344	41833463	RNA6122	119	0				0.0
chr19	42259066	42259141	RNA6123	75	9	1.147041125982974e-05	1.4749300135008523e-05	1.0	120000.0
chr19	43286055	43286174	RNA6124	119	0				0.0
chr19	43291272	43291392	RNA6125	119	0				0.0
chr19	43292445	43292564	RNA6126	119	0				0.0
chr19	43293818	43293939	RNA6127	121	0				0.0
chr19	43293906	43294015	RNA6128	109	0				0.0
chr19	43295248	43295369	RNA6129	121	0				0.0
chr19	43296870	43296988	RNA6130	118	0				0.0
chr19	44305060	44305178	RNA6131	118	35	0.00010625109968843841	0.0	1.0	296610.1694915254
chr19	44305104	44305231	RNA6132	127	32	2.2506484555150447e-05	7.348399776674342e-06	1.0	251968.50393700786
chr19	44464416	44464487	RNA6133	71	11	6.680409156119409e-06	0.0	1.0	154929.57746478872
chr19	44501098	44501183	RNA6134	85	19	6.730637400515169e-05	0.0	1.0	223529.4117647059
chr19	44501105	44501186	RNA6135	81	18	7.10456170054379e-05	0.0	1.0	222222.22222222222
chr19	44501183	44501270	RNA6136	87	18	3.756794952399249e-05	0.0	1.0	206896.55172413794
chr19	44501582	44501664	RNA6137	82	14	5.252657177022359e-06	0.0	1.0	170731.7073170732
chr19	44760743	44760839	RNA6138	96	20	1.6173579706443398e-05	0.0	1.0	208333.33333333334
chr19	44996741	44996858	RNA6139	117	0				0.0
chr19	45305408	45305526	RNA6140	118	27	5.404842243108009e-05	1.4706300135003405e-05	1.0	228813.5593220339
chr19	45305427	45305546	RNA6141	119	24	0.0041419063311801995	1.470929964852985e-05	0.9583333333333334	201680.67226890757
chr19	45603303	45603399	RNA6142	96	24	2.9401733740990616e-05	1.470220013288781e-05	1.0	250000.0
chr19	45606320	45606442	RNA6143	122	32	0.000965725147807455	1.4895949789206497e-05	1.0	262295.08196721313
chr19	45664700	45664796	RNA6144	96	19	6.265727331896717e-05	1.4698999621032272e-05	1.0	197916.66666666666
chr19	45665085	45665181	RNA6145	96	13	0.00030863199019500403	1.4731899682374204e-05	1.0	135416.66666666666
chr19	45684393	45684489	RNA6146	96	24	1.7149387379803973e-05	1.4698300219606608e-05	1.0	250000.0
chr19	45685528	45685624	RNA6147	96	14	0.001185211510541433	7.358799848589115e-06	1.0	145833.33333333334
chr19	45764585	45764681	RNA6148	96	23	1.9173952039079205e-05	0.0	1.0	239583.33333333334
chr19	45815308	45815404	RNA6149	96	27	0.00015995105891137808	1.4710200048284603e-05	1.0	281250.0
chr19	45815309	45815405	RNA6150	96	27	0.00016001969591646173	1.4710200048284603e-05	1.0	281250.0
chr19	45815311	45815407	RNA6151	96	28	0.00015494656388779514	1.4712600204802584e-05	1.0	291666.6666666667
chr19	45863200	45863319	RNA6152	119	43	0.0036047267061338375	1.469509970775107e-05	0.9767441860465116	361344.53781512607
chr19	45918763	45918880	RNA6153	117	21	0.0006177524575312897	0.0	1.0	179487.1794871795
chr19	45992202	45992319	RNA6154	117	2	7.375049790425692e-06	7.375049790425692e-06	1.0	17094.017094017097
chr19	45992705	45992822	RNA6155	115	6	1.2924200291308807e-05	1.4896050288371043e-05	1.0	52173.91304347826
chr19	46023129	46023246	RNA6156	117	22	3.541763577561911e-05	7.349050065386109e-06	1.0	188034.18803418803
chr19	46023187	46023304	RNA6157	117	31	2.2289964216458443e-05	0.0	1.0	264957.26495726494
chr19	46099667	46099784	RNA6158	117	29	0.03386747343211026	0.0	0.9655172413793104	247863.24786324787
chr19	46258275	46258350	RNA6159	75	20	0.043611258962073414	7.353350156336092e-06	0.95	266666.6666666667
chr19	46639826	46639922	RNA6160	96	0				0.0
chr19	46717420	46717498	RNA6161	78	20	9.332713007097332e-05	1.469764993089484e-05	1.0	256410.25641025638
chr19	46718103	46718188	RNA6162	85	18	2.613187234600891e-05	2.93948996841209e-05	1.0	211764.70588235295
chr19	46719044	46719163	RNA6163	119	25	0.010712914711002662	1.47024002217222e-05	0.96	210084.03361344538
chr19	46791019	46791128	RNA6164	109	21	0.0017560253787624192	1.4739300240762532e-05	1.0	192660.55045871562
chr19	46815638	46815757	RNA6165	119	29	0.008934270258954522	1.4698500308440998e-05	0.9655172413793104	243697.47899159664
chr19	46830355	46830474	RNA6166	119	0				0.0
chr19	46831636	46831755	RNA6167	119	30	0.0002920986209877118	1.4696150174131617e-05	1.0	252100.84033613445
chr19	46836401	46836520	RNA6168	119	0				0.0
chr19	46850911	46851032	RNA6169	121	27	1.9053848046934473e-05	1.4698999621032272e-05	1.0	223140.4958677686
chr19	46852968	46853087	RNA6170	119	17	5.3602499760656e-05	0.0	1.0	142857.14285714284
chr19	46854137	46854258	RNA6171	121	21	0.04720326445130056	0.0	0.9523809523809523	173553.71900826448
chr19	46856620	46856739	RNA6172	119	31	1.1851229036464101e-05	0.0	1.0	260504.2016806723
chr19	46857879	46857999	RNA6173	120	24	0.041701003487181275	7.35100002202671e-06	0.9583333333333334	200000.0
chr19	47006044	47006117	RNA6174	73	9	1.4707177696335646e-05	1.4707199625263456e-05	1.0	123287.6712328767
chr19	47007028	47007146	RNA6175	106	26	2.4952188631195253e-05	0.0	1.0	245283.01886792452
chr19	47007481	47007600	RNA6176	119	21	0.04948027438275035	1.478020021750126e-05	0.9523809523809523	176470.58823529413
chr19	47019312	47019429	RNA6177	117	35	2.9402802855264537e-05	1.4698100130772218e-05	1.0	299145.2991452991
chr19	47060233	47060308	RNA6178	75	9	0.04481063240058978	0.0	0.8888888888888888	120000.0
chr19	47061398	47061473	RNA6179	75	16	1.2885668752460236e-05	0.0	1.0	213333.33333333334
chr19	47062318	47062393	RNA6180	75	23	0.04349807103904902	1.4698999621032272e-05	0.9565217391304348	306666.6666666666
chr19	47347399	47347474	RNA6181	75	21	2.3803609630179653e-05	0.0	1.0	280000.0
chr19	47347669	47347744	RNA6182	75	17	1.0376864659466424e-05	1.4697199731017465e-05	1.0	226666.66666666666
chr19	47347772	47347847	RNA6183	75	12	8.573749937568209e-06	0.0	1.0	160000.0
chr19	47605722	47605831	RNA6184	109	20	0.003053064416053523	7.354899935307912e-06	0.95	183486.2385321101
chr19	47744462	47744571	RNA6185	109	16	0.00015250987786430328	0.0	1.0	146788.9908256881
chr19	47745140	47745249	RNA6186	109	22	0.00022181891323601072	0.0	1.0	201834.86238532112
chr19	47771340	47771449	RNA6187	109	2	7.349050065386109e-06	7.349050065386109e-06	1.0	18348.62385321101
chr19	47773607	47773716	RNA6188	109	16	8.271600052012218e-06	7.349050065386109e-06	1.0	146788.9908256881
chr19	47795994	47796115	RNA6189	121	0				0.0
chr19	47796237	47796358	RNA6190	121	14	6.330857234258604e-06	0.0	1.0	115702.47933884298
chr19	47796259	47796378	RNA6191	118	25	1.7155304012700293e-05	0.0	1.0	211864.40677966102
chr19	47796331	47796450	RNA6192	118	27	1.9152173957043844e-05	0.0	1.0	228813.5593220339
chr19	47796437	47796555	RNA6193	118	21	0.005741456557578719	1.4700300198455809e-05	0.9523809523809523	177966.10169491524
chr19	47796653	47796774	RNA6194	121	38	0.006996420188562814	1.4706300135003405e-05	0.9473684210526315	314049.58677685953
chr19	47796729	47796848	RNA6195	119	35	0.00011763032894772458	1.470200004405342e-05	1.0	294117.64705882355
chr19	47796749	47796870	RNA6196	121	34	0.00011979071801118807	1.4698749964736635e-05	1.0	280991.7355371901
chr19	47796786	47796905	RNA6197	119	26	9.077599634110245e-05	1.4700499832542846e-05	1.0	218487.3949579832
chr19	47796929	47797050	RNA6198	114	19	0.0013204049027033154	0.0	1.0	166666.66666666666
chr19	47796930	47797050	RNA6199	113	19	0.0013204049027033154	0.0	1.0	168141.59292035399
chr19	47796932	47797051	RNA6200	112	19	0.0013204049027033154	0.0	1.0	169642.85714285716
chr19	47796959	47797077	RNA6201	111	18	0.0013913044473762629	0.0	1.0	162162.16216216216
chr19	47797090	47797199	RNA6202	109	18	0.00011434726628875662	1.470694996896782e-05	1.0	165137.6146788991
chr19	47797138	47797256	RNA6203	118	25	7.938778788229528e-05	1.4700700376124589e-05	1.0	211864.40677966102
chr19	47797145	47797264	RNA6204	119	26	7.633441142528393e-05	1.4700700376124589e-05	1.0	218487.3949579832
chr19	47797290	47797411	RNA6205	121	21	0.006786570045213527	1.4736699995410165e-05	0.9523809523809523	173553.71900826448
chr19	47797347	47797467	RNA6206	120	33	0.004325204107579226	1.4772799659112934e-05	0.9696969696969697	275000.0
chr19	47797365	47797485	RNA6207	120	31	0.004601396911311892	1.4770599591429344e-05	0.967741935483871	258333.33333333337
chr19	47797419	47797538	RNA6208	119	20	2.8433139914337657e-05	1.4729299891769188e-05	1.0	168067.2268907563
chr19	48111119	48111238	RNA6209	119	33	0.03031391005697514	1.4698100130772218e-05	0.9393939393939394	277310.9243697479
chr19	48111209	48111330	RNA6210	121	25	0.0400037744193105	0.0	0.92	206611.57024793388
chr19	48111233	48111353	RNA6211	120	20	9.555929955240572e-06	0.0	1.0	166666.66666666666
chr19	48111252	48111371	RNA6212	119	21	9.800999967930174e-06	0.0	1.0	176470.58823529413
chr19	48111479	48111600	RNA6213	121	18	1.30766829897755e-05	0.0	1.0	148760.3305785124
chr19	48111490	48111611	RNA6214	121	20	0.0005038448094637666	1.4704799923492828e-05	1.0	165289.2561983471
chr19	48111612	48111730	RNA6215	115	18	2.211917242473292e-05	1.4755799838894745e-05	1.0	156521.73913043478
chr19	48111771	48111891	RNA6216	120	22	2.6082535731057253e-05	0.0	1.0	183333.3333333333
chr19	48112198	48112319	RNA6217	121	25	1.7049848174792356e-05	1.4696799553348685e-05	1.0	206611.57024793388
chr19	48112273	48112391	RNA6218	118	21	9.799866650913222e-06	0.0	1.0	177966.10169491524
chr19	48112426	48112544	RNA6219	118	17	9.549764774205601e-06	0.0	1.0	144067.7966101695
chr19	48112455	48112576	RNA6220	121	18	1.065786672269395e-05	7.35079993319232e-06	1.0	148760.3305785124
chr19	48112519	48112638	RNA6221	119	23	7.713839216233717e-06	0.0	1.0	193277.31092436975
chr19	48112862	48112983	RNA6222	121	21	1.8206052464804434e-05	1.4699399798701052e-05	1.0	173553.71900826448
chr19	48113308	48113427	RNA6223	119	23	1.9814656891116023e-05	1.4699799976369832e-05	1.0	193277.31092436975
chr19	48113331	48113450	RNA6224	119	27	2.2932329860243517e-05	1.470200004405342e-05	1.0	226890.756302521
chr19	48113604	48113724	RNA6225	120	47	0.06647449909598165	1.4705399735248648e-05	0.9148936170212766	391666.6666666667
chr19	48113760	48113878	RNA6226	118	16	1.561962477580297e-05	1.4698950053571025e-05	1.0	135593.22033898305
chr19	48114965	48115092	RNA6227	127	26	0.038468887977195165	0.0	0.9615384615384616	204724.4094488189
chr19	48115271	48115390	RNA6228	119	19	2.0893515906399938e-05	0.0	1.0	159663.86554621847
chr19	48258609	48258684	RNA6229	75	0				0.0
chr19	48484364	48484445	RNA6230	81	18	3.837625682636664e-05	7.348849976551719e-06	1.0	222222.22222222222
chr19	48484432	48484517	RNA6231	85	17	7.782776532728936e-06	0.0	1.0	200000.0
chr19	48484520	48484602	RNA6232	82	15	2.940207244439817e-05	1.4698500308440998e-05	1.0	182926.82926829267
chr19	48484680	48484767	RNA6233	87	14	0.07143382199287121	1.469964990974404e-05	0.9285714285714286	160919.54022988505
chr19	48708407	48708487	RNA6234	80	12	0.08334557538576821	1.4699599887535442e-05	0.9166666666666666	150000.0
chr19	48709471	48709555	RNA6235	84	14	3.989320033984119e-05	1.4695050140289823e-05	1.0	166666.66666666666
chr19	48710062	48710148	RNA6236	86	24	0.0003110052806505305	1.4743600331712514e-05	1.0	279069.76744186046
chr19	48710935	48711018	RNA6237	83	18	0.028187188395754167	7.349499810516136e-06	0.9444444444444444	216867.4698795181
chr19	48711038	48711124	RNA6238	86	13	3.731103823575439e-05	1.4698100130772218e-05	1.0	151162.7906976744
chr19	48711852	48711949	RNA6239	86	15	2.3513793045515704e-05	0.0	1.0	174418.6046511628
chr19	48719982	48720069	RNA6240	87	18	3.267109948662568e-05	7.351450221904088e-06	1.0	206896.55172413794
chr19	48747025	48747119	RNA6241	94	14	2.834547844291298e-05	1.4698749964736635e-05	1.0	148936.17021276595
chr19	48755399	48755508	RNA6242	109	21	4.902852413665858e-06	0.0	1.0	192660.55045871562
chr19	48755414	48755498	RNA6243	84	15	1.9598066501202995e-06	0.0	1.0	178571.42857142858
chr19	48899031	48899150	RNA6244	117	10	0.07218892706096085	1.4781350273551652e-05	0.9	85470.08547008547
chr19	48899511	48899632	RNA6245	121	16	2.0241581069054918e-05	0.0	1.0	132231.40495867768
chr19	48899606	48899727	RNA6246	121	20	1.8723854918789218e-05	0.0	1.0	165289.2561983471
chr19	48947380	48947500	RNA6247	120	23	0.03519172597624792	1.4697199731017465e-05	0.9565217391304348	191666.6666666667
chr19	48947837	48947964	RNA6248	127	26	0.018605626212809926	1.4700049632665468e-05	0.9615384615384616	204724.4094488189
chr19	48947846	48947964	RNA6249	118	25	0.01934926337333308	1.4701099644298664e-05	0.96	211864.40677966102
chr19	48947890	48948009	RNA6250	119	22	0.02400553427957096	1.4727499547007028e-05	0.9545454545454546	184873.94957983194
chr19	48948998	48949116	RNA6251	118	25	0.04002772154013654	0.0	0.96	211864.40677966102
chr19	49021221	49021339	RNA6252	118	31	1.9919683777954573e-05	1.4699399798701052e-05	1.0	262711.8644067797
chr19	49021456	49021583	RNA6253	124	23	1.9356808716900652e-05	1.4723599633725826e-05	1.0	185483.87096774194
chr19	49022570	49022688	RNA6254	118	45	1.4372275412216457e-05	0.0	1.0	381355.9322033898
chr19	49022681	49022808	RNA6255	127	35	5.0401516559106735e-05	1.4697699953103438e-05	1.0	275590.55118110235
chr19	49052281	49052399	RNA6256	118	0				0.0
chr19	49052914	49053032	RNA6257	118	0				0.0
chr19	49053925	49054052	RNA6258	127	0				0.0
chr19	49054108	49054235	RNA6259	127	0				0.0
chr19	49119195	49119314	RNA6260	119	47	1.4152823302750359e-05	0.0	1.0	394957.9831932773
chr19	49119291	49119409	RNA6261	109	48	0.00031923137563201216	1.4732700037711766e-05	1.0	440366.97247706424
chr19	49151036	49151163	RNA6262	117	44	9.413928451480221e-05	1.6164200133061968e-05	1.0	376068.37606837606
chr19	49151037	49151155	RNA6263	108	42	9.791218140196481e-05	1.6164200133061968e-05	1.0	388888.8888888889
chr19	49388119	49388206	RNA6264	87	33	1.8733688193604363e-05	0.0	1.0	379310.3448275862
chr19	49388121	49388203	RNA6265	82	32	1.885764407916022e-05	0.0	1.0	390243.9024390244
chr19	49388131	49388212	RNA6266	81	31	8.963655856800937e-05	1.469549988541985e-05	1.0	382716.049382716
chr19	49388133	49388218	RNA6267	85	37	9.17819266957098e-05	1.469549988541985e-05	1.0	435294.11764705885
chr19	49444277	49444358	RNA6268	48	5	0.5398934006690979	0.6994670033454895	0.4	104166.66666666667
chr19	49444439	49444521	RNA6269	82	14	4.208426435069805e-05	7.35079993319232e-06	1.0	170731.7073170732
chr19	49444625	49444706	RNA6270	79	13	6.305047022928542e-05	0.0	1.0	164556.96202531643
chr19	49445268	49445353	RNA6271	85	0				0.0
chr19	49445657	49445739	RNA6272	80	14	2.671200763870352e-05	1.541245001135394e-05	1.0	175000.0
chr19	49446063	49446148	RNA6273	84	13	0.017872330605384304	0.0	0.9230769230769231	154761.90476190476
chr19	49493228	49493315	RNA6274	87	15	1.4698119836490756e-05	1.4697199731017465e-05	1.0	172413.7931034483
chr19	49493659	49493740	RNA6275	81	23	1.6666999806106177e-05	0.0	1.0	283950.6172839506
chr19	49493863	49493950	RNA6276	80	23	0.04349498538261326	1.598309972905554e-05	0.9565217391304348	287500.0
chr19	49494710	49494795	RNA6277	85	11	0.09084128432558912	1.5173600331763735e-05	0.9090909090909091	129411.76470588236
chr19	49496034	49496116	RNA6278	82	23	0.03859791587962283	0.0	0.9565217391304348	280487.80487804883
chr19	49499941	49500028	RNA6279	87	32	0.0035412211076959453	0.0	0.96875	367816.091954023
chr19	49500181	49500262	RNA6280	81	28	0.00025096538346198023	0.0	1.0	345679.012345679
chr19	49500599	49500681	RNA6281	82	34	2.5091744566237794e-05	0.0	1.0	414634.1463414634
chr19	49501668	49501753	RNA6282	85	13	4.4100982869652055e-05	0.0	1.0	152941.17647058825
chr19	49503509	49503596	RNA6283	87	0				0.0
chr19	49591007	49591089	RNA6284	82	20	5.159190050108009e-06	0.0	1.0	243902.43902439025
chr19	49591016	49591101	RNA6285	84	16	4.610237567703734e-06	0.0	1.0	190476.19047619047
chr19	49591046	49591168	RNA6286	116	11	5.365436498488469e-06	0.0	1.0	94827.58620689655
chr19	49591072	49591159	RNA6287	82	0				0.0
chr19	49591100	49591181	RNA6288	74	0				0.0
chr19	49817558	49817654	RNA6289	96	22	1.3362954136523566e-05	0.0	1.0	229166.66666666666
chr19	49817880	49817976	RNA6290	96	22	6.686686323188372e-06	0.0	1.0	229166.66666666666
chr19	49817959	49818055	RNA6291	96	26	6.218638505882924e-06	0.0	1.0	270833.3333333333
chr19	50081368	50081486	RNA6292	118	0				0.0
chr19	50082401	50082520	RNA6293	119	0				0.0
chr19	50082411	50082530	RNA6294	119	0				0.0
chr19	50083100	50083227	RNA6295	127	0				0.0
chr19	50084147	50084265	RNA6296	118	0				0.0
chr19	50084679	50084797	RNA6297	118	0				0.0
chr19	50084977	50085095	RNA6298	118	0				0.0
chr19	50085028	50085147	RNA6299	119	0				0.0
chr19	50149411	50149529	RNA6300	118	19	9.2834632500614e-06	0.0	1.0	161016.94915254237
chr19	50149774	50149893	RNA6301	119	13	2.0353515048134574e-05	1.4698500308440998e-05	1.0	109243.6974789916
chr19	50150083	50150202	RNA6302	119	13	2.82728150033527e-05	0.0	1.0	109243.6974789916
chr19	50152291	50152409	RNA6303	118	28	1.5750839371056974e-05	0.0	1.0	237288.13559322036
chr19	50164687	50164806	RNA6304	119	17	0.064360369701503	1.4698999621032272e-05	0.8823529411764706	142857.14285714284
chr19	50311113	50311231	RNA6305	118	13	2.9390477161181645e-05	1.469549988541985e-05	1.0	110169.49152542373
chr19	50466485	50466570	RNA6306	85	19	3.744414128671893e-05	1.47024002217222e-05	1.0	223529.4117647059
chr19	50466504	50466585	RNA6307	81	18	6.5653948442753e-05	1.4814100268267794e-05	1.0	222222.22222222222
chr19	50466548	50466670	RNA6308	122	29	5.5754233879516945e-05	1.4698999621032272e-05	1.0	237704.91803278687
chr19	50466577	50466664	RNA6309	87	18	8.492594340875322e-05	2.9398349397524726e-05	1.0	206896.55172413794
chr19	50466631	50466713	RNA6310	82	25	0.00023676439705013315	1.4698100130772218e-05	1.0	304878.0487804878
chr19	50600645	50600767	RNA6311	122	25	1.0584059855318629e-05	0.0	1.0	204918.03278688525
chr19	50602945	50603067	RNA6312	122	22	1.1374150000679604e-05	0.0	1.0	180327.868852459
chr19	50605351	50605473	RNA6313	122	0				0.0
chr19	50611483	50611605	RNA6314	122	26	5.571664538504767e-05	1.478019976275391e-05	1.0	213114.75409836063
chr19	50646599	50646695	RNA6315	96	13	1.0179469357423772e-05	0.0	1.0	135416.66666666666
chr19	50719901	50719986	RNA6316	31	8	4.378946323413222e-05	3.039455077669118e-05	1.0	258064.51612903224
chr19	50720412	50720490	RNA6317	78	19	0.0006252023232311877	0.0	1.0	243589.7435897436
chr19	50720641	50720737	RNA6318	96	16	2.3885787129523506e-05	1.4696999642183075e-05	1.0	166666.66666666666
chr19	50721303	50721425	RNA6319	122	35	0.02858906675176383	1.4697199731017465e-05	0.9714285714285714	286885.24590163934
chr19	50721859	50721955	RNA6320	96	15	2.3518433408750662e-05	0.0	1.0	156250.0
chr19	50722513	50722609	RNA6321	96	16	1.470933744939899e-05	0.0	1.0	166666.66666666666
chr19	50796001	50796097	RNA6322	96	41	0.0069824421437637806	0.0	0.975609756097561	427083.3333333333
chr19	50796046	50796142	RNA6323	96	27	0.04762803038115466	0.0	0.9259259259259259	281250.0
chr19	50796155	50796251	RNA6324	96	35	0.028601662236828158	1.4696799553348685e-05	0.9714285714285714	364583.3333333333
chr19	50796586	50796682	RNA6325	96	33	2.137985757144628e-05	0.0	1.0	343750.0
chr19	50796766	50796862	RNA6326	96	22	0.04547125429545221	1.469984999857843e-05	0.9545454545454546	229166.66666666666
chr19	50796796	50796892	RNA6327	96	28	0.04585233940734464	0.0	0.9285714285714286	291666.6666666667
chr19	50818966	50819062	RNA6328	96	12	0.022792782405531394	0.0	0.9166666666666666	125000.0
chr19	50818981	50819077	RNA6329	96	9	0.030377310763267613	0.0	0.8888888888888888	93750.0
chr19	50818996	50819092	RNA6330	96	15	0.01822932601796007	0.0	0.9333333333333333	156250.0
chr19	50818999	50819095	RNA6331	96	15	0.01822932601796007	0.0	0.9333333333333333	156250.0
chr19	50819014	50819110	RNA6332	96	12	0.022784208197435873	0.0	0.9166666666666666	125000.0
chr19	50819027	50819123	RNA6333	96	13	0.02104288777417633	1.4698100130772218e-05	0.9230769230769231	135416.66666666666
chr19	50904561	50904657	RNA6334	96	7	0.0001675792594011921	1.945680014614481e-05	1.0	72916.66666666667
chr19	50904583	50904679	RNA6335	96	5	0.05767153920605779	0.0	0.8	52083.333333333336
chr19	50905331	50905427	RNA6336	96	17	0.03013666414522851	0.0	0.9411764705882353	177083.33333333334
chr19	50916225	50916298	RNA6337	73	13	0.033009368759919125	0.0	0.9230769230769231	178082.19178082192
chr19	50943140	50943257	RNA6338	117	18	2.0423522730396648e-05	1.4698099676024867e-05	1.0	153846.15384615384
chr19	51109850	51109968	RNA6339	118	16	1.4703531121540436e-05	1.4701349755341653e-05	1.0	135593.22033898305
chr19	51109902	51110021	RNA6340	119	16	1.8381300151304458e-05	1.4703950000694022e-05	1.0	134453.78151260503
chr19	51594423	51594508	RNA6341	85	26	1.2435238484333175e-05	0.0	1.0	305882.3529411765
chr19	51594451	51594529	RNA6342	78	30	0.033343620959931285	0.0	0.9666666666666667	384615.3846153846
chr19	51606636	51606758	RNA6343	122	25	0.051378760035258896	1.4698100130772218e-05	0.92	204918.03278688525
chr19	51682034	51682112	RNA6344	78	15	0.1332939368716325	1.4716700206918176e-05	0.8666666666666667	192307.6923076923
chr19	51682167	51682245	RNA6345	78	12	0.0008853324479787217	0.0	1.0	153846.15384615384
chr19	51682435	51682520	RNA6346	85	17	1.1240900248059702e-05	0.0	1.0	200000.0
chr19	51682566	51682651	RNA6347	85	12	0.08329413718388425	0.0	0.9166666666666666	141176.4705882353
chr19	51727736	51727821	RNA6348	85	14	0.01571372874955808	7.349050065386109e-06	0.9285714285714286	164705.88235294117
chr19	51727915	51728000	RNA6349	85	14	0.0012886723271289347	0.0	1.0	164705.88235294117
chr19	51728118	51728196	RNA6350	78	24	0.09219789735459472	1.4699199709866662e-05	0.875	307692.3076923077
chr19	51732875	51732953	RNA6351	78	14	0.014550916440709567	1.47024002217222e-05	0.9285714285714286	179487.1794871795
chr19	51742299	51742372	RNA6352	73	12	0.00011398197504300572	1.4701150121254614e-05	1.0	164383.5616438356
chr19	51742312	51742390	RNA6353	78	13	0.00010634715391250655	1.470460028940579e-05	1.0	166666.66666666666
chr19	51742318	51742393	RNA6354	75	13	0.00010634754625452866	1.4706300135003405e-05	1.0	173333.33333333334
chr19	51742925	51743044	RNA6355	119	24	0.04167769034999461	7.348399776674342e-06	0.9583333333333334	201680.67226890757
chr19	51743008	51743081	RNA6356	73	11	0.040225282071828995	0.0	0.9090909090909091	150684.9315068493
chr19	51743352	51743448	RNA6357	96	19	0.0003860637376706754	1.4698500308440998e-05	1.0	197916.66666666666
chr19	51743409	51743505	RNA6358	96	20	0.004723825282826504	7.349050065386109e-06	0.95	208333.33333333334
chr19	51743428	51743513	RNA6359	85	19	0.004599536949554979	1.4698100130772218e-05	0.9473684210526315	223529.4117647059
chr19	51743582	51743678	RNA6360	96	25	6.4696720073698085e-06	0.0	1.0	260416.6666666667
chr19	51744376	51744449	RNA6361	73	0				0.0
chr19	52264979	52265052	RNA6362	73	0				0.0
chr19	52265213	52265286	RNA6363	73	0				0.0
chr19	52265316	52265389	RNA6364	73	0				0.0
chr19	52452316	52452396	RNA6365	79	16	1.5285506094640622e-05	7.364650173258269e-06	1.0	202531.64556962025
chr19	52452331	52452425	RNA6366	94	28	0.035691714572781814	0.0	0.9642857142857143	297872.3404255319
chr19	52452334	52452452	RNA6367	118	34	0.02939447456583366	0.0	0.9705882352941176	288135.593220339
chr19	52452339	52452460	RNA6368	121	38	0.026301480156258838	0.0	0.9736842105263158	314049.58677685953
chr19	52452360	52452438	RNA6369	78	25	0.03997059470159001	0.0	0.96	320512.82051282056
chr19	52452454	52452541	RNA6370	87	17	8.303012274314937e-05	0.0	1.0	195402.29885057473
chr19	52452454	52452573	RNA6371	119	29	0.034695790715416244	1.4708500202686992e-05	0.9655172413793104	243697.47899159664
chr19	52452489	52452598	RNA6372	109	32	0.03155244837381586	7.355680099862055e-05	0.96875	293577.9816513762
chr19	52452559	52452656	RNA6373	97	26	0.0002641406970794117	1.4702849966852227e-05	1.0	268041.23711340205
chr19	52452841	52452962	RNA6374	121	21	0.0017266022346770344	1.4697199731017465e-05	1.0	173553.71900826448
chr19	52452870	52452989	RNA6375	119	19	0.0019060289277580203	1.4696799553348685e-05	1.0	159663.86554621847
chr19	52452883	52452967	RNA6376	84	16	5.236547463027741e-05	1.4696799553348685e-05	1.0	190476.19047619047
chr19	52452903	52452989	RNA6377	86	14	1.1549971532076597e-05	1.4696599919261644e-05	1.0	162790.69767441862
chr19	52452904	52452988	RNA6378	84	14	1.1549971532076597e-05	1.4696599919261644e-05	1.0	166666.66666666666
chr19	52453144	52453230	RNA6379	86	21	4.199071424539268e-06	0.0	1.0	244186.0465116279
chr19	52453183	52453268	RNA6380	85	17	1.7290594287792173e-05	0.0	1.0	200000.0
chr19	52453331	52453451	RNA6381	120	40	3.822245787431899e-05	1.4699400253448403e-05	1.0	333333.3333333333
chr19	52453383	52453466	RNA6382	83	34	1.470597654213639e-05	1.4700699921377236e-05	1.0	409638.55421686743
chr19	53274167	53274240	RNA6383	73	0				0.0
chr19	53581156	53581253	RNA6384	97	21	0.020407063423330585	2.939359910669737e-05	0.9047619047619048	216494.84536082475
chr19	53581704	53581790	RNA6385	86	20	0.02173949874900245	0.0	0.95	232558.13953488372
chr19	53583578	53583661	RNA6386	83	0				0.0
chr19	53587467	53587554	RNA6387	87	0				0.0
chr19	53587909	53587993	RNA6388	84	0				0.0
chr19	53594086	53594172	RNA6389	86	18	1.7986105477672427e-05	0.0	1.0	209302.32558139536
chr19	53598426	53598506	RNA6390	80	27	0.044013494343070544	1.4700300198455809e-05	0.9259259259259259	337500.0
chr19	53637240	53637324	RNA6391	84	0				0.0
chr19	53638817	53638903	RNA6392	86	0				0.0
chr19	53639330	53639410	RNA6393	80	0				0.0
chr19	53639615	53639699	RNA6394	84	0				0.0
chr19	53640662	53640746	RNA6395	84	0				0.0
chr19	53640736	53640816	RNA6396	80	0				0.0
chr19	53641835	53641919	RNA6397	84	0				0.0
chr19	53643265	53643351	RNA6398	86	9	3.431598937215422e-05	0.0	1.0	104651.16279069768
chr19	53643313	53643397	RNA6399	84	16	2.7575362764754352e-05	0.0	1.0	190476.19047619047
chr19	53643425	53643519	RNA6400	94	15	8.132955323768724e-05	1.4698999621032272e-05	1.0	159574.4680851064
chr19	53643629	53643716	RNA6401	87	20	0.04877301157612236	0.0	0.95	229885.05747126436
chr19	53644314	53644400	RNA6402	86	13	0.006287911937411424	1.469509970775107e-05	0.9230769230769231	151162.7906976744
chr19	53644495	53644581	RNA6403	86	13	1.0176407578490818e-05	0.0	1.0	151162.7906976744
chr19	53644707	53644804	RNA6404	97	18	0.004651601997162888	7.353599812631728e-06	0.9444444444444444	185567.01030927835
chr19	53645167	53645261	RNA6405	80	16	2.7702519105327585e-05	1.6185650565603282e-05	1.0	200000.0
chr19	53645649	53645732	RNA6406	83	11	1.737048180736813e-05	1.4696400285174605e-05	1.0	132530.12048192773
chr19	53645685	53645779	RNA6407	94	11	2.271398195510053e-05	1.469590006308863e-05	1.0	117021.27659574468
chr19	53645809	53645896	RNA6408	87	18	0.0023559353220560996	1.4739300240762532e-05	1.0	206896.55172413794
chr19	53646672	53646769	RNA6409	95	20	0.0015217384393054006	0.0	1.0	210526.31578947368
chr19	53647077	53647160	RNA6410	83	14	1.0499107182632933e-05	1.4696800008096034e-05	1.0	168674.6987951807
chr19	53775927	53776013	RNA6411	86	21	0.006757979220483752	1.470159986638464e-05	0.9523809523809523	244186.0465116279
chr19	53776108	53776192	RNA6412	84	17	0.0002102355807865541	0.0	1.0	202380.9523809524
chr19	53777643	53777737	RNA6413	91	0				0.0
chr19	53778501	53778585	RNA6414	84	15	0.0666745145066064	0.0	0.9333333333333333	178571.42857142858
chr19	53778671	53778757	RNA6415	86	18	5.070452172932724e-05	0.0	1.0	209302.32558139536
chr19	53779147	53779244	RNA6416	97	27	0.03706049925191716	0.0	0.9629629629629629	278350.5154639175
chr19	53779186	53779266	RNA6417	80	17	6.517066568073738e-05	2.941350066976156e-05	1.0	212500.0
chr19	53779310	53779397	RNA6418	87	16	0.0002609556392485494	1.4698749964736635e-05	1.0	183908.0459770115
chr19	53780050	53780136	RNA6419	86	0				0.0
chr19	53780403	53780489	RNA6420	86	22	3.0879804564224014e-05	1.5129550320125418e-05	1.0	255813.9534883721
chr19	53780433	53780516	RNA6421	81	23	0.001708664262443316	1.5151100342336576e-05	1.0	283950.6172839506
chr19	53780674	53780768	RNA6422	94	15	0.0006323217115398857	0.0	1.0	159574.4680851064
chr19	53780838	53780935	RNA6423	87	10	0.0038125360377307452	1.5198000255622901e-05	1.0	114942.52873563218
chr19	53781026	53781110	RNA6424	84	22	6.230385133676361e-05	1.4729499980603578e-05	1.0	261904.76190476192
chr19	53782068	53782151	RNA6425	78	15	0.04892269422962272	0.0	0.9333333333333333	192307.6923076923
chr19	53783145	53783231	RNA6426	86	24	3.7974934419552225e-05	1.4698099676024867e-05	1.0	279069.76744186046
chr19	53783630	53783727	RNA6427	97	0				0.0
chr19	53784343	53784430	RNA6428	87	28	3.380810725112471e-05	1.477129990234971e-05	1.0	321839.0804597701
chr19	53784351	53784431	RNA6429	80	23	3.792260450490184e-05	1.476279976486694e-05	1.0	287500.0
chr19	53784666	53784750	RNA6430	84	11	0.02102803006478511	1.4703299711982254e-05	0.9090909090909091	130952.38095238096
chr19	53784852	53784935	RNA6431	83	15	1.176303339889273e-05	0.0	1.0	180722.89156626505
chr19	53793622	53793708	RNA6432	86	24	0.00023870983250161315	1.4764499610464554e-05	1.0	279069.76744186046
chr19	53793627	53793711	RNA6433	84	22	0.0002563078353639056	1.4764499610464554e-05	1.0	261904.76190476192
chr19	53793653	53793733	RNA6434	78	17	0.00031242419347963845	1.4764499610464554e-05	1.0	217948.71794871794
chr19	53824723	53824817	RNA6435	94	22	0.045489745158482205	7.36030006009969e-06	0.9545454545454546	234042.55319148937
chr19	53825858	53825942	RNA6436	84	13	0.063836402533455	1.472100029786816e-05	0.8461538461538461	154761.90476190476
chr19	53827483	53827570	RNA6437	87	17	1.8189082124188324e-05	1.472100029786816e-05	1.0	195402.29885057473
chr19	54026681	54026808	RNA6438	127	34	0.02969211726295886	1.4698500308440998e-05	0.9411764705882353	267716.5354330709
chr19	54026804	54026922	RNA6439	118	28	0.00017065203525946996	0.0	1.0	237288.13559322036
chr19	54380108	54380195	RNA6440	87	16	0.00011390128031507492	1.4695950085297227e-05	1.0	183908.0459770115
chr19	54381890	54381972	RNA6441	79	0				0.0
chr19	54382059	54382144	RNA6442	85	0				0.0
chr19	54382211	54382292	RNA6443	81	0				0.0
chr19	54552306	54552403	RNA6444	97	18	1.3890138840603564e-05	1.469744984206045e-05	1.0	185567.01030927835
chr19	54552853	54552940	RNA6445	87	27	0.0370568656187768	0.0	0.9629629629629629	310344.8275862069
chr19	54572831	54572914	RNA6446	83	26	0.07694413375006312	1.4715399629494641e-05	0.9230769230769231	313253.0120481928
chr19	54572831	54572917	RNA6447	86	26	0.07694413375006312	1.4715399629494641e-05	0.9230769230769231	302325.5813953488
chr19	54572832	54572918	RNA6448	86	26	0.07694413375006312	1.4715399629494641e-05	0.9230769230769231	302325.5813953488
chr19	54572834	54572918	RNA6449	84	26	0.07694413375006312	1.4715399629494641e-05	0.9230769230769231	309523.8095238095
chr19	54572835	54572915	RNA6450	80	26	0.07694413375006312	1.4715399629494641e-05	0.9230769230769231	325000.0
chr19	54892038	54892132	RNA6451	94	25	2.0091160113222124e-05	1.4743200154043734e-05	1.0	265957.44680851063
chr19	54892130	54892214	RNA6452	84	16	0.05986636920391674	7.358150014624698e-06	0.9375	190476.19047619047
chr19	55129348	55129467	RNA6453	119	9	9.79878889969162e-06	1.4697199731017465e-05	1.0	75630.25210084033
chr19	55130387	55130505	RNA6454	118	27	0.00979719541650141	0.0	0.9629629629629629	228813.5593220339
chr19	55603970	55604092	RNA6455	122	19	2.3233589672596124e-05	1.4710200048284603e-05	1.0	155737.7049180328
chr19	55781525	55781621	RNA6456	96	14	0.001982319812149005	0.0	1.0	145833.33333333334
chr19	55781888	55781984	RNA6457	96	22	8.018049977016e-06	0.0	1.0	229166.66666666666
chr19	55782441	55782537	RNA6458	96	16	7.627449349456068e-05	0.0	1.0	166666.66666666666
chr19	56591864	56591942	RNA6459	78	12	0.02193506931500148	1.469744984206045e-05	0.9166666666666666	153846.15384615384
chr19	56594474	56594559	RNA6460	85	18	0.055562096716736654	0.0	0.9444444444444444	211764.70588235295
chr19	56900144	56900217	RNA6461	73	13	2.2617823420793854e-05	0.0	1.0	178082.19178082192
chr19	58605550	58605647	RNA6462	97	0				0.0
chr19	58606352	58606438	RNA6463	86	0				0.0
chr19	58606520	58606603	RNA6464	83	0				0.0
chr19	58607038	58607124	RNA6465	0	0				
chr2	5454998	5455133	RNA6466	135	34	0.0021908046288605333	1.4701349755341653e-05	0.9705882352941176	251851.85185185182
chr2	9632916	9633051	RNA6467	135	16	9.187318653403054e-06	7.349499810516136e-06	1.0	118518.51851851853
chr2	10081041	10081176	RNA6468	135	30	0.01166891121426184	1.469984999857843e-05	0.9333333333333333	222222.22222222222
chr2	10081256	10081391	RNA6469	135	27	0.03711108006916253	0.0	0.9629629629629629	200000.0
chr2	10081413	10081548	RNA6470	135	21	1.3299014469902475e-05	0.0	1.0	155555.55555555556
chr2	10549993	10550128	RNA6471	135	24	5.8801045573393185e-05	0.0	1.0	177777.77777777778
chr2	10550203	10550338	RNA6472	135	21	2.0301247570296187e-05	0.0	1.0	155555.55555555556
chr2	10550257	10550392	RNA6473	135	29	7.960585847693377e-05	1.4698500308440998e-05	1.0	214814.81481481483
chr2	11442059	11442194	RNA6474	135	24	0.0007142297821853025	0.0	1.0	177777.77777777778
chr2	14474152	14474228	RNA6475	76	8	2.0217625205975e-05	0.0	1.0	105263.15789473684
chr2	15158604	15158739	RNA6476	135	34	0.00019624095220398542	7.348200142587302e-06	1.0	251851.85185185182
chr2	18545746	18545822	RNA6477	76	13	2.7141068550488002e-05	1.4700700376124589e-05	1.0	171052.63157894736
chr2	18548226	18548302	RNA6478	76	24	2.9417196363583918e-05	0.0	1.0	315789.4736842105
chr2	18548730	18548806	RNA6479	76	11	1.4695672937457196e-05	1.4696400285174605e-05	1.0	144736.84210526317
chr2	18548809	18548885	RNA6480	76	8	0.010269698784327368	7.347300197579898e-06	0.875	105263.15789473684
chr2	19361263	19361339	RNA6481	76	16	0.01050699860059012	0.0	0.9375	210526.31578947368
chr2	19361640	19361716	RNA6482	76	16	1.194408139326697e-05	1.4698999621032272e-05	1.0	210526.31578947368
chr2	19391553	19391629	RNA6483	76	19	0.0001942056314395476	0.0	1.0	250000.0
chr2	20367363	20367439	RNA6484	76	25	0.0014138071940033056	1.4699399798701052e-05	1.0	328947.36842105264
chr2	23384800	23384882	RNA6485	82	26	1.0760330706734048e-05	0.0	1.0	317073.1707317073
chr2	23927165	23927253	RNA6486	88	35	0.005461280201754039	1.4701099644298664e-05	0.9714285714285714	397727.2727272727
chr2	24005510	24005587	RNA6487	36	19	0.00011796243033082613	4.367189831100404e-05	1.0	527777.7777777778
chr2	24202715	24202791	RNA6488	76	13	0.01987463320620008	0.0	0.9230769230769231	171052.63157894736
chr2	25159618	25159690	RNA6489	72	14	0.1428592427713998	0.0	0.8571428571428571	194444.44444444444
chr2	25211771	25211903	RNA6490	132	19	5.416384211505494e-06	0.0	1.0	143939.39393939395
chr2	27041864	27041946	RNA6491	82	14	2.4146600350957216e-05	7.348399776674342e-06	1.0	170731.7073170732
chr2	27704800	27704893	RNA6492	93	9	3.266345528471067e-05	0.0	1.0	96774.19354838709
chr2	27770875	27770952	RNA6493	77	15	0.0010036389809101698	1.4700300198455809e-05	1.0	194805.19480519483
chr2	27771163	27771251	RNA6494	88	18	6.5326055644416356e-06	0.0	1.0	204545.45454545456
chr2	27771316	27771398	RNA6495	82	13	2.7137162060870503e-05	0.0	1.0	158536.58536585365
chr2	27771391	27771473	RNA6496	82	15	2.743955313538143e-05	0.0	1.0	182926.82926829267
chr2	27771582	27771664	RNA6497	82	39	1.3191720520411856e-05	0.0	1.0	475609.756097561
chr2	28339875	28339957	RNA6498	82	12	1.7146041879338252e-05	1.4696349808218656e-05	1.0	146341.46341463414
chr2	28339948	28340030	RNA6499	82	13	1.9220584713012616e-05	0.0	1.0	158536.58536585365
chr2	28342493	28342575	RNA6500	82	9	1.6330399881149384e-05	1.4696799553348685e-05	1.0	109756.09756097561
chr2	28870326	28870403	RNA6501	77	27	0.00010124907166081448	0.0	1.0	350649.3506493507
chr2	28870346	28870434	RNA6502	88	30	1.3228726766101318e-05	0.0	1.0	340909.0909090909
chr2	28887963	28888040	RNA6503	77	15	8.828246730748409e-06	1.4698500308440998e-05	1.0	194805.19480519483
chr2	28889127	28889204	RNA6504	77	12	1.1032991778847645e-05	7.358150014624698e-06	1.0	155844.15584415584
chr2	28890293	28890381	RNA6505	88	20	8.891453717296409e-05	0.0	1.0	227272.72727272726
chr2	28890502	28890590	RNA6506	88	12	0.08314837168222768	1.4699399798701052e-05	0.9166666666666666	136363.63636363635
chr2	28948697	28948785	RNA6507	88	12	7.402224961576091e-06	0.0	1.0	136363.63636363635
chr2	28948746	28948834	RNA6508	88	17	8.648329425983212e-06	0.0	1.0	193181.81818181818
chr2	28951082	28951159	RNA6509	77	19	0.05281614491832441	0.0	0.9473684210526315	246753.24675324676
chr2	28951139	28951216	RNA6510	77	9	6.5347998719921125e-06	0.0	1.0	116883.11688311688
chr2	28953340	28953422	RNA6511	82	7	6.299384339009882e-05	0.0	1.0	85365.8536585366
chr2	29052269	29052341	RNA6512	72	16	1.3778931247538109e-05	0.0	1.0	222222.22222222222
chr2	29053788	29053876	RNA6513	88	20	0.05001543392013445	1.4696799553348685e-05	0.95	227272.72727272726
chr2	29053904	29053981	RNA6514	77	13	0.07692646915389699	0.0	0.9230769230769231	168831.16883116882
chr2	29058173	29058305	RNA6515	132	22	0.04630938850542323	1.469744984206045e-05	0.9545454545454546	166666.66666666666
chr2	29097616	29097688	RNA6516	72	18	0.045252327549961696	0.0	0.9444444444444444	250000.0
chr2	29097622	29097694	RNA6517	72	20	0.04072709461993327	0.0	0.95	277777.7777777778
chr2	29097624	29097696	RNA6518	72	20	0.04072709461993327	0.0	0.95	277777.7777777778
chr2	30160733	30160805	RNA6519	72	13	1.6967400090202662e-05	1.4705899957334624e-05	1.0	180555.55555555556
chr2	30161305	30161437	RNA6520	132	25	2.2371611848936543e-05	0.0	1.0	189393.9393939394
chr2	30161952	30162024	RNA6521	72	20	0.05732873630977338	1.4712150004925206e-05	0.9	277777.7777777778
chr2	30162630	30162707	RNA6522	77	14	0.00014802996617747208	1.4698950053571027e-05	1.0	181818.18181818182
chr2	30162686	30162774	RNA6523	88	14	0.00020158709951698583	0.0	1.0	159090.9090909091
chr2	30162841	30162973	RNA6524	132	20	0.05004483427001104	1.4700500287290199e-05	0.95	151515.15151515152
chr2	30163158	30163290	RNA6525	132	22	0.04575021086789506	7.347549853875535e-06	0.9545454545454546	166666.66666666666
chr2	30163233	30163305	RNA6526	72	11	8.257118100697301e-06	0.0	1.0	152777.77777777778
chr2	30205981	30206113	RNA6527	132	27	0.007457930042585722	1.480250011809403e-05	0.9629629629629629	204545.45454545456
chr2	30208385	30208517	RNA6528	132	17	2.1614758813533065e-05	1.4697199731017465e-05	1.0	128787.87878787878
chr2	30331400	30331532	RNA6529	132	32	4.872670018584524e-05	1.4701549844176043e-05	1.0	242424.24242424243
chr2	30653302	30653383	RNA6530	78	13	1.4722754013536569e-05	0.0	1.0	166666.66666666666
chr2	31162747	31162879	RNA6531	132	27	1.746315161586386e-05	0.0	1.0	204545.45454545456
chr2	31171808	31171880	RNA6532	72	17	0.07586998085983342	1.4698999621032272e-05	0.8235294117647058	236111.1111111111
chr2	31501655	31501748	RNA6533	93	21	0.039885878106360906	1.4700300198455809e-05	0.9047619047619048	225806.4516129032
chr2	32351767	32351860	RNA6534	93	16	3.4136855731498573e-05	0.0	1.0	172043.0107526882
chr2	32352804	32352897	RNA6535	93	14	0.0008408634468781038	1.4717149952048203e-05	1.0	150537.63440860214
chr2	32354432	32354525	RNA6536	93	17	1.2970629327082552e-05	0.0	1.0	182795.6989247312
chr2	32621471	32621564	RNA6537	93	14	0.00014177919235536552	1.4703049600939266e-05	1.0	150537.63440860214
chr2	32621979	32622072	RNA6538	93	15	1.0779273300916733e-05	1.4696400285174605e-05	1.0	161290.32258064515
chr2	32627798	32627891	RNA6539	93	18	1.2249238908326435e-05	0.0	1.0	193548.38709677418
chr2	32821812	32821894	RNA6540	82	10	3.9916110836198863e-05	0.0	1.0	121951.21951219512
chr2	33420986	33421067	RNA6541	81	20	1.1758760001612245e-05	0.0	1.0	246913.58024691357
chr2	33421406	33421499	RNA6542	93	22	1.3367413471728055e-05	0.0	1.0	236559.13978494625
chr2	33421407	33421488	RNA6543	81	18	1.4704416470421063e-05	0.0	1.0	222222.22222222222
chr2	33422055	33422136	RNA6544	81	0				0.0
chr2	33423285	33423417	RNA6545	132	21	0.0009358608766065331	1.4698100130772218e-05	1.0	159090.9090909091
chr2	33425646	33425734	RNA6546	88	24	9.798708295723676e-06	7.347749942709925e-06	1.0	272727.2727272727
chr2	33428034	33428106	RNA6547	72	18	0.0012358903683586154	7.349250154220499e-06	1.0	250000.0
chr2	33431966	33432043	RNA6548	77	20	0.006663500234753883	7.349050065386109e-06	0.95	259740.2597402597
chr2	33434694	33434775	RNA6549	81	23	8.309603305425228e-05	1.4696400285174605e-05	1.0	283950.6172839506
chr2	36174701	36174782	RNA6550	81	21	1.1200800058542795e-05	0.0	1.0	259259.25925925924
chr2	36177112	36177193	RNA6551	81	23	0.04345908708170971	0.0	0.9565217391304348	283950.6172839506
chr2	36177146	36177227	RNA6552	81	20	1.249792999260535e-05	0.0	1.0	246913.58024691357
chr2	36355662	36355743	RNA6553	66	54	0.03322952634363428	1.476124998589512e-05	0.9629629629629629	818181.8181818182
chr2	37374478	37374571	RNA6554	93	19	8.59090534121558e-06	0.0	1.0	204301.07526881722
chr2	39731467	39731548	RNA6555	81	10	8.819679987936978e-06	0.0	1.0	123456.79012345678
chr2	42425469	42425564	RNA6556	95	27	0.012132808959736223	1.4703699889651034e-05	0.9629629629629629	284210.5263157895
chr2	46688870	46688965	RNA6557	95	14	0.005761449756716628	7.349050065386109e-06	0.9285714285714286	147368.42105263157
chr2	46898827	46898922	RNA6558	95	21	0.043698050904389496	0.0	0.9523809523809523	221052.63157894736
chr2	46899093	46899188	RNA6559	95	30	0.0006648604075659586	1.4698100130772218e-05	1.0	315789.4736842105
chr2	46899117	46899212	RNA6560	95	32	0.02093624350337108	1.4698500308440998e-05	0.96875	336842.10526315786
chr2	47663626	47663721	RNA6561	95	26	4.070206463997909e-05	7.347749942709925e-06	1.0	273684.2105263158
chr2	47668119	47668214	RNA6562	95	23	1.5981139056194675e-05	0.0	1.0	242105.26315789475
chr2	47670972	47671067	RNA6563	95	19	9.282368457781176e-06	0.0	1.0	200000.0
chr2	48379652	48379747	RNA6564	95	20	2.8156000189478417e-05	7.371600077021867e-06	1.0	210526.31578947368
chr2	48386041	48386134	RNA6565	93	25	0.011365780769301635	0.0	0.96	268817.20430107525
chr2	49465372	49465455	RNA6566	81	20	2.9007985358472227e-05	1.5689550309616607e-05	1.0	246913.58024691357
chr2	49907619	49907714	RNA6567	95	22	0.08582137131663166	1.4716049918206409e-05	0.9090909090909091	231578.94736842104
chr2	52572639	52572732	RNA6568	93	39	0.0028829141434144724	1.4713199561811052e-05	0.9743589743589743	419354.83870967745
chr2	52574622	52574731	RNA6569	109	22	0.045481943231896534	0.0	0.9545454545454546	201834.86238532112
chr2	52583867	52583960	RNA6570	93	21	6.933910251626807e-05	1.4706700312672185e-05	1.0	225806.4516129032
chr2	52584530	52584623	RNA6571	93	24	0.009798163832670067	1.4696800008096034e-05	0.9583333333333334	258064.51612903224
chr2	52587724	52587817	RNA6572	93	26	0.01042250347455382	1.4702450243930798e-05	0.9615384615384616	279569.89247311826
chr2	52977376	52977469	RNA6573	93	18	3.3681554719395864e-05	0.0	1.0	193548.38709677418
chr2	52977788	52977881	RNA6574	93	24	2.0902370465588244e-05	0.0	1.0	258064.51612903224
chr2	52978649	52978742	RNA6575	93	21	1.7498499887768136e-05	1.4699399798701052e-05	1.0	225806.4516129032
chr2	52979626	52979709	RNA6576	83	21	6.0199276222622965e-05	1.4698999621032272e-05	1.0	253012.04819277106
chr2	53400887	53400970	RNA6577	83	18	0.00029911824812086686	1.4702450243930798e-05	1.0	216867.4698795181
chr2	53401428	53401511	RNA6578	83	23	4.6021213363370224e-05	1.47024002217222e-05	1.0	277108.4337349398
chr2	53401443	53401526	RNA6579	83	21	0.0004313180840351035	1.470159986638464e-05	1.0	253012.04819277106
chr2	53862197	53862290	RNA6580	93	22	4.955700040392268e-05	0.0	1.0	236559.13978494625
chr2	53862967	53863050	RNA6581	83	18	8.98277216442188e-06	0.0	1.0	216867.4698795181
chr2	53863299	53863382	RNA6582	83	19	1.4697873762327762e-05	0.0	1.0	228915.6626506024
chr2	53863552	53863635	RNA6583	83	26	6.330907514823146e-05	0.0	1.0	313253.0120481928
chr2	54972041	54972124	RNA6584	83	19	0.021991499148450538	0.0	0.9473684210526315	228915.6626506024
chr2	54972054	54972163	RNA6585	109	21	0.019955849643684766	0.0	0.9523809523809523	192660.55045871562
chr2	55632905	55633014	RNA6586	109	20	1.2493560052462272e-05	0.0	1.0	183486.2385321101
chr2	55632959	55633068	RNA6587	109	21	0.002778112070916993	1.4698100130772218e-05	0.9523809523809523	192660.55045871562
chr2	55633153	55633262	RNA6588	109	23	0.022743039081828807	1.4703299711982254e-05	0.9565217391304348	211009.17431192662
chr2	56399311	56399420	RNA6589	109	24	1.352857926424979e-05	0.0	1.0	220183.48623853212
chr2	56402951	56403060	RNA6590	109	20	9.954332285814981e-05	0.0	1.0	183486.2385321101
chr2	56413200	56413309	RNA6591	109	16	3.674662536923279e-06	0.0	1.0	146788.9908256881
chr2	56419439	56419572	RNA6592	133	38	1.7027060493998115e-05	0.0	1.0	285714.2857142857
chr2	57075668	57075777	RNA6593	109	25	0.00012644003363675022	1.4706700312672185e-05	1.0	229357.79816513762
chr2	57243937	57244030	RNA6594	93	14	1.3660443008640349e-05	0.0	1.0	150537.63440860214
chr2	58420046	58420129	RNA6595	83	18	0.00032333014734022876	1.4696149719384266e-05	1.0	216867.4698795181
chr2	60118952	60119032	RNA6596	80	19	1.0066468540140991e-05	0.0	1.0	237500.0
chr2	60449490	60449623	RNA6597	123	22	0.0375801737685916	7.386200195469428e-06	0.9545454545454546	178861.78861788617
chr2	60940062	60940171	RNA6598	109	12	0.013446008424959166	1.4700699921377236e-05	0.9166666666666666	110091.74311926606
chr2	61064626	61064759	RNA6599	133	0				0.0
chr2	61065451	61065584	RNA6600	133	30	1.6170190095480833e-05	0.0	1.0	225563.9097744361
chr2	61065604	61065737	RNA6601	133	43	0.0005584607147390004	1.4698500308440998e-05	1.0	323308.2706766917
chr2	61540058	61540191	RNA6602	133	27	0.0007740789308593736	0.0	1.0	203007.51879699246
chr2	61540101	61540234	RNA6603	133	30	2.2539749655454828e-05	0.0	1.0	225563.9097744361
chr2	61540285	61540418	RNA6604	133	25	2.2938524198248952e-05	1.4703299711982254e-05	1.0	187969.92481203008
chr2	61866481	61866614	RNA6605	133	0				0.0
chr2	63058273	63058353	RNA6606	80	14	9.450749985262519e-06	1.4699399798701052e-05	1.0	175000.0
chr2	64257786	64257866	RNA6607	80	20	8.820280118015945e-06	0.0	1.0	250000.0
chr2	64258954	64259034	RNA6608	80	11	5.344527215294709e-06	0.0	1.0	137500.0
chr2	64259306	64259386	RNA6609	80	25	0.019816439993592214	0.0	0.96	312500.0
chr2	64364776	64364856	RNA6610	80	12	8.574249856489283e-06	0.0	1.0	150000.0
chr2	64365240	64365320	RNA6611	80	14	2.3095821494012414e-05	0.0	1.0	175000.0
chr2	64476995	64477075	RNA6612	80	19	0.0001833294859113051	0.0	1.0	237500.0
chr2	64627222	64627349	RNA6613	127	36	0.001369113848441979	0.0	1.0	283464.56692913384
chr2	65310557	65310637	RNA6614	80	19	1.1608231417133203e-05	0.0	1.0	237500.0
chr2	66227640	66227773	RNA6615	133	26	8.142929244478388e-05	7.348200142587302e-06	1.0	195488.72180451127
chr2	68453187	68453314	RNA6616	127	0				0.0
chr2	69319475	69319555	RNA6617	80	9	1.3064644614739033e-05	1.469549988541985e-05	1.0	112500.0
chr2	69438621	69438748	RNA6618	127	0				0.0
chr2	69438652	69438779	RNA6619	127	0				0.0
chr2	69438672	69438799	RNA6620	127	0				0.0
chr2	70104603	70104730	RNA6621	127	17	5.0159213113894294e-05	1.4697699953103438e-05	1.0	133858.26771653545
chr2	70104699	70104826	RNA6622	127	26	1.1306480770984377e-05	0.0	1.0	204724.4094488189
chr2	70105118	70105245	RNA6623	127	9	1.959820019691887e-05	0.0	1.0	70866.14173228346
chr2	70319668	70319795	RNA6624	127	25	0.00010762047400930513	0.0	1.0	196850.39370078742
chr2	73159300	73159419	RNA6625	119	14	0.00016801786198680178	1.470005008741282e-05	1.0	117647.05882352941
chr2	74517945	74518072	RNA6626	127	21	0.002718085648146889	0.0	0.9523809523809523	165354.33070866144
chr2	76403071	76403190	RNA6627	119	25	0.014907714373221092	1.4697199731017465e-05	0.96	210084.03361344538
chr2	76403580	76403699	RNA6628	119	28	0.007397579102286852	0.0	0.9642857142857143	235294.11764705883
chr2	76405926	76406045	RNA6629	119	32	0.011140919154513537	0.0	0.96875	268907.56302521005
chr2	76406681	76406800	RNA6630	119	25	1.9402892103244085e-05	1.469549988541985e-05	1.0	210084.03361344538
chr2	78818434	78818553	RNA6631	119	18	1.1524500071876295e-05	0.0	1.0	151260.50420168065
chr2	78819362	78819481	RNA6632	119	26	0.03899370777169398	1.469984999857843e-05	0.9615384615384616	218487.3949579832
chr2	78828607	78828726	RNA6633	119	32	1.3325968751585416e-05	0.0	1.0	268907.56302521005
chr2	79069731	79069850	RNA6634	119	0				0.0
chr2	81139235	81139371	RNA6635	136	19	2.7140768667633167e-05	1.471579980716342e-05	1.0	139705.88235294117
chr2	81400137	81400219	RNA6636	82	13	0.00015719047916297688	1.4700300198455809e-05	1.0	158536.58536585365
chr2	82947075	82947194	RNA6637	119	16	0.008495489142717359	0.0	0.9375	134453.78151260503
chr2	85340613	85340749	RNA6638	136	34	1.6861217666108353e-05	0.0	1.0	250000.0
chr2	85340767	85340849	RNA6639	82	12	3.4296891878200726e-05	7.348399776674342e-06	1.0	146341.46341463414
chr2	86017965	86018101	RNA6640	136	38	2.9785639310969076e-05	0.0	1.0	279411.76470588235
chr2	86017992	86018128	RNA6641	136	38	2.2435849682787675e-05	0.0	1.0	279411.76470588235
chr2	86018326	86018462	RNA6642	136	21	2.3805243472448867e-05	0.0	1.0	154411.76470588235
chr2	86142383	86142465	RNA6643	82	23	0.04353648415666532	2.94048004434444e-05	0.9565217391304348	280487.80487804883
chr2	86142613	86142749	RNA6644	136	28	0.03692971856376711	0.0	0.9642857142857143	205882.35294117645
chr2	86142718	86142854	RNA6645	136	20	0.050013961185368314	0.0	0.95	147058.82352941178
chr2	86143083	86143165	RNA6646	82	18	1.1431950194188781e-05	0.0	1.0	219512.19512195123
chr2	86143605	86143687	RNA6647	82	17	7.265859622908441e-05	1.471189989388222e-05	1.0	207317.0731707317
chr2	86213813	86213949	RNA6648	136	21	0.0037073103491517584	1.469549988541985e-05	0.9523809523809523	154411.76470588235
chr2	86213841	86213923	RNA6649	82	10	1.4696840116812382e-05	1.469529979658546e-05	1.0	121951.21951219512
chr2	86213881	86213963	RNA6650	82	13	0.04831289187579667	1.469549988541985e-05	0.9230769230769231	158536.58536585365
chr2	86344134	86344216	RNA6651	82	11	1.604278209428726e-05	0.0	1.0	134146.34146341463
chr2	87124504	87124640	RNA6652	122	0				0.0
chr2	87198464	87198546	RNA6653	82	14	1.2602600171313888e-05	7.350150099227904e-06	1.0	170731.7073170732
chr2	95205818	95205941	RNA6654	123	26	5.652284576521756e-06	0.0	1.0	211382.11382113822
chr2	96091846	96091969	RNA6655	123	30	3.777932352022303e-05	1.4703100077895215e-05	1.0	243902.43902439025
chr2	96182086	96182209	RNA6656	123	27	6.641791124247629e-05	1.4696400285174605e-05	1.0	219512.19512195123
chr2	96182148	96182271	RNA6657	123	36	5.920932234301126e-05	1.4697699953103438e-05	1.0	292682.9268292683
chr2	96274195	96274318	RNA6658	123	20	1.1030940049749915e-05	1.4702900443808176e-05	1.0	162601.62601626015
chr2	96274202	96274315	RNA6659	113	16	1.1030018811197806e-05	1.4702900443808176e-05	1.0	141592.9203539823
chr2	96274205	96274328	RNA6660	123	20	9.556924987919047e-06	7.350549822149332e-06	1.0	162601.62601626015
chr2	96323330	96323453	RNA6661	123	18	2.4497683777246426e-05	0.0	1.0	146341.46341463414
chr2	97308657	97308780	RNA6662	0	0				
chr2	100271676	100271789	RNA6663	113	11	2.0045426853440322e-05	1.4697699953103438e-05	1.0	97345.13274336283
chr2	100815203	100815326	RNA6664	123	24	0.00014030577438006018	1.469590006308863e-05	1.0	195121.9512195122
chr2	101270374	101270487	RNA6665	113	15	1.7638600183998234e-05	1.4698100130772218e-05	1.0	132743.36283185842
chr2	101270764	101270877	RNA6666	113	18	0.032236975877266455	1.469569997425424e-05	0.9444444444444444	159292.03539823007
chr2	101271080	101271193	RNA6667	113	25	1.940384790941218e-05	1.4697199731017465e-05	1.0	221238.93805309734
chr2	101314536	101314649	RNA6668	113	25	0.042004759804331104	1.4701099644298664e-05	0.96	221238.93805309734
chr2	101314866	101314979	RNA6669	113	32	1.0570853163471838e-05	7.350150099227904e-06	1.0	283185.8407079646
chr2	101387699	101387812	RNA6670	113	21	7.698795256839644e-06	0.0	1.0	185840.70796460178
chr2	102269755	102269868	RNA6671	113	32	0.0005439084182228199	7.349050065386109e-06	1.0	283185.8407079646
chr2	105666245	105666344	RNA6672	99	24	0.005100603678746058	7.348399776674342e-06	0.9583333333333334	242424.24242424243
chr2	106272868	106272981	RNA6673	113	0				0.0
chr2	110473864	110473963	RNA6674	0	0				
chr2	110512190	110512289	RNA6675	0	0				
chr2	110634664	110634763	RNA6676	99	0				0.0
chr2	110636469	110636568	RNA6677	99	0				0.0
chr2	110678063	110678162	RNA6678	99	27	9.799003742551173e-06	0.0	1.0	272727.2727272727
chr2	110678063	110678162	RNA6679	99	27	9.799003742551173e-06	0.0	1.0	272727.2727272727
chr2	110723795	110723894	RNA6680	99	14	2.5195013937000227e-05	1.4695950085297227e-05	1.0	141414.1414141414
chr2	111895065	111895164	RNA6681	99	20	7.3518799581506755e-06	0.0	1.0	202020.202020202
chr2	114436304	114436403	RNA6682	99	26	0.03898899275495401	0.0	0.9615384615384616	262626.2626262627
chr2	127534974	127535083	RNA6683	109	29	0.02852530402196862	1.469590006308863e-05	0.9655172413793104	266055.04587155965
chr2	130150632	130150759	RNA6684	127	0				0.0
chr2	130679952	130680033	RNA6685	0	0				
chr2	131428735	131428844	RNA6686	109	0				0.0
chr2	132139429	132139538	RNA6687	109	0				0.0
chr2	132141663	132141772	RNA6688	109	0				0.0
chr2	132147173	132147282	RNA6689	109	0				0.0
chr2	133918888	133918997	RNA6690	109	2	0.116687281839404	0.116687281839404	0.5	18348.62385321101
chr2	133919363	133919472	RNA6691	109	25	0.002592540116347653	0.0	0.96	229357.79816513762
chr2	133920064	133920173	RNA6692	109	21	0.0004305953374395813	1.4698500308440998e-05	1.0	192660.55045871562
chr2	133923175	133923284	RNA6693	109	20	0.05022644305513493	1.4698749964736635e-05	0.95	183486.2385321101
chr2	134117863	134117990	RNA6694	127	21	0.0016601049434202988	1.4696799553348685e-05	1.0	165354.33070866144
chr2	134730224	134730305	RNA6695	81	19	1.857073713931695e-05	1.4700700376124589e-05	1.0	234567.9012345679
chr2	135047614	135047741	RNA6696	127	21	1.5397599998406046e-05	0.0	1.0	165354.33070866144
chr2	135050119	135050246	RNA6697	127	29	3.903598964574315e-05	1.4698100130772218e-05	1.0	228346.4566929134
chr2	135051364	135051491	RNA6698	127	25	4.7658571747882786e-05	0.0	1.0	196850.39370078742
chr2	135531248	135531329	RNA6699	81	19	1.2380515823009008e-05	1.4699799976369832e-05	1.0	234567.9012345679
chr2	135531255	135531336	RNA6700	81	20	1.3967220002086834e-05	1.4701350210089004e-05	1.0	246913.58024691357
chr2	135531256	135531337	RNA6701	81	20	1.3967220002086834e-05	1.4701350210089004e-05	1.0	246913.58024691357
chr2	135531256	135531383	RNA6702	127	23	1.6639782623552374e-05	1.4700700376124589e-05	1.0	181102.36220472443
chr2	135531267	135531394	RNA6703	127	21	1.7524614295758684e-05	1.470200004405342e-05	1.0	165354.33070866144
chr2	135531325	135531452	RNA6704	127	21	0.04763167176670755	1.4699799976369832e-05	0.9523809523809523	165354.33070866144
chr2	135727545	135727626	RNA6705	81	17	0.011401487692370081	1.5279800209100358e-05	0.9411764705882353	209876.54320987655
chr2	135728082	135728163	RNA6706	81	20	2.7953932794837108e-05	0.0	1.0	246913.58024691357
chr2	135786581	135786662	RNA6707	81	16	0.045784057584626225	0.0	0.9375	197530.86419753084
chr2	136131012	136131139	RNA6708	127	24	7.16705175136609e-05	0.0	1.0	188976.3779527559
chr2	136621012	136621121	RNA6709	109	25	7.057748007355258e-06	0.0	1.0	229357.79816513762
chr2	136623781	136623862	RNA6710	81	11	6.28157816787606e-05	1.4696799553348685e-05	1.0	135802.46913580247
chr2	139990509	139990636	RNA6711	127	17	0.0001634614425925325	0.0	1.0	133858.26771653545
chr2	140221573	140221654	RNA6712	81	12	7.3610583513072925e-06	0.0	1.0	148148.14814814815
chr2	151402797	151402868	RNA6713	71	18	0.055560458166686054	0.0	0.9444444444444444	253521.12676056338
chr2	155356301	155356372	RNA6714	71	13	1.2439376825148849e-05	0.0	1.0	183098.5915492958
chr2	156323147	156323218	RNA6715	71	9	1.1432244415724805e-05	1.4698500308440998e-05	1.0	126760.56338028169
chr2	156389742	156389813	RNA6716	71	10	1.470717988922767e-05	0.0	1.0	140845.0704225352
chr2	156397354	156397425	RNA6717	71	12	1.102469165440804e-05	0.0	1.0	169014.08450704225
chr2	156433805	156433876	RNA6718	71	20	0.001174399940828142	0.0	1.0	281690.1408450704
chr2	156434547	156434618	RNA6719	71	9	0.00018944924714660885	0.0	1.0	126760.56338028169
chr2	156434701	156434772	RNA6720	71	12	1.1023424879870921e-05	0.0	1.0	169014.08450704225
chr2	157736098	157736169	RNA6721	71	11	4.010418127687775e-06	0.0	1.0	154929.57746478872
chr2	160496692	160496826	RNA6722	134	23	1.535023480043848e-05	1.4705399735248648e-05	1.0	171641.79104477612
chr2	160902631	160902702	RNA6723	71	14	0.0010386109382644773	1.4701150121254614e-05	1.0	197183.0985915493
chr2	163736061	163736195	RNA6724	134	32	1.4700950174528293e-05	7.348599865508732e-06	1.0	238805.97014925373
chr2	164621533	164621667	RNA6725	132	0				0.0
chr2	164636820	164636954	RNA6726	134	36	3.1929041647849414e-05	1.471384985052282e-05	1.0	268656.7164179105
chr2	164644628	164644762	RNA6727	134	19	1.5499489420201803e-05	1.469590006308863e-05	1.0	141791.0447761194
chr2	165395040	165395174	RNA6728	134	24	0.011811788920795147	0.0	0.9583333333333334	179104.4776119403
chr2	165400207	165400306	RNA6729	99	18	8.98577774124634e-06	7.349699899350526e-06	1.0	181818.18181818182
chr2	165402220	165402354	RNA6730	134	24	2.021175434189205e-05	0.0	1.0	179104.4776119403
chr2	165405810	165405944	RNA6731	134	31	3.178063226157467e-05	1.4701099644298664e-05	1.0	231343.28358208956
chr2	165689685	165689819	RNA6732	134	26	1.1873442207825765e-05	0.0	1.0	194029.85074626867
chr2	168341058	168341157	RNA6733	99	13	0.0019514101604027657	1.4700300198455809e-05	1.0	131313.13131313134
chr2	169644686	169644820	RNA6734	134	30	2.0091493509723784e-05	1.4698549875902245e-05	1.0	223880.59701492538
chr2	169777449	169777548	RNA6735	99	19	9.287242200547266e-06	0.0	1.0	191919.19191919192
chr2	169790936	169791035	RNA6736	92	15	0.0006850346859816113	0.0	1.0	163043.47826086957
chr2	169791170	169791269	RNA6737	99	21	0.014019893816675035	0.0	0.9523809523809523	212121.21212121213
chr2	169825137	169825236	RNA6738	99	19	5.415226329013852e-06	0.0	1.0	191919.19191919192
chr2	169826909	169827008	RNA6739	99	22	0.007972745576849277	0.0	0.9545454545454546	222222.22222222222
chr2	169827309	169827408	RNA6740	99	32	8.593088566044071e-05	1.4697900041937828e-05	1.0	323232.3232323233
chr2	170864979	170865078	RNA6741	99	20	1.4698919721918544e-05	0.0	1.0	202020.202020202
chr2	174531602	174531701	RNA6742	97	8	0.00046014877773356197	3.980309884354938e-05	1.0	82474.22680412371
chr2	184547229	184547304	RNA6743	75	20	0.05001330068002972	7.377000201813644e-06	0.95	266666.6666666667
chr2	188596046	188596121	RNA6744	75	6	7.376516653797201e-06	7.375049790425692e-06	1.0	80000.0
chr2	189029008	189029083	RNA6745	0	0				
chr2	189029051	189029126	RNA6746	0	0				
chr2	189029522	189029597	RNA6747	75	0				0.0
chr2	189441205	189441280	RNA6748	75	12	1.2248750257034164e-06	0.0	1.0	160000.0
chr2	189441228	189441303	RNA6749	75	15	1.9598000411254662e-06	0.0	1.0	200000.0
chr2	189441273	189441348	RNA6750	75	20	0.050005878940010004	0.0	0.95	266666.6666666667
chr2	190386974	190387049	RNA6751	75	14	0.00010709283859406233	0.0	1.0	186666.6666666667
chr2	192671716	192671831	RNA6752	115	13	1.130989235557186e-05	1.4701099644298664e-05	1.0	113043.47826086957
chr2	194132745	194132820	RNA6753	75	0				0.0
chr2	196598063	196598178	RNA6754	75	0				0.0
chr2	197320474	197320557	RNA6755	83	10	1.1758259915950475e-05	7.348200142587302e-06	1.0	120481.92771084337
chr2	197322421	197322508	RNA6756	87	17	0.042669858665356185	1.4698500308440998e-05	0.9411764705882353	195402.29885057473
chr2	197327839	197327913	RNA6757	74	7	3.149844308478e-05	1.469549988541985e-05	1.0	94594.5945945946
chr2	197329636	197329747	RNA6758	111	23	0.001232625538013163	0.0	1.0	207207.2072072072
chr2	197386328	197386443	RNA6759	115	15	1.2737433401828942e-05	0.0	1.0	130434.78260869565
chr2	197476177	197476292	RNA6760	115	20	0.024192532657252738	1.4734900105395354e-05	0.95	173913.04347826086
chr2	197485390	197485505	RNA6761	115	36	3.021943009823813e-05	0.0	1.0	313043.47826086957
chr2	197558466	197558581	RNA6762	115	17	0.05894298782807121	1.4732299860042986e-05	0.9411764705882353	147826.08695652176
chr2	197558498	197558613	RNA6763	115	20	2.2816099726691165e-05	0.0	1.0	173913.04347826086
chr2	197558619	197558734	RNA6764	115	20	9.555904989611009e-06	0.0	1.0	173913.04347826086
chr2	198869545	198869660	RNA6765	115	22	3.874821339360049e-05	1.4698950053571025e-05	1.0	191304.34782608697
chr2	201104159	201104242	RNA6766	83	13	0.013227423986441304	0.0	0.9230769230769231	156626.5060240964
chr2	201105372	201105459	RNA6767	87	20	1.249840020136384e-05	0.0	1.0	229885.05747126436
chr2	201105617	201105728	RNA6768	111	21	1.330020945932206e-05	0.0	1.0	189189.1891891892
chr2	201116079	201116153	RNA6769	73	19	0.0009291983126451173	1.470460028940579e-05	1.0	260273.9726027397
chr2	201619649	201619780	RNA6770	131	23	0.0003662066590392041	1.4697699953103438e-05	1.0	175572.51908396944
chr2	202205482	202205556	RNA6771	74	9	8.166099986637062e-06	0.0	1.0	121621.62162162163
chr2	202205688	202205775	RNA6772	87	7	2.310480002571238e-05	1.4699399798701052e-05	1.0	80459.77011494253
chr2	202205980	202206091	RNA6773	95	20	7.045704073788729e-05	1.5283600077964365e-05	1.0	210526.31578947368
chr2	202206093	202206176	RNA6774	83	15	8.921920016291552e-06	0.0	1.0	180722.89156626505
chr2	202239653	202239764	RNA6775	111	24	1.1024374998669373e-05	1.4696599919261644e-05	1.0	216216.21621621624
chr2	202240164	202240238	RNA6776	74	16	2.3886750739161597e-05	0.0	1.0	216216.21621621624
chr2	202240564	202240647	RNA6777	83	8	3.6810624806093983e-06	0.0	1.0	96385.5421686747
chr2	202241043	202241117	RNA6778	74	23	5.7874999781589675e-06	0.0	1.0	310810.8108108108
chr2	202241048	202241159	RNA6779	111	32	5.0786781287115446e-06	0.0	1.0	288288.2882882883
chr2	202241445	202241528	RNA6780	83	13	1.3567800054331132e-05	1.4697199731017465e-05	1.0	156626.5060240964
chr2	202242165	202242252	RNA6781	87	19	2.6503136531999018e-05	1.4725799701409414e-05	1.0	218390.80459770115
chr2	202242301	202242388	RNA6782	87	19	6.191426301053357e-06	0.0	1.0	218390.80459770115
chr2	202303670	202303744	RNA6783	74	8	0.09384205137428125	0.0	0.875	108108.10810810812
chr2	202303971	202304082	RNA6784	111	18	1.551696115913602e-05	0.0	1.0	162162.16216216216
chr2	202304048	202304122	RNA6785	74	12	3.440854235729259e-05	0.0	1.0	162162.16216216216
chr2	202304059	202304146	RNA6786	87	13	3.1761731406731624e-05	0.0	1.0	149425.28735632185
chr2	202304090	202304173	RNA6787	83	13	3.402433909426513e-05	0.0	1.0	156626.5060240964
chr2	202304182	202304269	RNA6788	87	17	0.0002455667959378848	0.0	1.0	195402.29885057473
chr2	202304193	202304304	RNA6789	111	20	0.00019770678090935204	0.0	1.0	180180.18018018018
chr2	202304195	202304278	RNA6790	83	15	0.0002616492345017161	0.0	1.0	180722.89156626505
chr2	202370986	202371097	RNA6791	111	10	1.626147004571976e-05	7.373550033662468e-06	1.0	90090.09009009009
chr2	202371036	202371119	RNA6792	83	14	1.688619288740613e-05	1.4750999980606139e-05	1.0	168674.6987951807
chr2	202371052	202371167	RNA6793	115	27	0.0013620969117187876	2.9417800760711543e-05	1.0	234782.6086956522
chr2	202371425	202371512	RNA6794	87	22	1.0028150096662682e-05	0.0	1.0	252873.56321839083
chr2	202371492	202371566	RNA6795	74	13	0.00026716941262677773	1.471579980716342e-05	1.0	175675.67567567568
chr2	203306734	203306817	RNA6796	83	19	5.734464790101736e-05	1.4721899788128212e-05	1.0	228915.6626506024
chr2	203306742	203306853	RNA6797	111	23	0.041958696514563555	1.4723200365551747e-05	0.9565217391304348	207207.2072072072
chr2	203306745	203306832	RNA6798	87	19	5.658868461690558e-05	1.4721899788128212e-05	1.0	218390.80459770115
chr2	203306769	203306843	RNA6799	74	15	0.06426397850348925	1.4730099792359397e-05	0.9333333333333333	202702.70270270272
chr2	205626105	205626236	RNA6800	131	26	0.004566671152588238	0.0	0.9615384615384616	198473.28244274808
chr2	206087857	206087988	RNA6801	131	40	0.0006694916215337647	0.0	1.0	305343.5114503817
chr2	206108555	206108686	RNA6802	131	18	0.023796558189133055	7.347749942709925e-06	0.9444444444444444	137404.58015267176
chr2	206111784	206111915	RNA6803	131	31	1.1854845187401459e-05	0.0	1.0	236641.2213740458
chr2	206163344	206163475	RNA6804	131	23	1.469864341545516e-05	1.4697199731017465e-05	1.0	175572.51908396944
chr2	206171199	206171330	RNA6805	131	0				0.0
chr2	206273451	206273582	RNA6806	131	16	0.001078567719048348	7.348399776674342e-06	1.0	122137.40458015267
chr2	207073326	207073409	RNA6807	83	6	2.449750051406833e-06	0.0	1.0	72289.15662650602
chr2	207073577	207073688	RNA6808	111	23	2.2371987103287407e-05	0.0	1.0	207207.2072072072
chr2	207073744	207073875	RNA6809	131	16	8.176338718612439e-05	7.348849976551719e-06	1.0	122137.40458015267
chr2	207073766	207073853	RNA6810	87	10	1.0290179943694966e-05	7.348849976551719e-06	1.0	114942.52873563218
chr2	207073900	207073974	RNA6811	74	21	0.029175846832696976	1.4700700376124589e-05	0.9523809523809523	283783.7837837838
chr2	208026808	208026887	RNA6812	79	6	7.361449964567631e-06	7.357500180660282e-06	1.0	75949.3670886076
chr2	209999745	209999879	RNA6813	134	4	2.5733674647199223e-05	1.4701549844176043e-05	1.0	29850.746268656716
chr2	210930024	210930155	RNA6814	131	28	0.004351502356257693	0.0	0.9642857142857143	213740.45801526718
chr2	211368051	211368130	RNA6815	79	24	1.5933599987268583e-05	7.352949978667312e-06	1.0	303797.4683544304
chr2	212571874	212571953	RNA6816	79	19	1.8582689192136428e-05	0.0	1.0	240506.32911392406
chr2	212573658	212573737	RNA6817	79	23	1.2784886957492942e-05	1.4697199731017465e-05	1.0	291139.2405063291
chr2	212575627	212575706	RNA6818	78	29	0.001371366319133434	0.0	1.0	371794.8717948718
chr2	213246965	213247044	RNA6819	79	18	3.512010061967596e-05	1.4702649878017837e-05	1.0	227848.10126582277
chr2	213247432	213247511	RNA6820	79	12	9.80005832692162e-06	7.349250154220499e-06	1.0	151898.7341772152
chr2	213247475	213247554	RNA6821	79	13	0.07693212180800821	1.4699399798701052e-05	0.9230769230769231	164556.96202531643
chr2	213249207	213249322	RNA6822	115	26	1.9791365258032317e-05	0.0	1.0	226086.95652173914
chr2	213249619	213249698	RNA6823	79	24	1.1637783472906449e-05	7.348599865508732e-06	1.0	303797.4683544304
chr2	213250441	213250575	RNA6824	134	18	8.981888893484009e-06	0.0	1.0	134328.35820895524
chr2	214685666	214685755	RNA6825	34	0				0.0
chr2	214696050	214696124	RNA6826	74	15	0.060800167157807075	1.4699399798701052e-05	0.9333333333333333	202702.70270270272
chr2	214707407	214707541	RNA6827	134	24	0.0019511827895636635	1.4708050002809614e-05	1.0	179104.4776119403
chr2	214711800	214711934	RNA6828	134	27	0.007425913738828693	0.0	0.9629629629629629	201492.53731343284
chr2	214724257	214724391	RNA6829	134	23	1.2785721873626578e-05	0.0	1.0	171641.79104477612
chr2	215886862	215886996	RNA6830	134	31	5.500580476608003e-05	0.0	1.0	231343.28358208956
chr2	215887082	215887216	RNA6831	134	18	0.03679161923911225	1.4696799553348685e-05	0.9444444444444444	134328.35820895524
chr2	215888455	215888589	RNA6832	134	22	0.045464568513662845	1.4699799976369832e-05	0.9545454545454546	164179.10447761195
chr2	215889119	215889253	RNA6833	134	29	2.078509304079043e-05	1.469590006308863e-05	1.0	216417.91044776118
chr2	216619420	216619535	RNA6834	115	30	0.028603394544461473	1.4700900010211626e-05	0.9	260869.5652173913
chr2	217798746	217798861	RNA6835	115	15	1.0781199913859988e-05	1.4697699953103438e-05	1.0	130434.78260869565
chr2	217798955	217799070	RNA6836	115	16	2.6644524666602804e-05	1.4699199709866662e-05	1.0	139130.4347826087
chr2	217799182	217799297	RNA6837	115	25	0.0017731940735757179	1.4696799553348685e-05	1.0	217391.30434782608
chr2	217799408	217799487	RNA6838	79	20	1.984509499379646e-05	1.4696999642183075e-05	1.0	253164.55696202532
chr2	218034013	218034128	RNA6839	115	33	1.781538770900678e-05	0.0	1.0	286956.52173913043
chr2	218034153	218034268	RNA6840	115	27	0.03704223350400247	1.4697199731017465e-05	0.9259259259259259	234782.6086956522
chr2	218034376	218034491	RNA6841	115	26	0.038576338046228696	7.348200142587302e-06	0.9615384615384616	226086.95652173914
chr2	218264033	218264122	RNA6842	89	26	0.0002617716617560929	0.0	1.0	292134.8314606742
chr2	218568496	218568570	RNA6843	74	33	0.017513665705226944	1.4698100130772218e-05	0.9696969696969697	445945.9459459459
chr2	218875781	218875896	RNA6844	115	14	1.2597228565677402e-05	1.4696400285174605e-05	1.0	121739.13043478261
chr2	219209669	219209758	RNA6845	89	24	0.0020317480965938222	1.4698749964736635e-05	1.0	269662.9213483146
chr2	219286956	219287045	RNA6846	89	14	1.0499471305333177e-05	0.0	1.0	157303.37078651684
chr2	219288832	219288921	RNA6847	89	19	5.429664188819369e-05	1.472060012019938e-05	1.0	213483.1460674157
chr2	219309708	219309797	RNA6848	89	7	2.5197528494955284e-05	0.0	1.0	78651.68539325842
chr2	219309852	219309941	RNA6849	89	15	6.958301358583036e-05	1.4697699953103438e-05	1.0	168539.32584269662
chr2	219371266	219371355	RNA6850	84	18	0.0004013524822362687	1.4794849903410068e-05	1.0	214285.71428571426
chr2	219431859	219431933	RNA6851	74	15	5.584590841559583e-05	1.4697199731017465e-05	1.0	202702.70270270272
chr2	219538820	219538894	RNA6852	74	16	3.4913607123588764e-05	1.4699399798701052e-05	1.0	216216.21621621624
chr2	219538861	219538935	RNA6853	74	17	4.321663228063736e-05	1.4699399798701052e-05	1.0	229729.72972972973
chr2	219550618	219550692	RNA6854	74	15	7.839846815234825e-06	0.0	1.0	202702.70270270272
chr2	219550651	219550725	RNA6855	74	16	1.2860731430919259e-05	7.347749942709925e-06	1.0	216216.21621621624
chr2	219652940	219653014	RNA6856	74	0				0.0
chr2	219684982	219685116	RNA6857	134	56	0.017888898839032656	1.4696150174131617e-05	0.9821428571428571	417910.447761194
chr2	219685160	219685249	RNA6858	89	30	2.792277700791033e-05	1.469529979658546e-05	1.0	337078.65168539324
chr2	221043836	221043910	RNA6859	74	18	4.900357352097066e-05	1.4699400253448403e-05	1.0	243243.24324324325
chr2	222860360	222860475	RNA6860	115	14	0.027111279883099214	0.0	0.9285714285714286	121739.13043478261
chr2	224286729	224286818	RNA6861	89	19	6.962831608497684e-06	0.0	1.0	213483.1460674157
chr2	224434102	224434176	RNA6862	74	15	1.0778606883832253e-05	0.0	1.0	202702.70270270272
chr2	226558052	226558131	RNA6863	79	9	6.537055620962444e-06	0.0	1.0	113924.05063291139
chr2	226558450	226558586	RNA6864	136	28	4.72463023340549e-05	0.0	1.0	205882.35294117645
chr2	226575474	226575548	RNA6865	74	15	2.944970625928017e-05	0.0	1.0	202702.70270270272
chr2	230414285	230414421	RNA6866	136	29	0.03820122249456697	1.4696400285174605e-05	0.9310344827586207	213235.29411764705
chr2	230414538	230414612	RNA6867	74	13	0.022280099349140627	2.939359910669737e-05	0.9230769230769231	175675.67567567568
chr2	230414555	230414634	RNA6868	79	15	1.567797341219072e-05	1.4698100130772218e-05	1.0	189873.417721519
chr2	231381252	231381388	RNA6869	127	7	0.14367098803956777	1.5125399841053875e-05	0.8571428571428571	55118.11023622047
chr2	231381625	231381704	RNA6870	79	9	4.7255788659739925e-05	0.0	1.0	113924.05063291139
chr2	231381789	231381863	RNA6871	74	13	0.0001695730149479464	0.0	1.0	175675.67567567568
chr2	231446942	231447078	RNA6872	136	17	0.018353002068204873	1.4696799553348685e-05	0.9411764705882353	125000.0
chr2	231448795	231448874	RNA6873	79	12	8.613816741368888e-06	0.0	1.0	151898.7341772152
chr2	231451516	231451590	RNA6874	74	19	2.0132937080281376e-05	0.0	1.0	256756.75675675675
chr2	231453188	231453262	RNA6875	74	21	0.0006628914357601535	0.0	1.0	283783.7837837838
chr2	231453257	231453336	RNA6876	79	20	3.600928957894158e-05	1.4698100130772218e-05	1.0	253164.55696202532
chr2	231453327	231453463	RNA6877	136	33	1.9151875621349245e-05	0.0	1.0	242647.0588235294
chr2	231484519	231484655	RNA6878	133	20	0.04509380725571645	1.4751300113857724e-05	0.9	150375.93984962406
chr2	231484799	231484878	RNA6879	79	0				0.0
chr2	231485461	231485540	RNA6880	79	0				0.0
chr2	231486291	231486365	RNA6881	74	9	1.143262185602604e-05	0.0	1.0	121621.62162162163
chr2	231486706	231486842	RNA6882	136	20	8.818614833214405e-06	0.0	1.0	147058.82352941178
chr2	231487337	231487411	RNA6883	74	16	2.1126662488766137e-05	0.0	1.0	216216.21621621624
chr2	231568926	231569000	RNA6884	74	16	1.1942793662456097e-05	1.4696349808218656e-05	1.0	216216.21621621624
chr2	231569417	231569553	RNA6885	136	18	4.164996087435427e-05	1.4699000075779622e-05	1.0	132352.9411764706
chr2	231570148	231570227	RNA6886	79	19	0.01757080691473483	1.4700300198455809e-05	0.9473684210526315	240506.32911392406
chr2	232451180	232451316	RNA6887	136	27	2.3421511084758653e-05	1.470200004405342e-05	1.0	198529.41176470587
chr2	232452153	232452227	RNA6888	74	11	1.0693218180015471e-05	0.0	1.0	148648.64864864867
chr2	232452988	232453067	RNA6889	79	17	1.5563611829266473e-05	1.4699399798701052e-05	1.0	215189.87341772154
chr2	234951869	234951948	RNA6890	71	29	0.00010157925341978416	0.0	1.0	408450.70422535215
chr2	235474491	235474579	RNA6891	77	6	8.004395203896354e-05	0.0	1.0	77922.07792207792
chr2	236309602	236309681	RNA6892	79	12	0.0011859142595464216	1.4702449789183447e-05	1.0	151898.7341772152
chr2	236311226	236311300	RNA6893	74	24	4.9610479398622424e-05	1.4700699921377236e-05	1.0	324324.3243243243
chr2	236315782	236315918	RNA6894	136	30	6.86151991734126e-06	0.0	1.0	220588.23529411765
chr2	238950101	238950180	RNA6895	79	23	1.1502952158638356e-05	0.0	1.0	291139.2405063291
chr2	239437632	239437720	RNA6896	88	15	8.622100613137339e-05	1.4697199731017465e-05	1.0	170454.54545454544
chr2	239847458	239847537	RNA6897	79	17	0.0013897591875587688	2.939359910669737e-05	1.0	215189.87341772154
chr2	239849803	239849882	RNA6898	79	14	4.3048222583547526e-05	0.0	1.0	177215.18987341772
chr2	239872777	239872856	RNA6899	79	0				0.0
chr2	240036455	240036534	RNA6900	79	0				0.0
chr2	240036686	240036765	RNA6901	79	0				0.0
chr2	240043209	240043288	RNA6902	79	0				0.0
chr2	240335356	240335444	RNA6903	88	17	5.5340781246361164e-05	0.0	1.0	193181.81818181818
chr2	240433564	240433652	RNA6904	88	16	2.0210969125849508e-05	7.348200142587302e-06	1.0	181818.18181818182
chr2	240434740	240434828	RNA6905	88	22	1.403297731237172e-05	0.0	1.0	250000.0
chr2	240468325	240468413	RNA6906	88	18	1.7150644503591643e-05	0.0	1.0	204545.45454545456
chr2	240468534	240468622	RNA6907	88	29	2.3820010310686724e-05	1.4697699953103438e-05	1.0	329545.45454545453
chr2	240582426	240582514	RNA6908	88	13	1.0176799990474068e-05	0.0	1.0	147727.27272727274
chr2	240900429	240900508	RNA6909	79	22	0.00024189520490835415	0.0	1.0	278481.0126582278
chr2	241524552	241524640	RNA6910	88	7	1.4697599908686243e-05	1.4697699953103438e-05	1.0	79545.45454545454
chr2	242177946	242178034	RNA6911	0	0				
chr20	1438538	1438633	RNA6912	95	11	0.12264107124709964	1.4696799553348685e-05	0.8181818181818182	115789.47368421052
chr20	1663129	1663199	RNA6913	70	21	2.4509061794170782e-05	1.4707199625263456e-05	1.0	300000.0
chr20	1663613	1663744	RNA6914	131	31	0.01337169308147079	0.0	0.9354838709677419	236641.2213740458
chr20	1663808	1663893	RNA6915	85	9	1.4697733301242502e-05	1.4696400285174605e-05	1.0	105882.35294117648
chr20	1663957	1664031	RNA6916	74	15	2.1556460099716456e-05	1.4696400285174605e-05	1.0	202702.70270270272
chr20	1664833	1664904	RNA6917	71	0				0.0
chr20	2358157	2358252	RNA6918	95	16	1.837619396383161e-05	1.4699150142405415e-05	1.0	168421.05263157893
chr20	2457365	2457460	RNA6919	95	19	0.0526478246577091	1.4698999621032272e-05	0.9473684210526315	200000.0
chr20	2461039	2461134	RNA6920	95	20	0.0120217043604498	1.4698749964736635e-05	0.9	210526.31578947368
chr20	2526089	2526163	RNA6921	73	18	2.5471838651148812e-05	0.0	1.0	246575.3424657534
chr20	2526094	2526179	RNA6922	84	18	2.8779210879287787e-05	7.46690011510509e-06	1.0	214285.71428571426
chr20	2526105	2526176	RNA6923	70	17	2.6970182101216387e-05	0.0	1.0	242857.14285714284
chr20	2526127	2526201	RNA6924	73	18	2.1107188735585567e-05	0.0	1.0	246575.3424657534
chr20	2526216	2526286	RNA6925	70	18	2.6204366854971946e-05	1.472469966756762e-05	1.0	257142.85714285713
chr20	2526217	2526312	RNA6926	95	24	3.8660758643037936e-05	1.4719949831487611e-05	1.0	252631.57894736843
chr20	2526232	2526306	RNA6927	74	18	4.333751712692299e-05	0.0	1.0	243243.24324324325
chr20	2526239	2526324	RNA6928	85	20	4.047386037199798e-05	0.0	1.0	235294.11764705883
chr20	2526314	2526445	RNA6929	131	16	0.02207909778542216	1.4702449789183447e-05	0.9375	122137.40458015267
chr20	2526323	2526418	RNA6930	95	12	0.002916294744106073	1.4703499800816644e-05	1.0	126315.78947368421
chr20	2526364	2526435	RNA6931	71	7	0.004990958804228277	1.470159986638464e-05	1.0	98591.54929577465
chr20	2526367	2526498	RNA6932	131	15	0.02122486432920899	1.470159986638464e-05	0.9333333333333333	114503.81679389313
chr20	2526452	2526537	RNA6933	85	11	6.683981899351982e-06	0.0	1.0	129411.76470588236
chr20	2526458	2526589	RNA6934	131	13	6.784699927755775e-06	0.0	1.0	99236.64122137404
chr20	2526461	2526532	RNA6935	71	8	3.6755500332219526e-06	0.0	1.0	112676.05633802817
chr20	2526553	2526648	RNA6936	95	10	8.818809874355793e-06	7.347950031544315e-06	1.0	105263.15789473684
chr20	2652522	2652592	RNA6937	70	16	0.04909407783111419	0.0	0.9375	228571.42857142855
chr20	2652522	2652592	RNA6938	70	16	0.04909407783111419	0.0	0.9375	228571.42857142855
chr20	2692614	2692684	RNA6939	70	23	9.21796958130511e-06	1.495260039519053e-05	1.0	328571.4285714286
chr20	2692619	2692750	RNA6940	131	50	5.790322094980729e-05	1.5133350188989425e-05	1.0	381679.38931297715
chr20	2692620	2692694	RNA6941	74	25	9.114847998716868e-06	1.5014100426924417e-05	1.0	337837.8378378378
chr20	2692621	2692695	RNA6942	74	25	8.514283981639892e-06	0.0	1.0	337837.8378378378
chr20	2692625	2692696	RNA6943	71	25	1.0955315956380218e-05	1.5084799997566734e-05	1.0	352112.676056338
chr20	2692627	2692698	RNA6944	71	25	1.0955315956380218e-05	1.5084799997566734e-05	1.0	352112.676056338
chr20	2692633	2692764	RNA6945	131	47	6.261916490636027e-05	1.5192000319075303e-05	1.0	358778.6259541985
chr20	2692658	2692743	RNA6946	85	33	7.852504677429822e-05	1.5183700270426924e-05	1.0	388235.29411764705
chr20	2692668	2692753	RNA6947	85	36	7.706173467643363e-05	1.5188099951046752e-05	1.0	423529.4117647059
chr20	2692700	2692770	RNA6948	70	26	0.000103242409680269	1.5187850294751113e-05	1.0	371428.5714285714
chr20	2761088	2761219	RNA6949	131	22	0.00022714547003487866	0.0	1.0	167938.93129770993
chr20	2761115	2761185	RNA6950	70	10	2.792480991046616e-05	0.0	1.0	142857.14285714284
chr20	2761126	2761211	RNA6951	85	10	2.7924849928233037e-05	0.0	1.0	117647.05882352941
chr20	2761842	2761916	RNA6952	74	17	0.0051725527363326845	0.0	0.9411764705882353	229729.72972972973
chr20	2762059	2762130	RNA6953	71	13	2.1485885134513893e-05	1.4699399798701052e-05	1.0	183098.5915492958
chr20	3467414	3467509	RNA6954	95	23	9.585521658426961e-06	0.0	1.0	242105.26315789475
chr20	3652849	3652919	RNA6955	70	14	0.0005606464771647363	0.0	1.0	200000.0
chr20	3653442	3653516	RNA6956	74	10	0.02179310533610986	3.67441498383414e-05	0.9	135135.13513513515
chr20	3653915	3654000	RNA6957	85	17	3.804338206570472e-05	0.0	1.0	200000.0
chr20	3654639	3654770	RNA6958	131	30	0.03335636496006676	0.0	0.9666666666666667	229007.63358778626
chr20	3657021	3657092	RNA6959	71	19	0.0003150318512110137	1.4701099644298664e-05	1.0	267605.63380281685
chr20	7261844	7261939	RNA6960	95	17	0.0588269862883488	0.0	0.9411764705882353	178947.36842105264
chr20	7646990	7647121	RNA6961	131	28	0.0005351775955010173	1.470005008741282e-05	1.0	213740.45801526718
chr20	7648461	7648531	RNA6962	70	15	2.3519140328664988e-05	0.0	1.0	214285.71428571426
chr20	7649829	7649914	RNA6963	85	15	2.9398460901571654e-05	1.469509970775107e-05	1.0	176470.58823529413
chr20	7650657	7650728	RNA6964	71	18	1.551883320239967e-05	1.4700500287290199e-05	1.0	253521.12676056338
chr20	7651693	7651767	RNA6965	74	21	0.040846046029184346	0.0	0.9523809523809523	283783.7837837838
chr20	29476607	29476700	RNA6966	0	0				
chr20	33447921	33448058	RNA6967	137	24	8.053108225187899e-05	0.0	1.0	175182.48175182482
chr20	33449228	33449363	RNA6968	135	27	2.998985537824328e-05	1.4707999980601016e-05	1.0	200000.0
chr20	33449730	33449867	RNA6969	137	6	7.3562500801926944e-06	7.352949978667312e-06	1.0	43795.620437956204
chr20	33449764	33449899	RNA6970	135	8	1.1035525062652596e-05	1.4708250091644004e-05	1.0	59259.25925925926
chr20	33451910	33452047	RNA6971	137	29	0.03450455736157014	0.0	0.9655172413793104	211678.8321167883
chr20	33462043	33462136	RNA6972	93	15	0.0004535929971097936	0.0	1.0	161290.32258064515
chr20	34358170	34358263	RNA6973	93	9	2.9401866312472888e-05	1.4697199731017465e-05	1.0	96774.19354838709
chr20	34359613	34359706	RNA6974	93	0				0.0
chr20	34361027	34361120	RNA6975	93	19	0.026172266312211208	1.470159986638464e-05	0.9473684210526315	204301.07526881722
chr20	34541064	34541157	RNA6976	93	23	1.0864447848808082e-05	1.4697199731017465e-05	1.0	247311.82795698926
chr20	34541440	34541533	RNA6977	93	9	3.1039455684044194e-05	1.470200004405342e-05	1.0	96774.19354838709
chr20	34560359	34560452	RNA6978	93	23	4.987347714947751e-05	0.0	1.0	247311.82795698926
chr20	35454956	35455049	RNA6979	93	22	0.0002351170912995475	0.0	1.0	236559.13978494625
chr20	37426599	37426736	RNA6980	137	0				0.0
chr20	37433002	37433139	RNA6981	137	27	1.7421318497561134e-05	0.0	1.0	197080.29197080294
chr20	37434156	37434293	RNA6982	137	24	2.3887787885233604e-05	0.0	1.0	175182.48175182482
chr20	37454193	37454328	RNA6983	135	26	2.1481523092985875e-05	7.347549853875535e-06	1.0	192592.59259259258
chr20	37455916	37456051	RNA6984	135	21	2.450025736574427e-05	0.0	1.0	155555.55555555556
chr20	38338764	38338901	RNA6985	137	35	9.870553016558168e-05	0.0	1.0	255474.45255474455
chr20	38338818	38338955	RNA6986	137	33	9.622645594583028e-05	0.0	1.0	240875.91240875915
chr20	38338932	38339069	RNA6987	137	23	0.0002345752358372033	1.4699399798701052e-05	1.0	167883.2116788321
chr20	38341483	38341618	RNA6988	135	26	0.0032770721467946097	1.4705650301038986e-05	0.9615384615384616	192592.59259259258
chr20	38341770	38341905	RNA6989	135	18	0.0008459090994518948	0.0	1.0	133333.33333333334
chr20	38378456	38378593	RNA6990	137	0				0.0
chr20	38378459	38378596	RNA6991	137	0				0.0
chr20	38378471	38378608	RNA6992	137	0				0.0
chr20	38378479	38378616	RNA6993	137	0				0.0
chr20	38378495	38378632	RNA6994	137	0				0.0
chr20	38378496	38378633	RNA6995	137	0				0.0
chr20	38440830	38440967	RNA6996	137	21	0.0477128197374744	1.4697699953103438e-05	0.9523809523809523	153284.67153284673
chr20	38440843	38440980	RNA6997	137	23	0.04356835158638284	1.4697699953103438e-05	0.9565217391304348	167883.2116788321
chr20	38440912	38441049	RNA6998	137	25	0.04003233662901039	0.0	0.96	182481.7518248175
chr20	38440950	38441087	RNA6999	137	22	3.340586913095842e-05	0.0	1.0	160583.9416058394
chr20	38440952	38441087	RNA7000	135	22	3.340586913095842e-05	0.0	1.0	162962.96296296298
chr20	38440970	38441107	RNA7001	137	20	3.6011466045235774e-05	0.0	1.0	145985.401459854
chr20	38441037	38441172	RNA7002	135	20	2.4270000039905053e-05	1.4704799923492828e-05	1.0	148148.14814814815
chr20	38443338	38443473	RNA7003	135	24	0.041700558041535864	0.0	0.9583333333333334	177777.77777777778
chr20	38444425	38444560	RNA7004	135	31	0.02459731089223374	1.4697699953103438e-05	0.967741935483871	229629.62962962964
chr20	38446005	38446142	RNA7005	137	25	0.009577114155144952	1.469549988541985e-05	0.96	182481.7518248175
chr20	38452660	38452795	RNA7006	135	22	2.0723909363530272e-05	0.0	1.0	162962.96296296298
chr20	38452726	38452861	RNA7007	135	16	2.38914191186221e-05	7.349250154220499e-06	1.0	118518.51851851853
chr20	38456410	38456545	RNA7008	135	22	3.607462684323186e-05	7.348200142587302e-06	1.0	162962.96296296298
chr20	38461337	38461472	RNA7009	134	0				0.0
chr20	38579540	38579675	RNA7010	135	34	4.412578121392347e-05	0.0	1.0	251851.85185185182
chr20	38579617	38579754	RNA7011	137	35	5.4630272929244665e-05	0.0	1.0	255474.45255474455
chr20	38579636	38579771	RNA7012	135	33	5.927798037825108e-05	0.0	1.0	244444.44444444444
chr20	38579638	38579775	RNA7013	137	32	6.067108913043266e-05	0.0	1.0	233576.6423357664
chr20	38579911	38580048	RNA7014	137	36	3.880696393328053e-05	1.4702849966852227e-05	1.0	262773.7226277372
chr20	39074457	39074550	RNA7015	93	14	6.299799939110276e-06	0.0	1.0	150537.63440860214
chr20	39075046	39075181	RNA7016	135	19	0.006880641716251323	1.4694200217491016e-05	0.9473684210526315	140740.74074074076
chr20	39076759	39076896	RNA7017	137	28	2.416081055603634e-05	1.4702650332765188e-05	1.0	204379.56204379562
chr20	39077429	39077566	RNA7018	137	23	3.132573115378597e-05	0.0	1.0	167883.2116788321
chr20	39077865	39078002	RNA7019	137	15	8.819980030239094e-06	0.0	1.0	109489.05109489051
chr20	39078127	39078262	RNA7020	135	28	0.006809578768135381	1.469744984206045e-05	0.9642857142857143	207407.4074074074
chr20	41619139	41619276	RNA7021	137	31	3.935623537413607e-05	0.0	1.0	226277.37226277372
chr20	41620536	41620673	RNA7022	137	24	0.03225900028663394	1.4703950000694022e-05	0.9583333333333334	175182.48175182482
chr20	41620738	41620875	RNA7023	137	29	3.9036682837515484e-05	0.0	1.0	211678.8321167883
chr20	41621016	41621151	RNA7024	135	25	1.0584072006167844e-05	0.0	1.0	185185.18518518517
chr20	43448776	43448911	RNA7025	135	33	0.012132884716265828	0.0	0.9696969696969697	244444.44444444444
chr20	43449203	43449294	RNA7026	91	20	1.1023295019185753e-05	0.0	1.0	219780.21978021978
chr20	44281005	44281094	RNA7027	89	13	2.3741962160362412e-05	0.0	1.0	146067.4157303371
chr20	44283426	44283528	RNA7028	102	12	8.573091614986575e-06	7.347549853875535e-06	1.0	117647.05882352941
chr20	44284005	44284083	RNA7029	78	11	2.6725391183963608e-05	0.0	1.0	141025.64102564103
chr20	46164501	46164592	RNA7030	91	20	2.4364369983228054e-05	1.4758850284124492e-05	1.0	219780.21978021978
chr20	46865885	46865976	RNA7031	91	20	0.00017221034368048452	0.0	1.0	219780.21978021978
chr20	46869445	46869536	RNA7032	91	20	1.1759800054278458e-05	0.0	1.0	219780.21978021978
chr20	46892023	46892114	RNA7033	91	24	0.04170595062131118	7.350150099227904e-06	0.9583333333333334	263736.26373626373
chr20	47189261	47189352	RNA7034	91	24	1.4698812416706156e-05	1.4698749964736635e-05	1.0	263736.26373626373
chr20	47189998	47190089	RNA7035	91	19	0.00012947180953472371	0.0	1.0	208791.2087912088
chr20	47195560	47195651	RNA7036	91	16	0.000737744945922704	1.4698549875902247e-05	1.0	175824.17582417585
chr20	48517699	48517801	RNA7037	102	0				0.0
chr20	48517739	48517830	RNA7038	91	0				0.0
chr20	48517752	48517830	RNA7039	78	0				0.0
chr20	48517890	48517979	RNA7040	89	0				0.0
chr20	49189328	49189405	RNA7041	77	20	0.0004094390209047558	0.0	1.0	259740.2597402597
chr20	49193163	49193265	RNA7042	102	0				0.0
chr20	49196501	49196590	RNA7043	89	0				0.0
chr20	49205476	49205554	RNA7044	78	0				0.0
chr20	49214061	49214150	RNA7045	89	16	4.03907842496616e-05	1.4700900010211626e-05	1.0	179775.2808988764
chr20	49214300	49214389	RNA7046	89	16	0.0009498998036292499	1.4699399798701052e-05	1.0	179775.2808988764
chr20	49218008	49218086	RNA7047	78	0				0.0
chr20	49218541	49218619	RNA7048	78	0				0.0
chr20	49218966	49219068	RNA7049	100	0				0.0
chr20	49219169	49219271	RNA7050	102	0				0.0
chr20	49573860	49573949	RNA7051	89	18	1.6332116653453948e-05	0.0	1.0	202247.19101123596
chr20	49574875	49574964	RNA7052	89	24	3.8739870888088956e-05	1.4763849776500138e-05	1.0	269662.9213483146
chr20	49575650	49575728	RNA7053	78	18	4.000906276106997e-05	1.4696800008096034e-05	1.0	230769.23076923078
chr20	49577850	49577928	RNA7054	78	11	0.00012713700958886132	1.4718900274601763e-05	1.0	141025.64102564103
chr20	49578546	49578648	RNA7055	102	30	2.2047306417030208e-05	0.0	1.0	294117.64705882355
chr20	49578788	49578866	RNA7056	78	16	3.0314418381743273e-05	1.469764993089484e-05	1.0	205128.20512820513
chr20	49578835	49578924	RNA7057	89	26	0.0002052187762553923	0.0	1.0	292134.8314606742
chr20	49580009	49580111	RNA7058	102	23	0.0003521134078413482	0.0	1.0	225490.19607843139
chr20	49581197	49581299	RNA7059	102	26	7.34946154177753e-06	0.0	1.0	254901.9607843137
chr20	50321588	50321666	RNA7060	78	22	0.000721751623958958	0.0	1.0	282051.28205128206
chr20	50321946	50322035	RNA7061	89	28	3.202082764021395e-05	7.348399776674342e-06	1.0	314606.7415730337
chr20	50321976	50322078	RNA7062	102	33	0.021666257408166224	1.4696799553348685e-05	0.9696969696969697	323529.4117647059
chr20	52050642	52050733	RNA7063	91	9	1.1433344399039117e-05	0.0	1.0	98901.0989010989
chr20	52733764	52733853	RNA7064	88	24	0.03441353921850046	2.9421700673992746e-05	0.875	272727.2727272727
chr20	52733781	52733858	RNA7065	76	22	0.037541366479259014	2.9460750738508068e-05	0.8636363636363636	289473.68421052635
chr20	53862644	53862721	RNA7066	77	11	6.682881824169519e-06	0.0	1.0	142857.14285714284
chr20	53863168	53863245	RNA7067	77	12	2.4500099774129143e-05	0.0	1.0	155844.15584415584
chr20	53863190	53863267	RNA7068	77	11	0.09093715594512601	1.4698999621032272e-05	0.9090909090909091	142857.14285714284
chr20	54085392	54085469	RNA7069	77	16	4.409088262491126e-05	1.4697199731017465e-05	1.0	207792.2077922078
chr20	54095191	54095268	RNA7070	77	18	3.838818924526458e-05	2.20772999455221e-05	1.0	233766.23376623375
chr20	54151824	54151901	RNA7071	75	14	0.010853101278956143	2.2854349481349345e-05	0.9285714285714286	186666.6666666667
chr20	54228092	54228181	RNA7072	89	23	0.04510382815572918	1.4698999621032272e-05	0.9565217391304348	258426.96629213486
chr20	54228448	54228526	RNA7073	78	17	0.058831837399766836	0.0	0.9411764705882353	217948.71794871794
chr20	54228454	54228556	RNA7074	102	18	0.11072436301209462	0.0	0.8888888888888888	176470.58823529413
chr20	54811259	54811336	RNA7075	15	12	0.0003870140136920401	1.788789995771367e-05	1.0	800000.0
chr20	56319080	56319169	RNA7076	89	22	1.603790881497182e-05	1.4696349808218656e-05	1.0	247191.01123595505
chr20	57163822	57163911	RNA7077	89	25	0.04006761220673069	1.4697699953103438e-05	0.96	280898.8764044944
chr20	57166022	57166111	RNA7078	89	13	0.0764403151440722	1.4696400285174605e-05	0.9230769230769231	146067.4157303371
chr20	57166260	57166349	RNA7079	89	19	2.3207078763665095e-05	1.4696799553348685e-05	1.0	213483.1460674157
chr20	57329708	57329797	RNA7080	89	46	5.5595616785182856e-05	1.4696799553348685e-05	1.0	516853.9325842697
chr20	57329709	57329798	RNA7081	89	46	5.5595616785182856e-05	1.4696799553348685e-05	1.0	516853.9325842697
chr20	57416153	57416242	RNA7082	89	17	1.2970600169754988e-05	0.0	1.0	191011.23595505618
chr20	58309525	58309614	RNA7083	89	0				0.0
chr20	59012205	59012300	RNA7084	95	23	2.5566660872792623e-05	0.0	1.0	242105.26315789475
chr20	59043208	59043285	RNA7085	77	16	0.02692455824205808	0.0	0.9375	207792.2077922078
chr20	62296893	62296982	RNA7086	89	23	3.450842189561638e-05	1.4696400285174605e-05	1.0	258426.96629213486
chr20	62937966	62938061	RNA7087	95	31	0.00011866702439991863	1.4713699783897027e-05	1.0	326315.7894736842
chr20	63838952	63839047	RNA7088	95	20	1.5443615211552242e-05	1.4706050023960415e-05	1.0	210526.31578947368
chr20	63859485	63859580	RNA7089	95	23	8.947008846798385e-06	0.0	1.0	242105.26315789475
chr20	63859754	63859849	RNA7090	95	29	2.078070679873664e-05	1.4696799553348685e-05	1.0	305263.15789473685
chr20	63969979	63970074	RNA7091	88	0				0.0
chr20	63969987	63970082	RNA7092	88	0				0.0
chr20	64041247	64041342	RNA7093	95	24	1.8370233230292486e-05	1.4694400306325406e-05	1.0	252631.57894736843
chr21	7206868	7206959	RNA7094	0	0				
chr21	8123942	8124033	RNA7095	0	0				
chr21	8187749	8187840	RNA7096	0	0				
chr21	8197150	8197241	RNA7097	0	0				
chr21	9140733	9140824	RNA7098	0	0				
chr21	9140770	9140861	RNA7099	0	0				
chr21	9141170	9141261	RNA7100	0	0				
chr21	11306785	11306857	RNA7101	0	0				
chr21	11590267	11590355	RNA7102	0	0				
chr21	12998263	12998354	RNA7103	91	0				0.0
chr21	15327836	15327908	RNA7104	72	25	0.04001352149196464	1.4696400285174605e-05	0.96	347222.2222222222
chr21	15363742	15363830	RNA7105	88	16	0.06285938754325571	1.4700449810334248e-05	0.9375	181818.18181818182
chr21	15920488	15920560	RNA7106	72	0				0.0
chr21	15921340	15921412	RNA7107	72	21	9.307281115546911e-06	0.0	1.0	291666.6666666667
chr21	15921713	15921785	RNA7108	72	18	3.1034616464838955e-05	0.0	1.0	250000.0
chr21	15924115	15924203	RNA7109	88	18	1.633455000652854e-05	7.348200142587302e-06	1.0	204545.45454545456
chr21	15925723	15925811	RNA7110	88	19	6.500732352402445e-05	1.4698999621032272e-05	1.0	215909.0909090909
chr21	15927841	15927929	RNA7111	88	25	9.409067824890372e-06	0.0	1.0	284090.9090909091
chr21	17332973	17333045	RNA7112	72	0				0.0
chr21	17332990	17333078	RNA7113	88	0				0.0
chr21	17333056	17333144	RNA7114	88	0				0.0
chr21	17333081	17333153	RNA7115	72	0				0.0
chr21	17333106	17333178	RNA7116	72	0				0.0
chr21	17333118	17333206	RNA7117	88	0				0.0
chr21	17333151	17333223	RNA7118	72	0				0.0
chr21	17460724	17460812	RNA7119	88	18	5.554846792518854e-05	1.4696599919261644e-05	1.0	204545.45454545456
chr21	18268429	18268537	RNA7120	108	28	1.522617857777242e-05	1.4698549875902245e-05	1.0	259259.25925925924
chr21	20928745	20928817	RNA7121	72	15	8.826573545471623e-05	1.4708900380355772e-05	1.0	208333.33333333334
chr21	21560651	21560739	RNA7122	88	21	2.1711432964363234e-05	0.0	1.0	238636.36363636365
chr21	22197653	22197761	RNA7123	108	29	4.5118943332983434e-05	1.4700700376124589e-05	1.0	268518.51851851854
chr21	22963130	22963238	RNA7124	108	23	0.008431669091173122	0.0	0.9565217391304348	212962.96296296298
chr21	23032672	23032780	RNA7125	93	22	0.06727671736123077	9.078050425159745e-06	0.9090909090909091	236559.13978494625
chr21	23037371	23037479	RNA7126	108	28	0.01648422547899437	7.348849976551719e-06	0.9642857142857143	259259.25925925924
chr21	23195607	23195715	RNA7127	108	28	0.00015917078566676936	1.4696999642183075e-05	1.0	259259.25925925924
chr21	23198543	23198651	RNA7128	107	34	1.1837626436102124e-05	0.0	1.0	317757.0093457944
chr21	23201715	23201823	RNA7129	108	19	9.903122769939772e-05	0.0	1.0	175925.92592592593
chr21	24114687	24114795	RNA7130	106	0				0.0
chr21	25467457	25467541	RNA7131	84	16	2.0211537389512955e-05	0.0	1.0	190476.19047619047
chr21	27625916	27626051	RNA7132	135	32	0.03238483815485438	1.4697900041937828e-05	0.96875	237037.03703703705
chr21	27950598	27950706	RNA7133	108	0				0.0
chr21	29190184	29190268	RNA7134	84	13	0.15386085710780698	1.4700300198455809e-05	0.8461538461538461	154761.90476190476
chr21	30225503	30225587	RNA7135	84	15	0.0011296667586672446	0.0	1.0	178571.42857142858
chr21	30342500	30342584	RNA7136	84	17	1.1241288441793353e-05	0.0	1.0	202380.9523809524
chr21	30346960	30347044	RNA7137	84	15	1.3721693539991974e-05	1.4699399798701052e-05	1.0	178571.42857142858
chr21	30475979	30476063	RNA7138	84	21	0.027494938227781467	0.0	0.9523809523809523	250000.0
chr21	30477093	30477177	RNA7139	84	16	1.287435611629917e-05	7.354649824264925e-06	1.0	190476.19047619047
chr21	30478122	30478206	RNA7140	84	18	3.0211866639242326e-05	1.4698100130772218e-05	1.0	214285.71428571426
chr21	31575525	31575609	RNA7141	84	24	0.007757518386142691	1.470159986638464e-05	0.9583333333333334	285714.2857142857
chr21	31576894	31577029	RNA7142	135	29	1.6218551755968598e-05	0.0	1.0	214814.81481481483
chr21	32267651	32267786	RNA7143	135	25	0.040008817676498436	1.469549988541985e-05	0.96	185185.18518518517
chr21	32267768	32267903	RNA7144	135	34	0.0589567120616587	1.4696599919261644e-05	0.9411764705882353	251851.85185185182
chr21	32267850	32267985	RNA7145	135	29	0.03498966373990697	1.4696400285174605e-05	0.9655172413793104	214814.81481481483
chr21	32396357	32396492	RNA7146	135	27	0.003840948286745478	0.0	0.9629629629629629	200000.0
chr21	32398203	32398338	RNA7147	135	16	0.0625340010498121	1.4695749996462837e-05	0.9375	118518.51851851853
chr21	32401967	32402102	RNA7148	135	33	0.00031588105988096337	0.0	1.0	244444.44444444444
chr21	33365288	33365423	RNA7149	135	23	3.964532559462203e-05	1.470200004405342e-05	1.0	170370.37037037036
chr21	34787474	34787558	RNA7150	84	35	0.028590746754447796	0.0	0.9714285714285714	416666.6666666667
chr21	37329976	37330111	RNA7151	135	0				0.0
chr22	14970240	14970321	RNA7152	0	0				
chr22	15578908	15578985	RNA7153	77	0				0.0
chr22	17034742	17034835	RNA7154	93	0				0.0
chr22	17035149	17035228	RNA7155	79	0				0.0
chr22	17036147	17036228	RNA7156	81	24	1.8985858559968757e-05	7.347749942709925e-06	1.0	296296.2962962963
chr22	17731404	17731483	RNA7157	79	19	0.026506340292048413	1.4698100130772218e-05	0.8947368421052632	240506.32911392406
chr22	17731798	17731877	RNA7158	79	12	0.03771695696930995	0.0	0.9166666666666666	151898.7341772152
chr22	17731895	17731974	RNA7159	79	25	0.04000293775610771	1.4696799553348685e-05	0.96	316455.6962025317
chr22	17785260	17785353	RNA7160	93	32	0.03126929683449475	1.469744984206045e-05	0.96875	344086.0215053764
chr22	17785774	17785867	RNA7161	93	17	0.0006156423961489388	0.0	1.0	182795.6989247312
chr22	17785858	17785937	RNA7162	79	19	0.053177776675607004	0.0	0.9473684210526315	240506.32911392406
chr22	17786176	17786255	RNA7163	79	12	2.329285810749245e-05	0.0	1.0	151898.7341772152
chr22	17786734	17786827	RNA7164	93	23	0.0001865854654011896	0.0	1.0	247311.82795698926
chr22	17787522	17787601	RNA7165	79	22	0.04547258421367091	1.469724975322606e-05	0.9545454545454546	278481.0126582278
chr22	18027212	18027305	RNA7166	93	20	2.1311355203577495e-05	1.4696799553348685e-05	1.0	215053.76344086023
chr22	18027743	18027836	RNA7167	93	23	0.04328262499257108	1.4698500308440998e-05	0.9565217391304348	247311.82795698926
chr22	18074090	18074183	RNA7168	93	15	0.00012547740613323553	1.4699399798701052e-05	1.0	161290.32258064515
chr22	18898577	18898656	RNA7169	0	0				
chr22	18965963	18966056	RNA7170	93	0				0.0
chr22	18967351	18967432	RNA7171	81	0				0.0
chr22	19034620	19034707	RNA7172	87	0				0.0
chr22	19145829	19145953	RNA7173	122	21	0.004611488958765951	1.472100029786816e-05	0.9523809523809523	172131.1475409836
chr22	19178749	19178826	RNA7174	77	31	0.015511688123209045	0.0	0.967741935483871	402597.40259740263
chr22	19868629	19868710	RNA7175	81	0				0.0
chr22	19871633	19871714	RNA7176	81	0				0.0
chr22	19873268	19873349	RNA7177	81	0				0.0
chr22	20074510	20074591	RNA7178	79	0				0.0
chr22	20074798	20074885	RNA7179	87	16	1.3809562290134636e-05	1.4717350040882593e-05	1.0	183908.0459770115
chr22	20075811	20075935	RNA7180	124	0				0.0
chr22	20076558	20076645	RNA7181	87	9	3.2699999792384915e-06	0.0	1.0	103448.27586206897
chr22	20076583	20076664	RNA7182	81	9	0.11111111433334979	0.0	0.8888888888888888	111111.11111111111
chr22	20076831	20076912	RNA7183	81	15	0.004381412226878936	1.4697199731017465e-05	0.9333333333333333	185185.18518518517
chr22	20079999	20080086	RNA7184	87	0				0.0
chr22	20080045	20080169	RNA7185	124	0				0.0
chr22	20080064	20080188	RNA7186	124	0				0.0
chr22	20127395	20127482	RNA7187	87	34	0.0016676514601920796	1.469509970775107e-05	0.9705882352941176	390804.59770114947
chr22	20128405	20128492	RNA7188	87	25	0.024471105878983507	1.4697699953103438e-05	0.96	287356.3218390804
chr22	20128893	20129017	RNA7189	124	24	1.2247500004984127e-05	7.347549853875535e-06	1.0	193548.38709677418
chr22	20128931	20129055	RNA7190	124	24	1.22481334301483e-05	7.347549853875535e-06	1.0	193548.38709677418
chr22	20148126	20148203	RNA7191	77	16	5.159514944352225e-05	1.4699599887535442e-05	1.0	207792.2077922078
chr22	20189543	20189630	RNA7192	87	12	1.4698500005276097e-05	1.469744984206045e-05	1.0	137931.0344827586
chr22	20222424	20222548	RNA7193	124	22	0.0161543540974559	7.347549853875535e-06	0.9545454545454546	177419.3548387097
chr22	20236740	20236817	RNA7194	77	16	1.0107212460752635e-05	0.0	1.0	207792.2077922078
chr22	20240807	20240884	RNA7195	77	19	1.4698463210630794e-05	1.4696799553348685e-05	1.0	246753.24675324676
chr22	20289383	20289460	RNA7196	77	0				0.0
chr22	20289968	20290045	RNA7197	77	0				0.0
chr22	20334034	20334115	RNA7198	0	0				
chr22	20334138	20334215	RNA7199	0	0				
chr22	21329230	21329311	RNA7200	81	0				0.0
chr22	21329312	21329389	RNA7201	77	0				0.0
chr22	21329882	21330006	RNA7202	0	0				
chr22	21330272	21330359	RNA7203	0	0				
chr22	21545257	21545338	RNA7204	0	0				
chr22	21644318	21644399	RNA7205	81	16	1.3920337551098783e-05	1.4730399925610982e-05	1.0	197530.86419753084
chr22	21647752	21647833	RNA7206	81	13	3.526809989405178e-05	1.4822699995420408e-05	1.0	160493.82716049382
chr22	21983771	21983852	RNA7207	81	12	9.817424673504624e-06	0.0	1.0	148148.14814814815
chr22	21984409	21984490	RNA7208	81	13	7.236906108467768e-05	0.0	1.0	160493.82716049382
chr22	21985373	21985454	RNA7209	81	15	8.819586643464087e-06	0.0	1.0	185185.18518518517
chr22	21987228	21987307	RNA7210	79	19	0.052654789394708995	0.0	0.9473684210526315	240506.32911392406
chr22	21987330	21987423	RNA7211	93	12	0.0035549931822818743	0.0	1.0	129032.25806451612
chr22	23016522	23016603	RNA7212	81	0				0.0
chr22	23016542	23016629	RNA7213	87	0				0.0
chr22	24630991	24631086	RNA7214	95	0				0.0
chr22	24946996	24947083	RNA7215	87	0				0.0
chr22	24947608	24947689	RNA7216	81	0				0.0
chr22	24951651	24951775	RNA7217	124	16	0.06250918911854342	0.0	0.9375	129032.25806451612
chr22	25232962	25233039	RNA7218	77	0				0.0
chr22	26631130	26631211	RNA7219	81	9	1.3093700039866639e-05	1.4704200111737007e-05	1.0	111111.11111111111
chr22	26972406	26972493	RNA7220	87	16	0.0001534457719571885	1.4698100130772218e-05	1.0	183908.0459770115
chr22	27814571	27814658	RNA7221	87	20	8.82272493072378e-06	0.0	1.0	229885.05747126436
chr22	27850845	27850932	RNA7222	87	14	0.007949664948812689	7.348399776674342e-06	0.9285714285714286	160919.54022988505
chr22	27851509	27851596	RNA7223	87	12	2.9395341319583842e-05	1.4696150174131617e-05	1.0	137931.0344827586
chr22	28681334	28681421	RNA7224	87	0				0.0
chr22	28681567	28681654	RNA7225	87	0				0.0
chr22	28681837	28681924	RNA7226	87	0				0.0
chr22	28684643	28684738	RNA7227	92	14	1.9947385940859597e-05	1.4696800008096034e-05	1.0	152173.91304347827
chr22	28757611	28757745	RNA7228	134	33	1.2029354696672745e-05	0.0	1.0	246268.6567164179
chr22	28880073	28880160	RNA7229	87	0				0.0
chr22	29259602	29259697	RNA7230	95	19	1.0059236860558341e-05	1.4700300198455809e-05	1.0	200000.0
chr22	29259669	29259764	RNA7231	95	17	1.557355913331883e-05	1.4702900443808176e-05	1.0	178947.36842105264
chr22	29259678	29259773	RNA7232	95	17	1.4708582645706723e-05	1.47024002217222e-05	1.0	178947.36842105264
chr22	29582961	29583056	RNA7233	95	18	1.551601093928157e-05	7.348399776674342e-06	1.0	189473.68421052632
chr22	29583768	29583863	RNA7234	95	15	0.047698526884778394	1.4696799553348685e-05	0.9333333333333333	157894.73684210525
chr22	29584088	29584183	RNA7235	95	17	3.718769365899018e-05	1.4698100130772218e-05	1.0	178947.36842105264
chr22	30330962	30331057	RNA7236	95	15	2.156292011931921e-05	1.4700300198455809e-05	1.0	157894.73684210525
chr22	30437629	30437707	RNA7237	77	17	0.05884111504736425	0.0	0.9411764705882353	220779.22077922078
chr22	32498969	32499103	RNA7238	133	28	0.05139382937685305	0.0	0.8928571428571429	210526.31578947368
chr22	32499771	32499858	RNA7239	87	12	3.6746750235276218e-06	0.0	1.0	137931.0344827586
chr22	33058455	33058589	RNA7240	133	36	0.005514272261886312	7.367450052697677e-06	0.9722222222222222	270676.6917293233
chr22	33059660	33059759	RNA7241	99	18	6.534700029684852e-06	0.0	1.0	181818.18181818182
chr22	33062601	33062735	RNA7242	134	18	0.05556453996673048	1.4698100130772218e-05	0.9444444444444444	134328.35820895524
chr22	33065532	33065666	RNA7243	134	20	4.410399969856371e-06	0.0	1.0	149253.73134328358
chr22	33923877	33924011	RNA7244	134	34	0.0015158990958672569	1.4696999642183075e-05	0.9705882352941176	253731.3432835821
chr22	33924230	33924364	RNA7245	134	28	1.2075757077968625e-05	0.0	1.0	208955.223880597
chr22	33925542	33925676	RNA7246	134	30	1.7147213384302768e-05	1.469764993089484e-05	1.0	223880.59701492538
chr22	34220288	34220366	RNA7247	78	20	0.0009528488414161952	7.348849976551719e-06	1.0	256410.25641025638
chr22	34220803	34220898	RNA7248	95	42	0.0062991679118611105	0.0	0.9761904761904762	442105.2631578947
chr22	34221598	34221732	RNA7249	134	34	1.2534638137683512e-05	0.0	1.0	253731.3432835821
chr22	35295945	35296037	RNA7250	92	15	1.175835980878522e-05	1.4696799553348685e-05	1.0	163043.47826086957
chr22	35296224	35296302	RNA7251	78	11	2.53886458019472e-05	1.4700300198455809e-05	1.0	141025.64102564103
chr22	35296958	35297036	RNA7252	78	12	2.4499241741674876e-05	1.4698500308440998e-05	1.0	153846.15384615384
chr22	35297509	35297603	RNA7253	88	24	0.004595085189710813	0.0	0.9583333333333334	272727.2727272727
chr22	35297630	35297708	RNA7254	78	21	0.0476337579381964	1.471110044803936e-05	0.9523809523809523	269230.7692307692
chr22	35350377	35350455	RNA7255	78	9	0.11111601181083744	1.4700300198455809e-05	0.8888888888888888	115384.61538461539
chr22	35351074	35351152	RNA7256	78	21	0.04768837120502126	1.470159986638464e-05	0.9523809523809523	269230.7692307692
chr22	35426285	35426363	RNA7257	78	8	3.6751125662704e-06	0.0	1.0	102564.10256410256
chr22	36136779	36136898	RNA7258	119	16	0.00010931199835794755	1.4698549875902245e-05	1.0	134453.78151260503
chr22	36280656	36280734	RNA7259	78	12	9.801899750522485e-06	0.0	1.0	153846.15384615384
chr22	36843732	36843831	RNA7260	99	21	0.0005207922302014609	1.4697699953103438e-05	1.0	212121.21212121213
chr22	37781484	37781583	RNA7261	99	22	0.04546189590018912	1.4698749964736635e-05	0.9545454545454546	222222.22222222222
chr22	37826791	37826890	RNA7262	99	21	1.9597738130304117e-05	1.469590006308863e-05	1.0	212121.21212121213
chr22	37827506	37827605	RNA7263	99	5	8.819800132187084e-06	0.0	1.0	50505.0505050505
chr22	38048790	38048889	RNA7264	99	18	0.05556208833331766	0.0	0.9444444444444444	181818.18181818182
chr22	38050689	38050788	RNA7265	99	14	1.5753885626119362e-05	1.4703100077895215e-05	1.0	141414.1414141414
chr22	38051649	38051748	RNA7266	99	17	0.058864165799176964	0.0	0.9411764705882353	171717.1717171717
chr22	38399684	38399776	RNA7267	92	12	6.744389876681643e-05	0.0	1.0	130434.78260869565
chr22	38400249	38400343	RNA7268	94	12	6.123708317318233e-06	0.0	1.0	127659.57446808509
chr22	38704490	38704624	RNA7269	134	23	0.0014902687593269547	0.0	1.0	171641.79104477612
chr22	38844091	38844190	RNA7270	99	37	0.048241105148967164	0.0	0.9459459459459459	373737.37373737374
chr22	39152872	39152955	RNA7271	83	17	0.05885812878087188	0.0	0.9411764705882353	204819.27710843371
chr22	39210522	39210616	RNA7272	94	17	1.2114294002137339e-05	0.0	1.0	180851.06382978725
chr22	39211547	39211639	RNA7273	90	11	0.1818296096078649	1.4764499610464554e-05	0.8181818181818182	122222.22222222222
chr22	39310212	39310304	RNA7274	92	25	5.292248075420231e-05	1.4698500308440998e-05	1.0	271739.1304347826
chr22	39310905	39310999	RNA7275	94	33	1.470006031233554e-05	0.0	1.0	351063.8297872341
chr22	39312020	39312112	RNA7276	92	33	0.0017557356032381049	1.4699799976369832e-05	0.9696969696969697	358695.652173913
chr22	39312160	39312254	RNA7277	94	30	3.283072413371839e-05	1.4698100130772218e-05	1.0	319148.9361702128
chr22	39324406	39324500	RNA7278	94	18	8.984388841781765e-06	0.0	1.0	191489.36170212764
chr22	39328197	39328289	RNA7279	92	0				0.0
chr22	39331496	39331588	RNA7280	92	17	8.131264760723156e-05	1.4703699889651034e-05	1.0	184782.60869565216
chr22	39332786	39332880	RNA7281	94	0				0.0
chr22	39398850	39398942	RNA7282	92	24	0.00025880929126742493	7.351649855991127e-06	1.0	260869.5652173913
chr22	39399095	39399189	RNA7283	94	13	2.9437085126671536e-05	1.4700700376124589e-05	1.0	138297.87234042553
chr22	40044676	40044795	RNA7284	119	29	0.00022103394762936607	0.0	1.0	243697.47899159664
chr22	40336368	40336446	RNA7285	78	23	6.453843066675826e-05	1.4696799553348685e-05	1.0	294871.7948717949
chr22	40338859	40338953	RNA7286	94	18	0.00014861404057834503	1.4700500287290199e-05	1.0	191489.36170212764
chr22	40339980	40340072	RNA7287	92	28	1.4212167895623549e-05	7.350350188062294e-06	1.0	304347.82608695654
chr22	40935460	40935579	RNA7288	118	6	2.698851706857827e-05	0.0	1.0	50847.457627118645
chr22	40939635	40939754	RNA7289	119	22	6.014672676842152e-06	0.0	1.0	184873.94957983194
chr22	40941264	40941383	RNA7290	119	16	2.849318087782893e-05	1.469744984206045e-05	1.0	134453.78151260503
chr22	41360376	41360495	RNA7291	119	22	0.00010290083686081546	1.469984999857843e-05	1.0	184873.94957983194
chr22	41360450	41360541	RNA7292	91	17	2.939700602034103e-05	1.4698500308440998e-05	1.0	186813.18681318683
chr22	41360531	41360650	RNA7293	119	24	0.0064387616583871906	1.469744984206045e-05	0.9583333333333334	201680.67226890757
chr22	41360588	41360707	RNA7294	119	34	4.8857688210877646e-05	1.469964990974404e-05	1.0	285714.2857142857
chr22	42072844	42072963	RNA7295	119	23	0.028565358031933694	0.0	0.9565217391304348	193277.31092436975
chr22	42796080	42796179	RNA7296	99	12	3.923531570156102e-05	1.4709550214320188e-05	1.0	121212.12121212122
chr22	43150504	43150587	RNA7297	83	13	7.919423086814977e-06	0.0	1.0	156626.5060240964
chr22	43865519	43865602	RNA7298	83	21	1.7498499801149165e-05	1.4696400285174605e-05	1.0	253012.04819277106
chr22	43866481	43866564	RNA7299	83	16	7.3504812689861865e-06	0.0	1.0	192771.0843373494
chr22	43872971	43873054	RNA7300	83	18	1.5513655651169874e-05	0.0	1.0	216867.4698795181
chr22	44235710	44235802	RNA7301	85	3	0.0007325999904423667	0.0	1.0	35294.117647058825
chr22	44239482	44239565	RNA7302	83	14	0.0559211592864293	0.0	0.9285714285714286	168674.6987951807
chr22	44240444	44240527	RNA7303	83	8	3.311276168459982e-05	0.0	1.0	96385.5421686747
chr22	44242521	44242604	RNA7304	83	19	0.00010525865448135583	1.4700700376124589e-05	1.0	228915.6626506024
chr22	44315203	44315297	RNA7305	94	17	5.449569294689497e-05	0.0	1.0	180851.06382978725
chr22	45056240	45056331	RNA7306	91	0				0.0
chr22	45191766	45191849	RNA7307	83	25	8.239755952672568e-06	0.0	1.0	301204.8192771085
chr22	45866835	45866917	RNA7308	82	10	0.0031302475450502203	0.0	1.0	121951.21951219512
chr22	45984342	45984433	RNA7309	91	11	3.607956370448975e-05	1.470159986638464e-05	1.0	120879.12087912088
chr22	45986480	45986599	RNA7310	119	29	0.0005814835779441039	1.469549988541985e-05	1.0	243697.47899159664
chr22	45988087	45988178	RNA7311	91	14	0.001412399582672408	0.0	1.0	153846.15384615384
chr22	45997548	45997639	RNA7312	91	32	0.00013688885655937296	0.0	1.0	351648.3516483517
chr22	47176196	47176287	RNA7313	91	23	0.0003602541507026811	1.4702900443808176e-05	1.0	252747.25274725273
chr22	47176890	47176981	RNA7314	91	24	0.009726822769531884	7.349050065386109e-06	0.9583333333333334	263736.26373626373
chr22	47177255	47177346	RNA7315	91	26	0.010408256540883414	1.4700300198455809e-05	0.9615384615384616	285714.2857142857
chr22	47178681	47178772	RNA7316	91	15	1.3718653099203948e-05	1.4696799553348685e-05	1.0	164835.16483516482
chr22	49131042	49131125	RNA7317	83	16	0.028133962696529125	1.4713899872731417e-05	0.875	192771.0843373494
chr22	49408154	49408236	RNA7318	82	15	4.7038641181032685e-05	0.0	1.0	182926.82926829267
chr22	50307977	50308059	RNA7319	82	18	1.5546216521518847e-05	1.471840005251579e-05	1.0	219512.19512195123
chr22	50340331	50340413	RNA7320	76	0				0.0
chr22	50341083	50341165	RNA7321	82	0				0.0
chr22	50486479	50486561	RNA7322	82	26	6.049755819939979e-05	1.4695949630549876e-05	1.0	317073.1707317073
chr22	50486620	50486702	RNA7323	82	18	0.05141600235725086	0.0	0.9444444444444444	219512.19512195123
chr22	50507994	50508076	RNA7324	39	0				0.0
chr22	50807366	50807457	RNA7325	91	0				0.0
chr22	50808208	50808290	RNA7326	39	0				0.0
chr3	413573	413651	RNA7327	78	21	9.0375404873891e-05	0.0	1.0	269230.7692307692
chr3	4473236	4473314	RNA7328	78	20	7.3493349646014394e-06	0.0	1.0	256410.25641025638
chr3	5100547	5100625	RNA7329	78	12	0.05612598460402296	1.4705450212204596e-05	0.9166666666666666	153846.15384615384
chr3	5105200	5105278	RNA7330	78	15	0.06664314799387891	0.0	0.9333333333333333	192307.6923076923
chr3	5110622	5110700	RNA7331	78	21	3.220524298999775e-05	0.0	1.0	269230.7692307692
chr3	5283849	5283927	RNA7332	76	0				0.0
chr3	5284031	5284109	RNA7333	78	0				0.0
chr3	5329251	5329329	RNA7334	78	26	0.03874104200541785	0.0	0.9615384615384616	333333.3333333333
chr3	5634599	5634677	RNA7335	78	28	1.6801407225232522e-05	1.469724975322606e-05	1.0	358974.358974359
chr3	8612188	8612326	RNA7336	137	0				0.0
chr3	10247323	10247401	RNA7337	78	0				0.0
chr3	10982518	10982596	RNA7338	78	20	7.349569978032378e-06	0.0	1.0	256410.25641025638
chr3	11847719	11847857	RNA7339	138	26	2.204682652098505e-05	0.0	1.0	188405.79710144928
chr3	12724875	12725013	RNA7340	138	29	0.03650975203097538	1.4696799553348685e-05	0.9310344827586207	210144.92753623187
chr3	12726683	12726821	RNA7341	138	21	1.539872846478582e-05	1.4697199731017465e-05	1.0	152173.91304347827
chr3	12729660	12729798	RNA7342	134	33	0.009412070853917003	0.0	0.9696969696969697	246268.6567164179
chr3	13284243	13284381	RNA7343	138	33	0.00016791275136324694	1.4698100130772218e-05	1.0	239130.4347826087
chr3	13286116	13286254	RNA7344	138	27	3.431128458975325e-05	1.47024002217222e-05	1.0	195652.1739130435
chr3	13289242	13289380	RNA7345	138	31	0.011522703395243175	0.0	0.967741935483871	224637.6811594203
chr3	13800848	13800986	RNA7346	138	30	0.033387749711467525	0.0	0.9666666666666667	217391.30434782608
chr3	14790625	14790703	RNA7347	78	5	3.527785956974333e-05	0.0	1.0	64102.564102564094
chr3	15559380	15559458	RNA7348	78	9	3.268155523983296e-06	0.0	1.0	115384.61538461539
chr3	15559513	15559591	RNA7349	78	10	0.08828283110779012	2.2047800484870095e-05	0.9	128205.12820512819
chr3	15560243	15560321	RNA7350	78	15	1.1764560137332106e-05	0.0	1.0	192307.6923076923
chr3	16517417	16517495	RNA7351	78	4	4.0428424881611136e-05	3.675090056276531e-05	1.0	51282.05128205128
chr3	16522912	16522990	RNA7352	78	12	4.780379208568441e-05	0.0	1.0	153846.15384615384
chr3	16523372	16523450	RNA7353	78	19	6.112874153155484e-05	0.0	1.0	243589.7435897436
chr3	16785901	16785979	RNA7354	78	20	0.046815088023640775	0.0	0.95	256410.25641025638
chr3	17135305	17135443	RNA7355	138	25	1.7636455995667046e-05	1.469509970775107e-05	1.0	181159.42028985507
chr3	18943122	18943200	RNA7356	78	0				0.0
chr3	40313292	40313385	RNA7357	93	13	1.8089123211835814e-05	1.469590006308863e-05	1.0	139784.94623655913
chr3	40690866	40690938	RNA7358	72	14	1.5749757169812385e-05	7.347950031544315e-06	1.0	194444.44444444444
chr3	42256557	42256649	RNA7359	92	0				0.0
chr3	42685043	42685172	RNA7360	129	32	0.020237536452953005	1.4700449810334248e-05	0.96875	248062.01550387597
chr3	43742311	43742386	RNA7361	75	13	9.049676918948535e-06	0.0	1.0	173333.33333333334
chr3	43742424	43742510	RNA7362	86	12	3.0622291887986e-05	0.0	1.0	139534.88372093023
chr3	43745258	43745357	RNA7363	99	23	0.03339921840542165	1.4697199731017465e-05	0.9565217391304348	232323.2323232323
chr3	43797139	43797232	RNA7364	93	18	2.69519165259274e-05	0.0	1.0	193548.38709677418
chr3	44688014	44688086	RNA7365	72	10	4.409380017023068e-06	0.0	1.0	138888.8888888889
chr3	44737214	44737307	RNA7366	93	10	1.0294890125805978e-05	0.0	1.0	107526.88172043012
chr3	44737351	44737444	RNA7367	93	17	0.058830452806272235	0.0	0.9411764705882353	182795.6989247312
chr3	44737390	44737483	RNA7368	93	19	8.519221122888235e-06	0.0	1.0	204301.07526881722
chr3	45346911	45347004	RNA7369	93	21	1.2600443066427639e-05	0.0	1.0	225806.4516129032
chr3	45347329	45347422	RNA7370	93	12	2.082130034371058e-05	1.4696399830427254e-05	1.0	129032.25806451612
chr3	45349143	45349236	RNA7371	93	15	3.625731296778988e-05	0.0	1.0	161290.32258064515
chr3	45383610	45383682	RNA7372	72	18	0.04542223151722485	7.348399776674342e-06	0.9444444444444444	250000.0
chr3	45385195	45385267	RNA7373	72	13	9.045746012886342e-06	0.0	1.0	180555.55555555556
chr3	45387920	45387992	RNA7374	72	11	0.000767221238344391	1.4698999621032272e-05	1.0	152777.77777777778
chr3	45746061	45746133	RNA7375	72	10	5.879499985894654e-06	0.0	1.0	138888.8888888889
chr3	45748100	45748172	RNA7376	72	14	1.3648364399289545e-05	7.347749942709925e-06	1.0	194444.44444444444
chr3	45753276	45753348	RNA7377	72	17	7.780099943321307e-06	0.0	1.0	236111.1111111111
chr3	45916178	45916271	RNA7378	93	21	0.012283728492288246	1.4697199731017465e-05	0.9523809523809523	225806.4516129032
chr3	46268782	46268874	RNA7379	92	8	9.189175102619629e-06	1.4699150142405415e-05	1.0	86956.52173913043
chr3	46665149	46665278	RNA7380	128	23	0.0004901094158887301	1.4730600014445372e-05	1.0	179687.5
chr3	46693824	46693896	RNA7381	72	24	6.070724494596058e-05	1.4708700291521382e-05	1.0	333333.3333333333
chr3	47015061	47015153	RNA7382	92	19	4.644220007320731e-05	1.4705899957334624e-05	1.0	206521.73913043478
chr3	47015176	47015268	RNA7383	92	16	3.9509725127117555e-05	0.0	1.0	173913.04347826086
chr3	47015809	47015901	RNA7384	92	24	0.04167034227077693	0.0	0.9583333333333334	260869.5652173913
chr3	47351194	47351286	RNA7385	92	18	1.3881366814729864e-05	0.0	1.0	195652.1739130435
chr3	47354456	47354548	RNA7386	92	10	2.793128969642479e-05	7.349250154220499e-06	1.0	108695.65217391304
chr3	47360119	47360218	RNA7387	99	17	3.805004668238824e-05	1.4700300198455809e-05	1.0	171717.1717171717
chr3	47364040	47364132	RNA7388	91	12	0.0835845377475835	1.4699399798701052e-05	0.9166666666666666	131868.13186813187
chr3	47561718	47561847	RNA7389	129	36	0.002191872433387387	1.4699199709866662e-05	0.9722222222222222	279069.76744186046
chr3	47581053	47581128	RNA7390	75	23	0.00045893030500851207	1.4697699953103438e-05	1.0	306666.6666666666
chr3	47584195	47584324	RNA7391	129	27	1.63339038273821e-05	1.4696799553348685e-05	1.0	209302.32558139536
chr3	47584783	47584912	RNA7392	129	26	0.00014704011038282414	1.4699199709866662e-05	1.0	201550.38759689924
chr3	47585038	47585124	RNA7393	86	23	2.3007595977415102e-05	0.0	1.0	267441.8604651163
chr3	47785081	47785210	RNA7394	129	40	2.835780048826068e-05	1.4700049632665468e-05	1.0	310077.51937984495
chr3	47785721	47785813	RNA7395	92	12	1.929314180415531e-05	1.4766249933018116e-05	1.0	130434.78260869565
chr3	47790990	47791066	RNA7396	76	21	0.0476358644241156	0.0	0.9523809523809523	276315.7894736842
chr3	47794200	47794275	RNA7397	75	5	8.830279875837732e-06	1.471149971621344e-05	1.0	66666.66666666667
chr3	47797362	47797491	RNA7398	129	27	0.011575142316764363	1.4699399798701052e-05	0.9629629629629629	209302.32558139536
chr3	47802318	47802447	RNA7399	129	26	7.914061580567459e-06	0.0	1.0	201550.38759689924
chr3	48216906	48217005	RNA7400	99	21	1.1198671407847932e-05	0.0	1.0	212121.21212121213
chr3	48240198	48240290	RNA7401	92	17	4.32304702425266e-06	0.0	1.0	184782.60869565216
chr3	48304252	48304351	RNA7402	99	17	1.2129788153876743e-05	1.4699799976369832e-05	1.0	171717.1717171717
chr3	48304760	48304859	RNA7403	99	15	0.06667745309987368	0.0	0.9333333333333333	151515.15151515152
chr3	48353402	48353501	RNA7404	99	32	3.496682242598237e-05	0.0	1.0	323232.3232323233
chr3	48354322	48354421	RNA7405	99	13	1.1311222946320553e-05	1.4701099644298664e-05	1.0	131313.13131313134
chr3	48403463	48403562	RNA7406	99	17	3.027250033269071e-05	1.4703299711982254e-05	1.0	171717.1717171717
chr3	48467665	48467740	RNA7407	75	16	2.3882306550144362e-05	1.4696400285174605e-05	1.0	213333.33333333334
chr3	48563840	48563915	RNA7408	75	15	3.433975956188981e-05	0.0	1.0	200000.0
chr3	48563848	48563923	RNA7409	75	14	4.1021770942146296e-05	7.355100024142302e-06	1.0	186666.6666666667
chr3	48563914	48564000	RNA7410	86	23	2.559910424916562e-05	1.471149971621344e-05	1.0	267441.8604651163
chr3	48596196	48596271	RNA7411	75	21	8.400561975057436e-06	0.0	1.0	280000.0
chr3	48596235	48596310	RNA7412	75	14	1.3650957303720393e-05	1.4696800008096034e-05	1.0	186666.6666666667
chr3	48635523	48635609	RNA7413	86	21	2.240667141622896e-05	0.0	1.0	244186.0465116279
chr3	48635682	48635811	RNA7414	129	31	8.061103237137544e-06	0.0	1.0	240310.07751937985
chr3	48636151	48636226	RNA7415	75	15	1.861709994651998e-05	1.4698100130772218e-05	1.0	200000.0
chr3	48636330	48636416	RNA7416	86	15	6.565337971550774e-05	1.4698100130772218e-05	1.0	174418.6046511628
chr3	49023685	49023771	RNA7417	86	20	0.05010208867743131	1.5141399671847466e-05	0.95	232558.13953488372
chr3	49023854	49023940	RNA7418	86	17	0.014496038505111594	1.470159986638464e-05	0.9411764705882353	197674.41860465115
chr3	49023949	49024035	RNA7419	86	18	1.3068461107145089e-05	1.4696349808218656e-05	1.0	209302.32558139536
chr3	49346068	49346167	RNA7420	99	7	1.6967557582700343e-05	0.0	1.0	70707.0707070707
chr3	49416583	49416658	RNA7421	75	9	2.4501366371815774e-05	1.4698500308440998e-05	1.0	120000.0
chr3	49817136	49817222	RNA7422	86	13	2.0350415210342e-05	1.4697699953103438e-05	1.0	151162.7906976744
chr3	49856616	49856709	RNA7423	93	40	0.0003373500231191361	1.4696599919261644e-05	1.0	430107.52688172046
chr3	50674396	50674468	RNA7424	72	4	3.674949994092458e-06	0.0	1.0	55555.555555555555
chr3	51704770	51704846	RNA7425	76	18	0.0004491504717710318	0.0	1.0	236842.1052631579
chr3	51704981	51705073	RNA7426	92	19	1.006288412578502e-05	0.0	1.0	206521.73913043478
chr3	51705338	51705413	RNA7427	75	12	0.08334068274173963	1.4697250207973411e-05	0.9166666666666666	160000.0
chr3	52220152	52220244	RNA7428	92	16	0.06221709100435646	0.0	0.9375	173913.04347826086
chr3	52493493	52493585	RNA7429	92	22	0.00029775092165932736	0.0	1.0	239130.4347826087
chr3	52493727	52493802	RNA7430	75	20	5.9538053801584605e-05	0.0	1.0	266666.6666666667
chr3	52493756	52493848	RNA7431	92	21	1.260168569604589e-05	0.0	1.0	228260.86956521738
chr3	52493804	52493880	RNA7432	76	11	2.0050018230738882e-05	1.4700300198455809e-05	1.0	144736.84210526317
chr3	52493850	52493926	RNA7433	76	17	5.017037020639183e-05	1.4709799870615823e-05	1.0	223684.2105263158
chr3	52493929	52494004	RNA7434	75	24	0.0024619562863108474	7.350350188062294e-06	0.9583333333333334	320000.0
chr3	52493986	52494115	RNA7435	129	25	2.0577783834594046e-05	1.4697199731017465e-05	1.0	193798.4496124031
chr3	52494169	52494244	RNA7436	75	25	2.2928104081074266e-05	1.4697199731017465e-05	1.0	333333.3333333333
chr3	52494696	52494788	RNA7437	92	16	0.00010932436015309331	0.0	1.0	173913.04347826086
chr3	52494957	52495033	RNA7438	76	16	5.14565239200182e-05	1.470200004405342e-05	1.0	210526.31578947368
chr3	52770946	52771038	RNA7439	92	18	0.05598760549279783	0.0	0.9444444444444444	195652.1739130435
chr3	52770949	52771024	RNA7440	75	14	0.07198301418358304	0.0	0.9285714285714286	186666.6666666667
chr3	52770951	52771043	RNA7441	92	17	0.05882439454126143	0.0	0.9411764705882353	184782.60869565216
chr3	52770952	52771027	RNA7442	75	13	0.07692420824626495	0.0	0.9230769230769231	173333.33333333334
chr3	52770977	52771053	RNA7443	76	15	1.9604999882479508e-06	0.0	1.0	197368.42105263157
chr3	52770992	52771068	RNA7444	76	19	5.415478881332092e-06	0.0	1.0	250000.0
chr3	52793122	52793198	RNA7445	76	24	0.00027131988470803243	1.470025017624721e-05	1.0	315789.4736842105
chr3	52794064	52794139	RNA7446	75	13	6.784469265907179e-06	0.0	1.0	173333.33333333334
chr3	52794538	52794630	RNA7447	92	21	0.06475512846017886	1.4698999621032272e-05	0.9047619047619048	228260.86956521738
chr3	53214080	53214155	RNA7448	75	18	0.03337289437846872	1.4702649878017837e-05	0.9444444444444444	240000.0
chr3	53219929	53220028	RNA7449	99	22	2.3384322172534736e-05	0.0	1.0	222222.22222222222
chr3	53222803	53222889	RNA7450	86	14	1.4699357117413975e-05	1.4698950053571025e-05	1.0	162790.69767441862
chr3	53846423	53846499	RNA7451	76	33	1.6944717958033075e-05	0.0	1.0	434210.5263157895
chr3	53846455	53846530	RNA7452	75	27	1.3082892379585516e-05	0.0	1.0	360000.0
chr3	53846465	53846557	RNA7453	92	28	1.3664928441617771e-05	1.4703749911859632e-05	1.0	304347.82608695654
chr3	57620387	57620479	RNA7454	92	21	2.801394328430117e-05	1.470200004405342e-05	1.0	228260.86956521738
chr3	57620472	57620547	RNA7455	75	14	0.0714369690858153	1.4696800008096034e-05	0.9285714285714286	186666.6666666667
chr3	57624111	57624187	RNA7456	76	14	2.740347131941899e-05	7.365949841187102e-06	1.0	184210.52631578947
chr3	66553588	66553707	RNA7457	119	26	0.0003064715097724907	0.0	1.0	218487.3949579832
chr3	70527784	70527903	RNA7458	119	25	0.014284788510885842	1.4704999557579868e-05	0.96	210084.03361344538
chr3	70938605	70938724	RNA7459	119	23	1.3423013273416512e-05	1.4700300198455809e-05	1.0	193277.31092436975
chr3	70947050	70947169	RNA7460	119	21	1.2598547549538862e-05	0.0	1.0	176470.58823529413
chr3	70949474	70949593	RNA7461	119	33	0.0303520707155423	1.4699799976369832e-05	0.9696969696969697	277310.9243697479
chr3	71762169	71762288	RNA7462	119	23	2.108840857070062e-05	1.4697199731017465e-05	1.0	193277.31092436975
chr3	71764811	71764930	RNA7463	119	5	1.1798560080933386e-05	0.0	1.0	42016.80672268908
chr3	71767790	71767909	RNA7464	119	0				0.0
chr3	72572046	72572165	RNA7465	119	23	4.473439097953657e-06	0.0	1.0	193277.31092436975
chr3	75900238	75900357	RNA7466	117	27	2.227816252410654e-05	0.0	1.0	230769.23076923078
chr3	80313158	80313269	RNA7467	111	20	0.05002352428496124	0.0	0.95	180180.18018018018
chr3	80429123	80429205	RNA7468	82	18	0.00012737600036416286	7.348200142587302e-06	1.0	219512.19512195123
chr3	82693901	82693989	RNA7469	88	14	5.250557153755965e-06	0.0	1.0	159090.9090909091
chr3	84137416	84137527	RNA7470	111	20	2.6619519985607358e-05	1.4775000181543874e-05	1.0	180180.18018018018
chr3	84460221	84460303	RNA7471	82	14	1.8907157352389602e-05	1.4703300166729605e-05	1.0	170731.7073170732
chr3	84484029	84484111	RNA7472	82	10	0.02656888378214716	0.0	0.9	121951.21951219512
chr3	84487097	84487179	RNA7473	82	24	0.011092356873443043	7.351649855991127e-06	0.9583333333333334	292682.9268292683
chr3	84489312	84489423	RNA7474	111	28	2.364557482386276e-05	0.0	1.0	252252.25225225222
chr3	84495874	84495956	RNA7475	82	14	3.1542643098094103e-06	0.0	1.0	170731.7073170732
chr3	84497014	84497125	RNA7476	111	23	1.1519352285726342e-05	0.0	1.0	207207.2072072072
chr3	84497116	84497227	RNA7477	110	26	3.9237069149047386e-05	1.4718249985889997e-05	1.0	236363.63636363635
chr3	86074649	86074731	RNA7478	82	15	1.667879969317993e-05	0.0	1.0	182926.82926829267
chr3	86075970	86076081	RNA7479	111	30	2.2052239880089457e-05	1.4698100130772218e-05	1.0	270270.2702702703
chr3	86079244	86079326	RNA7480	82	18	0.00015678500156151884	0.0	1.0	219512.19512195123
chr3	86079244	86079355	RNA7481	111	23	0.00026842591879633977	1.4699799976369832e-05	1.0	207207.2072072072
chr3	86082864	86082975	RNA7482	111	25	0.00533185220097948	1.4699799976369832e-05	0.96	225225.22522522524
chr3	86086157	86086268	RNA7483	111	26	3.7318689220011545e-05	0.0	1.0	234234.23423423423
chr3	86086947	86087029	RNA7484	82	24	1.899394590054347e-05	0.0	1.0	292682.9268292683
chr3	86272686	86272774	RNA7485	88	13	6.825223093843446e-06	0.0	1.0	147727.27272727274
chr3	86367906	86367988	RNA7486	82	20	1.2495979990490014e-05	1.4700900010211626e-05	1.0	243902.43902439025
chr3	87165061	87165149	RNA7487	88	17	0.0588347841942724	0.0	0.9411764705882353	193181.81818181818
chr3	87202259	87202347	RNA7488	88	25	0.0001269923358995522	1.470159986638464e-05	1.0	284090.9090909091
chr3	87209007	87209095	RNA7489	88	19	0.0012604933028437838	0.0	1.0	215909.0909090909
chr3	87256244	87256332	RNA7490	88	27	2.014736680764218e-05	1.4701099644298664e-05	1.0	306818.1818181818
chr3	87256910	87256998	RNA7491	88	23	3.5833922004746653e-05	0.0	1.0	261363.63636363635
chr3	87315411	87315499	RNA7492	88	19	0.022852743132285757	0.0	0.9473684210526315	215909.0909090909
chr3	88220339	88220427	RNA7493	88	18	1.796676143486056e-05	1.4698749964736635e-05	1.0	204545.45454545456
chr3	90034270	90034381	RNA7494	111	26	1.5265000106760104e-05	7.348849976551719e-06	1.0	234234.23423423423
chr3	90343376	90343458	RNA7495	82	0				0.0
chr3	91567886	91567974	RNA7496	0	0				
chr3	111977498	111977588	RNA7497	90	19	1.4702652582566153e-05	0.0	1.0	211111.11111111112
chr3	115618587	115618677	RNA7498	85	17	1.9756494379287367e-05	0.0	1.0	200000.0
chr3	115618601	115618691	RNA7499	80	18	4.040046709026585e-05	7.990300218807533e-06	1.0	225000.0
chr3	115619833	115619923	RNA7500	90	16	1.2862518929068756e-05	7.349250154220499e-06	1.0	177777.77777777778
chr3	115620971	115621061	RNA7501	90	15	2.0580673056728365e-05	1.4698999621032272e-05	1.0	166666.66666666666
chr3	117139917	117140007	RNA7502	90	17	1.5563482092521038e-05	0.0	1.0	188888.88888888888
chr3	117141178	117141268	RNA7503	90	23	1.342387828196024e-05	0.0	1.0	255555.55555555553
chr3	117146727	117146817	RNA7504	90	0				0.0
chr3	117671805	117671895	RNA7505	90	19	0.052643187057870626	1.47024002217222e-05	0.9473684210526315	211111.11111111112
chr3	119425762	119425867	RNA7506	105	17	3.0309217917792803e-05	0.0	1.0	161904.76190476192
chr3	121835087	121835177	RNA7507	90	26	5.653230730856124e-06	0.0	1.0	288888.8888888889
chr3	123449256	123449361	RNA7508	105	48	1.1341345839353988e-05	0.0	1.0	457142.8571428571
chr3	124032942	124033047	RNA7509	105	34	5.6284793840057e-06	0.0	1.0	323809.52380952385
chr3	124032962	124033067	RNA7510	105	33	6.6911181255074386e-06	0.0	1.0	314285.71428571426
chr3	124032982	124033087	RNA7511	105	32	5.060468708961707e-06	0.0	1.0	304761.9047619048
chr3	124752682	124752820	RNA7512	138	38	5.575808915492728e-05	1.470200004405342e-05	1.0	275362.3188405797
chr3	124752692	124752797	RNA7513	105	32	5.7939468575787934e-05	1.4706100046169013e-05	1.0	304761.9047619048
chr3	124752706	124752811	RNA7514	105	28	6.464161411452785e-05	1.4706100046169013e-05	1.0	266666.6666666667
chr3	124752798	124752903	RNA7515	105	26	0.0826447846220617	1.4697699953103438e-05	0.8461538461538461	247619.04761904763
chr3	125393007	125393112	RNA7516	105	18	0.055565390050105634	0.0	0.9444444444444444	171428.57142857142
chr3	127278585	127278656	RNA7517	71	10	1.029188006214099e-05	7.350150099227904e-06	1.0	140845.0704225352
chr3	127280518	127280589	RNA7518	71	15	9.799719919101335e-06	0.0	1.0	211267.6056338028
chr3	128412846	128412984	RNA7519	138	31	0.031378315132579084	2.940140075224917e-05	0.967741935483871	224637.6811594203
chr3	129306248	129306386	RNA7520	138	24	0.0010787130873571413	7.349699899350526e-06	1.0	173913.04347826086
chr3	129367753	129367858	RNA7521	105	21	8.399942869021157e-06	0.0	1.0	200000.0
chr3	129377961	129378099	RNA7522	138	28	0.002490503715534936	7.349499810516136e-06	0.9642857142857143	202898.5507246377
chr3	129380687	129380825	RNA7523	138	29	2.280735175033766e-05	1.4694600395159796e-05	1.0	210144.92753623187
chr3	129400089	129400227	RNA7524	131	61	0.017701406106768486	1.472100029786816e-05	0.9672131147540983	465648.85496183205
chr3	129400156	129400294	RNA7525	138	64	0.0008876216155186944	0.0	0.984375	463768.115942029
chr3	129527822	129527960	RNA7526	138	31	0.027373614963101818	0.0	0.967741935483871	224637.6811594203
chr3	130331078	130331216	RNA7527	138	31	1.186267746238774e-05	0.0	1.0	224637.6811594203
chr3	131394971	131395042	RNA7528	71	14	1.792450010335161e-05	0.0	1.0	197183.0985915493
chr3	131395453	131395524	RNA7529	0	3	7.419716591051428e-05	4.551250094664283e-05	1.0	
chr3	131452813	131452884	RNA7530	71	9	8.005662534236073e-05	1.4699799976369832e-05	1.0	126760.56338028169
chr3	131452866	131452937	RNA7531	71	9	6.86057343652037e-05	1.4699799976369832e-05	1.0	126760.56338028169
chr3	131453580	131453651	RNA7532	71	17	5.276965459736671e-05	1.4705899957334624e-05	1.0	239436.61971830984
chr3	131454107	131454178	RNA7533	71	17	3.893453017285552e-05	0.0	1.0	239436.61971830984
chr3	131454145	131454216	RNA7534	71	22	3.142270964995709e-05	0.0	1.0	309859.15492957743
chr3	131454341	131454412	RNA7535	71	16	1.2865480982782174e-05	0.0	1.0	225352.11267605633
chr3	132286214	132286285	RNA7536	71	15	0.05366775235415844	1.4696400285174605e-05	0.9333333333333333	211267.6056338028
chr3	132286816	132286887	RNA7537	71	10	0.18048381015996712	0.0	0.8	140845.0704225352
chr3	132287962	132288033	RNA7538	71	17	0.021469469678991382	0.0	0.9411764705882353	239436.61971830984
chr3	132288579	132288650	RNA7539	71	10	1.0288500016031321e-05	0.0	1.0	140845.0704225352
chr3	132289733	132289804	RNA7540	71	16	5.512031236776238e-06	0.0	1.0	225352.11267605633
chr3	132368824	132368895	RNA7541	71	14	2.2054378600186015e-05	0.0	1.0	197183.0985915493
chr3	133038289	133038360	RNA7542	71	32	1.5615721906667683e-05	1.4695749996462837e-05	1.0	450704.22535211267
chr3	133038312	133038383	RNA7543	71	32	1.3778974988551934e-05	0.0	1.0	450704.22535211267
chr3	134387577	134387715	RNA7544	138	15	0.02508872534217516	0.0	0.9333333333333333	108695.65217391304
chr3	137220688	137220759	RNA7545	71	16	0.0011543763384906868	7.349250154220499e-06	1.0	225352.11267605633
chr3	137222480	137222551	RNA7546	71	8	7.359549954344402e-06	7.352949978667312e-06	1.0	112676.05633802817
chr3	143851058	143851139	RNA7547	81	21	2.030112396563969e-05	0.0	1.0	259259.25925925924
chr3	147528890	147528971	RNA7548	81	15	2.9401400145919372e-06	0.0	1.0	185185.18518518517
chr3	148016781	148016862	RNA7549	81	22	1.0037304574242709e-05	7.35769981474732e-06	1.0	271604.93827160494
chr3	148022584	148022665	RNA7550	81	12	5.637195863528094e-05	1.4701150121254614e-05	1.0	148148.14814814815
chr3	148023298	148023379	RNA7551	81	8	6.613762525375e-05	0.0	1.0	98765.43209876542
chr3	148961687	148961768	RNA7552	81	15	2.1556120191235096e-05	1.4696400285174605e-05	1.0	185185.18518518517
chr3	148962812	148962893	RNA7553	81	18	1.4696983119692696e-05	0.0	1.0	222222.22222222222
chr3	148964509	148964590	RNA7554	81	19	1.6245915982209164e-05	1.4696400285174605e-05	1.0	234567.9012345679
chr3	149514066	149514147	RNA7555	81	9	2.953635642672994e-05	1.4734099750057794e-05	1.0	111111.11111111111
chr3	152806847	152806928	RNA7556	81	21	0.04756157897095581	0.0	0.9523809523809523	259259.25925925924
chr3	166655493	166655588	RNA7557	95	25	0.0002809357500154838	0.0	1.0	263157.8947368421
chr3	169906829	169906924	RNA7558	95	16	0.05308719154618302	0.0	0.9375	168421.05263157893
chr3	170908645	170908740	RNA7559	95	29	1.3781886113501593e-05	1.469509970775107e-05	1.0	305263.15789473685
chr3	170908645	170908740	RNA7560	95	29	1.3781886113501593e-05	1.469509970775107e-05	1.0	305263.15789473685
chr3	170908646	170908741	RNA7561	95	28	1.374903919375577e-05	1.469509970775107e-05	1.0	294736.84210526315
chr3	171473514	171473609	RNA7562	95	25	0.04001881504394987	1.4698999621032272e-05	0.96	263157.8947368421
chr3	171478337	171478432	RNA7563	95	30	6.0296222272880874e-05	0.0	1.0	315789.4736842105
chr3	171480636	171480731	RNA7564	95	16	1.5657593451122543e-05	1.4697250207973411e-05	1.0	168421.05263157893
chr3	172035357	172035452	RNA7565	95	11	1.069074576000937e-05	0.0	1.0	115789.47368421052
chr3	175919998	175920093	RNA7566	95	24	0.047661949718569	0.0	0.9166666666666666	252631.57894736843
chr3	179079238	179079370	RNA7567	132	21	0.04401857829400667	1.4722800187882967e-05	0.9523809523809523	159090.9090909091
chr3	179085832	179085963	RNA7568	131	19	2.0112242102759373e-05	1.469509970775107e-05	1.0	145038.1679389313
chr3	179285534	179285618	RNA7569	84	14	1.3665142887474704e-05	7.348599865508732e-06	1.0	166666.66666666666
chr3	179339865	179339940	RNA7570	75	10	0.015977537156322785	7.3512001108611e-06	0.9	133333.33333333334
chr3	180983059	180983129	RNA7571	70	14	2.1017478177649548e-05	0.0	1.0	200000.0
chr3	181858654	181858790	RNA7572	136	19	1.2384694568218516e-05	1.4699799976369832e-05	1.0	139705.88235294117
chr3	181860670	181860794	RNA7573	124	29	2.6361572242323114e-05	1.4699399798701052e-05	1.0	233870.96774193548
chr3	181861490	181861624	RNA7574	134	24	1.6539887307468493e-05	0.0	1.0	179104.4776119403
chr3	182440281	182440412	RNA7575	131	34	1.5137932169796682e-05	0.0	1.0	259541.9847328244
chr3	182440350	182440482	RNA7576	132	29	8.114410304877875e-06	0.0	1.0	219696.9696969697
chr3	183177357	183177441	RNA7577	84	16	0.06251749179358512	1.4734949672856601e-05	0.9375	190476.19047619047
chr3	183429419	183429550	RNA7578	131	12	1.3479524947494307e-05	1.4701550298923394e-05	1.0	91603.0534351145
chr3	183429653	183429785	RNA7579	132	0				0.0
chr3	183434702	183434833	RNA7580	131	25	0.01735216350003611	0.0	0.92	190839.69465648857
chr3	183437715	183437790	RNA7581	75	11	4.275787391220095e-05	1.4698500308440998e-05	1.0	146666.66666666666
chr3	183440249	183440380	RNA7582	129	22	0.04561834749748331	0.0	0.9545454545454546	170542.63565891472
chr3	183441987	183442119	RNA7583	132	24	0.041660830550047954	1.4711750282003777e-05	0.9583333333333334	181818.18181818182
chr3	183443728	183443860	RNA7584	132	25	0.028536826230665606	1.4703699889651034e-05	0.96	189393.9393939394
chr3	183458027	183458159	RNA7585	132	19	1.702676289776101e-05	1.4697199731017465e-05	1.0	143939.39393939395
chr3	183458269	183458400	RNA7586	124	23	0.000694059334463135	1.4712400115968194e-05	1.0	185483.87096774194
chr3	183459691	183459822	RNA7587	131	16	7.348595613620418e-05	0.0	1.0	122137.40458015267
chr3	183473613	183473745	RNA7588	132	20	2.867155553757694e-05	0.0	1.0	151515.15151515152
chr3	183556035	183556166	RNA7589	131	24	9.922975762794436e-05	7.349499810516136e-06	1.0	183206.106870229
chr3	183556988	183557120	RNA7590	132	38	4.7195653726363845e-05	0.0	1.0	287878.7878787879
chr3	183685012	183685082	RNA7591	70	8	1.9050975424761418e-05	1.5253750461852178e-05	1.0	114285.71428571428
chr3	184067737	184067821	RNA7592	84	0				0.0
chr3	184218894	184218978	RNA7593	84	0				0.0
chr3	184224840	184224915	RNA7594	75	19	6.734274158684089e-05	1.4702900443808176e-05	1.0	253333.33333333334
chr3	184224857	184224941	RNA7595	84	19	3.714735205568463e-05	1.4699799976369832e-05	1.0	226190.47619047618
chr3	184249555	184249639	RNA7596	84	21	2.2405343077562138e-05	1.47024002217222e-05	1.0	250000.0
chr3	184249567	184249651	RNA7597	84	21	1.9604143051847204e-05	1.4698100130772218e-05	1.0	250000.0
chr3	184309171	184309246	RNA7598	75	12	0.00010415324603248097	1.470220013288781e-05	1.0	160000.0
chr3	184310626	184310701	RNA7599	75	12	0.10391285052848313	1.4714949884364614e-05	0.8333333333333334	160000.0
chr3	184335729	184335804	RNA7600	75	20	1.4699100029247348e-05	1.4697250207973411e-05	1.0	266666.6666666667
chr3	184335815	184335890	RNA7601	75	21	1.3298495364972788e-05	0.0	1.0	280000.0
chr3	184335823	184335907	RNA7602	84	26	1.2437011614214681e-05	0.0	1.0	309523.8095238095
chr3	184399710	184399785	RNA7603	75	9	4.907066593457583e-06	0.0	1.0	120000.0
chr3	184465962	184466094	RNA7604	132	21	4.40975429574717e-05	1.469509970775107e-05	1.0	159090.9090909091
chr3	184474658	184474789	RNA7605	131	25	1.1211320015717993e-05	0.0	1.0	190839.69465648857
chr3	184557482	184557552	RNA7606	70	14	0.07117448686143948	7.351849944825517e-06	0.9285714285714286	200000.0
chr3	184620434	184620504	RNA7607	70	13	1.356701523036398e-05	0.0	1.0	185714.2857142857
chr3	184627498	184627568	RNA7608	70	11	1.336427282116016e-05	0.0	1.0	157142.85714285713
chr3	184663949	184664019	RNA7609	70	19	5.420636817258415e-06	0.0	1.0	271428.5714285714
chr3	184668613	184668683	RNA7610	70	14	0.07154617568221511	1.4700699921377236e-05	0.9285714285714286	200000.0
chr3	184781262	184781332	RNA7611	70	17	7.781958843492356e-06	0.0	1.0	242857.14285714284
chr3	185055259	185055346	RNA7612	87	13	0.02085745090565838	1.470159986638464e-05	0.9230769230769231	149425.28735632185
chr3	185162235	185162319	RNA7613	84	11	0.00024191364346651023	0.0	1.0	130952.38095238096
chr3	185162243	185162318	RNA7614	75	11	0.00024191364346651023	0.0	1.0	146666.66666666666
chr3	185580826	185580896	RNA7615	70	17	1.1249264710332842e-05	0.0	1.0	242857.14285714284
chr3	185839683	185839819	RNA7616	136	26	0.001937635310591406	1.47113000821264e-05	1.0	191176.47058823527
chr3	185839817	185839941	RNA7617	124	15	4.5092759683025926e-05	1.4717100384586956e-05	1.0	120967.74193548388
chr3	185842942	185843076	RNA7618	134	32	3.951782537114641e-05	0.0	1.0	238805.97014925373
chr3	186776751	186776887	RNA7619	135	29	0.018022148389059883	1.4942799680284224e-05	0.9655172413793104	214814.81481481483
chr3	186777910	186778046	RNA7620	136	34	0.0001237346559451751	0.0	1.0	250000.0
chr3	186778058	186778194	RNA7621	136	24	0.04166970892197241	0.0	0.9583333333333334	176470.58823529413
chr3	186778369	186778503	RNA7622	134	38	4.2941610660667054e-05	1.4699399798701052e-05	1.0	283582.0895522388
chr3	186778730	186778854	RNA7623	124	15	4.4167826854382813e-05	1.4704200111737007e-05	1.0	120967.74193548388
chr3	186778987	186779121	RNA7624	134	24	1.2252929271501975e-05	1.4700900010211626e-05	1.0	179104.4776119403
chr3	186779507	186779631	RNA7625	124	14	1.155297877630801e-05	0.0	1.0	112903.2258064516
chr3	186779770	186779894	RNA7626	124	32	1.2955234410583216e-05	7.35769981474732e-06	1.0	258064.51612903224
chr3	186780121	186780255	RNA7627	134	20	1.5438494938277273e-05	7.349499810516136e-06	1.0	149253.73134328358
chr3	186828749	186828885	RNA7628	132	26	0.0010390382838242904	0.0	1.0	196969.69696969696
chr3	186828955	186829079	RNA7629	124	25	0.0008778422293107665	0.0	1.0	201612.90322580643
chr3	186828964	186829098	RNA7630	134	22	0.0009955439969747716	7.347300197579898e-06	1.0	164179.10447761195
chr3	186831487	186831621	RNA7631	134	24	1.4698483369102178e-05	1.4698300219606608e-05	1.0	179104.4776119403
chr3	186833969	186834093	RNA7632	124	28	1.8901539338651655e-05	1.4699399798701052e-05	1.0	225806.4516129032
chr3	186835927	186836063	RNA7633	136	36	0.003535338740397894	0.0	0.9722222222222222	264705.8823529412
chr3	186886349	186886473	RNA7634	124	33	7.171390351493374e-05	0.0	1.0	266129.0322580645
chr3	186887055	186887189	RNA7635	134	0				0.0
chr3	186887457	186887593	RNA7636	136	0				0.0
chr3	187693654	187693778	RNA7637	124	20	5.2200455002091724e-05	0.0	1.0	161290.32258064515
chr3	187695466	187695600	RNA7638	134	33	0.018530846674724617	1.4696400285174605e-05	0.9696969696969697	246268.6567164179
chr3	187695784	187695920	RNA7639	136	22	0.05512394679825858	1.4696150174131617e-05	0.9090909090909091	161764.70588235295
chr3	188147773	188147904	RNA7640	131	20	0.0006447222710448824	0.0	1.0	152671.75572519086
chr3	188147960	188148092	RNA7641	132	24	0.0001800376897638866	7.348599865508732e-06	1.0	181818.18181818182
chr3	188894008	188894095	RNA7642	87	18	2.1251911119987942e-05	7.349050065386109e-06	1.0	206896.55172413794
chr3	188906614	188906689	RNA7643	75	17	0.00457538664661971	1.4697199731017465e-05	0.9411764705882353	226666.66666666666
chr3	188907452	188907536	RNA7644	62	14	0.23378804138051887	0.0	0.6428571428571429	225806.4516129032
chr3	189623443	189623530	RNA7645	87	12	0.033299217799594764	1.4698499853693647e-05	0.9166666666666666	137931.0344827586
chr3	189624371	189624458	RNA7646	87	19	0.015130747095674059	0.0	0.9473684210526315	218390.80459770115
chr3	189627978	189628048	RNA7647	70	8	0.0009114430342833557	1.4701349755341653e-05	1.0	114285.71428571428
chr3	189629302	189629389	RNA7648	87	22	0.0004030568754222315	1.4700500287290197e-05	1.0	252873.56321839083
chr3	189952791	189952878	RNA7649	87	22	1.3362559209116437e-05	7.348200142587302e-06	1.0	252873.56321839083
chr3	189953330	189953417	RNA7650	87	17	0.004591515634969888	0.0	0.9411764705882353	195402.29885057473
chr3	189954086	189954173	RNA7651	87	16	0.00030971649363209394	1.469764993089484e-05	1.0	183908.0459770115
chr3	190280045	190280119	RNA7652	71	8	0.035846498023033725	2.330544930373435e-05	0.875	112676.05633802817
chr3	190827505	190827592	RNA7653	87	18	0.0556004769552803	0.0	0.9444444444444444	206896.55172413794
chr3	191651815	191651939	RNA7654	124	29	0.007495686480132423	1.4696400285174605e-05	0.9655172413793104	233870.96774193548
chr3	191655213	191655347	RNA7655	134	24	7.984975013641815e-06	0.0	1.0	179104.4776119403
chr3	191656647	191656783	RNA7656	136	29	1.4226193029728541e-05	1.472670010116417e-05	1.0	213235.29411764705
chr3	194136002	194136076	RNA7657	74	23	0.0004839723807653224	0.0	1.0	310810.8108108108
chr3	194827377	194827464	RNA7658	87	14	4.304689231763131e-05	1.4697900041937828e-05	1.0	160919.54022988505
chr3	195040533	195040607	RNA7659	74	18	0.09506451812628963	1.4698950053571027e-05	0.8888888888888888	243243.24324324325
chr3	195054141	195054215	RNA7660	74	18	9.80680008271722e-06	1.4703300166729605e-05	1.0	243243.24324324325
chr3	195063914	195063988	RNA7661	74	13	0.12382485124908271	1.4698500308440998e-05	0.8461538461538461	175675.67567567568
chr3	195271336	195271410	RNA7662	74	24	0.04177446777809261	1.4698749964736635e-05	0.9583333333333334	324324.3243243243
chr3	195271953	195272027	RNA7663	74	12	2.9397291200434148e-05	1.469744984206045e-05	1.0	162162.16216216216
chr3	195274380	195274454	RNA7664	74	11	0.00010692796736706556	1.4710200048284603e-05	1.0	148648.64864864867
chr3	196118613	196118687	RNA7665	74	21	7.003204743904505e-06	0.0	1.0	283783.7837837838
chr4	958722	958846	RNA7666	124	48	5.819523003462026e-05	7.348399776674342e-06	1.0	387096.77419354836
chr4	1869414	1869538	RNA7667	124	37	1.2317899819282576e-05	0.0	1.0	298387.0967741936
chr4	1871072	1871196	RNA7668	124	0				0.0
chr4	1871241	1871365	RNA7669	124	0				0.0
chr4	1982210	1982334	RNA7670	124	36	0.00017887198237076217	7.348200142587302e-06	1.0	290322.58064516133
chr4	1982348	1982472	RNA7671	124	30	1.2248996699781856e-05	1.4696599919261644e-05	1.0	241935.48387096776
chr4	2070652	2070776	RNA7672	124	24	0.000129224965462523	1.4697250207973411e-05	1.0	193548.38709677418
chr4	2735025	2735115	RNA7673	90	30	9.119208125411658e-05	1.4714100416313158e-05	1.0	333333.3333333333
chr4	2963423	2963547	RNA7674	124	42	3.255710717417903e-05	0.0	1.0	338709.6774193548
chr4	3672798	3672895	RNA7675	97	14	0.06322131200061319	7.347549853875535e-06	0.9285714285714286	144329.8969072165
chr4	4335629	4335726	RNA7676	97	0				0.0
chr4	4336202	4336299	RNA7677	97	0				0.0
chr4	4336301	4336398	RNA7678	97	0				0.0
chr4	4823810	4823907	RNA7679	97	17	0.0008731143184644697	0.0	1.0	175257.7319587629
chr4	4826708	4826805	RNA7680	97	20	0.0020385106601224752	0.0	1.0	206185.56701030926
chr4	4826944	4827041	RNA7681	97	18	3.265766685621606e-06	0.0	1.0	185567.01030927835
chr4	5710899	5710996	RNA7682	97	18	8.983572267122023e-06	0.0	1.0	185567.01030927835
chr4	6565231	6565321	RNA7683	90	14	6.298378593783127e-06	0.0	1.0	155555.55555555556
chr4	6907732	6907856	RNA7684	124	29	0.052725033078880594	1.4697199731017465e-05	0.9310344827586207	233870.96774193548
chr4	7178210	7178300	RNA7685	90	21	0.0004536787905852238	0.0	1.0	233333.33333333334
chr4	7181029	7181119	RNA7686	90	21	0.002121908254594014	1.4698100130772218e-05	1.0	233333.33333333334
chr4	7183970	7184060	RNA7687	90	22	0.014618888463659946	1.469744984206045e-05	0.9545454545454546	244444.44444444444
chr4	7743856	7743946	RNA7688	90	15	5.891019948952211e-06	0.0	1.0	166666.66666666666
chr4	7747578	7747668	RNA7689	90	26	0.00025616543458593363	1.470179995521903e-05	1.0	288888.8888888889
chr4	7747899	7747989	RNA7690	88	22	0.006309014491803694	0.0	0.9545454545454546	250000.0
chr4	8518391	8518481	RNA7691	90	22	0.0032410185387396428	0.0	0.9545454545454546	244444.44444444444
chr4	9532037	9532134	RNA7692	97	0				0.0
chr4	12184919	12185009	RNA7693	90	17	0.058820931758525735	1.4699799976369832e-05	0.9411764705882353	188888.88888888888
chr4	13540674	13540810	RNA7694	136	27	8.71088141812598e-06	0.0	1.0	198529.41176470587
chr4	16156113	16156249	RNA7695	136	23	0.03769775865424415	1.4697699953103438e-05	0.9565217391304348	169117.64705882355
chr4	17206789	17206925	RNA7696	136	25	0.004958227855713628	0.0	0.96	183823.52941176473
chr4	17291274	17291410	RNA7697	136	20	0.015265155480983594	1.469764993089484e-05	0.95	147058.82352941178
chr4	17298091	17298227	RNA7698	136	29	0.0008617079508032195	1.4696799553348685e-05	1.0	213235.29411764705
chr4	17409917	17410053	RNA7699	136	24	9.191779137533255e-06	0.0	1.0	176470.58823529413
chr4	17410896	17411032	RNA7700	136	41	0.02742843317166883	1.4696799553348685e-05	0.9512195121951219	301470.5882352941
chr4	17421994	17422130	RNA7701	136	23	1.8533700352667113e-05	0.0	1.0	169117.64705882355
chr4	18160989	18161125	RNA7702	102	29	0.03349997912927987	1.5861400243011303e-05	0.9655172413793104	284313.7254901961
chr4	20695870	20696006	RNA7703	136	23	0.0002857004831679109	1.4696400285174605e-05	1.0	169117.64705882355
chr4	48040569	48040690	RNA7704	119	14	2.0997928394146063e-06	0.0	1.0	117647.05882352941
chr4	51111190	51111311	RNA7705	0	0				
chr4	52581552	52581673	RNA7706	121	25	0.04002351660419663	1.4698100130772218e-05	0.96	206611.57024793388
chr4	52705828	52705949	RNA7707	121	34	1.1241132463454657e-05	0.0	1.0	280991.7355371901
chr4	52708342	52708463	RNA7708	121	17	7.78272362153717e-06	0.0	1.0	140495.86776859505
chr4	52868909	52869030	RNA7709	121	22	8.017381829135543e-06	0.0	1.0	181818.18181818182
chr4	52869044	52869165	RNA7710	121	17	0.001886324685127705	0.0	1.0	140495.86776859505
chr4	52871809	52871930	RNA7711	119	23	0.00021294162224480407	0.0	1.0	193277.31092436975
chr4	53371857	53371978	RNA7712	121	18	1.551461117641237e-05	0.0	1.0	148760.3305785124
chr4	57500776	57500897	RNA7713	121	21	0.04181108562928178	1.4698500308440998e-05	0.9523809523809523	173553.71900826448
chr4	77823497	77823590	RNA7714	93	13	7.91685390420473e-06	0.0	1.0	139784.94623655913
chr4	77984364	77984439	RNA7715	75	0				0.0
chr4	77984366	77984451	RNA7716	85	0				0.0
chr4	82044720	82044795	RNA7717	75	19	0.05263699542104548	0.0	0.9473684210526315	253333.33333333334
chr4	82045062	82045155	RNA7718	93	17	0.01051208616215316	0.0	0.9411764705882353	182795.6989247312
chr4	82045194	82045279	RNA7719	85	10	4.4139799683762255e-06	0.0	1.0	117647.05882352941
chr4	82628691	82628784	RNA7720	93	13	0.051963883297713225	1.469590006308863e-05	0.9230769230769231	139784.94623655913
chr4	82628750	82628843	RNA7721	93	12	1.2248058358939792e-05	1.4696599919261644e-05	1.0	129032.25806451612
chr4	82628772	82628865	RNA7722	93	13	9.044453830798515e-06	0.0	1.0	139784.94623655913
chr4	82817977	82818070	RNA7723	92	14	9.569143471057947e-05	7.354649824264925e-06	1.0	152173.91304347827
chr4	82817990	82818075	RNA7724	84	12	0.00011164000716234271	1.4952049696148606e-05	1.0	142857.14285714284
chr4	82818021	82818096	RNA7725	74	8	2.9668599722751743e-05	1.4717099929839605e-05	1.0	108108.10810810812
chr4	82818071	82818146	RNA7726	75	12	5.060005014455917e-05	1.4895599633746316e-05	1.0	160000.0
chr4	82818237	82818322	RNA7727	85	14	9.460171440878185e-06	1.4702899989060825e-05	1.0	164705.88235294117
chr4	82818267	82818360	RNA7728	93	21	0.002341958660725223	1.4704200111737007e-05	1.0	225806.4516129032
chr4	82818301	82818376	RNA7729	75	18	0.002729012943038667	7.348200142587302e-06	1.0	240000.0
chr4	82818404	82818497	RNA7730	93	18	0.055562088744459795	7.348399776674342e-06	0.9444444444444444	193548.38709677418
chr4	82818412	82818497	RNA7731	85	15	0.06667156655336536	0.0	0.9333333333333333	176470.58823529413
chr4	83014008	83014093	RNA7732	85	15	2.3514673375752967e-05	1.4696799553348685e-05	1.0	176470.58823529413
chr4	83015136	83015211	RNA7733	75	14	1.680123555810069e-05	0.0	1.0	186666.6666666667
chr4	83015270	83015345	RNA7734	75	17	2.5946764628101577e-06	0.0	1.0	226666.66666666666
chr4	83015502	83015587	RNA7735	85	17	3.263451735084554e-05	1.5010999959486073e-05	1.0	200000.0
chr4	83016685	83016770	RNA7736	85	0				0.0
chr4	83027915	83027990	RNA7737	75	0				0.0
chr4	83606397	83606482	RNA7738	83	10	0.040212628598419536	1.9701649762282614e-05	0.9	120481.92771084337
chr4	83611190	83611283	RNA7739	93	18	0.03317642461560252	0.0	0.9444444444444444	193548.38709677418
chr4	83614307	83614382	RNA7740	75	12	0.049811296437534715	2.2055600311432496e-05	0.9166666666666666	160000.0
chr4	87418762	87418855	RNA7741	93	19	0.019971997522876136	1.471539962949464e-05	0.9473684210526315	204301.07526881722
chr4	87891075	87891150	RNA7742	75	8	7.350624969149067e-06	7.349499810516136e-06	1.0	106666.66666666667
chr4	87891304	87891389	RNA7743	85	8	0.040373874033662105	1.4698349787067855e-05	0.875	94117.64705882352
chr4	95552716	95552836	RNA7744	120	28	0.002523198357169213	1.4700900010211626e-05	0.9642857142857143	233333.33333333334
chr4	99406825	99406945	RNA7745	120	27	0.03703758306666579	0.0	0.9629629629629629	225000.0
chr4	100257150	100257270	RNA7746	120	21	8.400004844588693e-06	0.0	1.0	175000.0
chr4	100269744	100269864	RNA7747	120	17	7.783635363225853e-06	0.0	1.0	141666.66666666666
chr4	100273312	100273432	RNA7748	120	26	1.9796615316193957e-05	0.0	1.0	216666.6666666667
chr4	100946037	100946157	RNA7749	120	22	0.04548056742694164	1.4705399735248648e-05	0.9090909090909091	183333.3333333333
chr4	100947939	100948059	RNA7750	120	31	0.02820443874779519	1.4698500308440998e-05	0.967741935483871	258333.33333333337
chr4	100956169	100956289	RNA7751	120	22	4.34247454408721e-05	0.0	1.0	183333.3333333333
chr4	101395328	101395448	RNA7752	120	33	0.03015600716034069	0.0	0.9696969696969697	275000.0
chr4	105368291	105368411	RNA7753	120	17	1.1243564800037455e-05	0.0	1.0	141666.66666666666
chr4	113387164	113387294	RNA7754	130	16	4.5930499936730484e-06	0.0	1.0	123076.92307692308
chr4	116606996	116607126	RNA7755	130	20	0.006006056810019789	7.351450221904088e-06	0.95	153846.15384615384
chr4	118268025	118268155	RNA7756	130	35	0.0020032903180046	1.4704200111737007e-05	0.9714285714285714	269230.7692307692
chr4	118271078	118271208	RNA7757	130	22	2.5392827286516117e-05	1.4701150121254614e-05	1.0	169230.76923076925
chr4	118276280	118276410	RNA7758	130	23	0.00013868934314339673	1.4698100130772218e-05	1.0	176923.07692307694
chr4	118354562	118354692	RNA7759	130	15	8.821106591009691e-06	0.0	1.0	115384.61538461539
chr4	118360602	118360732	RNA7760	130	35	7.733378871696809e-05	0.0	1.0	269230.7692307692
chr4	118370553	118370683	RNA7761	130	29	0.00148295734313784	0.0	1.0	223076.9230769231
chr4	119295746	119295876	RNA7762	130	23	3.3878783102881e-05	1.4699799976369832e-05	1.0	176923.07692307694
chr4	122459395	122459525	RNA7763	130	31	2.4662906687276232e-05	1.4699399798701052e-05	1.0	238461.53846153847
chr4	146122064	146122138	RNA7764	74	19	0.00010529595908194068	1.47024002217222e-05	1.0	256756.75675675675
chr4	150078293	150078367	RNA7765	74	28	0.035803071745119396	0.0	0.9642857142857143	378378.3783783784
chr4	151015754	151015828	RNA7766	74	38	6.909192124064133e-05	1.4729700069437968e-05	1.0	513513.5135135135
chr4	151088290	151088364	RNA7767	74	12	1.1027216411700161e-05	0.0	1.0	162162.16216216216
chr4	151090737	151090811	RNA7768	74	14	0.00016404685051643318	0.0	1.0	189189.1891891892
chr4	151769593	151769667	RNA7769	74	18	0.020594132050165265	0.0	0.9444444444444444	243243.24324324325
chr4	151775864	151775938	RNA7770	74	8	4.962932530360501e-05	7.351849944825517e-06	1.0	108108.10810810812
chr4	151784909	151784983	RNA7771	74	24	4.961499458506991e-05	1.4698100130772218e-05	1.0	324324.3243243243
chr4	152090004	152090078	RNA7772	74	12	0.024218557568019602	1.4699199709866662e-05	0.9166666666666666	162162.16216216216
chr4	156101757	156101831	RNA7773	74	15	1.8623246432980523e-05	1.4698999621032272e-05	1.0	202702.70270270272
chr4	177304784	177304869	RNA7774	85	19	1.9352042105119356e-05	1.4698500308440998e-05	1.0	223529.4117647059
chr4	179896638	179896723	RNA7775	85	24	1.5315679092964274e-05	0.0	1.0	282352.9411764706
chr4	179905671	179905756	RNA7776	85	27	0.007518666129288718	0.0	0.9629629629629629	317647.0588235294
chr4	179905885	179905970	RNA7777	85	19	0.0004450447607891148	0.0	1.0	223529.4117647059
chr4	179907491	179907576	RNA7778	85	26	0.049515540277717755	0.0	0.9230769230769231	305882.3529411765
chr4	182822406	182822491	RNA7779	85	13	0.013539300351602335	1.4700700376124589e-05	0.9230769230769231	152941.17647058825
chr4	182822556	182822641	RNA7780	85	18	0.0020771178558586802	1.4696149719384266e-05	1.0	211764.70588235295
chr4	182825553	182825638	RNA7781	85	15	7.843366680996648e-06	0.0	1.0	176470.58823529413
chr4	183043470	183043555	RNA7782	85	16	2.4815924859919354e-05	1.470200004405342e-05	1.0	188235.29411764705
chr4	187132822	187132907	RNA7783	85	17	2.334435275235231e-05	0.0	1.0	200000.0
chr5	3595755	3595829	RNA7784	73	17	1.1245405884812285e-05	1.4770200323255269e-05	1.0	232876.7123287671
chr5	5490313	5490400	RNA7785	87	21	1.5399080785707492e-05	1.4696400285174605e-05	1.0	241379.3103448276
chr5	5490342	5490450	RNA7786	108	23	1.4699604197745301e-05	0.0	1.0	212962.96296296298
chr5	7395054	7395128	RNA7787	74	23	1.2145087092231615e-05	0.0	1.0	310810.8108108108
chr5	7940458	7940532	RNA7788	74	16	1.653353126584853e-05	1.4695749996462837e-05	1.0	216216.21621621624
chr5	7942431	7942505	RNA7789	74	12	1.469820820905928e-05	7.349050065386109e-06	1.0	162162.16216216216
chr5	7969781	7969855	RNA7790	74	10	1.7639649377087268e-05	0.0	1.0	135135.13513513515
chr5	8510565	8510639	RNA7791	74	21	3.1498252307448286e-05	0.0	1.0	283783.7837837838
chr5	8510572	8510646	RNA7792	74	16	3.950414361497075e-05	0.0	1.0	216216.21621621624
chr5	8519993	8520067	RNA7793	74	11	0.00273408964899731	1.4697699953103438e-05	1.0	148648.64864864867
chr5	8520411	8520498	RNA7794	87	13	0.0029945993441148062	0.0	1.0	149425.28735632185
chr5	9546075	9546162	RNA7795	86	0				0.0
chr5	9546078	9546165	RNA7796	85	0				0.0
chr5	9546078	9546165	RNA7797	85	0				0.0
chr5	9546083	9546167	RNA7798	82	0				0.0
chr5	9546091	9546165	RNA7799	72	0				0.0
chr5	9556588	9556675	RNA7800	87	16	1.4698775146368283e-05	7.348200142587302e-06	1.0	183908.0459770115
chr5	9559895	9560003	RNA7801	108	22	0.006033098738664023	1.4698100130772218e-05	0.9545454545454546	203703.70370370368
chr5	9566007	9566094	RNA7802	87	18	4.900061210517177e-06	0.0	1.0	206896.55172413794
chr5	9610569	9610656	RNA7803	87	12	0.00012616422456326624	1.469724975322606e-05	1.0	137931.0344827586
chr5	10224008	10224112	RNA7804	104	18	5.715205487730499e-06	0.0	1.0	173076.92307692306
chr5	10314881	10314989	RNA7805	108	17	2.5942000052852938e-05	0.0	1.0	157407.40740740742
chr5	10476398	10476506	RNA7806	108	24	0.09669675715819419	1.4695250229124213e-05	0.8333333333333334	222222.22222222222
chr5	10477551	10477659	RNA7807	108	13	6.784907712314564e-06	0.0	1.0	120370.37037037036
chr5	10479166	10479274	RNA7808	108	15	4.899539999314584e-06	0.0	1.0	138888.8888888889
chr5	10485618	10485726	RNA7809	108	14	0.0001963508726216083	1.4699399798701052e-05	1.0	129629.62962962962
chr5	10560817	10560925	RNA7810	108	17	1.297181156320114e-05	0.0	1.0	157407.40740740742
chr5	10562412	10562499	RNA7811	87	17	6.052188195206006e-06	0.0	1.0	195402.29885057473
chr5	11904749	11904857	RNA7812	108	32	1.3326515869492457e-05	0.0	1.0	296296.2962962963
chr5	12349698	12349772	RNA7813	74	19	0.06255457347953397	0.0	0.8947368421052632	256756.75675675675
chr5	14077899	14077983	RNA7814	84	26	0.04524067750116955	0.0	0.9230769230769231	309523.8095238095
chr5	14086398	14086502	RNA7815	104	19	2.475797325467617e-05	1.4699399798701052e-05	1.0	182692.3076923077
chr5	14123760	14123847	RNA7816	87	19	3.481059962052921e-05	1.4697199731017465e-05	1.0	218390.80459770115
chr5	14131762	14131846	RNA7817	84	22	0.05514278115250901	2.2141899989946978e-05	0.9090909090909091	261904.76190476192
chr5	14133066	14133150	RNA7818	84	10	1.3228760235506342e-05	1.4696799553348685e-05	1.0	119047.61904761904
chr5	14140529	14140613	RNA7819	84	18	0.00018374005008404135	1.469569997425424e-05	1.0	214285.71428571426
chr5	14618831	14618915	RNA7820	84	17	8.647347171705298e-06	1.4696400285174605e-05	1.0	202380.9523809524
chr5	14618929	14619013	RNA7821	84	20	1.6167944886542872e-05	0.0	1.0	238095.23809523808
chr5	14619613	14619717	RNA7822	104	23	1.3420773899744507e-05	0.0	1.0	221153.84615384616
chr5	14619809	14619893	RNA7823	84	26	0.03519479744503629	1.469590006308863e-05	0.9615384615384616	309523.8095238095
chr5	14630257	14630361	RNA7824	104	22	1.2696959278070029e-05	0.0	1.0	211538.46153846153
chr5	14631280	14631384	RNA7825	104	26	1.6394661368109684e-05	0.0	1.0	250000.0
chr5	14700007	14700111	RNA7826	104	18	1.6329811185439918e-05	1.4696400285174605e-05	1.0	173076.92307692306
chr5	14700920	14701024	RNA7827	104	17	0.00015563750018960547	0.0	1.0	163461.53846153847
chr5	14704439	14704543	RNA7828	104	21	0.0004416833103927513	0.0	1.0	201923.07692307694
chr5	15110971	15111079	RNA7829	108	19	0.0533411388738195	1.4696799553348685e-05	0.9473684210526315	175925.92592592593
chr5	15498109	15498193	RNA7830	84	17	7.781170525584671e-06	0.0	1.0	202380.9523809524
chr5	15499497	15499601	RNA7831	104	16	0.062030050271516764	0.0	0.9375	153846.15384615384
chr5	19462755	19462839	RNA7832	84	18	1.5698288886293692e-05	1.4697050119139021e-05	1.0	214285.71428571426
chr5	19465348	19465452	RNA7833	104	28	1.732719277112678e-05	1.4698100130772218e-05	1.0	269230.7692307692
chr5	22857848	22857920	RNA7834	72	18	1.3067105757929514e-05	1.469785001972923e-05	1.0	250000.0
chr5	25043776	25043848	RNA7835	72	12	5.63467151550731e-05	1.4700950032420224e-05	1.0	166666.66666666666
chr5	26068457	26068529	RNA7836	72	15	2.65028803066022e-05	1.4721899788128212e-05	1.0	208333.33333333334
chr5	26072260	26072332	RNA7837	72	12	2.5806841070630005e-05	1.4744699910806958e-05	1.0	166666.66666666666
chr5	26080545	26080617	RNA7838	72	12	1.102613320351035e-05	0.0	1.0	166666.66666666666
chr5	26210985	26211057	RNA7839	72	16	0.0024580634346875727	0.0	1.0	222222.22222222222
chr5	26218523	26218595	RNA7840	72	9	0.00026290984250307124	0.0	1.0	125000.0
chr5	26334450	26334522	RNA7841	72	13	2.0362531218912465e-05	0.0	1.0	180555.55555555556
chr5	27175338	27175410	RNA7842	72	10	2.7927480277858095e-05	0.0	1.0	138888.8888888889
chr5	30750761	30750833	RNA7843	72	14	1.155335706114004e-05	7.35079993319232e-06	1.0	194444.44444444444
chr5	35881933	35882012	RNA7844	79	20	8.085275112534873e-06	0.0	1.0	253164.55696202532
chr5	39837131	39837210	RNA7845	79	20	0.00026919904535133735	0.0	1.0	253164.55696202532
chr5	40504983	40505062	RNA7846	79	14	0.07144222758597607	0.0	0.9285714285714286	177215.18987341772
chr5	40507812	40507891	RNA7847	79	19	1.0067047505320883e-05	1.47024002217222e-05	1.0	240506.32911392406
chr5	40509509	40509588	RNA7848	79	17	0.03994745826393601	0.0	0.9411764705882353	215189.87341772154
chr5	41510632	41510711	RNA7849	79	18	7.18822944286731e-05	7.3512001108611e-06	1.0	227848.10126582277
chr5	41510634	41510713	RNA7850	79	18	7.18822944286731e-05	7.3512001108611e-06	1.0	227848.10126582277
chr5	41510666	41510745	RNA7851	79	25	0.00015228679589198934	0.0	1.0	316455.6962025317
chr5	41729025	41729104	RNA7852	79	9	1.3065211027828304e-05	0.0	1.0	113924.05063291139
chr5	45699563	45699642	RNA7853	79	17	0.00019632881642737873	1.4703299711982254e-05	1.0	215189.87341772154
chr5	50170838	50170928	RNA7854	90	0				0.0
chr5	54310616	54310706	RNA7855	90	22	0.00023452512591988159	1.4698300219606608e-05	1.0	244444.44444444444
chr5	55071292	55071382	RNA7856	90	15	9.803053399082273e-06	0.0	1.0	166666.66666666666
chr5	55111153	55111243	RNA7857	90	15	4.255011305455435e-05	0.0	1.0	166666.66666666666
chr5	55111511	55111601	RNA7858	90	10	3.088012963416967e-05	1.4705199646414258e-05	1.0	111111.11111111111
chr5	55179577	55179667	RNA7859	90	10	1.3227559702500002e-05	7.348849976551719e-06	1.0	111111.11111111111
chr5	55181104	55181194	RNA7860	90	25	1.9405487946635298e-05	0.0	1.0	277777.7777777778
chr5	55233727	55233817	RNA7861	90	51	0.03136669851124572	1.4698500308440998e-05	0.9607843137254902	566666.6666666666
chr5	56487415	56487505	RNA7862	90	19	8.51027887524412e-06	0.0	1.0	211111.11111111112
chr5	58576216	58576306	RNA7863	90	22	2.6724590663268994e-06	0.0	1.0	244444.44444444444
chr5	65118786	65118917	RNA7864	131	26	0.0017318454999720094	1.4698749964736635e-05	1.0	198473.28244274808
chr5	65121868	65121971	RNA7865	103	23	1.3421734958841546e-05	0.0	1.0	223300.97087378643
chr5	68161053	68161184	RNA7866	131	29	0.03487960950399705	0.0	0.9655172413793104	221374.04580152672
chr5	68215604	68215735	RNA7867	131	42	0.0011492478520700514	1.4718249985889997e-05	1.0	320610.68702290073
chr5	68215605	68215736	RNA7868	131	44	0.0010970093133395946	1.4716699752170825e-05	1.0	335877.86259541987
chr5	68215605	68215736	RNA7869	131	44	0.0010970093133395946	1.4716699752170825e-05	1.0	335877.86259541987
chr5	68215627	68215730	RNA7870	103	30	0.0015819210294163557	1.4719299997523194e-05	1.0	291262.1359223301
chr5	69166950	69167081	RNA7871	131	47	0.02285676204343311	0.0	0.9574468085106383	358778.6259541985
chr5	69166980	69167111	RNA7872	131	43	0.02347487994116226	0.0	0.9767441860465116	328244.27480916027
chr5	69179106	69179237	RNA7873	131	34	0.013671150449414091	1.4696349808218656e-05	0.9705882352941176	259541.9847328244
chr5	69179349	69179452	RNA7874	103	20	1.7063940140360095e-05	1.4720600120199379e-05	1.0	194174.7572815534
chr5	69180313	69180416	RNA7875	103	27	0.0006522913801274065	1.4697199731017465e-05	1.0	262135.9223300971
chr5	69180560	69180691	RNA7876	131	25	0.0006990857992786914	1.4698100130772218e-05	1.0	190839.69465648857
chr5	69180973	69181076	RNA7877	103	26	4.8623800991591405e-05	1.470005008741282e-05	1.0	252427.18446601942
chr5	72029418	72029521	RNA7878	103	30	0.03337056161669049	0.0	0.9666666666666667	291262.1359223301
chr5	72029956	72030059	RNA7879	103	11	1.2025327123410534e-05	1.469549988541985e-05	1.0	106796.11650485436
chr5	72030188	72030291	RNA7880	95	18	2.331302251453052e-05	7.35079993319232e-06	1.0	189473.68421052632
chr5	72030245	72030348	RNA7881	103	19	0.05264860120003409	0.0	0.9473684210526315	184466.01941747573
chr5	72369462	72369599	RNA7882	137	27	2.4493822281697e-05	1.469549988541985e-05	1.0	197080.29197080294
chr5	73945040	73945143	RNA7883	103	28	0.000290301326880836	0.0	1.0	271844.66019417474
chr5	73945155	73945286	RNA7884	131	16	1.1022574881280889e-05	0.0	1.0	122137.40458015267
chr5	76382304	76382441	RNA7885	137	26	7.916277004719283e-06	0.0	1.0	189781.02189781022
chr5	76757896	76758033	RNA7886	137	33	0.03032162497845892	1.4730600014445372e-05	0.9696969696969697	240875.91240875915
chr5	76757972	76758109	RNA7887	137	30	4.973474876047618e-05	1.4709749848407228e-05	1.0	218978.10218978103
chr5	76758119	76758256	RNA7888	137	21	0.021070226285138185	0.0	0.8571428571428571	153284.67153284673
chr5	77624803	77624940	RNA7889	137	16	0.002217189610234972	1.4696150174131617e-05	1.0	116788.3211678832
chr5	77626105	77626242	RNA7890	137	22	1.3363145419792975e-05	0.0	1.0	160583.9416058394
chr5	77627234	77627371	RNA7891	137	18	0.025611918189851063	1.4698950053571025e-05	0.9444444444444444	131386.8613138686
chr5	78000192	78000329	RNA7892	137	23	0.08694054154733274	0.0	0.9130434782608695	167883.2116788321
chr5	78298225	78298358	RNA7893	133	27	2.2341229682579344e-05	0.0	1.0	203007.51879699246
chr5	81971859	81971992	RNA7894	133	62	6.737535189923189e-05	1.4701550298923394e-05	1.0	466165.41353383457
chr5	81971884	81972021	RNA7895	137	72	0.0006225383927787501	7.350549822149332e-06	1.0	525547.4452554744
chr5	83045869	83046002	RNA7896	133	27	0.00440930896119998	1.4698500308440998e-05	0.9629629629629629	203007.51879699246
chr5	83052674	83052807	RNA7897	132	26	8.873372689776634e-05	7.36030006009969e-06	1.0	196969.69696969696
chr5	83052675	83052808	RNA7898	132	26	8.873372689776634e-05	7.36030006009969e-06	1.0	196969.69696969696
chr5	83417004	83417137	RNA7899	132	25	4.4810676990885646e-05	0.0	1.0	189393.9393939394
chr5	83417355	83417488	RNA7900	133	26	2.4341157803479657e-05	1.4714350072608795e-05	1.0	195488.72180451127
chr5	83417423	83417556	RNA7901	133	20	9.640073753871037e-05	1.4713699783897027e-05	1.0	150375.93984962406
chr5	83923766	83923899	RNA7902	133	24	1.8991750418230415e-05	0.0	1.0	180451.12781954886
chr5	86786937	86787070	RNA7903	133	32	0.00032110516883676106	1.4698100130772218e-05	1.0	240601.50375939847
chr5	105697553	105697639	RNA7904	86	19	8.119927784527047e-05	1.4698100130772218e-05	1.0	220930.23255813954
chr5	107678434	107678566	RNA7905	129	22	0.010111046328802326	1.4702450243930798e-05	0.9545454545454546	170542.63565891472
chr5	109575116	109575202	RNA7906	86	18	0.007596402371392379	7.349699899350526e-06	0.9444444444444444	209302.32558139536
chr5	109683833	109683919	RNA7907	81	13	0.0009267168640620153	1.818310011003632e-05	1.0	160493.82716049382
chr5	109686680	109686766	RNA7908	86	12	8.573458292933841e-06	0.0	1.0	139534.88372093023
chr5	109687645	109687731	RNA7909	86	13	0.06820205717247936	1.4698500308440998e-05	0.8461538461538461	151162.7906976744
chr5	110780360	110780446	RNA7910	86	26	1.3584046288225567e-05	7.3512001108611e-06	1.0	302325.5813953488
chr5	110794658	110794744	RNA7911	86	11	0.00031814731714389184	0.0	1.0	127906.97674418605
chr5	110797815	110797901	RNA7912	86	26	0.00067956510292788	0.0	1.0	302325.5813953488
chr5	111044660	111044792	RNA7913	132	22	0.0454672418045861	1.4696149719384266e-05	0.9545454545454546	166666.66666666666
chr5	111495691	111495777	RNA7914	86	18	0.0006355724003191738	0.0	1.0	209302.32558139536
chr5	112124547	112124679	RNA7915	132	34	0.018765996408199172	1.470005008741282e-05	0.9705882352941176	257575.75757575757
chr5	112138082	112138214	RNA7916	132	28	0.00034647390803651526	0.0	1.0	212121.21212121213
chr5	112139832	112139964	RNA7917	132	23	2.4289917786037115e-05	0.0	1.0	174242.42424242425
chr5	112424418	112424550	RNA7918	132	33	4.944086432452905e-05	0.0	1.0	250000.0
chr5	112427110	112427242	RNA7919	132	36	0.000577316887049364	0.0	1.0	272727.2727272727
chr5	112436520	112436652	RNA7920	132	31	1.3753493388524696e-05	0.0	1.0	234848.48484848486
chr5	112969724	112969856	RNA7921	132	16	1.8370880923154944e-05	0.0	1.0	121212.12121212122
chr5	113611993	113612079	RNA7922	86	21	9.806209380344843e-06	0.0	1.0	244186.0465116279
chr5	117151978	117152110	RNA7923	132	28	0.0357284739035809	1.4709999959450213e-05	0.9642857142857143	212121.21212121213
chr5	127477788	127477897	RNA7924	109	0				0.0
chr5	129033773	129033883	RNA7925	110	17	3.5471499680112445e-05	0.0	1.0	154545.45454545453
chr5	130204699	130204794	RNA7926	95	16	1.1941918558019494e-05	0.0	1.0	168421.05263157893
chr5	131116717	131116824	RNA7927	107	30	0.0002538220617073701	1.4698549875902245e-05	1.0	280373.8317757009
chr5	131240351	131240460	RNA7928	109	18	1.470064418956301e-05	0.0	1.0	165137.6146788991
chr5	131805181	131805290	RNA7929	107	14	4.300307149865798e-06	0.0	1.0	130841.12149532708
chr5	131806734	131806843	RNA7930	109	21	7.012495790971885e-05	1.4710200048284603e-05	1.0	192660.55045871562
chr5	131806844	131806953	RNA7931	109	22	1.1365568050014901e-05	0.0	1.0	201834.86238532112
chr5	132738908	132739018	RNA7932	110	16	0.05657493744831755	0.0	0.9375	145454.54545454544
chr5	132739046	132739123	RNA7933	77	15	1.8618400160145634e-05	0.0	1.0	194805.19480519483
chr5	132739418	132739527	RNA7934	109	22	4.2101273100502786e-05	1.469764993089484e-05	1.0	201834.86238532112
chr5	132739523	132739632	RNA7935	109	22	2.3385223027032742e-05	0.0	1.0	201834.86238532112
chr5	132739927	132740036	RNA7936	109	17	0.005733342210078256	0.0	0.9411764705882353	155963.3027522936
chr5	133106451	133106546	RNA7937	93	12	2.6792916590541913e-06	0.0	1.0	129032.25806451612
chr5	133106456	133106566	RNA7938	107	22	9.351331837851005e-06	0.0	1.0	205607.476635514
chr5	133106485	133106595	RNA7939	107	27	0.008644565703434637	0.0	0.9629629629629629	252336.4485981308
chr5	133106492	133106602	RNA7940	107	26	0.00897931217668184	7.355300112976692e-06	0.9615384615384616	242990.65420560748
chr5	133612661	133612733	RNA7941	72	18	0.007147646773874936	0.0	0.9444444444444444	250000.0
chr5	133614153	133614263	RNA7942	110	8	0.01606701100865847	7.349699899350526e-06	0.875	72727.27272727272
chr5	133619512	133619621	RNA7943	109	20	7.6430283525033e-05	7.348599865508732e-06	1.0	183486.2385321101
chr5	133621133	133621243	RNA7944	110	19	0.06026085242678833	1.4698999621032272e-05	0.8947368421052632	172727.27272727274
chr5	133624438	133624548	RNA7945	110	28	0.035718498517845934	0.0	0.9642857142857143	254545.45454545453
chr5	134107611	134107706	RNA7946	95	15	0.06669606661380385	0.0	0.9333333333333333	157894.73684210525
chr5	134107928	134108023	RNA7947	95	11	1.2025781788080083e-05	1.4698100130772218e-05	1.0	115789.47368421052
chr5	134108709	134108804	RNA7948	95	14	9.453264413293385e-06	7.351849944825517e-06	1.0	147368.42105263157
chr5	134392264	134392359	RNA7949	95	14	1.2597664278603458e-05	7.348599865508732e-06	1.0	147368.42105263157
chr5	134392402	134392497	RNA7950	95	14	1.9948693144604996e-05	1.4700299743708456e-05	1.0	147368.42105263157
chr5	134392583	134392678	RNA7951	95	19	1.8564931355952142e-05	1.469549988541985e-05	1.0	200000.0
chr5	134426252	134426362	RNA7952	110	26	4.7507020169100884e-05	1.4696999642183075e-05	1.0	236363.63636363635
chr5	135026413	135026520	RNA7953	107	20	6.1010709760008884e-05	7.348399776674342e-06	1.0	186915.8878504673
chr5	135403863	135403958	RNA7954	95	14	0.000666857914308947	7.347549853875535e-06	1.0	147368.42105263157
chr5	135890779	135890876	RNA7955	97	11	8.017027208883189e-06	0.0	1.0	113402.06185567011
chr5	135890998	135891085	RNA7956	87	11	3.073526344946544e-05	1.469509970775107e-05	1.0	126436.78160919542
chr5	135891890	135891977	RNA7957	87	16	5.695272369620909e-05	0.0	1.0	183908.0459770115
chr5	135976336	135976443	RNA7958	107	21	2.1704171125570946e-05	0.0	1.0	196261.68224299065
chr5	135976339	135976446	RNA7959	107	21	2.1704171125570946e-05	0.0	1.0	196261.68224299065
chr5	135976348	135976455	RNA7960	107	19	2.398888912131151e-05	0.0	1.0	177570.0934579439
chr5	136101660	136101767	RNA7961	107	26	1.7526561665498637e-05	0.0	1.0	242990.65420560748
chr5	136101754	136101861	RNA7962	107	25	0.04098057472765503	1.4697199731017465e-05	0.96	233644.8598130841
chr5	136113118	136113225	RNA7963	107	27	1.9055025775198222e-05	0.0	1.0	252336.4485981308
chr5	136781500	136781577	RNA7964	77	14	5.249778561327341e-06	0.0	1.0	181818.18181818182
chr5	136973916	136973988	RNA7965	72	11	1.7374754696158394e-05	1.4698999621032272e-05	1.0	152777.77777777778
chr5	136974057	136974167	RNA7966	110	16	0.0074642313481376715	0.0	0.9375	145454.54545454544
chr5	136974108	136974215	RNA7967	107	19	0.006287988524730423	1.4696400285174605e-05	0.9473684210526315	177570.0934579439
chr5	136974175	136974284	RNA7968	109	17	1.2970694008211413e-05	1.4696400285174605e-05	1.0	155963.3027522936
chr5	136974242	136974314	RNA7969	72	13	7.916784502762872e-06	0.0	1.0	180555.55555555556
chr5	136974310	136974387	RNA7970	77	16	9.193881226110534e-06	1.470460028940579e-05	1.0	207792.2077922078
chr5	136974405	136974477	RNA7971	72	10	4.415960029291455e-06	0.0	1.0	138888.8888888889
chr5	136974444	136974521	RNA7972	77	14	1.680412183953935e-05	7.349899988184916e-06	1.0	181818.18181818182
chr5	136974485	136974580	RNA7973	95	26	1.5268757928982125e-05	1.4699799976369832e-05	1.0	273684.2105263158
chr5	136974895	136974972	RNA7974	77	11	8.019154434309298e-06	0.0	1.0	142857.14285714284
chr5	136975164	136975236	RNA7975	72	16	9.186181273435068e-06	7.347749942709925e-06	1.0	222222.22222222222
chr5	140043358	140043435	RNA7976	77	17	0.001329153161082901	1.4697699953103438e-05	1.0	220779.22077922078
chr5	140043852	140043949	RNA7977	97	14	8.399378592522616e-06	0.0	1.0	144329.8969072165
chr5	140043955	140044027	RNA7978	72	14	8.400921355392452e-06	0.0	1.0	194444.44444444444
chr5	140044210	140044287	RNA7979	77	24	1.8376566648233284e-05	0.0	1.0	311688.3116883117
chr5	140044870	140044947	RNA7980	77	11	1.4698299888881262e-05	0.0	1.0	142857.14285714284
chr5	140044903	140044990	RNA7981	87	14	1.890309275560334e-05	0.0	1.0	160919.54022988505
chr5	140045047	140045124	RNA7982	77	18	2.2052649556924912e-05	7.348399776674342e-06	1.0	233766.23376623375
chr5	140045170	140045241	RNA7983	71	4	5.512654934136453e-05	4.410210021887906e-05	1.0	56338.028169014084
chr5	140045886	140045958	RNA7984	72	14	0.01832387875590159	1.4698999621032272e-05	0.9285714285714286	194444.44444444444
chr5	140045947	140046019	RNA7985	72	8	9.188099852508458e-06	0.0	1.0	111111.11111111111
chr5	140046273	140046345	RNA7986	72	12	1.4734308327509401e-05	1.4726449990121182e-05	1.0	166666.66666666666
chr5	140046816	140046903	RNA7987	84	9	0.00041884676476101424	1.5240600077959243e-05	1.0	107142.85714285713
chr5	140618280	140618377	RNA7988	97	17	3.373430541507247e-05	1.4699799976369832e-05	1.0	175257.7319587629
chr5	140618942	140619029	RNA7989	87	21	0.024825187547148304	1.4713199561811052e-05	0.9523809523809523	241379.3103448276
chr5	140628933	140629020	RNA7990	87	18	2.1233466971654167e-05	0.0	1.0	206896.55172413794
chr5	140663174	140663261	RNA7991	87	15	8.818426492022506e-06	0.0	1.0	172413.7931034483
chr5	140663347	140663434	RNA7992	87	11	9.35207282798894e-06	0.0	1.0	126436.78160919542
chr5	140663552	140663649	RNA7993	97	17	1.7293941174798152e-06	0.0	1.0	175257.7319587629
chr5	140663926	140664013	RNA7994	87	25	1.5876187972020475e-05	0.0	1.0	287356.3218390804
chr5	140663950	140664047	RNA7995	97	26	0.021499058967877384	0.0	0.9615384615384616	268041.23711340205
chr5	140664744	140664831	RNA7996	87	24	0.0005996106642290479	0.0	1.0	275862.0689655172
chr5	140758214	140758311	RNA7997	97	15	0.03130122345761872	0.0	0.9333333333333333	154639.17525773196
chr5	140758321	140758408	RNA7998	86	3	7.842900231480001e-05	0.0	1.0	34883.72093023256
chr5	140759934	140760021	RNA7999	87	10	0.04762734042978989	1.4696800008096034e-05	0.9	114942.52873563218
chr5	140762028	140762125	RNA8000	97	12	9.79841668898492e-06	7.348599865508732e-06	1.0	123711.34020618557
chr5	140762202	140762289	RNA8001	87	11	8.021945508186366e-06	0.0	1.0	126436.78160919542
chr5	140763407	140763494	RNA8002	87	15	3.626312591222585e-05	1.4701099644298664e-05	1.0	172413.7931034483
chr5	140779404	140779501	RNA8003	97	25	3.1770219829919495e-05	1.4704999557579868e-05	1.0	257731.95876288658
chr5	140779888	140779995	RNA8004	107	13	1.6970161456041613e-05	1.4701099644298664e-05	1.0	121495.32710280374
chr5	140782021	140782108	RNA8005	87	8	7.348725034717063e-06	0.0	1.0	91954.02298850575
chr5	140783390	140783477	RNA8006	87	18	0.00021882604894724348	0.0	1.0	206896.55172413794
chr5	141636854	141636925	RNA8007	71	21	0.0013283949535997646	0.0	1.0	295774.6478873239
chr5	141717523	141717620	RNA8008	97	19	2.8622526147763963e-05	0.0	1.0	195876.28865979382
chr5	141717848	141717935	RNA8009	87	20	0.02602999380032997	0.0	0.95	229885.05747126436
chr5	141717977	141718064	RNA8010	87	18	0.0018538657039546998	1.4698100130772218e-05	1.0	206896.55172413794
chr5	142227491	142227568	RNA8011	77	28	0.00011976747003115375	1.4700900010211626e-05	1.0	363636.36363636365
chr5	142227926	142227997	RNA8012	71	0				0.0
chr5	142227953	142228024	RNA8013	71	0				0.0
chr5	142228239	142228310	RNA8014	71	0				0.0
chr5	142768691	142768762	RNA8015	71	14	1.3649078612486068e-05	1.469764993089484e-05	1.0	197183.0985915493
chr5	142769518	142769589	RNA8016	71	19	4.331428327101017e-05	0.0	1.0	267605.63380281685
chr5	142770088	142770159	RNA8017	71	19	2.0894462833984765e-05	1.4699399798701052e-05	1.0	267605.63380281685
chr5	143442468	143442540	RNA8018	72	10	2.351948996874647e-05	7.349250154220499e-06	1.0	138888.8888888889
chr5	143456620	143456691	RNA8019	71	12	0.044234197520912254	0.0	0.9166666666666666	169014.08450704225
chr5	144491096	144491183	RNA8020	87	21	2.3872671677266735e-05	1.4731400369782932e-05	1.0	241379.3103448276
chr5	144501970	144502075	RNA8021	105	16	3.675271909741701e-05	1.4699199709866662e-05	1.0	152380.9523809524
chr5	145387029	145387126	RNA8022	97	20	0.05003307773031338	0.0	0.95	206185.56701030926
chr5	145388016	145388103	RNA8023	87	13	0.0003585244755343441	1.4702900443808176e-05	1.0	149425.28735632185
chr5	145388193	145388280	RNA8024	87	18	8.167005540195129e-06	0.0	1.0	206896.55172413794
chr5	147389863	147389934	RNA8025	71	16	3.490845710984997e-05	1.4698499853693647e-05	1.0	225352.11267605633
chr5	147930435	147930522	RNA8026	87	16	1.0105975150054292e-05	0.0	1.0	183908.0459770115
chr5	147937918	147938023	RNA8027	105	20	0.060645959755311195	1.470200004405342e-05	0.9	190476.19047619047
chr5	149357722	149357827	RNA8028	105	39	0.007607371594717844	0.0	0.9743589743589743	371428.5714285714
chr5	149357767	149357854	RNA8029	84	27	0.01274969453590057	0.0	0.9629629629629629	321428.5714285715
chr5	149370010	149370097	RNA8030	87	17	0.018659054268081312	3.332330015837215e-05	0.9411764705882353	195402.29885057473
chr5	149370433	149370538	RNA8031	105	20	2.57212399446796e-05	0.0	1.0	190476.19047619047
chr5	149370560	149370665	RNA8032	105	21	0.007923892553749498	1.4700700376124589e-05	0.9523809523809523	200000.0
chr5	149370811	149370898	RNA8033	87	8	2.3885537871137785e-05	1.4697200185764814e-05	1.0	91954.02298850575
chr5	149433102	149433189	RNA8034	87	21	0.044635275740499004	1.4697199731017465e-05	0.9523809523809523	241379.3103448276
chr5	149433535	149433640	RNA8035	105	20	6.615897600567508e-05	1.4700249721499858e-05	1.0	190476.19047619047
chr5	149453622	149453709	RNA8036	87	16	2.2962949799417333e-05	1.469569997425424e-05	1.0	183908.0459770115
chr5	149456773	149456878	RNA8037	105	23	2.428938213320341e-05	0.0	1.0	219047.61904761905
chr5	149490451	149490556	RNA8038	105	22	0.03088817938859475	1.4703750366606982e-05	0.9090909090909091	209523.80952380953
chr5	149492094	149492181	RNA8039	87	27	6.263339865754841e-05	0.0	1.0	310344.8275862069
chr5	150421680	150421785	RNA8040	105	21	0.0029231171087996553	1.4745300177310128e-05	0.9523809523809523	200000.0
chr5	150421738	150421825	RNA8041	87	13	1.5869115486566443e-05	0.0	1.0	149425.28735632185
chr5	153990000	153990087	RNA8042	78	14	1.1099778475909261e-05	0.0	1.0	179487.1794871795
chr5	153990014	153990119	RNA8043	96	17	1.2319288169451551e-05	0.0	1.0	177083.33333333334
chr5	155486889	155486970	RNA8044	81	16	6.0935000135479205e-05	1.4771449968975503e-05	1.0	197530.86419753084
chr5	159310040	159310121	RNA8045	81	13	5.653884517624437e-06	0.0	1.0	160493.82716049382
chr5	160376409	160376490	RNA8046	81	12	2.4799608581813813e-05	7.35100002202671e-06	1.0	148148.14814814815
chr5	160437776	160437857	RNA8047	81	14	1.5749607038222685e-05	7.348399776674342e-06	1.0	172839.5061728395
chr5	160437997	160438078	RNA8048	81	14	2.7295928248348526e-05	0.0	1.0	172839.5061728395
chr5	160516514	160516595	RNA8049	81	0				0.0
chr5	160521030	160521111	RNA8050	81	15	1.665997982247722e-05	1.4698100130772218e-05	1.0	185185.18518518517
chr5	160521165	160521246	RNA8051	81	14	0.0001574593020450216	1.4699799976369832e-05	1.0	172839.5061728395
chr5	161269104	161269185	RNA8052	81	10	0.007226239876035834	1.4699399798701052e-05	0.9	123456.79012345678
chr5	164029491	164029568	RNA8053	77	16	3.6937012396255994e-05	7.520849976572208e-06	1.0	207792.2077922078
chr5	164275514	164275595	RNA8054	81	10	1.4699049734190339e-05	0.0	1.0	123456.79012345678
chr5	166369721	166369855	RNA8055	134	26	0.00014928453010024833	7.350549822149332e-06	1.0	194029.85074626867
chr5	166391103	166391207	RNA8056	104	22	0.030743826392856798	7.349050065386109e-06	0.9545454545454546	211538.46153846153
chr5	166976163	166976240	RNA8057	77	0				0.0
chr5	168519311	168519409	RNA8058	98	14	6.29973562484208e-06	0.0	1.0	142857.14285714284
chr5	168519329	168519406	RNA8059	77	13	6.784330672906855e-06	0.0	1.0	168831.16883116882
chr5	168534389	168534466	RNA8060	77	8	1.1045250062124978e-05	1.4710600225953384e-05	1.0	103896.1038961039
chr5	168539601	168539678	RNA8061	77	13	1.9240369440992184e-05	1.4699799976369832e-05	1.0	168831.16883116882
chr5	168579594	168579671	RNA8062	77	39	0.00015414471673488682	1.4699799976369832e-05	1.0	506493.50649350643
chr5	168579606	168579683	RNA8063	77	31	0.00012469695599475855	1.4699799976369832e-05	1.0	402597.40259740263
chr5	168647840	168647917	RNA8064	77	16	9.187175066927011e-06	0.0	1.0	207792.2077922078
chr5	169613256	169613333	RNA8065	77	0				0.0
chr5	170340995	170341099	RNA8066	104	26	0.0032115812757813026	1.4696800008096034e-05	0.9615384615384616	250000.0
chr5	170345989	170346123	RNA8067	134	20	0.00019291649573460255	7.348599865508732e-06	1.0	149253.73134328358
chr5	170843614	170843718	RNA8068	104	25	0.04006641061827395	1.4727999769093005e-05	0.96	240384.6153846154
chr5	170852305	170852439	RNA8069	134	15	3.92050666656966e-06	0.0	1.0	111940.29850746269
chr5	170854339	170854473	RNA8070	134	31	0.03227987738398129	1.4697199731017465e-05	0.967741935483871	231343.28358208956
chr5	170854953	170855087	RNA8071	134	25	1.4700143947262894e-05	0.0	1.0	186567.1641791045
chr5	170858081	170858185	RNA8072	104	21	1.4699790534944893e-05	0.0	1.0	201923.07692307694
chr5	170861587	170861691	RNA8073	104	21	1.0502409384657984e-05	0.0	1.0	201923.07692307694
chr5	171593319	171593423	RNA8074	104	24	0.0011405358422962224	7.349050065386109e-06	1.0	230769.23076923078
chr5	171594784	171594888	RNA8075	104	16	1.4699318626298918e-05	1.4696349808218656e-05	1.0	153846.15384615384
chr5	171595246	171595380	RNA8076	130	34	3.854851999729723e-05	0.0	1.0	261538.46153846156
chr5	171599422	171599526	RNA8077	104	24	0.0416936188632917	1.4697900041937828e-05	0.9583333333333334	230769.23076923078
chr5	171600015	171600149	RNA8078	134	32	0.00012861420728426686	0.0	1.0	238805.97014925373
chr5	171600485	171600570	RNA8079	85	22	1.6050972838208354e-05	0.0	1.0	258823.52941176473
chr5	171604265	171604399	RNA8080	134	21	4.7594199713779584e-05	0.0	1.0	156716.41791044778
chr5	171648213	171648311	RNA8081	98	22	0.0009881136843432573	7.347950031544315e-06	1.0	224489.79591836734
chr5	172283858	172283992	RNA8082	134	0				0.0
chr5	172454532	172454636	RNA8083	78	40	0.001994654057216384	1.6082700312836096e-05	0.975	512820.51282051275
chr5	172576431	172576529	RNA8084	98	16	0.009120582083426143	7.349899988184916e-06	0.9375	163265.30612244896
chr5	172584230	172584328	RNA8085	98	15	8.819380006267845e-06	0.0	1.0	153061.22448979592
chr5	172589464	172589562	RNA8086	98	28	0.005081109724609887	1.4696999642183075e-05	0.9642857142857143	285714.2857142857
chr5	172739697	172739795	RNA8087	98	19	0.0005706706642740702	1.472100029786816e-05	1.0	193877.55102040817
chr5	172745006	172745104	RNA8088	95	21	0.009857858288341952	0.0	0.9523809523809523	221052.63157894736
chr5	172755238	172755336	RNA8089	98	14	2.0998528660644484e-05	0.0	1.0	142857.14285714284
chr5	173525963	173526040	RNA8090	77	10	7.201885809990385e-05	1.4697050119139021e-05	1.0	129870.12987012985
chr5	173636633	173636731	RNA8091	98	10	2.0605640020221472e-05	7.356599780905526e-06	1.0	102040.81632653062
chr5	175289607	175289701	RNA8092	94	15	2.6475879531061673e-05	1.4699399798701052e-05	1.0	159574.4680851064
chr5	175385038	175385123	RNA8093	80	7	0.00021047533248616697	0.0	1.0	87500.0
chr5	176048991	176049076	RNA8094	85	0				0.0
chr5	176049041	176049145	RNA8095	104	0				0.0
chr5	176049118	176049203	RNA8096	85	6	2.2049349809079674e-05	7.348200142587302e-06	1.0	70588.23529411765
chr5	176049465	176049599	RNA8097	134	0				0.0
chr5	176049563	176049648	RNA8098	85	0				0.0
chr5	176510195	176510280	RNA8099	85	11	1.3365818383383818e-06	0.0	1.0	129411.76470588236
chr5	176510303	176510374	RNA8100	71	16	0.07594627716446212	1.4698300219606608e-05	0.875	225352.11267605633
chr5	176511401	176511482	RNA8101	81	32	0.0025605714938876593	1.4778950117033673e-05	0.96875	395061.7283950617
chr5	176511525	176511596	RNA8102	71	18	9.800822277207368e-06	0.0	1.0	253521.12676056338
chr5	176511580	176511661	RNA8103	81	21	1.960010008804437e-05	1.4698100130772218e-05	1.0	259259.25925925924
chr5	176511632	176511703	RNA8104	71	14	2.8349250182397933e-05	1.469764993089484e-05	1.0	197183.0985915493
chr5	176512187	176512272	RNA8105	85	31	2.9773574110985207e-05	1.4789799934078474e-05	1.0	364705.88235294115
chr5	176512265	176512336	RNA8106	65	13	4.798207625684042e-06	0.0	1.0	200000.0
chr5	176512589	176512674	RNA8107	85	25	2.4699832538315314e-05	0.0	1.0	294117.64705882355
chr5	176512890	176512962	RNA8108	72	14	0.04348566880993791	2.2066600195103092e-05	0.9285714285714286	194444.44444444444
chr5	177356830	177356915	RNA8109	85	17	0.05893246365811885	1.4697199731017465e-05	0.9411764705882353	200000.0
chr5	177610798	177610896	RNA8110	98	24	8.703472925238434e-05	0.0	1.0	244897.95918367346
chr5	179020698	179020792	RNA8111	94	0				0.0
chr5	179910422	179910516	RNA8112	94	23	2.395206529794908e-05	1.4738399841007777e-05	1.0	244680.8510638298
chr5	179910633	179910727	RNA8113	94	19	0.00011145697097067128	0.0	1.0	202127.65957446807
chr5	179910796	179910890	RNA8114	94	22	0.0002746759266136063	1.47044002005714e-05	1.0	234042.55319148937
chr5	180073047	180073141	RNA8115	94	20	1.322908005931822e-05	1.4698500308440998e-05	1.0	212765.95744680852
chr5	180076325	180076419	RNA8116	94	21	0.012675103883642196	1.4697699953103438e-05	0.9523809523809523	223404.2553191489
chr5	180097424	180097518	RNA8117	94	18	0.02608560918062923	1.4698349787067855e-05	0.9444444444444444	191489.36170212764
chr5	180099008	180099089	RNA8118	81	18	0.0008681512609756318	1.4699799976369832e-05	1.0	222222.22222222222
chr5	180209300	180209381	RNA8119	81	40	0.030561512434996985	7.374199867626885e-06	0.925	493827.16049382713
chr5	180209835	180209906	RNA8120	71	17	0.00044965440423872026	1.4698100130772218e-05	1.0	239436.61971830984
chr5	180209890	180209961	RNA8121	71	16	0.0002141159238249146	1.4705250123370206e-05	1.0	225352.11267605633
chr5	180209913	180209985	RNA8122	72	24	0.06439052027360503	1.470674988013343e-05	0.9166666666666666	333333.3333333333
chr5	180210050	180210121	RNA8123	71	20	0.007675508566580896	0.0	0.95	281690.1408450704
chr5	180232714	180232785	RNA8124	71	10	1.6168170077435207e-05	1.4698300219606608e-05	1.0	140845.0704225352
chr5	181062143	181062237	RNA8125	94	0				0.0
chr5	181063236	181063317	RNA8126	81	0				0.0
chr5	181078670	181078751	RNA8127	81	0				0.0
chr5	181084315	181084396	RNA8128	81	0				0.0
chr5	181084624	181084696	RNA8129	72	0				0.0
chr5	181086937	181087008	RNA8130	71	0				0.0
chr5	181090878	181090949	RNA8131	0	0				
chr5	181096485	181096566	RNA8132	0	0				
chr5	181098041	181098122	RNA8133	0	0				
chr5	181111906	181111977	RNA8134	71	0				0.0
chr5	181112393	181112474	RNA8135	81	0				0.0
chr5	181141322	181141393	RNA8136	71	0				0.0
chr5	181174321	181174392	RNA8137	71	0				0.0
chr5	181174378	181174459	RNA8138	81	0				0.0
chr5	181174560	181174641	RNA8139	81	0				0.0
chr5	181174626	181174697	RNA8140	71	0				0.0
chr5	181175163	181175235	RNA8141	72	0				0.0
chr5	181175229	181175300	RNA8142	71	0				0.0
chr5	181175247	181175318	RNA8143	71	0				0.0
chr5	181176165	181176246	RNA8144	76	0				0.0
chr5	181176666	181176751	RNA8145	80	0				0.0
chr5	181177296	181177367	RNA8146	71	0				0.0
chr5	181177320	181177391	RNA8147	71	0				0.0
chr5	181177334	181177406	RNA8148	72	0				0.0
chr5	181177600	181177671	RNA8149	71	0				0.0
chr5	181177729	181177800	RNA8150	71	0				0.0
chr5	181465153	181465224	RNA8151	0	0				
chr5	181465362	181465433	RNA8152	0	0				
chr5	181465475	181465546	RNA8153	0	0				
chr5	181465610	181465681	RNA8154	0	0				
chr5	181465650	181465722	RNA8155	0	0				
chr5	181466450	181466531	RNA8156	0	0				
chr5	181466725	181466796	RNA8157	0	0				
chr5	181467267	181467348	RNA8158	0	0				
chr5	181467383	181467454	RNA8159	0	0				
chr5	181467661	181467732	RNA8160	0	0				
chr5	181467793	181467864	RNA8161	0	0				
chr5	181467972	181468043	RNA8162	0	0				
chr5	181468056	181468127	RNA8163	0	0				
chr5	181468162	181468234	RNA8164	0	0				
chr5	181469054	181469135	RNA8165	0	0				
chr5	181469482	181469553	RNA8166	0	0				
chr5	181469513	181469585	RNA8167	0	0				
chr5	181470803	181470874	RNA8168	0	0				
chr5	181474713	181474785	RNA8169	72	0				0.0
chr5	181476890	181476971	RNA8170	81	0				0.0
chr6	2245625	2245701	RNA8171	76	40	0.00011900781591975469	1.4761900274606887e-05	1.0	526315.7894736842
chr6	2660521	2660597	RNA8172	76	13	2.2612530371513854e-05	0.0	1.0	171052.63157894736
chr6	2660609	2660685	RNA8173	76	14	8.712457071981459e-06	0.0	1.0	184210.52631578947
chr6	2660672	2660748	RNA8174	76	22	4.9452654820923376e-05	7.349499810516136e-06	1.0	289473.68421052635
chr6	3486143	3486268	RNA8175	125	19	6.963442070915143e-06	0.0	1.0	152000.0
chr6	3487005	3487081	RNA8176	76	11	1.3360927286240356e-05	0.0	1.0	144736.84210526317
chr6	3487450	3487526	RNA8177	76	14	3.991267911778545e-05	2.204805014116573e-05	1.0	184210.52631578947
chr6	3487753	3487829	RNA8178	76	14	8.399442906790813e-06	7.348599865508732e-06	1.0	184210.52631578947
chr6	3813005	3813081	RNA8179	76	15	4.017835957104711e-05	1.4698100130772218e-05	1.0	197368.42105263157
chr6	5829534	5829611	RNA8180	77	10	2.7922670415135266e-05	1.4696400285174605e-05	1.0	129870.12987012985
chr6	7066619	7066744	RNA8181	125	0				0.0
chr6	7718278	7718403	RNA8182	125	19	0.024508595397540037	1.469549988541985e-05	0.9473684210526315	152000.0
chr6	7720034	7720110	RNA8183	76	18	0.055598023205220656	1.4697699953103438e-05	0.9444444444444444	236842.1052631579
chr6	7722185	7722310	RNA8184	124	19	0.0002039964685632395	0.0	1.0	153225.8064516129
chr6	7724296	7724421	RNA8185	125	17	3.9770317765508344e-05	0.0	1.0	136000.0
chr6	9491312	9491389	RNA8186	77	19	1.6245605126498146e-05	0.0	1.0	246753.24675324676
chr6	9492848	9492973	RNA8187	125	33	1.9614469679114654e-05	0.0	1.0	264000.0
chr6	9493708	9493833	RNA8188	125	29	0.0017955643365737681	0.0	0.9655172413793104	232000.0
chr6	9494379	9494504	RNA8189	118	9	2.785404386587054e-05	1.472450003348058e-05	1.0	76271.18644067796
chr6	9494463	9494588	RNA8190	123	0				0.0
chr6	10387113	10387190	RNA8191	77	14	0.027033878380734674	1.469744984206045e-05	0.9285714285714286	181818.18181818182
chr6	10419742	10419819	RNA8192	77	14	0.0004902866534653781	0.0	1.0	181818.18181818182
chr6	10421096	10421173	RNA8193	77	9	9.798688956329392e-06	0.0	1.0	116883.11688311688
chr6	10487340	10487417	RNA8194	77	31	0.010569943295283131	0.0	0.967741935483871	402597.40259740263
chr6	10487431	10487508	RNA8195	77	18	1.4851072086862081e-05	7.349499810516136e-06	1.0	233766.23376623375
chr6	10491323	10491400	RNA8196	77	39	0.02594755193559906	1.4703299711982254e-05	0.9743589743589743	506493.50649350643
chr6	11408060	11408137	RNA8197	77	15	8.822086662500321e-06	0.0	1.0	194805.19480519483
chr6	12588314	12588439	RNA8198	125	29	1.2671748130554173e-05	0.0	1.0	232000.0
chr6	13980923	13981019	RNA8199	96	15	1.2746653010253794e-05	0.0	1.0	156250.0
chr6	13981700	13981771	RNA8200	71	14	2.3105785723076164e-05	1.4703950000694022e-05	1.0	197183.0985915493
chr6	14140324	14140401	RNA8201	77	17	2.17325824611608e-05	1.4759300029254518e-05	1.0	220779.22077922078
chr6	17059658	17059754	RNA8202	95	15	0.0002031434341309519	1.471539962949464e-05	1.0	157894.73684210525
chr6	18264548	18264619	RNA8203	71	0				0.0
chr6	18468934	18469030	RNA8204	96	8	9.186587476506247e-06	1.469744984206045e-05	1.0	83333.33333333333
chr6	18521965	18522061	RNA8205	96	0				0.0
chr6	18522037	18522108	RNA8206	71	0				0.0
chr6	18522326	18522397	RNA8207	71	0				0.0
chr6	18522498	18522569	RNA8208	71	0				0.0
chr6	18522632	18522728	RNA8209	96	0				0.0
chr6	19199565	19199636	RNA8210	71	13	2.1484038300576977e-05	0.0	1.0	183098.5915492958
chr6	19201561	19201657	RNA8211	96	24	0.00012495585993594786	0.0	1.0	250000.0
chr6	19202241	19202312	RNA8212	71	14	5.354680817097916e-05	7.348399776674342e-06	1.0	197183.0985915493
chr6	19202545	19202641	RNA8213	96	14	6.194950193665507e-05	7.347300197579898e-06	1.0	145833.33333333334
chr6	19210381	19210477	RNA8214	96	21	0.040271868083003766	1.4697699953103438e-05	0.9523809523809523	218750.0
chr6	19212154	19212225	RNA8215	71	16	0.0500705509653585	0.0	0.875	225352.11267605633
chr6	19861269	19861340	RNA8216	71	11	2.2713590955060102e-05	1.469590006308863e-05	1.0	154929.57746478872
chr6	19861973	19862069	RNA8217	96	17	0.036250510224817845	0.0	0.9411764705882353	177083.33333333334
chr6	21311914	21311985	RNA8218	71	14	5.250092921674618e-06	0.0	1.0	197183.0985915493
chr6	21312304	21312376	RNA8219	72	14	0.031690957374459164	1.469984999857843e-05	0.9285714285714286	194444.44444444444
chr6	21312876	21312957	RNA8220	81	14	1.994654959551612e-05	0.0	1.0	172839.5061728395
chr6	21320043	21320114	RNA8221	71	17	1.3833300138631945e-05	0.0	1.0	239436.61971830984
chr6	21331641	21331713	RNA8222	72	12	0.010104638174501206	0.0	0.9166666666666666	166666.66666666666
chr6	21332751	21332823	RNA8223	72	18	2.123386143971885e-05	1.4698749964736635e-05	1.0	250000.0
chr6	21333995	21334076	RNA8224	81	14	1.0498514192087377e-05	0.0	1.0	172839.5061728395
chr6	21337282	21337378	RNA8225	93	13	0.15660120367346492	1.4822299817751627e-05	0.8461538461538461	139784.94623655913
chr6	23823039	23823112	RNA8226	73	14	0.020021150978923933	0.0	0.9285714285714286	191780.8219178082
chr6	23823074	23823145	RNA8227	71	20	1.617891016394317e-05	0.0	1.0	281690.1408450704
chr6	23823362	23823433	RNA8228	71	16	1.0105893693435064e-05	1.4696349808218656e-05	1.0	225352.11267605633
chr6	23823389	23823462	RNA8229	73	11	9.354327217310624e-06	0.0	1.0	150684.9315068493
chr6	23823904	23823975	RNA8230	71	13	0.07651258128267867	0.0	0.9230769230769231	183098.5915492958
chr6	23823923	23823995	RNA8231	72	20	0.04974126612373765	0.0	0.95	277777.7777777778
chr6	23824032	23824104	RNA8232	72	22	0.0005186397748647397	0.0	1.0	305555.55555555556
chr6	23824107	23824179	RNA8233	72	15	1.3729966849494323e-05	0.0	1.0	208333.33333333334
chr6	23824215	23824296	RNA8234	81	20	5.587312348324646e-05	0.0	1.0	246913.58024691357
chr6	23824363	23824435	RNA8235	72	29	5.6286806754758534e-05	1.47024002217222e-05	1.0	402777.7777777778
chr6	23824543	23824616	RNA8236	73	19	1.3929631438115489e-05	1.47024002217222e-05	1.0	260273.9726027397
chr6	23824942	23825012	RNA8237	70	17	1.4702223565751302e-05	1.4698100130772218e-05	1.0	242857.14285714284
chr6	23825121	23825202	RNA8238	81	15	7.841440007420412e-06	1.4700300198455809e-05	1.0	185185.18518518517
chr6	23825152	23825233	RNA8239	81	18	1.3884850128908768e-05	7.348849976551719e-06	1.0	222222.22222222222
chr6	23825183	23825256	RNA8240	73	20	1.61710400334378e-05	0.0	1.0	273972.602739726
chr6	23825439	23825511	RNA8241	72	22	9.354404483019607e-06	1.4696599919261644e-05	1.0	305555.55555555556
chr6	23825628	23825699	RNA8242	71	20	1.763814998412198e-05	7.347950031544315e-06	1.0	281690.1408450704
chr6	23825926	23825998	RNA8243	72	17	2.334955292205676e-05	1.4696799553348685e-05	1.0	236111.1111111111
chr6	23825948	23826029	RNA8244	81	20	3.0149099893601958e-05	1.4704200111737007e-05	1.0	246913.58024691357
chr6	23825962	23826033	RNA8245	71	20	2.0596579724950886e-05	1.4704200111737007e-05	1.0	281690.1408450704
chr6	23825988	23826069	RNA8246	81	19	1.9368594477877296e-05	1.4704200111737007e-05	1.0	234567.9012345679
chr6	23826699	23826771	RNA8247	72	23	0.0001176235397471524	1.4700300198455809e-05	1.0	319444.44444444444
chr6	23826738	23826810	RNA8248	72	22	0.00024059624320215206	1.4700699921377236e-05	1.0	305555.55555555556
chr6	23826897	23826968	RNA8249	71	19	2.708809422887612e-05	0.0	1.0	267605.63380281685
chr6	23826937	23827009	RNA8250	72	19	0.001018182895294504	0.0	1.0	263888.8888888889
chr6	23826961	23827043	RNA8251	82	22	0.0008693162234191146	0.0	1.0	268292.68292682926
chr6	23827177	23827248	RNA8252	71	29	0.00029120315534312006	1.471189989388222e-05	1.0	408450.70422535215
chr6	23827256	23827328	RNA8253	72	15	0.08580642389685332	1.472100029786816e-05	0.8666666666666667	208333.33333333334
chr6	23828300	23828372	RNA8254	72	14	1.785551421562559e-05	1.4701749933010433e-05	1.0	194444.44444444444
chr6	23828339	23828411	RNA8255	72	14	8.400485707430302e-06	7.347749942709925e-06	1.0	194444.44444444444
chr6	23828465	23828537	RNA8256	72	15	3.822695968361805e-05	0.0	1.0	208333.33333333334
chr6	23828471	23828542	RNA8257	71	13	2.1496261559566983e-05	0.0	1.0	183098.5915492958
chr6	23828615	23828687	RNA8258	72	16	1.3779487346706843e-05	0.0	1.0	222222.22222222222
chr6	23829002	23829109	RNA8259	107	34	2.119231508271445e-05	0.0	1.0	317757.0093457944
chr6	23829114	23829195	RNA8260	81	14	0.00015958623076325218	0.0	1.0	172839.5061728395
chr6	23829256	23829327	RNA8261	71	20	1.4705669946124544e-05	1.4700700376124589e-05	1.0	281690.1408450704
chr6	23829380	23829451	RNA8262	71	19	1.2380194771379282e-05	0.0	1.0	267605.63380281685
chr6	23830030	23830101	RNA8263	71	16	1.1061449527004169e-05	0.0	1.0	225352.11267605633
chr6	23830177	23830248	RNA8264	71	23	2.3064095053678407e-05	0.0	1.0	323943.661971831
chr6	23830287	23830360	RNA8265	73	13	1.1332599989635548e-05	1.472100029786816e-05	1.0	178082.19178082192
chr6	23830780	23830852	RNA8266	72	13	6.565263853329387e-05	0.0	1.0	180555.55555555556
chr6	23830808	23830890	RNA8267	82	19	8.598807323179708e-05	0.0	1.0	231707.31707317074
chr6	23830828	23830900	RNA8268	72	18	8.831173282588209e-05	0.0	1.0	250000.0
chr6	23830922	23830993	RNA8269	71	23	1.792658709429501e-05	0.0	1.0	323943.661971831
chr6	23830937	23831010	RNA8270	73	20	5.610084390354831e-05	0.0	1.0	273972.602739726
chr6	23831308	23831389	RNA8271	81	22	0.045463918122798284	7.359450137300882e-06	0.9545454545454546	271604.93827160494
chr6	23831979	23832052	RNA8272	73	20	0.016921279693224274	1.4716700206918176e-05	0.95	273972.602739726
chr6	23832104	23832175	RNA8273	71	18	7.356855500499175e-06	0.0	1.0	253521.12676056338
chr6	23832145	23832218	RNA8274	73	15	7.84543990448583e-06	0.0	1.0	205479.4520547945
chr6	23832307	23832380	RNA8275	73	18	0.0556266478625831	1.4710400137118993e-05	0.9444444444444444	246575.3424657534
chr6	23832382	23832454	RNA8276	72	17	0.07426656900497619	1.4705899957334624e-05	0.8823529411764706	236111.1111111111
chr6	23832394	23832466	RNA8277	72	16	0.07890731031778841	7.352949978667312e-06	0.875	222222.22222222222
chr6	23832423	23832494	RNA8278	71	21	0.012694949855531799	1.4705899957334624e-05	0.9523809523809523	295774.6478873239
chr6	23832736	23832809	RNA8279	73	18	1.2259111069094312e-05	1.4710399682371644e-05	1.0	246575.3424657534
chr6	23832895	23832976	RNA8280	81	21	2.171104751184993e-05	1.4707999980601016e-05	1.0	259259.25925925924
chr6	23833169	23833240	RNA8281	71	23	3.64496197858946e-05	0.0	1.0	323943.661971831
chr6	23833615	23833687	RNA8282	72	14	1.4709057333155734e-05	0.0	1.0	194444.44444444444
chr6	23833729	23833810	RNA8283	81	17	0.0012795215011732666	1.471110044803936e-05	1.0	209876.54320987655
chr6	23833736	23833807	RNA8284	71	14	0.001552653980005351	1.4712350093759596e-05	1.0	197183.0985915493
chr6	23833907	23833980	RNA8285	73	18	3.960827173917167e-05	1.4882549749017926e-05	1.0	246575.3424657534
chr6	23834500	23834571	RNA8286	71	18	1.1439661092380346e-05	1.4704599834658438e-05	1.0	253521.12676056338
chr6	23834553	23834634	RNA8287	81	16	3.032280602610424e-05	0.0	1.0	197530.86419753084
chr6	23834685	23834766	RNA8288	81	15	5.390941399429881e-05	1.4705899957334624e-05	1.0	185185.18518518517
chr6	23835083	23835154	RNA8289	71	18	0.08863950741917709	1.4704200111737007e-05	0.8888888888888888	253521.12676056338
chr6	23835545	23835617	RNA8290	72	20	0.0015621786725659938	1.469984999857843e-05	1.0	277777.7777777778
chr6	23835556	23835629	RNA8291	73	20	0.00156438364756467	1.4700700376124589e-05	1.0	273972.602739726
chr6	23835609	23835681	RNA8292	72	17	0.0005198110095935663	1.470159986638464e-05	1.0	236111.1111111111
chr6	23836020	23836092	RNA8293	72	11	1.0694045654831411e-05	0.0	1.0	152777.77777777778
chr6	23836275	23836347	RNA8294	72	17	0.059298331694876916	0.0	0.9411764705882353	236111.1111111111
chr6	23836864	23836937	RNA8295	73	21	2.169628571988584e-05	0.0	1.0	287671.23287671234
chr6	23836865	23836938	RNA8296	73	21	2.169628571988584e-05	0.0	1.0	287671.23287671234
chr6	23837108	23837189	RNA8297	81	17	1.1239876531523323e-05	0.0	1.0	209876.54320987655
chr6	23945704	23945776	RNA8298	72	13	0.04330677433811685	0.0	0.8461538461538461	180555.55555555556
chr6	23991430	23991511	RNA8299	81	0				0.0
chr6	24647518	24647594	RNA8300	75	13	1.8592746528156327e-05	1.47024002217222e-05	1.0	173333.33333333334
chr6	25620760	25620841	RNA8301	81	18	7.511419703909934e-05	1.4696599919261644e-05	1.0	222222.22222222222
chr6	25620820	25620891	RNA8302	71	14	0.012796563668221737	1.469724975322606e-05	0.9285714285714286	197183.0985915493
chr6	25621107	25621180	RNA8303	73	13	6.333006876956783e-05	0.0	1.0	178082.19178082192
chr6	25621711	25621782	RNA8304	71	14	1.2599942627795307e-05	7.348399776674342e-06	1.0	197183.0985915493
chr6	25622022	25622094	RNA8305	72	16	8.910404767447635e-05	7.348399776674342e-06	1.0	222222.22222222222
chr6	25622148	25622220	RNA8306	72	10	1.6167650028364732e-05	1.4698100130772218e-05	1.0	138888.8888888889
chr6	25622225	25622297	RNA8307	72	8	7.349637485276617e-06	7.349050065386109e-06	1.0	111111.11111111111
chr6	25623580	25623661	RNA8308	81	19	1.7792731724559825e-05	1.4696799553348685e-05	1.0	234567.9012345679
chr6	25623641	25623712	RNA8309	71	8	1.1025737421732629e-05	1.4698749964736635e-05	1.0	112676.05633802817
chr6	25623827	25623899	RNA8310	72	12	0.08334068239173577	1.4697050119139021e-05	0.9166666666666666	166666.66666666666
chr6	25644170	25644242	RNA8311	72	13	1.0191030714150447e-05	0.0	1.0	180555.55555555556
chr6	25644376	25644457	RNA8312	81	13	0.07839872376511127	1.4730099792359397e-05	0.9230769230769231	160493.82716049382
chr6	25644389	25644460	RNA8313	71	12	0.08346827640571064	1.4718649708811427e-05	0.9166666666666666	169014.08450704225
chr6	25645170	25645241	RNA8314	71	11	0.01891525744634814	1.4696799553348685e-05	0.9090909090909091	154929.57746478872
chr6	25645511	25645583	RNA8315	72	26	0.038508507838706955	1.4698300219606608e-05	0.9615384615384616	361111.1111111111
chr6	25645654	25645725	RNA8316	71	7	6.933503014545894e-05	0.0	1.0	98591.54929577465
chr6	25645894	25645965	RNA8317	71	16	0.01714077053338769	0.0	0.9375	225352.11267605633
chr6	25646261	25646333	RNA8318	72	13	7.920653912990998e-06	0.0	1.0	180555.55555555556
chr6	25646262	25646333	RNA8319	71	13	7.920653912990998e-06	0.0	1.0	183098.5915492958
chr6	25646525	25646597	RNA8320	72	9	0.04286051614791277	1.4709799870615823e-05	0.8888888888888888	125000.0
chr6	25646627	25646708	RNA8321	81	17	1.0419641137767922e-05	0.0	1.0	209876.54320987655
chr6	25646750	25646821	RNA8322	71	16	2.8529831070041023e-05	7.36050014893408e-06	1.0	225352.11267605633
chr6	25646887	25646968	RNA8323	81	16	2.11869751183215e-05	1.4727350389875937e-05	1.0	197530.86419753084
chr6	25646947	25647028	RNA8324	81	9	3.603942210853551e-05	2.9470700610545464e-05	1.0	111111.11111111111
chr6	25647283	25647355	RNA8325	72	13	0.05599450926015728	1.474839973525377e-05	0.9230769230769231	180555.55555555556
chr6	25647326	25647398	RNA8326	72	19	0.03831746445695515	1.4745300177310128e-05	0.9473684210526315	263888.8888888889
chr6	25647473	25647546	RNA8327	73	9	0.00010147505387672284	1.4727999769093005e-05	1.0	123287.6712328767
chr6	25647570	25647642	RNA8328	72	9	1.145629984320193e-05	0.0	1.0	125000.0
chr6	25647761	25647842	RNA8329	81	19	2.6344226362673798e-05	0.0	1.0	234567.9012345679
chr6	25647909	25647980	RNA8330	71	14	1.0518985878401768e-05	7.36245010557468e-06	1.0	197183.0985915493
chr6	25647991	25648063	RNA8331	72	12	4.049985075956058e-05	7.360949894064106e-06	1.0	166666.66666666666
chr6	25648029	25648101	RNA8332	72	11	4.4183509999125674e-05	1.472670010116417e-05	1.0	152777.77777777778
chr6	25648065	25648137	RNA8333	72	13	0.002919621263572466	1.472670010116417e-05	1.0	180555.55555555556
chr6	25648377	25648449	RNA8334	72	6	1.4724649796941472e-05	7.361600182775874e-06	1.0	83333.33333333333
chr6	25648658	25648729	RNA8335	71	12	1.226665843508575e-05	0.0	1.0	169014.08450704225
chr6	25648697	25648770	RNA8336	73	18	4.334129946275251e-05	7.358799848589115e-06	1.0	246575.3424657534
chr6	25648772	25648845	RNA8337	73	12	3.0670208237397936e-05	1.471799987484701e-05	1.0	164383.5616438356
chr6	25648825	25648897	RNA8338	72	11	0.00013239639478838323	0.0	1.0	152777.77777777778
chr6	25649113	25649185	RNA8339	72	10	5.0016050863623355e-05	2.206294948337018e-05	1.0	138888.8888888889
chr6	25649155	25649228	RNA8340	73	9	4.413242307539299e-05	1.471149971621344e-05	1.0	123287.6712328767
chr6	25649164	25649236	RNA8341	72	9	2.4517388939986835e-05	1.471149971621344e-05	1.0	125000.0
chr6	25649189	25649261	RNA8342	72	6	1.495454974550133e-05	7.359849860222312e-06	1.0	83333.33333333333
chr6	25649311	25649383	RNA8343	72	13	2.6033615540648962e-05	1.4717100384586956e-05	1.0	180555.55555555556
chr6	25649734	25649806	RNA8344	72	12	0.012335703565668148	0.0	0.9166666666666666	166666.66666666666
chr6	25650011	25650083	RNA8345	72	20	0.0005880732924651844	1.4702650332765188e-05	1.0	277777.7777777778
chr6	25650024	25650095	RNA8346	71	20	0.0005888083074751072	1.4702650332765188e-05	1.0	281690.1408450704
chr6	25650181	25650252	RNA8347	71	5	5.881240031158086e-06	0.0	1.0	70422.5352112676
chr6	25650630	25650702	RNA8348	72	15	1.6658333333907648e-05	1.4696799553348685e-05	1.0	208333.33333333334
chr6	25650634	25650706	RNA8349	72	15	1.8618140044660927e-05	1.4697199731017465e-05	1.0	208333.33333333334
chr6	25651123	25651204	RNA8350	81	12	9.064837437714044e-05	7.349050065386109e-06	1.0	148148.14814814815
chr6	25651245	25651317	RNA8351	72	10	5.879239961359417e-06	0.0	1.0	138888.8888888889
chr6	25651785	25651866	RNA8352	81	14	9.449857121321007e-06	7.347749942709925e-06	1.0	172839.5061728395
chr6	25651795	25651867	RNA8353	72	13	1.0176769207576468e-05	1.469549988541985e-05	1.0	180555.55555555556
chr6	26664783	26664860	RNA8354	77	0				0.0
chr6	26664844	26664925	RNA8355	81	0				0.0
chr6	26664995	26665076	RNA8356	81	0				0.0
chr6	26665014	26665087	RNA8357	73	0				0.0
chr6	26665080	26665151	RNA8358	71	0				0.0
chr6	26665218	26665290	RNA8359	72	0				0.0
chr6	26665238	26665319	RNA8360	81	0				0.0
chr6	26665284	26665356	RNA8361	72	0				0.0
chr6	26665327	26665399	RNA8362	72	0				0.0
chr6	26665448	26665521	RNA8363	71	0				0.0
chr6	26665567	26665649	RNA8364	82	0				0.0
chr6	26665651	26665732	RNA8365	81	0				0.0
chr6	26665734	26665806	RNA8366	72	0				0.0
chr6	26665793	26665865	RNA8367	72	0				0.0
chr6	26665961	26666033	RNA8368	72	0				0.0
chr6	26666052	26666124	RNA8369	72	0				0.0
chr6	26666076	26666151	RNA8370	75	0				0.0
chr6	26666090	26666161	RNA8371	71	0				0.0
chr6	26666137	26666208	RNA8372	71	0				0.0
chr6	26666269	26666341	RNA8373	72	0				0.0
chr6	26666357	26666438	RNA8374	81	0				0.0
chr6	26666369	26666441	RNA8375	72	0				0.0
chr6	26666392	26666464	RNA8376	72	0				0.0
chr6	26666395	26666468	RNA8377	73	0				0.0
chr6	26666480	26666552	RNA8378	72	0				0.0
chr6	26666582	26666654	RNA8379	72	0				0.0
chr6	26666677	26666749	RNA8380	72	0				0.0
chr6	26666679	26666750	RNA8381	71	0				0.0
chr6	26666710	26666782	RNA8382	72	0				0.0
chr6	26666877	26666949	RNA8383	72	0				0.0
chr6	26667006	26667078	RNA8384	72	0				0.0
chr6	26667144	26667225	RNA8385	81	0				0.0
chr6	26667169	26667250	RNA8386	81	0				0.0
chr6	26667462	26667543	RNA8387	81	0				0.0
chr6	26667486	26667567	RNA8388	81	0				0.0
chr6	26667512	26667601	RNA8389	89	0				0.0
chr6	26667585	26667666	RNA8390	81	0				0.0
chr6	26667819	26667891	RNA8391	72	0				0.0
chr6	26667825	26667897	RNA8392	72	0				0.0
chr6	26667840	26667921	RNA8393	81	0				0.0
chr6	26668317	26668390	RNA8394	73	0				0.0
chr6	26668358	26668430	RNA8395	72	0				0.0
chr6	26668546	26668627	RNA8396	81	0				0.0
chr6	26668577	26668649	RNA8397	72	0				0.0
chr6	26668646	26668727	RNA8398	81	0				0.0
chr6	26668657	26668729	RNA8399	72	0				0.0
chr6	26668679	26668751	RNA8400	72	0				0.0
chr6	26668825	26668897	RNA8401	72	0				0.0
chr6	26668917	26668989	RNA8402	68	0				0.0
chr6	26668922	26668994	RNA8403	68	0				0.0
chr6	26668990	26669063	RNA8404	73	0				0.0
chr6	26669034	26669107	RNA8405	73	0				0.0
chr6	26669108	26669179	RNA8406	71	0				0.0
chr6	26669120	26669193	RNA8407	73	0				0.0
chr6	26669126	26669197	RNA8408	71	0				0.0
chr6	26669236	26669308	RNA8409	72	0				0.0
chr6	26669395	26669468	RNA8410	73	0				0.0
chr6	26669416	26669488	RNA8411	72	0				0.0
chr6	26669509	26669581	RNA8412	72	0				0.0
chr6	26669562	26669634	RNA8413	72	0				0.0
chr6	26669835	26669906	RNA8414	71	0				0.0
chr6	26669840	26669912	RNA8415	72	0				0.0
chr6	26669881	26669952	RNA8416	71	0				0.0
chr6	26669934	26670006	RNA8417	72	0				0.0
chr6	26669959	26670032	RNA8418	73	0				0.0
chr6	26669991	26670072	RNA8419	81	0				0.0
chr6	26670053	26670125	RNA8420	72	0				0.0
chr6	26670083	26670190	RNA8421	107	0				0.0
chr6	26670088	26670160	RNA8422	72	0				0.0
chr6	26670156	26670227	RNA8423	71	0				0.0
chr6	26670227	26670358	RNA8424	131	0				0.0
chr6	26670451	26670522	RNA8425	71	0				0.0
chr6	26670568	26670639	RNA8426	71	0				0.0
chr6	26670637	26670709	RNA8427	69	0				0.0
chr6	26670643	26670714	RNA8428	68	0				0.0
chr6	26670661	26670733	RNA8429	69	0				0.0
chr6	26688336	26688408	RNA8430	0	0				
chr6	26689467	26689539	RNA8431	0	0				
chr6	26689888	26689960	RNA8432	0	0				
chr6	26690216	26690288	RNA8433	0	0				
chr6	26690217	26690289	RNA8434	0	0				
chr6	26690333	26690405	RNA8435	0	0				
chr6	26690887	26690959	RNA8436	0	0				
chr6	26691164	26691237	RNA8437	0	0				
chr6	26692881	26692953	RNA8438	0	0				
chr6	26694095	26694168	RNA8439	0	0				
chr6	26694930	26695002	RNA8440	0	0				
chr6	26695019	26695091	RNA8441	0	0				
chr6	26695724	26695796	RNA8442	0	0				
chr6	26695952	26696024	RNA8443	0	0				
chr6	26696165	26696237	RNA8444	0	0				
chr6	26696327	26696400	RNA8445	0	0				
chr6	26696783	26696855	RNA8446	0	0				
chr6	26733492	26733565	RNA8447	0	0				
chr6	26733500	26733582	RNA8448	0	0				
chr6	26733640	26733712	RNA8449	0	0				
chr6	26733665	26733738	RNA8450	0	0				
chr6	26733769	26733841	RNA8451	0	0				
chr6	26733807	26733879	RNA8452	0	0				
chr6	26733856	26733928	RNA8453	0	0				
chr6	26734139	26734211	RNA8454	0	0				
chr6	26734462	26734534	RNA8455	0	0				
chr6	26734491	26734564	RNA8456	0	0				
chr6	26734882	26734954	RNA8457	0	0				
chr6	26735019	26735091	RNA8458	0	0				
chr6	26735092	26735164	RNA8459	0	0				
chr6	26738369	26738441	RNA8460	0	0				
chr6	26739254	26739326	RNA8461	72	0				0.0
chr6	26741999	26742071	RNA8462	72	0				0.0
chr6	26742587	26742659	RNA8463	72	0				0.0
chr6	26744631	26744703	RNA8464	72	0				0.0
chr6	26748665	26748737	RNA8465	72	0				0.0
chr6	26750103	26750175	RNA8466	72	0				0.0
chr6	26750180	26750252	RNA8467	72	0				0.0
chr6	26750440	26750512	RNA8468	72	0				0.0
chr6	26803708	26803780	RNA8469	0	0				
chr6	26803773	26803844	RNA8470	0	0				
chr6	26804463	26804535	RNA8471	0	0				
chr6	26806614	26806686	RNA8472	0	0				
chr6	26807426	26807498	RNA8473	0	0				
chr6	26810021	26810092	RNA8474	0	0				
chr6	26812654	26812727	RNA8475	0	0				
chr6	26830125	26830197	RNA8476	0	0				
chr6	26833959	26834031	RNA8477	72	0				0.0
chr6	26835435	26835507	RNA8478	72	0				0.0
chr6	26855659	26855731	RNA8479	72	0				0.0
chr6	27059970	27060041	RNA8480	71	0				0.0
chr6	27060014	27060085	RNA8481	71	0				0.0
chr6	27060084	27060165	RNA8482	81	0				0.0
chr6	27060119	27060200	RNA8483	81	0				0.0
chr6	27060123	27060194	RNA8484	71	0				0.0
chr6	27060140	27060221	RNA8485	81	0				0.0
chr6	27060254	27060326	RNA8486	72	0				0.0
chr6	27060271	27060344	RNA8487	73	0				0.0
chr6	27132809	27132890	RNA8488	81	26	1.6396757858337958e-05	0.0	1.0	320987.65432098764
chr6	27132817	27132898	RNA8489	81	26	1.6961953965963203e-05	0.0	1.0	320987.65432098764
chr6	27132875	27132957	RNA8490	82	28	1.6275342984169138e-05	0.0	1.0	341463.4146341464
chr6	27132881	27132962	RNA8491	81	26	1.809268860596891e-05	0.0	1.0	320987.65432098764
chr6	27132893	27132964	RNA8492	71	15	9.799626665577913e-06	0.0	1.0	211267.6056338028
chr6	27132908	27132980	RNA8493	72	18	9.799505682571584e-06	0.0	1.0	250000.0
chr6	27132929	27133000	RNA8494	71	16	3.493024451017597e-05	0.0	1.0	225352.11267605633
chr6	27137483	27137555	RNA8495	72	20	1.3231600087237894e-05	0.0	1.0	277777.7777777778
chr6	27141559	27141631	RNA8496	72	7	1.0497285594673095e-05	0.0	1.0	97222.22222222222
chr6	27148107	27148179	RNA8497	72	9	2.2865721904145998e-05	1.4698500308440998e-05	1.0	125000.0
chr6	27151550	27151623	RNA8498	73	13	9.063977044066774e-06	0.0	1.0	178082.19178082192
chr6	27151804	27151876	RNA8499	72	13	1.4703592359392833e-05	0.0	1.0	180555.55555555556
chr6	27159774	27159846	RNA8500	72	12	5.021692413719487e-05	0.0	1.0	166666.66666666666
chr6	27159986	27160059	RNA8501	73	19	5.723647906338863e-05	1.4697199731017465e-05	1.0	260273.9726027397
chr6	27163879	27163960	RNA8502	81	15	0.13333828561347522	0.0	0.8666666666666667	185185.18518518517
chr6	27164034	27164107	RNA8503	73	10	0.0001425827677848952	2.9402700420178007e-05	1.0	136986.301369863
chr6	27165740	27165812	RNA8504	72	0				0.0
chr6	27167148	27167220	RNA8505	72	0				0.0
chr6	27167818	27167899	RNA8506	81	0				0.0
chr6	27168828	27168909	RNA8507	81	0				0.0
chr6	27169183	27169254	RNA8508	71	0				0.0
chr6	27169582	27169655	RNA8509	73	0				0.0
chr6	27170261	27170333	RNA8510	72	0				0.0
chr6	27171228	27171299	RNA8511	71	0				0.0
chr6	27171291	27171364	RNA8512	71	0				0.0
chr6	27171389	27171470	RNA8513	81	0				0.0
chr6	27173174	27173247	RNA8514	73	0				0.0
chr6	27174412	27174484	RNA8515	72	0				0.0
chr6	27220336	27220408	RNA8516	72	9	0.00032836953970317805	1.4698500308440998e-05	1.0	125000.0
chr6	27221087	27221168	RNA8517	81	19	4.7239420813348604e-05	0.0	1.0	234567.9012345679
chr6	27221169	27221241	RNA8518	72	14	0.003479048933578655	1.4703899978485424e-05	1.0	194444.44444444444
chr6	27221613	27221685	RNA8519	72	20	1.691756515356228e-05	0.0	1.0	277777.7777777778
chr6	27221876	27221957	RNA8520	81	17	0.009591184373782776	1.470159986638464e-05	0.9411764705882353	209876.54320987655
chr6	27223226	27223307	RNA8521	81	10	1.93741903785849e-05	1.4924600236554397e-05	1.0	123456.79012345678
chr6	27223678	27223760	RNA8522	82	13	3.505832242248481e-05	1.4699399798701052e-05	1.0	158536.58536585365
chr6	27224179	27224250	RNA8523	71	15	4.3317066047161005e-05	1.4706700312672185e-05	1.0	211267.6056338028
chr6	27227945	27228027	RNA8524	82	12	0.00012507342444222446	1.4705649846291635e-05	1.0	146341.46341463414
chr6	27231869	27231941	RNA8525	72	15	0.005876316947190676	0.0	0.9333333333333333	208333.33333333334
chr6	27233007	27233079	RNA8526	72	0				0.0
chr6	27235350	27235432	RNA8527	82	15	2.254325978961958e-05	1.4699799976369832e-05	1.0	182926.82926829267
chr6	27235823	27235895	RNA8528	72	17	4.193975168805469e-05	0.0	1.0	236111.1111111111
chr6	27240638	27240720	RNA8529	82	17	1.2105329433860093e-05	1.469590006308863e-05	1.0	207317.0731707317
chr6	27241030	27241102	RNA8530	72	23	1.7892669585187807e-05	1.469590006308863e-05	1.0	319444.44444444444
chr6	27241393	27241465	RNA8531	72	12	0.0014402070116072173	1.4697200185764814e-05	1.0	166666.66666666666
chr6	27261462	27261534	RNA8532	72	11	0.10126539566003469	1.4707199625263456e-05	0.8181818181818182	152777.77777777778
chr6	27261492	27261565	RNA8533	73	14	1.1553550198836352e-05	0.0	1.0	191780.8219178082
chr6	27263316	27263389	RNA8534	73	12	0.10056288982847643	1.4702649878017835e-05	0.8333333333333334	164383.5616438356
chr6	27264375	27264448	RNA8535	73	7	4.199514218531217e-06	0.0	1.0	95890.4109589041
chr6	27266706	27266779	RNA8536	73	12	9.79949163593119e-06	0.0	1.0	164383.5616438356
chr6	27274778	27274851	RNA8537	73	7	8.39971419606757e-06	1.4697699953103438e-05	1.0	95890.4109589041
chr6	27275004	27275077	RNA8538	73	11	9.354236350521784e-06	1.4697199731017465e-05	1.0	150684.9315068493
chr6	27275327	27275399	RNA8539	72	20	0.010255003183965519	0.0	0.95	277777.7777777778
chr6	27275356	27275437	RNA8540	81	17	8.694976553242133e-06	0.0	1.0	209876.54320987655
chr6	27275365	27275436	RNA8541	71	15	9.854306760341085e-06	0.0	1.0	211267.6056338028
chr6	27275398	27275479	RNA8542	81	15	8.827406782074832e-06	0.0	1.0	185185.18518518517
chr6	27275469	27275550	RNA8543	81	13	0.0025338655774388664	1.4703299711982254e-05	1.0	160493.82716049382
chr6	27275511	27275583	RNA8544	72	16	0.0020569270878922894	0.0	1.0	222222.22222222222
chr6	27275539	27275620	RNA8545	81	23	0.0006705785953391021	0.0	1.0	283950.6172839506
chr6	27275549	27275620	RNA8546	71	18	1.6334055089824365e-05	0.0	1.0	253521.12676056338
chr6	27275595	27275667	RNA8547	72	16	0.005322433438891486	7.349499810516136e-06	0.9375	222222.22222222222
chr6	27275608	27275689	RNA8548	81	15	0.005664524102030551	0.0	0.9333333333333333	185185.18518518517
chr6	27275624	27275705	RNA8549	81	18	0.05454278176785011	1.470219967814046e-05	0.8888888888888888	222222.22222222222
chr6	27275889	27275970	RNA8550	81	10	4.410911169543377e-05	0.0	1.0	123456.79012345678
chr6	27275972	27276043	RNA8551	71	14	0.006069436847415737	1.4697899587190477e-05	0.9285714285714286	197183.0985915493
chr6	27276011	27276092	RNA8552	81	14	3.886096341634578e-05	1.4695050140289823e-05	1.0	172839.5061728395
chr6	27276093	27276165	RNA8553	72	8	5.51286245809024e-06	0.0	1.0	111111.11111111111
chr6	27276111	27276182	RNA8554	71	9	4.90066668135114e-06	0.0	1.0	126760.56338028169
chr6	27276228	27276301	RNA8555	73	10	0.00367645959340733	1.4700699921377236e-05	1.0	136986.301369863
chr6	27276228	27276309	RNA8556	81	11	0.0033422359940066637	1.4697699953103438e-05	1.0	135802.46913580247
chr6	27276252	27276333	RNA8557	81	15	0.0024627284353603745	1.4696799553348685e-05	1.0	185185.18518518517
chr6	27276280	27276353	RNA8558	73	14	0.001015216526606566	7.348399776674342e-06	1.0	191780.8219178082
chr6	27276415	27276486	RNA8559	71	13	0.003157181073360187	0.0	1.0	183098.5915492958
chr6	27276494	27276566	RNA8560	72	5	8.832359890220689e-06	0.0	1.0	69444.44444444445
chr6	27276510	27276582	RNA8561	72	7	6.308828493014777e-06	0.0	1.0	97222.22222222222
chr6	27276521	27276602	RNA8562	81	8	1.4721675142936874e-05	0.0	1.0	98765.43209876542
chr6	27276560	27276632	RNA8563	72	13	1.0196154037727796e-05	0.0	1.0	180555.55555555556
chr6	27276563	27276645	RNA8564	82	16	9.205306412241043e-06	0.0	1.0	195121.9512195122
chr6	27276629	27276702	RNA8565	73	22	1.0708536509892754e-05	0.0	1.0	301369.8630136986
chr6	27276653	27276725	RNA8566	72	22	2.0071682022464727e-05	1.4720999843120808e-05	1.0	305555.55555555556
chr6	27276713	27276794	RNA8567	81	25	3.0122180833124486e-05	1.4723599633725826e-05	1.0	308641.97530864197
chr6	27276778	27276851	RNA8568	73	14	0.038165228826853435	7.414900210278574e-06	0.9285714285714286	191780.8219178082
chr6	27276813	27276894	RNA8569	81	14	0.0714405123785582	7.405199994536815e-06	0.9285714285714286	172839.5061728395
chr6	27276886	27276957	RNA8570	71	8	1.290410023102595e-05	1.4741450286237523e-05	1.0	112676.05633802817
chr6	27276911	27276983	RNA8571	72	12	6.0142373589163295e-05	7.365500096057076e-06	1.0	166666.66666666666
chr6	27277009	27277090	RNA8572	81	13	1.5847438659805517e-05	0.0	1.0	160493.82716049382
chr6	27277127	27277208	RNA8573	81	21	2.380397100274098e-05	0.0	1.0	259259.25925925924
chr6	27277148	27277229	RNA8574	81	20	2.8668694403672144e-05	1.4698749964736635e-05	1.0	246913.58024691357
chr6	27277169	27277242	RNA8575	73	20	2.866866943804258e-05	7.349250154220499e-06	1.0	273972.602739726
chr6	27277218	27277299	RNA8576	81	17	1.3839588117501562e-05	1.4698999621032272e-05	1.0	209876.54320987655
chr6	27277233	27277305	RNA8577	72	16	1.0113325060956413e-05	1.4700699921377236e-05	1.0	222222.22222222222
chr6	27545858	27545939	RNA8578	81	28	1.4698364436428943e-05	7.348200142587302e-06	1.0	345679.012345679
chr6	27545881	27545952	RNA8579	71	23	1.66154828231969e-05	1.469549988541985e-05	1.0	323943.661971831
chr6	27545882	27545954	RNA8580	72	23	1.66154828231969e-05	1.469549988541985e-05	1.0	319444.44444444444
chr6	27545887	27545959	RNA8581	72	19	1.6245558119982506e-05	1.469549988541985e-05	1.0	263888.8888888889
chr6	27545917	27545990	RNA8582	73	15	1.1757813445001375e-05	1.469549988541985e-05	1.0	205479.4520547945
chr6	27545921	27545992	RNA8583	71	14	7.348892852730517e-06	7.347749942709925e-06	1.0	197183.0985915493
chr6	27545950	27546031	RNA8584	81	26	6.783838426389803e-06	0.0	1.0	320987.65432098764
chr6	27545956	27546029	RNA8585	73	26	6.783838426389803e-06	0.0	1.0	356164.38356164383
chr6	27545971	27546043	RNA8586	72	26	7.349319205856703e-06	0.0	1.0	361111.1111111111
chr6	27545988	27546059	RNA8587	71	24	2.1436720885502164e-05	0.0	1.0	338028.1690140845
chr6	27546021	27546093	RNA8588	72	15	3.0378793417182553e-05	1.469549988541985e-05	1.0	208333.33333333334
chr6	27546036	27546107	RNA8589	71	14	2.9398835782295747e-05	0.0	1.0	197183.0985915493
chr6	27546050	27546131	RNA8590	81	11	3.741670008655822e-05	1.469549988541985e-05	1.0	135802.46913580247
chr6	27546099	27546170	RNA8591	71	6	0.00028904647266850037	7.348849976551719e-06	1.0	84507.04225352113
chr6	27546293	27546365	RNA8592	72	19	3.7904805953741945e-05	0.0	1.0	263888.8888888889
chr6	27546375	27546447	RNA8593	72	10	1.3225619932192328e-05	0.0	1.0	138888.8888888889
chr6	27546382	27546463	RNA8594	81	8	1.653202491524041e-05	0.0	1.0	98765.43209876542
chr6	27546404	27546511	RNA8595	107	21	5.741291594555003e-05	0.0	1.0	196261.68224299065
chr6	27546552	27546625	RNA8596	73	10	6.320927086561975e-05	1.4698299764859257e-05	1.0	136986.301369863
chr6	27546622	27546703	RNA8597	81	18	3.840565048246676e-05	0.0	1.0	222222.22222222222
chr6	27546629	27546700	RNA8598	71	16	8.294231236050109e-06	0.0	1.0	225352.11267605633
chr6	27546669	27546740	RNA8599	71	11	1.886802758897097e-05	1.4734099750057794e-05	1.0	154929.57746478872
chr6	27546771	27546842	RNA8600	71	23	1.6619113011984155e-05	1.4700700376124589e-05	1.0	323943.661971831
chr6	27546796	27546877	RNA8601	81	24	1.776437924642475e-05	1.4698300219606608e-05	1.0	296296.2962962963
chr6	27546858	27546939	RNA8602	81	21	0.0002962346518307552	0.0	1.0	259259.25925925924
chr6	27547003	27547075	RNA8603	72	17	0.00010766699731046041	1.4703299711982254e-05	1.0	236111.1111111111
chr6	27547014	27547095	RNA8604	80	21	8.91331597553478e-05	0.0	1.0	262500.0
chr6	27547051	27547122	RNA8605	70	18	0.0002669372873545646	7.399500191240804e-06	1.0	257142.85714285713
chr6	27547124	27547196	RNA8606	72	16	0.0007014525413637737	1.4710649793414632e-05	1.0	222222.22222222222
chr6	27547132	27547213	RNA8607	81	17	0.0006601906271659047	1.4707599802932236e-05	1.0	209876.54320987655
chr6	27547154	27547226	RNA8608	72	14	0.00011763067797281397	1.470005008741282e-05	1.0	194444.44444444444
chr6	27547165	27547237	RNA8609	72	12	0.0001311068661683115	7.349250154220499e-06	1.0	166666.66666666666
chr6	27547504	27547585	RNA8610	81	20	1.9847729754473723e-05	0.0	1.0	246913.58024691357
chr6	27547536	27547608	RNA8611	72	20	1.2503019843279208e-05	0.0	1.0	277777.7777777778
chr6	27547573	27547654	RNA8612	81	23	3.012911719965949e-05	0.0	1.0	283950.6172839506
chr6	27547577	27547649	RNA8613	72	19	3.415078916939169e-05	0.0	1.0	263888.8888888889
chr6	27547593	27547674	RNA8614	81	18	5.2670949925309605e-05	0.0	1.0	222222.22222222222
chr6	27549466	27549547	RNA8615	81	22	0.0013403605439634664	1.4701349755341653e-05	1.0	271604.93827160494
chr6	27550207	27550279	RNA8616	72	9	4.901188933419891e-06	0.0	1.0	125000.0
chr6	27551917	27551998	RNA8617	81	16	1.0111831386439007e-05	0.0	1.0	197530.86419753084
chr6	27552028	27552099	RNA8618	71	14	7.350664353517848e-06	0.0	1.0	197183.0985915493
chr6	27556526	27556599	RNA8619	73	10	1.7640060104895382e-05	1.4697699953103438e-05	1.0	136986.301369863
chr6	27556902	27556983	RNA8620	81	18	0.05559229883829174	0.0	0.9444444444444444	222222.22222222222
chr6	27558660	27558741	RNA8621	81	7	6.2995573638805325e-06	0.0	1.0	86419.75308641975
chr6	27560016	27560087	RNA8622	71	10	2.645852973727548e-05	7.347749942709925e-06	1.0	140845.0704225352
chr6	27560727	27560798	RNA8623	71	11	8.028400192084849e-06	0.0	1.0	154929.57746478872
chr6	27564272	27564344	RNA8624	72	13	0.002439055945265302	1.469590006308863e-05	1.0	180555.55555555556
chr6	27566635	27566716	RNA8625	81	17	0.0002810399465648889	0.0	1.0	209876.54320987655
chr6	27567915	27567988	RNA8626	73	12	1.1024041365696272e-05	0.0	1.0	164383.5616438356
chr6	27570583	27570664	RNA8627	81	11	0.0008595873383786566	1.4731400369782932e-05	1.0	135802.46913580247
chr6	27571305	27571377	RNA8628	72	12	6.125550119880548e-06	0.0	1.0	166666.66666666666
chr6	27571528	27571600	RNA8629	72	11	5.3446909243410285e-06	0.0	1.0	152777.77777777778
chr6	27584610	27584682	RNA8630	72	17	2.420954093822701e-05	1.4698500308440998e-05	1.0	236111.1111111111
chr6	27584691	27584763	RNA8631	72	8	1.837149966377183e-06	0.0	1.0	111111.11111111111
chr6	27585001	27585073	RNA8632	72	11	1.6037127352319658e-05	1.4698999621032272e-05	1.0	152777.77777777778
chr6	27590035	27590107	RNA8633	69	17	0.09583440172980984	7.845600339351222e-05	0.8823529411764706	246376.8115942029
chr6	27590252	27590325	RNA8634	73	21	0.00017263287801531874	1.47240998558118e-05	1.0	287671.23287671234
chr6	27590478	27590549	RNA8635	71	12	0.08339956540165379	1.470674988013343e-05	0.9166666666666666	169014.08450704225
chr6	27592597	27592669	RNA8636	72	20	5.881664992557489e-06	0.0	1.0	277777.7777777778
chr6	27593014	27593121	RNA8637	107	17	0.006227270369462899	1.4698999621032272e-05	0.9411764705882353	158878.5046728972
chr6	27597899	27597971	RNA8638	72	15	9.60674389716519e-05	1.4696799553348685e-05	1.0	208333.33333333334
chr6	27598743	27598824	RNA8639	81	17	0.00015216392720878235	1.469509970775107e-05	1.0	209876.54320987655
chr6	27604306	27604413	RNA8640	107	26	0.03843942509257221	0.0	0.9615384615384616	242990.65420560748
chr6	27606370	27606441	RNA8641	71	10	4.4092999814893116e-06	0.0	1.0	140845.0704225352
chr6	27606858	27606939	RNA8642	81	10	3.089902875217367e-05	0.0	1.0	123456.79012345678
chr6	27607360	27607467	RNA8643	107	13	2.1481437635459284e-05	0.0	1.0	121495.32710280374
chr6	27607858	27607931	RNA8644	73	11	9.39550897204423e-06	0.0	1.0	150684.9315068493
chr6	27614016	27614089	RNA8645	73	9	9.80051107843691e-06	1.4700300198455809e-05	1.0	123287.6712328767
chr6	27615925	27616032	RNA8646	107	24	7.962862506853222e-06	0.0	1.0	224299.06542056074
chr6	27619788	27619870	RNA8647	82	24	6.736308250765433e-06	0.0	1.0	292682.9268292683
chr6	27622819	27622892	RNA8648	73	18	2.698968324289409e-05	7.353999990300508e-06	1.0	246575.3424657534
chr6	27625568	27625641	RNA8649	73	10	1.1760380039049778e-05	1.4699400253448403e-05	1.0	136986.301369863
chr6	27627322	27627394	RNA8650	72	11	6.6845272654476995e-06	0.0	1.0	152777.77777777778
chr6	27627765	27627838	RNA8651	73	14	9.978080541778174e-05	1.4708250091644004e-05	1.0	191780.8219178082
chr6	27632474	27632555	RNA8652	81	8	0.00401501379803903	1.4699399798701052e-05	1.0	98765.43209876542
chr6	27633394	27633467	RNA8653	73	14	0.0002183875172444588	7.349050065386109e-06	1.0	191780.8219178082
chr6	27633413	27633494	RNA8654	81	14	0.00018269362440799592	0.0	1.0	172839.5061728395
chr6	27633536	27633608	RNA8655	72	10	4.851178091483412e-05	1.470005008741282e-05	1.0	138888.8888888889
chr6	27633608	27633680	RNA8656	72	8	9.1877624299741e-06	1.4696349808218656e-05	1.0	111111.11111111111
chr6	27633775	27633846	RNA8657	71	10	0.013474450982994301	1.470239976697485e-05	0.9	140845.0704225352
chr6	27633889	27633962	RNA8658	73	12	7.350958488435329e-06	0.0	1.0	164383.5616438356
chr6	27634011	27634082	RNA8659	71	10	7.349349925789284e-06	0.0	1.0	140845.0704225352
chr6	27634031	27634103	RNA8660	72	10	7.644320912731045e-05	0.0	1.0	138888.8888888889
chr6	27634087	27634168	RNA8661	81	12	0.0008784607698544135	1.469764993089484e-05	1.0	148148.14814814815
chr6	27634469	27634541	RNA8662	72	13	0.0003855822665522765	1.47024002217222e-05	1.0	180555.55555555556
chr6	27634937	27635008	RNA8663	71	8	3.307921258510723e-05	7.350350188062294e-06	1.0	112676.05633802817
chr6	27635038	27635110	RNA8664	72	12	1.347863318793492e-05	0.0	1.0	166666.66666666666
chr6	27635101	27635173	RNA8665	70	20	1.873686001090133e-05	7.365500096057076e-06	1.0	285714.2857142857
chr6	27635102	27635175	RNA8666	71	20	1.873686001090133e-05	7.365500096057076e-06	1.0	281690.1408450704
chr6	27635111	27635182	RNA8667	69	18	1.1018494458565126e-05	7.365500096057076e-06	1.0	260869.5652173913
chr6	27635193	27635265	RNA8668	72	12	6.132908310974017e-06	0.0	1.0	166666.66666666666
chr6	27635361	27635434	RNA8669	73	0				0.0
chr6	27635966	27636039	RNA8670	73	8	5.511787435352744e-06	0.0	1.0	109589.04109589041
chr6	27636025	27636097	RNA8671	72	17	0.05885292592976089	1.4698100130772218e-05	0.9411764705882353	236111.1111111111
chr6	27636300	27636373	RNA8672	73	11	1.2027081621371591e-05	1.4699799976369832e-05	1.0	150684.9315068493
chr6	27636335	27636406	RNA8673	71	8	9.186899887936306e-06	0.0	1.0	112676.05633802817
chr6	27636595	27636677	RNA8674	82	13	0.002452391765123488	0.0	1.0	158536.58536585365
chr6	27636680	27636751	RNA8675	71	13	0.0007043807178118848	0.0	1.0	183098.5915492958
chr6	27637235	27637307	RNA8676	72	19	0.05268504238392778	1.4716300029249396e-05	0.9473684210526315	263888.8888888889
chr6	27637313	27637385	RNA8677	72	22	5.947975817185491e-05	1.470025017624721e-05	1.0	305555.55555555556
chr6	27637410	27637491	RNA8678	81	11	1.7373236336094454e-05	1.470200004405342e-05	1.0	135802.46913580247
chr6	27637503	27637576	RNA8679	73	14	4.829722079842772e-05	1.4698349787067855e-05	1.0	191780.8219178082
chr6	27637595	27637666	RNA8680	71	20	5.148190030013211e-06	0.0	1.0	281690.1408450704
chr6	27637737	27637810	RNA8681	73	9	9.80613327151837e-06	1.47024002217222e-05	1.0	123287.6712328767
chr6	27638167	27638239	RNA8682	72	10	1.1764049850169372e-05	0.0	1.0	138888.8888888889
chr6	27638225	27638296	RNA8683	71	16	8.278362372493575e-06	0.0	1.0	225352.11267605633
chr6	27638558	27638629	RNA8684	71	21	0.00015555012374706895	0.0	1.0	295774.6478873239
chr6	27638593	27638665	RNA8685	72	12	2.4733175071863418e-05	1.4859549992252141e-05	1.0	166666.66666666666
chr6	27638840	27638913	RNA8686	73	12	4.536097533976462e-05	7.352949978667312e-06	1.0	164383.5616438356
chr6	27638903	27638975	RNA8687	72	14	0.00638716656262009	0.0	0.9285714285714286	194444.44444444444
chr6	27638910	27638992	RNA8688	82	15	0.005961357771836141	0.0	0.9333333333333333	182926.82926829267
chr6	27638930	27639001	RNA8689	71	15	0.005962338365194831	0.0	0.9333333333333333	211267.6056338028
chr6	27638995	27639076	RNA8690	81	10	1.1765610270231264e-05	1.4702650332765188e-05	1.0	123456.79012345678
chr6	27638998	27639069	RNA8691	71	10	1.1765610270231264e-05	1.4702650332765188e-05	1.0	140845.0704225352
chr6	27639152	27639223	RNA8692	71	11	0.00011096606786767153	1.470929964852985e-05	1.0	154929.57746478872
chr6	27639302	27639373	RNA8693	71	12	0.07413984652157524	1.4731900137121556e-05	0.9166666666666666	169014.08450704225
chr6	27639307	27639388	RNA8694	81	15	0.059313839903916234	1.47240998558118e-05	0.9333333333333333	185185.18518518517
chr6	27639309	27639382	RNA8695	73	13	0.06843791221987115	1.47240998558118e-05	0.9230769230769231	178082.19178082192
chr6	27639572	27639644	RNA8696	72	18	0.05557516063335141	1.4700449810334248e-05	0.9444444444444444	250000.0
chr6	27639586	27639693	RNA8697	107	18	0.05557026009460565	7.348200142587302e-06	0.9444444444444444	168224.29906542055
chr6	27639728	27639799	RNA8698	71	11	0.00012163965849057123	1.469590006308863e-05	1.0	154929.57746478872
chr6	27639764	27639836	RNA8699	72	11	6.68310903248229e-06	0.0	1.0	152777.77777777778
chr6	27639961	27640033	RNA8700	72	13	1.2452730795932719e-05	0.0	1.0	180555.55555555556
chr6	27856353	27856424	RNA8701	71	9	3.273555497192622e-06	0.0	1.0	126760.56338028169
chr6	27856421	27856494	RNA8702	70	10	7.456719868059736e-06	7.378349891951075e-06	1.0	142857.14285714284
chr6	27856434	27856505	RNA8703	68	9	4.986444360434285e-06	0.0	1.0	132352.9411764706
chr6	27856596	27856669	RNA8704	73	0				0.0
chr6	27856771	27856844	RNA8705	69	0				0.0
chr6	27856910	27856983	RNA8706	73	0				0.0
chr6	27856944	27857016	RNA8707	72	0				0.0
chr6	27857261	27857333	RNA8708	72	11	4.277976338264616e-05	1.4700300198455809e-05	1.0	152777.77777777778
chr6	27857868	27857938	RNA8709	70	10	5.878809952264419e-06	0.0	1.0	142857.14285714284
chr6	27858200	27858272	RNA8710	72	9	7.023119097640061e-05	1.4697199731017465e-05	1.0	125000.0
chr6	27858291	27858372	RNA8711	81	6	3.6749799316259255e-05	1.4699199709866662e-05	1.0	74074.07407407407
chr6	27858631	27858702	RNA8712	71	9	1.306964471344448e-05	0.0	1.0	126760.56338028169
chr6	27858811	27858892	RNA8713	81	12	2.4508666077357097e-06	0.0	1.0	148148.14814814815
chr6	27858967	27859038	RNA8714	71	11	1.3367572385256857e-05	1.4698500308440998e-05	1.0	154929.57746478872
chr6	27858970	27859051	RNA8715	81	13	1.1311022787525031e-05	0.0	1.0	160493.82716049382
chr6	27859153	27859226	RNA8716	73	15	1.4700867056186933e-05	0.0	1.0	205479.4520547945
chr6	27859266	27859339	RNA8717	73	11	1.870691862263513e-05	0.0	1.0	150684.9315068493
chr6	27859316	27859389	RNA8718	73	7	8.398599935130083e-06	0.0	1.0	95890.4109589041
chr6	27859415	27859487	RNA8719	72	14	1.0499535814493097e-05	0.0	1.0	194444.44444444444
chr6	27859456	27859529	RNA8720	73	12	2.0825375334728353e-05	1.4698999621032272e-05	1.0	164383.5616438356
chr6	27859794	27859866	RNA8721	72	13	1.0176500067105875e-05	1.4697199731017465e-05	1.0	180555.55555555556
chr6	27860372	27860444	RNA8722	72	15	0.007202677897475947	1.4696799553348685e-05	0.9333333333333333	208333.33333333334
chr6	27860382	27860453	RNA8723	71	16	1.4698106667763176e-05	7.347950031544315e-06	1.0	225352.11267605633
chr6	27860667	27860738	RNA8724	71	7	4.199714307365607e-06	0.0	1.0	98591.54929577465
chr6	27860730	27860812	RNA8725	82	10	4.410170004121028e-06	0.0	1.0	121951.21951219512
chr6	27860945	27861018	RNA8726	73	8	9.18603745958535e-06	7.347300197579898e-06	1.0	109589.04109589041
chr6	27861851	27861924	RNA8727	73	7	4.202242962492164e-06	0.0	1.0	95890.4109589041
chr6	27861934	27862006	RNA8728	72	20	1.3967499944554697e-05	0.0	1.0	277777.7777777778
chr6	27862065	27862147	RNA8729	82	8	2.389342580499192e-05	1.470200004405342e-05	1.0	97560.9756097561
chr6	27862246	27862328	RNA8730	82	15	1.8771046719242197e-05	1.477410023653647e-05	1.0	182926.82926829267
chr6	27893188	27893259	RNA8731	71	0				0.0
chr6	27893241	27893312	RNA8732	71	0				0.0
chr6	27944026	27944098	RNA8733	72	16	0.06293080124765993	7.349050065386109e-06	0.9375	222222.22222222222
chr6	27982332	27982413	RNA8734	81	16	4.5945344425030266e-05	1.4698099676024867e-05	1.0	197530.86419753084
chr6	28139776	28139857	RNA8735	81	14	4.094678466311693e-05	1.4696599919261644e-05	1.0	172839.5061728395
chr6	28140384	28140465	RNA8736	81	8	0.09820872471721032	0.0	0.875	98765.43209876542
chr6	28141072	28141143	RNA8737	68	9	0.00026737327789304804	1.4713699783897027e-05	1.0	132352.9411764706
chr6	28141211	28141283	RNA8738	72	16	3.674803832609427e-05	0.0	1.0	222222.22222222222
chr6	28160161	28160234	RNA8739	73	12	6.123849895326809e-06	0.0	1.0	164383.5616438356
chr6	28199431	28199512	RNA8740	81	14	1.2601392817095366e-05	0.0	1.0	172839.5061728395
chr6	28199583	28199655	RNA8741	72	11	0.0005735517646495475	1.4699399798701052e-05	1.0	152777.77777777778
chr6	28202101	28202182	RNA8742	81	12	1.4697849792355555e-05	7.349499810516136e-06	1.0	148148.14814814815
chr6	28211932	28212013	RNA8743	81	18	0.00042976565060193987	0.0	1.0	222222.22222222222
chr6	28219006	28219087	RNA8744	81	16	1.470322462182469e-05	0.0	1.0	197530.86419753084
chr6	28224246	28224327	RNA8745	81	10	8.826680095808115e-06	7.353350156336092e-06	1.0	123456.79012345678
chr6	28234560	28234642	RNA8746	82	19	0.0032418927496205598	1.4705899957334624e-05	0.9473684210526315	231707.31707317074
chr6	28234697	28234769	RNA8747	72	9	2.123255530427236e-05	1.4699399798701052e-05	1.0	125000.0
chr6	28264349	28264422	RNA8748	73	11	4.679203745829119e-05	0.0	1.0	150684.9315068493
chr6	28265346	28265419	RNA8749	73	5	1.7651120288064703e-05	1.4706300135003405e-05	1.0	68493.1506849315
chr6	28265947	28266019	RNA8750	72	4	6.981457750041395e-05	7.350150099227904e-06	1.0	55555.555555555555
chr6	28304230	28304311	RNA8751	81	0				0.0
chr6	28307870	28307942	RNA8752	72	12	1.5936191933478525e-05	7.353150067501702e-06	1.0	166666.66666666666
chr6	28309186	28309267	RNA8753	81	10	3.235100975870422e-05	0.0	1.0	123456.79012345678
chr6	28311347	28311419	RNA8754	72	11	0.0011545733144554362	1.4698500308440998e-05	1.0	152777.77777777778
chr6	28311819	28311890	RNA8755	71	3	0.00020085032641266667	0.0	1.0	42253.52112676056
chr6	28312725	28312796	RNA8756	71	15	0.00021537687043745717	1.4701099644298664e-05	1.0	211267.6056338028
chr6	28370989	28371062	RNA8757	73	14	7.351764387359643e-06	0.0	1.0	191780.8219178082
chr6	28371999	28372080	RNA8758	81	17	6.0694706275278484e-06	0.0	1.0	209876.54320987655
chr6	28375771	28375844	RNA8759	73	7	2.0994857550249435e-06	0.0	1.0	95890.4109589041
chr6	28445276	28445348	RNA8760	72	19	0.052727356067216055	1.489870010118466e-05	0.9473684210526315	263888.8888888889
chr6	28448066	28448147	RNA8761	81	0				0.0
chr6	28448085	28448166	RNA8762	81	0				0.0
chr6	28448280	28448353	RNA8763	73	0				0.0
chr6	28448443	28448516	RNA8764	73	0				0.0
chr6	28448726	28448799	RNA8765	73	0				0.0
chr6	28448778	28448851	RNA8766	73	0				0.0
chr6	28502224	28502297	RNA8767	73	0				0.0
chr6	28502245	28502318	RNA8768	73	0				0.0
chr6	28502261	28502342	RNA8769	81	0				0.0
chr6	28502285	28502358	RNA8770	73	0				0.0
chr6	28502322	28502393	RNA8771	71	0				0.0
chr6	28502411	28502484	RNA8772	73	0				0.0
chr6	28502419	28502500	RNA8773	81	0				0.0
chr6	28502522	28502603	RNA8774	81	0				0.0
chr6	28503111	28503182	RNA8775	71	0				0.0
chr6	28503184	28503265	RNA8776	81	0				0.0
chr6	28536127	28536199	RNA8777	72	14	1.4699585530511935e-05	7.349050065386109e-06	1.0	194444.44444444444
chr6	28536507	28536588	RNA8778	81	6	9.799100098462077e-06	1.4697250207973411e-05	1.0	74074.07407407407
chr6	28538588	28538660	RNA8779	72	15	4.311608796948192e-05	1.4699799976369832e-05	1.0	208333.33333333334
chr6	28541860	28541941	RNA8780	81	22	0.04545789001390817	1.4700499832542846e-05	0.9545454545454546	271604.93827160494
chr6	28547073	28547144	RNA8781	71	11	6.421982776702854e-05	1.471189989388222e-05	1.0	154929.57746478872
chr6	28547642	28547723	RNA8782	81	12	3.6762832375340313e-06	0.0	1.0	148148.14814814815
chr6	28554578	28554649	RNA8783	71	8	7.348825079134258e-06	0.0	1.0	112676.05633802817
chr6	28557611	28557682	RNA8784	71	15	3.342481328823851e-05	1.4743200154043734e-05	1.0	211267.6056338028
chr6	28559104	28559176	RNA8785	72	13	4.522192214678328e-06	0.0	1.0	180555.55555555556
chr6	28559315	28559388	RNA8786	73	7	0.1463109828285139	5.878549927729182e-05	0.8571428571428571	95890.4109589041
chr6	28561424	28561496	RNA8787	72	9	6.594133285236441e-06	0.0	1.0	125000.0
chr6	28561424	28561505	RNA8788	81	10	1.5345599967986347e-05	0.0	1.0	123456.79012345678
chr6	28566768	28566844	RNA8789	76	14	5.9858765195831234e-05	1.469724975322606e-05	1.0	184210.52631578947
chr6	28567288	28567369	RNA8790	81	12	1.4702649953809063e-05	1.4701150121254614e-05	1.0	148148.14814814815
chr6	28568371	28568442	RNA8791	71	7	3.3595556617773506e-05	1.4697699953103438e-05	1.0	98591.54929577465
chr6	28568480	28568552	RNA8792	72	6	1.2249783291432928e-05	1.4698300219606608e-05	1.0	83333.33333333333
chr6	28568616	28568687	RNA8793	71	7	8.400771548622288e-06	1.4697699953103438e-05	1.0	98591.54929577465
chr6	28568981	28569052	RNA8794	71	9	1.4699288537182534e-05	0.0	1.0	126760.56338028169
chr6	28569022	28569094	RNA8795	72	14	9.449021360653984e-06	0.0	1.0	194444.44444444444
chr6	28569029	28569110	RNA8796	81	15	8.819086603277053e-06	0.0	1.0	185185.18518518517
chr6	28569372	28569453	RNA8797	81	8	7.350612577283755e-06	0.0	1.0	98765.43209876542
chr6	28569607	28569678	RNA8798	71	9	9.802766726352274e-06	0.0	1.0	126760.56338028169
chr6	28569922	28569993	RNA8799	71	5	2.942224055004772e-05	1.4718900274601763e-05	1.0	70422.5352112676
chr6	28570146	28570219	RNA8800	73	9	9.799755490449672e-06	1.4697699953103438e-05	1.0	123287.6712328767
chr6	28570279	28570350	RNA8801	71	5	1.1761259884224273e-05	0.0	1.0	70422.5352112676
chr6	28570396	28570469	RNA8802	73	14	0.0017562376762855602	1.4702900443808176e-05	1.0	191780.8219178082
chr6	28630088	28630159	RNA8803	71	15	9.800340073221984e-06	1.4697199731017465e-05	1.0	211267.6056338028
chr6	28630504	28630575	RNA8804	71	16	1.0103343697664968e-05	0.0	1.0	225352.11267605633
chr6	28630553	28630624	RNA8805	71	17	0.05880537072334845	0.0	0.9411764705882353	239436.61971830984
chr6	28630927	28630998	RNA8806	71	9	1.3065322390401787e-05	1.4697699953103438e-05	1.0	126760.56338028169
chr6	28630993	28631066	RNA8807	73	10	0.006333602192989912	1.469764993089484e-05	0.9	136986.301369863
chr6	28631181	28631288	RNA8808	107	19	0.0009342752022539922	1.4697199731017465e-05	1.0	177570.0934579439
chr6	28631286	28631367	RNA8809	81	19	0.00870282019188476	0.0	0.9473684210526315	234567.9012345679
chr6	28631505	28631578	RNA8810	73	10	1.1765920135076158e-05	7.354250101343496e-06	1.0	136986.301369863
chr6	28631729	28631800	RNA8811	71	6	9.805999980017077e-06	1.4703050055686617e-05	1.0	84507.04225352113
chr6	28632067	28632138	RNA8812	71	14	0.07146112869291496	1.4699399798701052e-05	0.9285714285714286	197183.0985915493
chr6	28632389	28632470	RNA8813	81	12	1.9600308481434087e-05	1.4698100130772218e-05	1.0	148148.14814814815
chr6	28632799	28632870	RNA8814	71	9	2.2860977676620815e-05	1.469509970775107e-05	1.0	126760.56338028169
chr6	28632807	28632878	RNA8815	71	10	2.0574879908958734e-05	7.347549853875535e-06	1.0	140845.0704225352
chr6	28634634	28634706	RNA8816	72	17	7.781858959574225e-06	0.0	1.0	236111.1111111111
chr6	28634640	28634711	RNA8817	71	16	1.8373437455920794e-06	0.0	1.0	225352.11267605633
chr6	28634645	28634716	RNA8818	71	15	1.959833328631551e-06	0.0	1.0	211267.6056338028
chr6	28634648	28634719	RNA8819	71	15	1.959833328631551e-06	0.0	1.0	211267.6056338028
chr6	28634651	28634724	RNA8820	73	15	1.959833328631551e-06	0.0	1.0	205479.4520547945
chr6	28634692	28634773	RNA8821	81	13	2.2613769313186194e-06	0.0	1.0	160493.82716049382
chr6	28634698	28634769	RNA8822	71	11	2.67253637337655e-06	0.0	1.0	154929.57746478872
chr6	28634709	28634780	RNA8823	71	11	2.67253637337655e-06	0.0	1.0	154929.57746478872
chr6	28634717	28634790	RNA8824	73	15	6.858646581046439e-06	0.0	1.0	205479.4520547945
chr6	28634721	28634793	RNA8825	72	16	6.429981169731036e-06	0.0	1.0	222222.22222222222
chr6	28634725	28634798	RNA8826	73	16	6.429981169731036e-06	0.0	1.0	219178.08219178082
chr6	28634736	28634808	RNA8827	72	16	6.429981169731036e-06	0.0	1.0	222222.22222222222
chr6	28634749	28634820	RNA8828	71	17	1.2103547145242747e-05	0.0	1.0	239436.61971830984
chr6	28634749	28634822	RNA8829	73	17	1.2103547145242747e-05	0.0	1.0	232876.7123287671
chr6	28634760	28634831	RNA8830	71	17	1.4696564796716248e-05	0.0	1.0	239436.61971830984
chr6	28634763	28634834	RNA8831	71	17	1.4696564796716248e-05	0.0	1.0	239436.61971830984
chr6	28634767	28634839	RNA8832	72	16	1.5615100096511014e-05	7.347300197579898e-06	1.0	222222.22222222222
chr6	28710242	28710313	RNA8833	71	10	9.850835776887334e-05	1.4699399798701052e-05	1.0	140845.0704225352
chr6	28710256	28710327	RNA8834	71	9	0.00010782046421000357	1.4699399798701052e-05	1.0	126760.56338028169
chr6	28710262	28710333	RNA8835	71	8	0.00012129802223625402	1.4700900010211626e-05	1.0	112676.05633802817
chr6	28710274	28710380	RNA8836	106	14	7.771370558527222e-05	7.349699899350526e-06	1.0	132075.4716981132
chr6	28710298	28710369	RNA8837	71	7	1.8901442932214456e-05	0.0	1.0	98591.54929577465
chr6	28710306	28710377	RNA8838	71	9	1.4701122280611242e-05	0.0	1.0	126760.56338028169
chr6	28710320	28710393	RNA8839	73	11	1.4701281873964366e-05	0.0	1.0	150684.9315068493
chr6	28710332	28710403	RNA8840	71	13	1.3570200070926849e-05	0.0	1.0	183098.5915492958
chr6	28710333	28710404	RNA8841	71	13	1.3570200070926849e-05	0.0	1.0	183098.5915492958
chr6	28710341	28710414	RNA8842	73	16	1.3782543874185649e-05	7.349250154220499e-06	1.0	219178.08219178082
chr6	28710366	28710437	RNA8843	71	18	1.06168666510094e-05	0.0	1.0	253521.12676056338
chr6	28710382	28710453	RNA8844	71	16	1.4699706184727424e-05	0.0	1.0	225352.11267605633
chr6	28710410	28710481	RNA8845	71	12	5.512304270874107e-05	7.349699899350526e-06	1.0	169014.08450704225
chr6	28710428	28710498	RNA8846	70	10	5.585792141572428e-05	7.349050065386109e-06	1.0	142857.14285714284
chr6	28710431	28710502	RNA8847	71	9	6.206435712858253e-05	1.4698100130772218e-05	1.0	126760.56338028169
chr6	28710439	28710520	RNA8848	81	12	0.0020645149879025206	2.204825023000012e-05	1.0	148148.14814814815
chr6	28710447	28710518	RNA8849	71	12	0.0020645149879025206	2.204825023000012e-05	1.0	169014.08450704225
chr6	28710484	28710555	RNA8850	71	16	0.0015189867712592743	0.0	1.0	225352.11267605633
chr6	28710497	28710570	RNA8851	73	16	0.0015199058900066077	7.349250154220499e-06	1.0	219178.08219178082
chr6	28710501	28710572	RNA8852	71	17	0.0014304996611826896	0.0	1.0	239436.61971830984
chr6	28713640	28713711	RNA8853	71	16	0.03198777913064532	7.37744994694367e-06	0.9375	225352.11267605633
chr6	28716238	28716311	RNA8854	73	17	8.654411698551163e-06	1.470460028940579e-05	1.0	232876.7123287671
chr6	28717203	28717274	RNA8855	71	11	2.5392627487068084e-05	0.0	1.0	154929.57746478872
chr6	28717918	28717989	RNA8856	71	16	8.268293811397598e-06	7.349050065386109e-06	1.0	225352.11267605633
chr6	28719916	28719987	RNA8857	69	21	0.001345056273878844	1.495749984314898e-05	1.0	304347.82608695654
chr6	28720392	28720463	RNA8858	71	16	2.2053368695650467e-05	1.4698100130772218e-05	1.0	225352.11267605633
chr6	28722682	28722755	RNA8859	73	12	1.592214175616391e-05	7.347749942709925e-06	1.0	164383.5616438356
chr6	28724455	28724537	RNA8860	78	10	7.4134500209765974e-06	0.0	1.0	128205.12820512819
chr6	28726669	28726742	RNA8861	73	14	8.399285759099126e-06	7.347950031544315e-06	1.0	191780.8219178082
chr6	28726678	28726751	RNA8862	73	13	9.045384663645214e-06	1.469590006308863e-05	1.0	178082.19178082192
chr6	28727553	28727625	RNA8863	72	13	2.3745215213029252e-05	1.4697699953103438e-05	1.0	180555.55555555556
chr6	28728574	28728645	RNA8864	67	11	0.00025936715800608287	2.943599974969402e-05	1.0	164179.10447761195
chr6	28729674	28729745	RNA8865	71	11	7.09662725222932e-06	0.0	1.0	154929.57746478872
chr6	28730064	28730136	RNA8866	72	17	6.918488158108255e-06	0.0	1.0	236111.1111111111
chr6	28731317	28731388	RNA8867	71	12	1.4699649833952813e-05	1.4699599887535442e-05	1.0	169014.08450704225
chr6	28735756	28735827	RNA8868	71	23	1.407580009032719e-05	1.4700300198455809e-05	1.0	323943.661971831
chr6	28735831	28735902	RNA8869	68	18	0.07438171839531706	1.4713700238644378e-05	0.7777777777777778	264705.8823529412
chr6	28735948	28736018	RNA8870	70	11	9.620130830707537e-05	1.4698500308440998e-05	1.0	157142.85714285713
chr6	28736134	28736206	RNA8871	72	10	4.4122389590481704e-05	0.0	1.0	138888.8888888889
chr6	28736272	28736345	RNA8872	72	13	2.4935184018631748e-05	0.0	1.0	180555.55555555556
chr6	28736295	28736368	RNA8873	73	15	3.0433553001775185e-05	0.0	1.0	205479.4520547945
chr6	28736444	28736516	RNA8874	72	9	4.901622156062836e-06	0.0	1.0	125000.0
chr6	28736462	28736533	RNA8875	71	10	7.351549902523402e-06	7.349899988184916e-06	1.0	140845.0704225352
chr6	28736548	28736619	RNA8876	71	15	0.0006676055030766243	0.0	1.0	211267.6056338028
chr6	28736619	28736691	RNA8877	72	10	7.3515099757059945e-06	0.0	1.0	138888.8888888889
chr6	28736678	28736749	RNA8878	71	12	8.449770719683577e-05	0.0	1.0	169014.08450704225
chr6	28736797	28736868	RNA8879	71	16	8.267118744242907e-06	0.0	1.0	225352.11267605633
chr6	28737008	28737081	RNA8880	73	18	8.981638782441021e-06	7.347100108745508e-06	1.0	246575.3424657534
chr6	28737077	28737148	RNA8881	71	16	1.6535194049533546e-05	1.4698950053571025e-05	1.0	225352.11267605633
chr6	28737234	28737305	RNA8882	71	20	0.006562129272742806	1.4714750250277575e-05	0.95	281690.1408450704
chr6	28737345	28737418	RNA8883	73	19	1.239940004444601e-05	0.0	1.0	260273.9726027397
chr6	28737445	28737515	RNA8884	70	13	5.657469116088648e-06	0.0	1.0	185714.2857142857
chr6	28737504	28737575	RNA8885	71	13	1.3567892263095236e-05	0.0	1.0	183098.5915492958
chr6	28825992	28826062	RNA8886	70	15	0.006566108294100556	1.4698100130772218e-05	0.9333333333333333	214285.71428571426
chr6	28825992	28826064	RNA8887	72	15	0.006566108294100556	1.4698100130772218e-05	0.9333333333333333	208333.33333333334
chr6	28826029	28826100	RNA8888	71	16	0.032093175976967814	1.4696400285174605e-05	0.9375	225352.11267605633
chr6	28826146	28826217	RNA8889	71	12	1.102411655059162e-05	7.347749942709925e-06	1.0	169014.08450704225
chr6	28826150	28826223	RNA8890	73	12	1.102411655059162e-05	7.347749942709925e-06	1.0	164383.5616438356
chr6	28826189	28826260	RNA8891	71	16	1.929476894701611e-05	1.469984999857843e-05	1.0	225352.11267605633
chr6	28826204	28826275	RNA8892	71	18	5.7158059967647436e-05	1.4700900010211626e-05	1.0	253521.12676056338
chr6	28826249	28826320	RNA8893	71	17	6.311186938117356e-05	1.4699399798701052e-05	1.0	239436.61971830984
chr6	28826310	28826382	RNA8894	72	13	1.4700638740368258e-05	0.0	1.0	180555.55555555556
chr6	28826566	28826639	RNA8895	73	12	0.000304989401077654	7.347950031544315e-06	1.0	164383.5616438356
chr6	28826627	28826700	RNA8896	73	8	1.837629974943411e-05	7.347950031544315e-06	1.0	109589.04109589041
chr6	28826687	28826758	RNA8897	71	10	1.0288760131516029e-05	7.348200142587302e-06	1.0	140845.0704225352
chr6	28826819	28826890	RNA8898	71	15	3.724468090998139e-05	1.470159986638464e-05	1.0	211267.6056338028
chr6	28826846	28826918	RNA8899	72	11	3.876062849237317e-05	1.4698999621032272e-05	1.0	152777.77777777778
chr6	28826854	28826926	RNA8900	72	11	7.61691917432395e-05	1.4701099644298664e-05	1.0	152777.77777777778
chr6	28826874	28826945	RNA8901	71	10	4.850109971811767e-05	7.349250154220499e-06	1.0	140845.0704225352
chr6	28826877	28826947	RNA8902	70	10	4.850109971811767e-05	7.349250154220499e-06	1.0	142857.14285714284
chr6	28829714	28829785	RNA8903	71	14	0.0006983224401925007	0.0	1.0	197183.0985915493
chr6	28839923	28839995	RNA8904	72	15	0.0009021219221419057	0.0	1.0	208333.33333333334
chr6	28841139	28841211	RNA8905	72	13	0.0014068303726162393	1.4700300198455809e-05	1.0	180555.55555555556
chr6	28847014	28847086	RNA8906	72	11	1.3364345498054736e-05	0.0	1.0	152777.77777777778
chr6	28855391	28855462	RNA8907	71	16	0.0006522652835201243	0.0	1.0	225352.11267605633
chr6	28866708	28866781	RNA8908	73	24	3.5523566036014133e-05	0.0	1.0	328767.1232876712
chr6	28888308	28888389	RNA8909	81	16	4.963051378581309e-05	1.4724950233357958e-05	1.0	197530.86419753084
chr6	28896366	28896437	RNA8910	71	32	0.0009309828476204962	1.4699599887535442e-05	1.0	450704.22535211267
chr6	28897847	28897917	RNA8911	70	12	1.4698899955571202e-05	1.4698100130772218e-05	1.0	171428.57142857142
chr6	28898110	28898191	RNA8912	80	10	9.03706995813991e-06	0.0	1.0	125000.0
chr6	28898342	28898414	RNA8913	72	22	8.728168185453713e-06	0.0	1.0	305555.55555555556
chr6	28898805	28898877	RNA8914	72	8	1.4699449934596487e-05	7.351649855991127e-06	1.0	111111.11111111111
chr6	28898847	28898928	RNA8915	81	11	0.00010155980990846144	1.4703299711982254e-05	1.0	135802.46913580247
chr6	29334591	29334663	RNA8916	72	13	1.584666153156342e-05	0.0	1.0	180555.55555555556
chr6	29334690	29334762	RNA8917	72	4	7.351649855991127e-06	7.35079993319232e-06	1.0	55555.555555555555
chr6	29338054	29338133	RNA8918	79	7	1.0499700043250673e-05	0.0	1.0	88607.59493670886
chr6	29343115	29343187	RNA8919	72	9	0.0003463435630490172	0.0	1.0	125000.0
chr6	29345134	29345215	RNA8920	81	10	0.10000000120999175	0.0	0.9	123456.79012345678
chr6	29346698	29346779	RNA8921	81	14	1.5752942610041437e-05	0.0	1.0	172839.5061728395
chr6	29346750	29346831	RNA8922	81	13	1.2440546015568543e-05	0.0	1.0	160493.82716049382
chr6	29349769	29349850	RNA8923	81	11	9.373763697856868e-06	0.0	1.0	135802.46913580247
chr6	29471554	29471627	RNA8924	73	11	3.874824514324158e-05	0.0	1.0	150684.9315068493
chr6	29472522	29472603	RNA8925	81	16	0.000612704580817078	7.348200142587302e-06	1.0	197530.86419753084
chr6	29473268	29473344	RNA8926	76	17	1.2971629396762342e-05	1.4699399798701052e-05	1.0	223684.2105263158
chr6	29494361	29494434	RNA8927	73	14	6.615491247429803e-05	7.350150099227904e-06	1.0	191780.8219178082
chr6	29544940	29545011	RNA8928	71	12	9.676165473137764e-05	0.0	1.0	169014.08450704225
chr6	29546825	29546897	RNA8929	72	7	4.011743008699311e-05	0.0	1.0	97222.22222222222
chr6	29547110	29547186	RNA8930	76	13	0.0076040999278680224	0.0	0.9230769230769231	171052.63157894736
chr6	29550144	29550220	RNA8931	76	14	0.055289454115089544	1.4698500308440998e-05	0.8571428571428571	184210.52631578947
chr6	29634090	29634171	RNA8932	81	13	0.004246626719997516	1.470460028940579e-05	0.9230769230769231	160493.82716049382
chr6	29634172	29634248	RNA8933	76	12	0.00011512846685945428	0.0	1.0	157894.73684210525
chr6	29635187	29635263	RNA8934	76	12	0.08334440877517106	1.4709799870615823e-05	0.9166666666666666	157894.73684210525
chr6	29635260	29635331	RNA8935	71	12	0.004436131782919493	1.483229971199762e-05	0.9166666666666666	169014.08450704225
chr6	29643582	29643653	RNA8936	71	0				0.0
chr6	29646979	29647052	RNA8937	73	8	7.351312433456769e-06	7.350549822149332e-06	1.0	109589.04109589041
chr6	29650407	29650478	RNA8938	71	11	1.4699272634805476e-05	0.0	1.0	154929.57746478872
chr6	29672404	29672475	RNA8939	71	0				0.0
chr6	29683190	29683261	RNA8940	69	0				0.0
chr6	29684039	29684115	RNA8941	76	0				0.0
chr6	29715512	29715583	RNA8942	71	0				0.0
chr6	29720444	29720515	RNA8943	71	0				0.0
chr6	29722396	29722468	RNA8944	72	0				0.0
chr6	29722402	29722472	RNA8945	70	0				0.0
chr6	29722420	29722491	RNA8946	71	0				0.0
chr6	29722481	29722552	RNA8947	38	0				0.0
chr6	29722507	29722579	RNA8948	42	0				0.0
chr6	29722581	29722670	RNA8949	87	0				0.0
chr6	29722629	29722702	RNA8950	73	0				0.0
chr6	29722680	29722751	RNA8951	70	0				0.0
chr6	29722688	29722761	RNA8952	62	0				0.0
chr6	30077005	30077077	RNA8953	72	7	0.12309496612111355	1.4700300198455809e-05	0.8571428571428571	97222.22222222222
chr6	30079700	30079781	RNA8954	81	15	0.0034468200376068098	0.0	0.9333333333333333	185185.18518518517
chr6	30534099	30534174	RNA8955	75	0				0.0
chr6	30538260	30538337	RNA8956	77	0				0.0
chr6	30556597	30556728	RNA8957	131	39	0.00012784693593950811	0.0	1.0	297709.9236641221
chr6	30556648	30556737	RNA8958	89	27	9.148507642411965e-05	0.0	1.0	303370.78651685396
chr6	30556672	30556748	RNA8959	76	23	0.00010675627238568822	0.0	1.0	302631.5789473684
chr6	30556876	30556965	RNA8960	89	15	5.879819946130738e-06	0.0	1.0	168539.32584269662
chr6	30557055	30557144	RNA8961	89	19	6.190768449175123e-06	0.0	1.0	213483.1460674157
chr6	30990708	30990797	RNA8962	89	16	0.05382423587559514	1.4696349808218656e-05	0.9375	179775.2808988764
chr6	30991729	30991818	RNA8963	88	16	2.518291893238173e-05	1.4710599771206034e-05	1.0	181818.18181818182
chr6	30992044	30992133	RNA8964	89	13	3.053093111632715e-05	1.4700300198455809e-05	1.0	146067.4157303371
chr6	31035637	31035709	RNA8965	72	18	0.03948150465698239	1.4706500223837795e-05	0.8888888888888888	250000.0
chr6	31035674	31035745	RNA8966	71	11	0.008794544048379805	1.4708500202686992e-05	0.9090909090909091	154929.57746478872
chr6	31035835	31035910	RNA8967	75	13	1.8106307904347956e-05	1.47024002217222e-05	1.0	173333.33333333334
chr6	31035921	31035993	RNA8968	72	12	0.005183833759019757	0.0	0.9166666666666666	166666.66666666666
chr6	31035936	31036008	RNA8969	72	10	2.9408800401142797e-06	0.0	1.0	138888.8888888889
chr6	31036053	31036130	RNA8970	77	14	0.0714432697430831	1.4696400285174605e-05	0.9285714285714286	181818.18181818182
chr6	31036082	31036154	RNA8971	72	13	0.07696944147000276	1.4701099644298664e-05	0.9230769230769231	180555.55555555556
chr6	31036372	31036445	RNA8972	73	5	1.7639280486037023e-05	1.4698500308440998e-05	1.0	68493.1506849315
chr6	31036409	31036480	RNA8973	71	5	8.818520109343808e-06	1.469549988541985e-05	1.0	70422.5352112676
chr6	31036441	31036513	RNA8974	72	6	4.9013166668980075e-06	0.0	1.0	83333.33333333333
chr6	31036442	31036523	RNA8975	81	7	4.2011285716268636e-06	0.0	1.0	86419.75308641975
chr6	31036530	31036611	RNA8976	81	9	0.006775296742994717	1.4697699953103438e-05	0.8888888888888888	111111.11111111111
chr6	31036722	31036803	RNA8977	81	11	0.005634030589300724	1.4703699889651034e-05	0.9090909090909091	135802.46913580247
chr6	31037159	31037236	RNA8978	77	12	0.001008516487217999	0.0	1.0	155844.15584415584
chr6	31037382	31037454	RNA8979	72	12	2.2046324905500723e-05	1.4697250207973411e-05	1.0	166666.66666666666
chr6	31037557	31037632	RNA8980	75	7	0.0016271941511669208	1.469590006308863e-05	1.0	93333.33333333334
chr6	31037563	31037635	RNA8981	72	7	0.0016271941511669208	1.469590006308863e-05	1.0	97222.22222222222
chr6	31037778	31037909	RNA8982	131	19	3.0943878827145346e-05	1.4697199731017465e-05	1.0	145038.1679389313
chr6	31037909	31037984	RNA8983	75	11	0.017854838104374878	1.4698500308440998e-05	0.9090909090909091	146666.66666666666
chr6	31037941	31038013	RNA8984	72	8	0.023973740251449258	1.4698549875902245e-05	0.875	111111.11111111111
chr6	31038506	31038578	RNA8985	72	5	2.941260027000681e-06	0.0	1.0	69444.44444444445
chr6	31038552	31038624	RNA8986	72	10	0.1000088212898845	7.349499810516136e-06	0.9	138888.8888888889
chr6	31038967	31039044	RNA8987	77	16	0.00184953017981115	7.347950031544315e-06	1.0	207792.2077922078
chr6	31039018	31039091	RNA8988	73	16	0.02359221871120098	0.0	0.9375	219178.08219178082
chr6	31039093	31039165	RNA8989	72	6	4.899649866274558e-06	0.0	1.0	83333.33333333333
chr6	31039328	31039399	RNA8990	71	13	0.0004804627001598965	1.4698500308440998e-05	1.0	183098.5915492958
chr6	31039682	31039754	RNA8991	72	7	0.0016169859285842605	0.0	1.0	97222.22222222222
chr6	31039871	31039944	RNA8992	73	13	0.0001888452150943913	1.4697699953103438e-05	1.0	178082.19178082192
chr6	31040298	31040370	RNA8993	69	14	0.00016565301068891536	1.4743150131835137e-05	1.0	202898.5507246377
chr6	31040989	31041120	RNA8994	131	26	0.014916667657836597	1.470179995521903e-05	0.9615384615384616	198473.28244274808
chr6	31040999	31041130	RNA8995	131	27	0.014366376285309977	1.4703699889651034e-05	0.9629629629629629	206106.87022900765
chr6	31041227	31041299	RNA8996	72	17	0.008135473186377884	1.471149971621344e-05	0.9411764705882353	236111.1111111111
chr6	31041233	31041304	RNA8997	71	16	0.009279783321744612	1.4714099961565807e-05	0.9375	225352.11267605633
chr6	32184368	32184457	RNA8998	89	16	3.3989582050248523e-05	1.4697900041937828e-05	1.0	179775.2808988764
chr6	32184400	32184475	RNA8999	75	13	3.504992386856182e-05	0.0	1.0	173333.33333333334
chr6	32184413	32184488	RNA9000	75	10	0.0014714647650180092	1.470025017624721e-05	1.0	133333.33333333334
chr6	32184429	32184506	RNA9001	77	12	0.0012752322703969631	1.4700449810334248e-05	1.0	155844.15584415584
chr6	32184468	32184599	RNA9002	131	25	0.0006145670295882085	1.4700300198455809e-05	1.0	190839.69465648857
chr6	32184476	32184551	RNA9003	75	12	0.0012507359365372301	1.470005008741282e-05	1.0	160000.0
chr6	32184515	32184646	RNA9004	131	26	0.00964501151562357	0.0	0.9615384615384616	198473.28244274808
chr6	32184518	32184649	RNA9005	131	26	0.00964501151562357	0.0	0.9615384615384616	198473.28244274808
chr6	32184544	32184621	RNA9006	77	21	0.011939324043158278	0.0	0.9523809523809523	272727.2727272727
chr6	32184582	32184659	RNA9007	77	15	0.016707191140388503	0.0	0.9333333333333333	194805.19480519483
chr6	32190223	32190295	RNA9008	72	8	3.008736246101145e-05	1.4809549611527473e-05	1.0	111111.11111111111
chr6	32190300	32190381	RNA9009	81	12	8.599666671216255e-06	0.0	1.0	148148.14814814815
chr6	32224672	32224754	RNA9010	82	12	0.003666057204327424	7.349499810516136e-06	1.0	146341.46341463414
chr6	32231079	32231151	RNA9011	72	11	0.05472876442226235	1.473320025979774e-05	0.9090909090909091	152777.77777777778
chr6	32253949	32254021	RNA9012	70	11	0.10551059160421904	0.0	0.8181818181818182	157142.85714285713
chr6	32253957	32254028	RNA9013	69	11	0.10551059160421904	0.0	0.8181818181818182	159420.28985507245
chr6	32254047	32254120	RNA9014	73	7	1.4945628468662367e-05	0.0	1.0	95890.4109589041
chr6	32254074	32254145	RNA9015	71	4	1.1027675100194756e-05	1.4701550298923394e-05	1.0	56338.028169014084
chr6	32254238	32254319	RNA9016	81	8	0.00315302335548039	7.349699899350526e-06	1.0	98765.43209876542
chr6	32254273	32254346	RNA9017	73	5	0.005044837628884109	2.940140075224917e-05	1.0	68493.1506849315
chr6	32254373	32254445	RNA9018	72	7	6.301785755827691e-06	0.0	1.0	97222.22222222222
chr6	32254496	32254568	RNA9019	72	8	7.166830118875443e-05	0.0	1.0	111111.11111111111
chr6	32455410	32455491	RNA9020	81	13	0.055173400211690295	2.9583199648186564e-05	0.6923076923076923	160493.82716049382
chr6	32455891	32455972	RNA9021	81	17	0.01740638790675695	1.4887200450175442e-05	0.8823529411764706	209876.54320987655
chr6	32455979	32456060	RNA9022	81	14	0.07143669144911005	7.352499778789934e-06	0.8571428571428571	172839.5061728395
chr6	32456032	32456113	RNA9023	81	12	1.4705633172222102e-05	1.4704999557579868e-05	1.0	148148.14814814815
chr6	32456613	32456685	RNA9024	72	7	2.9404386753276142e-05	1.4700700376124589e-05	1.0	97222.22222222222
chr6	32457017	32457098	RNA9025	81	11	3.340687189020899e-05	0.0	1.0	135802.46913580247
chr6	32457112	32457183	RNA9026	71	17	0.03580994834999942	1.4698500308440998e-05	0.7647058823529411	239436.61971830984
chr6	32589867	32589942	RNA9027	75	0				0.0
chr6	32589889	32589966	RNA9028	72	0				0.0
chr6	32591569	32591641	RNA9029	72	0				0.0
chr6	32597240	32597347	RNA9030	105	0				0.0
chr6	32617902	32617975	RNA9031	73	0				0.0
chr6	32624189	32624320	RNA9032	127	0				0.0
chr6	32650714	32650786	RNA9033	0	0				
chr6	32668486	32668559	RNA9034	73	14	0.028375514133975745	1.469744984206045e-05	0.8571428571428571	191780.8219178082
chr6	32669712	32669793	RNA9035	81	12	0.0924567103246924	0.0028182540877423464	0.6666666666666666	148148.14814814815
chr6	32687048	32687121	RNA9036	73	0				0.0
chr6	32701462	32701568	RNA9037	104	15	0.06667904795000747	1.470460028940579e-05	0.9333333333333333	144230.76923076922
chr6	32719237	32719319	RNA9038	82	13	0.0020796622422774498	0.0	1.0	158536.58536585365
chr6	32725081	32725153	RNA9039	72	17	0.10126014813886285	1.473320025979774e-05	0.7058823529411765	236111.1111111111
chr6	32725207	32725280	RNA9040	71	18	0.06276330652215417	1.4702649878017837e-05	0.7777777777777778	253521.12676056338
chr6	32775326	32775397	RNA9041	71	9	0.08583599019625075	0.0	0.7777777777777778	126760.56338028169
chr6	32789575	32789646	RNA9042	71	12	0.024971568920894544	0.0	0.9166666666666666	169014.08450704225
chr6	32995503	32995582	RNA9043	79	19	0.002794113656818807	1.4701099644298664e-05	1.0	240506.32911392406
chr6	33212833	33212914	RNA9044	81	19	0.001540195555590841	1.4698999621032272e-05	1.0	234567.9012345679
chr6	33276519	33276590	RNA9045	71	11	7.61700656849663e-05	1.4697199731017465e-05	1.0	154929.57746478872
chr6	33276532	33276603	RNA9046	71	16	5.4204513958205976e-05	7.348599865508732e-06	1.0	225352.11267605633
chr6	33276572	33276643	RNA9047	71	16	1.2864056259331848e-05	1.4700300198455809e-05	1.0	225352.11267605633
chr6	33276598	33276671	RNA9048	73	16	2.2054881071653654e-05	1.4703700344398387e-05	1.0	219178.08219178082
chr6	33276603	33276675	RNA9049	72	12	2.573139969778519e-05	1.4707399714097846e-05	1.0	166666.66666666666
chr6	33276604	33276675	RNA9050	71	12	2.573139969778519e-05	1.4707399714097846e-05	1.0	169014.08450704225
chr6	33276632	33276738	RNA9051	106	19	2.3987846936119953e-05	0.0	1.0	179245.28301886792
chr6	33276640	33276711	RNA9052	71	14	1.5754749840977767e-05	0.0	1.0	197183.0985915493
chr6	33276725	33276796	RNA9053	71	19	2.3211015679021133e-05	0.0	1.0	267605.63380281685
chr6	33276738	33276819	RNA9054	81	26	3.6755761497119054e-05	0.0	1.0	320987.65432098764
chr6	33276772	33276843	RNA9055	71	25	4.6461511847152297e-05	1.4702900443808176e-05	1.0	352112.676056338
chr6	33276794	33276865	RNA9056	71	21	4.901050916876679e-05	0.0	1.0	295774.6478873239
chr6	33276881	33276987	RNA9057	106	30	0.005261020305745958	1.4699799976369832e-05	0.9666666666666667	283018.8679245283
chr6	33276912	33276984	RNA9058	72	23	0.006854528816130246	1.47024002217222e-05	0.9565217391304348	319444.44444444444
chr6	33276966	33277072	RNA9059	106	36	3.227988056803147e-05	7.35079993319232e-06	1.0	339622.6415094339
chr6	33276973	33277046	RNA9060	73	19	4.4908031476975314e-05	1.470460028940579e-05	1.0	260273.9726027397
chr6	33276974	33277055	RNA9061	81	23	4.541050431883265e-05	1.4703699889651034e-05	1.0	283950.6172839506
chr6	33276979	33277050	RNA9062	71	16	5.0571424878844165e-05	1.470460028940579e-05	1.0	225352.11267605633
chr6	33276980	33277053	RNA9063	73	17	4.7596635180088624e-05	1.470460028940579e-05	1.0	232876.7123287671
chr6	33276997	33277070	RNA9064	73	24	4.16810124003466e-05	7.35079993319232e-06	1.0	328767.1232876712
chr6	33277008	33277081	RNA9065	73	26	3.621298450384745e-05	0.0	1.0	356164.38356164383
chr6	33277020	33277090	RNA9066	70	28	3.3626342753572635e-05	0.0	1.0	400000.0
chr6	33277033	33277104	RNA9067	71	27	2.5051403604765987e-05	0.0	1.0	380281.6901408451
chr6	33277034	33277106	RNA9068	72	27	2.5051403604765987e-05	0.0	1.0	375000.0
chr6	33277039	33277110	RNA9069	71	26	1.6967534485533908e-05	0.0	1.0	366197.1830985916
chr6	33832428	33832534	RNA9070	106	0				0.0
chr6	33832513	33832619	RNA9071	106	0				0.0
chr6	33832546	33832652	RNA9072	106	0				0.0
chr6	33833668	33833749	RNA9073	81	17	0.07571282178560068	1.4698100130772218e-05	0.8823529411764706	209876.54320987655
chr6	33833853	33833925	RNA9074	72	16	0.0035746222914667634	1.4698100130772218e-05	0.9375	222222.22222222222
chr6	33833941	33834020	RNA9075	79	18	0.0005552003332619797	7.348200142587302e-06	1.0	227848.10126582277
chr6	33834043	33834119	RNA9076	76	15	0.003818690020792311	1.4698100130772218e-05	0.9333333333333333	197368.42105263157
chr6	33834329	33834408	RNA9077	79	12	2.08242417253695e-05	1.4699600342282793e-05	1.0	151898.7341772152
chr6	33834492	33834571	RNA9078	79	19	3.790538362648398e-05	0.0	1.0	240506.32911392406
chr6	35091604	35091683	RNA9079	79	15	1.4696506514155772e-05	1.469549988541985e-05	1.0	189873.417721519
chr6	35091647	35091726	RNA9080	79	17	1.5561982389258712e-05	1.469549988541985e-05	1.0	215189.87341772154
chr6	35091668	35091747	RNA9081	79	20	0.05001249284996447	1.469744984206045e-05	0.95	253164.55696202532
chr6	35091968	35092074	RNA9082	106	25	0.0007331169551252907	0.0	1.0	235849.05660377358
chr6	35092355	35092434	RNA9083	79	13	1.696014638023021e-05	0.0	1.0	164556.96202531643
chr6	35794405	35794494	RNA9084	89	18	0.00021898552358833671	0.0	1.0	202247.19101123596
chr6	36238095	36238172	RNA9085	77	11	1.3360881728823932e-05	1.4696400285174605e-05	1.0	142857.14285714284
chr6	36238139	36238214	RNA9086	75	12	1.3472491673383047e-05	1.4696349808218656e-05	1.0	160000.0
chr6	36238342	36238473	RNA9087	131	26	1.7526053887614502e-05	1.4698100130772218e-05	1.0	198473.28244274808
chr6	38165294	38165400	RNA9088	106	28	0.03573319314279745	1.4700699921377236e-05	0.9642857142857143	264150.9433962264
chr6	38703196	38703275	RNA9089	79	17	8.659152840931818e-06	0.0	1.0	215189.87341772154
chr6	39272399	39272478	RNA9090	79	18	0.00889056495265726	1.4696999642183075e-05	0.9444444444444444	227848.10126582277
chr6	39727352	39727433	RNA9091	81	13	2.148536924113824e-05	1.470200004405342e-05	1.0	160493.82716049382
chr6	43425386	43425465	RNA9092	79	26	0.11540969756540037	1.5038599940453423e-05	0.8846153846153846	329113.92405063286
chr6	43427205	43427286	RNA9093	81	21	0.00040455953720603365	0.0	1.0	259259.25925925924
chr6	44241128	44241207	RNA9094	79	21	2.7344861250422512e-05	0.0	1.0	265822.7848101266
chr6	44244439	44244518	RNA9095	79	22	0.0014516875599342209	1.471109999329201e-05	1.0	278481.0126582278
chr6	44253968	44254047	RNA9096	79	22	1.3363349973418478e-05	0.0	1.0	278481.0126582278
chr6	44258074	44258153	RNA9097	79	17	8.646958763967954e-06	0.0	1.0	215189.87341772154
chr6	44266387	44266466	RNA9098	79	18	0.00013634216641851722	0.0	1.0	227848.10126582277
chr6	44270350	44270431	RNA9099	73	21	8.428165710937123e-05	2.5725499654072337e-05	1.0	287671.23287671234
chr6	44270356	44270437	RNA9100	73	23	7.759410867867275e-05	2.452300032018684e-05	1.0	315068.4931506849
chr6	44270357	44270436	RNA9101	71	21	8.305663331632018e-05	2.452300032018684e-05	1.0	295774.6478873239
chr6	44270362	44270443	RNA9102	73	21	8.113116196215233e-05	1.4749700312677303e-05	1.0	287671.23287671234
chr6	45685435	45685516	RNA9103	81	16	0.0005466249174901233	0.0	1.0	197530.86419753084
chr6	45686814	45686895	RNA9104	81	10	1.7637360360816664e-05	0.0	1.0	123456.79012345678
chr6	45687649	45687728	RNA9105	79	23	5.8794570142463446e-05	1.4697699953103438e-05	1.0	291139.2405063291
chr6	45689177	45689258	RNA9106	81	27	0.03705446174788247	0.0	0.9629629629629629	333333.3333333333
chr6	45689268	45689349	RNA9107	81	18	0.055557189161138214	0.0	0.9444444444444444	222222.22222222222
chr6	47464926	47465011	RNA9108	85	12	2.8362501173735325e-05	0.0	1.0	141176.4705882353
chr6	47469696	47469814	RNA9109	118	19	1.083500539703221e-05	0.0	1.0	161016.94915254237
chr6	48740540	48740619	RNA9110	79	18	0.05557469005563891	1.4815949725743849e-05	0.9444444444444444	227848.10126582277
chr6	49429257	49429338	RNA9111	81	17	3.374323569004621e-05	0.0	1.0	209876.54320987655
chr6	51038993	51039078	RNA9112	85	12	1.34801499977281e-05	1.4699199709866662e-05	1.0	141176.4705882353
chr6	51039002	51039120	RNA9113	118	21	1.960145692421041e-05	1.4698999621032272e-05	1.0	177966.10169491524
chr6	52090340	52090458	RNA9114	118	21	0.0001204012614834903	0.0	1.0	177966.10169491524
chr6	52091982	52092067	RNA9115	85	0				0.0
chr6	52099821	52099939	RNA9116	117	26	8.266597111426495e-05	1.4771300357097061e-05	1.0	222222.22222222222
chr6	52101930	52102048	RNA9117	118	22	0.0073412337224412596	0.0	0.9545454545454546	186440.6779661017
chr6	52106055	52106140	RNA9118	85	19	0.005465173584429736	1.4697199731017465e-05	0.9473684210526315	223529.4117647059
chr6	52128692	52128777	RNA9119	85	15	0.02730512013537615	0.0	0.9333333333333333	176470.58823529413
chr6	52245828	52245946	RNA9120	118	21	0.02265396628146325	1.4699399798701052e-05	0.9523809523809523	177966.10169491524
chr6	52245863	52245981	RNA9121	118	24	0.01982405777554655	1.4699399798701052e-05	0.9583333333333334	203389.83050847458
chr6	52246137	52246222	RNA9122	85	16	0.06366758286048935	1.4704799923492828e-05	0.9375	188235.29411764705
chr6	52246223	52246308	RNA9123	85	16	4.0429031741945446e-05	0.0	1.0	188235.29411764705
chr6	52246327	52246412	RNA9124	85	18	2.3684672214579663e-05	0.0	1.0	211764.70588235295
chr6	52253664	52253782	RNA9125	118	13	0.00023513679451961348	1.4698100130772218e-05	1.0	110169.49152542373
chr6	52827601	52827674	RNA9126	73	0				0.0
chr6	52828007	52828079	RNA9127	72	0				0.0
chr6	52828143	52828216	RNA9128	73	0				0.0
chr6	52828884	52828956	RNA9129	72	0				0.0
chr6	52830966	52831038	RNA9130	72	0				0.0
chr6	52911316	52911388	RNA9131	72	17	2.8540976446113406e-05	1.4699799976369832e-05	1.0	236111.1111111111
chr6	52912971	52913043	RNA9132	72	22	7.951759512664721e-05	1.4697699953103438e-05	1.0	305555.55555555556
chr6	52998092	52998177	RNA9133	85	9	1.9599389209655522e-05	0.0	1.0	105882.35294117648
chr6	52999226	52999344	RNA9134	118	27	0.03713316170658934	1.4708900380355772e-05	0.9629629629629629	228813.5593220339
chr6	56954841	56954913	RNA9135	72	0				0.0
chr6	56954856	56954928	RNA9136	72	0				0.0
chr6	56954864	56954936	RNA9137	72	0				0.0
chr6	56954889	56954962	RNA9138	73	0				0.0
chr6	56954892	56954964	RNA9139	72	0				0.0
chr6	56954919	56954991	RNA9140	72	0				0.0
chr6	56955005	56955078	RNA9141	73	11	2.994991849514499e-05	1.4966500202717723e-05	1.0	150684.9315068493
chr6	57042706	57042791	RNA9142	83	18	9.208688829352872e-06	0.0	1.0	216867.4698795181
chr6	57045513	57045631	RNA9143	118	21	3.429750060084332e-05	1.4697199731017465e-05	1.0	177966.10169491524
chr6	57691646	57691719	RNA9144	73	0				0.0
chr6	57691705	57691777	RNA9145	72	0				0.0
chr6	57693894	57693966	RNA9146	72	17	1.4922429245947316e-05	0.0	1.0	236111.1111111111
chr6	57719324	57719396	RNA9147	72	20	2.204918491770357e-05	0.0	1.0	277777.7777777778
chr6	57719773	57719845	RNA9148	72	9	4.899555480935507e-06	0.0	1.0	125000.0
chr6	57719891	57719963	RNA9149	72	11	4.4100518359541144e-05	0.0	1.0	152777.77777777778
chr6	57720497	57720569	RNA9150	72	14	6.300485763079321e-06	0.0	1.0	194444.44444444444
chr6	57726668	57726741	RNA9151	73	8	1.2873750165454112e-05	7.352300144702895e-06	1.0	109589.04109589041
chr6	57727229	57727301	RNA9152	72	15	1.2737846554955468e-05	1.4697199731017465e-05	1.0	208333.33333333334
chr6	57727652	57727724	RNA9153	72	12	9.557611792842335e-05	1.4701349755341653e-05	1.0	166666.66666666666
chr6	57737177	57737250	RNA9154	73	7	4.20545711676823e-06	0.0	1.0	95890.4109589041
chr6	57741185	57741257	RNA9155	72	11	0.0002530307673706157	1.4731899682374204e-05	1.0	152777.77777777778
chr6	57742039	57742111	RNA9156	72	12	6.139191706703666e-06	0.0	1.0	166666.66666666666
chr6	57742197	57742270	RNA9157	73	18	8.926277026450905e-05	1.4738599929842167e-05	1.0	246575.3424657534
chr6	57742490	57742562	RNA9158	67	8	0.12502179532475566	1.02458998298971e-05	0.875	119402.98507462686
chr6	57742799	57742872	RNA9159	73	14	9.471542853134451e-06	0.0	1.0	191780.8219178082
chr6	57744070	57744142	RNA9160	72	16	1.2878281438588601e-05	7.354250101343496e-06	1.0	222222.22222222222
chr6	57744180	57744252	RNA9161	72	12	2.329418339285552e-05	0.0	1.0	166666.66666666666
chr6	57744619	57744691	RNA9162	72	7	1.680319993673558e-05	1.4700700376124589e-05	1.0	97222.22222222222
chr6	57749608	57749680	RNA9163	72	13	0.07719923179830893	1.4710600225953384e-05	0.9230769230769231	180555.55555555556
chr6	57749858	57749931	RNA9164	73	20	4.19116541706838e-05	0.0	1.0	273972.602739726
chr6	57885049	57885122	RNA9165	73	0				0.0
chr6	57885309	57885381	RNA9166	72	0				0.0
chr6	57885672	57885744	RNA9167	72	0				0.0
chr6	57886721	57886793	RNA9168	25	0				0.0
chr6	57887163	57887235	RNA9169	72	0				0.0
chr6	57887580	57887653	RNA9170	73	0				0.0
chr6	57889656	57889729	RNA9171	73	0				0.0
chr6	57889844	57889917	RNA9172	73	0				0.0
chr6	57891051	57891123	RNA9173	72	0				0.0
chr6	57892308	57892380	RNA9174	72	0				0.0
chr6	57894303	57894375	RNA9175	72	0				0.0
chr6	57895506	57895578	RNA9176	72	0				0.0
chr6	57897320	57897392	RNA9177	72	0				0.0
chr6	57897724	57897796	RNA9178	72	0				0.0
chr6	57898848	57898920	RNA9179	72	0				0.0
chr6	57899015	57899087	RNA9180	72	0				0.0
chr6	57901857	57901930	RNA9181	73	0				0.0
chr6	57905338	57905410	RNA9182	72	0				0.0
chr6	57905464	57905536	RNA9183	72	0				0.0
chr6	57906351	57906424	RNA9184	73	0				0.0
chr6	57906770	57906842	RNA9185	72	0				0.0
chr6	62778061	62778134	RNA9186	73	16	0.00012589045007870188	1.4701150121254614e-05	1.0	219178.08219178082
chr6	62778304	62778376	RNA9187	72	22	0.04549195543917117	7.351649855991127e-06	0.9545454545454546	305555.55555555556
chr6	62779309	62779381	RNA9188	72	12	3.922936639355153e-05	0.0	1.0	166666.66666666666
chr6	62780716	62780788	RNA9189	72	21	4.633113348972399e-05	0.0	1.0	291666.6666666667
chr6	62786599	62786671	RNA9190	72	17	1.1259223677317255e-05	0.0	1.0	236111.1111111111
chr6	62790037	62790109	RNA9191	72	18	1.3076577892608878e-05	0.0	1.0	250000.0
chr6	62790171	62790244	RNA9192	73	21	0.047648469619811555	1.47024002217222e-05	0.9523809523809523	287671.23287671234
chr6	70213526	70213599	RNA9193	73	19	1.160332627286583e-05	1.469590006308863e-05	1.0	260273.9726027397
chr6	73920940	73921013	RNA9194	73	28	0.03707043869193122	1.4696800008096034e-05	0.9285714285714286	383561.6438356164
chr6	73922166	73922239	RNA9195	73	38	0.02335351598972728	0.0	0.9210526315789473	520547.9452054794
chr6	73922421	73922494	RNA9196	73	27	0.03882142613642995	1.469590006308863e-05	0.9259259259259259	369863.0136986301
chr6	73923459	73923532	RNA9197	69	29	0.01001323341809219	0.0	0.9655172413793104	420289.85507246375
chr6	75722720	75722793	RNA9198	73	14	9.975465140346597e-05	7.348399776674342e-06	1.0	191780.8219178082
chr6	75722825	75722898	RNA9199	73	16	0.006659575351307003	1.469785001972923e-05	0.9375	219178.08219178082
chr6	75723627	75723700	RNA9200	73	10	0.0008785859679846751	7.3709497883101e-06	1.0	136986.301369863
chr6	76105875	76105948	RNA9201	73	0				0.0
chr6	80097542	80097615	RNA9202	73	12	4.901891694923203e-06	0.0	1.0	164383.5616438356
chr6	81280893	81280963	RNA9203	70	12	1.4769775210273414e-05	0.0	1.0	171428.57142857142
chr6	84686384	84686454	RNA9204	70	10	0.04287790036605656	1.470200004405342e-05	0.9	142857.14285714284
chr6	85503872	85503942	RNA9205	70	9	1.1432822248025332e-05	1.4698100130772218e-05	1.0	128571.42857142857
chr6	85503878	85503948	RNA9206	70	8	1.1023750062122417e-05	1.4697900041937828e-05	1.0	114285.71428571428
chr6	85504113	85504183	RNA9207	70	15	0.0005458452788540502	0.0	1.0	214285.71428571426
chr6	87037585	87037655	RNA9208	70	14	2.205267147863566e-05	1.4697199731017465e-05	1.0	200000.0
chr6	87041208	87041278	RNA9209	70	14	2.4143200399904576e-05	1.4696349808218656e-05	1.0	200000.0
chr6	87042779	87042849	RNA9210	70	13	3.7320383643616484e-05	0.0	1.0	185714.2857142857
chr6	87045891	87045961	RNA9211	70	12	1.4697875182415979e-05	1.4696150174131617e-05	1.0	171428.57142857142
chr6	89360454	89360524	RNA9212	70	11	9.354790976927193e-06	0.0	1.0	157142.85714285713
chr6	94127346	94127433	RNA9213	87	15	0.02821759181182036	0.0	0.9333333333333333	172413.7931034483
chr6	98637816	98637903	RNA9214	87	12	6.1269832561568665e-06	0.0	1.0	137931.0344827586
chr6	98866975	98867062	RNA9215	5	6	3.8955682308972575e-05	2.1643650143232662e-05	1.0	1200000.0
chr6	98867638	98867725	RNA9216	87	0				0.0
chr6	98867886	98867973	RNA9217	86	15	0.03581644506411976	0.0	0.9333333333333333	174418.6046511628
chr6	99350301	99350388	RNA9218	87	21	0.007870656620893677	0.0	0.9523809523809523	241379.3103448276
chr6	99350352	99350439	RNA9219	87	10	2.939529986178968e-06	0.0	1.0	114942.52873563218
chr6	99353271	99353358	RNA9220	87	14	3.254725022218304e-05	1.4698349787067855e-05	1.0	160919.54022988505
chr6	100355381	100355468	RNA9221	87	0				0.0
chr6	104062739	104062834	RNA9222	95	24	0.06138555762849288	0.0	0.9166666666666666	252631.57894736843
chr6	104121941	104122028	RNA9223	87	20	8.088045024123858e-06	0.0	1.0	229885.05747126436
chr6	105234368	105234463	RNA9224	95	24	7.350362542031992e-06	0.0	1.0	252631.57894736843
chr6	106327106	106327211	RNA9225	105	12	3.6747416440145266e-06	0.0	1.0	114285.71428571428
chr6	106328686	106328813	RNA9226	127	25	2.2928763683010802e-05	1.4697699953103438e-05	1.0	196850.39370078742
chr6	106673425	106673520	RNA9227	95	30	0.0025047664944698417	7.363550139416475e-06	0.9666666666666667	315789.4736842105
chr6	106674465	106674560	RNA9228	95	16	1.7452287352165376e-05	1.4697000096930424e-05	1.0	168421.05263157893
chr6	106675582	106675677	RNA9229	95	17	0.06852387582228617	1.4698100130772218e-05	0.8823529411764706	178947.36842105264
chr6	107459582	107459677	RNA9230	95	35	8.821357239085396e-06	0.0	1.0	368421.05263157893
chr6	107459597	107459692	RNA9231	95	33	9.801997073348625e-06	0.0	1.0	347368.42105263163
chr6	107459599	107459694	RNA9232	95	32	1.010830948189077e-05	0.0	1.0	336842.10526315786
chr6	107848935	107849030	RNA9233	95	17	9.509876530073062e-06	0.0	1.0	178947.36842105264
chr6	110014401	110014528	RNA9234	127	19	2.4756989564351036e-05	1.4698100130772218e-05	1.0	149606.29921259845
chr6	110096571	110096676	RNA9235	105	15	7.840346673522921e-06	1.4697699953103438e-05	1.0	142857.14285714284
chr6	110609315	110609442	RNA9236	127	13	0.009493860959152622	0.0	0.9230769230769231	102362.20472440944
chr6	110609548	110609675	RNA9237	127	15	0.00017343603873691505	1.4700300198455809e-05	1.0	118110.23622047243
chr6	110609566	110609693	RNA9238	127	13	0.00018768089138084047	1.4700300198455809e-05	1.0	102362.20472440944
chr6	111033418	111033545	RNA9239	127	28	0.00101306949857514	1.4723000276717357e-05	1.0	220472.44094488188
chr6	111038570	111038697	RNA9240	127	24	0.00011880503632255523	0.0	1.0	188976.3779527559
chr6	111038710	111038815	RNA9241	105	15	1.0780426479565601e-05	0.0	1.0	142857.14285714284
chr6	111041264	111041391	RNA9242	122	24	2.8347162735061966e-05	7.395350166916614e-06	1.0	196721.31147540984
chr6	111062884	111062989	RNA9243	100	27	0.05387027755993282	1.4787199688726105e-05	0.9259259259259259	270000.0
chr6	111070203	111070308	RNA9244	105	21	0.00010918405604612972	0.0	1.0	200000.0
chr6	111607361	111607466	RNA9245	105	16	0.06250551241248559	0.0	0.9375	152380.9523809524
chr6	111607851	111607956	RNA9246	105	14	7.380264508226121e-06	0.0	1.0	133333.33333333334
chr6	111607892	111607997	RNA9247	105	15	0.06667355065352847	0.0	0.9333333333333333	142857.14285714284
chr6	111658770	111658865	RNA9248	95	17	0.002490749213393419	1.4697199731017465e-05	1.0	178947.36842105264
chr6	111880459	111880586	RNA9249	127	22	0.00014499759551902136	0.0	1.0	173228.3464566929
chr6	112106445	112106550	RNA9250	104	22	3.472262228983163e-05	7.354899935307912e-06	1.0	211538.46153846153
chr6	115672434	115672512	RNA9251	78	10	0.01840382072614375	1.4698749964736635e-05	0.9	128205.12820512819
chr6	115840619	115840746	RNA9252	127	22	1.603695463100672e-05	1.4698950053571025e-05	1.0	173228.3464566929
chr6	116100730	116100835	RNA9253	105	43	0.00010169242091779776	0.0	1.0	409523.8095238095
chr6	118813159	118813237	RNA9254	78	14	2.3102084989135582e-05	0.0	1.0	179487.1794871795
chr6	119349765	119349843	RNA9255	78	31	0.00011620396103793159	1.470929964852985e-05	1.0	397435.89743589744
chr6	119349778	119349856	RNA9256	78	34	0.00010422447316801071	1.470715005780221e-05	1.0	435897.4358974359
chr6	119349796	119349874	RNA9257	78	30	2.0591029897332192e-05	1.470434972361545e-05	1.0	384615.3846153846
chr6	120276154	120276232	RNA9258	78	14	1.9950093311693625e-05	7.349250154220499e-06	1.0	179487.1794871795
chr6	120297072	120297150	RNA9259	78	14	1.2612249910099698e-05	7.352499778789934e-06	1.0	179487.1794871795
chr6	120298171	120298249	RNA9260	78	9	1.7994355807280483e-05	0.0	1.0	115384.61538461539
chr6	120954722	120954800	RNA9261	78	22	5.882162176104315e-05	0.0	1.0	282051.28205128206
chr6	121486337	121486419	RNA9262	82	14	0.00012707468736802035	1.4736050161445746e-05	1.0	170731.7073170732
chr6	123691564	123691642	RNA9263	78	26	0.03860472484057727	1.4708250091644004e-05	0.9615384615384616	333333.3333333333
chr6	125503599	125503681	RNA9264	82	10	8.834999971440993e-06	0.0	1.0	121951.21951219512
chr6	126285638	126285720	RNA9265	82	18	0.055573536060971186	1.4707799891766626e-05	0.9444444444444444	219512.19512195123
chr6	126285800	126285882	RNA9266	82	13	2.7148553482008057e-05	1.4713699783897027e-05	1.0	158536.58536585365
chr6	126286659	126286741	RNA9267	82	21	2.241433343269134e-05	1.4699399798701052e-05	1.0	256097.56097560975
chr6	127249543	127249625	RNA9268	82	13	7.915092352889657e-06	0.0	1.0	158536.58536585365
chr6	127252937	127253019	RNA9269	82	12	0.08354521903546204	1.4698499853693647e-05	0.9166666666666666	146341.46341463414
chr6	127255968	127256050	RNA9270	82	11	1.7375672789719168e-05	1.4697199731017465e-05	1.0	134146.34146341463
chr6	127519345	127519427	RNA9271	82	20	2.00898050934418e-05	0.0	1.0	243902.43902439025
chr6	127918694	127918769	RNA9272	75	13	5.20182237988314e-05	0.0	1.0	173333.33333333334
chr6	127920160	127920232	RNA9273	72	13	1.3568515406894641e-05	0.0	1.0	180555.55555555556
chr6	127922417	127922549	RNA9274	132	27	3.3205667427356666e-05	0.0	1.0	204545.45454545456
chr6	131078610	131078692	RNA9275	82	11	0.0012069998407572317	0.0	1.0	134146.34146341463
chr6	131752140	131752215	RNA9276	75	9	2.123057745645167e-05	1.4697199731017465e-05	1.0	120000.0
chr6	131758175	131758307	RNA9277	132	26	0.0005523256529438778	0.0	1.0	196969.69696969696
chr6	131762637	131762709	RNA9278	72	10	1.0290520003763959e-05	7.349050065386109e-06	1.0	138888.8888888889
chr6	132715826	132715898	RNA9279	72	16	1.010386256439233e-05	0.0	1.0	222222.22222222222
chr6	132717918	132718050	RNA9280	132	26	4.861594781966525e-05	0.0	1.0	196969.69696969696
chr6	132720125	132720200	RNA9281	75	20	2.9408085219982455e-05	1.47024002217222e-05	1.0	266666.6666666667
chr6	132814208	132814280	RNA9282	72	32	0.009545892853026311	7.348599865508732e-06	0.96875	444444.44444444444
chr6	132814214	132814346	RNA9283	132	53	0.005799894107749074	1.4697199731017465e-05	0.9811320754716981	401515.1515151515
chr6	132814295	132814370	RNA9284	75	31	9.247348366295874e-05	1.4697699953103438e-05	1.0	413333.3333333333
chr6	132814392	132814524	RNA9285	132	44	0.00030162714801917575	0.0	1.0	333333.3333333333
chr6	132814446	132814518	RNA9286	72	26	0.0005059228543499362	1.4696800008096034e-05	1.0	361111.1111111111
chr6	132814488	132814563	RNA9287	75	40	0.0007029962698425101	1.4698300219606608e-05	1.0	533333.3333333334
chr6	132820286	132820418	RNA9288	127	35	1.747049149603949e-05	0.0	1.0	275590.55118110235
chr6	132821694	132821769	RNA9289	75	8	5.5129249858509866e-06	0.0	1.0	106666.66666666667
chr6	132822713	132822785	RNA9290	57	13	2.2453784297863786e-05	0.0	1.0	228070.1754385965
chr6	132825146	132825218	RNA9291	72	17	1.9021493993501276e-05	1.469509970775107e-05	1.0	236111.1111111111
chr6	132826378	132826453	RNA9292	75	19	0.05265249368394028	0.0	0.9473684210526315	253333.33333333334
chr6	132826475	132826607	RNA9293	132	25	5.5365663065456446e-05	0.0	1.0	189393.9393939394
chr6	132826622	132826754	RNA9294	132	8	9.186425245388818e-06	0.0	1.0	60606.06060606061
chr6	132827171	132827243	RNA9295	72	12	8.617549913954766e-06	7.365049896179698e-06	1.0	166666.66666666666
chr6	132827357	132827432	RNA9296	75	15	6.373120074082718e-05	0.0	1.0	200000.0
chr6	134318418	134318550	RNA9297	132	27	0.03704411681108603	0.0	0.9629629629629629	204545.45454545456
chr6	134318719	134318791	RNA9298	72	11	0.09092111777284696	1.4696799553348685e-05	0.9090909090909091	152777.77777777778
chr6	134318879	134318954	RNA9299	75	14	1.3650736036652233e-05	0.0	1.0	186666.6666666667
chr6	134320596	134320677	RNA9300	78	18	8.34562231628095e-06	0.0	1.0	230769.23076923078
chr6	137258031	137258101	RNA9301	70	14	7.348028507944296e-06	0.0	1.0	200000.0
chr6	137387285	137387366	RNA9302	81	17	6.052441141732475e-06	0.0	1.0	209876.54320987655
chr6	137813761	137813836	RNA9303	75	18	0.05556372112212355	0.0	0.9444444444444444	240000.0
chr6	137814839	137814911	RNA9304	72	12	0.00015312866586705167	0.0	1.0	166666.66666666666
chr6	137815907	137816039	RNA9305	132	25	2.175576002627887e-05	1.4700300198455809e-05	1.0	189393.9393939394
chr6	138389324	138389405	RNA9306	81	15	0.004815339554321929	0.0	0.9333333333333333	185185.18518518517
chr6	138396358	138396439	RNA9307	81	17	2.5075064460155153e-05	0.0	1.0	209876.54320987655
chr6	138397798	138397879	RNA9308	81	13	0.07974246600133483	1.4698999621032272e-05	0.9230769230769231	160493.82716049382
chr6	138706119	138706200	RNA9309	81	12	7.353616562492486e-06	0.0	1.0	148148.14814814815
chr6	138708339	138708420	RNA9310	81	16	2.021242499949949e-05	1.4699400253448403e-05	1.0	197530.86419753084
chr6	138710116	138710197	RNA9311	81	12	0.0833504811334933	7.347950031544315e-06	0.9166666666666666	148148.14814814815
chr6	139669766	139669878	RNA9312	112	17	1.2111211564093965e-05	0.0	1.0	151785.71428571426
chr6	139670798	139670880	RNA9313	82	13	1.0184484661015002e-05	0.0	1.0	158536.58536585365
chr6	139677516	139677597	RNA9314	81	20	8.861500054990756e-06	7.350150099227904e-06	1.0	246913.58024691357
chr6	140902238	140902309	RNA9315	71	14	1.2600128684420178e-05	0.0	1.0	197183.0985915493
chr6	141297864	141297934	RNA9316	70	13	2.0392031029369897e-05	0.0	1.0	185714.2857142857
chr6	142232468	142232538	RNA9317	70	18	0.0004222581126972025	0.0	1.0	257142.85714285713
chr6	142233362	142233432	RNA9318	70	13	0.01850444702414768	1.4700700376124589e-05	0.9230769230769231	185714.2857142857
chr6	142233908	142233978	RNA9319	70	10	1.6170620074262843e-05	1.4698100130772218e-05	1.0	142857.14285714284
chr6	142446710	142446780	RNA9320	70	5	4.9987620513990506e-05	1.4702900443808176e-05	1.0	71428.57142857142
chr6	142447074	142447144	RNA9321	70	16	6.524496234305541e-05	0.0	1.0	228571.42857142855
chr6	142448090	142448160	RNA9322	70	15	1.1760386587411632e-05	1.4697699953103438e-05	1.0	214285.71428571426
chr6	142723210	142723291	RNA9323	81	16	4.7771468189233646e-05	1.4696149719384266e-05	1.0	197530.86419753084
chr6	143535663	143535733	RNA9324	70	13	0.12682887372382257	1.4699799976369832e-05	0.8461538461538461	185714.2857142857
chr6	143536505	143536617	RNA9325	112	27	0.03705010196669415	1.4696400285174605e-05	0.9629629629629629	241071.42857142858
chr6	143536703	143536785	RNA9326	82	24	0.0005066520957749733	1.4702449789183447e-05	1.0	292682.9268292683
chr6	144105572	144105654	RNA9327	82	17	1.988725869201976e-05	0.0	1.0	207317.0731707317
chr6	144193578	144193649	RNA9328	71	19	3.094452662672235e-06	0.0	1.0	267605.63380281685
chr6	144207483	144207565	RNA9329	82	10	5.7360709797632176e-05	0.0	1.0	121951.21951219512
chr6	144211813	144211895	RNA9330	82	14	5.460013679630912e-05	0.0	1.0	170731.7073170732
chr6	144222205	144222287	RNA9331	82	9	0.11108497211373305	0.0	0.8888888888888888	109756.09756097561
chr6	144224384	144224466	RNA9332	82	19	3.0967263276238894e-05	1.4703699889651034e-05	1.0	231707.31707317074
chr6	144284929	144285041	RNA9333	112	28	9.976414243543072e-06	7.349250154220499e-06	1.0	250000.0
chr6	144284936	144285048	RNA9334	112	29	1.0646003390539935e-05	1.4698500308440998e-05	1.0	258928.57142857145
chr6	144284959	144285071	RNA9335	112	37	3.3373222224226604e-05	1.4698100130772218e-05	1.0	330357.14285714284
chr6	144285017	144285099	RNA9336	82	24	4.287411354652834e-05	0.0	1.0	292682.9268292683
chr6	144854059	144854171	RNA9337	112	24	0.03974660694537609	0.0	0.9166666666666666	214285.71428571426
chr6	144861590	144861702	RNA9338	112	20	0.050017643869932724	1.4702450243930798e-05	0.95	178571.42857142858
chr6	144874727	144874839	RNA9339	112	26	0.0034558272830578834	0.0	0.9615384615384616	232142.85714285716
chr6	145098070	145098141	RNA9340	71	11	9.354709039722696e-06	0.0	1.0	154929.57746478872
chr6	145111832	145111903	RNA9341	71	14	0.005756127542034453	7.348200142587302e-06	0.9285714285714286	197183.0985915493
chr6	145112918	145112989	RNA9342	71	17	0.00033032297703945257	0.0	1.0	239436.61971830984
chr6	145188766	145188837	RNA9343	71	12	8.580416836897106e-06	0.0	1.0	169014.08450704225
chr6	145191808	145191879	RNA9344	71	14	0.039415441907229766	1.4698349787067855e-05	0.9285714285714286	197183.0985915493
chr6	145196839	145196921	RNA9345	82	14	1.8899121057204093e-05	0.0	1.0	170731.7073170732
chr6	145267402	145267473	RNA9346	71	13	3.844087614897016e-05	1.4700700376124589e-05	1.0	183098.5915492958
chr6	145319431	145319502	RNA9347	71	11	1.0694009026999332e-05	1.47024002217222e-05	1.0	154929.57746478872
chr6	145330820	145330932	RNA9348	112	26	0.005034859825802689	1.4699399798701052e-05	0.9615384615384616	232142.85714285716
chr6	145341414	145341484	RNA9349	70	14	2.204967157532252e-05	1.4699399798701052e-05	1.0	200000.0
chr6	148745906	148746018	RNA9350	112	17	2.3345141177253127e-05	0.0	1.0	151785.71428571426
chr6	148746292	148746374	RNA9351	82	15	1.4700493071965563e-05	1.4700300198455809e-05	1.0	182926.82926829267
chr6	150141063	150141134	RNA9352	71	19	6.810685418282303e-05	0.0	1.0	267605.63380281685
chr6	151234541	151234623	RNA9353	82	30	0.00016173580240016203	1.469984999857843e-05	1.0	365853.65853658534
chr6	151492476	151492550	RNA9354	74	15	0.00020369152637916013	0.0	1.0	202702.70270270272
chr6	154724768	154724850	RNA9355	82	17	0.05882007139424625	0.0	0.9411764705882353	207317.0731707317
chr6	155317209	155317340	RNA9356	131	10	1.1760049983422504e-05	1.4698349787067855e-05	1.0	76335.87786259543
chr6	155317809	155317948	RNA9357	139	25	9.347697967313641e-05	0.0	1.0	179856.11510791365
chr6	155392749	155392823	RNA9358	74	19	0.043019071093065	0.0	0.9473684210526315	256756.75675675675
chr6	155666768	155666842	RNA9359	74	20	1.0290319914929569e-05	0.0	1.0	270270.2702702703
chr6	155667754	155667836	RNA9360	82	16	2.0385406514827475e-05	7.349699899350526e-06	1.0	195121.9512195122
chr6	155667853	155667927	RNA9361	74	11	1.3365845420180863e-05	1.4700300198455809e-05	1.0	148648.64864864867
chr6	155667933	155668007	RNA9362	74	16	0.0007009601641811811	1.4698100130772218e-05	1.0	216216.21621621624
chr6	155668597	155668679	RNA9363	82	22	0.00017308258107235863	0.0	1.0	268292.68292682926
chr6	155669126	155669208	RNA9364	82	12	0.00025844719455865464	1.4699199709866662e-05	1.0	146341.46341463414
chr6	156451009	156451091	RNA9365	82	15	1.9604879707909936e-05	0.0	1.0	182926.82926829267
chr6	156451065	156451147	RNA9366	82	21	1.680419488062792e-05	0.0	1.0	256097.56097560975
chr6	156451324	156451398	RNA9367	74	15	0.028483239881825276	1.4698100130772218e-05	0.8666666666666667	202702.70270270272
chr6	156452246	156452320	RNA9368	73	15	4.3365233553529925e-05	1.5218400221783668e-05	1.0	205479.4520547945
chr6	156453043	156453117	RNA9369	74	17	1.4703011937158525e-05	0.0	1.0	229729.72972972973
chr6	156453251	156453333	RNA9370	82	14	1.1553100193850696e-05	0.0	1.0	170731.7073170732
chr6	156705471	156705553	RNA9371	82	24	0.000372622083697625	0.0	1.0	292682.9268292683
chr6	157335488	157335562	RNA9372	74	19	0.05037610867915837	1.4696400285174605e-05	0.9473684210526315	256756.75675675675
chr6	158532970	158533101	RNA9373	131	43	0.005871042500984899	1.4714099961565807e-05	0.9534883720930233	328244.27480916027
chr6	158533080	158533219	RNA9374	139	32	0.000660812373126867	1.4711949916090816e-05	1.0	230215.82733812951
chr6	159443660	159443799	RNA9375	139	37	0.0244235876970305	1.4696400285174605e-05	0.972972972972973	266187.0503597122
chr6	159448730	159448861	RNA9376	130	26	1.360271531106698e-05	0.0	1.0	200000.0
chr6	159448861	159448992	RNA9377	129	28	6.318937487645881e-05	0.0	1.0	217054.26356589148
chr6	159452901	159453040	RNA9378	139	28	0.030638570511687894	0.0	0.9285714285714286	201438.8489208633
chr6	159455483	159455614	RNA9379	131	23	0.014896538735031394	0.0	0.9565217391304348	175572.51908396944
chr6	159456908	159457047	RNA9380	139	27	0.0740980285958762	1.4697699953103438e-05	0.9259259259259259	194244.60431654679
chr6	159884039	159884178	RNA9381	139	22	4.2095581978748846e-05	0.0	1.0	158273.38129496403
chr6	159885230	159885361	RNA9382	131	32	0.03128630531799104	1.4708700291521382e-05	0.96875	244274.80916030533
chr6	159885662	159885793	RNA9383	131	31	1.4697425549746595e-05	0.0	1.0	236641.2213740458
chr6	159886417	159886548	RNA9384	131	23	0.04352355179427199	0.0	0.9565217391304348	175572.51908396944
chr6	159887811	159887950	RNA9385	139	15	6.859846689621918e-06	0.0	1.0	107913.6690647482
chr6	159888871	159889010	RNA9386	139	15	1.3718053257131638e-05	1.4697199731017465e-05	1.0	107913.6690647482
chr6	160677899	160677973	RNA9387	74	15	1.0798693559384749e-05	0.0	1.0	202702.70270270272
chr6	160677936	160678075	RNA9388	135	29	0.008566645462796542	1.4813499547017273e-05	0.9655172413793104	214814.81481481483
chr6	160678216	160678347	RNA9389	131	16	0.052383280103185825	1.4714550161443185e-05	0.9375	122137.40458015267
chr6	160679903	160679985	RNA9390	82	0				0.0
chr6	164340270	164340409	RNA9391	139	33	0.03807619139347067	1.4696799553348685e-05	0.9393939393939394	237410.07194244603
chr6	164340510	164340641	RNA9392	131	26	1.244281156687066e-05	1.4696599919261644e-05	1.0	198473.28244274808
chr6	165995619	165995702	RNA9393	83	11	2.5395927877977086e-05	1.4696400285174605e-05	1.0	132530.12048192773
chr6	169323676	169323759	RNA9394	83	10	2.9395399906206875e-06	0.0	1.0	120481.92771084337
chr6	170263967	170264050	RNA9395	83	18	0.000255617080508972	1.4698100130772218e-05	1.0	216867.4698795181
chr6	170281968	170282051	RNA9396	83	27	4.2455889039647855e-05	0.0	1.0	325301.2048192771
chr6	170282080	170282163	RNA9397	83	26	0.000802906132566229	1.4696999642183075e-05	1.0	313253.0120481928
chr6	170412307	170412390	RNA9398	83	12	4.042845012008141e-05	1.4700699921377236e-05	1.0	144578.31325301205
chr6	170412348	170412431	RNA9399	83	11	1.2066872758706184e-05	1.4697199731017465e-05	1.0	132530.12048192773
chr6	170426390	170426473	RNA9400	83	17	9.510947219335803e-06	0.0	1.0	204819.27710843371
chr7	496775	496873	RNA9401	98	22	0.021691800208414356	1.4698300219606608e-05	0.9090909090909091	224489.79591836734
chr7	1138350	1138490	RNA9402	140	49	0.0007192860204705358	1.4697199731017465e-05	1.0	350000.0
chr7	1138526	1138660	RNA9403	134	31	0.00019678681849566494	0.0	1.0	231343.28358208956
chr7	1810739	1810879	RNA9404	140	0				0.0
chr7	1811700	1811840	RNA9405	140	0				0.0
chr7	1815616	1815756	RNA9406	140	0				0.0
chr7	2251361	2251501	RNA9407	140	31	0.005848031209156498	0.0	0.967741935483871	221428.57142857142
chr7	2251418	2251558	RNA9408	140	37	0.03192871415629613	1.4696799553348685e-05	0.9459459459459459	264285.7142857143
chr7	2251608	2251748	RNA9409	140	39	1.1682717810727988e-05	0.0	1.0	278571.4285714286
chr7	2664805	2664945	RNA9410	137	37	1.5897438011911572e-05	0.0	1.0	270072.9927007299
chr7	4392498	4392632	RNA9411	134	27	0.008980677470491265	1.470200004405342e-05	0.9629629629629629	201492.53731343284
chr7	4393316	4393450	RNA9412	134	31	0.0008866196266969733	0.0	1.0	231343.28358208956
chr7	4393375	4393473	RNA9413	98	16	3.123471213939298e-05	7.349499810516136e-06	1.0	163265.30612244896
chr7	4395563	4395661	RNA9414	98	26	0.03870581643573482	0.0	0.9615384615384616	265306.1224489796
chr7	4396299	4396397	RNA9415	98	17	0.11768423611021503	1.4698999621032272e-05	0.8823529411764706	173469.38775510204
chr7	4396684	4396818	RNA9416	132	20	4.641491009351422e-05	1.4710200048284605e-05	1.0	151515.15151515152
chr7	4397562	4397696	RNA9417	134	27	1.1978533317839416e-05	0.0	1.0	201492.53731343284
chr7	4398291	4398389	RNA9418	98	21	8.40034768078199e-06	0.0	1.0	214285.71428571426
chr7	6939611	6939745	RNA9419	134	0				0.0
chr7	6939735	6939833	RNA9420	98	0				0.0
chr7	6940090	6940224	RNA9421	134	0				0.0
chr7	6941714	6941812	RNA9422	98	0				0.0
chr7	6941818	6941952	RNA9423	134	0				0.0
chr7	6942177	6942275	RNA9424	98	0				0.0
chr7	6943532	6943630	RNA9425	98	0				0.0
chr7	6945000	6945140	RNA9426	140	0				0.0
chr7	6949738	6949872	RNA9427	134	0				0.0
chr7	10086178	10086276	RNA9428	98	23	0.012173237347744125	0.0	0.9130434782608695	234693.8775510204
chr7	10971102	10971236	RNA9429	134	25	1.234917217516106e-05	0.0	1.0	186567.1641791045
chr7	14983748	14983826	RNA9430	78	9	1.1442333440451572e-05	0.0	1.0	115384.61538461539
chr7	17961756	17961829	RNA9431	73	13	2.8270069378768757e-05	1.4698100130772218e-05	1.0	178082.19178082192
chr7	19123306	19123384	RNA9432	78	0				0.0
chr7	19123622	19123692	RNA9433	70	0				0.0
chr7	19676917	19676995	RNA9434	78	15	6.8624066746754884e-06	0.0	1.0	192307.6923076923
chr7	19690855	19690933	RNA9435	78	26	0.03182723222016648	0.0	0.9615384615384616	333333.3333333333
chr7	19691921	19691999	RNA9436	78	9	9.7987779857552e-06	0.0	1.0	115384.61538461539
chr7	19714882	19714960	RNA9437	78	18	0.05375184351790571	0.0	0.9444444444444444	230769.23076923078
chr7	19715335	19715413	RNA9438	78	22	0.04397380973804585	1.4708050002809614e-05	0.9545454545454546	282051.28205128206
chr7	19716723	19716801	RNA9439	78	21	0.047636547728524464	0.0	0.9523809523809523	269230.7692307692
chr7	20780339	20780417	RNA9440	78	0				0.0
chr7	21951172	21951245	RNA9441	73	18	4.001819954484038e-05	7.348200142587302e-06	1.0	246575.3424657534
chr7	22360681	22360751	RNA9442	70	17	0.0005473939572766497	1.4698100130772218e-05	1.0	242857.14285714284
chr7	22757065	22757138	RNA9443	73	17	0.023951157880379895	1.4696799553348685e-05	0.9411764705882353	232876.7123287671
chr7	22839552	22839625	RNA9444	70	11	2.061940871168072e-05	0.0	1.0	157142.85714285713
chr7	22853717	22853790	RNA9445	73	13	0.003068201561850751	1.4698999621032272e-05	1.0	178082.19178082192
chr7	22853836	22853906	RNA9446	70	16	1.4705137857614242e-05	0.0	1.0	228571.42857142855
chr7	22853900	22853970	RNA9447	70	11	5.34762726932637e-06	0.0	1.0	157142.85714285713
chr7	22854045	22854115	RNA9448	57	28	0.0002913775227365549	2.232104998256545e-05	1.0	491228.0701754386
chr7	23474049	23474119	RNA9449	70	27	1.1440625948361466e-05	1.470159986638464e-05	1.0	385714.28571428574
chr7	23474080	23474153	RNA9450	73	32	1.6080865492537605e-05	1.4701349755341653e-05	1.0	438356.16438356164
chr7	23474177	23474250	RNA9451	73	21	3.149606168118869e-05	1.4697699953103438e-05	1.0	287671.23287671234
chr7	23474266	23474339	RNA9452	73	25	0.00016051544236687874	0.0	1.0	342465.7534246575
chr7	23474267	23474337	RNA9453	70	25	0.00016051544236687874	0.0	1.0	357142.85714285716
chr7	23493667	23493737	RNA9454	70	11	3.3402790822116664e-05	0.0	1.0	157142.85714285713
chr7	23579586	23579659	RNA9455	73	15	2.45084599252245e-05	1.4700300198455809e-05	1.0	205479.4520547945
chr7	24566429	24566499	RNA9456	70	13	1.3571138389614554e-05	1.4700300198455809e-05	1.0	185714.2857142857
chr7	24695253	24695331	RNA9457	74	28	0.004250399840624843	1.5830150005058385e-05	0.9642857142857143	378378.3783783784
chr7	27251646	27251719	RNA9458	73	27	2.0686503847640755e-05	1.4698100130772218e-05	1.0	369863.0136986301
chr7	28299025	28299095	RNA9459	70	19	1.547005261895002e-05	1.469549988541985e-05	1.0	271428.5714285714
chr7	34340838	34340969	RNA9460	131	28	6.405741467980116e-05	1.4700900010211626e-05	1.0	213740.45801526718
chr7	38237623	38237754	RNA9461	131	26	1.1308265444453215e-05	0.0	1.0	198473.28244274808
chr7	38969264	38969395	RNA9462	131	12	6.1251083328291616e-06	0.0	1.0	91603.0534351145
chr7	38971169	38971300	RNA9463	131	32	0.0013891726907786426	1.4698950053571025e-05	1.0	244274.80916030533
chr7	38976578	38976709	RNA9464	130	31	0.00025553895598168556	1.4716700206918176e-05	1.0	238461.53846153847
chr7	39613832	39613963	RNA9465	131	26	8.480223046857505e-06	0.0	1.0	198473.28244274808
chr7	39613867	39613998	RNA9466	131	26	9.045319215007252e-06	0.0	1.0	198473.28244274808
chr7	39615823	39615954	RNA9467	131	18	1.3065550067242131e-05	7.347950031544315e-06	1.0	137404.58015267176
chr7	40946101	40946232	RNA9468	129	32	0.01197579737092269	7.352499778789934e-06	0.96875	248062.01550387597
chr7	40948686	40948822	RNA9469	136	32	0.009255410100138303	1.4696400285174605e-05	0.96875	235294.11764705883
chr7	40950788	40950919	RNA9470	131	39	0.07693438809772675	1.4697699953103438e-05	0.9230769230769231	297709.9236641221
chr7	40952667	40952799	RNA9471	132	27	0.0007653027852467316	1.4694600395159796e-05	1.0	204545.45454545456
chr7	40953239	40953372	RNA9472	133	39	0.00983790963287808	1.4697199731017465e-05	0.9743589743589743	293233.0827067669
chr7	42473020	42473103	RNA9473	83	20	1.1026529864466284e-05	0.0	1.0	240963.85542168675
chr7	44071831	44071963	RNA9474	132	30	5.1455827967097947e-05	0.0	1.0	227272.72727272726
chr7	44104174	44104310	RNA9475	120	37	0.00016976836682383128	1.5651899957447313e-05	1.0	308333.3333333334
chr7	44104207	44104338	RNA9476	119	38	0.0001696897913557392	1.5367700143542606e-05	1.0	319327.73109243694
chr7	44104208	44104341	RNA9477	121	38	0.0001696897913557392	1.5367700143542606e-05	1.0	314049.58677685953
chr7	44199533	44199664	RNA9478	131	39	3.994839701194076e-05	1.4697699953103438e-05	1.0	297709.9236641221
chr7	44929754	44929886	RNA9479	123	18	0.05563318528311356	7.348399776674342e-06	0.9444444444444444	146341.46341463414
chr7	44956395	44956527	RNA9480	132	25	8.23443300760082e-05	0.0	1.0	189393.9393939394
chr7	44956606	44956739	RNA9481	133	31	1.8530319193223282e-05	0.0	1.0	233082.70676691728
chr7	44956727	44956858	RNA9482	122	34	0.08789914932252513	2.451075033604866e-05	0.8529411764705882	278688.5245901639
chr7	44957758	44957894	RNA9483	136	40	0.00011732137911621883	0.0	1.0	294117.64705882355
chr7	44958825	44958957	RNA9484	132	27	6.15150230361048e-05	1.469590006308863e-05	1.0	204545.45454545456
chr7	45076532	45076664	RNA9485	132	28	0.0341164369935346	0.0	0.9285714285714286	212121.21212121213
chr7	45079926	45080058	RNA9486	132	20	0.100034891204632	1.4981500044086715e-05	0.9	151515.15151515152
chr7	45090735	45090867	RNA9487	132	17	5.195317659372984e-06	0.0	1.0	128787.87878787878
chr7	45093612	45093745	RNA9488	133	23	0.00038739678806766834	1.4698999621032272e-05	1.0	172932.33082706766
chr7	45094362	45094498	RNA9489	136	21	9.799619181735797e-06	0.0	1.0	154411.76470588235
chr7	45094587	45094720	RNA9490	133	19	1.1606563260245725e-05	0.0	1.0	142857.14285714284
chr7	45095311	45095442	RNA9491	131	19	1.6245068285282943e-05	1.4697199731017465e-05	1.0	145038.1679389313
chr7	45096007	45096143	RNA9492	136	25	1.2360651962808334e-05	0.0	1.0	183823.52941176473
chr7	45097216	45097347	RNA9493	131	21	0.039593580908331205	1.469590006308863e-05	0.9523809523809523	160305.34351145037
chr7	45116990	45117123	RNA9494	132	18	0.003791165850998365	1.4702250155096408e-05	1.0	136363.63636363635
chr7	45119969	45120102	RNA9495	133	27	0.00070113232868607	0.0	1.0	203007.51879699246
chr7	45135415	45135546	RNA9496	131	22	0.02564801739646844	7.347749942709925e-06	0.9545454545454546	167938.93129770993
chr7	45138609	45138745	RNA9497	136	26	0.04623412812176097	1.4710400137118995e-05	0.9230769230769231	191176.47058823527
chr7	45142986	45143122	RNA9498	136	25	0.03463015440695017	0.0	0.96	183823.52941176473
chr7	45143411	45143542	RNA9499	131	22	0.002200310744228769	0.0	1.0	167938.93129770993
chr7	45205866	45206002	RNA9500	136	26	0.0006564637585772533	1.4697250207973411e-05	1.0	191176.47058823527
chr7	45206654	45206787	RNA9501	133	19	6.962115692562963e-06	0.0	1.0	142857.14285714284
chr7	45207145	45207276	RNA9502	131	23	0.07930750658950907	1.4697699953103438e-05	0.9130434782608695	175572.51908396944
chr7	45937068	45937200	RNA9503	132	22	1.8710100159131056e-05	1.4700699921377236e-05	1.0	166666.66666666666
chr7	46107817	46107953	RNA9504	136	25	0.04590327546837215	1.4699799976369832e-05	0.92	183823.52941176473
chr7	46113160	46113291	RNA9505	131	26	4.6387161966352746e-05	1.4699199709866662e-05	1.0	198473.28244274808
chr7	46119375	46119508	RNA9506	133	19	0.04540174255974929	1.4705399735248648e-05	0.9473684210526315	142857.14285714284
chr7	46457113	46457196	RNA9507	83	14	2.834727852781539e-05	1.4701099644298664e-05	1.0	168674.6987951807
chr7	47261816	47261899	RNA9508	83	11	1.2027090798999945e-05	1.4698999621032272e-05	1.0	132530.12048192773
chr7	47262773	47262856	RNA9509	83	18	6.540277809108375e-06	0.0	1.0	216867.4698795181
chr7	47262808	47262891	RNA9510	83	14	5.2558786072560385e-06	0.0	1.0	168674.6987951807
chr7	47582563	47582646	RNA9511	83	22	4.142979605602862e-05	0.0	1.0	265060.24096385547
chr7	47582602	47582685	RNA9512	83	22	2.606145025393285e-05	0.0	1.0	265060.24096385547
chr7	47582726	47582809	RNA9513	83	14	1.7898593341665467e-05	1.4697699953103438e-05	1.0	168674.6987951807
chr7	48647768	48647851	RNA9514	83	3	0.0	0.0	1.0	36144.57831325301
chr7	49773418	49773550	RNA9515	132	44	0.00019725264093556227	1.4699399798701052e-05	1.0	333333.3333333333
chr7	49773446	49773579	RNA9516	133	44	0.00019825523641387786	1.4703300166729605e-05	1.0	330827.0676691729
chr7	49773457	49773593	RNA9517	136	44	0.00019758807955192237	1.4703499800816644e-05	1.0	323529.4117647059
chr7	49773481	49773612	RNA9518	131	39	4.534441433907888e-05	1.4703699889651034e-05	1.0	297709.9236641221
chr7	51324910	51325047	RNA9519	137	0				0.0
chr7	51326109	51326241	RNA9520	132	0				0.0
chr7	51900605	51900688	RNA9521	83	16	1.194988749375625e-05	7.348399776674342e-06	1.0	192771.0843373494
chr7	54979640	54979772	RNA9522	132	27	1.7981385099118948e-05	0.0	1.0	204545.45454545456
chr7	54979970	54980107	RNA9523	134	30	0.00022452276437736802	1.4725399978487984e-05	1.0	223880.59701492538
chr7	56002551	56002688	RNA9524	137	0				0.0
chr7	56002594	56002726	RNA9525	132	0				0.0
chr7	56003003	56003140	RNA9526	137	0				0.0
chr7	56005283	56005415	RNA9527	132	0				0.0
chr7	56009274	56009411	RNA9528	137	22	2.0720882234437216e-05	7.349499810516136e-06	1.0	160583.9416058394
chr7	56010717	56010849	RNA9529	132	14	1.4700585714828257e-05	1.4699399798701052e-05	1.0	106060.60606060606
chr7	56093064	56093196	RNA9530	132	36	0.013953851058962146	1.4702900443808176e-05	0.9722222222222222	272727.2727272727
chr7	56093255	56093392	RNA9531	137	32	0.009726183656084684	0.0	0.96875	233576.6423357664
chr7	56093326	56093458	RNA9532	132	30	0.03491831666269718	0.0	0.9333333333333333	227272.72727272726
chr7	56093549	56093686	RNA9533	137	21	0.001076488021161431	0.0	1.0	153284.67153284673
chr7	56169494	56169631	RNA9534	137	24	0.007455343819780556	0.0	0.9583333333333334	175182.48175182482
chr7	56172072	56172204	RNA9535	129	23	1.7101325797933344e-05	0.0	1.0	178294.57364341087
chr7	56971941	56972073	RNA9536	132	9	0.00010905046534995184	1.5359599274233915e-05	1.0	68181.81818181818
chr7	56972351	56972488	RNA9537	132	0				0.0
chr7	60787078	60787211	RNA9538	0	0				
chr7	60798243	60798377	RNA9539	0	0				
chr7	60807582	60807715	RNA9540	0	0				
chr7	61003351	61003483	RNA9541	0	0				
chr7	61019742	61019879	RNA9542	0	0				
chr7	64018490	64018624	RNA9543	134	0				0.0
chr7	64018712	64018845	RNA9544	133	0				0.0
chr7	64019985	64020119	RNA9545	134	0				0.0
chr7	64020448	64020582	RNA9546	126	0				0.0
chr7	64020758	64020891	RNA9547	133	0				0.0
chr7	64021169	64021302	RNA9548	133	0				0.0
chr7	64021308	64021441	RNA9549	133	0				0.0
chr7	64021424	64021557	RNA9550	132	0				0.0
chr7	64021640	64021774	RNA9551	134	0				0.0
chr7	64021914	64022047	RNA9552	133	0				0.0
chr7	64022291	64022424	RNA9553	133	0				0.0
chr7	64023402	64023535	RNA9554	133	0				0.0
chr7	67368362	67368456	RNA9555	94	0				0.0
chr7	67368671	67368804	RNA9556	133	0				0.0
chr7	67368715	67368849	RNA9557	134	0				0.0
chr7	67369997	67370130	RNA9558	133	0				0.0
chr7	67370128	67370262	RNA9559	134	0				0.0
chr7	67370160	67370294	RNA9560	134	0				0.0
chr7	67373036	67373169	RNA9561	133	0				0.0
chr7	67373281	67373414	RNA9562	133	0				0.0
chr7	67374758	67374892	RNA9563	134	0				0.0
chr7	67376183	67376316	RNA9564	133	0				0.0
chr7	67378345	67378478	RNA9565	133	0				0.0
chr7	67381263	67381396	RNA9566	133	0				0.0
chr7	67382146	67382279	RNA9567	133	0				0.0
chr7	68741766	68741846	RNA9568	80	22	1.9387072287908426e-05	0.0	1.0	275000.0
chr7	69176926	69177059	RNA9569	133	28	0.004696744104194287	0.0	0.9642857142857143	210526.31578947368
chr7	69182829	69182962	RNA9570	133	18	1.143242762837973e-05	7.348849976551719e-06	1.0	135338.34586466165
chr7	69186389	69186523	RNA9571	131	14	1.3817407242251128e-05	1.4752100014447933e-05	1.0	106870.22900763359
chr7	71129683	71129816	RNA9572	133	23	8.307565226657417e-06	0.0	1.0	172932.33082706766
chr7	71129888	71129982	RNA9573	94	15	2.155906040570174e-05	1.4696400285174605e-05	1.0	159574.4680851064
chr7	71131656	71131750	RNA9574	94	30	0.0002582303536958801	0.0	1.0	319148.9361702128
chr7	71131699	71131793	RNA9575	94	34	0.00025769409097953986	0.0	1.0	361702.1276595745
chr7	71132033	71132127	RNA9576	94	40	7.321086700358119e-05	0.0	1.0	425531.91489361704
chr7	71716920	71717014	RNA9577	94	10	1.0289190049661556e-05	0.0	1.0	106382.97872340426
chr7	71729746	71729840	RNA9578	93	18	0.002655408188072889	8.111860006465577e-05	1.0	193548.38709677418
chr7	71735278	71735372	RNA9579	94	21	5.459245329845814e-05	1.4697199731017465e-05	1.0	223404.2553191489
chr7	72457975	72458069	RNA9580	94	11	0.0001087293005019111	1.4898199879098684e-05	1.0	117021.27659574468
chr7	72554491	72554571	RNA9581	80	10	0.0481119757993838	1.469764993089484e-05	0.9	125000.0
chr7	73559397	73559477	RNA9582	80	13	4.4126438017249835e-05	1.4706700312672185e-05	1.0	162500.0
chr7	73560488	73560568	RNA9583	80	22	0.018684826628776293	1.4701099644298664e-05	0.9545454545454546	275000.0
chr7	73560505	73560585	RNA9584	80	23	0.017872442749253613	1.4699799976369832e-05	0.9565217391304348	287500.0
chr7	74406181	74406261	RNA9585	80	16	0.12508082641869578	1.4696999642183075e-05	0.875	200000.0
chr7	74406249	74406329	RNA9586	80	24	0.06949659913156361	1.4696599919261644e-05	0.9166666666666666	300000.0
chr7	74406682	74406762	RNA9587	76	16	4.7233794475680014e-05	1.47113000821264e-05	1.0	210526.31578947368
chr7	74410364	74410497	RNA9588	133	24	0.0416826454505402	0.0	0.9583333333333334	180451.12781954886
chr7	74411291	74411424	RNA9589	133	24	0.04364951944095689	0.0	0.9583333333333334	180451.12781954886
chr7	74416077	74416210	RNA9590	0	19	5.432612708413229e-05	2.839459921233356e-05	1.0	
chr7	74419988	74420068	RNA9591	59	10	0.00020048690621478696	1.4916499821993057e-05	1.0	169491.5254237288
chr7	74427454	74427587	RNA9592	133	35	0.028604655791839052	0.0	0.9714285714285714	263157.8947368421
chr7	76287604	76287737	RNA9593	133	23	1.0865073778875235e-05	0.0	1.0	172932.33082706766
chr7	76287656	76287789	RNA9594	133	19	6.961826233907088e-06	0.0	1.0	142857.14285714284
chr7	76287686	76287819	RNA9595	133	23	1.916997410697384e-05	0.0	1.0	172932.33082706766
chr7	76305570	76305664	RNA9596	94	22	1.0759827298236566e-05	0.0	1.0	234042.55319148937
chr7	76545406	76545539	RNA9597	0	0				
chr7	77980491	77980571	RNA9598	80	14	1.889706455975621e-05	0.0	1.0	175000.0
chr7	80924169	80924302	RNA9599	133	25	0.0005173935239508829	1.4698999621032272e-05	1.0	187969.92481203008
chr7	88757173	88757250	RNA9600	77	19	0.04055737945370646	0.0	0.9473684210526315	246753.24675324676
chr7	92601194	92601271	RNA9601	74	6	7.844699818330506e-06	0.0	1.0	81081.08108108108
chr7	92964505	92964581	RNA9602	76	13	1.0191669179431092e-05	1.4699799976369832e-05	1.0	171052.63157894736
chr7	93591445	93591522	RNA9603	77	38	0.02686970052218384	1.4698749964736635e-05	0.9736842105263158	493506.4935064935
chr7	93591454	93591531	RNA9604	77	33	0.030373398821680123	1.4697199731017465e-05	0.9696969696969697	428571.4285714285
chr7	93591469	93591546	RNA9605	77	31	0.03232823210354611	1.4696400285174605e-05	0.967741935483871	402597.40259740263
chr7	93911664	93911741	RNA9606	77	19	0.003595684569566065	1.4694200217491016e-05	0.9473684210526315	246753.24675324676
chr7	93912687	93912764	RNA9607	4	5	3.714396007126197e-05	5.2792700444115326e-05	1.0	1250000.0
chr7	93913572	93913649	RNA9608	77	14	1.9946228413956232e-05	0.0	1.0	181818.18181818182
chr7	94470719	94470790	RNA9609	71	14	0.0503556016751645	7.349499810516136e-06	0.8571428571428571	197183.0985915493
chr7	94713047	94713124	RNA9610	77	29	0.024449859174825995	0.0	0.9655172413793104	376623.3766233766
chr7	95297162	95297245	RNA9611	83	12	6.12482517681201e-06	0.0	1.0	144578.31325301205
chr7	95297230	95297311	RNA9612	81	12	0.028551342671714025	7.349699899350526e-06	0.9166666666666666	148148.14814814815
chr7	96327197	96327279	RNA9613	82	9	7.186302385281211e-05	1.4698500308440998e-05	1.0	109756.09756097561
chr7	96943584	96943660	RNA9614	54	7	5.258838557760829e-05	1.4704999557579868e-05	1.0	129629.62962962962
chr7	97699919	97700003	RNA9615	84	15	0.0665519262648862	1.4697699953103438e-05	0.9333333333333333	178571.42857142858
chr7	97702407	97702520	RNA9616	113	0				0.0
chr7	97843950	97844026	RNA9617	76	16	0.00481500304135806	1.469724975322606e-05	0.9375	210526.31578947368
chr7	97845385	97845461	RNA9618	76	8	5.511562562787731e-06	0.0	1.0	105263.15789473684
chr7	97846441	97846517	RNA9619	76	9	1.6330799957763196e-05	1.4696400285174605e-05	1.0	118421.05263157895
chr7	98600783	98600859	RNA9620	76	19	1.1635073860815755e-05	0.0	1.0	250000.0
chr7	98600984	98601055	RNA9621	71	11	2.578167219655968e-05	1.4769700101169292e-05	1.0	154929.57746478872
chr7	98601041	98601117	RNA9622	76	13	1.3646222844097512e-05	0.0	1.0	171052.63157894736
chr7	98601117	98601193	RNA9623	76	15	7.869166680999722e-06	0.0	1.0	197368.42105263157
chr7	98690798	98690875	RNA9624	77	23	0.011285780313498783	1.4712800293636974e-05	0.9130434782608695	298701.2987012987
chr7	98873251	98873332	RNA9625	81	15	0.00010839945716724433	0.0	1.0	185185.18518518517
chr7	98874916	98874999	RNA9626	83	8	2.5753087470548053e-05	1.4721049865329405e-05	1.0	96385.5421686747
chr7	98875095	98875171	RNA9627	76	10	3.172470042045461e-06	0.0	1.0	131578.94736842104
chr7	99466697	99466768	RNA9628	66	11	6.750043708464215e-05	1.5603100109728985e-05	1.0	166666.66666666666
chr7	99467493	99467564	RNA9629	71	0				0.0
chr7	99469369	99469440	RNA9630	71	11	1.4702700106929775e-05	1.47024002217222e-05	1.0	154929.57746478872
chr7	99472196	99472267	RNA9631	71	6	1.4768350259449411e-05	1.4754099993297132e-05	1.0	84507.04225352113
chr7	99472537	99472608	RNA9632	71	4	1.1020650163118262e-05	0.0	1.0	56338.028169014084
chr7	99544250	99544321	RNA9633	71	7	0.14285714285714285	0.0	0.8571428571428571	98591.54929577465
chr7	100083444	100083527	RNA9634	83	26	1.2025130707535516e-05	1.4729250324307943e-05	1.0	313253.0120481928
chr7	100083524	100083605	RNA9635	81	9	7.86318362063124e-05	1.474619966757018e-05	1.0	111111.11111111111
chr7	100083661	100083744	RNA9636	83	14	1.0539771470316087e-05	0.0	1.0	168674.6987951807
chr7	100088242	100088323	RNA9637	81	22	0.0005301177591056934	0.0	1.0	271604.93827160494
chr7	100088582	100088665	RNA9638	83	18	8.16551674789581e-06	0.0	1.0	216867.4698795181
chr7	100088787	100088868	RNA9639	81	26	3.3923430202352996e-05	7.349899988184916e-06	1.0	320987.65432098764
chr7	100129105	100129188	RNA9640	83	13	2.8287138775332895e-05	0.0	1.0	156626.5060240964
chr7	100129146	100129227	RNA9641	81	14	2.2383857218040572e-05	0.0	1.0	172839.5061728395
chr7	100129407	100129488	RNA9642	81	9	0.00010452060077010828	0.0	1.0	111111.11111111111
chr7	100129791	100129874	RNA9643	83	17	3.640177023685875e-05	1.4738399841007777e-05	1.0	204819.27710843371
chr7	100158794	100158876	RNA9644	82	24	6.123866607291954e-06	0.0	1.0	292682.9268292683
chr7	100177432	100177513	RNA9645	81	20	1.3980654830447748e-05	7.349699899350526e-06	1.0	246913.58024691357
chr7	100177459	100177542	RNA9646	83	22	1.9393781878368994e-05	1.4724500033480581e-05	1.0	265060.24096385547
chr7	100455051	100455133	RNA9647	82	17	2.6825347102948043e-05	1.4701099644298664e-05	1.0	207317.0731707317
chr7	100455369	100455451	RNA9648	82	12	1.347602513609066e-05	0.0	1.0	146341.46341463414
chr7	100456077	100456148	RNA9649	71	13	5.0878823248442584e-05	1.4700300198455809e-05	1.0	183098.5915492958
chr7	100456439	100456521	RNA9650	82	18	2.6954088399272968e-05	1.4703550277772592e-05	1.0	219512.19512195123
chr7	101231624	101231705	RNA9651	81	20	2.1318750214042078e-05	0.0	1.0	246913.58024691357
chr7	101231638	101231720	RNA9652	82	22	1.8712645669431494e-05	0.0	1.0	268292.68292682926
chr7	101231670	101231752	RNA9653	82	21	6.441611683493085e-05	0.0	1.0	256097.56097560975
chr7	101231838	101231921	RNA9654	83	17	2.1615594425169916e-05	1.4698100130772218e-05	1.0	204819.27710843371
chr7	101257195	101257277	RNA9655	82	12	8.57669177397232e-06	0.0	1.0	146341.46341463414
chr7	101282001	101282085	RNA9656	84	16	4.047934282879616e-05	7.349699899350526e-06	1.0	190476.19047619047
chr7	101286447	101286560	RNA9657	113	13	1.583128456471828e-05	1.4699399798701052e-05	1.0	115044.24778761061
chr7	101815769	101815882	RNA9658	113	49	0.002998726120495118	0.0	0.9795918367346939	433628.31858407083
chr7	101815771	101815884	RNA9659	113	50	0.002939056300074296	0.0	0.98	442477.8761061947
chr7	101815781	101815894	RNA9660	113	43	0.00341677762334743	0.0	0.9767441860465116	380530.9734513274
chr7	102464865	102464949	RNA9661	84	38	1.5089018521200204e-05	1.4698999621032272e-05	1.0	452380.95238095237
chr7	102464866	102464948	RNA9662	82	37	1.390756492705701e-05	1.4698999621032272e-05	1.0	451219.51219512196
chr7	102464868	102464952	RNA9663	84	37	1.5099559572556095e-05	1.4698999621032272e-05	1.0	440476.1904761905
chr7	102464870	102464954	RNA9664	84	35	1.554242013038695e-05	1.4698999621032272e-05	1.0	416666.6666666667
chr7	102479269	102479353	RNA9665	84	9	1.25442331611541e-05	0.0	1.0	107142.85714285713
chr7	102479312	102479425	RNA9666	113	10	1.8832000205293297e-05	8.368199814867694e-06	1.0	88495.57522123893
chr7	102479417	102479530	RNA9667	113	6	0.00035777915521369256	8.586350304540247e-06	1.0	53097.345132743365
chr7	102479492	102479576	RNA9668	84	4	0.0006807934369134951	0.00031392685923489023	1.0	47619.04761904762
chr7	102479552	102479636	RNA9669	84	11	0.09091807781805983	1.6461999621242285e-05	0.9090909090909091	130952.38095238096
chr7	102479565	102479678	RNA9670	113	22	0.04547641945026209	0.0	0.9545454545454546	194690.26548672566
chr7	102479633	102479709	RNA9671	76	19	0.046661957159908764	0.0	0.9473684210526315	250000.0
chr7	103284276	103284360	RNA9672	84	0				0.0
chr7	103285537	103285650	RNA9673	113	0				0.0
chr7	104304885	104304956	RNA9674	71	13	2.8270907723005443e-05	1.4698500308440998e-05	1.0	183098.5915492958
chr7	104935603	104935686	RNA9675	83	10	2.057526007774868e-05	1.4696800008096034e-05	1.0	120481.92771084337
chr7	104936364	104936445	RNA9676	81	24	3.980502943553105e-05	7.348399776674342e-06	1.0	296296.2962962963
chr7	106137018	106137100	RNA9677	82	13	2.148423069369388e-05	1.4699799976369832e-05	1.0	158536.58536585365
chr7	107043670	107043783	RNA9678	113	17	1.2105388390516642e-05	0.0	1.0	150442.47787610622
chr7	107043783	107043867	RNA9679	84	14	0.03405324997005923	1.4696150174131617e-05	0.9285714285714286	166666.66666666666
chr7	111563755	111563881	RNA9680	126	20	1.98469348106277e-05	1.4699599887535442e-05	1.0	158730.15873015873
chr7	112206580	112206688	RNA9681	108	34	2.4209726073900295e-05	1.4698349787067855e-05	1.0	314814.81481481483
chr7	114085995	114086121	RNA9682	126	25	6.999984685535126e-05	0.0	1.0	198412.6984126984
chr7	115498182	115498308	RNA9683	126	32	0.031254593787707556	0.0	0.96875	253968.25396825396
chr7	115535264	115535390	RNA9684	126	18	0.05556862551106355	1.4698549875902245e-05	0.9444444444444444	142857.14285714284
chr7	115549780	115549906	RNA9685	126	24	7.239448469438748e-05	1.4727750112797366e-05	1.0	190476.19047619047
chr7	115582840	115582966	RNA9686	126	28	2.415481727828938e-05	0.0	1.0	222222.22222222222
chr7	115591124	115591250	RNA9687	126	18	8.988177847236835e-06	0.0	1.0	142857.14285714284
chr7	115677337	115677463	RNA9688	126	21	1.4716652263554611e-05	1.4712400115968194e-05	1.0	166666.66666666666
chr7	115916947	115917055	RNA9689	108	17	2.950662383227432e-05	1.4751900380360894e-05	1.0	157407.40740740742
chr7	116524526	116524652	RNA9690	120	39	8.55488719818636e-06	0.0	1.0	325000.0
chr7	116524572	116524680	RNA9691	108	31	1.1386187232405533e-05	0.0	1.0	287037.037037037
chr7	116524665	116524773	RNA9692	108	17	7.711191494094876e-05	1.4707199625263456e-05	1.0	157407.40740740742
chr7	116524785	116524893	RNA9693	108	28	1.889845017493327e-05	1.4695950085297227e-05	1.0	259259.25925925924
chr7	117876650	117876758	RNA9694	108	22	0.000275310738454042	1.4699799976369832e-05	1.0	203703.70370370368
chr7	117877522	117877630	RNA9695	108	16	1.1025474975667748e-05	7.348849976551719e-06	1.0	148148.14814814815
chr7	117878323	117878431	RNA9696	108	18	5.066575967146838e-05	0.0	1.0	166666.66666666666
chr7	117879626	117879734	RNA9697	108	16	4.134486954398433e-05	7.349250154220499e-06	1.0	148148.14814814815
chr7	120015741	120015867	RNA9698	126	28	8.925589359673072e-06	0.0	1.0	222222.22222222222
chr7	121872485	121872593	RNA9699	108	22	0.04546523689565551	1.4699150142405415e-05	0.9545454545454546	203703.70370370368
chr7	124770927	124771036	RNA9700	109	12	8.576158431120954e-06	0.0	1.0	110091.74311926606
chr7	124775372	124775481	RNA9701	109	14	2.6283049984547062e-05	1.4712350093759596e-05	1.0	128440.36697247707
chr7	126085209	126085289	RNA9702	80	13	0.07692759908464862	0.0	0.9230769230769231	162500.0
chr7	128778582	128778691	RNA9703	109	20	1.5434719580298405e-05	0.0	1.0	183486.2385321101
chr7	128778633	128778742	RNA9704	109	20	1.5435659679492425e-05	0.0	1.0	183486.2385321101
chr7	129224887	129224996	RNA9705	93	33	0.0042273505818174574	1.4758000361325683e-05	0.9696969696969697	354838.7096774194
chr7	129224890	129224999	RNA9706	93	33	0.0042273505818174574	1.4758000361325683e-05	0.9696969696969697	354838.7096774194
chr7	129224892	129225001	RNA9707	93	34	0.004103016741175768	1.474840019000112e-05	0.9705882352941176	365591.3978494624
chr7	129224908	129225017	RNA9708	94	35	0.004129482372861399	1.4760999874852132e-05	0.9714285714285714	372340.42553191487
chr7	129224913	129225022	RNA9709	95	37	0.003907466387834175	1.4760999874852132e-05	0.972972972972973	389473.6842105263
chr7	129224918	129225027	RNA9710	96	39	0.003707839714106501	1.4760999874852132e-05	0.9743589743589743	406250.0
chr7	129952961	129953070	RNA9711	109	41	1.4735587860852228e-05	1.4701099644298664e-05	1.0	376146.7889908257
chr7	129952980	129953089	RNA9712	109	43	1.6425890629931014e-05	1.4701099644298664e-05	1.0	394495.4128440367
chr7	129953001	129953081	RNA9713	80	27	1.853048508093228e-05	1.4701099644298664e-05	1.0	337500.0
chr7	129953006	129953115	RNA9714	109	41	1.6862719437595773e-05	1.4700700376124589e-05	1.0	376146.7889908257
chr7	129953013	129953122	RNA9715	109	41	1.6859487714544005e-05	1.4698999621032272e-05	1.0	376146.7889908257
chr7	129953014	129953123	RNA9716	109	41	1.6859487714544005e-05	1.4698999621032272e-05	1.0	376146.7889908257
chr7	129953017	129953126	RNA9717	109	44	1.5709977188552367e-05	1.4698099676024867e-05	1.0	403669.72477064223
chr7	130223007	130223091	RNA9718	84	9	6.756077709724195e-06	0.0	1.0	107142.85714285713
chr7	130691866	130691975	RNA9719	109	17	1.1239905902852223e-05	1.4697199731017465e-05	1.0	155963.3027522936
chr7	130692943	130693023	RNA9720	80	9	1.7963866412173957e-05	0.0	1.0	112500.0
chr7	130697911	130697991	RNA9721	80	15	3.2339279581108925e-05	0.0	1.0	187500.0
chr7	130699354	130699434	RNA9722	80	19	3.1721362527026326e-05	0.0	1.0	237500.0
chr7	130701758	130701867	RNA9723	109	14	0.07144019907848685	1.4721250408911146e-05	0.9285714285714286	128440.36697247707
chr7	132728945	132729025	RNA9724	80	10	1.176017012767261e-05	1.4698950053571027e-05	1.0	125000.0
chr7	132729349	132729429	RNA9725	80	17	3.1998941748868613e-05	0.0	1.0	212500.0
chr7	132729666	132729746	RNA9726	80	15	2.1565886769773593e-05	1.4699799976369832e-05	1.0	187500.0
chr7	132730809	132730889	RNA9727	80	19	0.0022572496274829226	1.4701099644298664e-05	1.0	237500.0
chr7	132732640	132732767	RNA9728	127	34	0.014870295356264676	1.4697699953103438e-05	0.9705882352941176	267716.5354330709
chr7	134272493	134272577	RNA9729	84	12	1.715515008982038e-05	1.4703950000694022e-05	1.0	142857.14285714284
chr7	134366356	134366428	RNA9730	72	13	0.017444750346420235	1.4697199731017465e-05	0.9230769230769231	180555.55555555556
chr7	134507044	134507153	RNA9731	109	22	0.0015772644943684634	1.4698999621032272e-05	1.0	201834.86238532112
chr7	134510053	134510162	RNA9732	108	24	0.022202142053098815	0.0	0.9583333333333334	222222.22222222222
chr7	135173721	135173805	RNA9733	84	13	0.056433690154755405	1.469509970775107e-05	0.9230769230769231	154761.90476190476
chr7	135182270	135182354	RNA9734	84	27	0.07412197413422862	1.4696799553348685e-05	0.9259259259259259	321428.5714285715
chr7	135182936	135183020	RNA9735	84	13	2.2614969146578467e-05	0.0	1.0	154761.90476190476
chr7	135213935	135214019	RNA9736	84	13	0.00040024078358467734	0.0	1.0	154761.90476190476
chr7	135215022	135215106	RNA9737	84	8	0.0	0.0	1.0	95238.09523809524
chr7	135324035	135324119	RNA9738	84	14	0.00017537727808302606	7.349250154220499e-06	1.0	166666.66666666666
chr7	135772588	135772668	RNA9739	80	18	0.015023642488611374	1.4698500308440998e-05	0.9444444444444444	225000.0
chr7	135977586	135977713	RNA9740	127	25	2.4693195737194843e-05	0.0	1.0	196850.39370078742
chr7	135977969	135978053	RNA9741	84	17	1.0376753112616237e-05	0.0	1.0	202380.9523809524
chr7	136671407	136671534	RNA9742	127	26	0.0775701236405509	1.4723199910804396e-05	0.9230769230769231	204724.4094488189
chr7	136673321	136673448	RNA9743	127	25	0.010025017438456416	1.4707999980601016e-05	0.96	196850.39370078742
chr7	136676172	136676299	RNA9744	127	22	1.1499995418324199e-05	1.4862800071568927e-05	1.0	173228.3464566929
chr7	137344239	137344366	RNA9745	127	20	2.278626452607051e-05	1.469785001972923e-05	1.0	157480.3149606299
chr7	137344255	137344382	RNA9746	127	17	2.2483887625954818e-05	1.4697199731017465e-05	1.0	133858.26771653545
chr7	137344599	137344726	RNA9747	127	19	0.052727504671326496	1.4698500308440998e-05	0.9473684210526315	149606.29921259845
chr7	137864198	137864325	RNA9748	126	22	0.002681816364822057	1.4703499800816644e-05	0.9545454545454546	174603.1746031746
chr7	138329387	138329459	RNA9749	72	13	0.15385859093056262	1.4705399735248648e-05	0.8461538461538461	180555.55555555556
chr7	139133016	139133088	RNA9750	72	14	2.3099728488361482e-05	1.4700049632665468e-05	1.0	194444.44444444444
chr7	139133420	139133492	RNA9751	72	17	0.0012337784913089376	0.0	1.0	236111.1111111111
chr7	139133606	139133678	RNA9752	72	14	1.469782150057394e-05	1.4697900041937828e-05	1.0	194444.44444444444
chr7	139522755	139522827	RNA9753	72	9	6.54807778725323e-06	0.0	1.0	125000.0
chr7	139523198	139523270	RNA9754	72	14	0.07160179300548665	1.4696150174131617e-05	0.9285714285714286	194444.44444444444
chr7	139523450	139523522	RNA9755	72	9	1.306786675235748e-05	1.470159986638464e-05	1.0	125000.0
chr7	140205359	140205443	RNA9756	84	17	3.977728230142685e-05	0.0	1.0	202380.9523809524
chr7	140293572	140293644	RNA9757	72	12	7.3506666922185104e-06	7.347950031544315e-06	1.0	166666.66666666666
chr7	141899731	141899858	RNA9758	127	33	0.030315959896887016	1.4705899957334624e-05	0.9696969696969697	259842.51968503935
chr7	144120284	144120356	RNA9759	72	21	0.08043884151482503	0.0	0.9047619047619048	291666.6666666667
chr7	144381002	144381073	RNA9760	71	12	1.102489970132107e-05	0.0	1.0	169014.08450704225
chr7	144381020	144381091	RNA9761	71	11	1.202641785560197e-05	0.0	1.0	154929.57746478872
chr7	144381259	144381330	RNA9762	71	9	1.6337510917054676e-05	0.0	1.0	126760.56338028169
chr7	144382234	144382305	RNA9763	71	12	7.3496167563765385e-06	7.349250154220499e-06	1.0	169014.08450704225
chr7	145237492	145237563	RNA9764	71	23	1.4702634673639018e-05	1.4698999621032272e-05	1.0	323943.661971831
chr7	145237505	145237576	RNA9765	71	22	1.0693836347027998e-05	0.0	1.0	309859.15492957743
chr7	145237931	145238003	RNA9766	72	26	2.883615322318883e-05	0.0	1.0	361111.1111111111
chr7	145238038	145238109	RNA9767	71	18	0.05557352326139961	1.4695749996462837e-05	0.9444444444444444	253521.12676056338
chr7	145238060	145238131	RNA9768	71	16	0.06251010540012203	1.4696800008096034e-05	0.9375	225352.11267605633
chr7	145238064	145238135	RNA9769	71	16	0.06253949814976068	1.469744984206045e-05	0.9375	225352.11267605633
chr7	145238106	145238177	RNA9770	71	19	0.10529332305788175	1.4697699953103438e-05	0.8947368421052632	267605.63380281685
chr7	145238249	145238320	RNA9771	71	34	0.01005745925417881	1.4693800039822236e-05	0.9705882352941176	478873.2394366197
chr7	145238313	145238384	RNA9772	71	3	9.796000085771084e-06	1.4693800039822236e-05	1.0	42253.52112676056
chr7	145238416	145238487	RNA9773	71	0				0.0
chr7	145238417	145238488	RNA9774	71	0				0.0
chr7	145238599	145238670	RNA9775	71	15	0.0032018405482328134	1.5134500245039815e-05	1.0	211267.6056338028
chr7	148439092	148439163	RNA9776	71	10	1.4700740302941995e-05	1.4699799976369832e-05	1.0	140845.0704225352
chr7	148439177	148439248	RNA9777	71	12	7.229210708221399e-05	1.4701349755341653e-05	1.0	169014.08450704225
chr7	148439338	148439409	RNA9778	71	9	1.3071622258091034e-05	1.4703299711982254e-05	1.0	126760.56338028169
chr7	148439784	148439855	RNA9779	71	18	2.2055022024379256e-05	1.470025017624721e-05	1.0	253521.12676056338
chr7	148439997	148440068	RNA9780	71	17	0.0002869904533594381	1.4698100130772218e-05	1.0	239436.61971830984
chr7	148646890	148646961	RNA9781	71	9	1.6330777725670487e-06	0.0	1.0	126760.56338028169
chr7	148647087	148647158	RNA9782	71	6	0.003963434164385632	2.2052349777368363e-05	1.0	84507.04225352113
chr7	148647808	148647880	RNA9783	0	0				
chr7	148647823	148647894	RNA9784	0	0				
chr7	148647843	148647914	RNA9785	0	0				
chr7	148647896	148647967	RNA9786	0	0				
chr7	148648150	148648221	RNA9787	0	0				
chr7	148648825	148648896	RNA9788	71	14	1.897742842109957e-05	1.4758800261915894e-05	1.0	197183.0985915493
chr7	148649403	148649474	RNA9789	71	8	5.5123875881690765e-06	0.0	1.0	112676.05633802817
chr7	148662757	148662828	RNA9790	71	11	0.00698160889913362	0.0	0.9090909090909091	154929.57746478872
chr7	148691574	148691645	RNA9791	71	15	8.823059821831218e-06	0.0	1.0	211267.6056338028
chr7	149126340	149126411	RNA9792	71	27	0.00031426434004430616	0.0	1.0	380281.6901408451
chr7	149297615	149297686	RNA9793	71	17	6.920058855458217e-06	0.0	1.0	239436.61971830984
chr7	149301871	149301942	RNA9794	71	16	1.561492524615119e-05	0.0	1.0	225352.11267605633
chr7	149302971	149303042	RNA9795	71	16	1.0106168758738932e-05	7.348849976551719e-06	1.0	225352.11267605633
chr7	149304951	149305022	RNA9796	71	14	0.00017850117813264732	1.470200004405342e-05	1.0	197183.0985915493
chr7	149306159	149306230	RNA9797	71	11	1.0689372671053702e-05	0.0	1.0	154929.57746478872
chr7	149310947	149311018	RNA9798	71	7	0.01070745180706059	4.409949906403199e-05	0.8571428571428571	98591.54929577465
chr7	149316231	149316302	RNA9799	71	5	2.0584440244419965e-05	1.4708500202686992e-05	1.0	70422.5352112676
chr7	149316874	149316945	RNA9800	71	14	1.9968200116894934e-05	0.0	1.0	197183.0985915493
chr7	149323537	149323608	RNA9801	71	11	3.208295393877625e-05	1.4704999557579868e-05	1.0	154929.57746478872
chr7	149324609	149324680	RNA9802	71	13	1.0178769326347929e-05	0.0	1.0	183098.5915492958
chr7	149361432	149361503	RNA9803	71	10	3.674098043119625e-05	0.0	1.0	140845.0704225352
chr7	149363862	149363933	RNA9804	71	11	0.09091710656354156	0.0	0.9090909090909091	154929.57746478872
chr7	149366336	149366407	RNA9805	71	13	8.479572947039677e-05	0.0	1.0	183098.5915492958
chr7	149367271	149367342	RNA9806	71	21	0.010560676542072966	0.0	0.9523809523809523	295774.6478873239
chr7	149374873	149374944	RNA9807	71	12	0.01870965820391271	1.4701150121254614e-05	0.9166666666666666	169014.08450704225
chr7	149375845	149375916	RNA9808	71	14	0.07146216714285661	2.9395100227702642e-05	0.9285714285714286	197183.0985915493
chr7	149376202	149376273	RNA9809	71	15	4.899053359016156e-06	0.0	1.0	211267.6056338028
chr7	149378747	149378818	RNA9810	71	15	0.00016765145228418618	1.469590006308863e-05	1.0	211267.6056338028
chr7	149380962	149381033	RNA9811	71	9	3.2662999526817457e-06	0.0	1.0	126760.56338028169
chr7	149387639	149387710	RNA9812	71	9	4.900433345432652e-06	0.0	1.0	126760.56338028169
chr7	149405851	149405922	RNA9813	71	20	0.050139673092098734	7.348200142587302e-06	0.95	281690.1408450704
chr7	149410083	149410154	RNA9814	71	16	0.06285742017223583	1.4695949630549876e-05	0.9375	225352.11267605633
chr7	149412662	149412733	RNA9815	71	23	0.004127722312106285	1.4716700206918176e-05	0.9565217391304348	323943.661971831
chr7	149419415	149419486	RNA9816	71	16	0.0033247223953480854	1.4696999642183075e-05	0.9375	225352.11267605633
chr7	149425586	149425657	RNA9817	71	14	2.7310664466176916e-05	0.0	1.0	197183.0985915493
chr7	149461238	149461310	RNA9818	72	16	9.187181262859667e-06	0.0	1.0	222222.22222222222
chr7	149461304	149461375	RNA9819	71	13	0.03366788016704119	1.4699799976369832e-05	0.9230769230769231	183098.5915492958
chr7	149461410	149461481	RNA9820	71	13	6.787707696695668e-06	0.0	1.0	183098.5915492958
chr7	149471385	149471456	RNA9821	71	9	3.920647729197655e-05	1.4705399735248648e-05	1.0	126760.56338028169
chr7	149471868	149471939	RNA9822	71	11	4.943712701787235e-05	1.4696799553348685e-05	1.0	154929.57746478872
chr7	149472447	149472518	RNA9823	71	9	2.6128810329990098e-05	1.4699399798701052e-05	1.0	126760.56338028169
chr7	149497830	149497901	RNA9824	65	37	2.4476624497072843e-05	1.5056600204843562e-05	1.0	569230.7692307692
chr7	149498202	149498273	RNA9825	71	11	5.345672682530924e-06	0.0	1.0	154929.57746478872
chr7	149498438	149498509	RNA9826	71	13	4.522230833222588e-06	0.0	1.0	183098.5915492958
chr7	149506221	149506292	RNA9827	71	12	4.899691627239615e-06	0.0	1.0	169014.08450704225
chr7	149513505	149513576	RNA9828	71	7	1.4709714248186043e-05	1.470929964852985e-05	1.0	98591.54929577465
chr7	149513748	149513819	RNA9829	71	7	8.402814143794656e-06	0.0	1.0	98591.54929577465
chr7	149518829	149518900	RNA9830	71	4	0.25001471357495575	2.941999991890043e-05	0.75	56338.028169014084
chr7	149519448	149519519	RNA9831	71	6	2.450755058210537e-05	1.4705200101161608e-05	1.0	84507.04225352113
chr7	149520096	149520167	RNA9832	71	8	9.196862606586365e-06	7.355100024142302e-06	1.0	112676.05633802817
chr7	149520530	149520601	RNA9833	71	14	2.7299706744086855e-05	1.4696799553348685e-05	1.0	197183.0985915493
chr7	149521055	149521126	RNA9834	71	5	1.764404005371034e-05	1.4704999557579868e-05	1.0	70422.5352112676
chr7	149523697	149523768	RNA9835	71	15	1.5678539845490984e-05	1.4697199731017465e-05	1.0	211267.6056338028
chr7	149524489	149524560	RNA9836	71	10	1.7637100336279626e-05	7.349250154220499e-06	1.0	140845.0704225352
chr7	149524692	149524763	RNA9837	71	11	6.680563687537373e-06	0.0	1.0	154929.57746478872
chr7	149524805	149524877	RNA9838	72	8	1.4700924907629087e-05	1.469964990974404e-05	1.0	111111.11111111111
chr7	149525231	149525302	RNA9839	71	11	1.0688036127248779e-05	0.0	1.0	154929.57746478872
chr7	149526364	149526435	RNA9840	71	13	4.410546066186682e-05	0.0	1.0	183098.5915492958
chr7	149526578	149526649	RNA9841	71	20	0.00022161953006615662	1.4814249880146235e-05	1.0	281690.1408450704
chr7	149527291	149527362	RNA9842	71	10	1.6288690312649122e-05	7.421249847539002e-06	1.0	140845.0704225352
chr7	149527363	149527434	RNA9843	68	14	0.0004487283229406914	1.5199549579847371e-05	1.0	205882.35294117645
chr7	149530066	149530137	RNA9844	71	11	2.8066208787169603e-05	1.4699799976369832e-05	1.0	154929.57746478872
chr7	149530119	149530190	RNA9845	71	15	1.7640459858127313e-05	0.0	1.0	211267.6056338028
chr7	149531271	149531342	RNA9846	71	14	3.8340900053815667e-05	7.367700163740665e-06	1.0	197183.0985915493
chr7	149531551	149531622	RNA9847	71	16	0.08295638110689652	1.4709949937241618e-05	0.875	225352.11267605633
chr7	149532316	149532387	RNA9848	71	8	1.4697187566525827e-05	1.4697050119139021e-05	1.0	112676.05633802817
chr7	149532774	149532845	RNA9849	71	4	7.348175131483003e-06	0.0	1.0	56338.028169014084
chr7	149533229	149533300	RNA9850	71	10	7.348869894485688e-06	0.0	1.0	140845.0704225352
chr7	149533438	149533509	RNA9851	71	10	1.322804009760148e-05	1.4696599919261644e-05	1.0	140845.0704225352
chr7	149535388	149535459	RNA9852	71	13	1.4500630781045542e-05	1.5371799236163497e-05	1.0	183098.5915492958
chr7	149535638	149535710	RNA9853	72	15	0.024835977182313698	0.0	0.9333333333333333	208333.33333333334
chr7	149536503	149536574	RNA9854	71	8	1.6535737472622714e-05	1.4698950053571025e-05	1.0	112676.05633802817
chr7	150412604	150412675	RNA9855	71	0				0.0
chr7	150413051	150413122	RNA9856	71	0				0.0
chr7	150413220	150413291	RNA9857	71	0				0.0
chr7	150413338	150413409	RNA9858	70	0				0.0
chr7	150413977	150414048	RNA9859	71	0				0.0
chr7	150415421	150415492	RNA9860	71	0				0.0
chr7	150415484	150415555	RNA9861	71	0				0.0
chr7	150415553	150415624	RNA9862	71	0				0.0
chr7	150415782	150415853	RNA9863	71	0				0.0
chr7	150415852	150415923	RNA9864	71	0				0.0
chr7	150416030	150416101	RNA9865	71	0				0.0
chr7	150416292	150416363	RNA9866	71	0				0.0
chr7	150416371	150416442	RNA9867	71	0				0.0
chr7	150416429	150416500	RNA9868	71	0				0.0
chr7	150416682	150416753	RNA9869	71	0				0.0
chr7	150417000	150417071	RNA9870	71	0				0.0
chr7	150418015	150418086	RNA9871	71	0				0.0
chr7	150418173	150418244	RNA9872	71	0				0.0
chr7	150418725	150418796	RNA9873	71	0				0.0
chr7	150419012	150419084	RNA9874	72	0				0.0
chr7	150419898	150419969	RNA9875	71	0				0.0
chr7	150420083	150420154	RNA9876	71	0				0.0
chr7	150420134	150420205	RNA9877	71	0				0.0
chr7	150420327	150420398	RNA9878	71	0				0.0
chr7	150420606	150420677	RNA9879	71	0				0.0
chr7	150421494	150421565	RNA9880	71	0				0.0
chr7	150422868	150422939	RNA9881	71	0				0.0
chr7	150423433	150423504	RNA9882	71	0				0.0
chr7	150423673	150423745	RNA9883	72	0				0.0
chr7	150423860	150423931	RNA9884	71	0				0.0
chr7	150424205	150424277	RNA9885	72	0				0.0
chr7	150424246	150424317	RNA9886	71	0				0.0
chr7	150424274	150424345	RNA9887	71	0				0.0
chr7	150426206	150426277	RNA9888	71	0				0.0
chr7	150426236	150426307	RNA9889	71	0				0.0
chr7	150426743	150426814	RNA9890	71	0				0.0
chr7	150427888	150427959	RNA9891	71	0				0.0
chr7	150429552	150429623	RNA9892	71	12	3.061929154075796e-05	1.4696800008096034e-05	1.0	169014.08450704225
chr7	150551040	150551112	RNA9893	72	17	0.011465579891003415	1.4705899957334624e-05	0.9411764705882353	236111.1111111111
chr7	150557848	150557919	RNA9894	71	21	2.8010838789104276e-05	0.0	1.0	295774.6478873239
chr7	150575027	150575098	RNA9895	71	21	0.029692273826142247	0.0	0.9523809523809523	295774.6478873239
chr7	150582170	150582241	RNA9896	71	17	6.0536646796048015e-06	0.0	1.0	239436.61971830984
chr7	150590532	150590603	RNA9897	71	10	0.00018822555430233085	1.469984999857843e-05	1.0	140845.0704225352
chr7	150598526	150598597	RNA9898	71	17	7.608705335073974e-05	0.0	1.0	239436.61971830984
chr7	150604856	150604927	RNA9899	71	15	0.06658352572121658	0.0	0.9333333333333333	211267.6056338028
chr7	150611866	150611937	RNA9900	71	11	5.344881752865728e-06	0.0	1.0	154929.57746478872
chr7	150644417	150644488	RNA9901	71	22	0.039100536849962904	0.0	0.9090909090909091	309859.15492957743
chr7	150647399	150647470	RNA9902	71	14	5.04989722815219e-05	1.4728399946761783e-05	1.0	197183.0985915493
chr7	150696673	150696744	RNA9903	71	12	4.289677561547848e-05	1.4709150036651408e-05	1.0	169014.08450704225
chr7	152130298	152130369	RNA9904	71	21	0.0002975225955066999	1.4699799976369832e-05	1.0	295774.6478873239
chr7	152130719	152130790	RNA9905	71	15	1.3718173249799293e-05	1.4696400285174605e-05	1.0	211267.6056338028
chr7	152130753	152130824	RNA9906	71	11	1.0690163600718899e-05	0.0	1.0	154929.57746478872
chr7	152130912	152130983	RNA9907	71	17	0.00021613327386574508	4.408779932418838e-05	1.0	239436.61971830984
chr7	152131157	152131228	RNA9908	71	10	7.348450071731349e-06	7.348200142587302e-06	1.0	140845.0704225352
chr7	152131372	152131443	RNA9909	71	17	1.642449430672808e-05	0.0	1.0	239436.61971830984
chr7	152132020	152132091	RNA9910	71	16	3.307686262131861e-05	1.4698300219606608e-05	1.0	225352.11267605633
chr7	152132488	152132559	RNA9911	71	14	0.00035171360098371654	7.348200142587302e-06	1.0	197183.0985915493
chr7	152132488	152132560	RNA9912	72	15	0.00032826602758480214	0.0	1.0	208333.33333333334
chr7	152132751	152132822	RNA9913	71	16	1.9297344124417115e-05	7.347749942709925e-06	1.0	225352.11267605633
chr7	152132844	152132915	RNA9914	71	8	9.189187608171778e-06	0.0	1.0	112676.05633802817
chr7	152132870	152132941	RNA9915	71	13	2.487693801902436e-05	0.0	1.0	183098.5915492958
chr7	152132971	152133042	RNA9916	71	21	0.00012530040774955714	0.0	1.0	295774.6478873239
chr7	152133075	152133146	RNA9917	71	12	1.5922083245338097e-05	1.4696800008096034e-05	1.0	169014.08450704225
chr7	152133282	152133353	RNA9918	71	11	0.00018843632369680034	0.0	1.0	154929.57746478872
chr7	152133556	152133627	RNA9919	71	23	0.0008346479292057313	1.4697699953103438e-05	1.0	323943.661971831
chr8	609945	610021	RNA9920	76	25	1.999403601075371e-05	1.4697199731017465e-05	1.0	328947.36842105264
chr8	610539	610615	RNA9921	76	24	0.04170952971613436	7.347100108745508e-06	0.9583333333333334	315789.4736842105
chr8	611700	611776	RNA9922	76	16	2.0210162290368316e-05	1.4696599919261644e-05	1.0	210526.31578947368
chr8	612041	612117	RNA9923	76	29	4.358997974686689e-05	1.4697699953103438e-05	1.0	381578.94736842107
chr8	1963290	1963366	RNA9924	76	26	5.539795448874667e-05	7.347549853875535e-06	1.0	342105.2631578947
chr8	1963867	1963947	RNA9925	80	28	1.941921794110976e-05	1.4694000128656626e-05	1.0	350000.0
chr8	1964017	1964093	RNA9926	76	21	9.098285729470218e-06	0.0	1.0	276315.7894736842
chr8	1964431	1964507	RNA9927	76	21	0.00019597339503108646	1.4698999621032272e-05	1.0	276315.7894736842
chr8	2443784	2443860	RNA9928	0	11	0.0901631724517012	3.046920028282329e-05	0.9090909090909091	
chr8	5002067	5002151	RNA9929	84	36	1.5107877819294421e-05	1.4698500308440998e-05	1.0	428571.4285714285
chr8	5004211	5004307	RNA9930	96	37	0.004432938667009324	0.0	0.972972972972973	385416.6666666667
chr8	5012586	5012677	RNA9931	91	43	0.008228919695136214	1.469549988541985e-05	0.9767441860465116	472527.47252747254
chr8	5731136	5731216	RNA9932	80	32	1.4699800061634006e-05	0.0	1.0	400000.0
chr8	6304965	6305045	RNA9933	80	0				0.0
chr8	6308860	6308940	RNA9934	80	0				0.0
chr8	6310373	6310453	RNA9935	80	17	9.512523480653353e-06	0.0	1.0	212500.0
chr8	6775106	6775186	RNA9936	80	33	2.7172145812730773e-05	1.4698999621032272e-05	1.0	412500.0
chr8	6777159	6777239	RNA9937	80	23	2.4282665000772102e-05	0.0	1.0	287500.0
chr8	6802325	6802405	RNA9938	80	28	0.00037062902405133084	1.4696999642183075e-05	1.0	350000.0
chr8	6807624	6807700	RNA9939	76	25	3.233781197195163e-05	0.0	1.0	328947.36842105264
chr8	7742498	7742578	RNA9940	0	0				
chr8	8055959	8056050	RNA9941	91	0				0.0
chr8	8544073	8544164	RNA9942	91	21	1.680376646531585e-05	0.0	1.0	230769.23076923078
chr8	8545388	8545479	RNA9943	91	26	0.000854360352150248	0.0	1.0	285714.2857142857
chr8	8546614	8546710	RNA9944	96	28	0.045296576474681514	0.0	0.9285714285714286	291666.6666666667
chr8	8547127	8547218	RNA9945	91	29	3.095593813762382e-05	1.4713199561811052e-05	1.0	318681.31868131866
chr8	9116785	9116869	RNA9946	84	27	0.01885392060645514	1.4719699720444623e-05	0.9259259259259259	321428.5714285715
chr8	9116973	9117064	RNA9947	91	20	2.646876960170528e-05	1.4703299711982254e-05	1.0	219780.21978021978
chr8	9117053	9117144	RNA9948	91	33	3.1631278971235716e-05	1.47024002217222e-05	1.0	362637.3626373626
chr8	9151579	9151675	RNA9949	96	34	0.003201706934385794	1.4699150142405415e-05	0.9705882352941176	354166.6666666667
chr8	9151587	9151683	RNA9950	96	32	0.003402272880293818	1.4699799976369832e-05	0.96875	333333.3333333333
chr8	9151591	9151682	RNA9951	91	31	0.003511073173227014	1.4699799976369832e-05	0.967741935483871	340659.34065934067
chr8	9151593	9151689	RNA9952	96	32	0.003401811574065046	1.4699799976369832e-05	0.96875	333333.3333333333
chr8	9783482	9783566	RNA9953	84	24	0.04936461138307397	7.348599865508732e-06	0.9166666666666666	285714.2857142857
chr8	9800207	9800303	RNA9954	96	32	4.824855375318182e-05	0.0	1.0	333333.3333333333
chr8	9802164	9802260	RNA9955	96	32	0.000397749857086176	1.470694996896782e-05	1.0	333333.3333333333
chr8	9833709	9833805	RNA9956	96	37	0.027048085683516646	0.0	0.972972972972973	385416.6666666667
chr8	9884766	9884850	RNA9957	84	26	2.8836807219839474e-05	0.0	1.0	309523.8095238095
chr8	9884944	9885028	RNA9958	84	27	0.02816320925335781	0.0	0.9629629629629629	321428.5714285715
chr8	9944038	9944122	RNA9959	84	32	0.0008538685779342325	0.0	1.0	380952.38095238095
chr8	9948301	9948385	RNA9960	84	21	6.301304763058267e-06	0.0	1.0	250000.0
chr8	9954402	9954486	RNA9961	84	22	0.000402205385316017	0.0	1.0	261904.76190476192
chr8	9956867	9956958	RNA9962	91	23	0.06780083023342899	0.0	0.9130434782608695	252747.25274725273
chr8	10714620	10714716	RNA9963	96	18	1.0615000064717606e-05	0.0	1.0	187500.0
chr8	10885727	10885811	RNA9964	84	28	3.465058236022788e-05	1.4700300198455809e-05	1.0	333333.3333333333
chr8	11631043	11631123	RNA9965	80	20	8.084260025498225e-06	0.0	1.0	250000.0
chr8	13789783	13789867	RNA9966	84	0				0.0
chr8	13791276	13791367	RNA9967	91	23	0.018066945112521975	1.4700300198455809e-05	0.9130434782608695	252747.25274725273
chr8	13791758	13791854	RNA9968	96	34	0.00463163287440693	1.4697699953103438e-05	0.9705882352941176	354166.6666666667
chr8	16932499	16932596	RNA9969	97	28	1.9429078812595976e-05	1.4698749964736635e-05	1.0	288659.793814433
chr8	19783885	19783982	RNA9970	97	16	1.1036031139610714e-05	7.354450190177886e-06	1.0	164948.45360824742
chr8	20541215	20541312	RNA9971	97	17	1.2970282167610576e-05	1.4697699953103438e-05	1.0	175257.7319587629
chr8	20541276	20541373	RNA9972	97	20	3.0131760831857558e-05	1.4698100130772218e-05	1.0	206185.56701030926
chr8	20544454	20544551	RNA9973	97	23	1.597549552293598e-05	0.0	1.0	237113.40206185565
chr8	21309594	21309691	RNA9974	97	21	6.860737479048904e-05	1.4699799976369832e-05	1.0	216494.84536082475
chr8	21309680	21309777	RNA9975	97	25	8.826487901387736e-06	0.0	1.0	257731.95876288658
chr8	21318896	21318993	RNA9976	97	21	0.029439556190092326	0.0	0.9523809523809523	216494.84536082475
chr8	21687897	21687994	RNA9977	97	20	0.031145883798899376	1.4698300219606608e-05	0.95	206185.56701030926
chr8	22048884	22048994	RNA9978	110	36	0.007917646456715171	7.44955013942672e-06	0.9722222222222222	327272.7272727273
chr8	23122760	23122854	RNA9979	94	11	1.0725491020738529e-05	0.0	1.0	117021.27659574468
chr8	23123341	23123423	RNA9980	82	15	6.859486772251936e-06	0.0	1.0	182926.82926829267
chr8	24960748	24960845	RNA9981	97	18	7.266554025085888e-05	1.4699199709866662e-05	1.0	185567.01030927835
chr8	26254247	26254357	RNA9982	110	26	0.00033206511471479646	0.0	1.0	236363.63636363635
chr8	26664819	26664901	RNA9983	82	17	0.00039769240024991595	1.4698500308440998e-05	1.0	207317.0731707317
chr8	26670677	26670771	RNA9984	94	19	4.177298940607366e-05	1.4697699953103438e-05	1.0	202127.65957446807
chr8	26980191	26980301	RNA9985	110	18	7.105179646613348e-05	1.4698999621032272e-05	1.0	163636.36363636365
chr8	27015776	27015886	RNA9986	110	26	0.0488002888178366	1.4696800008096034e-05	0.8846153846153846	236363.63636363635
chr8	27037728	27037838	RNA9987	110	30	0.009604619422013148	0.0	0.9666666666666667	272727.2727272727
chr8	27049555	27049665	RNA9988	110	22	0.010698055847115027	0.0	0.9545454545454546	200000.0
chr8	27061063	27061173	RNA9989	0	0				
chr8	27149325	27149435	RNA9990	110	23	0.0009229192427601804	1.4699399798701052e-05	1.0	209090.9090909091
chr8	27589223	27589305	RNA9991	81	12	0.08338773615832906	7.359450137300882e-06	0.9166666666666666	148148.14814814815
chr8	27589454	27589548	RNA9992	94	20	0.10004026922970295	1.4699399798701052e-05	0.85	212765.95744680852
chr8	27629472	27629566	RNA9993	94	17	1.2107752916242188e-05	1.4696400285174605e-05	1.0	180851.06382978725
chr8	27630409	27630491	RNA9994	82	16	1.9339811558434146e-05	0.0	1.0	195121.9512195122
chr8	27631294	27631376	RNA9995	82	7	8.399042729122033e-06	0.0	1.0	85365.8536585366
chr8	27632140	27632234	RNA9996	94	16	6.889145782905544e-05	1.4697199731017465e-05	1.0	170212.7659574468
chr8	27864795	27864889	RNA9997	87	15	0.023579842864758876	1.4834599824098404e-05	0.9333333333333333	172413.7931034483
chr8	27865189	27865271	RNA9998	82	18	2.4506882861411177e-05	0.0	1.0	219512.19512195123
chr8	27867724	27867806	RNA9999	82	17	0.0002473294420376636	0.0	1.0	207317.0731707317
chr8	27869186	27869280	RNA10000	94	10	4.4096499550505545e-06	0.0	1.0	106382.97872340426
chr8	27869472	27869554	RNA10001	82	17	6.311644098304675e-05	1.4698500308440998e-05	1.0	207317.0731707317
chr8	27869745	27869839	RNA10002	94	14	7.138717845528912e-05	0.0	1.0	148936.17021276595
chr8	28016918	28017028	RNA10003	110	23	4.921348816265272e-05	1.4698100130772218e-05	1.0	209090.9090909091
chr8	29065048	29065130	RNA10004	82	23	2.4286582589880253e-05	1.4699399798701052e-05	1.0	280487.80487804883
chr8	29066066	29066169	RNA10005	103	22	1.6036727091969064e-05	0.0	1.0	213592.23300970873
chr8	29066824	29066918	RNA10006	94	20	0.0002829332512192152	0.0	1.0	212765.95744680852
chr8	31634290	31634372	RNA10007	66	7	3.370491322129433e-05	0.0	1.0	106060.60606060606
chr8	31635289	31635399	RNA10008	103	15	2.9502333442602928e-06	0.0	1.0	145631.06796116504
chr8	31635559	31635653	RNA10009	94	22	0.002118512729794014	7.348849976551719e-06	1.0	234042.55319148937
chr8	32888102	32888205	RNA10010	103	22	0.00013896434963746584	0.0	1.0	213592.23300970873
chr8	33368949	33369052	RNA10011	103	0				0.0
chr8	33370312	33370415	RNA10012	103	14	7.351592817680544e-06	0.0	1.0	135922.33009708737
chr8	33370394	33370497	RNA10013	103	19	1.3925157777281894e-05	0.0	1.0	184466.01941747573
chr8	34404652	34404755	RNA10014	103	18	0.010210221550702642	7.349699899350526e-06	0.9444444444444444	174757.28155339806
chr8	34409635	34409738	RNA10015	103	19	6.20882115311504e-06	0.0	1.0	184466.01941747573
chr8	34412377	34412480	RNA10016	103	22	4.00874994904205e-06	0.0	1.0	213592.23300970873
chr8	34515490	34515593	RNA10017	103	34	0.028401258829061967	1.4712150004925206e-05	0.9705882352941176	330097.0873786408
chr8	36780601	36780696	RNA10018	95	25	4.178672490524706e-05	0.0	1.0	263157.8947368421
chr8	36781587	36781659	RNA10019	72	12	0.0007079790646760787	0.0	1.0	166666.66666666666
chr8	37374041	37374144	RNA10020	103	21	9.406654009493922e-05	1.47024002217222e-05	1.0	203883.49514563105
chr8	40275681	40275776	RNA10021	93	23	0.0015964365304724788	0.0	1.0	247311.82795698926
chr8	40365786	40365858	RNA10022	72	18	3.430362837914081e-05	7.349899988184916e-06	1.0	250000.0
chr8	41185862	41185957	RNA10023	95	19	7.73526842653825e-06	0.0	1.0	200000.0
chr8	41257838	41257933	RNA10024	95	13	0.15092741445424998	0.0	0.8461538461538461	136842.1052631579
chr8	41261181	41261276	RNA10025	95	23	1.1501956499199403e-05	1.469549988541985e-05	1.0	242105.26315789475
chr8	41309500	41309595	RNA10026	95	35	1.219434837236914e-05	0.0	1.0	368421.05263157893
chr8	41309573	41309668	RNA10027	95	29	0.00023024164329398775	0.0	1.0	305263.15789473685
chr8	41328996	41329068	RNA10028	72	9	1.3066133356510869e-05	0.0	1.0	125000.0
chr8	41364016	41364111	RNA10029	95	20	0.001409310331609958	1.4696549897053046e-05	1.0	210526.31578947368
chr8	41413735	41413807	RNA10030	72	16	0.0018931023255390736	7.349899988184916e-06	1.0	222222.22222222222
chr8	41414758	41414830	RNA10031	72	8	0.019074986194937072	1.4697699953103438e-05	0.875	111111.11111111111
chr8	41427178	41427250	RNA10032	72	19	0.0017509784375330335	1.4699799976369832e-05	1.0	263888.8888888889
chr8	41432247	41432319	RNA10033	72	12	1.7149158490307553e-05	1.4698100130772218e-05	1.0	166666.66666666666
chr8	41448903	41448975	RNA10034	72	13	0.06333176971377094	1.4700700376124589e-05	0.8461538461538461	180555.55555555556
chr8	41927819	41927891	RNA10035	72	14	1.2628142940229736e-05	0.0	1.0	194444.44444444444
chr8	41928085	41928180	RNA10036	95	20	9.333467442046847e-05	1.4696800008096034e-05	1.0	210526.31578947368
chr8	46271032	46271127	RNA10037	95	0				0.0
chr8	46403015	46403087	RNA10038	72	0				0.0
chr8	50937373	50937505	RNA10039	132	27	0.003110012028156664	0.0	0.9629629629629629	204545.45454545456
chr8	53660131	53660201	RNA10040	70	19	1.8570868345896568e-05	1.4699399798701052e-05	1.0	271428.5714285714
chr8	54508457	54508589	RNA10041	132	29	0.0682249211086573	0.0	0.8620689655172413	219696.9696969697
chr8	55663926	55664058	RNA10042	132	29	0.0007746326077251697	1.4698999621032272e-05	1.0	219696.9696969697
chr8	55669612	55669744	RNA10043	132	26	1.1306996104674628e-05	0.0	1.0	196969.69696969696
chr8	55669953	55670085	RNA10044	132	31	1.0430861273620863e-05	1.4696799553348685e-05	1.0	234848.48484848486
chr8	56057404	56057536	RNA10045	132	21	5.627671401141145e-06	0.0	1.0	159090.9090909091
chr8	56057836	56057968	RNA10046	132	24	4.657466786283442e-05	1.4707599802932236e-05	1.0	181818.18181818182
chr8	56057875	56058007	RNA10047	132	34	3.287217141940022e-05	1.4703100077895215e-05	1.0	257575.75757575757
chr8	56911511	56911643	RNA10048	132	26	0.0003596624542296909	1.469785001972923e-05	1.0	196969.69696969696
chr8	57459015	57459085	RNA10049	70	13	2.0352315284701315e-05	1.4698500308440998e-05	1.0	185714.2857142857
chr8	58456190	58456260	RNA10050	70	12	0.08333210997496583	0.0	0.9166666666666666	171428.57142857142
chr8	58458314	58458384	RNA10051	70	12	2.2050775366243403e-05	1.4699000075779622e-05	1.0	171428.57142857142
chr8	58459017	58459087	RNA10052	70	7	4.199271383445843e-06	0.0	1.0	100000.0
chr8	58660211	58660281	RNA10053	70	13	1.1309822814202824e-05	0.0	1.0	185714.2857142857
chr8	58660898	58660968	RNA10054	70	13	1.1305038382348497e-05	0.0	1.0	185714.2857142857
chr8	58696908	58696978	RNA10055	70	12	0.04271776986085266	0.0	0.9166666666666666	171428.57142857142
chr8	59463214	59463284	RNA10056	70	14	1.4705428839079104e-05	7.348200142587302e-06	1.0	200000.0
chr8	60876590	60876722	RNA10057	132	38	0.009154815506438973	1.4696999642183075e-05	0.9736842105263158	287878.7878787879
chr8	62100879	62100954	RNA10058	75	6	9.946566630484691e-06	7.378549980785465e-06	1.0	80000.0
chr8	63489652	63489722	RNA10059	70	0				0.0
chr8	65908674	65908749	RNA10060	75	15	6.958236735954277e-05	0.0	1.0	200000.0
chr8	66178639	66178714	RNA10061	75	11	3.073245435105877e-05	1.4699399798701052e-05	1.0	146666.66666666666
chr8	66178695	66178770	RNA10062	75	11	1.336498181362086e-05	0.0	1.0	146666.66666666666
chr8	66178781	66178856	RNA10063	75	10	5.879449963686056e-06	0.0	1.0	133333.33333333334
chr8	67753352	67753427	RNA10064	68	13	0.0010151571496652724	0.0	1.0	191176.47058823527
chr8	67760672	67760747	RNA10065	75	12	1.102435832459984e-05	1.4697199731017465e-05	1.0	160000.0
chr8	67778145	67778220	RNA10066	75	9	7.842048964649422e-05	0.0	1.0	120000.0
chr8	67816010	67816085	RNA10067	75	12	0.00012984173743764082	0.0	1.0	160000.0
chr8	71801798	71801873	RNA10068	75	16	1.010445629390233e-05	7.347950031544315e-06	1.0	213333.33333333334
chr8	86213806	86213880	RNA10069	74	0				0.0
chr8	90113505	90113579	RNA10070	74	10	1.61694799317047e-05	7.348200142587302e-06	1.0	135135.13513513515
chr8	91088513	91088587	RNA10071	74	11	9.899088408101818e-05	1.471759969717823e-05	1.0	148648.64864864867
chr8	91099188	91099262	RNA10072	74	13	0.07693664720031498	0.0	0.9230769230769231	175675.67567567568
chr8	91099318	91099392	RNA10073	74	13	0.0009491335134113612	0.0	1.0	175675.67567567568
chr8	91401546	91401620	RNA10074	72	12	0.005474101790241541	0.0	0.9166666666666666	166666.66666666666
chr8	91404462	91404536	RNA10075	74	18	6.369597804222673e-05	1.4700449810334248e-05	1.0	243243.24324324325
chr8	91405716	91405790	RNA10076	74	8	5.514437475540035e-06	0.0	1.0	108108.10810810812
chr8	92223281	92223355	RNA10077	74	29	0.010947776933256857	1.4696400285174605e-05	0.9655172413793104	391891.8918918919
chr8	93741037	93741130	RNA10078	93	34	0.0001538586614996667	1.469590006308863e-05	1.0	365591.3978494624
chr8	94602315	94602390	RNA10079	75	0				0.0
chr8	96199424	96199498	RNA10080	74	15	1.7637700269303472e-05	0.0	1.0	202702.70270270272
chr8	97566335	97566418	RNA10081	83	14	0.07143780514739514	1.470005008741282e-05	0.8571428571428571	168674.6987951807
chr8	97572394	97572487	RNA10082	93	14	9.449457203507855e-06	1.469785001972923e-05	1.0	150537.63440860214
chr8	98160235	98160310	RNA10083	75	17	1.2104588356174478e-05	0.0	1.0	226666.66666666666
chr8	98171890	98171965	RNA10084	75	14	3.359447094095846e-05	1.4698549875902245e-05	1.0	186666.6666666667
chr8	98172167	98172242	RNA10085	75	17	0.0001616878496005323	1.4698100130772218e-05	1.0	226666.66666666666
chr8	98172766	98172859	RNA10086	93	27	4.517684862581821e-05	0.0	1.0	290322.58064516133
chr8	98173463	98173556	RNA10087	93	24	0.0019615315288016573	1.470460028940579e-05	1.0	258064.51612903224
chr8	98174121	98174196	RNA10088	75	11	1.7374891285726335e-05	0.0	1.0	146666.66666666666
chr8	98174525	98174618	RNA10089	93	18	1.6422866742178856e-05	1.4704150089528412e-05	1.0	193548.38709677418
chr8	98175972	98176047	RNA10090	75	12	1.3474733350449242e-05	0.0	1.0	160000.0
chr8	99896474	99896567	RNA10091	93	16	0.002208650007219146	0.0	1.0	172043.0107526882
chr8	99897891	99897966	RNA10092	75	12	3.311478364290972e-05	7.353350156336092e-06	1.0	160000.0
chr8	99899695	99899788	RNA10093	92	15	0.06679191675660452	1.471539962949464e-05	0.9333333333333333	163043.47826086957
chr8	99903526	99903629	RNA10094	103	23	2.4290539050008677e-05	1.4700300198455809e-05	1.0	223300.97087378643
chr8	99903549	99903624	RNA10095	75	19	1.1608294650949047e-05	1.4697199731017465e-05	1.0	253333.33333333334
chr8	99904908	99904983	RNA10096	75	14	1.469964990974404e-05	7.349499810516136e-06	1.0	186666.6666666667
chr8	99913202	99913295	RNA10097	93	14	1.8904485646739238e-05	1.4700950032420224e-05	1.0	150537.63440860214
chr8	99913727	99913820	RNA10098	93	21	0.040639896699845156	0.0	0.9523809523809523	225806.4516129032
chr8	100565625	100565700	RNA10099	75	14	2.939777868959449e-05	1.469724975322606e-05	1.0	186666.6666666667
chr8	101082039	101082122	RNA10100	83	25	2.360283240704835e-05	0.0	1.0	301204.8192771085
chr8	101684853	101684936	RNA10101	83	23	1.598552175298961e-05	1.47024002217222e-05	1.0	277108.4337349398
chr8	101684936	101685019	RNA10102	83	22	0.01625534264034782	1.471345012760139e-05	0.9545454545454546	265060.24096385547
chr8	101684955	101685038	RNA10103	83	22	0.016254004935779613	7.354250101343496e-06	0.9545454545454546	265060.24096385547
chr8	102126305	102126388	RNA10104	83	19	2.0114578977591294e-05	0.0	1.0	228915.6626506024
chr8	102137076	102137159	RNA10105	83	25	1.2937580104335211e-05	1.4698500308440998e-05	1.0	301204.8192771085
chr8	102138805	102138880	RNA10106	72	9	1.3424766722083506e-05	0.0	1.0	125000.0
chr8	102203462	102203545	RNA10107	83	14	7.350842809371118e-06	7.348200142587302e-06	1.0	168674.6987951807
chr8	102203623	102203726	RNA10108	103	13	0.010143827396719774	0.0	0.9230769230769231	126213.59223300971
chr8	103075705	103075780	RNA10109	75	18	0.0018169545459790642	1.4698749964736635e-05	1.0	240000.0
chr8	103079940	103080015	RNA10110	75	15	1.3717733418161515e-05	0.0	1.0	200000.0
chr8	103079979	103080062	RNA10111	83	10	1.4697159804199206e-05	0.0	1.0	120481.92771084337
chr8	103080017	103080120	RNA10112	103	9	1.7963544248938652e-05	0.0	1.0	87378.64077669903
chr8	103080049	103080152	RNA10113	103	12	6.12432503051726e-06	0.0	1.0	116504.85436893204
chr8	103080092	103080167	RNA10114	75	10	4.409610028233146e-06	0.0	1.0	133333.33333333334
chr8	103080098	103080201	RNA10115	103	12	1.4698591182119289e-05	0.0	1.0	116504.85436893204
chr8	103333758	103333833	RNA10116	75	14	4.726369966841276e-05	1.4700900010211626e-05	1.0	186666.6666666667
chr8	103339250	103339353	RNA10117	103	19	0.024217557433554533	1.4699399798701052e-05	0.9473684210526315	184466.01941747573
chr8	103342707	103342810	RNA10118	103	21	0.00014557826064749758	0.0	1.0	203883.49514563105
chr8	103344958	103345033	RNA10119	75	9	1.3064110640294126e-05	0.0	1.0	120000.0
chr8	103350055	103350130	RNA10120	75	16	3.675060003160642e-05	0.0	1.0	213333.33333333334
chr8	103387460	103387563	RNA10121	103	18	4.655514986653017e-05	1.4699200164614012e-05	1.0	174757.28155339806
chr8	103388436	103388529	RNA10122	93	17	1.5564094075457167e-05	0.0	1.0	182795.6989247312
chr8	104259111	104259186	RNA10123	75	12	3.1854008739166756e-05	7.35100002202671e-06	1.0	160000.0
chr8	104297592	104297695	RNA10124	103	17	0.005428009849471405	1.4698100130772218e-05	0.9411764705882353	165048.5436893204
chr8	104486250	104486325	RNA10125	75	16	0.0005596134258780644	0.0	1.0	213333.33333333334
chr8	107114063	107114146	RNA10126	83	15	0.06628916083482182	0.0	0.9333333333333333	180722.89156626505
chr8	108144568	108144643	RNA10127	75	20	0.0007878659156631326	7.349899988184916e-06	1.0	266666.6666666667
chr8	108152334	108152437	RNA10128	103	17	7.443460307352473e-05	0.0	1.0	165048.5436893204
chr8	118189314	118189386	RNA10129	72	14	2.6247064267535085e-05	0.0	1.0	194444.44444444444
chr8	123153142	123153214	RNA10130	72	12	8.575433336469965e-06	0.0	1.0	166666.66666666666
chr8	123155201	123155273	RNA10131	72	8	1.286409997192095e-05	1.4701150121254614e-05	1.0	111111.11111111111
chr8	123155327	123155399	RNA10132	72	7	3.15001285084041e-05	1.4703299711982254e-05	1.0	97222.22222222222
chr8	123156052	123156124	RNA10133	72	8	1.4698487461828336e-05	1.4700950032420224e-05	1.0	111111.11111111111
chr8	123165605	123165677	RNA10134	72	13	4.5223231119542525e-06	0.0	1.0	180555.55555555556
chr8	123165949	123166021	RNA10135	72	12	1.9606516616477165e-05	1.4701549844176043e-05	1.0	166666.66666666666
chr8	123218756	123218828	RNA10136	72	17	2.2484482007494163e-05	1.4697199731017465e-05	1.0	236111.1111111111
chr8	123834279	123834351	RNA10137	72	10	1.1760169854824198e-05	0.0	1.0	138888.8888888889
chr8	127744338	127744410	RNA10138	72	13	0.014731538286958726	1.4698500308440998e-05	0.9230769230769231	180555.55555555556
chr8	128269144	128269244	RNA10139	100	19	2.707614758515536e-05	1.4697699953103438e-05	1.0	190000.0
chr8	132018527	132018627	RNA10140	99	21	7.295279491308698e-05	1.4701099644298664e-05	1.0	212121.21212121213
chr8	132865439	132865539	RNA10141	100	21	0.000135080151310479	1.4698100130772218e-05	1.0	210000.0
chr8	132865897	132865997	RNA10142	100	16	8.268393628441117e-06	7.347749942709925e-06	1.0	160000.0
chr8	132866660	132866760	RNA10143	100	19	5.0293080532450454e-05	0.0	1.0	190000.0
chr8	133170107	133170207	RNA10144	100	22	0.0012411485405953622	0.0	1.0	220000.0
chr8	133170849	133170949	RNA10145	100	14	8.403178656278345e-06	0.0	1.0	140000.0
chr8	133175876	133175976	RNA10146	100	22	0.0010312968973845583	1.4700500287290199e-05	1.0	220000.0
chr8	134079977	134080077	RNA10147	100	23	1.3422208568321683e-05	0.0	1.0	230000.0
chr8	137472332	137472432	RNA10148	100	18	2.125514351468174e-05	0.0	1.0	180000.0
chr9	7991624	7991702	RNA10149	78	19	8.512163156793625e-06	0.0	1.0	243589.7435897436
chr9	12166815	12166893	RNA10150	78	0				0.0
chr9	12835923	12836001	RNA10151	78	24	0.031854404000796414	0.0	0.9166666666666666	307692.3076923077
chr9	12948479	12948557	RNA10152	78	0				0.0
chr9	12948626	12948704	RNA10153	78	0				0.0
chr9	13095951	13096029	RNA10154	78	23	0.04295927325533145	1.4702900443808176e-05	0.9565217391304348	294871.7948717949
chr9	13096745	13096823	RNA10155	78	20	0.002285033008774912	1.4706700312672185e-05	1.0	256410.25641025638
chr9	13100059	13100137	RNA10156	78	24	0.023119346404390246	0.0	0.9583333333333334	307692.3076923077
chr9	14034179	14034257	RNA10157	76	34	0.03389124981613884	1.472884969189181e-05	0.9411764705882353	447368.4210526316
chr9	14072086	14072216	RNA10158	130	28	5.774810720790161e-06	0.0	1.0	215384.6153846154
chr9	15422607	15422697	RNA10159	90	56	6.193818663697239e-05	1.4696150174131617e-05	1.0	622222.2222222222
chr9	16062286	16062414	RNA10160	128	27	0.04241157445913915	1.4699399798701052e-05	0.9259259259259259	210937.5
chr9	17888010	17888140	RNA10161	130	27	0.037046836325889336	1.469549988541985e-05	0.9629629629629629	207692.30769230772
chr9	17892435	17892513	RNA10162	78	17	7.799129461465568e-06	0.0	1.0	217948.71794871794
chr9	17894661	17894791	RNA10163	130	25	0.0038859948000026616	1.4702900443808176e-05	0.96	192307.6923076923
chr9	17896696	17896826	RNA10164	130	22	1.0022440991715618e-05	0.0	1.0	169230.76923076925
chr9	17899792	17899922	RNA10165	130	22	0.004461896215285706	7.348849976551719e-06	0.9545454545454546	169230.76923076925
chr9	19408538	19408668	RNA10166	130	28	1.259906428328707e-05	0.0	1.0	215384.6153846154
chr9	19408542	19408632	RNA10167	90	18	1.3880533262838273e-05	0.0	1.0	200000.0
chr9	19408596	19408726	RNA10168	130	35	4.326137202171948e-05	1.469590006308863e-05	1.0	269230.7692307692
chr9	19408699	19408829	RNA10169	130	50	0.0004994327955682764	7.347749942709925e-06	1.0	384615.3846153846
chr9	19466300	19466428	RNA10170	128	27	1.4699781550680874e-05	1.4697699953103438e-05	1.0	210937.5
chr9	20310544	20310674	RNA10171	130	28	1.417325750350648e-05	0.0	1.0	215384.6153846154
chr9	20312664	20312754	RNA10172	90	23	1.4699186897854341e-05	1.4698100130772218e-05	1.0	255555.55555555553
chr9	20341134	20341224	RNA10173	90	17	0.001246670333785005	1.4698100130772218e-05	1.0	188888.88888888888
chr9	20341386	20341476	RNA10174	90	13	7.916161498892157e-06	0.0	1.0	144444.44444444444
chr9	20622537	20622627	RNA10175	90	36	2.85868634616876e-05	1.4698500308440998e-05	1.0	400000.0
chr9	20622926	20623016	RNA10176	90	17	5.189366937188405e-05	0.0	1.0	188888.88888888888
chr9	20622983	20623073	RNA10177	90	28	0.03573529031752644	0.0	0.9642857142857143	311111.1111111111
chr9	20658005	20658133	RNA10178	128	76	0.018003366120590135	2.9666600312339142e-05	0.9605263157894737	593750.0
chr9	20658088	20658216	RNA10179	128	69	0.03358703479346106	1.4734900105395354e-05	0.9420289855072463	539062.5
chr9	20658146	20658274	RNA10180	128	55	0.03534808544660666	1.4694600395159796e-05	0.9636363636363636	429687.5
chr9	20996548	20996676	RNA10181	128	23	0.012018988370310459	0.0	0.9565217391304348	179687.5
chr9	20997668	20997796	RNA10182	128	21	3.2902166995405484e-05	1.4698100130772218e-05	1.0	164062.5
chr9	20997868	20997996	RNA10183	128	23	0.00065801744593678	0.0	1.0	179687.5
chr9	21597696	21597786	RNA10184	90	20	9.55489499574469e-06	7.348849976551719e-06	1.0	222222.22222222222
chr9	21801522	21801650	RNA10185	128	28	0.016168150303331328	0.0	0.9642857142857143	218750.0
chr9	23850097	23850227	RNA10186	130	38	1.3943023771533167e-05	0.0	1.0	292307.6923076923
chr9	25262982	25263072	RNA10187	90	13	5.432290869906275e-05	1.4718900274601763e-05	1.0	144444.44444444444
chr9	25632713	25632841	RNA10188	128	31	0.03227847165497576	0.0	0.967741935483871	242187.5
chr9	29308065	29308155	RNA10189	90	20	7.359160053965752e-06	0.0	1.0	222222.22222222222
chr9	29317562	29317640	RNA10190	78	11	6.146281000176385e-05	0.0	1.0	141025.64102564103
chr9	32831590	32831668	RNA10191	78	13	4.2968084576735324e-05	0.0	1.0	166666.66666666666
chr9	32832415	32832505	RNA10192	90	18	0.055558005588762976	1.469590006308863e-05	0.9444444444444444	200000.0
chr9	33079036	33079126	RNA10193	90	9	3.103858843031109e-05	0.0	1.0	100000.0
chr9	33079074	33079164	RNA10194	90	7	2.115957093857495e-06	0.0	1.0	77777.77777777778
chr9	33082738	33082828	RNA10195	90	13	0.00010742766342165892	0.0	1.0	144444.44444444444
chr9	33085780	33085858	RNA10196	78	0				0.0
chr9	33096164	33096242	RNA10197	78	10	5.883520043425961e-06	0.0	1.0	128205.12820512819
chr9	33099203	33099281	RNA10198	78	9	6.5324888459549075e-06	0.0	1.0	115384.61538461539
chr9	34137825	34137915	RNA10199	84	0				0.0
chr9	34137829	34137907	RNA10200	72	0				0.0
chr9	34137852	34137942	RNA10201	86	0				0.0
chr9	34137902	34137980	RNA10202	74	0				0.0
chr9	34137929	34138019	RNA10203	84	0				0.0
chr9	34137934	34138012	RNA10204	72	0				0.0
chr9	34637973	34638051	RNA10205	78	17	0.018985072834926963	1.469509970775107e-05	0.8823529411764706	217948.71794871794
chr9	34638014	34638104	RNA10206	90	17	0.0022021845953157163	1.4694200217491016e-05	1.0	188888.88888888888
chr9	37034610	37034690	RNA10207	80	29	0.009343572783077904	0.0	0.9655172413793104	362500.0
chr9	38906296	38906374	RNA10208	0	1	0.0	0.0	1.0	
chr9	38906704	38906794	RNA10209	0	17	2.890551171302655e-05	2.124499951605685e-05	1.0	
chr9	40222594	40222674	RNA10210	0	9	1.1901044571358296e-05	0.0	1.0	
chr9	41219917	41219997	RNA10211	80	0				0.0
chr9	41223487	41223567	RNA10212	80	0				0.0
chr9	41236039	41236119	RNA10213	80	0				0.0
chr9	41254213	41254293	RNA10214	77	0				0.0
chr9	41339108	41339188	RNA10215	0	0				
chr9	42491744	42491824	RNA10216	80	24	0.0008302322680340898	1.4838799870631192e-05	1.0	300000.0
chr9	43321465	43321545	RNA10217	0	0				
chr9	65826850	65826959	RNA10218	0	0				
chr9	69801545	69801654	RNA10219	109	14	0.07145589309292129	7.352100055868504e-06	0.9285714285714286	128440.36697247707
chr9	69985019	69985090	RNA10220	71	18	1.6331438877791192e-05	1.469785001972923e-05	1.0	253521.12676056338
chr9	70383655	70383764	RNA10221	109	24	1.3473337427662288e-05	0.0	1.0	220183.48623853212
chr9	70383821	70383930	RNA10222	109	15	2.4503913421843214e-05	0.0	1.0	137614.6788990826
chr9	70384070	70384179	RNA10223	108	16	4.2934050895835526e-05	1.4723650110681774e-05	1.0	148148.14814814815
chr9	71446962	71447071	RNA10224	109	24	0.00019044756834318456	1.4696800008096034e-05	1.0	220183.48623853212
chr9	71446970	71447079	RNA10225	109	25	0.00018459322967828124	1.4697199731017465e-05	1.0	229357.79816513762
chr9	71447038	71447147	RNA10226	109	26	3.674540322698076e-05	1.4696599919261644e-05	1.0	238532.11009174315
chr9	71681854	71681963	RNA10227	109	22	3.1399749993645295e-05	1.4696799553348685e-05	1.0	201834.86238532112
chr9	73996832	73996903	RNA10228	71	10	1.0311920141248265e-05	0.0	1.0	140845.0704225352
chr9	74708118	74708189	RNA10229	71	11	5.48074196393037e-05	0.0	1.0	154929.57746478872
chr9	74891383	74891454	RNA10230	71	13	1.3567815305857668e-05	0.0	1.0	183098.5915492958
chr9	74893669	74893740	RNA10231	71	9	4.6121100947645806e-05	1.4977699720475355e-05	1.0	126760.56338028169
chr9	74941759	74941830	RNA10232	71	14	8.401357328174136e-06	0.0	1.0	197183.0985915493
chr9	74944315	74944386	RNA10233	71	14	1.3656821725557425e-05	7.351649855991127e-06	1.0	197183.0985915493
chr9	75028825	75028896	RNA10234	71	13	1.8145738837254943e-05	0.0	1.0	183098.5915492958
chr9	75469233	75469342	RNA10235	109	21	0.006229796292852067	1.4706700312672185e-05	0.9523809523809523	192660.55045871562
chr9	75890572	75890643	RNA10236	71	30	0.00044675381838411556	0.0	1.0	422535.2112676056
chr9	79758749	79758820	RNA10237	71	19	0.05264936878508084	0.0	0.9473684210526315	267605.63380281685
chr9	86710139	86710249	RNA10238	110	21	1.685449535129543e-05	1.470929964852985e-05	1.0	190909.0909090909
chr9	87453551	87453683	RNA10239	132	26	0.012618817344096332	1.4698299764859257e-05	0.9615384615384616	196969.69696969696
chr9	88017474	88017548	RNA10240	74	0				0.0
chr9	89178835	89178921	RNA10241	86	17	1.556521195144502e-05	1.4696799553348685e-05	1.0	197674.41860465115
chr9	89178926	89179012	RNA10242	86	11	1.336214534769004e-05	1.4696400285174605e-05	1.0	127906.97674418605
chr9	90143189	90143285	RNA10243	96	19	1.1604957906360811e-05	0.0	1.0	197916.66666666666
chr9	90652756	90652866	RNA10244	110	20	0.000429363955845472	7.35079993319232e-06	1.0	181818.18181818182
chr9	91454259	91454391	RNA10245	132	22	0.0014062354159084993	7.3512001108611e-06	1.0	166666.66666666666
chr9	91526554	91526628	RNA10246	74	8	3.307792405848081e-05	1.4698300219606608e-05	1.0	108108.10810810812
chr9	91542774	91542884	RNA10247	110	19	0.05265478699962649	1.4696799553348685e-05	0.9473684210526315	172727.27272727274
chr9	91546384	91546494	RNA10248	110	16	8.27006255121887e-06	0.0	1.0	145454.54545454544
chr9	91553322	91553432	RNA10249	110	22	0.04547461404606359	0.0	0.9545454545454546	200000.0
chr9	91952794	91952904	RNA10250	110	8	0.12501102531257402	1.4698549875902245e-05	0.875	72727.27272727272
chr9	91954727	91954837	RNA10251	110	18	0.00012329441394992894	0.0	1.0	163636.36363636365
chr9	91956970	91957080	RNA10252	110	29	0.0021357213981900674	0.0	0.9655172413793104	263636.3636363636
chr9	92191177	92191309	RNA10253	132	0				0.0
chr9	92191178	92191310	RNA10254	132	0				0.0
chr9	92191269	92191401	RNA10255	132	0				0.0
chr9	92295489	92295621	RNA10256	132	29	0.001656777390586462	1.4698100130772218e-05	1.0	219696.9696969697
chr9	92297152	92297284	RNA10257	132	19	0.0021918841859683395	1.4697699953103438e-05	1.0	143939.39393939395
chr9	92325659	92325733	RNA10258	74	23	3.8349140318720607e-05	0.0	1.0	310810.8108108108
chr9	92325676	92325750	RNA10259	74	21	2.5202167351031525e-05	0.0	1.0	283783.7837837838
chr9	92325733	92325865	RNA10260	132	32	0.03158585826753323	1.4696599919261644e-05	0.96875	242424.24242424243
chr9	92325851	92325925	RNA10261	74	30	0.03910417697937494	0.0	0.9333333333333333	405405.40540540544
chr9	92674870	92674944	RNA10262	74	16	0.0035253066305926855	7.349699899350526e-06	0.9375	216216.21621621624
chr9	92676229	92676339	RNA10263	110	22	0.03296737312125101	1.4697900041937828e-05	0.9545454545454546	200000.0
chr9	92676588	92676662	RNA10264	74	14	0.0005890041308183323	7.348849976551719e-06	1.0	189189.1891891892
chr9	92676767	92676841	RNA10265	74	12	1.1025341715746132e-05	0.0	1.0	162162.16216216216
chr9	93176652	93176738	RNA10266	86	0				0.0
chr9	93178245	93178331	RNA10267	86	18	1.3881516830830757e-05	0.0	1.0	209302.32558139536
chr9	93347355	93347487	RNA10268	132	0				0.0
chr9	93576466	93576540	RNA10269	74	23	1.7155730347440112e-05	1.5098000403668266e-05	1.0	310810.8108108108
chr9	94110039	94110125	RNA10270	86	12	0.00025849066378213185	1.4696800008096034e-05	1.0	139534.88372093023
chr9	94110413	94110499	RNA10271	86	14	1.155607859410728e-05	1.4702450243930798e-05	1.0	162790.69767441862
chr9	94110660	94110756	RNA10272	96	11	2.0050490919939794e-05	1.4702900443808176e-05	1.0	114583.33333333333
chr9	94115621	94115707	RNA10273	86	0				0.0
chr9	94115675	94115761	RNA10274	52	0				0.0
chr9	94115779	94115865	RNA10275	0	0				
chr9	94115927	94116013	RNA10276	0	0				
chr9	94646570	94646656	RNA10277	86	16	1.653350028618661e-05	1.469764993089484e-05	1.0	186046.51162790696
chr9	94647976	94648062	RNA10278	86	23	0.0011704484645436036	1.4700300198455809e-05	1.0	267441.8604651163
chr9	94652164	94652250	RNA10279	86	12	7.350349884897393e-06	0.0	1.0	139534.88372093023
chr9	94654208	94654294	RNA10280	86	18	0.07045817742593702	0.0	0.8888888888888888	209302.32558139536
chr9	94654780	94654866	RNA10281	86	13	0.00031995288603725233	1.4696799553348685e-05	1.0	151162.7906976744
chr9	94655736	94655822	RNA10282	86	8	1.102324995372328e-05	1.4697000096930424e-05	1.0	93023.25581395348
chr9	94709783	94709879	RNA10283	96	21	7.209748058638815e-05	0.0	1.0	218750.0
chr9	94711285	94711381	RNA10284	96	28	7.735330895489299e-05	1.4714350072608795e-05	1.0	291666.6666666667
chr9	94711519	94711615	RNA10285	96	11	2.138270916806174e-05	1.4699399798701052e-05	1.0	114583.33333333333
chr9	95432573	95432659	RNA10286	86	14	1.4699821219567508e-05	7.349050065386109e-06	1.0	162790.69767441862
chr9	95432836	95432922	RNA10287	86	22	0.04547058414994932	1.470005008741282e-05	0.9545454545454546	255813.9534883721
chr9	95433862	95433958	RNA10288	96	23	1.4806295597656777e-05	0.0	1.0	239583.33333333334
chr9	95435013	95435109	RNA10289	96	19	8.509342191437577e-06	0.0	1.0	197916.66666666666
chr9	95439781	95439877	RNA10290	96	13	1.8097684565313662e-05	1.4697199731017465e-05	1.0	135416.66666666666
chr9	95722152	95722248	RNA10291	92	13	4.8210076784016564e-06	0.0	1.0	141304.34782608695
chr9	95724044	95724154	RNA10292	110	15	0.0062262401100573106	1.4698999621032272e-05	0.9333333333333333	136363.63636363635
chr9	97026913	97027045	RNA10293	132	0				0.0
chr9	97500342	97500416	RNA10294	74	21	0.0001947046768171772	1.4698500308440998e-05	1.0	283783.7837837838
chr9	99160143	99160229	RNA10295	86	0				0.0
chr9	99163238	99163324	RNA10296	86	0				0.0
chr9	99979016	99979112	RNA10297	96	21	0.00338215750495389	1.4699799976369832e-05	0.9523809523809523	218750.0
chr9	105441997	105442069	RNA10298	72	13	0.07688690298409011	1.4698100130772218e-05	0.9230769230769231	180555.55555555556
chr9	109341525	109341597	RNA10299	72	32	0.011960347776863497	1.469744984206045e-05	0.96875	444444.44444444444
chr9	109357050	109357122	RNA10300	72	12	0.000407859608988758	2.9394450393738225e-05	1.0	166666.66666666666
chr9	109361255	109361327	RNA10301	72	13	5.767106281732037e-05	1.470159986638464e-05	1.0	180555.55555555556
chr9	109361298	109361370	RNA10302	72	14	5.460215126211878e-05	1.4703950000694022e-05	1.0	194444.44444444444
chr9	110349360	110349432	RNA10303	72	17	0.08713493518772499	1.4706700312672185e-05	0.8823529411764706	236111.1111111111
chr9	110351734	110351806	RNA10304	72	11	0.04714238282940641	1.47024002217222e-05	0.8181818181818182	152777.77777777778
chr9	110358547	110358619	RNA10305	72	7	1.2600042932068131e-05	1.4700300198455809e-05	1.0	97222.22222222222
chr9	111304900	111304972	RNA10306	72	13	1.4698069277913488e-05	1.4696400285174605e-05	1.0	180555.55555555556
chr9	112186195	112186330	RNA10307	135	27	0.023596829156506117	0.0	0.9259259259259259	200000.0
chr9	114733714	114733786	RNA10308	72	20	3.45500595358268e-05	1.4702649878017837e-05	1.0	277777.7777777778
chr9	116153643	116153778	RNA10309	127	37	3.70382892248639e-05	1.525370043964358e-05	1.0	291338.58267716534
chr9	116422189	116422324	RNA10310	135	25	0.009840276714712671	1.469549988541985e-05	0.96	185185.18518518517
chr9	116422474	116422609	RNA10311	135	28	4.672062475816695e-05	1.4698500308440998e-05	1.0	207407.4074074074
chr9	116422496	116422631	RNA10312	135	33	5.344869681389445e-05	1.4698500308440998e-05	1.0	244444.44444444444
chr9	117428217	117428352	RNA10313	135	31	2.940021339224146e-05	1.4698500308440998e-05	1.0	229629.62962962964
chr9	117429835	117429970	RNA10314	135	26	0.0011080030856366898	1.4694400306325406e-05	1.0	192592.59259259258
chr9	117429903	117430038	RNA10315	135	30	0.0009298967313043243	1.46955003401672e-05	1.0	222222.22222222222
chr9	118459930	118460008	RNA10316	78	19	0.05322989972553745	1.4709799870615823e-05	0.9473684210526315	243589.7435897436
chr9	118463823	118463958	RNA10317	135	33	0.03119014130039211	1.4703699889651034e-05	0.9696969696969697	244444.44444444444
chr9	118477584	118477690	RNA10318	106	18	1.0617577825339848e-05	7.348599865508732e-06	1.0	169811.32075471696
chr9	119971923	119972032	RNA10319	109	18	5.0625494370443045e-05	1.4698749964736635e-05	1.0	165137.6146788991
chr9	121809089	121809224	RNA10320	135	35	0.009233815449416783	1.469509970775107e-05	0.9714285714285714	259259.25925925924
chr9	121810945	121811051	RNA10321	106	28	1.5226210799872725e-05	1.4698100130772218e-05	1.0	264150.9433962264
chr9	122399772	122399850	RNA10322	78	0				0.0
chr9	122788702	122788808	RNA10323	106	0				0.0
chr9	122842973	122843079	RNA10324	106	21	2.3800366761857734e-05	0.0	1.0	198113.20754716982
chr9	122844333	122844439	RNA10325	106	19	0.05416757844345977	0.0	0.9473684210526315	179245.28301886792
chr9	122905384	122905490	RNA10326	106	32	2.572135321088132e-05	1.4697199731017465e-05	1.0	301886.7924528302
chr9	122905412	122905518	RNA10327	106	32	0.0013560192196848614	1.4697199731017465e-05	1.0	301886.7924528302
chr9	122940406	122940512	RNA10328	106	19	2.0891152273267594e-05	1.4696400285174605e-05	1.0	179245.28301886792
chr9	123303245	123303323	RNA10329	78	8	1.1031587519028108e-05	0.0	1.0	102564.10256410256
chr9	123341309	123341399	RNA10330	90	19	0.05264008646841639	1.469509970775107e-05	0.9473684210526315	211111.11111111112
chr9	123353189	123353267	RNA10331	78	10	0.10000734974000806	0.0	0.9	128205.12820512819
chr9	123354067	123354145	RNA10332	78	25	0.003449908490401864	1.4696799553348685e-05	0.96	320512.82051282056
chr9	123355871	123355980	RNA10333	109	0				0.0
chr9	124223099	124223177	RNA10334	78	14	0.05085314487613296	1.4700950032420224e-05	0.9285714285714286	179487.1794871795
chr9	124223145	124223223	RNA10335	78	10	0.07067699874814934	1.4699000075779622e-05	0.9	128205.12820512819
chr9	124224400	124224487	RNA10336	87	12	2.2051475146630157e-05	1.470179995521903e-05	1.0	137931.0344827586
chr9	124234658	124234736	RNA10337	78	10	4.7073570203782236e-05	1.470674988013343e-05	1.0	128205.12820512819
chr9	124235245	124235351	RNA10338	102	15	0.06722297319217128	1.5204500414256472e-05	0.9333333333333333	147058.82352941178
chr9	124480300	124480378	RNA10339	78	4	0.0	0.0	1.0	51282.05128205128
chr9	124516387	124516496	RNA10340	109	21	3.289531520879231e-05	0.0	1.0	192660.55045871562
chr9	124517059	124517168	RNA10341	109	23	0.00020384267530891304	1.4696799553348685e-05	1.0	211009.17431192662
chr9	124517143	124517252	RNA10342	109	38	0.026330486742465024	7.347749942709925e-06	0.9736842105263158	348623.8532110092
chr9	125367523	125367624	RNA10343	101	13	0.040468402927567336	1.4702900443808176e-05	0.9230769230769231	128712.87128712871
chr9	125368410	125368519	RNA10344	109	22	2.740711331418713e-05	0.0	1.0	201834.86238532112
chr9	125368651	125368760	RNA10345	106	20	0.049370383341238264	7.404550160572398e-06	0.9	188679.24528301888
chr9	125369036	125369145	RNA10346	109	22	3.0066136043217358e-05	1.4699599887535442e-05	1.0	201834.86238532112
chr9	125406732	125406841	RNA10347	109	26	9.609936516705979e-05	7.347950031544315e-06	1.0	238532.11009174315
chr9	126508333	126508418	RNA10348	85	29	0.006789410920175893	1.4699799976369832e-05	0.9655172413793104	341176.4705882353
chr9	127735509	127735599	RNA10349	90	20	5.878769979972276e-06	0.0	1.0	222222.22222222222
chr9	127735724	127735811	RNA10350	87	10	1.470200004405342e-06	0.0	1.0	114942.52873563218
chr9	127864829	127864916	RNA10351	87	11	5.373818153615999e-06	0.0	1.0	126436.78160919542
chr9	127864908	127864998	RNA10352	90	17	1.729669432225629e-05	0.0	1.0	188888.88888888888
chr9	127865022	127865112	RNA10353	90	11	4.009481761551632e-06	0.0	1.0	122222.22222222222
chr9	127865180	127865267	RNA10354	87	21	0.0002813559815313909	0.0	1.0	241379.3103448276
chr9	127865190	127865277	RNA10355	87	16	0.00036652399450076527	0.0	1.0	183908.0459770115
chr9	127865284	127865374	RNA10356	90	16	0.0005530318637170235	1.4696599919261644e-05	1.0	177777.77777777778
chr9	127865431	127865509	RNA10357	78	24	0.04480950656685914	1.4696349808218656e-05	0.9583333333333334	307692.3076923077
chr9	127865445	127865551	RNA10358	106	31	0.03469597202917112	1.4696799553348685e-05	0.967741935483871	292452.8301886792
chr9	129090510	129090597	RNA10359	87	21	0.0001483782246699089	1.4697699953103438e-05	1.0	241379.3103448276
chr9	129091253	129091340	RNA10360	87	20	0.013892188975887612	1.4704599834658438e-05	0.95	229885.05747126436
chr9	129092507	129092578	RNA10361	71	22	1.942740006845573e-05	1.4699599887535442e-05	1.0	309859.15492957743
chr9	129092811	129092885	RNA10362	72	11	0.025842872240073936	1.4698500308440998e-05	0.9090909090909091	152777.77777777778
chr9	129092832	129092902	RNA10363	70	9	0.031364428859483776	1.4698500308440998e-05	0.8888888888888888	128571.42857142857
chr9	129093059	129093146	RNA10364	87	23	0.00044352516243120044	1.4697199731017465e-05	1.0	264367.816091954
chr9	129093386	129093476	RNA10365	90	20	9.408001401424473e-05	1.4695950085297227e-05	1.0	222222.22222222222
chr9	129093663	129093753	RNA10366	90	24	0.013200062140413133	1.4697699953103438e-05	0.9583333333333334	266666.6666666667
chr9	129093795	129093885	RNA10367	90	19	0.03778760078560145	0.0	0.9473684210526315	211111.11111111112
chr9	129267906	129268007	RNA10368	101	16	2.7560062676457164e-06	0.0	1.0	158415.84158415842
chr9	129329822	129329912	RNA10369	90	22	0.04548731478693793	1.471109999329201e-05	0.9545454545454546	244444.44444444444
chr9	129389081	129389168	RNA10370	87	13	5.2063508519485024e-05	1.470460028940579e-05	1.0	149425.28735632185
chr9	129661038	129661147	RNA10371	109	18	8.16544990003523e-06	0.0	1.0	165137.6146788991
chr9	129882436	129882513	RNA10372	77	18	0.0557899459678184	1.4706350157212e-05	0.9444444444444444	233766.23376623375
chr9	129886348	129886449	RNA10373	101	17	1.2106535263332818e-05	0.0	1.0	168316.83168316833
chr9	129886765	129886866	RNA10374	101	19	2.3209762874002072e-05	0.0	1.0	188118.81188118813
chr9	129886797	129886898	RNA10375	101	18	1.0616572176833877e-05	0.0	1.0	178217.82178217822
chr9	130442512	130442613	RNA10376	101	27	5.777772744126618e-05	0.0	1.0	267326.73267326737
chr9	130443278	130443363	RNA10377	85	17	0.00040981437557681167	1.4698999621032272e-05	1.0	200000.0
chr9	130444324	130444425	RNA10378	101	14	1.4705228490389085e-05	1.4701349755341653e-05	1.0	138613.86138613863
chr9	130444719	130444820	RNA10379	101	49	0.003815464305169332	1.4719699720444623e-05	0.9795918367346939	485148.51485148515
chr9	131006493	131006578	RNA10380	85	27	0.00021796386280819636	1.4701099644298664e-05	1.0	317647.0588235294
chr9	131007812	131007897	RNA10381	85	7	8.490128493576776e-06	0.0	1.0	82352.94117647059
chr9	131007959	131008044	RNA10382	85	16	1.1048231044696877e-05	0.0	1.0	188235.29411764705
chr9	131008527	131008628	RNA10383	101	0				0.0
chr9	131740584	131740669	RNA10384	85	18	1.2256244493373524e-05	0.0	1.0	211764.70588235295
chr9	131740676	131740808	RNA10385	132	26	1.6396631053794408e-05	1.469764993089484e-05	1.0	196969.69696969696
chr9	131740680	131740765	RNA10386	85	16	1.1943637616695923e-05	1.469764993089484e-05	1.0	188235.29411764705
chr9	131741475	131741560	RNA10387	85	0				0.0
chr9	132247052	132247136	RNA10388	84	17	0.00026463136349347244	1.4700300198455809e-05	1.0	202380.9523809524
chr9	132355032	132355106	RNA10389	69	25	8.335023474501185e-05	0.0	1.0	362318.84057971014
chr9	132355042	132355112	RNA10390	65	23	9.698912487257376e-05	1.470460028940579e-05	1.0	353846.1538461539
chr9	132355052	132355123	RNA10391	66	21	0.00010342024147359059	0.0	1.0	318181.8181818182
chr9	132409675	132409760	RNA10392	85	19	8.203822648953111e-05	1.4716300029249396e-05	1.0	223529.4117647059
chr9	133321425	133321495	RNA10393	70	13	0.07692646928458438	0.0	0.9230769230769231	185714.2857142857
chr9	133325145	133325216	RNA10394	71	0				0.0
chr9	133325643	133325740	RNA10395	96	0				0.0
chr9	133326694	133326768	RNA10396	74	0				0.0
chr9	133337933	133338007	RNA10397	74	14	1.3651235868954764e-05	7.348200142587302e-06	1.0	189189.1891891892
chr9	133338044	133338134	RNA10398	90	19	8.51086305805151e-06	0.0	1.0	211111.11111111112
chr9	133338153	133338223	RNA10399	70	10	0.0897263881026447	0.0	0.9	142857.14285714284
chr9	133338200	133338271	RNA10400	71	12	1.8376825209991585e-05	0.0	1.0	169014.08450704225
chr9	133348134	133348204	RNA10401	70	19	1.5477526271988097e-05	0.0	1.0	271428.5714285714
chr9	133348137	133348211	RNA10402	74	20	1.6908344969121087e-05	7.348849976551719e-06	1.0	270270.2702702703
chr9	133348139	133348210	RNA10403	71	19	1.6251089427414595e-05	0.0	1.0	267605.63380281685
chr9	133351468	133351539	RNA10404	71	19	1.934474192622479e-05	1.4699799976369832e-05	1.0	267605.63380281685
chr9	133351533	133351603	RNA10405	70	21	8.260533035180379e-05	1.4699799976369832e-05	1.0	300000.0
chr9	133351614	133351688	RNA10406	74	26	3.677040401201083e-05	7.349250154220499e-06	1.0	351351.35135135136
chr9	133361160	133361234	RNA10407	74	21	1.8897371340980974e-05	1.4700300198455809e-05	1.0	283783.7837837838
chr9	133361233	133361303	RNA10408	70	13	3.957616207536847e-05	1.4699399798701052e-05	1.0	185714.2857142857
chr9	133361321	133361392	RNA10409	71	20	0.003565318002483759	1.469744984206045e-05	0.95	281690.1408450704
chr9	133376254	133376341	RNA10410	87	36	5.065279282865882e-05	1.47024002217222e-05	1.0	413793.1034482759
chr9	133470850	133470921	RNA10411	71	12	0.0001935032660185239	1.4696349808218656e-05	1.0	169014.08450704225
chr9	133470951	133471021	RNA10412	70	12	8.574033169376586e-06	0.0	1.0	171428.57142857142
chr9	133470993	133471067	RNA10413	74	11	0.00037692248017925884	1.4702900443808176e-05	1.0	148648.64864864867
chr9	133757621	133757698	RNA10414	74	16	0.00012172138053755878	1.544899987493409e-05	1.0	216216.21621621624
chr9	134312837	134312908	RNA10415	71	21	1.3998290428606283e-05	1.4698500308440998e-05	1.0	295774.6478873239
chr9	134314020	134314090	RNA10416	70	17	3.1986640833027683e-05	1.4694600395159796e-05	1.0	242857.14285714284
chr9	134314062	134314136	RNA10417	74	26	2.7132457174816982e-05	0.0	1.0	351351.35135135136
chr9	134641347	134641424	RNA10418	77	6	2.4500500330759682e-06	0.0	1.0	77922.07792207792
chr9	134641436	134641513	RNA10419	77	19	1.2382826418232932e-05	0.0	1.0	246753.24675324676
chr9	134641608	134641685	RNA10420	77	31	3.892137465299648e-05	0.0	1.0	402597.40259740263
chr9	134873992	134874069	RNA10421	77	13	0.06201302651627953	1.4713699783897027e-05	0.9230769230769231	168831.16883116882
chr9	134876984	134877061	RNA10422	77	11	3.340875479228088e-05	0.0	1.0	142857.14285714284
chr9	134927726	134927803	RNA10423	77	15	0.016555390664264754	1.4696799553348685e-05	0.9333333333333333	194805.19480519483
chr9	135194228	135194329	RNA10424	101	21	2.939727199277586e-05	1.4698500308440998e-05	1.0	207920.79207920792
chr9	135690589	135690721	RNA10425	132	0				0.0
chr9	135802643	135802720	RNA10426	77	0				0.0
chr9	136167845	136167929	RNA10427	84	25	0.00987194129527778	1.9102899386780336e-05	0.92	297619.04761904763
chr9	136439982	136440067	RNA10428	85	25	8.821480041660835e-06	0.0	1.0	294117.64705882355
chr9	136626951	136627083	RNA10429	132	41	5.667343691861011e-05	0.0	1.0	310606.0606060606
chr9	136703082	136703214	RNA10430	132	7	0.14329840930960408	1.470200004405342e-05	0.8571428571428571	53030.30303030303
chr9	136706422	136706554	RNA10431	132	34	3.071267022224532e-05	0.0	1.0	257575.75757575757
chr9	136733055	136733187	RNA10432	132	20	1.2501355104172678e-05	0.0	1.0	151515.15151515152
chr9	136736989	136737121	RNA10433	132	23	0.04348876397825339	0.0	0.9565217391304348	174242.42424242425
chr9	136841221	136841353	RNA10434	132	46	0.0001371172338622219	1.4699199709866662e-05	1.0	348484.8484848485
chr9	136841232	136841329	RNA10435	97	30	0.00019701525534400745	1.4698749964736635e-05	1.0	309278.3505154639
chr9	137004872	137004956	RNA10436	84	21	0.17559582992492193	1.4697199731017465e-05	0.8095238095238095	250000.0
chr9	137005749	137005833	RNA10437	84	14	0.00028145154159832896	1.4696999642183075e-05	1.0	166666.66666666666
chr9	137005847	137005931	RNA10438	84	21	1.329973799459139e-05	0.0	1.0	250000.0
chr9	137172062	137172146	RNA10439	84	21	9.115276129921854e-06	1.470159986638464e-05	1.0	250000.0
chr9	137172189	137172273	RNA10440	84	13	1.017583837472977e-05	0.0	1.0	154761.90476190476
chr9	137277594	137277678	RNA10441	84	23	2.0453078199665163e-05	1.4698999621032272e-05	1.0	273809.52380952385
chr9	137604903	137605035	RNA10442	122	29	0.00010189159964847876	0.0	1.0	237704.91803278687
chr9	137605031	137605128	RNA10443	92	31	1.0678370927053038e-05	0.0	1.0	336956.52173913043
chr9	137605100	137605197	RNA10444	96	34	0.021348548848998367	7.37549999030307e-06	0.9705882352941176	354166.6666666667
chr9	137605199	137605296	RNA10445	97	30	2.1746860299264283e-05	0.0	1.0	309278.3505154639
chr9	138125319	138125416	RNA10446	97	13	2.170636155194818e-05	2.9631399229401723e-05	1.0	134020.61855670103
chr9	138126051	138126148	RNA10447	97	0				0.0
chr9	138127152	138127249	RNA10448	97	25	0.05356615975571912	1.7010299416142516e-05	0.92	257731.95876288658
chr9	138183167	138183251	RNA10449	84	0				0.0
chr9	138321864	138321934	RNA10450	0	0				
chr9	138323562	138323636	RNA10451	0	0				
chr9	138334243	138334314	RNA10452	0	0				
chrX	2686246	2686380	RNA10453	134	35	0.06251135333417811	1.4698999621032272e-05	0.9142857142857143	261194.02985074624
chrX	2828144	2828217	RNA10454	73	8	1.406651244906243e-05	9.364700417791024e-06	1.0	109589.04109589041
chrX	3398521	3398655	RNA10455	134	32	2.5302085134624772e-05	0.0	1.0	238805.97014925373
chrX	3506533	3506667	RNA10456	134	24	0.04168736650808569	9.455549843551125e-06	0.9583333333333334	179104.4776119403
chrX	3520406	3520540	RNA10457	134	7	1.3452328598110139e-05	0.0	1.0	52238.80597014925
chrX	3536611	3536745	RNA10458	134	21	0.014161663179904627	1.888470069388859e-05	0.9523809523809523	156716.41791044778
chrX	3539724	3539858	RNA10459	134	19	2.3910631601833493e-05	1.8906099285231903e-05	1.0	141791.0447761194
chrX	3602659	3602793	RNA10460	134	18	0.012264403641994347	0.0	0.9444444444444444	134328.35820895524
chrX	3716720	3716793	RNA10461	73	0				0.0
chrX	3797229	3797302	RNA10462	73	0				0.0
chrX	3797780	3797853	RNA10463	73	0				0.0
chrX	4054450	4054523	RNA10464	73	14	0.001487452239546509	9.378750291944016e-06	1.0	191780.8219178082
chrX	4056973	4057046	RNA10465	73	8	0.11744410066194179	0.0	0.875	109589.04109589041
chrX	4057495	4057568	RNA10466	73	4	0.2401741500943899	0.0	0.75	54794.520547945205
chrX	4479260	4479394	RNA10467	133	30	2.0060263038127274e-05	9.48335036810022e-06	1.0	225563.9097744361
chrX	4847379	4847452	RNA10468	73	12	1.4102833423142632e-05	0.0	1.0	164383.5616438356
chrX	8522749	8522883	RNA10469	134	13	0.0001388888951903636	1.8805800209520385e-05	1.0	97014.92537313433
chrX	8834805	8834878	RNA10470	73	12	3.443114155742133e-05	0.0	1.0	164383.5616438356
chrX	15115586	15115685	RNA10471	99	4	4.215862645649821e-05	9.37275035539642e-06	1.0	40404.04040404041
chrX	19130062	19130161	RNA10472	99	17	8.96368820737253e-06	0.0	1.0	171717.1717171717
chrX	19532270	19532369	RNA10473	99	14	6.30944780693476e-05	0.0	1.0	141414.1414141414
chrX	19532758	19532857	RNA10474	99	13	0.00041205752299552256	1.8816399460774846e-05	1.0	131313.13131313134
chrX	19533073	19533172	RNA10475	99	12	2.9774108346221812e-05	1.881714979390381e-05	1.0	121212.12121212122
chrX	20148059	20148158	RNA10476	99	7	1.0764200071987165e-05	1.88330996024888e-05	1.0	70707.0707070707
chrX	20148835	20148934	RNA10477	99	11	9.065755743490547e-05	1.8799100871547125e-05	1.0	111111.11111111111
chrX	20148912	20149011	RNA10478	99	8	0.00014822839011683823	9.41479993343819e-06	1.0	80808.08080808082
chrX	20149281	20149410	RNA10479	129	14	6.7155857063231195e-06	0.0	1.0	108527.13178294574
chrX	21683736	21683835	RNA10480	99	10	3.0149039957903057e-05	1.881589923868887e-05	1.0	101010.101010101
chrX	23404794	23404923	RNA10481	129	12	0.00016591673662938615	1.887359940155875e-05	1.0	93023.25581395348
chrX	24446752	24446881	RNA10482	129	14	1.4790121375491644e-05	9.402399882674217e-06	1.0	108527.13178294574
chrX	24446845	24446974	RNA10483	129	20	2.5405989435964013e-05	0.0	1.0	155038.75968992247
chrX	24447997	24448126	RNA10484	129	16	0.0005757210885803888	0.0	1.0	124031.00775193798
chrX	24998548	24998677	RNA10485	129	10	0.10013355407427298	1.8807950254995376e-05	0.9	77519.37984496124
chrX	24998859	24998988	RNA10486	129	14	8.066442855384334e-06	0.0	1.0	108527.13178294574
chrX	24999686	24999815	RNA10487	129	21	1.0724918995817592e-05	0.0	1.0	162790.69767441862
chrX	25017072	25017171	RNA10488	99	17	2.8855359500187076e-05	0.0	1.0	171717.1717171717
chrX	25361876	25362005	RNA10489	129	11	1.3698208766238002e-05	0.0	1.0	85271.31782945736
chrX	28586764	28586893	RNA10490	129	16	1.7690762661004555e-05	1.8865050151362084e-05	1.0	124031.00775193798
chrX	43173467	43173593	RNA10491	126	17	2.7638781509315915e-05	0.0	1.0	134920.6349206349
chrX	43176797	43176873	RNA10492	76	12	1.253945841502476e-05	0.0	1.0	157894.73684210525
chrX	45138795	45138873	RNA10493	78	15	5.5235187270829956e-05	1.8864700905396603e-05	1.0	192307.6923076923
chrX	46396429	46396555	RNA10494	126	0				0.0
chrX	46447200	46447276	RNA10495	76	19	0.00018580926859468916	1.87621008080896e-05	1.0	250000.0
chrX	47063706	47063832	RNA10496	126	21	4.22639292255934e-05	1.8887900296249427e-05	1.0	166666.66666666666
chrX	47073152	47073278	RNA10497	5	0				0.0
chrX	47076920	47077046	RNA10498	126	17	1.994828840799849e-05	0.0	1.0	134920.6349206349
chrX	47077921	47078047	RNA10499	126	12	9.409333415533183e-06	0.0	1.0	95238.09523809524
chrX	47486425	47486501	RNA10500	76	14	1.910312818965592e-05	0.0	1.0	184210.52631578947
chrX	47486580	47486706	RNA10501	126	15	2.0632939898253728e-05	1.9078899640589952e-05	1.0	119047.61904761904
chrX	47488285	47488411	RNA10502	126	13	2.2031830947243213e-05	1.897100082715042e-05	1.0	103174.60317460317
chrX	47488297	47488423	RNA10503	126	14	2.4526628554405083e-05	1.903690008475678e-05	1.0	111111.11111111111
chrX	47553942	47554018	RNA10504	76	5	3.381996029928887e-05	1.878990042314399e-05	1.0	65789.47368421052
chrX	47555086	47555162	RNA10505	76	5	2.639070007717237e-05	0.0	1.0	65789.47368421052
chrX	47634390	47634466	RNA10506	76	8	2.5856125148493447e-05	1.8810249457601458e-05	1.0	105263.15789473684
chrX	47635369	47635445	RNA10507	76	11	0.09095187504515873	1.879490082501433e-05	0.9090909090909091	144736.84210526317
chrX	47698435	47698511	RNA10508	76	10	2.2592440473087017e-05	9.393899745191446e-06	1.0	131578.94736842104
chrX	48401879	48402005	RNA10509	0	0				
chrX	48470302	48470378	RNA10510	76	0				0.0
chrX	49233740	49233822	RNA10511	82	9	1.2694344251132054e-05	0.0	1.0	109756.09756097561
chrX	49233851	49233929	RNA10512	72	14	2.8528835822984706e-05	9.400099770573433e-06	1.0	194444.44444444444
chrX	49824857	49824987	RNA10513	130	21	1.5282214094657408e-05	0.0	1.0	161538.46153846156
chrX	49908399	49908477	RNA10514	78	10	3.393436963960352e-05	9.425950338481925e-06	1.0	128205.12820512819
chrX	49915704	49915782	RNA10515	78	8	9.411850214746664e-06	0.0	1.0	102564.10256410256
chrX	49920320	49920398	RNA10516	78	8	1.4144349734124262e-05	0.0	1.0	102564.10256410256
chrX	50102667	50102745	RNA10517	78	12	1.5692533755403213e-05	0.0	1.0	153846.15384615384
chrX	50103545	50103675	RNA10518	130	8	7.040837544991519e-06	0.0	1.0	61538.46153846154
chrX	50104474	50104552	RNA10519	78	9	1.2574055694535167e-05	1.8870099665946327e-05	1.0	115384.61538461539
chrX	50109385	50109463	RNA10520	78	11	0.09079456817380561	1.8759999875328504e-05	0.9090909090909091	141025.64102564103
chrX	50187866	50187993	RNA10521	127	12	1.2520974905783078e-05	0.0	1.0	94488.18897637795
chrX	51025336	51025414	RNA10522	78	10	2.4429660516034347e-05	9.38860011956422e-06	1.0	128205.12820512819
chrX	51058758	51058884	RNA10523	126	14	2.009766415410143e-05	1.8752049982140306e-05	1.0	111111.11111111111
chrX	51091280	51091406	RNA10524	126	20	1.2196005172881996e-05	0.0	1.0	158730.15873015873
chrX	51091295	51091421	RNA10525	126	19	1.2837900181981049e-05	0.0	1.0	150793.6507936508
chrX	51094687	51094813	RNA10526	126	14	4.5682092084980226e-05	1.8800699763232845e-05	1.0	111111.11111111111
chrX	52093523	52093649	RNA10527	126	0				0.0
chrX	52101072	52101198	RNA10528	126	0				0.0
chrX	52169433	52169559	RNA10529	126	19	0.052649370757487615	0.0	0.9473684210526315	150793.6507936508
chrX	52388634	52388760	RNA10530	126	15	0.06471610065818821	1.8819999240804464e-05	0.9333333333333333	119047.61904761904
chrX	52548543	52548625	RNA10531	82	19	0.05266547132161672	0.0	0.9473684210526315	231707.31707317074
chrX	52587016	52587092	RNA10532	76	0				0.0
chrX	53225423	53225549	RNA10533	126	44	2.093713171482215e-05	1.877020076790359e-05	1.0	349206.3492063492
chrX	53444387	53444469	RNA10534	82	11	8.639727225685917e-06	0.0	1.0	134146.34146341463
chrX	53445622	53445752	RNA10535	130	14	2.1656957090142116e-05	1.8873500266636256e-05	1.0	107692.3076923077
chrX	53445630	53445712	RNA10536	82	8	1.4136837535261293e-05	9.410900020156985e-06	1.0	97560.9756097561
chrX	53448729	53448811	RNA10537	82	18	2.223940039887869e-05	1.9054150470765308e-05	1.0	219512.19512195123
chrX	54368674	54368801	RNA10538	127	22	4.360060905706503e-05	1.8785550309985414e-05	1.0	173228.3464566929
chrX	54368752	54368882	RNA10539	130	14	1.3501171581862894e-05	1.8804200408339966e-05	1.0	107692.3076923077
chrX	54368754	54368836	RNA10540	82	7	1.3430557633650356e-05	1.8786800865200348e-05	1.0	85365.8536585366
chrX	54368873	54368955	RNA10541	82	10	2.5034420286827433e-05	0.0	1.0	121951.21951219512
chrX	54368946	54369028	RNA10542	82	11	0.08796309753597599	1.9031300325877964e-05	0.9090909090909091	134146.34146341463
chrX	54530082	54530164	RNA10543	45	18	0.0005957895116605461	0.0	1.0	400000.0
chrX	54716605	54716735	RNA10544	130	23	0.027551081424383513	1.8893599190050736e-05	0.9565217391304348	176923.07692307694
chrX	54806932	54807062	RNA10545	130	13	1.879030046089051e-05	1.8766300854622383e-05	1.0	100000.0
chrX	54806987	54807117	RNA10546	130	14	1.7451214521965346e-05	9.383150427311192e-06	1.0	107692.3076923077
chrX	54816383	54816513	RNA10547	130	22	1.8891768211853393e-05	1.8844999431166798e-05	1.0	169230.76923076925
chrX	54819770	54819897	RNA10548	127	19	0.0529549468952418	0.0	0.9473684210526315	149606.29921259845
chrX	54821913	54822040	RNA10549	127	24	0.0018192106999019018	1.8837199604604393e-05	1.0	188976.3779527559
chrX	54822934	54823061	RNA10550	127	12	0.00011417264158807633	1.891290048661176e-05	1.0	94488.18897637795
chrX	54823188	54823314	RNA10551	12	7	9.475099951876992e-06	0.0	1.0	583333.3333333334
chrX	54823329	54823459	RNA10552	39	9	2.0142233350068433e-05	0.0	1.0	230769.23076923078
chrX	54824317	54824447	RNA10553	130	33	0.08076774508525417	1.8808299500960857e-05	0.9090909090909091	253846.15384615384
chrX	54824328	54824458	RNA10554	130	31	0.08597917824878211	1.882350079540629e-05	0.9032258064516129	238461.53846153847
chrX	54825504	54825582	RNA10555	78	9	0.036954438219254364	1.8856899259844795e-05	0.8888888888888888	115384.61538461539
chrX	54825985	54826115	RNA10556	130	21	3.139603835560555e-05	0.0	1.0	161538.46153846156
chrX	54826741	54826871	RNA10557	130	22	0.00012053143340876507	9.399899681739043e-06	1.0	169230.76923076925
chrX	54827909	54828039	RNA10558	51	16	2.864805662738945e-05	3.134640064672567e-05	1.0	313725.49019607843
chrX	57689392	57689519	RNA10559	127	0				0.0
chrX	57689764	57689894	RNA10560	130	0				0.0
chrX	57692954	57693084	RNA10561	130	0				0.0
chrX	57695001	57695128	RNA10562	127	0				0.0
chrX	57695218	57695348	RNA10563	130	0				0.0
chrX	57698618	57698745	RNA10564	22	0				0.0
chrX	57698965	57699095	RNA10565	130	0				0.0
chrX	57703493	57703620	RNA10566	127	0				0.0
chrX	58541477	58541559	RNA10567	0	0				
chrX	58802698	58802783	RNA10568	0	0				
chrX	59479951	59480081	RNA10569	0	0				
chrX	59482818	59482948	RNA10570	0	0				
chrX	59506288	59506415	RNA10571	0	0				
chrX	62798411	62798496	RNA10572	85	0				0.0
chrX	62949798	62949883	RNA10573	85	0				0.0
chrX	62954180	62954265	RNA10574	85	27	1.6043022158016726e-05	1.881400021375157e-05	1.0	317647.0588235294
chrX	62956846	62956931	RNA10575	85	0				0.0
chrX	63970655	63970740	RNA10576	85	28	4.440992818541973e-05	9.411949577042831e-06	1.0	329411.76470588235
chrX	63971083	63971168	RNA10577	85	42	0.04774071006752257	9.383699762111064e-06	0.9523809523809523	494117.64705882355
chrX	63973083	63973168	RNA10578	85	11	3.1330490938588203e-05	1.914210042741616e-05	1.0	129411.76470588236
chrX	64161322	64161407	RNA10579	85	13	1.5986676561829153e-05	0.0	1.0	152941.17647058825
chrX	68785446	68785531	RNA10580	85	0				0.0
chrX	72163732	72163829	RNA10581	97	10	4.902123419014521e-05	9.3889502750244e-06	1.0	103092.78350515463
chrX	74949984	74950081	RNA10582	97	25	2.1119620068929652e-05	1.884589983092156e-05	1.0	257731.95876288658
chrX	74950375	74950472	RNA10583	97	12	0.0001381571172108306	1.8991399883816484e-05	1.0	123711.34020618557
chrX	74951537	74951634	RNA10584	97	20	1.4092355104366263e-05	0.0	1.0	206185.56701030926
chrX	74951547	74951644	RNA10585	97	23	1.3889126105071403e-05	0.0	1.0	237113.40206185565
chrX	79256868	79256965	RNA10586	97	14	3.505119976969616e-05	1.8880049537983723e-05	1.0	144329.8969072165
chrX	79264449	79264546	RNA10587	97	15	0.0003911129463328106	1.945410076586996e-05	1.0	154639.17525773196
chrX	79269898	79269974	RNA10588	76	10	4.70136497824469e-05	1.8834000002243556e-05	1.0	131578.94736842104
chrX	79272334	79272431	RNA10589	97	9	4.609269975238103e-05	1.8853299479815178e-05	1.0	92783.50515463918
chrX	79274364	79274461	RNA10590	97	17	0.059220643468720746	1.8950500816572458e-05	0.9411764705882353	175257.7319587629
chrX	82004907	82005004	RNA10591	97	21	6.296947547179159e-06	0.0	1.0	216494.84536082475
chrX	83217013	83217089	RNA10592	76	16	0.00020249523038272957	1.9007950868399345e-05	1.0	210526.31578947368
chrX	84054033	84054109	RNA10593	76	10	0.00823262463854916	0.0	0.9	131578.94736842104
chrX	84206594	84206670	RNA10594	76	16	1.297159974456008e-05	1.881569914985448e-05	1.0	210526.31578947368
chrX	84208797	84208873	RNA10595	76	6	9.412533472641371e-06	0.0	1.0	78947.36842105263
chrX	84252228	84252304	RNA10596	76	0				0.0
chrX	84267534	84267610	RNA10597	76	14	0.00012779660976644955	1.8819249817170203e-05	1.0	184210.52631578947
chrX	84300549	84300625	RNA10598	76	11	2.5636827062540263e-05	1.8810400433721952e-05	1.0	144736.84210526317
chrX	85275182	85275258	RNA10599	76	8	1.8872162172556273e-05	1.8874349734687712e-05	1.0	105263.15789473684
chrX	89219063	89219139	RNA10600	76	11	0.04127278977202051	1.8944399926112965e-05	0.9090909090909091	144736.84210526317
chrX	101654778	101654860	RNA10601	82	12	1.7223908344021766e-05	9.394099834025837e-06	1.0	146341.46341463414
chrX	105799548	105799619	RNA10602	68	0				0.0
chrX	105808832	105808914	RNA10603	82	16	0.049073909328285474	1.9051649360335432e-05	0.9375	195121.9512195122
chrX	106544102	106544184	RNA10604	82	10	0.10000939679976	9.389649676450063e-06	0.9	121951.21951219512
chrX	106606838	106606920	RNA10605	82	10	9.393619802722241e-06	0.0	1.0	121951.21951219512
chrX	106611704	106611786	RNA10606	82	14	0.00021083555150523225	1.880054969660705e-05	1.0	170731.7073170732
chrX	106693559	106693641	RNA10607	82	13	0.00010906539528849283	0.0	1.0	158536.58536585365
chrX	106693623	106693705	RNA10608	82	10	7.5605097663355995e-06	0.0	1.0	121951.21951219512
chrX	106693678	106693760	RNA10609	82	19	1.3895905124771066e-05	1.883880031527952e-05	1.0	231707.31707317074
chrX	107444933	107445015	RNA10610	82	14	1.6157535615743006e-05	9.410349775862414e-06	1.0	170731.7073170732
chrX	109221817	109221888	RNA10611	71	13	1.7505884338436325e-05	0.0	1.0	183098.5915492958
chrX	109776760	109776887	RNA10612	127	14	1.60963643013799e-05	1.8776700017042455e-05	1.0	110236.22047244094
chrX	110183893	110184019	RNA10613	126	12	2.1953149977581133e-05	9.38594985200325e-06	1.0	95238.09523809524
chrX	110186074	110186145	RNA10614	71	2	9.52560003497638e-06	9.52560003497638e-06	1.0	28169.014084507042
chrX	110187674	110187745	RNA10615	71	8	3.994545022577548e-05	1.8804749743139837e-05	1.0	112676.05633802817
chrX	110188363	110188434	RNA10616	71	11	0.00014403371989662526	3.7686098949052393e-05	1.0	154929.57746478872
chrX	110456334	110456405	RNA10617	71	10	4.3159430424566165e-05	2.8151750484539665e-05	1.0	140845.0704225352
chrX	110456336	110456407	RNA10618	71	10	4.3159430424566165e-05	2.8151750484539665e-05	1.0	140845.0704225352
chrX	110456344	110456415	RNA10619	71	9	2.7116366658851297e-05	1.8786400687531568e-05	1.0	126760.56338028169
chrX	111227717	111227788	RNA10620	71	8	3.2826600090629654e-05	1.876050009741448e-05	1.0	112676.05633802817
chrX	111639099	111639181	RNA10621	0	0				
chrX	113586063	113586190	RNA10622	127	12	0.0019267958600721607	1.8806350453814957e-05	1.0	94488.18897637795
chrX	114109738	114109864	RNA10623	126	15	0.0012907297055789935	0.0	1.0	119047.61904761904
chrX	114484448	114484575	RNA10624	127	16	3.406756263757033e-05	1.9481449271552265e-05	1.0	125984.25196850393
chrX	114561587	114561714	RNA10625	127	15	6.91922996338555e-05	1.885940037027467e-05	1.0	118110.23622047243
chrX	114570986	114571113	RNA10626	127	14	4.4399892820873e-05	1.8821050616679713e-05	1.0	110236.22047244094
chrX	114981065	114981192	RNA10627	127	15	3.50752469482035e-05	0.0	1.0	118110.23622047243
chrX	114981243	114981370	RNA10628	127	10	9.393539949087426e-06	9.389300430484582e-06	1.0	78740.15748031496
chrX	114981262	114981393	RNA10629	131	11	6.830927304690704e-06	0.0	1.0	83969.46564885497
chrX	114981916	114982043	RNA10630	127	14	0.00014141250734870116	1.885705023596529e-05	1.0	110236.22047244094
chrX	115021152	115021278	RNA10631	126	20	2.2584624821320177e-05	1.8827049643732607e-05	1.0	158730.15873015873
chrX	115070275	115070401	RNA10632	126	11	1.536500018449839e-05	0.0	1.0	87301.5873015873
chrX	115086897	115087023	RNA10633	126	15	5.283413374854386e-05	0.0	1.0	119047.61904761904
chrX	115100939	115101010	RNA10634	71	8	0.12498822437487432	0.0	0.875	112676.05633802817
chrX	115235539	115235665	RNA10635	126	17	1.55231002067654e-05	0.0	1.0	134920.6349206349
chrX	115247391	115247517	RNA10636	126	30	4.06439263921724e-05	1.9104400053038262e-05	1.0	238095.23809523808
chrX	115252083	115252209	RNA10637	126	8	2.3539424773839335e-05	9.41940015763976e-06	1.0	63492.06349206349
chrX	115653539	115653666	RNA10638	127	15	0.001590776659698646	1.8806200387189165e-05	1.0	118110.23622047243
chrX	116154543	116154669	RNA10639	126	22	0.09090222182302651	0.0	0.9090909090909091	174603.1746031746
chrX	116407966	116408047	RNA10640	81	9	0.09897006553890403	1.8813299902831204e-05	0.8888888888888888	111111.11111111111
chrX	118798665	118798796	RNA10641	131	17	2.0990099822965395e-05	0.0	1.0	129770.9923664122
chrX	119608088	119608215	RNA10642	127	7	0.0015473219976099293	0.0	1.0	55118.11023622047
chrX	119693371	119693502	RNA10643	131	26	1.949800788189319e-05	0.0	1.0	198473.28244274808
chrX	119766228	119766359	RNA10644	131	9	0.0001689786537705485	1.922370029205922e-05	1.0	68702.29007633588
chrX	119766313	119766444	RNA10645	113	0				0.0
chrX	120025260	120025391	RNA10646	131	0				0.0
chrX	120025304	120025435	RNA10647	131	0				0.0
chrX	120025329	120025460	RNA10648	131	0				0.0
chrX	120029210	120029336	RNA10649	126	0				0.0
chrX	120359417	120359498	RNA10650	81	13	0.04585119182998964	1.876070018624887e-05	0.9230769230769231	160493.82716049382
chrX	120805871	120806002	RNA10651	131	19	0.11901909691713579	0.0	0.8421052631578947	145038.1679389313
chrX	121083233	121083314	RNA10652	81	7	6.976885820871429e-05	0.0	1.0	86419.75308641975
chrX	121089746	121089827	RNA10653	81	13	1.5884369181896617e-05	0.0	1.0	160493.82716049382
chrX	121090727	121090808	RNA10654	81	16	0.00044022420468080574	1.89536003745161e-05	1.0	197530.86419753084
chrX	122249709	122249790	RNA10655	81	15	0.06668174377349108	0.0	0.9333333333333333	185185.18518518517
chrX	122251176	122251257	RNA10656	75	9	1.2553711106496243e-05	0.0	1.0	120000.0
chrX	122251220	122251301	RNA10657	81	17	1.8812088348887504e-05	0.0	1.0	209876.54320987655
chrX	122342409	122342490	RNA10658	81	12	1.7190691626941163e-05	0.0	1.0	148148.14814814815
chrX	123759754	123759885	RNA10659	131	13	1.5949207478953396e-05	0.0	1.0	99236.64122137404
chrX	126274162	126274243	RNA10660	81	8	1.6431862604804337e-05	1.8775650460156612e-05	1.0	98765.43209876542
chrX	129330089	129330163	RNA10661	74	7	2.4500999383485715e-05	0.0	1.0	94594.5945945946
chrX	129605224	129605314	RNA10662	90	16	4.940343785619096e-05	1.8816049305314664e-05	1.0	177777.77777777778
chrX	131922673	131922745	RNA10663	72	9	4.5880622767270215e-05	1.87621008080896e-05	1.0	125000.0
chrX	133185313	133185387	RNA10664	74	7	5.924488738985387e-05	0.0	1.0	94594.5945945946
chrX	133433550	133433640	RNA10665	86	1	0.0	0.0	1.0	11627.906976744185
chrX	133987190	133987272	RNA10666	82	13	3.34119395120003e-05	0.0	1.0	158536.58536585365
chrX	134078649	134078723	RNA10667	74	5	7.518499842262827e-06	0.0	1.0	67567.56756756757
chrX	134163026	134163100	RNA10668	74	13	3.3240962203790386e-05	0.0	1.0	175675.67567567568
chrX	134168343	134168417	RNA10669	74	13	3.182032266451963e-05	1.87938003364252e-05	1.0	175675.67567567568
chrX	134177507	134177581	RNA10670	74	12	6.285516671293105e-06	0.0	1.0	162162.16216216216
chrX	134181808	134181882	RNA10671	74	9	8.348066532764478e-06	0.0	1.0	121621.62162162163
chrX	134248643	134248717	RNA10672	74	10	2.0825700630666007e-05	9.438250344828703e-06	1.0	135135.13513513515
chrX	134294918	134295008	RNA10673	90	11	2.731128237923898e-05	1.876140049716924e-05	1.0	122222.22222222222
chrX	134309465	134309555	RNA10674	90	12	2.356432484399799e-05	1.884875018731691e-05	1.0	133333.33333333334
chrX	134316122	134316212	RNA10675	90	13	0.07691295615236765	1.879519913927652e-05	0.9230769230769231	144444.44444444444
chrX	134565378	134565468	RNA10676	90	10	2.2504539811047445e-05	9.368899554829111e-06	1.0	111111.11111111111
chrX	134565584	134565674	RNA10677	90	14	4.163207203028836e-05	1.8816650481312536e-05	1.0	155555.55555555556
chrX	134565693	134565783	RNA10678	90	13	1.4459523439514809e-05	0.0	1.0	144444.44444444444
chrX	135175366	135175440	RNA10679	74	0				0.0
chrX	135504306	135504396	RNA10680	90	9	3.550233325060528e-05	1.881219941424206e-05	1.0	100000.0
chrX	135876507	135876579	RNA10681	72	0				0.0
chrX	136781000	136781072	RNA10682	72	9	6.271533291308313e-06	0.0	1.0	125000.0
chrX	136831295	136831367	RNA10683	72	6	0.0001793508105644482	1.885994970507454e-05	1.0	83333.33333333333
chrX	136833726	136833798	RNA10684	72	6	1.2519333116263928e-05	9.381549716636073e-06	1.0	83333.33333333333
chrX	136884194	136884266	RNA10685	72	12	0.0	0.0	1.0	166666.66666666666
chrX	136904600	136904672	RNA10686	72	0				0.0
chrX	136906157	136906229	RNA10687	72	9	2.3634377107049883e-05	1.9308699847897515e-05	1.0	125000.0
chrX	137565995	137566077	RNA10688	82	14	2.816166462642485e-05	9.37134973355569e-06	1.0	170731.7073170732
chrX	138098450	138098522	RNA10689	72	0				0.0
chrX	138559745	138559827	RNA10690	82	12	0.00016699333840127276	9.4502001957153e-06	1.0	146341.46341463414
chrX	138606771	138606853	RNA10691	82	5	3.0061279903748073e-05	1.8786400687531568e-05	1.0	60975.60975609756
chrX	138606801	138606875	RNA10692	74	7	7.253911254727696e-05	1.878180046333e-05	1.0	94594.5945945946
chrX	138609083	138609165	RNA10693	82	6	2.8261450400653605e-05	2.8278250283619855e-05	1.0	73170.73170731707
chrX	139233966	139234048	RNA10694	82	9	0.0546225934962826	0.0	0.8888888888888888	109756.09756097561
chrX	139238622	139238704	RNA10695	82	19	0.05264644004752259	1.878889997897204e-05	0.9473684210526315	231707.31707317074
chrX	139248090	139248172	RNA10696	82	17	9.51354406210794e-05	1.875790076155681e-05	1.0	207317.0731707317
chrX	139348176	139348266	RNA10697	90	15	2.7575686544877534e-05	0.0	1.0	166666.66666666666
chrX	139712540	139712622	RNA10698	82	12	0.08337106286823352	0.0	0.9166666666666666	146341.46341463414
chrX	141097963	141098041	RNA10699	0	15	0.00014356348619911797	3.392709913896397e-05	1.0	
chrX	141105671	141105747	RNA10700	76	2	0.0996904969215393	0.0996904969215393	0.5	26315.78947368421
chrX	141109082	141109160	RNA10701	0	3	1.156163367947253e-05	0.0	1.0	
chrX	141110532	141110608	RNA10702	0	10	2.1828170611108474e-05	0.0	1.0	
chrX	141793009	141793081	RNA10703	72	17	1.6905994069765395e-05	0.0	1.0	236111.1111111111
chrX	142741032	142741125	RNA10704	93	16	0.0005868027866426859	0.0	1.0	172043.0107526882
chrX	142741764	142741847	RNA10705	83	10	8.482037883367971e-05	1.8800199541146867e-05	1.0	120481.92771084337
chrX	142743950	142744076	RNA10706	126	18	1.5640211131540127e-05	9.376800335303415e-06	1.0	142857.14285714284
chrX	142744101	142744215	RNA10707	114	32	2.6432840911636792e-05	0.0	1.0	280701.7543859649
chrX	143653476	143653558	RNA10708	0	5	0.005209111211297544	9.546540240989998e-05	1.0	
chrX	144977400	144977476	RNA10709	76	14	0.04390305422540613	9.4126498879632e-06	0.9285714285714286	184210.52631578947
chrX	144977862	144977938	RNA10710	76	12	1.4095950064074714e-05	0.0	1.0	157894.73684210525
chrX	145008932	145009010	RNA10711	78	12	2.0400333445036398e-05	1.8818400349118747e-05	1.0	153846.15384615384
chrX	145017447	145017525	RNA10712	78	8	2.1257750631775e-05	0.0	1.0	102564.10256410256
chrX	145886747	145886823	RNA10713	76	10	1.5066589912748896e-05	9.411400242242962e-06	1.0	131578.94736842104
chrX	145896209	145896285	RNA10714	76	5	3.7519599936786106e-05	1.878709917946253e-05	1.0	65789.47368421052
chrX	145897179	145897257	RNA10715	78	10	3.389439043530454e-05	0.0	1.0	128205.12820512819
chrX	145904290	145904368	RNA10716	78	15	0.023210493672013395	1.8887500118580647e-05	0.9333333333333333	192307.6923076923
chrX	145978643	145978719	RNA10717	76	15	5.1492887238653824e-05	1.878709917946253e-05	1.0	197368.42105263157
chrX	145980246	145980322	RNA10718	76	21	9.870471590797284e-06	0.0	1.0	276315.7894736842
chrX	145984775	145984853	RNA10719	78	10	5.478790899359926e-05	0.0	1.0	128205.12820512819
chrX	145988747	145988823	RNA10720	76	15	0.0007584976276120825	1.876239912235178e-05	1.0	197368.42105263157
chrX	145989909	145989985	RNA10721	76	13	7.522920798062107e-05	0.0	1.0	171052.63157894736
chrX	145998594	145998670	RNA10722	76	17	0.00011050339012666445	0.0	1.0	223684.2105263158
chrX	145998659	145998737	RNA10723	78	17	9.286355538385739e-05	0.0	1.0	217948.71794871794
chrX	146000803	146000879	RNA10724	76	11	0.041419432770370884	1.880509989860002e-05	0.9090909090909091	144736.84210526317
chrX	146001289	146001367	RNA10725	78	13	1.4488107878535699e-05	1.883490040199831e-05	1.0	166666.66666666666
chrX	146005577	146005655	RNA10726	78	11	4.2780109982804324e-05	0.0	1.0	141025.64102564103
chrX	146006513	146006591	RNA10727	78	10	0.0001074556574167078	1.886615063995123e-05	1.0	128205.12820512819
chrX	146006674	146006750	RNA10728	76	10	0.10001315459030594	1.879685078165494e-05	0.9	131578.94736842104
chrX	146009666	146009742	RNA10729	76	12	0.08347436496705996	3.7628700738423504e-05	0.9166666666666666	157894.73684210525
chrX	146018810	146018888	RNA10730	78	13	5.210474591876354e-05	1.881400021375157e-05	1.0	166666.66666666666
chrX	146032013	146032091	RNA10731	78	0				0.0
chrX	146034375	146034453	RNA10732	78	0				0.0
chrX	146095569	146095645	RNA10733	76	17	0.0001270944143042833	1.8766999346553348e-05	1.0	223684.2105263158
chrX	146096002	146096078	RNA10734	76	16	2.2423062546295114e-05	1.8845499653252773e-05	1.0	210526.31578947368
chrX	146097878	146097956	RNA10735	78	9	8.356489060032698e-06	0.0	1.0	115384.61538461539
chrX	146126692	146126806	RNA10736	114	7	1.8804385295620057e-05	1.878220064099878e-05	1.0	61403.508771929824
chrX	146136513	146136591	RNA10737	78	11	8.033327090246396e-05	1.879659976111725e-05	1.0	141025.64102564103
chrX	146141789	146141915	RNA10738	126	10	9.391719868290237e-06	0.0	1.0	79365.07936507936
chrX	146145030	146145123	RNA10739	93	10	0.0006572909325768655	1.8776549950416666e-05	1.0	107526.88172043012
chrX	146152667	146152750	RNA10740	83	13	0.03679477397935652	1.888969927676953e-05	0.9230769230769231	156626.5060240964
chrX	146814890	146814968	RNA10741	0	0				
chrX	146816031	146816107	RNA10742	0	0				
chrX	146819219	146819302	RNA10743	0	0				
chrX	146824460	146824543	RNA10744	83	0				0.0
chrX	146831551	146831644	RNA10745	93	14	0.0009026864871494903	1.8902000192611013e-05	1.0	150537.63440860214
chrX	146831865	146831943	RNA10746	78	11	6.849436348685148e-06	0.0	1.0	141025.64102564103
chrX	146832040	146832166	RNA10747	126	22	0.001616647618985458	1.880195031844778e-05	1.0	174603.1746031746
chrX	146832414	146832540	RNA10748	126	18	1.67068110386018e-05	9.37275035539642e-06	1.0	142857.14285714284
chrX	146833632	146833708	RNA10749	76	13	4.0668145699706895e-05	1.885369965748396e-05	1.0	171052.63157894736
chrX	146835499	146835613	RNA10750	109	20	2.1295014903443394e-05	2.0589600353559945e-05	1.0	183486.2385321101
chrX	146837761	146837844	RNA10751	28	12	0.0007629730495560995	0.0	1.0	428571.4285714285
chrX	146838104	146838197	RNA10752	93	6	9.489600112525901e-06	9.472550118516665e-06	1.0	64516.12903225806
chrX	146839805	146839931	RNA10753	126	21	0.00012785279839243774	1.879810042737517e-05	1.0	166666.66666666666
chrX	146841338	146841431	RNA10754	93	15	1.1288253396439056e-05	0.0	1.0	161290.32258064515
chrX	146844854	146844968	RNA10755	114	14	0.00014649466486713704	0.0	1.0	122807.01754385965
chrX	146845311	146845425	RNA10756	114	14	7.011730576777732e-05	1.8882549738918897e-05	1.0	122807.01754385965
chrX	147293937	147294063	RNA10757	126	21	1.797380519703683e-05	0.0	1.0	166666.66666666666
chrX	147294402	147294516	RNA10758	114	18	1.0441116602224712e-05	9.388249964104034e-06	1.0	157894.73684210525
chrX	147294575	147294658	RNA10759	83	11	4.4414853618937924e-05	1.8779299352900125e-05	1.0	132530.12048192773
chrX	147295382	147295508	RNA10760	126	18	0.0005900960252094682	9.434300409338903e-06	1.0	142857.14285714284
chrX	147295793	147295886	RNA10761	93	8	0.00017447860318496358	0.0	1.0	86021.5053763441
chrX	147296346	147296439	RNA10762	93	15	9.906925515678717e-05	0.0	1.0	161290.32258064515
chrX	147296472	147296555	RNA10763	83	17	4.871361799064669e-05	1.881179923657328e-05	1.0	204819.27710843371
chrX	147298048	147298162	RNA10764	114	16	2.1205668531364817e-05	0.0	1.0	140350.87719298244
chrX	147301172	147301255	RNA10765	83	7	8.060857258637304e-06	0.0	1.0	84337.34939759035
chrX	147344511	147344625	RNA10766	114	10	7.5011299486504864e-06	0.0	1.0	87719.29824561403
chrX	147346121	147346214	RNA10767	93	16	3.511746285766294e-05	0.0	1.0	172043.0107526882
chrX	147350631	147350757	RNA10768	126	14	0.024345084568916976	9.374000001116656e-06	0.9285714285714286	111111.11111111111
chrX	147768625	147768705	RNA10769	80	3	3.138436780621608e-05	0.0	1.0	37500.0
chrX	148118661	148118787	RNA10770	126	10	1.6916139975364787e-05	1.8769499547488525e-05	1.0	79365.07936507936
chrX	148119685	148119799	RNA10771	114	8	0.0007334732222261628	9.37964978220407e-06	1.0	70175.43859649122
chrX	148121559	148121642	RNA10772	83	11	2.5631226890246854e-05	1.878990042314399e-05	1.0	132530.12048192773
chrX	148122946	148123039	RNA10773	93	17	1.218892376688446e-05	0.0	1.0	182795.6989247312
chrX	149003925	149004005	RNA10774	80	11	5.1161418510173396e-05	0.0	1.0	137500.0
chrX	149446445	149446579	RNA10775	134	20	1.0342185032641282e-05	0.0	1.0	149253.73134328358
chrX	149768573	149768704	RNA10776	41	0				0.0
chrX	149777672	149777800	RNA10777	0	7	7.377011362611063e-05	0.0	1.0	
chrX	149898633	149898731	RNA10778	98	0				0.0
chrX	150964657	150964733	RNA10779	76	8	1.6472974721182254e-05	1.8806349544320256e-05	1.0	105263.15789473684
chrX	150964897	150964973	RNA10780	76	13	4.919351522402686e-05	0.0	1.0	171052.63157894736
chrX	150965120	150965198	RNA10781	78	8	2.3569262793898815e-05	1.8809750145010184e-05	1.0	102564.10256410256
chrX	150965235	150965313	RNA10782	76	11	7.688388805862122e-05	0.0	1.0	144736.84210526317
chrX	151412995	151413075	RNA10783	80	8	1.40847496368125e-05	0.0	1.0	100000.0
chrX	152138588	152138668	RNA10784	46	23	0.03490200977814864	0.0	0.9130434782608695	500000.0
chrX	152138593	152138686	RNA10785	41	24	0.0027507798179916103	0.0	0.9583333333333334	585365.8536585366
chrX	152138597	152138711	RNA10786	37	32	0.0022237786248524446	0.0	0.96875	864864.864864865
chrX	152138615	152138695	RNA10787	19	21	0.0031397155776392532	0.0	0.9523809523809523	1105263.1578947369
chrX	152138636	152138762	RNA10788	10	37	0.0019319398891860255	0.0	0.972972972972973	3700000.0
chrX	152138662	152138742	RNA10789	0	24	0.00028648348203810504	0.0	1.0	
chrX	152138693	152138776	RNA10790	0	20	0.0002805942385748386	1.1078100214945152e-05	1.0	
chrX	152455161	152455241	RNA10791	80	12	2.0390374326475886e-05	0.0	1.0	150000.0
chrX	152460189	152460269	RNA10792	80	16	2.8414219059408196e-05	1.8957000065711327e-05	1.0	200000.0
chrX	152486201	152486281	RNA10793	80	9	0.00011480337666902958	1.886440077214501e-05	1.0	112500.0
chrX	152977450	152977530	RNA10794	80	17	0.015684234252630092	0.0	0.9411764705882353	212500.0
chrX	153388250	153388330	RNA10795	80	0				0.0
chrX	153401425	153401559	RNA10796	134	20	3.106260064668491e-05	0.0	1.0	149253.73134328358
chrX	153798632	153798763	RNA10797	131	19	0.00010871389043275138	1.8759599697659723e-05	1.0	145038.1679389313
chrX	153798899	153799027	RNA10798	128	21	3.123306695279822e-05	1.873290057119448e-05	1.0	164062.5
chrX	153859962	153860060	RNA10799	98	0				0.0
chrX	153860190	153860270	RNA10800	80	0				0.0
chrX	153972347	153972427	RNA10801	80	18	0.00011415601834918916	1.90266000572592e-05	1.0	225000.0
chrX	153972349	153972429	RNA10802	80	18	8.780640786830026e-05	1.901339965115767e-05	1.0	225000.0
chrX	153985073	153985153	RNA10803	80	13	4.48176313231916e-05	1.87955993169453e-05	1.0	162500.0
chrX	153987419	153987499	RNA10804	80	8	0.10102016532664491	1.8806749721989036e-05	0.875	100000.0
chrX	154010132	154010266	RNA10805	134	23	0.0001379695665451863	0.0	1.0	171641.79104477612
chrX	154010268	154010402	RNA10806	134	19	1.7842126046733014e-05	0.0	1.0	141791.0447761194
chrX	154010314	154010448	RNA10807	134	22	0.036611109482774656	0.0	0.9545454545454546	164179.10447761195
chrX	154010419	154010499	RNA10808	80	16	0.05036626097137286	9.427400073036551e-06	0.9375	200000.0
chrX	154758423	154758554	RNA10809	131	7	5.366542869264127e-06	0.0	1.0	53435.114503816796
chrX	154758520	154758648	RNA10810	128	13	1.4439338254025923e-05	0.0	1.0	101562.5
chrX	154758544	154758672	RNA10811	128	14	1.474901403396091e-05	9.377000424137805e-06	1.0	109375.0
chrX	154758573	154758707	RNA10812	134	14	1.0725199769824809e-05	0.0	1.0	104477.6119402985
chrX	154758644	154758778	RNA10813	134	12	7.817099837363155e-06	0.0	1.0	89552.23880597015
chrX	154759005	154759139	RNA10814	134	20	1.2213979971420486e-05	9.383699762111064e-06	1.0	149253.73134328358
chrX	154759188	154759316	RNA10815	128	17	5.413554593841607e-05	1.877330032584723e-05	1.0	132812.5
chrX	154759453	154759584	RNA10816	131	11	2.3900872375551526e-05	1.877509930636733e-05	1.0	83969.46564885497
chrX	154759904	154760035	RNA10817	131	17	1.8781535211875214e-05	1.8769500456983224e-05	1.0	129770.9923664122
chrX	154777722	154777853	RNA10818	131	12	7.842016505795376e-06	0.0	1.0	91603.0534351145
chrX	154777725	154777823	RNA10819	98	9	1.0456022007727168e-05	0.0	1.0	91836.73469387756
chrX	154777736	154777864	RNA10820	128	14	9.417549985560722e-06	0.0	1.0	109375.0
chrX	154777769	154777900	RNA10821	131	20	1.0391255273134448e-05	0.0	1.0	152671.75572519086
chrX	154778298	154778426	RNA10822	127	28	1.922328569240297e-05	0.0	1.0	220472.44094488188
chrX	154834750	154834848	RNA10823	98	15	2.5148886682773503e-05	1.885190067696385e-05	1.0	153061.22448979592
chrX	154834767	154834865	RNA10824	98	16	2.357708126510016e-05	1.884780067484826e-05	1.0	163265.30612244896
chrX	154834989	154835120	RNA10825	131	19	8.903052634865927e-06	0.0	1.0	145038.1679389313
chrX	154835373	154835501	RNA10826	128	16	0.016490688329668043	4.699829878518358e-05	0.9375	125000.0
chrX	155060884	155060982	RNA10827	98	9	8.352622292780628e-06	0.0	1.0	91836.73469387756
chrX	155061086	155061184	RNA10828	98	10	1.3171479986340274e-05	9.392299944011025e-06	1.0	102040.81632653062
chrX	155061460	155061558	RNA10829	97	11	9.377226557592565e-05	2.6957799491356127e-05	1.0	113402.06185567011
chrX	155061516	155061596	RNA10830	80	8	3.833261325780768e-05	3.799264959525317e-05	1.0	100000.0
chrX	155419829	155419963	RNA10831	134	0				0.0
chrX	155799094	155799225	RNA10832	131	23	1.598440414217186e-05	0.0	1.0	175572.51908396944
chrX	155804162	155804290	RNA10833	128	34	0.008085241902683586	1.470005008741282e-05	0.9705882352941176	265625.0
chrX	155876503	155876601	RNA10834	84	10	5.526022996490522e-05	1.9742350559681654e-05	1.0	119047.61904761904
chrX	156028886	156029020	RNA10835	0	0				
